FID,OBJECTID_1,Join_Count,TARGET_FID,OBJECTID,HSMV_Repor,Agency_Rep,Reporting_,Form_Type,Crash_Date,Crash_Time,City,County,Crash_Stre,Intersecti,Offset_Dis,Offset_Dir,Crash_Type,Vehicles,Non_Motori,Fatalities,Injuries,Alcohol_Re,Distractio,Drug_Relat,Estimated_,Weather_Co,Light_Cond,Street_Num,Crash_Ty_1,Crash_Ty_2,Crash_Seve,Within_Cit,Manner_of_,First_Harm,First_HE_L,First_HE_R,First_HE_W,Type_of_In,Road_Sys_I,Type_of_Sh,Road_Surf_,Contrib_Ci,Contrib__1,Contrib__2,Contrib__3,Contrib__4,Contrib__5,School_Bus,Work_Zone_,Type_of_Wo,Loc_in_Wor,Workers_in,Law_Enforc,Mopeds,Motorcycle,Passengers,Bicyclists,Pedestrian,Fataliti_1,Injuries_U,Possible_I,Non_Incapa,Incapacita,Fataliti_2,Non_Traffi,Transporte,Transpor_1,Transpor_2,Citations,Property_D,Vehicle_Dm,S4_Mapping,S4_Decimal,S4_Decim_1,S4_Albers_,S4_Albers1,S4_Mappi_1,zone_id_st
77,78,1,77,1088,87443911,2018-00218970,Orlando PD,Long,6/3/2018 0:00:00,10:24 PM,Orlando,Orange,EW WBO,I4 EBO,0,West,Rear End,2,0,0,0,N,N,N,4000.000000000000000,Clear,Dark - Lighted,0,Rear End,W,Property Damage Only,Y,"Sideswipe, Same Direction",Motor Vehicle in Transport,On Roadway,Non-Junction,N,Not at Intersection,Interstate,Curb,Dry,Work Zone, , ,None, , ,N,Y,Lane Closure,Transition Area,N,Y,0,0,0,0,0,0,0,0,0,0,0,0,0.000000000000000,0.000000000000000,0,0,0,4000,"Mapped, On Network",-81.389565178900000,28.535086929199998,654944.694617999950424,505919.081607999978587,6/7/2018 10:50:45 AM,8267_6679
78,79,1,78,1103,87229908,FHPD18OFF056168,FHP,Long,6/5/2018 0:00:00,03:50 PM,Orlando Expwy Auth,Orange,STATE ROAD 417 SB MM37,UNIVERSITY BLVD,0,North,Rollover,1,0,0,1,N,N,N,3000.000000000000000,Clear,Daylight,0,Rollover,S,Injury,Y,Other,Overturn/Rollover,Off Roadway,Non-Junction,N,Not at Intersection,State,Paved,Dry,None, , ,None, , ,N,N, , , , ,0,0,0,0,0,0,0,0,1,0,0,0,1.000000000000000,0.000000000000000,0,0,0,3000,"Mapped, On Network",-81.251182842000006,28.600695981299999,668295.036637000041083,513497.203281000023708,6/19/2018 1:48:10 PM,8565_8588
79,80,1,79,1111,87736535,2018-00215032,Orlando PD,Long,5/31/2018 0:00:00,09:34 PM,Orlando,Orange,SPESSSARD L HOLLAND E-W EXPY (SR 408),S SEMORAN BV,0, ,Unknown,2,0,0,0,N,N,N,1000.000000000000000,Rain,Dark - Lighted,0,Unknown, ,Property Damage Only,Y,"Sideswipe, Same Direction",Motor Vehicle in Transport,On Roadway,Non-Junction,N,Not at Intersection,Turnpike/Toll,Paved,Wet,None, , ,None, , ,N,N, , , , ,0,0,0,0,0,0,0,0,0,0,0,0,0.000000000000000,0.000000000000000,0,0,0,1000,"Mapped, On Network",-81.311368982700003,28.539452347699999,662569.861648999969475,506567.858387999993283,6/21/2018 1:23:37 PM,6301_6218
80,81,1,80,1119,87229909,FHPD18OFF056240,FHP,Long,6/5/2018 0:00:00,05:58 PM,Orlando Expwy Auth,Orange,STATE ROAD 417 NB MM24,STATE ROAD 528,5280,South,Sideswipe,2,0,0,0,N,N,N,6000.000000000000000,Clear,Daylight,0,Same Direction Sideswipe,N,Property Damage Only,Y,"Sideswipe, Same Direction",Motor Vehicle in Transport,On Roadway,Non-Junction,N,Not at Intersection,State,Paved,Dry,None, , ,None, , ,N,N, , , , ,0,0,4,0,0,0,0,0,0,0,0,0,0.000000000000000,0.000000000000000,0,1,0,6000,"Mapped, On Network",-81.229639196799994,28.439720484799999,670799.020481999963522,495671.478984999994282,6/14/2018 12:48:49 PM,6642_7993
81,82,1,81,1124,87142501,FHPD18OFF056229,FHP,Short,6/5/2018 0:00:00,05:36 PM,Orlando Expwy Auth,Orange,STATE RD 528,STATE RD 15 NARCOOSSEE RD,30,West,Rear End,2,0,0,0,N,N,N,2750.000000000000000,Clear,Daylight,0,Rear End,E,Property Damage Only,N,Front to Rear,Motor Vehicle in Transport,On Roadway,Non-Junction,N,Not at Intersection,State,Paved,Dry,None, , ,None, , ,N,N, , , , ,0,0,0,0,0,0,0,0,0,0,0,0,0.000000000000000,0.000000000000000,0,1,0,2750,"Mapped, On Network",-81.270836978700004,28.448631033200002,666750.756309999967925,496571.013028000015765,6/14/2018 12:47:45 PM,8055_6665
82,83,1,82,1144,87737669,2018-00219461,Orlando PD,Long,6/4/2018 0:00:00,09:09 AM,Orlando,Orange,SR 408 WBO,US 17/92 (S ORANGE BLOSSOM TR ON RAMP),300,East,Sideswipe,2,0,0,2,N,N,N,6000.000000000000000,Cloudy,Daylight,0,Same Direction Sideswipe,W,Injury,Y,Angle,Motor Vehicle in Transport,On Roadway,Non-Junction,N,Not at Intersection,State,Paved,Dry,None, , ,None, , ,N,Y,Work on Shoulder or Median,Activity Area,N,N,0,0,0,0,0,0,0,1,1,0,0,0,1.000000000000000,0.000000000000000,0,2,0,6000,"Mapped, On Network",-81.392539528699999,28.535303500800001,654653.743439999991097,505936.982004999998026,6/14/2018 12:34:33 PM,8272_8254
83,84,1,83,1183,87226143,FHPK18OFF040744,FHP,Long,6/2/2018 0:00:00,10:35 PM,Winter Garden,Orange,SR-429 TOLL,MM 15,0, ,Rear End,3,0,0,0,N,N,N,14000.000000000000000,Cloudy,Dark - Lighted,0,Rear End,N,Property Damage Only,N,Front to Rear,Motor Vehicle in Transport,On Roadway,Non-Junction,N,Not at Intersection,Turnpike/Toll,Paved,Dry,None, , ,None, , ,N,N, , , , ,0,0,0,0,0,0,0,0,0,0,0,0,0.000000000000000,0.000000000000000,0,3,0,14000,"Mapped, On Network",-81.631400244999995,28.468671147999999,631470.908669000025839,498067.739370000024792,6/28/2018 2:09:11 PM,6236_8048
84,85,1,84,1200,86979676,2018-00214525,Orlando PD,Long,5/31/2018 0:00:00,02:43 PM,Orlando,Orange,SR 408 EBO,I4 WBO (SR 400) EXIT,400,East,Off Road,1,0,0,1,N,N,N,5000.000000000000000,Rain,Daylight,0,Off Road,E,Injury,Y,Other,Concrete Traffic Barrier,On Roadway,Non-Junction,N,Not at Intersection,State,Paved,Wet,Road Surface Condition, , ,None, , ,N,N, , , , ,0,0,0,0,0,0,0,1,0,0,0,0,0.000000000000000,0.000000000000000,0,1,0,5000,"Mapped, On Network",-81.373447824500005,28.536999464699999,656514.013931000023149,506164.856208999990486,6/12/2018 2:39:51 PM,8307_8305
85,86,1,85,1207,86411150,2018-00212786,Orlando PD,Short,5/30/2018 0:00:00,10:27 AM,Orlando,Orange,SR 408 WEST,TAMPA AVE RAMP,20,West,Unknown,2,0,0,0,N,N,N,2000.000000000000000,Rain,Daylight,0,Unknown,W,Property Damage Only,Y,"Sideswipe, Same Direction",Motor Vehicle in Transport,On Roadway,Entrance/Exit Ramp,N,Not at Intersection,State,Paved,Wet,None, , ,None, , ,N,N, , , , ,0,0,0,0,0,0,0,0,0,0,0,0,0.000000000000000,0.000000000000000,0,0,0,2000,"Mapped, On Network",-81.408813547700007,28.538964269899999,653056.058136999956332,506309.939980999974068,6/13/2018 2:39:18 PM,8244_8217
86,87,1,86,1237,87220248,FHPD18OFF056306,FHP,Short,6/5/2018 0:00:00,10:21 PM,Orlando,Orange,SR 408,ALAFAYA TRAIL,0, ,Rear End,2,0,0,0,N,N,N,15000.000000000000000,Clear,Dark - Lighted,0,Rear End,W,Property Damage Only,N,Front to Rear,Motor Vehicle in Transport,On Roadway,Non-Junction,N,Not at Intersection,State,Paved,Dry,Work Zone, , ,None, , ,N,Y,Lane Closure,Activity Area,Y,N,0,0,0,0,0,0,0,0,0,0,0,0,0.000000000000000,0.000000000000000,0,0,0,15000,"Mapped, On Network",-81.203222281600006,28.550259285999999,673102.400724999955855,508002.627194000000600,6/19/2018 10:15:19 AM,6921_8043
87,88,1,87,1272,85590633,FHPD18OFF052441,FHP,Long,5/25/2018 0:00:00,07:48 PM,Orlando,Orange,EAST-WEST EXPY,SR 434 (ALAFAYA TRAIL),200,West,Off Road,1,0,0,0,Y,N,Y,5000.000000000000000,Clear,Dark - Lighted,0,Off Road,E,Property Damage Only,N,Other,Utility Pole/Light Support,Off Roadway,Non-Junction,N,Not at Intersection,State,Paved,Dry,None, , ,None, , ,N,N, , , , ,0,0,0,0,0,0,0,0,0,0,0,0,0.000000000000000,0.000000000000000,0,2,0,5000,"Mapped, On Network",-81.209858394899996,28.548662986200000,672458.512758000055328,507810.714794999978039,6/12/2018 2:28:33 PM,6690_8041
88,89,1,88,1296,87214897,FHPK18OFF041800,FHP,Long,6/7/2018 0:00:00,06:40 AM,Winter Garden,Orange,STATE ROAD 429 (BELTWAY),MILE MARKER 19,0, ,Off Road,1,0,0,0,N,Y,N,7000.000000000000000,Clear,Daylight,0,Off Road,N,Property Damage Only,N,Other,Concrete Traffic Barrier,On Roadway,Non-Junction,N,Not at Intersection,Turnpike/Toll,Paved,Dry,None, , ,None, , ,N,N, , , , ,0,0,0,0,0,0,0,0,0,0,0,0,0.000000000000000,0.000000000000000,0,0,0,7000,"Mapped, On Network",-81.585834671499995,28.517620602499999,635816.812921999953687,503589.191186000010930,6/12/2018 2:02:12 PM,8494_8462
89,90,1,89,1300,85599956,FHPD18OFF056384,FHP,Short,6/6/2018 0:00:00,09:26 AM,Orlando Expwy Auth,Orange,STATE ROAD 417,MILE MARKER 36,0, ,Unknown,2,0,0,0,N,N,N,1200.000000000000000,Cloudy,Daylight,0,Unknown,S,Property Damage Only,N,"Sideswipe, Same Direction",Motor Vehicle in Transport,On Roadway,Non-Junction,N,Not at Intersection,State,Paved,Dry,None, , ,None, , ,N,N, , , , ,0,0,0,0,0,0,0,0,0,0,0,0,0.000000000000000,0.000000000000000,0,1,0,1200,"Mapped, On Network",-81.250423068600000,28.594735556300002,668383.939294000039808,512837.084158000012394,6/7/2018 9:26:50 AM,8588_8118
90,91,1,90,1329,87737019,2018-00220869,Orlando PD,Long,6/5/2018 0:00:00,08:55 AM,Orlando,Orange,EW WBO,S SUMMERLIN AV,0, ,Rear End,2,0,0,1,N,N,N,3000.000000000000000,Clear,Daylight,0,Rear End,W,Injury,Y,Front to Rear,Motor Vehicle in Transport,On Roadway,Non-Junction,N,Not at Intersection,State,Curb,Dry,None, , ,None, , ,N,N, , , , ,0,0,1,0,0,0,0,0,1,0,0,0,0.000000000000000,0.000000000000000,0,0,0,3000,"Mapped, On Network",-81.368358148599995,28.537282802499998,657010.334370999946259,506206.912982999987435,6/14/2018 12:06:47 PM,8313_6737
91,92,1,91,1333,87737909,2018-00204431,Orlando PD,Long,5/24/2018 0:00:00,07:25 AM,Orlando,Orange,EW WBO,MERCADO AV,0, ,Unknown,3,0,0,1,N,N,N,3600.000000000000000,Clear,Daylight,0,Unknown,W,Injury,Y,Front to Rear,Motor Vehicle in Transport,On Roadway,Non-Junction,N,Not at Intersection,State,Paved,Dry,None, , ,None, , ,N,N, , , , ,0,0,0,0,0,0,0,1,0,0,0,0,0.000000000000000,0.000000000000000,0,0,0,3600,"Mapped, On Network",-81.314246885100005,28.539676387800000,662288.310272000031546,506586.608899999991991,6/14/2018 12:05:52 PM,6256_8188
92,93,1,92,1357,87737694,2018-00220778,Orlando PD,Long,6/5/2018 0:00:00,07:50 AM,Orlando,Orange,SR 528 W,SR 436 EXIT RAMP,150,West,Unknown,2,0,0,1,N,N,N,18000.000000000000000,Clear,Daylight,0,Unknown, ,Injury,Y,Angle,Motor Vehicle in Transport,On Roadway,Non-Junction,N,Not at Intersection,State,Paved,Dry,None, , ,None, , ,N,N, , , , ,0,0,0,0,0,0,0,1,0,0,0,0,1.000000000000000,0.000000000000000,0,1,0,18000,"Mapped, On Network",-81.307958936899993,28.451567804300002,663115.884909000014886,496817.327474999998230,6/14/2018 12:41:30 PM,8199_6602
93,94,1,93,1361,87240773,FHPD18OFF065290,FHP,Short,6/30/2018 0:00:00,07:50 AM,Orlando Expwy Auth,Orange,EB SR-408 EXIT RAMP,CHICKASAW TRL,5,West,Rear End,2,0,0,0,N,N,N,7000.000000000000000,Cloudy,Daylight,0,Rear End,E,Property Damage Only,Y,Front to Rear,Motor Vehicle in Transport,On Roadway,Entrance/Exit Ramp,N,Not at Intersection,State,Paved,Dry,None, , ,None, , ,N,N, , , , ,0,0,0,0,0,0,0,0,0,0,0,0,0.000000000000000,0.000000000000000,0,1,0,7000,"Mapped, On Network",-81.286825552799996,28.540227826599999,664964.476446000044234,506706.457121999992523,7/2/2018 2:20:55 PM,8408_6232
94,95,1,94,1368,87183839,FHPD18OFF053830,FHP,Long,3/30/2018 0:00:00,11:29 AM,Orlando,Orange,STATE ROAD 417 NB MM 27,LEE VISTA BOULEVARD,0,North,Unknown,2,0,0,0,N,N,N,500.000000000000000,Clear,Daylight,0,Unknown,N,Property Damage Only,N,Other,"Struck by Falling, Shifting Cargo",On Roadway,Non-Junction,N,Not at Intersection,State,Paved,Dry,None, , ,None, , ,N,N, , , , ,0,0,0,0,0,0,0,0,0,0,0,0,0.000000000000000,0.000000000000000,0,0,0,500,"Mapped, On Network",-81.238455565699994,28.473964212999999,669852.218439999967813,499454.181655000022147,6/29/2018 12:08:42 PM,8544_8386
95,96,1,95,1384,87737912,2018-00220765,Orlando PD,Short,6/5/2018 0:00:00,07:41 AM,Orlando,Orange,SR 408 WEST EXIT RAMP,INTERSTATE 4 (SR 400 WEST ENTRANCE RAMP),1000,North,Rear End,2,0,0,0,N,N,N,2200.000000000000000,Cloudy,Daylight,0,Rear End,S,Property Damage Only,Y,Front to Rear,Motor Vehicle in Transport,On Roadway,Non-Junction,Y,Not at Intersection,State,Paved,Dry,None, , ,None, , ,N,N, , , , ,0,0,0,0,0,0,0,0,0,0,0,0,0.000000000000000,0.000000000000000,0,0,0,2200,"Mapped, On Network",-81.380107043199999,28.535449260200000,655867.417474000016227,505978.901027999992948,6/19/2018 1:53:42 PM,6230_8274
96,97,1,96,1395,87737757,2018-00223742,Orlando PD,Long,6/7/2018 0:00:00,08:56 AM,Orlando,Orange,SR408 WEST S ROSALIND AVE EXIT RAMP,E SOUTH ST,100,South,Rear End,3,0,0,1,N,N,N,2000.000000000000000,Clear,Daylight,0,Rear End,W,Injury,Y,Front to Rear,Motor Vehicle in Transport,On Roadway,Entrance/Exit Ramp,N,Not at Intersection,State,Paved,Dry,None, , ,None, , ,N,N, , , , ,0,0,0,0,0,0,0,1,0,0,0,0,0.000000000000000,0.000000000000000,0,1,0,2000,"Mapped, On Network",-81.365997559700006,28.537307848200001,657240.778784999973141,506214.615938999981154,6/19/2018 10:38:39 AM,8313_6737
97,98,1,97,1479,87468403,2018TA008267,Apopka PD,Long,6/16/2018 0:00:00,07:54 PM,Apopka,Orange,S.R. 429,SR-429 CONNECTOR RD RAMP,6094,South,Rear End,2,0,0,0,N,N,N,300.000000000000000,Clear,Dusk,0,Rear End,N,Property Damage Only,Y,"Sideswipe, Same Direction",Motor Vehicle in Transport,On Roadway,Non-Junction,N,Not at Intersection,State,Paved,Dry,None, , ,None, , ,N,N, , , , ,0,0,0,0,0,0,0,0,0,0,0,0,0.000000000000000,0.000000000000000,0,0,0,300,"Mapped, On Network",-81.559371621899999,28.681145176000001,638041.997578999958932,521796.783339000015985,6/18/2018 4:06:50 PM,5881_5879
98,99,1,98,1485,87229910,FHPD18OFF057148,FHP,Long,6/8/2018 0:00:00,12:04 PM,Orlando Expwy Auth,Orange,STATE ROAD 417 NB MM15,LANDSTAR BLVD,5280,North,Other,1,0,0,0,N,N,N,4000.000000000000000,Clear,Daylight,0,Single Vehicle,N,Property Damage Only,Y,Other,Motor Vehicle in Transport,On Roadway,Non-Junction,N,Not at Intersection,State,Paved,Dry,None, , ,None, , ,N,N, , , , ,0,0,0,0,0,0,0,0,0,0,0,0,0.000000000000000,0.000000000000000,0,0,0,4000,"Mapped, Not On Network",-81.336776479999997,28.368159538800001,660499.782057999982499,487495.286938000004739,6/12/2018 6:03:24 AM,6299_6323
99,100,1,99,1490,87225392,FHPD18OFF056130,FHP,Long,6/5/2018 0:00:00,01:43 PM,Unincorporated,Orange,SR-408 (EAST-WEST EXPY),2 MILE MARKER,0, ,Other,1,0,0,0,N,N,N,500.000000000000000,Cloudy,Daylight,0,Single Vehicle,W,Property Damage Only,N,Other,Other Non-Collision,On Roadway,Non-Junction,N,Not at Intersection,State,Paved,Dry,None, , ,None, , ,N,N, , , , ,0,0,0,0,0,0,0,0,0,0,0,0,0.000000000000000,0.000000000000000,0,0,0,500,"Mapped, On Network",-81.504882324600004,28.546208997400001,643658.978805999970064,506920.853975999983959,6/13/2018 4:27:28 PM,8156_8150
100,101,1,100,1491,87225833,FHPD18OFF056371,FHP,Long,6/6/2018 0:00:00,08:34 AM,Orlando,Orange,STATE ROAD 528 (BEACHLINE EXPRESS WAY),STATE ROAD 15 (NARCOOSSEE ROAD),50,East,Rear End,2,0,0,0,N,N,N,7000.000000000000000,Cloudy,Daylight,0,Rear End,E,Property Damage Only,N,Front to Rear,Motor Vehicle in Transport,On Roadway,Entrance/Exit Ramp,N,Not at Intersection,State,Unpaved,Dry,None, , ,None, , ,N,N, , , , ,0,0,0,0,0,0,0,0,0,0,0,0,0.000000000000000,0.000000000000000,0,1,0,7000,"Mapped, On Network",-81.259501021500000,28.448394891800000,667859.143311999971047,496569.367054999980610,6/13/2018 4:25:48 PM,8052_8060
101,102,1,101,1498,87182735,FHPD18OFF057338,FHP,Long,6/8/2018 0:00:00,06:05 PM,Orlando Expwy Auth,Orange,STATE ROAD 528 (BEACHLINE EXPWY),DALLAS BLVD,500,West,Off Road,1,0,0,0,N,N,N,5000.000000000000000,Cloudy,Dusk,0,Off Road,E,Property Damage Only,Y,Other,Concrete Traffic Barrier,Median,Non-Junction,N,Not at Intersection,State,Paved,Wet,None, , ,Weather Conditions, , ,N,Y,Work on Shoulder or Median,Activity Area,N,N,0,0,0,0,0,0,0,0,0,0,0,0,0.000000000000000,0.000000000000000,0,0,0,5000,"Mapped, On Network",-81.101036905000001,28.451459636300001,683336.810356999980286,497263.792585999995936,6/12/2018 2:46:45 PM,6488_8109
102,103,1,102,1511,87182736,FHPD18OFF057391,FHP,Long,6/8/2018 0:00:00,08:00 PM,Orlando Expwy Auth,Orange,STATE ROAD 408 (EAST WEST EXPRESSWAY),HIAWASEE ROAD,300,East,Off Road,1,0,0,0,N,N,N,5000.000000000000000,Rain,Dark - Lighted,0,Off Road,W,Property Damage Only,Y,Other,Guardrail Face,On Roadway,Non-Junction,N,Not at Intersection,State,Paved,Wet,None, , ,Weather Conditions, , ,N,N, , , , ,0,0,2,0,0,0,0,0,0,0,0,0,0.000000000000000,0.000000000000000,0,1,0,5000,"Mapped, Not On Network",-81.457359999999994,28.548980049400001,648292.741856000036933,507323.324161999975331,6/12/2018 6:01:23 AM,8208_8205
103,104,1,103,1512,87182737,FHPD18OFF057646,FHP,Short,6/9/2018 0:00:00,03:10 PM,Orlando Expwy Auth,Orange,STATE ROAD 417 (GREENEWAY EXPWY),UNIVERSITY BLVD,500,South,Other,1,0,0,0,N,N,N,250.000000000000000,Rain,Daylight,0,Single Vehicle,N,Property Damage Only,Y,Other,Other Non-Collision,Median,Non-Junction,N,Not at Intersection,State,Paved,Wet,None, , ,Weather Conditions, , ,N,N, , , , ,0,0,0,0,0,0,0,0,0,0,0,0,0.000000000000000,0.000000000000000,0,0,0,250,"Mapped, Not On Network",-81.256649999999993,28.607570049600000,667744.527461000019684,514248.532761999987997,6/12/2018 6:01:23 AM,5988_6758
104,105,1,104,1519,87102968,FHPK18OFF041008,FHP,Long,6/4/2018 0:00:00,05:45 AM,Ocoee,Orange,STATE ROAD 429 (WESTERN BELTWAY),PLANT ST (MM 23),50,South,Other,1,0,0,0,N,N,N,1500.000000000000000,Clear,Dark - Lighted,0,Single Vehicle,S,Property Damage Only,N,Other,Other Non-Fixed Object,On Roadway,Non-Junction,N,Not at Intersection,Turnpike/Toll,Paved,Dry,Debris, , ,None, , ,N,N, , , , ,0,0,0,0,0,0,0,0,0,0,0,0,0.000000000000000,0.000000000000000,0,0,0,1500,"Mapped, On Network",-81.557164717099994,28.538931799899999,638570.061955000041053,506010.613843999977689,6/13/2018 1:17:56 PM,8524_6989
105,106,1,105,1520,87182738,FHPD18OFF058037,FHP,Short,6/10/2018 0:00:00,04:25 PM,Orlando Expwy Auth,Orange,STATE ROAD 528 (BEACHLINE EXPWY),DALLAS BLVD,5280,East,Sideswipe,2,0,0,0,N,N,N,1000.000000000000000,Clear,Daylight,0,Same Direction Sideswipe,W,Property Damage Only,Y,"Sideswipe, Same Direction",Motor Vehicle in Transport,On Roadway,Non-Junction,N,Not at Intersection,State,Paved,Dry,None, , ,None, , ,N,N, , , , ,0,0,2,0,0,0,0,0,0,0,0,0,0.000000000000000,0.000000000000000,0,1,0,1000,"Mapped, On Network",-81.100225508600005,28.451623146100001,683415.672460000030696,497283.810966000019107,6/13/2018 4:34:31 PM,8112_6073
106,107,1,106,1605,87182741,FHPD18OFF062062,FHP,Long,6/21/2018 0:00:00,02:20 PM,Orlando Expwy Auth,Orange,STATE ROAD 408 (EAST WEST EXPWY),YUCATAN DRIVE,20,East,Other,2,0,0,0,N,N,N,1000.000000000000000,Rain,Daylight,0,Other,E,Property Damage Only,Y,Angle,Motor Vehicle in Transport,On Roadway,Entrance/Exit Ramp,N,Not at Intersection,State,Curb,Wet,None, , ,Weather Conditions, , ,N,N, , , , ,0,0,0,0,0,0,0,0,0,0,0,0,0.000000000000000,0.000000000000000,0,0,0,1000,"Mapped, On Network",-81.305963766399998,28.539460758099999,663097.627056999946944,506580.312927999999374,6/25/2018 2:44:17 PM,6218_6235
107,108,1,107,1607,87235672,FHPD18OFF053769,FHP,Long,5/29/2018 0:00:00,09:30 PM,Orlando,Orange,SR 408 EB OFF RAMP,GOLDENROD RD,0, ,Unknown,4,0,0,0,N,N,N,3550.000000000000000,Clear,Dark - Lighted,0,Unknown,E,Property Damage Only,N,Front to Rear,Motor Vehicle in Transport,On Roadway,Non-Junction,N,Not at Intersection,State,Unpaved,Dry,None, , ,None, , ,N,N, , , , ,0,0,0,0,0,0,0,0,0,0,0,0,0.000000000000000,0.000000000000000,0,1,0,3550,"Mapped, On Network",-81.286789134499998,28.540237460400000,664968.008886000025086,506707.604999999981374,6/27/2018 2:11:16 PM,8408_6232
108,109,1,108,1639,87249490,FHPD18OFF065157,FHP,Long,6/29/2018 0:00:00,08:03 PM,Orlando Expwy Auth,Orange,SR408 EXIT RAMP,SR417,0, ,Off Road,1,0,0,0,N,N,N,5000.000000000000000,Rain,Daylight,0,Off Road,N,Property Damage Only,Y,Other,Concrete Traffic Barrier,Off Roadway,Non-Junction,N,Not at Intersection,State,Paved,Wet,None, , ,None, , ,N,N, , , , ,0,0,0,0,0,0,0,0,0,0,0,0,0.000000000000000,0.000000000000000,0,1,0,5000,"Mapped, On Network",-81.273626951899999,28.546524701100001,666237.762408999959007,507434.019519000023138,7/2/2018 2:17:56 PM,6879_6918
109,110,1,109,1643,87204641,FHPD18OFF061755,FHP,Short,6/20/2018 0:00:00,05:42 PM,Orlando Expwy Auth,Orange,SR-528-TOLL E,MM9,10,West,Unknown,2,0,0,0,N,N,N,2600.000000000000000,Clear,Daylight,0,Unknown, ,Property Damage Only,N,Angle,Parked Motor Vehicle,On Roadway,Non-Junction,N,Not at Intersection,State,Paved,Dry,None, , ,None, , ,N,N, , , , ,0,0,0,0,0,0,0,0,0,0,0,0,0.000000000000000,0.000000000000000,0,1,0,2600,"Mapped, On Network",-81.338411384400004,28.450721878000000,660142.002683999948204,496658.794876999978442,6/25/2018 2:17:46 PM,8327_8331
110,111,1,110,1662,87249478,FHPD18OFF060948,FHP,Long,6/18/2018 0:00:00,05:46 PM,Orlando Expwy Auth,Orange,SR408,20MM,0, ,Rear End,2,0,0,1,N,N,N,7000.000000000000000,Clear,Daylight,0,Rear End,W,Injury,Y,Front to Rear,Motor Vehicle in Transport,On Roadway,Non-Junction,N,Not at Intersection,State,Paved,Dry,None, , ,None, , ,N,N, , , , ,0,0,0,0,0,0,0,0,1,0,0,0,1.000000000000000,0.000000000000000,0,1,0,7000,"Mapped, On Network",-81.224712523600004,28.547359638200000,671011.503655000007711,507633.274830000009388,6/22/2018 12:35:28 PM,8057_6045
111,112,1,111,1663,87249479,FHPD18OFF061284,FHP,Short,6/19/2018 0:00:00,03:42 PM,Orlando Expwy Auth,Orange,SR408,7MM,0, ,Off Road,1,0,0,0,N,N,N,4000.000000000000000,Clear,Daylight,0,Off Road,E,Property Damage Only,Y,Other,Guardrail Face,Off Roadway,Non-Junction,N,Not at Intersection,State,Paved,Dry,None, , ,None, , ,N,N, , , , ,0,0,0,0,0,0,0,0,0,0,0,0,0.000000000000000,0.000000000000000,0,2,0,4000,"Mapped, On Network",-81.427294103199998,28.545807251599999,651235.650533000007272,507031.938581999973394,6/22/2018 12:34:43 PM,6014_8237
112,113,1,112,1664,87249480,FHPD18OFF061314,FHP,Short,6/19/2018 0:00:00,04:23 PM,Orlando Expwy Auth,Orange,SR408,21MM,0, ,Rear End,2,0,0,0,N,N,N,6000.000000000000000,Clear,Daylight,0,Rear End,E,Property Damage Only,Y,Front to Rear,Motor Vehicle in Transport,On Roadway,Non-Junction,N,Not at Intersection,State,Paved,Dry,None, , ,None, , ,N,N, , , , ,0,0,0,0,0,0,0,0,0,0,0,0,0.000000000000000,0.000000000000000,0,1,0,6000,"Mapped, On Network",-81.204108650999999,28.549804106300002,673017.008544999989681,507950.127133000001777,6/22/2018 12:30:55 PM,8041_6970
113,114,1,113,1665,87249481,FHPD18OFF061367,FHP,Long,6/19/2018 0:00:00,05:58 PM,Orlando Expwy Auth,Orange,SR528,9MM,0, ,Rear End,2,0,0,2,N,N,N,7500.000000000000000,Clear,Daylight,0,Rear End,E,Injury,Y,Front to Rear,Motor Vehicle in Transport,On Roadway,Non-Junction,N,Not at Intersection,State,Paved,Dry,None, , ,None, , ,N,N, , , , ,0,0,1,0,0,0,0,0,2,0,0,0,2.000000000000000,0.000000000000000,0,1,0,7500,"Mapped, On Network",-81.338356050100003,28.450688771500001,660147.489538999972865,496655.235785000026226,6/22/2018 12:28:58 PM,8327_8331
114,115,1,114,1666,87249482,FHPD18OFF061432,FHP,Short,6/19/2018 0:00:00,09:10 PM,Orlando Expwy Auth,Orange,SR408,2MM,0, ,Unknown,2,0,0,0,N,N,N,7000.000000000000000,Clear,Dark - Lighted,0,Unknown,W,Property Damage Only,Y,Other,Motor Vehicle in Transport,On Roadway,Non-Junction,N,Not at Intersection,State,Paved,Dry,None, , ,None, , ,N,Y,Lane Closure,Activity Area,Y,Y,0,0,0,0,0,0,0,0,0,0,0,0,0.000000000000000,0.000000000000000,0,0,0,7000,"Mapped, On Network",-81.505186213900004,28.546164374400000,643629.407010999973863,506915.298919999971986,6/22/2018 12:13:51 PM,8156_8150
115,116,1,115,1674,87157148,FHPK18OFF045628,FHP,Long,6/21/2018 0:00:00,11:15 PM,Winter Garden,Orange,STATE ROAD 429 (DANIEL WEBSTER BELTWAY),PORTER RD,100,North,Other,1,0,0,2,N,N,N,6000.000000000000000,Cloudy,Dark - Not Lighted,0,Single Vehicle,N,Injury,N,Other,Other Non-Collision,On Roadway,Non-Junction,N,Not at Intersection,Turnpike/Toll,Paved,Dry,None, , ,None, , ,N,N, , , , ,0,0,1,0,0,0,0,2,0,0,0,0,0.000000000000000,0.000000000000000,0,1,0,6000,"Mapped, On Network",-81.635270775199999,28.460077481300001,631111.008827000041492,497106.273887999996077,6/29/2018 4:28:41 PM,6236_8048