FID,OBJECTID_1,Join_Count,TARGET_FID,OBJECTID,HSMV_Repor,Agency_Rep,Reporting_,Form_Type,Crash_Date,Crash_Time,City,County,Crash_Stre,Intersecti,Offset_Dis,Offset_Dir,Crash_Type,Vehicles,Non_Motori,Fatalities,Injuries,Alcohol_Re,Distractio,Drug_Relat,Estimated_,Weather_Co,Light_Cond,Street_Num,Crash_Ty_1,Crash_Ty_2,Crash_Seve,Within_Cit,Manner_of_,First_Harm,First_HE_L,First_HE_R,First_HE_W,Type_of_In,Road_Sys_I,Type_of_Sh,Road_Surf_,Contrib_Ci,Contrib__1,Contrib__2,Contrib__3,Contrib__4,Contrib__5,School_Bus,Work_Zone_,Type_of_Wo,Loc_in_Wor,Workers_in,Law_Enforc,Mopeds,Motorcycle,Passengers,Bicyclists,Pedestrian,Fataliti_1,Injuries_U,Possible_I,Non_Incapa,Incapacita,Fataliti_2,Non_Traffi,Transporte,Transpor_1,Transpor_2,Citations,Property_D,Vehicle_Dm,S4_Mapping,S4_Decimal,S4_Decim_1,S4_Albers_,S4_Albers1,S4_Mappi_1,zone_id_st
116,117,1,116,1688,87182740,FHPD18OFF062059,FHP,Long,6/21/2018 0:00:00,02:10 PM,Orlando Expwy Auth,Orange,STATE ROAD 417 (GREENEWAY EXPWY),STATE ROAD 408 (EAST WEST EXPWY),300,East,Off Road,1,0,0,0,N,N,N,5000.000000000000000,Rain,Daylight,0,Off Road,S,Property Damage Only,Y,Other,Concrete Traffic Barrier,Shoulder,Entrance/Exit Ramp,Y,Not at Intersection,State,Paved,Wet,None, , ,Weather Conditions, , ,N,Y,Work on Shoulder or Median,Activity Area,N,N,0,0,0,0,0,0,0,0,0,0,0,0,0.000000000000000,0.000000000000000,0,1,0,5000,"Mapped, Not On Network",-81.258260000199996,28.547800025099999,667734.991799999959767,507608.887600000016391,6/26/2018 2:22:02 PM,11876_8570
117,118,1,117,1704,87223990,FHPD18OFF058540,FHP,Long,6/11/2018 0:00:00,09:53 PM,Orlando,Orange,STATE ROAD 408,WB MM7,0, ,Rear End,2,0,0,0,N,N,N,3000.000000000000000,Clear,Dark - Lighted,0,Rear End,W,Property Damage Only,N,Front to Rear,Motor Vehicle in Transport,On Roadway,Non-Junction,N,Not at Intersection,State,Paved,Dry,None, , ,None, , ,N,N, , , , ,0,0,0,0,0,0,0,0,0,0,0,0,0.000000000000000,0.000000000000000,0,0,0,3000,"Mapped, On Network",-81.421358978599997,28.545961375000001,651814.798356999992393,507061.157047000015154,6/22/2018 12:55:51 PM,6440_8239
118,119,1,118,1707,87234371,FHPD18OFF061823,FHP,Short,6/20/2018 0:00:00,08:28 PM,Orlando,Orange,STATE ROAD 528 (EAST-WEST EXPWY),NARCOOSSEE ROAD,0, ,Rear End,2,0,0,0,N,N,N,1800.000000000000000,Cloudy,Dark - Lighted,0,Rear End,E,Property Damage Only,N,Front to Rear,Motor Vehicle in Transport,On Roadway,Intersection,Y,T-Intersection,State,Paved,Wet,None, , ,None, , ,N,N, , , , ,0,0,0,0,0,0,0,0,0,0,0,0,0.000000000000000,0.000000000000000,0,1,0,1800,"Mapped, On Network",-81.270305508600003,28.448437345700000,666803.170289000030607,496550.657827000017278,6/22/2018 12:41:09 PM,6156_8052
119,120,1,119,1711,83336982,FHPD18OFF061646,FHP,Long,6/20/2018 0:00:00,02:25 PM,Unincorporated,Orange,STATE ROAD 417 EXIT RAMP,STATE ROAD 408,500,South,Off Road,1,0,0,0,N,N,N,4000.000000000000000,Clear,Daylight,0,Off Road,N,Property Damage Only,N,Other,Traffic Sign Support,Shoulder,Non-Junction,N,Not at Intersection,Turnpike/Toll,Unpaved,Dry,None, , ,None, , ,N,N, , , , ,0,0,1,0,0,0,0,0,0,0,0,0,0.000000000000000,0.000000000000000,0,1,0,4000,"Mapped, Not On Network",-81.258260000199996,28.547800025099999,667734.991799999959767,507608.887600000016391,6/26/2018 2:23:05 PM,11876_8570
120,121,1,120,1745,87182993,FHPD18OFF059165,FHP,Long,6/13/2018 0:00:00,06:52 PM,Orlando,Orange,SR408,DEAN RD,200,East,Rear End,2,0,0,0,N,N,N,7000.000000000000000,Clear,Daylight,0,Rear End,E,Property Damage Only,N,Front to Rear,Motor Vehicle in Transport,On Roadway,Non-Junction,N,Not at Intersection,State,Paved,Dry,None, , ,None, , ,N,N, , , , ,0,0,0,0,0,0,0,0,0,0,0,0,0.000000000000000,0.000000000000000,0,1,0,7000,"Mapped, On Network",-81.244930133599993,28.547161147299999,669038.042097999947146,507566.965798999997787,6/21/2018 10:58:40 AM,6269_8009
121,122,1,121,1758,87142515,FHPD18OFF059498,FHP,Long,6/14/2018 0:00:00,05:04 PM,Orlando,Orange,STATE RD 417,LEE VISTA BLVD,50,South,Other,1,0,0,0,N,N,N,8000.000000000000000,Rain,Daylight,0,Single Vehicle,N,Property Damage Only,N,Other,Other Non-Collision,On Roadway,Non-Junction,N,Not at Intersection,State,Paved,Wet,Road Surface Condition, , ,Weather Conditions, , ,N,Y,Work on Shoulder or Median,Before the First Work Zone Warning Sign,N,N,0,0,0,0,0,0,0,0,0,0,0,0,0.000000000000000,0.000000000000000,0,0,0,8000,"Mapped, On Network",-81.239641019900006,28.477747402199999,669726.993652999983169,499871.629866999981459,6/21/2018 4:18:18 PM,8383_8546
122,123,1,122,1768,87240766,FHPD18OFF059236,FHP,Long,6/14/2018 0:00:00,06:35 AM,Orlando Expwy Auth,Orange,NB SR-429,WEST RD,5280,South,Off Road,2,0,0,1,N,N,N,8000.000000000000000,Clear,Dawn,0,Off Road,N,Injury,Y,Other,Concrete Traffic Barrier,On Roadway,Non-Junction,N,Not at Intersection,State,Paved,Dry,None, , ,None, , ,N,N, , , , ,0,0,0,0,0,0,0,0,1,0,0,0,1.000000000000000,0.000000000000000,0,0,0,8000,"Mapped, On Network",-81.550331122700001,28.598896790800001,639105.068148000049405,512681.987110999994911,6/21/2018 1:08:56 PM,6220_8389
123,124,1,123,1779,87142516,FHPD18OFF059495,FHP,Long,6/14/2018 0:00:00,05:59 PM,Orlando Expwy Auth,Orange,STATE RD 429,PLANT ST,5280,South,Unknown,2,0,0,0,N,N,N,2500.000000000000000,Rain,Daylight,0,Unknown,N,Property Damage Only,N,Front to Rear,Motor Vehicle in Transport,On Roadway,Non-Junction,N,Not at Intersection,State,Paved,Wet,None, , ,None, , ,N,N, , , , ,0,0,0,0,0,0,0,0,0,0,0,0,0.000000000000000,0.000000000000000,0,0,0,2500,"Mapped, On Network",-81.558591323300007,28.563374166799999,638377.018065999960527,508721.788446000020485,6/21/2018 4:15:06 PM,8500_8421
124,125,1,124,1785,87229916,FHPD18OFF058506,FHP,Long,6/11/2018 0:00:00,07:22 PM,Orlando Expwy Auth,Orange,STATE ROAD 417 SB MM29,CURRY FORD RD,5280,South,Off Road,1,0,0,0,N,N,N,3000.000000000000000,Rain,Daylight,0,Off Road,S,Property Damage Only,Y,Other,Guardrail Face,Median,Non-Junction,N,Not at Intersection,State,Paved,Wet,Road Surface Condition, , ,None, , ,N,N, , , , ,0,0,0,0,0,0,0,0,0,0,0,0,0.000000000000000,0.000000000000000,0,0,0,3000,"Mapped, On Network",-81.244856070300003,28.503162401000001,669154.436568000004627,502682.023170000000391,6/21/2018 12:30:10 PM,8559_6030
125,126,1,125,1790,85564160,FHPD18OFF056672,FHP,Long,6/7/2018 0:00:00,07:02 AM,Orlando,Orange,SR-528,INNOVATION WAY,5280,East,Rear End,2,0,0,1,N,Y,N,12500.000000000000000,Clear,Daylight,0,Rear End,W,Injury,N,Front to Rear,Motor Vehicle in Transport,On Roadway,Non-Junction,N,Not at Intersection,State,Paved,Dry,None, , ,None, , ,N,N, , , , ,0,0,0,0,0,0,0,1,0,0,0,0,0.000000000000000,0.000000000000000,0,1,0,12500,"Mapped, On Network",-81.152849565799997,28.451751440599999,678272.940963999950327,497178.205605000024661,6/19/2018 2:55:03 PM,6073_8099
126,127,1,126,1792,87229135,FHPD18OFF054581,FHP,Long,6/1/2018 0:00:00,03:35 AM,Orlando,Orange,WEST BOUND STATE ROAD 528,MILE MARKER 29,700,West,Unknown,2,0,0,0,N,N,N,7000.000000000000000,Clear,Dark - Not Lighted,0,Unknown,W,Property Damage Only,N,Front to Rear,Motor Vehicle in Transport,On Roadway,Non-Junction,N,Not at Intersection,State,Paved,Wet,None, , ,None, , ,N,N, , , , ,0,0,2,0,0,0,0,0,0,0,0,0,0.000000000000000,0.000000000000000,0,0,0,7000,"Mapped, On Network",-81.001039087799995,28.452574399100001,693105.421194999944419,497621.282296999997925,6/21/2018 12:21:41 PM,8091_5943
127,128,1,127,1795,87170717,FHPD18OFF054246,FHP,Long,5/31/2018 0:00:00,10:00 AM,Orlando,Orange,STATE ROAD 417 (CENTRAL FLA GRNWY),BOGGY CREEK ROAD,5280,South,Rear End,2,0,0,1,N,Y,N,16000.000000000000000,Clear,Daylight,0,Rear End,S,Injury,N,Front to Rear,Motor Vehicle in Transport,On Roadway,Non-Junction,N,Not at Intersection,State,Paved,Dry,None, , ,None, , ,N,N, , , , ,0,0,0,0,0,0,0,1,0,0,0,0,0.000000000000000,0.000000000000000,0,2,0,16000,"Mapped, On Network",-81.297873041499997,28.371817809600000,664295.565357999992557,487984.248207000026014,6/19/2018 2:43:05 PM,6486_8601
128,129,1,128,1828,87202392,FHPK18OFF041912,FHP,Short,6/7/2018 0:00:00,02:20 PM,Winter Garden,Orange,STATE ROAD 429 (DANIEL WEBSTER EXPRESSWAY),AVALON ROAD,0,South,Unknown,2,0,0,0,N,N,N,1000.000000000000000,Clear,Daylight,0,Unknown,N,Property Damage Only,N,Other,"Struck by Falling, Shifting Cargo",On Roadway,Non-Junction,N,Not at Intersection,State,Paved,Dry,None, , ,None, , ,N,N, , , , ,0,0,0,0,0,0,0,0,0,0,0,0,0.000000000000000,0.000000000000000,0,1,0,1000,"Mapped, On Network",-81.634966464399994,28.460430049199999,631139.995344999944791,497145.991971999988891,6/19/2018 10:28:51 AM,6236_8048
129,130,1,129,1857,87142508,FHPD18OFF058761,FHP,Long,6/12/2018 0:00:00,05:21 PM,Orlando Expwy Auth,Orange,STATE RD 429,PLANT ST,0,North,Rear End,3,0,0,0,N,N,N,6100.000000000000000,Cloudy,Daylight,0,Rear End,N,Property Damage Only,N,Front to Rear,Motor Vehicle in Transport,On Roadway,Non-Junction,N,Not at Intersection,State,Paved,Dry,None, , ,None, , ,N,N, , , , ,0,0,0,0,0,0,0,0,0,0,0,0,0.000000000000000,0.000000000000000,0,1,0,6100,"Mapped, On Network",-81.556740152700002,28.571267396600000,638540.374190000002272,509601.783754999982193,6/19/2018 10:22:05 AM,8421_8425
130,131,1,130,1867,87229918,FHPD18OFF058769,FHP,Long,6/12/2018 0:00:00,05:40 PM,Orlando Expwy Auth,Orange,STATE ROAD 408 EB MM19,STATE ROAD 417,300,West,Rear End,2,0,0,0,N,N,N,1000.000000000000000,Cloudy,Daylight,0,Rear End,E,Property Damage Only,Y,Front to Rear,Motor Vehicle in Transport,On Roadway,Non-Junction,N,Not at Intersection,State,Paved,Wet,Road Surface Condition, , ,None, , ,N,N, , , , ,0,0,0,0,0,0,0,0,0,0,0,0,0.000000000000000,0.000000000000000,0,1,0,1000,"Mapped, On Network",-81.270833952100006,28.546918939800001,666509.493037999956869,507483.824498999980278,6/19/2018 10:30:10 AM,8412_7015
131,132,1,131,1884,87142509,FHPD18OFF058776,FHP,Short,6/12/2018 0:00:00,05:51 PM,Orlando Expwy Auth,Orange,STATE RD 417,LANDSTAR BLVD,10560,North,Unknown,2,0,0,0,N,N,N,8500.000000000000000,Rain,Daylight,0,Unknown,S,Property Damage Only,N,Front to Rear,Motor Vehicle in Transport,On Roadway,Non-Junction,N,Not at Intersection,State,Paved,Wet,None, , ,None, , ,N,N, , , , ,0,0,0,0,0,0,0,0,0,0,0,0,0.000000000000000,0.000000000000000,0,1,0,8500,"Mapped, On Network",-81.333380363499998,28.367890105099999,660832.564085999969393,487472.550303999974858,6/19/2018 10:20:02 AM,6299_6323
132,133,1,132,1892,87142513,FHPD18OFF059146,FHP,Long,6/13/2018 0:00:00,06:18 PM,Orlando Expwy Auth,Orange,STATE RD 408,HIAWASSEE RD,5280,East,Other,1,0,0,0,N,N,N,5000.000000000000000,Rain,Dusk,0,Single Vehicle,E,Property Damage Only,N,Other,Other Non-Collision,On Roadway,Non-Junction,N,Not at Intersection,State,Paved,Wet,Road Surface Condition, , ,Weather Conditions, , ,N,Y,Work on Shoulder or Median,Activity Area,N,N,0,0,0,0,0,0,0,0,0,0,0,0,0.000000000000000,0.000000000000000,0,1,0,5000,"Mapped, On Network",-81.460479075699993,28.550027965000002,647985.805876999977045,507433.400182000012137,6/21/2018 4:23:19 PM,8208_8205
133,134,1,133,1921,87247621,FHPD18OFF059910,FHP,Short,6/15/2018 0:00:00,06:00 PM,Unincorporated,Orange,STATE ROAD 528 EB,MM 32,0, ,Rear End,2,0,0,0,N,N,N,1000.000000000000000,Clear,Daylight,0,Rear End,E,Property Damage Only,N,Front to Rear,Motor Vehicle in Transport,On Roadway,Non-Junction,N,Not at Intersection,Interstate,Paved,Dry,None, , ,None, , ,N,N, , , , ,0,0,0,0,0,0,0,0,0,0,0,0,0.000000000000000,0.000000000000000,0,1,0,1000,"Mapped, On Network",-80.968747634899998,28.452540542800001,696260.907730999984778,497694.689987000019755,6/20/2018 11:43:45 AM,8083_6824
134,135,1,134,1996,87234421,FHPK18OFF041079,FHP,Long,6/4/2018 0:00:00,11:55 AM,Ocoee,Orange,STATE ROAD 429,PLANT STREET,5280,North,Unknown,2,0,0,0,N,N,N,2000.000000000000000,Cloudy,Daylight,0,Unknown, ,Property Damage Only,N,Angle,Motor Vehicle in Transport,On Roadway,Non-Junction,N,Not at Intersection,Turnpike/Toll,Paved,Dry,None, , ,None, , ,N,N, , , , ,0,0,0,0,0,0,0,0,0,0,0,0,0.000000000000000,0.000000000000000,0,0,0,2000,"Mapped, On Network",-81.556909211900006,28.575968712900000,638513.527511000051163,510123.461605000018608,6/13/2018 1:06:36 PM,8421_8425
135,136,1,135,2016,87182739,FHPD18OFF058070,FHP,Short,6/10/2018 0:00:00,05:45 PM,Orlando Expwy Auth,Orange,STATE ROAD 408 (EAST WEST EXPWY),STATE ROAD 551 (GOLDENROD RD),5280,West,Sideswipe,2,0,0,0,N,N,N,2000.000000000000000,Clear,Daylight,0,Same Direction Sideswipe,E,Property Damage Only,Y,"Sideswipe, Same Direction",Motor Vehicle in Transport,On Roadway,Non-Junction,N,Not at Intersection,State,Paved,Dry,None, , ,None, , ,N,N, , , , ,0,0,0,0,0,0,0,0,0,0,0,0,0.000000000000000,0.000000000000000,0,1,0,2000,"Mapped, On Network",-81.289976022999994,28.539631877000001,664658.310270000016317,506633.523955999989994,6/13/2018 4:16:13 PM,6881_8431
136,137,1,136,2024,87229913,FHPD18OFF057861,FHP,Long,6/10/2018 0:00:00,04:23 AM,Orlando Expwy Auth,Orange,STATE ROAD 408 EB MM18,DEAN RD,0,West,Off Road,1,0,0,0,N,Y,N,4000.000000000000000,Clear,Dark - Lighted,0,Off Road,E,Property Damage Only,Y,Other,Guardrail End,Shoulder,Non-Junction,N,Not at Intersection,State,Paved,Dry,None, , ,None, , ,N,N, , , , ,0,0,0,0,0,0,0,0,0,0,0,0,0.000000000000000,0.000000000000000,0,0,0,4000,"Mapped, On Network",-81.247759826800007,28.547280498900001,668761.467046999954619,507574.046742999984417,6/13/2018 1:15:14 PM,8027_6269
137,138,1,137,2055,87230653,FHPD18OFF056310,FHP,Long,6/5/2018 0:00:00,11:24 PM,Orlando,Orange,STATE ROAD 408 WB,MILE MARKER 21,0, ,Rear End,4,0,0,2,N,Y,N,3500.000000000000000,Clear,Dark - Lighted,0,Rear End,W,Injury,N,Front to Rear,Motor Vehicle in Transport,On Roadway,Non-Junction,N,Not at Intersection,State,Unpaved,Dry,None, , ,None, , ,N,Y,Work on Shoulder or Median,Activity Area,Y,N,0,0,1,0,0,0,0,2,0,0,0,0,0.000000000000000,0.000000000000000,0,1,0,3500,"Mapped, On Network",-81.207676899399999,28.549313661999999,672669.864189999992959,507887.779401000007056,6/19/2018 2:50:09 PM,6921_8043
138,139,1,138,2071,87229914,FHPD18OFF057865,FHP,Long,6/10/2018 0:00:00,04:59 AM,Orlando Expwy Auth,Orange,STATE ROAD 408 EB MM19,DEAN RD,0,West,Unknown,4,0,0,0,N,N,N,9500.000000000000000,Clear,Dark - Lighted,0,Unknown,E,Property Damage Only,Y,Front to Rear,Motor Vehicle in Transport,On Roadway,Non-Junction,N,Not at Intersection,State,Paved,Dry,None, , ,None, , ,N,N, , , , ,0,0,0,0,0,0,0,0,0,0,0,0,0.000000000000000,0.000000000000000,0,1,0,9500,"Mapped, On Network",-81.248045041899999,28.547528078999999,668733.006327999988571,507600.913515000022016,6/13/2018 4:36:31 PM,8013_8024
139,140,1,139,2075,87737312,2018-00225071,Orlando PD,Long,6/8/2018 0:00:00,07:51 AM,Orlando,Orange,S R 528 (EAST/WEST EXPRESSWAY),S R 551 (S GOLDENROD RD),20,West,Rear End,3,0,0,3,N,N,N,6800.000000000000000,Clear,Daylight,0,Rear End,W,Injury,Y,Front to Rear,Motor Vehicle in Transport,On Roadway,Non-Junction,N,Not at Intersection,State,Paved,Dry,None, , ,None, , ,N,N, , , , ,0,0,1,0,0,0,0,3,0,0,0,0,0.000000000000000,0.000000000000000,0,0,0,6800,"Mapped, On Network",-81.285609702700000,28.540751062199998,665081.916365999961272,506767.164488999987952,6/19/2018 3:08:47 PM,8406_8427
140,141,1,140,2083,87229915,FHPD18OFF058417,FHP,Short,6/11/2018 0:00:00,04:44 PM,Orlando Expwy Auth,Orange,STATE ROAD 417 SB MM35,UNIVERSITY BLVD,5280,South,Rear End,2,0,0,0,N,N,N,1000.000000000000000,Cloudy,Daylight,0,Rear End,S,Property Damage Only,Y,Front to Rear,Motor Vehicle in Transport,On Roadway,Non-Junction,N,Not at Intersection,State,Paved,Wet,None, , ,None, , ,N,N, , , , ,0,0,0,0,0,0,0,0,0,0,0,0,0.000000000000000,0.000000000000000,0,1,0,1000,"Mapped, On Network",-81.251927978500007,28.592173561799999,668243.410701000015251,512549.357140999985859,6/14/2018 1:33:39 PM,8118_8456
141,142,1,141,2112,87734731,2018-00229047,Orlando PD,Short,6/11/2018 0:00:00,04:44 PM,Orlando,Orange,SR 408 EAST/WEST EXPRESS WAY EBO,SR 441,0,East,Rear End,2,0,0,0,N,N,N,600.000000000000000,Clear,Daylight,0,Rear End,E,Property Damage Only,Y,Front to Rear,Motor Vehicle in Transport,On Roadway,Through Roadway,N,Not at Intersection,State,Paved,Dry,None, , ,None, , ,N,N, , , , ,0,0,0,0,0,0,0,0,0,0,0,0,0.000000000000000,0.000000000000000,0,0,0,600,"Mapped, On Network",-81.400073992000003,28.535088368800000,653918.514185999985784,505897.558873999980278,6/14/2018 12:31:19 PM,8169_8242
142,143,1,142,2172,87736746,2018-00219766,Orlando PD,Long,6/4/2018 0:00:00,01:17 PM,Orlando,Orange,SR 417 (CENTRAL FLORIDA GREENWAY EXPY),BOGGY CREEK RD (EXIT RAMP),150,North,Unknown,3,0,0,2,N,N,N,11500.000000000000000,Clear,Daylight,0,Unknown,S,Injury,Y,Angle,Motor Vehicle in Transport,On Roadway,Non-Junction,N,Not at Intersection,State,Unpaved,Dry,None, , ,None, , ,N,N, , , , ,0,0,1,0,0,0,0,0,1,1,0,0,1.000000000000000,0.000000000000000,0,0,0,11500,"Mapped, On Network",-81.299811991300004,28.371403473600001,664106.954113999963738,487934.090229999972507,6/19/2018 10:53:23 AM,8601_11015
143,144,1,143,2208,87737599,2018-00231173,Orlando PD,Short,6/13/2018 0:00:00,11:50 AM,Orlando,Orange,SR408,S MILLS AVE,0, ,Rear End,2,0,0,0,N,N,N,1000.000000000000000,Clear,Daylight,0,Rear End,E,Property Damage Only,Y,"Sideswipe, Same Direction",Motor Vehicle in Transport,On Roadway,Non-Junction,N,Not at Intersection,State,Paved,Dry,None, , ,None, , ,N,N, , , , ,0,0,0,0,0,0,0,0,0,0,0,0,0.000000000000000,0.000000000000000,0,0,0,1000,"Mapped, On Network",-81.364364644399998,28.537114209700000,657400.687145999982022,506196.523558999993838,6/19/2018 10:45:04 AM,8305_8315
144,145,1,144,2215,87738359,2018-00232220,Orlando PD,Short,6/14/2018 0:00:00,07:11 AM,Orlando,Orange,SR 408 WBO,CONWAY RD. (ENTRANCE RAMP),100,East,Unknown,4,0,0,0,N,N,N,2600.000000000000000,Clear,Daylight,0,Unknown,W,Property Damage Only,Y,Angle,Motor Vehicle in Transport,On Roadway,Non-Junction,N,Not at Intersection,State,Paved,Dry,None, , ,None, , ,N,N, , , , ,0,0,0,0,0,0,0,0,0,0,0,0,0.000000000000000,0.000000000000000,0,0,0,2600,"Mapped, On Network",-81.331193436400000,28.538499204000001,660636.413195000030100,506419.974936000013258,6/19/2018 1:55:12 PM,6229_6177
145,146,1,145,2228,87738091,2018-00226755,Orlando PD,Short,6/9/2018 0:00:00,03:20 PM,Orlando,Orange,SR 408 WB EXIT RAMP,I4 WBO ENTRANCE RAMP,300,North,Rear End,2,0,0,0,N,Y,N,750.000000000000000,Clear,Daylight,0,Rear End,S,Property Damage Only,Y,Front to Rear,Parked Motor Vehicle,On Roadway,Entrance/Exit Ramp,Y,Not at Intersection,State,Paved,Dry,Work Zone, , ,None, , ,N,Y,Work on Shoulder or Median,Activity Area,N,N,0,0,1,0,0,0,0,0,0,0,0,0,0.000000000000000,0.000000000000000,0,0,0,750,"Mapped, On Network",-81.382199937300001,28.535443755300001,655663.062199000036344,505973.948959000001196,6/19/2018 1:57:28 PM,8274_8272
146,147,1,146,2229,87738077,2018-00229735,Orlando PD,Short,6/12/2018 0:00:00,09:28 AM,Orlando,Orange,SR 528 WBO,SR 436 (S SEMORAN BV) EXIT,5280,East,Sideswipe,2,0,0,0,N,N,N,1100.000000000000000,Clear,Daylight,0,Same Direction Sideswipe,W,Property Damage Only,Y,"Sideswipe, Same Direction",Motor Vehicle in Transport,On Roadway,Non-Junction,N,Not at Intersection,State,Paved,Dry,None, , ,None, , ,N,N, , , , ,0,0,2,0,0,0,0,0,0,0,0,0,0.000000000000000,0.000000000000000,0,0,0,1100,"Mapped, On Network",-81.322307830400007,28.451550921399999,661713.708219000021927,496784.918326999992132,6/19/2018 1:59:30 PM,7054_6094
147,148,1,147,2232,87738017,2018-00230932,Orlando PD,Short,6/13/2018 0:00:00,07:31 AM,Orlando,Orange,SR 408 WBO,ROSALIND AV. (EXIT RAMP),75,East,Rear End,2,0,0,0,N,N,N,2000.000000000000000,Clear,Daylight,0,Rear End,W,Property Damage Only,Y,Front to Rear,Motor Vehicle in Transport,On Roadway,Non-Junction,N,Not at Intersection,State,Paved,Dry,None, , ,None, , ,N,N, , , , ,0,0,0,0,0,0,0,0,0,0,0,0,0.000000000000000,0.000000000000000,0,0,0,2000,"Mapped, On Network",-81.375489081799998,28.536805417499998,656315.149636000045575,506139.066511999990325,6/19/2018 2:00:58 PM,6737_6230
148,149,1,148,2234,87226146,FHPK18OFF044286,FHP,Long,6/16/2018 0:00:00,02:34 PM,Winter Garden,Orange,SR-429-TOLL S,MM 15,0, ,Rear End,2,0,0,1,N,N,N,3001.000000000000000,Cloudy,Daylight,0,Rear End,S,Injury,N,Front to Rear,Motor Vehicle in Transport,On Roadway,Non-Junction,N,Not at Intersection,Turnpike/Toll,Paved,Dry,None, , ,None, , ,N,N, , , , ,0,0,0,0,0,0,0,1,0,0,0,0,0.000000000000000,0.000000000000000,0,2,0,3001,"Mapped, On Network",-81.631672998699997,28.468987363000000,631443.582734000054188,498102.338632000028156,6/28/2018 2:08:06 PM,8039_8035
149,150,1,149,2246,85556711,FHPD18OFF085100,FHP,Long,8/22/2018 0:00:00,09:25 PM,Unincorporated,Orange,SR-408 WB,SR-423 (JOHN YOUNG PARKWAY),1000,West,Unknown,5,0,0,2,N,N,N,21833.000000000000000,Clear,Dark - Lighted,0,Unknown,W,Injury,N,Other,Motor Vehicle in Transport,On Roadway,Non-Junction,N,Not at Intersection,State,Paved,Dry,None, , ,None, , ,N,Y,Lane Closure,Transition Area,Y,Y,0,0,0,0,0,0,0,2,0,0,0,0,0.000000000000000,0.000000000000000,0,2,0,21833,"Mapped, On Network",-81.419811599400006,28.545849423300002,651966.144316000049002,507051.887665999995079,8/31/2018 8:14:41 PM,8215_6440
150,151,1,150,2251,87737841,2018-00229205,Orlando PD,Long,6/11/2018 0:00:00,07:55 PM,Orlando,Orange,EW EBO,I4 EBO ENTRANCE RAMP,400,West,Other,1,0,0,0,N,Y,N,5000.000000000000000,Clear,Daylight,0,Single Vehicle,E,Property Damage Only,Y,Other,Motor Vehicle in Transport,On Roadway,Entrance/Exit Ramp,N,Not at Intersection,State,Paved,Dry,None, , ,None, , ,N,N, , , , ,0,0,0,0,0,0,0,0,0,0,0,0,0.000000000000000,0.000000000000000,0,0,0,5000,"Mapped, On Network",-81.386235338000006,28.535140982600002,655269.723265000036918,505931.971831000002567,6/19/2018 2:40:05 PM,6679_6276
151,152,1,151,2287,85343523,FHPD18OFF056890,FHP,Long,6/7/2018 0:00:00,04:45 PM,Orlando,Orange,STATE ROAD 408 (EAST/WEST EXPRESSWAY),STATE ROAD 400 (INTERSTATE 4),0,East,Head On,2,0,0,1,N,N,N,4500.000000000000000,Clear,Daylight,0,Head On,EW,Injury,Y,Angle,Motor Vehicle in Transport,On Roadway,Non-Junction,N,Not at Intersection,State,Curb,Dry,None, , ,None, , ,N,Y,Lane Shift/Crossover,Activity Area,Y,N,0,0,0,0,0,0,0,0,1,0,0,0,1.000000000000000,0.000000000000000,0,4,0,4500,"Mapped, On Network",-81.379333258499997,28.535583040999999,655942.660749000031501,505995.360596999991685,6/22/2018 12:57:10 PM,6230_8274
152,153,1,152,2289,85205797,FHPD18OFF046915,FHP,Short,5/11/2018 0:00:00,08:20 PM,Orlando,Orange,SR408 WB MM6,SR-423 (JOHN YOUNG PARKWAY),600,East,Rear End,2,0,0,0,N,Y,N,8107.000000000000000,Clear,Dusk,0,Rear End,W,Property Damage Only,Y,Front to Rear,Motor Vehicle in Transport,On Roadway,Non-Junction,N,Not at Intersection,State,Curb,Dry,None, , ,None, , ,N,Y,Lane Closure,Transition Area,Y,Y,0,0,2,0,0,0,0,0,0,0,0,0,0.000000000000000,0.000000000000000,0,1,0,8107,"Mapped, On Network",-81.412125413499993,28.541461617000000,652726.847900000051595,506580.431930000020657,6/20/2018 3:32:59 PM,8217_8215
153,154,1,153,2291,87216400,FHPD18OFF060029,FHP,Long,6/16/2018 0:00:00,03:13 AM,Unincorporated,Orange,STATE ROAD 408,DEAN ROAD,200,West,Sideswipe,2,0,0,1,N,Y,N,20000.000000000000000,Clear,Dark - Lighted,0,Same Direction Sideswipe,E,Injury,N,Angle,Motor Vehicle in Transport,On Roadway,Non-Junction,N,Not at Intersection,State,Curb,Dry,None, , ,None, , ,N,N, , , , ,0,0,0,0,0,0,0,0,1,0,0,0,1.000000000000000,0.000000000000000,0,1,0,20000,"Mapped, On Network",-81.247683469999998,28.547252880399999,668768.990647000027820,507571.146729999978561,6/20/2018 2:40:18 PM,8027_6269
154,155,1,154,2294,87189925,FHPD18OFF059727,FHP,Long,6/15/2018 0:00:00,01:08 PM,Orlando Expwy Auth,Orange,SR417,27MM,0, ,Sideswipe,2,0,0,0,N,N,N,1000.000000000000000,Cloudy,Daylight,0,Opposing Sideswipe,S,Property Damage Only,Y,Other,Cargo/Equipment Loss or Shift,On Roadway,Non-Junction,N,Not at Intersection,State,Curb,Dry,None, , ,None, , ,N,N, , , , ,0,0,0,0,0,0,0,0,0,0,0,0,0.000000000000000,0.000000000000000,0,1,0,1000,"Mapped, On Network",-81.238199192699994,28.471910288299998,669882.374693999998271,499226.698555000009947,6/22/2018 12:03:12 PM,8546_7092