FID,OBJECTID_1,Join_Count,TARGET_FID,OBJECTID,HSMV_Repor,Agency_Rep,Reporting_,Form_Type,Crash_Date,Crash_Time,City,County,Crash_Stre,Intersecti,Offset_Dis,Offset_Dir,Crash_Type,Vehicles,Non_Motori,Fatalities,Injuries,Alcohol_Re,Distractio,Drug_Relat,Estimated_,Weather_Co,Light_Cond,Street_Num,Crash_Ty_1,Crash_Ty_2,Crash_Seve,Within_Cit,Manner_of_,First_Harm,First_HE_L,First_HE_R,First_HE_W,Type_of_In,Road_Sys_I,Type_of_Sh,Road_Surf_,Contrib_Ci,Contrib__1,Contrib__2,Contrib__3,Contrib__4,Contrib__5,School_Bus,Work_Zone_,Type_of_Wo,Loc_in_Wor,Workers_in,Law_Enforc,Mopeds,Motorcycle,Passengers,Bicyclists,Pedestrian,Fataliti_1,Injuries_U,Possible_I,Non_Incapa,Incapacita,Fataliti_2,Non_Traffi,Transporte,Transpor_1,Transpor_2,Citations,Property_D,Vehicle_Dm,S4_Mapping,S4_Decimal,S4_Decim_1,S4_Albers_,S4_Albers1,S4_Mappi_1,zone_id_st
155,156,1,155,2295,87189926,FHPD18OFF059746,FHP,Long,6/15/2018 0:00:00,01:36 PM,Orlando Expwy Auth,Orange,SR417,12MM,0, ,Other,2,0,0,0,N,N,N,3000.000000000000000,Clear,Daylight,0,Parked Vehicle,N,Property Damage Only,Y,"Sideswipe, Same Direction",Parked Motor Vehicle,On Roadway,Non-Junction,N,Not at Intersection,State,Paved,Dry,None, , ,None, , ,N,N, , , , ,0,0,0,0,0,0,0,0,0,0,0,0,0.000000000000000,0.000000000000000,0,0,0,3000,"Mapped, On Network",-81.391180091199999,28.368187166700000,655179.100122999981977,487384.601433000003453,6/22/2018 12:01:09 PM,8017_6167
156,157,1,156,2296,87189929,FHPD18OFF059850,FHP,Long,6/15/2018 0:00:00,04:39 PM,Orlando Expwy Auth,Orange,SR417,37MM,0, ,Rear End,3,0,0,0,N,N,N,10000.000000000000000,Cloudy,Daylight,0,Rear End,S,Property Damage Only,Y,Front to Rear,Motor Vehicle in Transport,On Roadway,Non-Junction,N,Not at Intersection,State,Paved,Wet,None, , ,None, , ,N,N, , , , ,0,0,2,0,0,0,0,0,0,0,0,0,0.000000000000000,0.000000000000000,0,4,0,10000,"Mapped, On Network",-81.252390746499998,28.602704620299999,668172.190180000034161,513717.590436999977101,6/21/2018 3:53:15 PM,8449_5988
157,158,1,157,2297,87189930,FHPD18OFF060569,FHP,Long,6/17/2018 0:00:00,04:40 PM,Orlando Expwy Auth,Orange,SR417,13MM,0, ,Rear End,2,0,0,0,N,N,N,4000.000000000000000,Clear,Daylight,0,Rear End,S,Property Damage Only,Y,Front to Rear,Motor Vehicle in Transport,On Roadway,Non-Junction,N,Not at Intersection,State,Paved,Dry,None, , ,None, , ,N,N, , , , ,0,0,1,0,0,0,0,0,0,0,0,0,0.000000000000000,0.000000000000000,0,1,0,4000,"Mapped, On Network",-81.376507311300003,28.368403578399999,656613.576147999963723,487439.078266000025906,6/21/2018 3:50:03 PM,8486_9176
158,159,1,158,2344,87192321,FHPD18OFF059511,FHP,Short,6/14/2018 0:00:00,06:35 PM,Orlando,Orange,SB SR 417 EXIT RAMP TO SB JOHN YOUN PKWY,JOHN YOUNG PKWY S,10,East,Rear End,2,0,0,0,N,Y,N,2000.000000000000000,Rain,Daylight,0,Rear End,E,Property Damage Only,N,Front to Rear,Motor Vehicle in Transport,On Roadway,Entrance/Exit Ramp,N,Not at Intersection,County,Unpaved,Wet,None, , ,None, , ,N,N, , , , ,0,0,1,0,0,0,0,0,0,0,0,0,0.000000000000000,0.000000000000000,0,1,0,2000,"Mapped, Not On Network",-81.430650000100002,28.368900024700000,651317.304200000013225,487382.693199999979697,6/21/2018 1:47:25 PM,8292_6975
159,160,1,159,2438,87189928,FHPD18OFF059868,FHP,Long,6/15/2018 0:00:00,05:13 PM,Orlando Expwy Auth,Orange,SR417,8MM,0, ,Rear End,2,0,0,0,N,N,N,7000.000000000000000,Clear,Daylight,0,Rear End,N,Property Damage Only,Y,Front to Rear,Motor Vehicle in Transport,On Roadway,Non-Junction,N,Not at Intersection,State,Paved,Dry,None, , ,None, , ,N,N, , , , ,0,0,4,0,0,0,0,0,0,0,0,0,0.000000000000000,0.000000000000000,0,1,0,7000,"Mapped, On Network",-81.447883778900007,28.357971289300000,649656.965372000006028,486134.237790999992285,6/22/2018 11:57:03 AM,6959_8287
160,161,1,160,2441,87204637,FHPD18OFF060899,FHP,Long,6/18/2018 0:00:00,04:02 PM,Orlando Expwy Auth,Orange,SR-417,MM12,10,North,Rear End,2,0,0,0,N,N,N,6200.000000000000000,Cloudy,Daylight,0,Rear End,S,Property Damage Only,N,Front to Rear,Motor Vehicle in Transport,On Roadway,Non-Junction,N,Not at Intersection,State,Paved,Dry,None, , ,None, , ,N,N, , , , ,0,0,1,0,0,0,0,0,0,0,0,0,0.000000000000000,0.000000000000000,0,1,0,6200,"Mapped, On Network",-81.378256665699993,28.368367668299999,656442.575860999990255,487431.451974999974482,6/21/2018 3:48:47 PM,8486_9176
161,162,1,161,2442,87226148,FHPK18OFF044605,FHP,Long,6/17/2018 0:00:00,07:20 PM,Winter Garden,Orange,DU117 SR-429-TOLL N,MM 17,0, ,Unknown,3,0,0,2,N,N,N,21800.000000000000000,Cloudy,Dusk,0,Unknown,N,Injury,N,Other,"Struck by Falling, Shifting Cargo",On Roadway,Non-Junction,N,Not at Intersection,Turnpike/Toll,Paved,Dry,None, , ,None, , ,N,N, , , , ,0,0,8,0,0,0,0,1,0,1,0,0,2.000000000000000,0.000000000000000,0,0,0,21800,"Mapped, On Network",-81.616661443500007,28.499288127300002,632845.363299999968149,501495.063798999995925,6/29/2018 1:16:01 PM,6763_6186
162,163,1,162,2451,87737461,2018-00222810,Orlando PD,Short,6/6/2018 0:00:00,04:04 PM,Orlando,Orange,CENTRAL FL GRNWY SBO (SR417),NARCOOSSEE RD ENTRANCE RAMP,100,South,Rear End,2,0,0,0,N,N,N,3500.000000000000000,Cloudy,Daylight,0,Rear End,S,Property Damage Only,Y,"Sideswipe, Same Direction",Motor Vehicle in Transport,On Roadway,Entrance/Exit Ramp,N,Not at Intersection,State,Paved,Dry,None, , ,None, , ,N,N, , , , ,0,0,0,0,0,0,0,0,0,0,0,0,0.000000000000000,0.000000000000000,0,0,0,3500,"Mapped, On Network",-81.249163385299994,28.397859033400000,668994.573919999995269,490980.920516000012867,6/20/2018 1:57:49 PM,8596_8510
163,164,1,163,2473,87737195,2018-00223996,Orlando PD,Short,6/7/2018 0:00:00,12:11 PM,Orlando,Orange,CENTRAL FLORIDA GREENWAY NBO (SR 417),LAKE NONA BLVD,0, ,Rear End,2,0,0,0,N,N,N,800.000000000000000,Clear,Daylight,0,Rear End,N,Property Damage Only,Y,Front to Rear,Motor Vehicle in Transport,On Roadway,Entrance/Exit Ramp,N,Four-Way Intersection,Turnpike/Toll,Paved,Dry,None, , ,None, , ,N,N, , , , ,0,0,1,0,0,0,0,0,0,0,0,0,0.000000000000000,0.000000000000000,0,0,0,800,"Mapped, On Network",-81.281515308699994,28.377351910900000,665881.712151000043377,488633.863328000006732,6/28/2018 12:38:04 PM,8520_8502
164,165,1,164,2484,81962612,FHPK18OFF063294,FHP,Short,8/27/2018 0:00:00,09:45 AM,Unincorporated,Orange,SR429 / 19.5MM,WINTER GARDEN VINELAND RD,5280,North,Rear End,2,0,0,0,N,N,N,4000.000000000000000,Clear,Daylight,0,Rear End,S,Property Damage Only,N,Front to Rear,Motor Vehicle in Transport,On Roadway,Non-Junction,N,Not at Intersection,Interstate,Paved,Dry,None, , ,None, , ,N,N, , , , ,0,0,1,0,0,0,0,0,0,0,0,0,0.000000000000000,0.000000000000000,0,1,0,4000,"Mapped, On Network",-81.579463027399996,28.522259998500001,636429.005452999961562,504116.525488000013866,8/30/2018 11:11:46 PM,6989_8464
165,166,1,165,2509,87204638,FHPD18OFF060970,FHP,Short,6/18/2018 0:00:00,06:11 PM,Orlando,Orange,SR-417,MM23,0,North,Rear End,2,0,0,0,N,N,N,2800.000000000000000,Clear,Daylight,0,Rear End,S,Property Damage Only,N,Front to Rear,Motor Vehicle in Transport,On Roadway,Non-Junction,N,Not at Intersection,State,Paved,Dry,None, , ,None, , ,N,N, , , , ,0,0,0,0,0,0,0,0,0,0,0,0,0.000000000000000,0.000000000000000,0,1,0,2800,"Mapped, On Network",-81.227841302700000,28.423747560799999,671014.607181999948807,493901.978696000005584,6/21/2018 4:34:33 PM,8516_8536
166,167,1,166,2524,87247620,FHPD18OFF059857,FHP,Short,6/15/2018 0:00:00,04:50 PM,Unincorporated,Orange,STATE ROAD 528 EB,MM32,0, ,Rear End,2,0,0,0,N,N,N,6000.000000000000000,Rain,Daylight,0,Rear End,E,Property Damage Only,N,Front to Rear,Motor Vehicle in Transport,On Roadway,Non-Junction,N,Not at Intersection,Interstate,Paved,Wet,None, , ,None, , ,N,N, , , , ,0,0,0,0,0,0,0,0,0,0,0,0,0.000000000000000,0.000000000000000,0,1,0,6000,"Mapped, On Network",-80.970305987200007,28.452513751100000,696108.705169999971986,497687.972544000018388,6/20/2018 11:41:27 AM,8083_6824
167,168,1,167,2536,87146660,FHPK18OFF044980,FHP,Long,6/19/2018 0:00:00,10:21 AM,Winter Garden,Orange,STATE ROAD 429 (DANIEL WEBSTER WESTERN BTWY),STATE ROAD 91 (FLORIDA TURNPIKE),0,South,Other,1,0,0,1,N,N,N,4000.000000000000000,Clear,Daylight,0,Single Vehicle,N,Injury,N,Other,Fire/Explosion,On Roadway,Entrance/Exit Ramp,Y,Not at Intersection,Turnpike/Toll,Paved,Dry,None, , ,None, , ,N,N, , , , ,0,0,2,0,0,0,0,1,0,0,0,0,0.000000000000000,0.000000000000000,0,0,0,4000,"Mapped, On Network",-81.559329999599996,28.561007513700002,638310.105434000026435,508457.581974999979138,6/29/2018 1:14:50 PM,8500_8421
168,169,1,168,2538,87142517,FHPD18OFF059655,FHP,Long,6/15/2018 0:00:00,09:36 AM,Orlando Expwy Auth,Orange,STATE RD 528,INTERNATIONAL CORP PARK BLVD,5280,East,Other,1,0,0,0,N,N,N,1500.000000000000000,Clear,Daylight,0,Single Vehicle,W,Property Damage Only,N,Other,Other Non-Fixed Object,On Roadway,Non-Junction,N,Not at Intersection,State,Paved,Dry,None, , ,None, , ,N,N, , , , ,0,0,1,0,0,0,0,0,0,0,0,0,0.000000000000000,0.000000000000000,0,0,0,1500,"Mapped, On Network",-81.141013949900000,28.451506007199999,679430.147744999965653,497177.719862999976613,6/21/2018 4:13:01 PM,8101_6488
169,170,1,169,2539,87142514,FHPD18OFF059475,FHP,Short,6/14/2018 0:00:00,05:27 PM,Orlando Expwy Auth,Orange,STATE RD 408,STATE RD 434  ALAFAYA TRL,5280,West,Rear End,2,0,0,0,N,N,N,1750.000000000000000,Rain,Daylight,0,Rear End,E,Property Damage Only,N,Front to Rear,Motor Vehicle in Transport,On Roadway,Non-Junction,N,Not at Intersection,State,Paved,Wet,None, , ,None, , ,N,N, , , , ,0,0,0,0,0,0,0,0,0,0,0,0,0.000000000000000,0.000000000000000,0,1,0,1750,"Mapped, On Network",-81.212063245899998,28.548400808800000,672243.903038999997079,507776.736314999987371,6/21/2018 4:22:22 PM,6690_8041
170,171,1,170,2566,87220268,FHPD18OFF060692,FHP,Long,6/18/2018 0:00:00,04:22 AM,Orlando,Orange,SR 417,MM 27,0, ,Rollover,1,0,0,0,N,N,N,10000.000000000000000,Clear,Dark - Lighted,0,Rollover,N,Property Damage Only,N,Other,Overturn/Rollover,Off Roadway,Non-Junction,N,Not at Intersection,State,Paved,Dry,None, , ,None, , ,N,N, , , , ,0,0,0,0,0,0,0,0,0,0,0,0,0.000000000000000,0.000000000000000,0,0,0,10000,"Mapped, On Network",-81.238078191200003,28.472665487800001,669892.318644999992102,499310.812035000009928,6/22/2018 1:00:46 PM,6173_8544
171,172,1,171,2567,87240769,FHPD18OFF060426,FHP,Long,6/17/2018 0:00:00,08:30 AM,Orlando Expwy Auth,Orange,SB SR-417  EXIT RAMP,LEE VISTA BLVD,10560,South,Off Road,2,0,0,1,N,N,N,12000.000000000000000,Clear,Daylight,0,Off Road,S,Injury,Y,Other,"Other Post, Pole or Support",Shoulder,Entrance/Exit Ramp,N,Not at Intersection,State,Paved,Dry,None, , ,None, , ,N,Y,Work on Shoulder or Median,Activity Area,N,N,0,0,0,0,0,0,0,0,1,0,0,0,1.000000000000000,0.000000000000000,0,0,0,12000,"Mapped, Not On Network",-81.239420000300001,28.477840025100001,669748.356600000057369,499882.397100000001956,6/22/2018 12:38:39 PM,8544_8386
172,173,1,172,2568,87142520,FHPD18OFF061480,FHP,Short,6/20/2018 0:00:00,05:52 AM,Orlando Expwy Auth,Orange,STATE RD 408,STATE RD 417,5280,East,Rear End,3,0,0,0,N,N,N,11000.000000000000000,Clear,Dawn,0,Rear End,W,Property Damage Only,N,Front to Rear,Motor Vehicle in Transport,On Roadway,Non-Junction,N,Not at Intersection,State,Paved,Dry,None, , ,None, , ,N,Y,Work on Shoulder or Median,Activity Area,Y,N,0,0,0,0,0,0,0,0,0,0,0,0,0.000000000000000,0.000000000000000,0,1,0,11000,"Mapped, On Network",-81.250465307900001,28.547555510599999,668496.634563999949023,507598.687149000004865,6/22/2018 12:58:59 PM,8013_8024
173,174,1,173,2574,87736443,2018-00201846,Orlando PD,Long,5/22/2018 0:00:00,08:00 AM,Orlando,Orange,SR 408,MILLS AVE,0,West,Unknown,2,0,0,0,N,N,N,500.000000000000000,Clear,Daylight,0,Unknown, ,Property Damage Only,Y,"Sideswipe, Same Direction",Motor Vehicle in Transport,On Roadway,Non-Junction,N,Not at Intersection,State,Paved,Dry,None, , ,None, , ,N,N, , , , ,0,0,0,0,0,0,0,0,0,0,0,0,0.000000000000000,0.000000000000000,0,0,0,500,"Mapped, On Network",-81.364218888099998,28.537406804800000,657414.225296000018716,506229.314792999997735,6/21/2018 12:23:21 PM,8309_8313
174,175,1,174,2585,87142519,FHPD18OFF061120,FHP,Long,6/19/2018 0:00:00,08:02 AM,Orlando Expwy Auth,Orange,STATE RD 417,STATE RD 552 CURRY FORD RD,5280,South,Rear End,2,0,0,0,N,N,N,3600.000000000000000,Clear,Daylight,0,Rear End,N,Property Damage Only,N,Front to Rear,Motor Vehicle in Transport,On Roadway,Non-Junction,N,Not at Intersection,State,Paved,Dry,None, , ,None, , ,N,N, , , , ,0,0,1,0,0,0,0,0,0,0,0,0,0.000000000000000,0.000000000000000,0,1,0,3600,"Mapped, On Network",-81.244686127300000,28.503472273500002,669170.266946000047028,502716.798764000006486,6/22/2018 1:00:05 PM,6965_8557
175,176,1,175,2590,87737369,2018-00238424,Orlando PD,Long,6/19/2018 0:00:00,12:05 AM,Orlando,Orange,SR 408 EASTBOUND,CONWAY RD EXIT,0, ,Unknown,2,0,0,0,N,N,N,2100.000000000000000,Clear,Dark - Lighted,0,Unknown,E,Property Damage Only,Y,"Sideswipe, Same Direction",Motor Vehicle in Transport,On Roadway,Entrance/Exit Ramp,N,Not at Intersection,State,Paved,Dry,None, , ,None, , ,N,N, , , , ,0,0,2,0,0,0,0,0,0,0,0,0,0.000000000000000,0.000000000000000,0,0,0,2100,"Mapped, On Network",-81.334413852400004,28.538231649499998,660322.597707999986596,506383.465838000003714,6/22/2018 12:52:29 PM,8355_8348
176,177,1,176,2632,87737378,2018-00239418,Orlando PD,Short,6/19/2018 0:00:00,05:47 PM,Orlando,Orange,SR-417 NBO,LEE VISTA BLVD,0,North,Rear End,2,0,0,0,N,N,N,2500.000000000000000,Clear,Daylight,0,Rear End,N,Property Damage Only,Y,Front to Rear,Motor Vehicle in Transport,On Roadway,Non-Junction,N,Not at Intersection,State,Paved,Dry,None, , ,None, , ,N,N, , , , ,0,0,0,0,0,0,0,0,0,0,0,0,0.000000000000000,0.000000000000000,0,0,0,2500,"Mapped, On Network",-81.239356218400005,28.477559340500001,669755.285753999953158,499851.372644999995828,6/22/2018 12:52:03 PM,8544_8386
177,178,1,177,2646,87938014,2018-00241978,Orlando PD,Long,6/21/2018 0:00:00,02:30 PM,Orlando,Orange,SR 528 WEST,ENTRANCE RAMP FROM SR 436 (S SEMORAN BV),1000,East,Off Road,1,0,0,0,N,N,N,2000.000000000000000,Rain,Daylight,0,Off Road,W,Property Damage Only,Y,Angle,Traffic Sign Support,Off Roadway,Non-Junction,N,Not at Intersection,State,Paved,Wet,Road Surface Condition, , ,Weather Conditions, , ,N,N, , , , ,0,0,0,0,0,0,0,0,0,0,0,0,0.000000000000000,0.000000000000000,0,0,0,2000,"Mapped, On Network",-81.311141550800002,28.451561940000001,662804.884724000003189,496809.889642000023741,6/25/2018 4:56:37 PM,6602_7054
178,179,1,178,2669,87229151,FHPD18OFF058183,FHP,Long,6/11/2018 0:00:00,03:05 AM,Orlando,Orange,EB STATE ROAD 408 (EAST WEST EXPRESSWAY),MILE MARKER 8A (JOHN YOUNG PARKWAY),5280,West,Unknown,2,0,0,1,N,N,N,5700.000000000000000,Clear,Dark - Lighted,0,Unknown,E,Injury,N,"Sideswipe, Same Direction",Motor Vehicle in Transport,On Roadway,Non-Junction,N,Not at Intersection,State,Paved,Dry,None, , ,None, , ,N,N, , , , ,0,0,0,0,0,0,0,1,0,0,0,0,1.000000000000000,0.000000000000000,0,0,0,5700,"Mapped, On Network",-81.430402728199994,28.545994647200001,650931.690441000042483,507046.415873999998439,6/27/2018 2:47:45 PM,6014_8237
179,180,1,179,2686,87937948,2018-00241550,Orlando PD,Long,6/21/2018 0:00:00,08:29 AM,Orlando,Orange,SR 408 WEST,S MILLS AV EXIT,5280,East,Rear End,4,0,0,0,N,Y,N,9000.000000000000000,Cloudy,Daylight,0,Rear End, ,Property Damage Only,Y,Angle,Motor Vehicle in Transport,On Roadway,Non-Junction,N,Not at Intersection,State,Paved,Dry,None, , ,None, , ,N,N, , , , ,0,0,0,0,0,0,0,0,0,0,0,0,0.000000000000000,0.000000000000000,0,2,0,9000,"Mapped, On Network",-81.351203487800007,28.538391635000000,658682.784122999990359,506365.896972000016831,6/25/2018 4:59:06 PM,6185_8318
180,181,1,180,2735,87218839,FHPD18OFF062535,FHP,Long,6/22/2018 0:00:00,06:21 PM,Orlando,Orange,SR 408,SR 417,1000,West,Rear End,3,0,0,1,N,Y,N,14000.000000000000000,Rain,Daylight,0,Rear End,E,Injury,N,Front to Rear,Motor Vehicle in Transport,On Roadway,Non-Junction,N,Not at Intersection,State,Paved,Wet,None, , ,None, , ,N,N, , , , ,0,0,3,0,0,0,0,1,0,0,0,0,0.000000000000000,0.000000000000000,0,1,0,14000,"Mapped, On Network",-81.254960569999994,28.547284324200000,668058.407672000001185,507558.798108000017237,6/27/2018 2:23:46 PM,8033_8027
181,182,1,181,2749,87212825,FHPD18OFF063782,FHP,Long,6/26/2018 0:00:00,12:12 PM,Orlando,Orange,STATE ROAD 417,STATE ROAD 552 (CURRY FORD ROAD),250,North,Animal,1,0,0,0,N,N,N,6000.000000000000000,Cloudy,Daylight,0,Animal,N,Property Damage Only,N,Other,Animal,On Roadway,Non-Junction,N,Not at Intersection,State,Paved,Dry,None, , ,None, , ,N,N, , , , ,0,0,0,0,0,0,0,0,0,0,0,0,0.000000000000000,0.000000000000000,0,0,0,6000,"Mapped, On Network",-81.246435315300005,28.507233630700000,668990.088076999993064,503130.599489999993239,6/28/2018 5:09:46 PM,6965_8557
182,183,1,182,2771,87142528,FHPD18OFF063749,FHP,Short,6/26/2018 0:00:00,09:57 AM,Orlando Expwy Auth,Orange,STATE RD 417,UNIVERSITY BLVD,5280,South,Rear End,2,0,0,0,N,N,N,7500.000000000000000,Clear,Daylight,0,Rear End,N,Property Damage Only,N,Other,Motor Vehicle in Transport,On Roadway,Non-Junction,N,Not at Intersection,State,Paved,Dry,None, , ,None, , ,N,N, , , , ,0,0,0,0,0,0,0,0,0,0,0,0,0.000000000000000,0.000000000000000,0,0,0,7500,"Mapped, On Network",-81.257508456400004,28.585212696999999,667715.972730000037700,511764.379789000027813,6/28/2018 5:11:40 PM,8456_6789
183,184,1,183,2772,87142527,FHPD18OFF063457,FHP,Long,6/25/2018 0:00:00,11:39 AM,Orlando Expwy Auth,Orange,STATE RD 408,STATE RD 417,5280,West,Unknown,2,0,0,0,N,N,N,7000.000000000000000,Clear,Daylight,0,Unknown,W,Property Damage Only,N,Other,Other Non-Collision,On Roadway,Non-Junction,N,Not at Intersection,State,Paved,Dry,None, , ,None, , ,N,Y,Work on Shoulder or Median,Activity Area,Y,N,0,0,0,0,0,0,0,0,0,0,0,0,0.000000000000000,0.000000000000000,0,0,0,7000,"Mapped, On Network",-81.270169097899995,28.547080050200002,666574.010964000015520,507503.149439000000712,6/28/2018 5:11:52 PM,8412_7015
184,185,1,184,2835,87142522,FHPD18OFF061578,FHP,Long,6/20/2018 0:00:00,11:27 AM,Orlando Expwy Auth,Orange,STATE RD 528,STATE RD 520,21120,West,Other,1,0,0,0,N,N,N,3500.000000000000000,Clear,Daylight,0,Single Vehicle,E,Property Damage Only,N,Other,Other Non-Collision,On Roadway,Non-Junction,N,Not at Intersection,State,Paved,Dry,None, , ,None, , ,N,N, , , , ,0,0,0,0,0,0,0,0,0,0,0,0,0.000000000000000,0.000000000000000,0,2,0,3500,"Mapped, On Network",-81.044384690100003,28.452325213700000,688870.490621999953873,497491.333097000024281,6/25/2018 4:46:50 PM,5943_6937
185,186,1,185,2853,87142521,FHPD18OFF061532,FHP,Long,6/20/2018 0:00:00,08:59 AM,Orlando Expwy Auth,Orange,STATE RD 417,STATE RD 15 NARCOOSSEE RD,5280,North,Other,1,0,0,0,N,N,N,4500.000000000000000,Clear,Daylight,0,Single Vehicle,S,Property Damage Only,N,Other,Other Non-Collision,On Roadway,Non-Junction,N,Not at Intersection,State,Paved,Dry,None, , ,None, , ,N,N, , , , ,0,0,0,0,0,0,0,0,0,0,0,0,0.000000000000000,0.000000000000000,0,1,0,4500,"Mapped, On Network",-81.230985283699994,28.408640194400000,670744.964873000048101,492217.722752999980003,6/25/2018 4:47:35 PM,8531_8533
186,187,1,186,2859,87142523,FHPD18OFF061937,FHP,Short,6/21/2018 0:00:00,08:52 AM,Orlando Expwy Auth,Orange,STATE RD 417,LANDSTAR BLVD,5280,North,Rear End,2,0,0,0,N,N,N,3000.000000000000000,Clear,Daylight,0,Rear End,S,Property Damage Only,N,Front to Rear,Motor Vehicle in Transport,On Roadway,Non-Junction,N,Not at Intersection,State,Paved,Dry,None, , ,None, , ,N,N, , , , ,0,0,0,0,0,0,0,0,0,0,0,0,0.000000000000000,0.000000000000000,0,1,0,3000,"Mapped, On Network",-81.350932486399998,28.368856682400001,659113.680998999974690,487542.866720999998506,6/25/2018 4:42:33 PM,8466_7095
187,188,1,187,2860,87738291,2018-00237440,Orlando PD,Long,6/18/2018 0:00:00,07:45 AM,Orlando,Orange,SR 408 WEST,S CRYSTAL LAKE DRIVE EXIT RAMP,1500,East,Unknown,2,0,0,2,N,N,N,20000.000000000000000,Clear,Daylight,0,Unknown,W,Injury,Y,Front to Rear,Motor Vehicle in Transport,On Roadway,Non-Junction,N,Not at Intersection,State,Paved,Dry,None, , ,None, , ,N,N, , , , ,0,0,0,0,0,0,0,2,0,0,0,0,0.000000000000000,0.000000000000000,0,2,0,20000,"Mapped, On Network",-81.338945581000004,28.538489928800001,659879.476453999988735,506402.584038999979384,6/27/2018 2:15:58 PM,6177_8353
188,189,1,188,2897,87242182,FHPD18OFF063006,FHP,Short,6/23/2018 0:00:00,10:50 PM,Orlando,Orange,STATE ROAD 417,MM 8.5,0, ,Unknown,2,0,0,0,N,N,N,4000.000000000000000,Clear,Dark - Not Lighted,0,Unknown,N,Property Damage Only,N,"Sideswipe, Same Direction",Motor Vehicle in Transport,On Roadway,Non-Junction,N,Not at Intersection,State,Paved,Dry,None, , ,None, , ,N,N, , , , ,0,0,1,0,0,0,0,0,0,0,0,0,0.000000000000000,0.000000000000000,0,0,0,4000,"Mapped, On Network",-81.442289741600007,28.359487428000001,650200.623215000028722,486313.916945000004489,6/27/2018 3:42:02 PM,6959_8287
189,190,1,189,2917,85154916,FHPD18OFF062618,FHP,Short,6/22/2018 0:00:00,10:15 PM,Orlando,Orange,SR 408,MM 7,0, ,Rear End,2,0,0,0,N,Y,N,7500.000000000000000,Clear,Dark - Lighted,0,Rear End,W,Property Damage Only,N,Front to Rear,Motor Vehicle in Transport,On Roadway,Non-Junction,N,Not at Intersection,State,Paved,Dry,None, , ,None, , ,N,Y,Lane Closure,Activity Area,Y,Y,0,0,0,0,0,0,0,0,0,0,0,0,0.000000000000000,0.000000000000000,0,1,0,7500,"Mapped, On Network",-81.421342276499999,28.545957630400000,651816.437842000043020,507060.775389000016730,6/25/2018 2:22:01 PM,6440_8239
190,191,1,190,2932,87738299,2018-00239960,Orlando PD,Long,6/20/2018 0:00:00,05:20 AM,Orlando,Orange,S.R. 528 (BEE LINE EXPRESSWAY) EAST BOUND,S.R. 436 (S. SEMORAN BOULEVARD),500,West,Unknown,2,0,0,1,N,N,N,9000.000000000000000,Clear,Dark - Lighted,0,Unknown,E,Injury,Y,Angle,Motor Vehicle in Transport,On Roadway,Non-Junction,N,Not at Intersection,State,Paved,Dry,None, , ,None, , ,N,N, , , , ,0,0,3,0,0,0,0,0,1,0,0,0,1.000000000000000,0.000000000000000,0,0,0,9000,"Mapped, On Network",-81.311968926500001,28.539445777400001,662511.296725000021979,506565.851589999976568,6/25/2018 4:20:34 PM,6301_6218
191,192,1,191,2933,87440451,2018-00096530,Orlando PD,Long,3/9/2018 0:00:00,04:20 PM,Orlando,Orange,SR 417 SBO,LAKE NONA BV,2000,South,Rear End,4,0,1,5,N,N,N,22000.000000000000000,Clear,Daylight,0,Rear End,S,Fatality,Y,Front to Rear,Motor Vehicle in Transport,On Roadway,Non-Junction,N,Not at Intersection,State,Paved,Dry,None, , ,None, , ,N,N, , , , ,0,0,2,0,0,0,0,4,0,1,1,0,2.000000000000000,0.000000000000000,0,1,0,22000,"Mapped, On Network",-81.282793731500007,28.377184548399999,665757.105621999944560,488612.525313000020105,6/25/2018 2:51:44 PM,8478_6486
192,193,1,192,2962,87229143,FHPD18OFF057019,FHP,Long,6/8/2018 0:00:00,01:20 AM,Orlando,Orange,STATE ROAD 417 (CENTRAL FLORIDA GREENWAY),MM 26,5280,South,Off Road,1,0,0,0,N,N,N,8000.000000000000000,Clear,Dark - Not Lighted,0,Off Road,N,Property Damage Only,N,Other,Guardrail Face,Off Roadway,Non-Junction,Y,Not at Intersection,State,Paved,Wet,None, , ,None, , ,N,N, , , , ,0,0,1,0,0,0,0,0,0,0,0,0,0.000000000000000,0.000000000000000,0,1,0,8000,"Mapped, On Network",-81.230310490799994,28.452689446899999,670701.066747999982908,497109.929104999988340,6/28/2018 12:29:24 PM,7993_7091
193,194,1,193,2987,87737665,2018-00233568,Orlando PD,Short,6/15/2018 0:00:00,07:35 AM,Orlando,Orange,SR-408 (E/W EXPRESSWAY),SR-400 (I-4),250,East,Rear End,2,0,0,0,N,Y,N,3000.000000000000000,Clear,Daylight,0,Rear End,W,Property Damage Only,Y,Front to Rear,Motor Vehicle in Transport,On Roadway,Non-Junction,N,Not at Intersection,State,Paved,Dry,None, , ,None, , ,N,N, , , , ,0,0,0,0,0,0,0,0,0,0,0,0,0.000000000000000,0.000000000000000,0,0,0,3000,"Mapped, On Network",-81.391818342400001,28.535105681600001,654724.631144999992102,505916.507447000010870,6/28/2018 10:42:49 PM,8267_6679