FID,OBJECTID_1,Join_Count,TARGET_FID,OBJECTID,HSMV_Repor,Agency_Rep,Reporting_,Form_Type,Crash_Date,Crash_Time,City,County,Crash_Stre,Intersecti,Offset_Dis,Offset_Dir,Crash_Type,Vehicles,Non_Motori,Fatalities,Injuries,Alcohol_Re,Distractio,Drug_Relat,Estimated_,Weather_Co,Light_Cond,Street_Num,Crash_Ty_1,Crash_Ty_2,Crash_Seve,Within_Cit,Manner_of_,First_Harm,First_HE_L,First_HE_R,First_HE_W,Type_of_In,Road_Sys_I,Type_of_Sh,Road_Surf_,Contrib_Ci,Contrib__1,Contrib__2,Contrib__3,Contrib__4,Contrib__5,School_Bus,Work_Zone_,Type_of_Wo,Loc_in_Wor,Workers_in,Law_Enforc,Mopeds,Motorcycle,Passengers,Bicyclists,Pedestrian,Fataliti_1,Injuries_U,Possible_I,Non_Incapa,Incapacita,Fataliti_2,Non_Traffi,Transporte,Transpor_1,Transpor_2,Citations,Property_D,Vehicle_Dm,S4_Mapping,S4_Decimal,S4_Decim_1,S4_Albers_,S4_Albers1,S4_Mappi_1,zone_id_st
194,195,1,194,3008,87937958,2018-00238820,Orlando PD,Long,6/19/2018 0:00:00,08:57 AM,Orlando,Orange,SR528 (BEACHLINE) WEST,S SEMORAN BV EXIT RAMP,1000,East,Rear End,2,0,0,1,N,N,N,6000.000000000000000,Clear,Daylight,0,Rear End,W,Injury,Y,Front to Rear,Motor Vehicle in Transport,On Roadway,Non-Junction,N,Not at Intersection,State,Paved,Dry,None, , ,None, , ,N,N, , , , ,0,0,2,0,0,0,0,1,0,0,0,0,0.000000000000000,0.000000000000000,0,0,0,6000,"Mapped, On Network",-81.305969411899994,28.451382156299999,663310.757433000020683,496800.961604000010993,6/29/2018 1:48:27 PM,8296_8190
195,196,1,195,3028,87937941,2018-00235340,Orlando PD,Long,6/16/2018 0:00:00,01:23 PM,Orlando,Orange,SR 408 WBO,I4 WBO EXIT RAMP (SR 400),500,East,Unknown,4,0,0,2,N,N,N,30500.000000000000000,Clear,Daylight,0,Unknown,W,Injury,Y,Front to Rear,Motor Vehicle in Transport,On Roadway,Non-Junction,N,Not at Intersection,State,Paved,Dry,None, , ,None, , ,N,N, , , , ,0,0,1,0,0,0,0,2,0,0,0,0,2.000000000000000,0.000000000000000,0,2,0,30500,"Mapped, On Network",-81.381885765500002,28.535160724600001,655694.407945999992080,505943.175212999980431,6/29/2018 1:48:56 PM,6679_6276
196,197,1,196,3032,87735310,2018-00247568,Orlando PD,Short,6/25/2018 0:00:00,05:31 PM,Orlando,Orange,SR 408 WBO,I4 WEST BOUND (SR-400),0, ,Other,2,0,0,0,N,N,N,3000.000000000000000,Rain,Daylight,0,Other,W,Property Damage Only,Y,Front to Rear,Motor Vehicle in Transport,On Roadway,Other,Y,Not at Intersection,State,Paved,Wet,Road Surface Condition, , ,Weather Conditions, , ,N,N, , , , ,0,0,0,0,0,0,0,0,0,0,0,0,0.000000000000000,0.000000000000000,0,0,0,3000,"Mapped, On Network",-81.383309045900006,28.535284111599999,655555.135410999995656,505953.924595999997109,6/28/2018 12:26:59 PM,8274_8272
197,198,1,197,3033,87938129,2018-00238714,Orlando PD,Long,6/19/2018 0:00:00,07:35 AM,Orlando,Orange,SR 408 WEST,INTERSTATE 4 (SR 400 WEST ENTRANCE RAMP),600,East,Rear End,3,0,0,3,N,N,N,12000.000000000000000,Clear,Daylight,0,Rear End,W,Injury,Y,Front to Rear,Motor Vehicle in Transport,On Roadway,Non-Junction,N,Not at Intersection,State,Paved,Dry,None, , ,None, , ,N,N, , , , ,0,0,1,0,0,0,0,2,1,0,0,0,0.000000000000000,0.000000000000000,0,1,0,12000,"Mapped, On Network",-81.381304958200005,28.535330808800001,655750.722047999966890,505963.264261999982409,6/29/2018 12:56:54 PM,6230_8274
198,199,1,198,3038,87937927,2018-00238755,Orlando PD,Long,6/19/2018 0:00:00,08:10 AM,Orlando,Orange,SR 408 EBO,S ORANGE BLOSSOM TL EXIT RAMP,200,West,Rear End,3,0,0,0,N,N,N,3000.000000000000000,Clear,Daylight,0,Rear End,E,Property Damage Only,Y,Front to Rear,Motor Vehicle in Transport,On Roadway,Non-Junction,N,Not at Intersection,State,Paved,Dry,None, , ,None, , ,N,N, , , , ,0,0,1,0,0,0,0,0,0,0,0,0,0.000000000000000,0.000000000000000,0,1,0,3000,"Mapped, On Network",-81.396599550299996,28.535288287800000,654257.322093999944627,505926.915162999997847,6/29/2018 12:52:06 PM,8254_8252
199,200,1,199,3039,87738105,2018-00249045,Orlando PD,Short,6/26/2018 0:00:00,06:10 PM,Orlando,Orange,SR 408 EASTBOUND,S. ORANGE AVE. EXIT,0, ,Sideswipe,2,0,0,0,N,N,N,1000.000000000000000,Clear,Daylight,0,Same Direction Sideswipe,E,Property Damage Only,Y,"Sideswipe, Same Direction",Motor Vehicle in Transport,On Roadway,Non-Junction,N,Not at Intersection,Turnpike/Toll,Paved,Dry,None, , ,None, , ,N,N, , , , ,0,0,0,0,0,0,0,0,0,0,0,0,0.000000000000000,0.000000000000000,0,0,0,1000,"Mapped, On Network",-81.378107240000006,28.535761696600002,656061.957767999963835,506017.742097000009380,6/29/2018 4:32:13 PM,6679_6276
200,201,1,200,3078,87240770,FHPD18OFF065271,FHP,Long,6/30/2018 0:00:00,06:05 AM,Orlando Expwy Auth,Orange,NB SR-417,LEE VISTA BLVD,15840,South,Rear End,2,0,0,0,N,N,N,15000.000000000000000,Cloudy,Daylight,0,Rear End,N,Property Damage Only,Y,Front to Rear,Motor Vehicle in Transport,On Roadway,Non-Junction,N,Not at Intersection,State,Paved,Wet,None, , ,None, , ,N,N, , , , ,0,0,0,0,0,0,0,0,0,0,0,0,0.000000000000000,0.000000000000000,0,1,0,15000,"Mapped, On Network",-81.229272215699993,28.436064947300000,670844.007268000044860,495266.416092000028584,7/2/2018 2:21:37 PM,6642_7993
201,202,1,201,3092,87737561,2018-00243816,Orlando PD,Long,6/22/2018 0:00:00,06:15 PM,Orlando,Orange,SR 408 WESTBOUND,US 441 (SR 500/ S ORANGE BLOSSOM TRAIL),600,West,Rollover,2,0,0,0,N,N,N,800.000000000000000,Rain,Daylight,0,Rollover,W,Property Damage Only,Y,Front to Rear,Overturn/Rollover,On Roadway,Non-Junction,N,Not at Intersection,U.S.,Paved,Wet,None,None,None,None,None,None,N,N, , , , ,0,0,3,0,0,0,0,0,0,0,0,0,0.000000000000000,0.000000000000000,0,0,0,800,"Mapped, On Network",-81.398955452500005,28.535258658899998,654027.339874000055715,505918.770082000002731,6/27/2018 2:01:02 PM,8254_8252
202,203,1,202,3095,87142525,FHPD18OFF062023,FHP,Long,6/21/2018 0:00:00,12:56 PM,Orlando Expwy Auth,Orange,STATE RD 528,DAETWYLER DR,50,West,Other,1,0,0,2,N,N,N,5000.000000000000000,Rain,Daylight,0,Single Vehicle,W,Injury,N,Other,Other Non-Collision,On Roadway,Non-Junction,N,Not at Intersection,State,Paved,Wet,Road Surface Condition, , ,Weather Conditions, , ,N,Y,Lane Closure,Advance Warning Area,N,N,0,0,2,0,0,0,0,2,0,0,0,0,0.000000000000000,0.000000000000000,0,1,0,5000,"Mapped, On Network",-81.338994121400006,28.450829795899999,660084.796576999942772,496669.547867999994196,6/27/2018 2:40:01 PM,8336_11452
203,204,1,203,3107,87252413,FHPD18OFF062375,FHP,Short,6/22/2018 0:00:00,01:10 PM,Orlando Expwy Auth,Orange,STATE ROAD 408 (EAST WEST EXPWY),GOOD HOMES ROAD,5280,West,Sideswipe,2,0,0,0,N,N,N,5000.000000000000000,Clear,Daylight,0,Same Direction Sideswipe,E,Property Damage Only,Y,"Sideswipe, Same Direction",Motor Vehicle in Transport,On Roadway,Non-Junction,N,Not at Intersection,State,Paved,Dry,None, , ,None, , ,N,N, , , , ,0,0,1,0,0,0,0,0,0,0,0,0,0.000000000000000,0.000000000000000,0,3,0,5000,"Mapped, On Network",-81.512846323199994,28.544757573599998,642884.616532000014558,506743.986631000007037,6/27/2018 3:16:06 PM,8114_8152
204,205,1,204,3109,87240772,FHPD18OFF062726,FHP,Short,6/23/2018 0:00:00,09:39 AM,Orlando Expwy Auth,Orange,WB SR-408 EXIT RAMP,SR-436,0,East,Rear End,2,0,0,0,N,N,N,7000.000000000000000,Cloudy,Daylight,0,Rear End,W,Property Damage Only,Y,Front to Rear,Motor Vehicle in Transport,On Roadway,Entrance/Exit Ramp,N,Not at Intersection,State,Paved,Dry,None, , ,None, , ,N,N, , , , ,0,0,0,0,0,0,0,0,0,0,0,0,0.000000000000000,0.000000000000000,0,1,0,7000,"Mapped, On Network",-81.305957368600005,28.539646669900002,663097.800731000024825,506600.968239000008907,6/27/2018 3:22:42 PM,6883_8376
205,206,1,205,3125,87204651,FHPD18OFF067181,FHP,Long,7/5/2018 0:00:00,06:29 PM,Orlando Expwy Auth,Orange,SR-417,MM34.5,0, ,Off Road,1,0,0,0,N,N,N,3200.000000000000000,Cloudy,Daylight,0,Off Road,S,Property Damage Only,N,Other,Guardrail End,Shoulder,Entrance/Exit Ramp,N,Not at Intersection,State,Paved,Dry,None, , ,None, , ,N,N, , , , ,0,0,0,0,0,0,0,0,0,0,0,0,0.000000000000000,0.000000000000000,0,0,0,3200,"Mapped, On Network",-81.265911220000007,28.570169439499999,666932.885898999986239,510075.939088999992236,7/6/2018 4:44:24 PM,8572_8453
206,207,1,206,3143,87230665,FHPD18OFF059596,FHP,Long,6/15/2018 0:00:00,04:47 AM,Ocoee,Orange,STATE ROAD 429 SB,MM 24,0, ,Other,1,0,0,1,N,Y,N,1000.000000000000000,Clear,Dark - Lighted,0,Single Vehicle,S,Injury,N,Other,Ran into Water/Canal,Off Roadway,Non-Junction,N,Not at Intersection,State,Unpaved,Dry,None, , ,None, , ,N,N, , , , ,0,0,0,0,0,0,0,1,0,0,0,0,0.000000000000000,0.000000000000000,0,1,0,1000,"Mapped, On Network",-81.557742836200006,28.589899837099999,638401.514223000034690,511668.673657000006642,6/28/2018 10:36:36 AM,6248_5993
207,208,1,207,3152,87206011,FHPK18OFF046060,FHP,Short,6/23/2018 0:00:00,08:17 AM,Winter Garden,Orange,STATE ROAD 429,MM 17,0, ,Rear End,2,0,0,0,N,Y,N,2800.000000000000000,Clear,Daylight,0,Rear End,N,Property Damage Only,N,Front to Rear,Motor Vehicle in Transport,On Roadway,Non-Junction,Y,Not at Intersection,Turnpike/Toll,Paved,Dry,None, , ,None, , ,N,N, , , , ,0,0,0,0,0,0,0,0,0,0,0,0,0.000000000000000,0.000000000000000,0,1,0,2800,"Mapped, On Network",-81.618799331700004,28.496648963999998,632642.183024000027217,501197.988046000013128,6/28/2018 2:40:41 PM,6763_6186
208,209,1,208,3153,87240768,FHPD18OFF063395,FHP,Long,6/25/2018 0:00:00,08:09 AM,Orlando Expwy Auth,Orange,SB SR-417,LEE VISTA BLVD,5280,South,Sideswipe,3,0,0,1,N,N,N,32500.000000000000000,Clear,Daylight,0,Same Direction Sideswipe,S,Injury,Y,"Sideswipe, Same Direction",Motor Vehicle in Transport,On Roadway,Non-Junction,N,Not at Intersection,State,Paved,Dry,None, , ,None, , ,N,Y,Work on Shoulder or Median,Activity Area,Y,N,0,0,1,0,0,0,0,0,1,0,0,0,0.000000000000000,0.000000000000000,0,1,0,32500,"Mapped, On Network",-81.240979509699997,28.482947917200001,669583.304729999974370,500446.108255999977700,6/28/2018 10:26:35 AM,6895_8383
209,210,1,209,3174,87249486,FHPD18OFF063916,FHP,Long,6/26/2018 0:00:00,05:28 PM,Orlando Expwy Auth,Orange,SR408,16MM,0, ,Rear End,4,0,0,0,N,N,N,14000.000000000000000,Clear,Daylight,0,Rear End,E,Property Damage Only,Y,Front to Rear,Motor Vehicle in Transport,On Roadway,Non-Junction,N,Not at Intersection,State,Paved,Dry,None, , ,None, , ,N,N, , , , ,0,0,0,0,0,0,0,0,0,0,0,0,0.000000000000000,0.000000000000000,0,1,0,14000,"Mapped, On Network",-81.282755508400001,28.541820074200000,665357.990371000021696,506891.994429000013042,6/28/2018 10:32:44 AM,8408_8412
210,211,1,210,3178,87249484,FHPD18OFF063497,FHP,Long,6/25/2018 0:00:00,02:04 PM,Orlando Expwy Auth,Orange,SR408,20MM,0, ,Unknown,2,0,0,0,N,N,N,2000.000000000000000,Clear,Daylight,0,Unknown,E,Property Damage Only,Y,"Sideswipe, Same Direction",Motor Vehicle in Transport,On Roadway,Non-Junction,N,Not at Intersection,State,Paved,Dry,None, , ,None, , ,N,N, , , , ,0,0,0,0,0,0,0,0,0,0,0,0,0.000000000000000,0.000000000000000,0,0,0,2000,"Mapped, On Network",-81.218849660999993,28.547617518399999,671583.279255999950692,507674.805218000023160,6/28/2018 10:32:23 AM,8077_8070
211,212,1,211,3217,87156363,FHPK18OFF048364,FHP,Long,7/1/2018 0:00:00,03:55 PM,Winter Garden,Orange,STATE ROAD 429,MILE MARKER 14 (PORTER ROAD),20,South,Off Road,1,0,0,1,N,N,N,8000.000000000000000,Cloudy,Daylight,0,Off Road,N,Injury,N,Other,Concrete Traffic Barrier,On Roadway,Non-Junction,N,Not at Intersection,Turnpike/Toll,Paved,Wet,None, , ,None, , ,N,N, , , , ,0,0,2,0,0,0,0,1,0,0,0,0,0.000000000000000,0.000000000000000,0,0,0,8000,"Mapped, On Network",-81.631393699499995,28.473670049199999,631460.885470999986865,498622.808967999997549,7/6/2018 4:21:58 PM,8048_8037
212,213,1,212,3227,87235110,FHPD18OFF066959,FHP,Long,7/5/2018 0:00:00,07:49 AM,Orlando,Orange,STATE ROAD 417 (GREENWAY EXPY),COUNTY ROAD 423 (JOHN YOUNG PARKWAY),10,West,Rear End,2,0,0,1,N,Y,N,5000.000000000000000,Clear,Daylight,0,Rear End,E,Injury,N,Front to Rear,Motor Vehicle in Transport,On Roadway,Non-Junction,N,Not at Intersection,County,Paved,Dry,None, , ,None, , ,N,N, , , , ,0,0,0,0,0,0,0,1,0,0,0,0,0.000000000000000,0.000000000000000,0,1,0,5000,"Mapped, On Network",-81.417732351500007,28.375552810100000,652565.170846999972127,488147.760687000001781,7/6/2018 4:30:25 PM,8277_8290
213,214,1,213,3240,87246128,FHPD18OFF066637,FHP,Long,7/4/2018 0:00:00,01:05 AM,Orlando,Orange,SR 417 (CENTRAL FLORIDA GREENEWAY),MM16,100,South,Rollover,1,0,0,0,N,N,N,6900.000000000000000,Cloudy,Dark - Lighted,0,Rollover,S,Property Damage Only,N,Other,Overturn/Rollover,Median,Non-Junction,N,Not at Intersection,State,Paved,Dry,None, , ,None, , ,N,N, , , , ,0,0,0,0,0,0,0,0,0,0,0,0,0.000000000000000,0.000000000000000,0,0,0,6900,"Mapped, On Network",-81.302377596900001,28.370595184300001,663858.014359000022523,487838.853459000005387,7/10/2018 3:20:42 PM,8480_11010
214,215,1,214,3297,87249483,FHPD18OFF063226,FHP,Long,6/24/2018 0:00:00,05:04 PM,Orlando Expwy Auth,Orange,SR408,4MM,0, ,Off Road,1,0,0,0,N,N,N,2000.000000000000000,Rain,Daylight,0,Off Road,E,Property Damage Only,Y,Other,Guardrail Face,Off Roadway,Non-Junction,N,Not at Intersection,State,Paved,Wet,None, , ,None, , ,N,N, , , , ,0,0,0,0,0,0,0,0,0,0,0,0,0.000000000000000,0.000000000000000,0,1,0,2000,"Mapped, On Network",-81.475755799699996,28.548210049400002,646498.365620999946259,507200.923283000010997,6/29/2018 1:46:48 PM,8144_8146
215,216,1,215,3298,87249485,FHPD18OFF063579,FHP,Short,6/25/2018 0:00:00,05:37 PM,Orlando Expwy Auth,Orange,SR408,16MM,0, ,Rear End,2,0,0,0,N,N,N,5000.000000000000000,Cloudy,Daylight,0,Rear End,W,Property Damage Only,Y,Front to Rear,Motor Vehicle in Transport,On Roadway,Non-Junction,N,Not at Intersection,State,Paved,Dry,None, , ,None, , ,N,N, , , , ,0,0,0,0,0,0,0,0,0,0,0,0,0.000000000000000,0.000000000000000,0,1,0,5000,"Mapped, On Network",-81.282808400600004,28.541809419800000,665352.851983999949880,506890.697663999977522,6/29/2018 12:53:36 PM,8408_8412
216,217,1,216,3300,87204646,FHPD18OFF064267,FHP,Short,6/27/2018 0:00:00,04:50 PM,Orlando Expwy Auth,Orange,SR-528-TOLL W,SR-417,0, ,Sideswipe,2,0,0,0,N,N,N,2800.000000000000000,Rain,Daylight,0,Same Direction Sideswipe,W,Property Damage Only,N,"Sideswipe, Same Direction",Motor Vehicle in Transport,On Roadway,Entrance/Exit Ramp,N,Not at Intersection,State,Paved,Wet,None, , ,None, , ,N,N, , , , ,0,0,0,0,0,0,0,0,0,0,0,0,0.000000000000000,0.000000000000000,0,0,0,2800,"Mapped, On Network",-81.237230000300002,28.451480024999999,670027.897099999943748,496960.477899999998044,6/29/2018 12:53:02 PM,8007_6663
217,218,1,217,3338,87234387,FHPD18OFF064601,FHP,Long,6/28/2018 0:00:00,04:38 PM,Orlando,Orange,STATE ROAD 417 (EXIT RAMP),LANDSTAR BOULEVARD,10,West,Rear End,2,0,0,0,N,Y,N,1400.000000000000000,Cloudy,Daylight,0,Rear End,E,Property Damage Only,N,Front to Rear,Motor Vehicle in Transport,On Roadway,Intersection-Related,Y,T-Intersection,State,Paved,Wet,None, , ,None, , ,N,N, , , , ,0,0,3,0,0,0,0,0,0,0,0,0,0.000000000000000,0.000000000000000,0,1,0,1400,"Mapped, On Network",-81.368941658699995,28.368666893000000,657352.864738999982364,487484.081079000025056,6/29/2018 11:36:14 AM,8484_8486
218,219,1,218,3347,87204645,FHPD18OFF064226,FHP,Long,6/27/2018 0:00:00,03:05 PM,Orlando Expwy Auth,Orange,EAST-WEST EXPY,JOHN YOUNG PKWY,20,West,Off Road,1,0,0,0,N,N,N,3200.000000000000000,Rain,Daylight,0,Off Road,E,Property Damage Only,N,Other,Concrete Traffic Barrier,Median,Non-Junction,N,Not at Intersection,State,Paved,Wet,None, , ,Weather Conditions, , ,N,N, , , , ,0,0,0,0,0,0,0,0,0,0,0,0,0.000000000000000,0.000000000000000,0,0,0,3200,"Mapped, On Network",-81.416727150800000,28.544688329400000,652270.010591999976896,506929.275887999974657,6/29/2018 11:38:29 AM,6011_8219
219,220,1,219,3417,81963123,FHPD18OFF066159,FHP,Long,7/2/2018 0:00:00,05:00 PM,Orlando,Orange,STATE ROAD 408 (EAST-WEST EXPY),CHICKASAW TRAIL,5280,West,Rear End,2,0,0,2,N,N,N,10000.000000000000000,Clear,Daylight,0,Rear End,E,Injury,N,Front to Rear,Motor Vehicle in Transport,On Roadway,Entrance/Exit Ramp,N,Not at Intersection,State,Paved,Dry,None, , ,None, , ,N,N, , , , ,0,0,0,0,0,0,0,1,1,0,0,0,0.000000000000000,0.000000000000000,0,1,0,10000,"Mapped, On Network",-81.301971104299994,28.539621099500000,663487.095806000055745,506606.640369999979157,7/5/2018 8:54:39 PM,6883_8376
220,221,1,220,3422,87249488,FHPD18OFF064930,FHP,Long,6/29/2018 0:00:00,02:23 PM,Orlando Expwy Auth,Orange,SR-528-TOLL E,22MM,0, ,Off Road,1,0,0,0,N,N,N,6000.000000000000000,Rain,Daylight,0,Off Road,E,Property Damage Only,Y,Other,Mailbox,On Roadway,Non-Junction,N,Not at Intersection,State,Paved,Wet,None, , ,None, , ,N,N, , , , ,0,0,0,0,0,0,0,0,0,0,0,0,0.000000000000000,0.000000000000000,0,0,0,6000,"Mapped, On Network",-81.124343949899995,28.451431965299999,681059.329105000011623,497207.383537999994587,7/2/2018 2:11:27 PM,8101_6488
221,222,1,221,3436,87224447,FHPD18OFF063061,FHP,Long,6/24/2018 0:00:00,04:17 AM,Unincorporated,Orange,STATE ROAD 408,MILE MARKER 6.5,0, ,Off Road,1,0,0,0,N,N,N,3500.000000000000000,Cloudy,Dark - Lighted,0,Off Road, ,Property Damage Only,N,Other,Concrete Traffic Barrier,Shoulder,Non-Junction,N,Not at Intersection,State,Paved,Wet,None, , ,None, , ,N,N, , , , ,0,0,0,0,0,0,0,0,0,0,0,0,0.000000000000000,0.000000000000000,0,0,0,3500,"Mapped, On Network",-81.429431019899994,28.546010140500002,651026.532130999956280,507050.113820000027772,6/26/2018 2:52:39 PM,8239_5934
222,223,1,222,3437,87246242,FHPD18OFF059871,FHP,Long,6/15/2018 0:00:00,05:20 PM,Orlando,Orange,STATE ROAD 408 (EAST WEST EXPRESS WAY),MM21,0, ,Off Road,1,0,0,0,N,N,N,2500.000000000000000,Cloudy,Daylight,0,Off Road,W,Property Damage Only,N,Other,Impact Attenuator/Crash Cushion,On Roadway,Non-Junction,N,Not at Intersection,State,Paved,Dry,None, , ,None, , ,N,N, , , , ,0,0,0,0,0,0,0,0,0,0,0,0,0.000000000000000,0.000000000000000,0,0,0,2500,"Mapped, On Network",-81.208427253300002,28.549148226900002,672597.020657000015490,507867.752642999985255,6/27/2018 3:18:27 PM,8043_6946
223,224,1,223,3461,87242189,FHPD18OFF063647,FHP,Long,6/25/2018 0:00:00,09:30 PM,Orlando,Orange,STATE ROAD 417 SB,STATE ROAD 408 EB ON RAMP,0, ,Off Road,1,0,0,1,N,Y,N,10000.000000000000000,Clear,Dark - Lighted,0,Off Road,S,Injury,N,Other,Impact Attenuator/Crash Cushion,On Roadway,Entrance/Exit Ramp,Y,Not at Intersection,State,Paved,Dry,None, , ,None, , ,N,N, , , , ,0,0,0,0,0,0,0,0,1,0,0,0,1.000000000000000,0.000000000000000,0,0,0,10000,"Mapped, On Network",-81.266572100199994,28.555580677700000,666904.283972000004724,508454.742102999996860,7/2/2018 2:26:31 PM,8570_6966
224,225,1,224,3464,87218842,FHPD18OFF065122,FHP,Long,6/29/2018 0:00:00,06:49 PM,Orlando,Orange,SR 417,MM34,1000,South,Off Road,1,0,0,1,N,N,N,8000.000000000000000,Rain,Daylight,0,Off Road,N,Injury,N,Other,Guardrail Face,Shoulder,Non-Junction,N,Not at Intersection,State,Paved,Wet,None, , ,None, , ,N,N, , , , ,0,0,0,0,0,0,0,0,1,0,0,0,0.000000000000000,0.000000000000000,0,0,0,8000,"Mapped, On Network",-81.265694200300004,28.569342527700002,666956.106451999978162,509984.598265999986324,7/2/2018 2:15:06 PM,8451_2531
225,226,1,225,3512,87142529,FHPD18OFF063776,FHP,Long,6/26/2018 0:00:00,11:54 AM,Orlando Expwy Auth,Orange,STATE RD 417,STATE RD 408,50,South,Rear End,3,0,0,3,N,N,N,28000.000000000000000,Clear,Daylight,0,Rear End,S,Injury,N,Front to Rear,Motor Vehicle in Transport,On Roadway,Non-Junction,N,Not at Intersection,State,Paved,Dry,None, , ,None, , ,N,Y,Work on Shoulder or Median,Activity Area,Y,N,0,0,0,0,0,0,0,1,2,0,0,0,3.000000000000000,0.000000000000000,0,1,0,28000,"Mapped, On Network",-81.264217900399998,28.553275347800000,667139.800444000051357,508203.882663000025786,7/2/2018 2:15:38 PM,8570_6966
226,227,1,226,3513,87218843,FHPD18OFF065139,FHP,Short,6/29/2018 0:00:00,07:22 PM,Orlando,Orange,SR 417,MM37,0, ,Unknown,2,0,0,0,N,N,N,2500.000000000000000,Rain,Daylight,0,Unknown,N,Property Damage Only,N,Front to Rear,Motor Vehicle in Transport,On Roadway,Non-Junction,N,Not at Intersection,State,Paved,Wet,None, , ,None, , ,N,N, , , , ,0,0,1,0,0,0,0,0,0,0,0,0,0.000000000000000,0.000000000000000,0,1,0,2500,"Mapped, On Network",-81.256649999999993,28.607554115199999,667744.566825999994762,514246.763595999975223,7/2/2018 2:24:55 PM,5988_6758
227,228,1,227,3523,87220272,FHPD18OFF062660,FHP,Long,6/23/2018 0:00:00,12:00 AM,Orlando,Orange,SR 408 WB,GOOD HOMES ROAD,0, ,Rear End,2,0,0,2,N,N,N,20000.000000000000000,Clear,Dark - Lighted,0,Rear End,W,Injury,N,Front to Rear,Motor Vehicle in Transport,On Roadway,Non-Junction,N,Not at Intersection,State,Paved,Dry,None, , ,None, , ,N,N, , , , ,0,0,1,0,0,0,0,0,2,0,0,0,2.000000000000000,0.000000000000000,0,4,0,20000,"Mapped, On Network",-81.504739999999998,28.546261283300002,643672.758031000033952,506926.940676000027452,7/2/2018 2:24:48 PM,8156_8150
228,229,1,228,3528,84537089,FHPK18OFF047581,FHP,Short,6/28/2018 0:00:00,07:10 PM,Winter Garden,Orange,STATE ROAD 429,NEW INDEPENDANCE TOLL PLAZA,0, ,Off Road,1,0,0,0,N,N,N,1500.000000000000000,Cloudy,Daylight,0,Off Road,N,Property Damage Only,N,Other,"Other Post, Pole or Support",Shoulder,Non-Junction,N,Not at Intersection,Turnpike/Toll,Paved,Dry,None, , ,None, , ,N,N, , , , ,0,0,0,0,0,0,0,0,0,0,0,0,0.000000000000000,0.000000000000000,0,2,0,1500,"Mapped, On Network",-81.616712100200004,28.499190683199998,632840.624041000031866,501484.148394000018016,7/6/2018 4:13:11 PM,6763_6186
229,230,1,229,3531,87157272,FHPK18OFF046758,FHP,Long,6/25/2018 0:00:00,01:54 PM,Winter Garden,Orange,STATR ROAD 429,AVALON ROAD,5280,South,Other,1,0,0,1,N,N,N,15000.000000000000000,Cloudy,Daylight,0,Single Vehicle,N,Injury,N,Other,Other Non-Fixed Object,Off Roadway,Non-Junction,N,Not at Intersection,Turnpike/Toll,Paved,Dry,None, , ,None, , ,N,N, , , , ,0,0,0,0,0,0,0,0,0,1,0,0,1.000000000000000,0.000000000000000,0,0,0,15000,"Mapped, On Network",-81.639838447100004,28.455734229000001,630673.884422000031918,496615.463874000008218,7/2/2018 2:42:34 PM,8035_9704
230,231,1,230,3532,87156358,FHPK18OFF047352,FHP,Short,6/27/2018 0:00:00,10:10 PM,Winter Garden,Orange,STATE ROAD 429,MILE MARKER 20 (STATE ROAD 535),10560,North,Sideswipe,2,0,0,0,N,N,N,2000.000000000000000,Clear,Dark - Lighted,0,Same Direction Sideswipe,S,Property Damage Only,N,"Sideswipe, Same Direction",Motor Vehicle in Transport,On Roadway,Non-Junction,N,Not at Intersection,Turnpike/Toll,Paved,Dry,None, , ,None, , ,N,N, , , , ,0,0,0,0,0,0,0,0,0,0,0,0,0.000000000000000,0.000000000000000,0,1,0,2000,"Mapped, On Network",-81.577780000000004,28.523099417899999,636591.545129999984056,504212.958027000015136,7/2/2018 2:42:45 PM,8462_6231
231,232,1,231,3533,87142533,FHPD18OFF064481,FHP,Long,6/28/2018 0:00:00,10:43 AM,Orlando Expwy Auth,Orange,STATE RD 408 ENTRANCE RAMP,GOOD HOMES RD,400,West,Rear End,2,0,0,0,N,N,N,10500.000000000000000,Clear,Daylight,0,Rear End,W,Property Damage Only,N,Front to Rear,Motor Vehicle in Transport,On Roadway,Non-Junction,N,Not at Intersection,State,Paved,Dry,None, , ,None, , ,N,Y,Work on Shoulder or Median,Activity Area,N,N,0,0,2,0,0,0,0,0,0,0,0,0,0.000000000000000,0.000000000000000,0,1,0,10500,"Mapped, On Network",-81.504743974999997,28.546243768099998,643672.409265000023879,506924.988045000005513,7/2/2018 2:00:42 PM,8156_8150
232,233,1,232,3536,87142532,FHPD18OFF064432,FHP,Long,6/28/2018 0:00:00,07:37 AM,Orlando Expwy Auth,Orange,STATE RD 408,STATE RD 551,0,West,Rear End,2,0,0,1,N,N,N,5000.000000000000000,Clear,Daylight,0,Rear End,W,Injury,N,Front to Rear,Motor Vehicle in Transport,On Roadway,Non-Junction,N,Not at Intersection,State,Paved,Dry,None, , ,None, , ,N,N, , , , ,0,0,0,0,0,0,0,1,0,0,0,0,0.000000000000000,0.000000000000000,0,2,0,5000,"Mapped, On Network",-81.280290202100005,28.543332115799998,665595.002604000037536,507065.182083999970928,7/2/2018 2:01:06 PM,6918_8406