FID,OBJECTID_1,Join_Count,TARGET_FID,OBJECTID,HSMV_Repor,Agency_Rep,Reporting_,Form_Type,Crash_Date,Crash_Time,City,County,Crash_Stre,Intersecti,Offset_Dis,Offset_Dir,Crash_Type,Vehicles,Non_Motori,Fatalities,Injuries,Alcohol_Re,Distractio,Drug_Relat,Estimated_,Weather_Co,Light_Cond,Street_Num,Crash_Ty_1,Crash_Ty_2,Crash_Seve,Within_Cit,Manner_of_,First_Harm,First_HE_L,First_HE_R,First_HE_W,Type_of_In,Road_Sys_I,Type_of_Sh,Road_Surf_,Contrib_Ci,Contrib__1,Contrib__2,Contrib__3,Contrib__4,Contrib__5,School_Bus,Work_Zone_,Type_of_Wo,Loc_in_Wor,Workers_in,Law_Enforc,Mopeds,Motorcycle,Passengers,Bicyclists,Pedestrian,Fataliti_1,Injuries_U,Possible_I,Non_Incapa,Incapacita,Fataliti_2,Non_Traffi,Transporte,Transpor_1,Transpor_2,Citations,Property_D,Vehicle_Dm,S4_Mapping,S4_Decimal,S4_Decim_1,S4_Albers_,S4_Albers1,S4_Mappi_1,zone_id_st
233,234,1,233,3583,87938133,2018-00241817,Orlando PD,Long,6/21/2018 0:00:00,10:22 AM,Orlando,Orange,SR 408 WEST,INTERSTATE 4 WEST (SR 400) EXIT RAMP,1000,East,Unknown,2,0,0,0,N,N,N,500.000000000000000,Cloudy,Daylight,0,Unknown, ,Property Damage Only,Y,Other,Other Non-Fixed Object,On Roadway,Non-Junction,N,Not at Intersection,State,Paved,Dry,Obstruction in Roadway, , ,None, , ,N,N, , , , ,0,0,0,0,0,0,0,0,0,0,0,0,0.000000000000000,0.000000000000000,0,0,0,500,"Mapped, On Network",-81.376392442400004,28.536518068600000,656227.617792999953963,506105.284586000023410,7/6/2018 1:35:03 PM,6737_6230
234,235,1,234,3592,87937896,2018-00250317,Orlando PD,Short,6/27/2018 0:00:00,05:50 PM,Orlando,Orange,SR 408 E,S ORANGE BLOSSOM TRL EXIT RAMP,100,East,Rear End,2,0,0,0,N,Y,N,100.000000000000000,Clear,Daylight,0,Rear End,E,Property Damage Only,Y,Front to Rear,Motor Vehicle in Transport,On Roadway,Non-Junction,N,Not at Intersection,State,Paved,Dry,None, , ,None, , ,N,N, , , , ,0,0,0,0,0,0,0,0,0,0,0,0,0.000000000000000,0.000000000000000,0,0,0,100,"Mapped, On Network",-81.393913132799995,28.535098503800000,654520.093512000050396,505911.385116000019480,7/11/2018 12:59:56 PM,8248_8267
235,236,1,235,3600,87736404,2018-00247648,Orlando PD,Long,6/25/2018 0:00:00,06:36 PM,Orlando,Orange,SR-408,SANTIAGO AV,0, ,Rear End,2,0,0,1,N,N,N,13500.000000000000000,Clear,Daylight,0,Rear End,E,Injury,Y,"Sideswipe, Same Direction",Motor Vehicle in Transport,On Roadway,Non-Junction,N,Not at Intersection,State,Paved,Dry,None, , ,None, , ,N,N, , , , ,0,0,1,0,0,0,0,0,1,0,0,0,1.000000000000000,0.000000000000000,0,0,0,13500,"Mapped, On Network",-81.321972297900004,28.539622576199999,661534.101748000015505,506564.225980999995954,7/10/2018 1:41:10 PM,8348_7102
236,237,1,236,3643,87738227,2018-00251434,Orlando PD,Short,6/28/2018 0:00:00,04:22 PM,Orlando,Orange,EW WBO,I4 WBO ENTERANCE RAMP,200,East,Rear End,2,0,0,0,N,N,N,1500.000000000000000,Clear,Daylight,0,Rear End,W,Property Damage Only,Y,Front to Rear,Motor Vehicle in Transport,On Roadway,Non-Junction,N,Not at Intersection,State,Paved,Dry,None, , ,None, , ,N,N, , , , ,0,0,2,0,0,0,0,0,0,0,0,0,0.000000000000000,0.000000000000000,0,0,0,1500,"Mapped, On Network",-81.376159368600000,28.536664011999999,656250.032048000022769,506121.973103999975137,7/3/2018 2:21:06 PM,6737_6230
237,238,1,237,3650,87736263,2018-00245547,Orlando PD,Long,6/24/2018 0:00:00,04:10 AM,Orlando,Orange,SR 417,SR 527A,5280,North,Off Road,1,0,0,0,N,N,N,5000.000000000000000,Clear,Dark - Lighted,0,Off Road,S,Property Damage Only,Y,Other,Fence,Off Roadway,Non-Junction,N,Not at Intersection,Interstate,Paved,Wet,None, , ,None, , ,N,N, , , , ,0,0,0,0,0,0,0,0,0,0,0,0,0.000000000000000,0.000000000000000,0,0,0,5000,"Mapped, On Network",-81.422397910200004,28.374506676399999,652111.338987000053748,488022.058758999977726,7/3/2018 2:23:25 PM,8290_8292
238,239,1,238,3673,87237653,FHPD18OFF064662,FHP,Long,6/28/2018 0:00:00,06:24 PM,Orlando,Orange,SR-417,MM6,300,North,Sideswipe,2,0,0,1,N,N,N,13000.000000000000000,Clear,Daylight,0,Opposing Sideswipe,NS,Injury,N,Angle,Motor Vehicle in Transport,On Roadway,Non-Junction,N,Not at Intersection,State,Unpaved,Dry,None, , ,None, , ,N,N, , , , ,0,0,2,0,0,0,0,1,0,0,0,0,0.000000000000000,0.000000000000000,0,0,0,13000,"Mapped, On Network",-81.474362600899994,28.355874311899999,647071.847595000057481,485848.073226000007708,7/5/2018 8:53:19 PM,6071_8579
239,240,1,239,3689,87227629,FHPD18OFF066244,FHP,Short,7/2/2018 0:00:00,10:35 PM,Orlando,Orange,STATE ROAD 408 (EAST WEST EXPRESSWAY),DEAN ROAD,0, ,Rear End,2,0,0,0,N,Y,N,1000.000000000000000,Clear,Dark - Lighted,0,Rear End,E,Property Damage Only,N,Front to Rear,Motor Vehicle in Transport,On Roadway,Non-Junction,N,Not at Intersection,State,Curb,Dry,None, , ,None, , ,N,Y,Lane Closure,Termination Area,Y,Y,0,0,0,0,0,0,0,0,0,0,0,0,0.000000000000000,0.000000000000000,0,1,0,1000,"Mapped, On Network",-81.244146353500000,28.547154242700000,669114.584173999959603,507567.909424000012223,7/5/2018 8:50:49 PM,6269_8009
240,241,1,240,3700,84507078,FHPD18OFF065445,FHP,Long,6/30/2018 0:00:00,02:58 PM,Unincorporated,Orange,SR-528-TOLL W,STATE ROAD 520,5280,West,Off Road,1,0,0,1,N,Y,N,7000.000000000000000,Rain,Daylight,0,Off Road,W,Injury,N,Other,Guardrail Face,Off Roadway,Non-Junction,N,Not at Intersection,State,Paved,Wet,None, , ,Weather Conditions, , ,N,N, , , , ,0,0,0,0,0,0,0,0,1,0,0,0,1.000000000000000,0.000000000000000,0,1,0,7000,"Mapped, On Network",-80.990490774099996,28.452606971100000,694136.074992000008933,497650.014864999975543,7/3/2018 2:27:40 PM,8091_5943
241,242,1,241,3708,87241863,FHPD18OFF064093,FHP,Long,6/27/2018 0:00:00,08:35 AM,Orlando,Orange,STATE ROAD 408 WB,MM20,0, ,Rear End,2,0,0,1,N,N,N,10000.000000000000000,Clear,Daylight,0,Rear End,W,Injury,N,Front to Rear,Motor Vehicle in Transport,On Roadway,Non-Junction,N,Not at Intersection,State,Paved,Dry,None, , ,None, , ,N,Y,Intermittent or Moving Work,Transition Area,N,N,0,0,0,0,0,0,0,1,0,0,0,0,0.000000000000000,0.000000000000000,0,1,0,10000,"Mapped, On Network",-81.218850000000003,28.547620049399999,671583.239821000024676,507675.085490000026766,7/5/2018 8:52:48 PM,8077_8070
242,243,1,242,3781,87247645,FHPD18OFF065204,FHP,Long,6/29/2018 0:00:00,09:40 PM,Orlando,Orange,STATE ROAD 417 SB,MM 30,0, ,Rear End,2,0,0,2,N,N,N,14000.000000000000000,Clear,Dark - Lighted,0,Rear End,S,Injury,N,Front to Rear,Motor Vehicle in Transport,On Roadway,Non-Junction,N,Not at Intersection,Interstate,Paved,Dry,None, , ,None, , ,N,N, , , , ,0,0,1,0,0,0,0,0,0,2,0,0,2.000000000000000,0.000000000000000,0,0,0,14000,"Mapped, On Network",-81.250807271900001,28.517957355400000,668536.522713999962434,504311.709166000015102,7/5/2018 11:35:03 AM,6968_8555
243,244,1,243,3782,87249495,FHPD18OFF066132,FHP,Short,7/2/2018 0:00:00,04:17 PM,Orlando Expwy Auth,Orange,SR-528-TOLL E,24MM,0, ,Rear End,2,0,0,0,N,N,N,4000.000000000000000,Clear,Daylight,0,Rear End,E,Property Damage Only,Y,Front to Rear,Motor Vehicle in Transport,On Roadway,Non-Junction,N,Not at Intersection,State,Paved,Dry,None, , ,None, , ,N,Y,Work on Shoulder or Median,Activity Area,Y,N,0,0,0,0,0,0,0,0,0,0,0,0,0.000000000000000,0.000000000000000,0,1,0,4000,"Mapped, On Network",-81.092052100199993,28.451565368499999,684214.521466000005603,497296.207728000008501,7/5/2018 9:32:08 PM,8109_6321
244,245,1,244,3795,87257846,FHPD18OFF066241,FHP,Long,7/2/2018 0:00:00,10:28 PM,Orlando,Orange,SR 408 EB,MM 7,0, ,Rear End,2,0,0,0,N,N,N,12500.000000000000000,Clear,Dark - Lighted,0,Rear End,E,Property Damage Only,N,Front to Rear,Motor Vehicle in Transport,On Roadway,Entrance/Exit Ramp,N,Not at Intersection,State,Paved,Dry,None, , ,None, , ,N,N, , , , ,0,0,2,0,0,0,0,0,0,0,0,0,0.000000000000000,0.000000000000000,0,1,0,12500,"Mapped, On Network",-81.427046050100003,28.545764734799999,651259.968969000037760,507027.723268000001553,7/5/2018 8:58:48 PM,6014_8237
245,246,1,245,3856,87204648,FHPD18OFF066141,FHP,Long,7/2/2018 0:00:00,04:40 PM,Orlando Expwy Auth,Orange,SR-417,MM23,0,South,Rear End,2,0,0,0,N,N,N,1700.000000000000000,Cloudy,Daylight,0,Rear End,N,Property Damage Only,N,Front to Rear,Motor Vehicle in Transport,On Roadway,Non-Junction,N,Not at Intersection,Turnpike/Toll,Paved,Wet,None, , ,None, , ,N,N, , , , ,0,0,0,0,0,0,0,0,0,0,0,0,0.000000000000000,0.000000000000000,0,1,0,1700,"Mapped, On Network",-81.227798190000001,28.413995144000001,671043.167491000029258,492819.276730999990832,7/6/2018 4:26:13 PM,8533_8540
246,247,1,246,3858,87234150,FHPK18OFF048832,FHP,Long,7/3/2018 0:00:00,01:41 PM,Winter Garden,Orange,STATE ROAD 429,MILE MARKER 20,0, ,Unknown,2,0,0,0,N,N,N,250.000000000000000,Cloudy,Daylight,0,Unknown,S,Property Damage Only,N,"Sideswipe, Same Direction",Motor Vehicle in Transport,On Roadway,Non-Junction,N,Not at Intersection,Turnpike/Toll,Paved,Dry,None, , ,None, , ,N,N, , , , ,0,0,1,0,0,0,0,0,0,0,0,0,0.000000000000000,0.000000000000000,0,0,0,250,"Mapped, On Network",-81.575776352199995,28.524812656200002,636783.487064999993891,504407.032439999980852,7/10/2018 2:38:32 PM,6989_8464
247,248,1,247,3861,87204649,FHPD18OFF066150,FHP,Long,7/2/2018 0:00:00,05:04 PM,Orlando Expwy Auth,Orange,SR-408,MM5,5280,West,Unknown,2,0,0,0,N,N,N,2400.000000000000000,Rain,Daylight,0,Unknown,E,Property Damage Only,N,Other,Motor Vehicle in Transport,On Roadway,Non-Junction,N,Not at Intersection,Turnpike/Toll,Paved,Wet,None, , ,Weather Conditions, , ,N,N, , , , ,0,0,0,0,0,0,0,0,0,0,0,0,0.000000000000000,0.000000000000000,0,0,0,2400,"Mapped, On Network",-81.447981252299996,28.548391251000002,649209.813761999947019,507276.867552999989130,7/10/2018 2:22:31 PM,6994_8201
248,249,1,248,3892,87240767,FHPD18OFF060731,FHP,Short,6/18/2018 0:00:00,08:00 AM,Orlando Expwy Auth,Orange,WB SR-408,SR-551,0,East,Rear End,3,0,0,0,N,N,N,10000.000000000000000,Cloudy,Daylight,0,Rear End,W,Property Damage Only,Y,Front to Rear,Motor Vehicle in Transport,On Roadway,Non-Junction,N,Not at Intersection,State,Paved,Dry,None, , ,None, , ,N,N, , , , ,0,0,0,0,0,0,0,0,0,0,0,0,0.000000000000000,0.000000000000000,0,1,0,10000,"Mapped, On Network",-81.281395260200000,28.542507242799999,665489.124344000010751,506971.217791999981273,7/9/2018 2:58:15 PM,8408_8412
249,250,1,249,3896,87938530,2018-00250268,Orlando PD,Long,6/27/2018 0:00:00,04:54 PM,Orlando,Orange,CENTRAL FL GRNWY NBO(S.R. 417),LAKE NONA BLVD,2640,East,Other,1,0,0,0,N,N,N,3000.000000000000000,Rain,Daylight,0,Single Vehicle,E,Property Damage Only,Y,Angle,Motor Vehicle in Transport,On Roadway,Non-Junction,N,Not at Intersection,State,Paved,Wet,Road Surface Condition, , ,Weather Conditions, , ,N,N, , , , ,0,0,0,0,0,0,0,0,0,0,0,0,0.000000000000000,0.000000000000000,0,0,0,3000,"Mapped, On Network",-81.265975373499998,28.383058527799999,667387.298979999963194,489301.067748999979813,7/11/2018 11:01:43 AM,8502_6701
250,251,1,250,3901,87737374,2018-00256770,Orlando PD,Short,7/2/2018 0:00:00,04:35 PM,Orlando,Orange,EW EBO,I4 WBO,0, ,Rear End,2,0,0,0,N,N,N,1000.000000000000000,Clear,Daylight,0,Rear End,S,Property Damage Only,Y,Front to Rear,Motor Vehicle in Transport,On Roadway,Non-Junction,N,Not at Intersection,State,Paved,Dry,None, , ,None, , ,N,N, , , , ,0,0,0,0,0,0,0,0,0,0,0,0,0.000000000000000,0.000000000000000,0,0,0,1000,"Mapped, On Network",-81.391857862899997,28.535106956600000,654720.769005000009201,505916.567370000004303,7/11/2018 12:00:02 PM,8267_6679
251,252,1,251,3937,87230688,FHPD18OFF064806,FHP,Long,6/29/2018 0:00:00,08:19 AM,Orlando,Orange,STATE ROAD 417,NORTH BOUND MILE MARKER 22,0, ,Other,1,0,0,1,N,Y,N,1500.000000000000000,Clear,Daylight,0,Single Vehicle,S,Injury,N,Other,Motor Vehicle in Transport,On Roadway,Non-Junction,N,Not at Intersection,State,Unpaved,Dry,None, , ,None, , ,N,N, , , , ,0,0,0,0,0,0,0,1,0,0,0,0,0.000000000000000,0.000000000000000,0,1,0,1500,"Mapped, On Network",-81.233599999999996,28.406340692200001,670495.078129000030458,491956.673910000012256,7/5/2018 8:48:29 PM,8598_8531
252,253,1,252,3947,87938492,2018-00255405,Orlando PD,Long,7/1/2018 0:00:00,04:26 PM,Orlando,Orange,EW EBO,S ORANGE BLOSSOM TL,200,West,Rear End,3,0,0,0,N,N,N,3500.000000000000000,Rain,Daylight,0,Rear End,E,Property Damage Only,Y,Front to Rear,Motor Vehicle in Transport,On Roadway,Non-Junction,N,Not at Intersection,State,Paved,Wet,None, , ,None, , ,N,N, , , , ,0,0,0,0,0,0,0,0,0,0,0,0,0.000000000000000,0.000000000000000,0,0,0,3500,"Mapped, On Network",-81.400290096700004,28.535224506199999,653897.093003000016324,505912.229411999986041,7/6/2018 3:34:43 PM,8252_8244
253,254,1,253,3948,87938085,2018-00252738,Orlando PD,Long,6/29/2018 0:00:00,03:23 PM,Orlando,Orange,EAST/WEST EXPRESSWAY (SR 408),I-4 EAST,100,West,Unknown,2,0,0,0,N,N,N,1500.000000000000000,Rain,Daylight,0,Unknown, ,Property Damage Only,Y,"Sideswipe, Same Direction",Motor Vehicle in Transport,On Roadway,Non-Junction,N,Not at Intersection,State,Curb,Wet,None, , ,None, , ,N,N, , , , ,0,0,0,0,0,0,0,0,0,0,0,0,0.000000000000000,0.000000000000000,0,0,0,1500,"Mapped, On Network",-81.389087209699994,28.535130318200000,654991.265865999972448,505924.887390999996569,7/11/2018 11:02:56 AM,8267_6679
254,255,1,254,3950,87737742,2018-00245438,Orlando PD,Long,6/24/2018 0:00:00,01:30 AM,Orlando,Orange,SR 408 WESTBOUND,CRYSTAL LAKE EXIT,5280,East,Unknown,2,0,0,0,N,N,N,1000.000000000000000,Clear,Dark - Lighted,0,Unknown,W,Property Damage Only,Y,"Sideswipe, Same Direction",Motor Vehicle in Transport,On Roadway,Non-Junction,N,Not at Intersection,State,Paved,Dry,None, , ,None, , ,N,N, , , , ,0,0,3,0,0,0,0,0,0,0,0,0,0.000000000000000,0.000000000000000,0,0,0,1000,"Mapped, On Network",-81.340061590100007,28.538477318300000,659770.533738999976777,506398.832452000002377,7/11/2018 2:32:53 PM,8353_6185
255,256,1,255,3976,87938029,2018-00242104,Orlando PD,Long,6/21/2018 0:00:00,05:59 PM,Orlando,Orange,BEELINE EBO (SR 528),S SEMORAN BLVD (SR 436),0,West,Unknown,2,0,0,0,N,N,N,2000.000000000000000,Cloudy,Daylight,0,Unknown, ,Property Damage Only,Y,Front to Rear,Motor Vehicle in Transport,On Roadway,Non-Junction,N,Not at Intersection,Turnpike/Toll,Paved,Wet,None, , ,None, , ,N,N, , , , ,0,0,0,0,0,0,0,0,0,0,0,0,0.000000000000000,0.000000000000000,0,0,0,2000,"Mapped, On Network",-81.322390536200004,28.451315915100000,661706.192599999951199,496758.649990000005346,7/11/2018 2:06:28 PM,6947_8301
256,257,1,256,3977,87736826,2018-00249028,Orlando PD,Long,6/26/2018 0:00:00,06:00 PM,Orlando,Orange,EW EBO,S SEMORAN BV,1000,West,Unknown,4,0,0,1,N,N,N,10500.000000000000000,Clear,Daylight,0,Unknown,E,Injury,Y,Other,Motor Vehicle in Transport,On Roadway,Non-Junction,N,Not at Intersection,Turnpike/Toll,Paved,Dry,None, , ,None, , ,N,N, , , , ,0,0,2,0,0,0,0,0,1,0,0,0,0.000000000000000,0.000000000000000,0,0,0,10500,"Mapped, On Network",-81.310591669999994,28.539497787700000,662645.651390000013635,506574.558913999993820,7/6/2018 4:50:11 PM,6301_6218
257,258,1,257,3990,87240774,FHPD18OFF065288,FHP,Long,6/30/2018 0:00:00,07:45 AM,Orlando Expwy Auth,Orange,EB SR-408,SR-435,0,West,Off Road,1,0,0,0,N,N,N,10000.000000000000000,Cloudy,Daylight,0,Off Road,E,Property Damage Only,Y,Other,Guardrail Face,Median,Non-Junction,N,Not at Intersection,State,Paved,Dry,None, , ,None, , ,N,Y,Intermittent or Moving Work,Activity Area,N,N,0,0,0,0,0,0,0,0,0,0,0,0,0.000000000000000,0.000000000000000,0,0,0,10000,"Mapped, On Network",-81.452905438299993,28.548148111600000,648729.583143000025302,507239.929438000021037,7/2/2018 2:20:37 PM,8205_6294
258,259,1,258,3992,87938366,2018-00251382,Orlando PD,Long,6/28/2018 0:00:00,03:45 PM,Orlando,Orange,SR 417 NORTH ENTRANCE RAMP,LAKE NONA BV,300,East,Rear End,2,0,0,0,N,N,N,3750.000000000000000,Cloudy,Daylight,0,Rear End,E,Property Damage Only,Y,Front to Rear,Motor Vehicle in Transport,On Roadway,Non-Junction,N,Not at Intersection,Interstate,Paved,Dry,None, , ,None, , ,N,N, , , , ,0,0,0,0,0,0,0,0,0,0,0,0,0.000000000000000,0.000000000000000,0,0,0,3750,"Mapped, On Network",-81.243447892700004,28.400936938499999,669545.738311000051908,491335.137630000011995,7/2/2018 1:37:23 PM,8512_8598
259,260,1,259,4024,84507077,FHPD18OFF065472,FHP,Short,6/30/2018 0:00:00,03:39 PM,Unincorporated,Orange,STATE ROAD 528,STATE ROAD 520,5280,West,Unknown,2,0,0,0,N,Y,N,700.000000000000000,Rain,Daylight,0,Unknown,E,Property Damage Only,N,Front to Rear,Motor Vehicle in Transport,On Roadway,Non-Junction,N,Not at Intersection,State,Paved,Wet,None, , ,Weather Conditions, , ,N,N, , , , ,0,0,7,0,0,0,0,0,0,0,0,0,0.000000000000000,0.000000000000000,0,1,0,700,"Mapped, On Network",-81.000948257399997,28.452585024899999,693114.268121000030078,497622.677913999999873,7/2/2018 2:20:20 PM,8091_5943
260,261,1,260,4054,87222389,FHPD18OFF064785,FHP,Long,6/29/2018 0:00:00,07:20 AM,Orlando,Orange,STATE ROAD-408 WB (EAST WEST EXPWY),ECONLOCKHATCHEE TRAIL,600,East,Rear End,2,0,0,0,N,N,N,9000.000000000000000,Clear,Daylight,0,Rear End,W,Property Damage Only,N,Front to Rear,Motor Vehicle in Transport,On Roadway,Non-Junction,N,Not at Intersection,State,Paved,Dry,None, , ,None, , ,N,Y,Work on Shoulder or Median,Activity Area,Y,N,0,0,0,0,0,0,0,0,0,0,0,0,0.000000000000000,0.000000000000000,0,1,0,9000,"Mapped, On Network",-81.251561335000005,28.547575457699999,668389.574055999983102,507598.515897999983281,7/9/2018 2:46:29 PM,8013_8024
261,262,1,261,4055,87938080,2018-00255398,Orlando PD,Long,7/1/2018 0:00:00,04:18 PM,Orlando,Orange,SR 408 EBO,INTERSTATE 4 (SR 400),0, ,Unknown,2,0,0,0,N,N,N,2000.000000000000000,Rain,Daylight,0,Unknown, ,Property Damage Only,Y,Angle,Motor Vehicle in Transport,On Roadway,Non-Junction,N,Not at Intersection,State,Paved,Wet,Work Zone, , ,None, , ,N,N, , , , ,0,0,1,0,0,0,0,0,0,0,0,0,0.000000000000000,0.000000000000000,0,0,0,2000,"Mapped, On Network",-81.383280772700004,28.535145347600000,655558.223245000001043,505938.576093000010587,7/12/2018 1:28:27 PM,6679_6276
262,263,1,262,4057,87204650,FHPD18OFF066433,FHP,Long,7/3/2018 0:00:00,02:43 PM,Orlando Expwy Auth,Orange,SR-417,MM7,5280,North,Off Road,1,0,0,1,N,N,N,3800.000000000000000,Rain,Daylight,0,Off Road,S,Injury,N,Other,Guardrail Face,Shoulder,Non-Junction,N,Not at Intersection,Turnpike/Toll,Paved,Wet,None, , ,None, , ,N,N, , , , ,0,0,0,0,0,0,0,0,1,0,0,0,1.000000000000000,0.000000000000000,0,1,0,3800,"Mapped, On Network",-81.453106660299994,28.357133717000000,649148.038535999949090,486030.676328999979887,7/6/2018 4:26:40 PM,6975_6889
263,264,1,263,4067,87738211,2018-00258444,Orlando PD,Long,7/3/2018 0:00:00,07:15 PM,Orlando,Orange,EW WBO, ,0,West,Other,1,0,0,0,N,N,N,5000.000000000000000,Clear,Daylight,0,Single Vehicle,W,Property Damage Only,Y,Other,Motor Vehicle in Transport,On Roadway,Non-Junction,N,Not at Intersection,State,Curb,Dry,None, , ,None, , ,N,N, , , , ,0,0,0,0,0,0,0,0,0,0,0,0,0.000000000000000,0.000000000000000,0,0,0,5000,"Mapped, On Network",-81.291670176599993,28.539698841900002,664492.724163000006229,506637.324135000002570,7/11/2018 11:57:03 AM,8427_6883
264,265,1,264,4096,87249497,FHPD18OFF067472,FHP,Short,7/6/2018 0:00:00,04:12 PM,Orlando Expwy Auth,Orange,SR417,37MM,0, ,Rear End,3,0,0,0,N,N,N,4500.000000000000000,Rain,Daylight,0,Rear End,N,Property Damage Only,Y,Front to Rear,Motor Vehicle in Transport,On Roadway,Non-Junction,N,Not at Intersection,State,Paved,Wet,None, , ,None, , ,N,N, , , , ,0,0,0,0,0,0,0,0,0,0,0,0,0.000000000000000,0.000000000000000,0,1,0,4500,"Mapped, On Network",-81.256637899799998,28.607580672600001,667745.681970000034198,514249.738477999984752,7/9/2018 3:36:15 PM,5988_6758
265,266,1,265,4097,87249498,FHPD18OFF067498,FHP,Long,7/6/2018 0:00:00,04:51 PM,Orlando Expwy Auth,Orange,SR417,14MM,0, ,Sideswipe,2,0,0,0,N,N,N,2000.000000000000000,Rain,Daylight,0,Same Direction Sideswipe,N,Property Damage Only,Y,"Sideswipe, Same Direction",Motor Vehicle in Transport,On Roadway,Non-Junction,N,Not at Intersection,State,Paved,Wet,None, , ,None, , ,N,N, , , , ,0,0,0,0,0,0,0,0,0,0,0,0,0.000000000000000,0.000000000000000,0,1,0,2000,"Mapped, On Network",-81.351298150199995,28.368903431300001,659077.808257999946363,487547.289017000002787,7/9/2018 3:36:01 PM,8466_7095
266,267,1,266,4129,87234382,FHPD18OFF064244,FHP,Long,6/27/2018 0:00:00,03:39 PM,Unincorporated,Orange,STATE ROAD 528 (BEACHLINE EXPRESSWAY),STATE ROAD 520,30,East,Off Road,1,0,0,0,N,N,N,10000.000000000000000,Cloudy,Daylight,0,Off Road,E,Property Damage Only,N,Other,Guardrail Face,On Roadway,Non-Junction,N,Not at Intersection,State,Paved,Wet,None, , ,None, , ,N,N, , , , ,0,0,0,0,0,0,0,0,0,0,0,0,0.000000000000000,0.000000000000000,0,0,0,10000,"Mapped, On Network",-80.973572369999999,28.452716281600001,695788.975737000000663,497702.618911000026856,7/9/2018 2:53:11 PM,6598_8091
267,268,1,267,4132,87247016,FHPD18OFF067814,FHP,Long,7/7/2018 0:00:00,03:40 PM,Unincorporated,Orange,SR-528 E,SR 520,20,East,Off Road,1,0,0,0,N,N,N,6000.000000000000000,Rain,Daylight,0,Off Road,E,Property Damage Only,N,Other,Guardrail Face,On Roadway,Non-Junction,N,Not at Intersection,State,Paved,Wet,None, , ,None, , ,N,N, , , , ,0,0,0,0,0,0,0,0,0,0,0,0,0.000000000000000,0.000000000000000,0,0,0,6000,"Mapped, On Network",-80.974075871200000,28.452515671600001,695740.322384999948554,497679.138962000026368,7/9/2018 3:02:56 PM,8083_6824
268,269,1,268,4141,87938484,2018-00254330,Orlando PD,Long,6/30/2018 0:00:00,07:34 PM,Orlando,Orange,EW EBO,I4 EBO,0,North,Rear End,4,0,0,0,N,N,N,7501.000000000000000,Clear,Daylight,0,Rear End,N,Property Damage Only,Y,Front to Rear,Motor Vehicle in Transport,On Roadway,Non-Junction,Y,Not at Intersection,State,Paved,Wet,None, , ,None, , ,N,N, , , , ,0,0,0,0,0,0,0,0,0,0,0,0,0.000000000000000,0.000000000000000,0,0,0,7501,"Mapped, On Network",-81.392437547200004,28.535126983900000,654664.116310999961570,505917.593753999972250,7/11/2018 12:02:38 PM,8248_8267
269,270,1,269,4142,87737203,2018-00248933,Orlando PD,Short,6/26/2018 0:00:00,04:40 PM,Orlando,Orange,SR 528,SR 436 RAMP,0,East,Other,1,0,0,0,N,N,N,2000.000000000000000,Clear,Daylight,0,Single Vehicle,E,Property Damage Only,Y,"Sideswipe, Same Direction",Motor Vehicle in Transport,Off Roadway,Non-Junction,N,Not at Intersection,Interstate,Unpaved,Dry,None, , ,None, , ,N,N, , , , ,0,0,0,0,0,0,0,0,0,0,0,0,0.000000000000000,0.000000000000000,0,0,0,2000,"Mapped, On Network",-81.303697830399997,28.451385334400001,663532.735520999995060,496806.166978000022937,7/5/2018 10:58:21 AM,8296_8190
270,271,1,270,4162,87225399,FHPD18OFF066720,FHP,Short,7/4/2018 0:00:00,12:20 PM,Orlando,Orange,SR 417 EXIT RAMP,US 441 (ORANGE BLOSSOM TRL),10,West,Other,2,0,0,0,N,N,N,2400.000000000000000,Cloudy,Daylight,0,Other,E,Property Damage Only,N,Front to Rear,Motor Vehicle in Transport,On Roadway,Intersection-Related,N,Four-Way Intersection,State,Curb,Dry,None, , ,None, , ,N,N, , , , ,0,0,0,0,0,0,0,0,0,0,0,0,0.000000000000000,0.000000000000000,0,0,0,2400,"Mapped, On Network",-81.412775162800003,28.375169174300002,653050.843882999964990,488115.327470000018366,7/9/2018 2:55:19 PM,8107_8280
271,272,1,271,4175,87733964,2018-00249083,Orlando PD,Short,6/26/2018 0:00:00,06:56 PM,Orlando,Orange,SR 528,SR 528 AT TRADEPORT DR,0,East,Rear End,2,0,0,0,N,N,N,0.000000000000000,Clear,Daylight,0,Rear End,E,Property Damage Only,Y,Front to Rear,Motor Vehicle in Transport,On Roadway,Non-Junction,N,Not at Intersection,State,Paved,Dry,None,None,None,None,None,None,N,N, , , , ,0,0,1,0,0,0,0,0,0,0,0,0,0.000000000000000,0.000000000000000,0,0,0,0,"Mapped, On Network",-81.332597109399998,28.451307467700001,660708.791117000044324,496736.092279999982566,7/5/2018 9:24:36 PM,8336_11452