FID,OBJECTID_1,Join_Count,TARGET_FID,OBJECTID,HSMV_Repor,Agency_Rep,Reporting_,Form_Type,Crash_Date,Crash_Time,City,County,Crash_Stre,Intersecti,Offset_Dis,Offset_Dir,Crash_Type,Vehicles,Non_Motori,Fatalities,Injuries,Alcohol_Re,Distractio,Drug_Relat,Estimated_,Weather_Co,Light_Cond,Street_Num,Crash_Ty_1,Crash_Ty_2,Crash_Seve,Within_Cit,Manner_of_,First_Harm,First_HE_L,First_HE_R,First_HE_W,Type_of_In,Road_Sys_I,Type_of_Sh,Road_Surf_,Contrib_Ci,Contrib__1,Contrib__2,Contrib__3,Contrib__4,Contrib__5,School_Bus,Work_Zone_,Type_of_Wo,Loc_in_Wor,Workers_in,Law_Enforc,Mopeds,Motorcycle,Passengers,Bicyclists,Pedestrian,Fataliti_1,Injuries_U,Possible_I,Non_Incapa,Incapacita,Fataliti_2,Non_Traffi,Transporte,Transpor_1,Transpor_2,Citations,Property_D,Vehicle_Dm,S4_Mapping,S4_Decimal,S4_Decim_1,S4_Albers_,S4_Albers1,S4_Mappi_1,zone_id_st
272,273,1,272,4230,87246271,FHPD18OFF067247,FHP,Long,7/5/2018 0:00:00,11:30 PM,Orlando,Orange,STATE ROAD 528 (BEACHLINE EXPRESS WAY),NARCOOSSEE ROAD,10,West,Unknown,2,0,0,1,N,N,N,100.000000000000000,Cloudy,Dark - Lighted,0,Unknown,E,Injury,N,Front to Rear,Motor Vehicle in Transport,On Roadway,Intersection-Related,N,Not at Intersection,State,Unpaved,Wet,None, , ,None, , ,N,N, , , , ,0,0,1,0,0,0,0,1,0,0,0,0,0.000000000000000,0.000000000000000,0,1,0,100,"Mapped, On Network",-81.270247118100002,28.448459066300000,666808.823111000005156,496553.195784999988973,7/10/2018 2:33:48 PM,6156_8052
273,274,1,273,4241,87249499,FHPD18OFF067840,FHP,Short,7/7/2018 0:00:00,04:46 PM,Orlando Expwy Auth,Orange,SR417,30MM,0, ,Off Road,1,0,0,0,N,N,N,4000.000000000000000,Rain,Daylight,0,Off Road,N,Property Damage Only,Y,Other,Guardrail Face,Off Roadway,Non-Junction,N,Not at Intersection,State,Paved,Wet,None, , ,None, , ,N,N, , , , ,0,0,0,0,0,0,0,0,0,0,0,0,0.000000000000000,0.000000000000000,0,1,0,4000,"Mapped, On Network",-81.250520129199998,28.517572072899998,668565.519626999972388,504269.557186999998521,7/10/2018 2:16:36 PM,8553_6689
274,275,1,274,4242,87249501,FHPD18OFF068122,FHP,Long,7/8/2018 0:00:00,03:27 PM,Orlando Expwy Auth,Orange,SR417,31MM,0, ,Off Road,1,0,0,1,N,N,N,6000.000000000000000,Clear,Daylight,0,Off Road,N,Injury,Y,Other,Guardrail Face,Off Roadway,Non-Junction,N,Not at Intersection,State,Paved,Dry,None, , ,None, , ,N,N, , , , ,0,0,0,0,0,0,0,0,1,0,0,0,1.000000000000000,0.000000000000000,0,1,0,6000,"Mapped, On Network",-81.250790129199999,28.532059039100002,668503.285218999953941,505877.433633000007831,7/10/2018 2:16:46 PM,6689_11878
275,276,1,275,4292,87738315,2018-00253213,Orlando PD,Long,6/29/2018 0:00:00,10:41 PM,Orlando,Orange,SR-528,SR-436,2500,East,Sideswipe,2,0,0,0,N,N,N,2.000000000000000,Clear,Dark - Lighted,0,Same Direction Sideswipe,E,Property Damage Only,Y,Angle,Other Non-Collision,On Roadway,Non-Junction,N,Not at Intersection,State,Paved,Wet,Road Surface Condition, , ,None, , ,N,N, , , , ,0,0,1,0,0,0,0,0,0,0,0,0,0.000000000000000,0.000000000000000,0,0,0,2,"Mapped, On Network",-81.317946199600001,28.451336584400000,662140.458126000012271,496770.384803000022657,7/12/2018 1:45:42 PM,6947_8301
276,277,1,276,4341,87204653,FHPD18OFF069085,FHP,Long,7/11/2018 0:00:00,01:42 PM,Orlando Expwy Auth,Orange,SR-417 NB EXIT RAMP 10,JOHN YOUNG PARKWAY,0, ,Rear End,2,0,0,0,N,Y,N,2400.000000000000000,Clear,Daylight,0,Rear End,N,Property Damage Only,N,Front to Rear,Motor Vehicle in Transport,On Roadway,Intersection,N,Not at Intersection,State,Curb,Dry,None, , ,None, , ,N,N, , , , ,0,0,5,0,0,0,0,0,0,0,0,0,0.000000000000000,0.000000000000000,0,1,0,2400,"Mapped, On Network",-81.417745890199996,28.375529131600000,652563.901915000053123,488145.103881000017282,7/13/2018 3:51:47 PM,8277_8290
277,278,1,277,4346,87233409,FHPK18OFF050888,FHP,Long,7/12/2018 0:00:00,08:38 AM,Winter Garden,Orange,STATE ROAD 429,SCHOFIELD ROAD,5280,South,Other,1,0,0,0,N,N,N,500.000000000000000,Clear,Daylight,0,Single Vehicle,N,Property Damage Only,N,Other,Other Non-Fixed Object,On Roadway,Non-Junction,N,Not at Intersection,Turnpike/Toll,Paved,Dry,None, , ,None, , ,N,N, , , , ,0,0,0,0,0,0,0,0,0,0,0,0,0.000000000000000,0.000000000000000,0,0,0,500,"Mapped, On Network",-81.636452100200003,28.434880689400000,631049.199717000010423,494306.307397999975365,7/13/2018 3:53:45 PM,6244_9706
278,279,1,278,4349,87234156,FHPK18OFF051046,FHP,Short,7/12/2018 0:00:00,06:25 PM,Winter Garden,Orange,STATE ROAD 429,MILE MARKER 22,0, ,Rear End,2,0,0,0,N,N,N,1500.000000000000000,Clear,Daylight,0,Rear End,S,Property Damage Only,N,Front to Rear,Motor Vehicle in Transport,On Roadway,Non-Junction,N,Not at Intersection,Turnpike/Toll,Unpaved,Dry,None, , ,None, , ,N,N, , , , ,0,0,0,0,0,0,0,0,0,0,0,0,0.000000000000000,0.000000000000000,0,1,0,1500,"Mapped, On Network",-81.557231028999993,28.542659479400001,638555.386590000009164,506424.384967999998480,7/17/2018 3:15:33 PM,8529_8524
279,280,1,279,4350,87938614,2018-00265679,Orlando PD,Long,7/9/2018 0:00:00,08:48 AM,Orlando,Orange,SR408 EAST,S ORANGE AV EXIT RAMP,200,West,Rear End,2,0,0,1,N,N,N,5000.000000000000000,Clear,Daylight,0,Rear End,E,Injury,Y,Front to Rear,Motor Vehicle in Transport,On Roadway,Non-Junction,N,Not at Intersection,State,Paved,Dry,None, , ,None, , ,N,N, , , , ,0,0,2,0,0,0,0,1,0,0,0,0,0.000000000000000,0.000000000000000,0,1,0,5000,"Mapped, On Network",-81.378009044099997,28.535787884600001,656071.484588999999687,506020.853683000023011,7/12/2018 1:34:15 PM,6679_6276
280,281,1,280,4355,87737280,2018-00261295,Orlando PD,Long,7/5/2018 0:00:00,09:10 PM,Orlando,Orange,BEELINE EBO(SR528),S GOLDENROD RD(SR551),5280,West,Rear End,2,0,0,1,N,N,N,2000.000000000000000,Rain,Dark - Lighted,0,Rear End,E,Injury,Y,Front to Rear,Motor Vehicle in Transport,On Roadway,Non-Junction,N,Not at Intersection,State,Paved,Wet,None, , ,None, , ,N,N, , , , ,0,0,0,0,0,0,0,0,1,0,0,0,0.000000000000000,0.000000000000000,0,0,0,2000,"Mapped, On Network",-81.296817006100000,28.450691960499999,664206.837773000006564,496743.905448000004981,7/12/2018 1:44:09 PM,8190_8186
281,282,1,281,4376,87233405,FHPK18OFF049509,FHP,Long,7/6/2018 0:00:00,07:47 AM,Ocoee,Orange,STATE ROAD 429,STATE ROAD 50,5280,North,Sideswipe,2,0,0,0,N,N,N,2000.000000000000000,Cloudy,Daylight,0,Same Direction Sideswipe,S,Property Damage Only,N,Other,Motor Vehicle in Transport,On Roadway,Non-Junction,N,Not at Intersection,Turnpike/Toll,Paved,Wet,None, , ,None, , ,N,N, , , , ,0,0,0,0,0,0,0,0,0,0,0,0,0.000000000000000,0.000000000000000,0,1,0,2000,"Mapped, On Network",-81.559482154099996,28.555916918900000,638306.438721999991685,507892.059084000007715,7/9/2018 3:39:05 PM,8498_8500
282,283,1,282,4378,87142506,FHPD18OFF056946,FHP,Long,6/7/2018 0:00:00,07:07 PM,Orlando Expwy Auth,Orange,STATE RD 417,LEE VISTA BLVD,5280,South,Unknown,2,0,0,1,N,N,N,9000.000000000000000,Rain,Dusk,0,Unknown, ,Injury,N,Angle,Motor Vehicle in Transport,On Roadway,Non-Junction,N,Not at Intersection,State,Paved,Wet,Road Surface Condition, , ,Weather Conditions, , ,N,N, , , , ,0,0,0,0,0,0,0,0,1,0,0,0,1.000000000000000,0.000000000000000,0,2,0,9000,"Mapped, On Network",-81.236279074899997,28.467497621000000,670080.958817000035197,498740.970631000003777,7/19/2018 10:47:55 AM,8546_7092
283,284,1,283,4398,87240776,FHPD18OFF067716,FHP,Short,7/7/2018 0:00:00,10:55 AM,Orlando Expwy Auth,Orange,WB SR-408 ENTRANCE RAMP,SR-434,10,West,Rear End,2,0,0,0,N,N,N,12000.000000000000000,Cloudy,Daylight,0,Rear End,W,Property Damage Only,Y,Front to Rear,Motor Vehicle in Transport,On Roadway,Entrance/Exit Ramp,N,Four-Way Intersection,State,Paved,Dry,None, , ,None, , ,N,N, , , , ,0,0,0,0,0,0,0,0,0,0,0,0,0.000000000000000,0.000000000000000,0,1,0,12000,"Mapped, On Network",-81.204040845199998,28.549825077100000,673023.575807000044733,507952.605587999976706,7/9/2018 3:40:51 PM,8041_6970
284,285,1,284,4403,87249500,FHPD18OFF067858,FHP,Long,7/7/2018 0:00:00,05:37 PM,Orlando Expwy Auth,Orange,SR408,21MM,0, ,Off Road,1,0,0,0,N,N,N,4000.000000000000000,Rain,Daylight,0,Off Road,W,Property Damage Only,Y,Other,Ditch,Off Roadway,Non-Junction,N,Not at Intersection,State,Paved,Wet,None, , ,None, , ,N,N, , , , ,0,0,0,0,0,0,0,0,0,0,0,0,0.000000000000000,0.000000000000000,0,0,0,4000,"Mapped, On Network",-81.204060250400005,28.549820049499999,673021.693882000050507,507952.004422000027262,7/9/2018 3:41:04 PM,8041_6970
285,286,1,285,4418,87111233,FHPK18OFF040444,FHP,Long,6/1/2018 0:00:00,06:00 PM,Orlando Expwy Auth,Orange,SR 429 (DANIEL WEBSTER EXPRESSWAY),MM 19 (STONEYBROOK WEST PKWY),0, ,Unknown,2,0,0,0,N,N,N,500.000000000000000,Clear,Daylight,0,Unknown,N,Property Damage Only,N,"Sideswipe, Same Direction",Motor Vehicle in Transport,On Roadway,Non-Junction,N,Not at Intersection,Turnpike/Toll,Paved,Dry,None, , ,None, , ,N,N, , , , ,0,0,1,0,0,0,0,0,0,0,0,0,0.000000000000000,0.000000000000000,0,0,0,500,"Mapped, On Network",-81.573857109499997,28.526032607299999,636968.257511000032537,504546.175785000028554,7/10/2018 2:39:09 PM,6989_8464
286,287,1,286,4466,87234157,FHPK18OFF051057,FHP,Short,7/12/2018 0:00:00,06:25 PM,Winter Garden,Orange,STATE ROAD 429,MILE MARKER 22,0, ,Unknown,3,0,0,0,N,N,N,1500.000000000000000,Clear,Daylight,0,Unknown,S,Property Damage Only,N,Front to Rear,Motor Vehicle in Transport,On Roadway,Non-Junction,N,Not at Intersection,Turnpike/Toll,Unpaved,Dry,None, , ,None, , ,N,N, , , , ,0,0,1,0,0,0,0,0,0,0,0,0,0.000000000000000,0.000000000000000,0,2,0,1500,"Mapped, On Network",-81.557034969800000,28.540038558700001,638580.296728000044823,506133.752802999981213,7/17/2018 2:44:51 PM,8524_6989
287,288,1,287,4538,87179478,FHPD18OFF067538,FHP,Short,7/6/2018 0:00:00,05:43 PM,Ocoee,Orange,SR-429,WEST RD (MM26),0,North,Rear End,2,0,0,0,N,N,N,3250.000000000000000,Rain,Daylight,0,Rear End,S,Property Damage Only,N,Front to Rear,Motor Vehicle in Transport,On Roadway,Non-Junction,N,Not at Intersection,State,Paved,Wet,None, , ,None, , ,N,N, , , , ,0,0,4,0,0,0,0,0,0,0,0,0,0.000000000000000,0.000000000000000,0,1,0,3250,"Mapped, On Network",-81.552223949899997,28.598170673500000,638921.939623999991454,512597.695063000021037,7/9/2018 3:36:08 PM,6220_8389
288,289,1,288,4543,87221989,FHPD18OFF064816,FHP,Long,6/29/2018 0:00:00,08:43 AM,Orlando,Orange,STATE ROAD 417 (CENTRAL FLORIDA GREENWAY),MOSS PARK ROAD,5280,South,Rear End,2,0,0,2,N,Y,N,10000.000000000000000,Clear,Daylight,0,Rear End,S,Injury,N,Front to Rear,Motor Vehicle in Transport,On Roadway,Non-Junction,N,Not at Intersection,State,Paved,Dry,None, , ,None, , ,N,N, , , , ,0,0,5,0,0,0,0,1,1,0,0,0,1.000000000000000,0.000000000000000,0,1,0,10000,"Mapped, On Network",-81.237831521700002,28.403861251700000,670087.561911999946460,491672.109669000026770,7/9/2018 2:47:35 PM,8598_8531
289,290,1,289,4548,85600958,FHPD18OFF064951,FHP,Short,6/29/2018 0:00:00,02:50 PM,Orlando,Orange,EAST-WEST EXPY (EB SR 408 MM 4),HIAWASSEE RD,5280,East,Unknown,2,0,0,0,N,N,N,6500.000000000000000,Rain,Daylight,0,Unknown,E,Property Damage Only,N,Other,Ran into Water/Canal,On Roadway,Non-Junction,N,Not at Intersection,State,Paved,Wet,None, , ,None, , ,N,N, , , , ,0,0,0,0,0,0,0,0,0,0,0,0,0.000000000000000,0.000000000000000,0,1,0,6500,"Mapped, On Network",-81.465676960400003,28.549597991199999,647479.282015000004321,507375.216914999997243,7/9/2018 2:56:02 PM,8146_6068
290,291,1,290,4592,87938120,2018-00241605,Orlando PD,Short,6/21/2018 0:00:00,09:15 AM,Orlando,Orange,SR 408 WBO,S CRYSTAL LAKE DR EXIT RAMP,250,East,Unknown,2,0,0,0,N,N,N,300.000000000000000,Cloudy,Daylight,0,Unknown,W,Property Damage Only,Y,Front to Rear,Motor Vehicle in Transport,On Roadway,Non-Junction,N,Not at Intersection,State,Paved,Dry,None, , ,None, , ,N,N, , , , ,0,0,0,0,0,0,0,0,0,0,0,0,0.000000000000000,0.000000000000000,0,0,0,300,"Mapped, On Network",-81.342778074300000,28.538222199400000,659505.892483999952674,506364.787034999986645,7/11/2018 2:40:51 PM,6252_6227
291,292,1,291,4605,87938298,2018-00249647,Orlando PD,Long,6/27/2018 0:00:00,08:10 AM,Orlando,Orange,SR 528 WBO (BEACHLINE),SR 536 (S SEMORAN BV) EXIT RAMP,1000,East,Rear End,2,0,0,1,N,Y,N,4500.000000000000000,Clear,Daylight,0,Rear End,W,Injury,Y,Front to Rear,Motor Vehicle in Transport,On Roadway,Non-Junction,N,Not at Intersection,State,Paved,Dry,None, , ,None, , ,N,N, , , , ,0,0,3,0,0,0,0,1,0,0,0,0,0.000000000000000,0.000000000000000,0,1,0,4500,"Mapped, On Network",-81.300372728400006,28.451210799799998,663858.098680000053719,496793.898811999999452,7/11/2018 3:22:22 PM,8190_8186
292,293,1,292,4626,87445085,2018-00258005,Orlando PD,Long,7/3/2018 0:00:00,01:04 PM,Orlando,Orange,SR 408 EAST,BUMBY AVE. EXIT RAMP,1200,West,Sideswipe,2,0,0,0,N,N,N,500.000000000000000,Cloudy,Daylight,0,Same Direction Sideswipe,E,Property Damage Only,Y,"Sideswipe, Same Direction",Motor Vehicle in Transport,On Roadway,Non-Junction,N,Not at Intersection,State,Paved,Dry,None, , ,None, , ,N,N, , , , ,0,0,0,0,0,0,0,0,0,0,0,0,0.000000000000000,0.000000000000000,0,0,0,500,"Mapped, On Network",-81.359730965099999,28.538002170999999,657851.039924000040628,506304.794901999994181,7/11/2018 3:59:51 PM,8315_8311
293,294,1,293,4660,87240775,FHPD18OFF067663,FHP,Long,7/7/2018 0:00:00,04:50 AM,Orlando Expwy Auth,Orange,SB SR-417,LANDSTAR BLVD,0,South,Unknown,2,0,0,0,N,N,N,6000.000000000000000,Cloudy,Dark - Lighted,0,Unknown,S,Property Damage Only,Y,Other,Other Non-Collision,On Roadway,Non-Junction,N,Not at Intersection,State,Paved,Wet,None, , ,None, , ,N,N, , , , ,0,0,0,0,0,0,0,0,0,0,0,0,0.000000000000000,0.000000000000000,0,0,0,6000,"Mapped, On Network",-81.360434656899997,28.369603490999999,658182.610663000028580,487605.855316000001039,7/9/2018 4:49:03 PM,6700_8484
294,295,1,294,4673,87736159,2018-00254045,Orlando PD,Long,6/30/2018 0:00:00,02:15 PM,Orlando,Orange,SR 408 WBO,SR 408 WB EXIT RAMP TO US 441 (ORANGE BLOSSOM TR),500,East,Unknown,2,0,0,0,N,Y,N,1000.000000000000000,Rain,Daylight,0,Unknown, ,Property Damage Only,Y,Angle,Motor Vehicle in Transport,On Roadway,Entrance/Exit Ramp,N,Not at Intersection,State,Paved,Wet,Work Zone,Road Surface Condition, ,Weather Conditions, , ,N,Y,Work on Shoulder or Median,Activity Area, ,N,0,0,2,0,0,0,0,0,0,0,0,0,0.000000000000000,0.000000000000000,0,0,0,1000,"Mapped, On Network",-81.391785304899997,28.535279888900000,654727.448059999966063,505935.918112999992445,7/10/2018 1:36:21 PM,8272_8254
295,296,1,295,4682,87183001,FHPD18OFF067616,FHP,Long,7/6/2018 0:00:00,09:51 PM,Orlando,Orange,SR408,ECONLOCKHATCHEE TRL,1000,East,Off Road,1,0,0,0,N,N,N,10000.000000000000000,Clear,Dark - Lighted,0,Off Road,E,Property Damage Only,N,Other,Guardrail Face,Off Roadway,Non-Junction,N,Not at Intersection,State,Paved,Dry,None, , ,None, , ,N,N, , , , ,0,0,0,0,0,0,0,0,0,0,0,0,0.000000000000000,0.000000000000000,0,0,0,10000,"Mapped, On Network",-81.237303602400004,28.547141307600000,669782.712932999944314,507581.425042000017129,7/9/2018 3:05:01 PM,6303_6305
296,297,1,296,4700,85579078,FHPD18OFF065920,FHP,Long,7/2/2018 0:00:00,06:35 AM,Unincorporated,Orange,STATE ROAD 417 MILE MARKER 33,STATE ROAD 408 ENTRANCE RAMP,0,South,Sideswipe,2,0,0,0,N,Y,N,2200.000000000000000,Clear,Daylight,0,Same Direction Sideswipe,N,Property Damage Only,N,"Sideswipe, Same Direction",Motor Vehicle in Transport,Off Roadway,Intersection,N,Not at Intersection,State,Unpaved,Dry,None, , ,None, , ,N,N, , , , ,0,0,0,0,0,0,0,0,0,0,0,0,0.000000000000000,0.000000000000000,0,1,0,2200,"Mapped, Not On Network",-81.266559999999998,28.555570049500002,666905.491452999995090,508453.588257999974303,7/12/2018 3:59:45 PM,8570_6966
297,298,1,297,4718,87248195,FHPD18OFF067256,FHP,Long,7/6/2018 0:00:00,12:23 AM,Ocoee,Orange,NB SR429,MM 24,500,South,Sideswipe,2,0,0,0,N,Y,N,2000.000000000000000,Rain,Dark - Lighted,0,Same Direction Sideswipe,N,Property Damage Only,N,Angle,Motor Vehicle in Transport,On Roadway,Non-Junction,N,Not at Intersection,State,Curb,Wet,None, , ,None, , ,N,N, , , , ,0,0,1,0,0,0,0,0,0,0,0,0,0.000000000000000,0.000000000000000,0,1,0,2000,"Mapped, On Network",-81.556764200299995,28.571259422899999,638538.044228999991901,509600.851887000026181,7/13/2018 3:54:11 PM,8421_8425
298,299,1,298,4776,87157276,FHPK18OFF049735,FHP,Long,7/7/2018 0:00:00,12:53 AM,Winter Garden,Orange,SR 429,SR 91 (FLORIDAS TURNPIKE),700,South,Off Road,1,0,0,0,N,N,N,3000.000000000000000,Cloudy,Dark - Not Lighted,0,Off Road,N,Property Damage Only,N,Other,Guardrail Face,On Roadway,Entrance/Exit Ramp,Y,Not at Intersection,Turnpike/Toll,Paved,Wet,None, , ,None, , ,N,N, , , , ,0,0,0,0,0,0,0,0,0,0,0,0,0.000000000000000,0.000000000000000,0,0,0,3000,"Mapped, Not On Network",-81.559329999599996,28.561050024299998,638310.011999999987893,508462.302099999971688,7/12/2018 11:18:39 AM,8500_8421
299,300,1,299,4787,87204652,FHPD18OFF068882,FHP,Long,7/10/2018 0:00:00,07:11 PM,Orlando Expwy Auth,Orange,SR-417,MM10.5,40,South,Unknown,2,0,0,0,N,N,N,1200.000000000000000,Clear,Daylight,0,Unknown,N,Property Damage Only,N,"Sideswipe, Same Direction",Motor Vehicle in Transport,On Roadway,Non-Junction,N,Not at Intersection,Turnpike/Toll,Paved,Dry,None, , ,None, , ,N,N, , , , ,0,0,0,0,0,0,0,0,0,0,0,0,0.000000000000000,0.000000000000000,0,0,0,1200,"Mapped, On Network",-81.419215350599998,28.375054688100001,652421.301256999955513,488089.416474000026938,7/12/2018 10:30:27 AM,8107_8280
300,301,1,300,4838,87260439,FHPD18OFF068381,FHP,Long,7/9/2018 0:00:00,12:33 PM,Orlando Expwy Auth,Orange,STATE RD 528,STATE RD 520,21120,West,Unknown,2,0,0,0,N,N,N,500.000000000000000,Clear,Daylight,0,Unknown,E,Property Damage Only,N,Other,Other Non-Collision,On Roadway,Non-Junction,N,Not at Intersection,State,Paved,Dry,None, , ,None, , ,N,N, , , , ,0,0,0,0,0,0,0,0,0,0,0,0,0.000000000000000,0.000000000000000,0,0,0,500,"Mapped, On Network",-81.048527935400003,28.452070934900000,688466.298957000020891,497453.402913999976590,7/11/2018 1:34:22 PM,7008_7061
301,302,1,301,4863,87938456,2018-00252277,Orlando PD,Long,6/29/2018 0:00:00,07:55 AM,Orlando,Orange,SR408 WEST,S ORANGE BLOSSOM TRAIL EXIT RAMP,100,East,Rear End,2,0,0,0,N,N,N,2100.000000000000000,Clear,Daylight,0,Rear End,W,Property Damage Only,Y,Other,Motor Vehicle in Transport,On Roadway,Non-Junction,N,Not at Intersection,State,Paved,Dry,None, , ,None, , ,N,N, , , , ,0,0,0,0,0,0,0,0,0,0,0,0,0.000000000000000,0.000000000000000,0,0,0,2100,"Mapped, On Network",-81.392952014200006,28.535295572500001,654613.483268999960274,505935.249973000027239,7/11/2018 11:38:16 AM,8272_8254
302,303,1,302,4872,87938952,2018-00267735,Orlando PD,Long,7/10/2018 0:00:00,05:35 PM,Orlando,Orange,SR 408 WBO,ORANGE BLOSSOM TRAIL ENTRANCE RAMP,0, ,Rear End,2,0,0,1,N,N,N,1200.000000000000000,Clear,Daylight,0,Rear End,W,Injury,Y,"Sideswipe, Same Direction",Motor Vehicle in Transport,On Roadway,Entrance/Exit Ramp,N,Other,State,Paved,Dry,None, , ,None, , ,N,Y,Lane Shift/Crossover,Activity Area,N,N,0,0,0,0,0,0,0,1,0,0,0,0,0.000000000000000,0.000000000000000,0,0,0,1200,"Mapped, On Network",-81.394003997499993,28.535121261800001,654511.167236999957822,505913.724423000006936,7/19/2018 9:52:31 AM,8248_8267
303,304,1,303,4875,87938074,2018-00254989,Orlando PD,Long,7/1/2018 0:00:00,08:19 AM,Orlando,Orange,BEELINE WBO (SR 528),S SEMORAN BLVD (SR 436),200,West,Unknown,2,0,0,0,N,N,N,7000.000000000000000,Clear,Daylight,0,Unknown,W,Property Damage Only,Y,Other,Motor Vehicle in Transport,On Roadway,Non-Junction,N,Not at Intersection,Turnpike/Toll,Paved,Dry,None, , ,None, , ,N,N, , , , ,0,0,0,0,0,0,0,0,0,0,0,0,0.000000000000000,0.000000000000000,0,1,0,7000,"Mapped, On Network",-81.310913114000002,28.539630597300000,662613.942769999965094,506588.620095000020228,7/17/2018 2:33:39 PM,6256_8188
304,305,1,304,4877,87938466,2018-00265905,Orlando PD,Long,7/9/2018 0:00:00,12:07 PM,Orlando,Orange,EAST/WEST EXPRESSWAY (SR 408),LAKE UNDERHILL RD,25,North,Off Road,1,0,0,0,N,N,N,3500.000000000000000,Cloudy,Daylight,0,Off Road,E,Property Damage Only,Y,Angle,Concrete Traffic Barrier,Median,Entrance/Exit Ramp,N,Not at Intersection,State,Unpaved,Dry,None, , ,None, , ,N,N, , , , ,0,0,0,0,0,0,0,0,0,0,0,0,0.000000000000000,0.000000000000000,0,1,0,3500,"Mapped, On Network",-81.341634215200003,28.538239147199999,659617.544574000057764,506369.076424000028055,7/13/2018 4:37:39 PM,6252_6227
305,306,1,305,4878,87734893,2018-00326174,Orlando PD,Long,8/22/2018 0:00:00,10:07 PM,Orlando,Orange,SR 408 EASTBOUND,BUMBY AVE EXIT,0, ,Off Road,1,0,0,1,N,N,N,5000.000000000000000,Clear,Dark - Lighted,0,Off Road,E,Injury,Y,Other,Concrete Traffic Barrier,Off Roadway,Non-Junction,N,Not at Intersection,State,Paved,Dry,None, , ,None, , ,N,N, , , , ,0,0,0,0,0,0,0,1,0,0,0,0,0.000000000000000,0.000000000000000,0,0,0,5000,"Mapped, On Network",-81.358446006899996,28.538122852600001,657976.223824999993667,506320.881736000010278,9/4/2018 1:30:06 PM,8315_8311
306,307,1,306,4896,87941737,2018-00325993,Orlando PD,Short,8/22/2018 0:00:00,06:55 PM,Orlando,Orange,EW EBO 408,S CONWAY RD,0, ,Unknown,2,0,0,0,N,N,N,500.000000000000000,Cloudy,Daylight,0,Unknown,E,Property Damage Only,Y,Other,Motor Vehicle in Transport,On Roadway,Non-Junction,N,Not at Intersection,State,Paved,Wet,None, , ,None, , ,N,N, , , , ,0,0,0,0,0,0,0,0,0,0,0,0,0.000000000000000,0.000000000000000,0,0,0,500,"Mapped, On Network",-81.331363811100005,28.538226343600002,660620.432685000007041,506389.319198000011966,8/30/2018 6:10:51 PM,8355_8348
307,308,1,307,4912,87142505,FHPD18OFF056918,FHP,Long,6/7/2018 0:00:00,05:59 PM,Orlando Expwy Auth,Orange,STATE RD 417,UNIVERSITY BLVD,5280,South,Unknown,2,0,0,0,N,N,N,9000.000000000000000,Rain,Daylight,0,Unknown,S,Property Damage Only,N,Front to Rear,Motor Vehicle in Transport,On Roadway,Non-Junction,N,Not at Intersection,State,Paved,Wet,Road Surface Condition, , ,Weather Conditions, , ,N,N, , , , ,0,0,0,0,0,0,0,0,0,0,0,0,0.000000000000000,0.000000000000000,0,1,0,9000,"Mapped, On Network",-81.257379416199996,28.585059071400000,667728.946683999965899,511747.603202999976929,7/17/2018 1:24:28 PM,6317_6318
308,309,1,308,4913,87142504,FHPD18OFF056603,FHP,Long,6/6/2018 0:00:00,08:53 PM,Orlando Expwy Auth,Orange,STATE RD 417,SOUTH ACCESS RD,5280,South,Unknown,2,0,0,0,N,N,N,2500.000000000000000,Clear,Dark - Lighted,0,Unknown,S,Property Damage Only,N,Front to Rear,Motor Vehicle in Transport,On Roadway,Non-Junction,N,Not at Intersection,State,Paved,Dry,None, , ,None, , ,N,N, , , , ,0,0,0,0,0,0,0,0,0,0,0,0,0.000000000000000,0.000000000000000,0,0,0,2500,"Mapped, Not On Network",-81.474289999999996,28.355640048800002,647079.481655000010505,485822.207634999998845,7/17/2018 1:28:44 PM,8581_7010
309,310,1,309,4914,87142503,FHPD18OFF056263,FHP,Short,6/5/2018 0:00:00,07:25 PM,Orlando Expwy Auth,Orange,STATE RD 408,STATE RD 417,25,East,Sideswipe,2,0,0,0,N,N,N,750.000000000000000,Clear,Dusk,0,Same Direction Sideswipe,W,Property Damage Only,N,"Sideswipe, Same Direction",Motor Vehicle in Transport,On Roadway,Non-Junction,N,Not at Intersection,State,Paved,Dry,None, , ,None, , ,N,Y,Work on Shoulder or Median,Activity Area,N,N,0,0,1,0,0,0,0,0,0,0,0,0,0.000000000000000,0.000000000000000,0,0,0,750,"Mapped, On Network",-81.257713438200000,28.547532683499998,667789.015796000021510,507580.391904000018258,7/17/2018 1:30:54 PM,6971_6258
310,311,1,310,4915,87142502,FHPD18OFF056264,FHP,Long,6/5/2018 0:00:00,06:47 PM,Orlando Expwy Auth,Orange,STATE RD 408,STATE RD 417,100,West,Rear End,2,0,0,1,N,N,N,15000.000000000000000,Clear,Dusk,0,Rear End,W,Injury,N,Angle,Motor Vehicle in Transport,On Roadway,Non-Junction,N,Not at Intersection,State,Paved,Dry,None, , ,None, , ,N,Y,Work on Shoulder or Median,Activity Area,N,N,0,0,1,0,0,0,0,1,0,0,0,0,0.000000000000000,0.000000000000000,0,1,0,15000,"Mapped, On Network",-81.253007327999995,28.547558188000000,668248.436528000049293,507593.452150999975856,7/19/2018 10:49:25 AM,8013_8024