FID,OBJECTID_1,Join_Count,TARGET_FID,OBJECTID,HSMV_Repor,Agency_Rep,Reporting_,Form_Type,Crash_Date,Crash_Time,City,County,Crash_Stre,Intersecti,Offset_Dis,Offset_Dir,Crash_Type,Vehicles,Non_Motori,Fatalities,Injuries,Alcohol_Re,Distractio,Drug_Relat,Estimated_,Weather_Co,Light_Cond,Street_Num,Crash_Ty_1,Crash_Ty_2,Crash_Seve,Within_Cit,Manner_of_,First_Harm,First_HE_L,First_HE_R,First_HE_W,Type_of_In,Road_Sys_I,Type_of_Sh,Road_Surf_,Contrib_Ci,Contrib__1,Contrib__2,Contrib__3,Contrib__4,Contrib__5,School_Bus,Work_Zone_,Type_of_Wo,Loc_in_Wor,Workers_in,Law_Enforc,Mopeds,Motorcycle,Passengers,Bicyclists,Pedestrian,Fataliti_1,Injuries_U,Possible_I,Non_Incapa,Incapacita,Fataliti_2,Non_Traffi,Transporte,Transpor_1,Transpor_2,Citations,Property_D,Vehicle_Dm,S4_Mapping,S4_Decimal,S4_Decim_1,S4_Albers_,S4_Albers1,S4_Mappi_1,zone_id_st
311,312,1,311,4927,85564164,FHPD18OFF069785,FHP,Short,7/13/2018 0:00:00,10:40 AM,Orlando,Orange,SR-408,SR-423 (JOHN YOUNG PARKWAY),0,West,Off Road,1,0,0,0,N,N,N,250.000000000000000,Clear,Daylight,0,Off Road,E,Property Damage Only,N,Other,Concrete Traffic Barrier,Shoulder,Non-Junction,N,Not at Intersection,State,Paved,Dry,None, , ,None, , ,N,N, , , , ,0,0,1,0,0,0,0,0,0,0,0,0,0.000000000000000,0.000000000000000,0,0,0,250,"Mapped, On Network",-81.410596755499995,28.540319282799999,652878.775478000054136,506456.730829000007361,7/16/2018 2:08:05 PM,8217_8215
312,313,1,312,4934,87938364,2018-00269904,Orlando PD,Long,7/12/2018 0:00:00,08:08 AM,Orlando,Orange,SR 528 (BEACHLINE) WBO,S SEMORAN EXIT RAMP,3000,East,Rear End,2,0,0,1,N,N,N,5000.000000000000000,Clear,Daylight,0,Rear End,W,Injury,Y,Front to Rear,Motor Vehicle in Transport,On Roadway,Non-Junction,N,Not at Intersection,State,Paved,Dry,None, , ,None, , ,N,N, , , , ,0,0,0,0,0,0,0,1,0,0,0,0,0.000000000000000,0.000000000000000,0,1,0,5000,"Mapped, On Network",-81.290220038499996,28.449966807799999,664853.285719000035897,496677.543540999991819,7/18/2018 11:20:21 AM,8183_6664
313,314,1,313,5020,87110787,FHPK18OFF052014,FHP,Short,7/16/2018 0:00:00,11:26 AM,Unincorporated,Orange,STATE ROAD 429 (WESTERN BELTWAY),NEW INDEPENDENCE PARKWAY (MM 14.5),5280,South,Unknown,2,0,0,0,N,N,N,14000.000000000000000,Clear,Daylight,0,Unknown,N,Property Damage Only,N,Other,Motor Vehicle in Transport,On Roadway,Non-Junction,N,Not at Intersection,Turnpike/Toll,Paved,Dry,None, , ,None, , ,N,N, , , , ,0,0,1,0,0,0,0,0,0,0,0,0,0.000000000000000,0.000000000000000,0,1,0,14000,"Mapped, On Network",-81.631426732400001,28.467289475299999,631471.267610999988392,497914.274395000014920,7/19/2018 1:56:21 PM,6236_8048
314,315,1,314,5028,84556455,FHPK18OFF063612,FHP,Long,8/28/2018 0:00:00,05:20 PM,Winter Garden,Orange,STATE ROAD 429,MM 15,0, ,Rear End,2,0,0,0,N,N,N,15000.000000000000000,Rain,Daylight,0,Rear End,N,Property Damage Only,N,Front to Rear,Motor Vehicle in Transport,On Roadway,Non-Junction,N,Not at Intersection,Turnpike/Toll,Paved,Wet,None, , ,None, , ,N,N, , , , ,0,0,0,0,0,0,0,0,0,0,0,0,0.000000000000000,0.000000000000000,0,1,0,15000,"Mapped, On Network",-81.631419262300000,28.468891028700000,631468.581430000020191,498092.118320000008680,9/6/2018 11:23:55 PM,6236_8048
315,316,1,315,5033,87240779,FHPD18OFF071336,FHP,Short,7/17/2018 0:00:00,02:45 PM,Orlando Expwy Auth,Orange,NB SR-417,SR-423,0,South,Rear End,3,0,0,0,N,N,N,7250.000000000000000,Cloudy,Daylight,0,Rear End,N,Property Damage Only,Y,Front to Rear,Motor Vehicle in Transport,On Roadway,Non-Junction,N,Not at Intersection,State,Paved,Dry,None, , ,None, , ,N,N, , , , ,0,0,1,0,0,0,0,0,0,0,0,0,0.000000000000000,0.000000000000000,0,1,0,7250,"Mapped, On Network",-81.431347054300005,28.367878478800002,651251.495696999947540,487267.847799999988638,7/24/2018 2:47:42 PM,6959_8287
316,317,1,316,5037,87240780,FHPD18OFF071418,FHP,Short,7/17/2018 0:00:00,04:58 PM,Orlando Expwy Auth,Orange,EB SR-408,SR-551,0,East,Rear End,2,0,0,0,N,N,N,3500.000000000000000,Cloudy,Daylight,0,Rear End,E,Property Damage Only,Y,Front to Rear,Motor Vehicle in Transport,On Roadway,Non-Junction,N,Not at Intersection,State,Paved,Wet,None, , ,None, , ,N,N, , , , ,0,0,0,0,0,0,0,0,0,0,0,0,0.000000000000000,0.000000000000000,0,1,0,3500,"Mapped, On Network",-81.280444549300000,28.543023078299999,665580.689003000035882,507030.537586999998894,7/24/2018 2:45:50 PM,8408_8412
317,318,1,317,5058,87938412,2018-00258561,Orlando PD,Long,7/3/2018 0:00:00,09:01 PM,Orlando,Orange,SR408,CONWAY RD,500,West,Off Road,1,0,0,1,N,N,N,5000.000000000000000,Clear,Dark - Lighted,0,Off Road,E,Injury,Y,Other,Concrete Traffic Barrier,Shoulder,Non-Junction,N,Not at Intersection,State,Paved,Dry,None, , ,None, , ,N,N, , , , ,0,0,0,0,0,0,0,0,1,0,0,0,0.000000000000000,0.000000000000000,0,0,0,5000,"Mapped, On Network",-81.334391394500003,28.538237568200000,660324.776408000034280,506384.170408000005409,7/20/2018 5:36:38 PM,8355_8348
318,319,1,318,5084,87260450,FHPD18OFF070765,FHP,Short,7/15/2018 0:00:00,09:05 PM,Orlando Expwy Auth,Orange,STATE RD 417,STATE RD 408,5280,North,Sideswipe,2,0,0,0,N,N,N,750.000000000000000,Clear,Dark - Lighted,0,Same Direction Sideswipe,S,Property Damage Only,N,"Sideswipe, Same Direction",Motor Vehicle in Transport,On Roadway,Non-Junction,N,Not at Intersection,State,Paved,Dry,None, , ,None, , ,N,Y,Work on Shoulder or Median,Advance Warning Area,N,N,0,0,0,0,0,0,0,0,0,0,0,0,0.000000000000000,0.000000000000000,0,1,0,750,"Mapped, On Network",-81.268289149899999,28.560604766499999,666724.291886999970302,509008.843680999998469,7/20/2018 5:44:23 PM,8572_8453
319,320,1,319,5085,87260448,FHPD18OFF070633,FHP,Short,7/15/2018 0:00:00,02:06 PM,Orlando Expwy Auth,Orange,STATE RD 429,WEST RD,5280,North,Sideswipe,2,0,0,0,N,N,N,1250.000000000000000,Clear,Daylight,0,Same Direction Sideswipe,S,Property Damage Only,N,"Sideswipe, Same Direction",Motor Vehicle in Transport,On Roadway,Non-Junction,N,Not at Intersection,State,Paved,Dry,None, , ,None, , ,N,N, , , , ,0,0,2,0,0,0,0,0,0,0,0,0,0.000000000000000,0.000000000000000,0,0,0,1250,"Mapped, On Network",-81.538322199299998,28.604761545999999,640264.067953999969177,513356.511592999973800,7/25/2018 3:44:27 PM,7012_8458
320,321,1,320,5087,87260443,FHPD18OFF070039,FHP,Long,7/13/2018 0:00:00,06:22 PM,Orlando Expwy Auth,Orange,STATE RD 417,MOSS PARK RD,0,North,Other,1,0,0,0,N,N,N,10000.000000000000000,Clear,Daylight,0,Single Vehicle,N,Property Damage Only,N,Other,Other Non-Collision,On Roadway,Non-Junction,N,Not at Intersection,State,Paved,Dry,None, , ,None, , ,N,N, , , , ,0,0,0,0,0,0,0,0,0,0,0,0,0.000000000000000,0.000000000000000,0,0,0,10000,"Mapped, On Network",-81.227082371999998,28.417680640499999,671103.939561999985017,493230.045622000005096,7/26/2018 10:03:36 AM,8533_8540
321,322,1,321,5090,87195164,FHPK18OFF063687,FHP,Long,8/28/2018 0:00:00,10:40 PM,Winter Garden,Orange,STATE ROAD 429 (DANIEL WEBSTER BELTWAY) NB,TINY ROAD,5280,North,Off Road,1,0,0,1,N,N,N,3000.000000000000000,Cloudy,Dark - Lighted,0,Off Road,N,Injury,N,Other,Utility Pole/Light Support,Off Roadway,Acceleration/Deceleration Lane,N,Not at Intersection,Turnpike/Toll,Paved,Wet,Road Surface Condition, , ,None, , ,N,N, , , , ,0,0,0,0,0,0,0,1,0,0,0,0,0.000000000000000,0.000000000000000,0,1,0,3000,"Mapped, Not On Network",-81.613765189999995,28.502690579300001,633120.972182000055909,501878.328394000011031,9/4/2018 1:39:44 PM,6186_6858
322,323,1,322,5097,87229920,FHPD18OFF071220,FHP,Long,7/17/2018 0:00:00,08:07 AM,Orlando Expwy Auth,Orange,STATE ROAD 429 SB MM27,OCOEE APOPKA RD,5280,North,Rear End,2,0,0,1,N,N,N,6000.000000000000000,Clear,Daylight,0,Rear End,S,Injury,Y,Front to Rear,Motor Vehicle in Transport,On Roadway,Non-Junction,N,Not at Intersection,State,Paved,Dry,None, , ,None, , ,N,N, , , , ,0,0,0,0,0,0,0,0,1,0,0,0,1.000000000000000,0.000000000000000,0,1,0,6000,"Mapped, On Network",-81.554184433700001,28.597444659800001,638732.205353999976069,512513.286311000003479,7/20/2018 5:44:05 PM,6248_5993
323,324,1,323,5098,87260441,FHPD18OFF069819,FHP,Short,7/13/2018 0:00:00,12:03 PM,Orlando Expwy Auth,Orange,STATE RD 528 ENTRANCE RAMP,STATE RD 482,30,West,Rear End,2,0,0,0,N,N,N,1850.000000000000000,Clear,Daylight,0,Rear End,W,Property Damage Only,N,Front to Rear,Motor Vehicle in Transport,On Roadway,Entrance/Exit Ramp,N,Not at Intersection,State,Unpaved,Dry,None, , ,None, , ,N,Y,Work on Shoulder or Median,Advance Warning Area,N,N,0,0,0,0,0,0,0,0,0,0,0,0,0.000000000000000,0.000000000000000,0,1,0,1850,"Mapped, On Network",-81.345776294499998,28.450925558700000,659421.785472000017762,496665.894310000003316,7/20/2018 5:45:34 PM,11452_8329
324,325,1,324,5099,87260451,FHPD18OFF071311,FHP,Short,7/17/2018 0:00:00,01:34 PM,Orlando Expwy Auth,Orange,STATE RD 429,PLANT ST,5280,North,Other,1,0,0,0,N,N,N,500.000000000000000,Clear,Daylight,0,Single Vehicle,S,Property Damage Only,N,Other,Other Non-Collision,On Roadway,Non-Junction,N,Not at Intersection,State,Paved,Dry,Obstruction in Roadway, , ,None, , ,N,N, , , , ,0,0,1,0,0,0,0,0,0,0,0,0,0.000000000000000,0.000000000000000,0,0,0,500,"Mapped, On Network",-81.557574991500005,28.585414519000000,638427.761620000004768,511170.976946000009775,7/26/2018 10:01:58 AM,6248_5993
325,326,1,325,5137,87224610,FHPD18OFF069637,FHP,Long,7/12/2018 0:00:00,09:18 PM,Orlando,Orange,STATE ROAD 408,STATE ROAD 417,1000,West,Other,2,0,0,1,N,N,N,2000.000000000000000,Clear,Dark - Lighted,0,Parked Vehicle,W,Injury,N,Other,Motor Vehicle in Transport,On Roadway,Non-Junction,N,Not at Intersection,State,Paved,Dry,None, , ,None, , ,N,Y,Lane Closure,Activity Area,Y,Y,0,0,0,0,0,0,0,1,0,0,0,0,0.000000000000000,0.000000000000000,0,1,0,2000,"Mapped, On Network",-81.272874099399999,28.546468474899999,666311.406605000025593,507429.402438000019174,7/25/2018 2:06:30 PM,8412_7015
326,327,1,326,5171,85163025,FHPK18OFF051189,FHP,Long,7/13/2018 0:00:00,11:00 AM,Winter Garden,Orange,SB SR-429 (DANIEL WEBSTER WESTERN),E STORY RD,0,South,Rear End,2,0,0,1,N,Y,N,4000.000000000000000,Clear,Daylight,0,Rear End,S,Injury,N,Front to Rear,Motor Vehicle in Transport,On Roadway,Non-Junction,N,Not at Intersection,Turnpike/Toll,Paved,Dry,None, , ,None, , ,N,N, , , , ,0,0,0,0,0,0,0,1,0,0,0,0,0.000000000000000,0.000000000000000,0,1,0,4000,"Mapped, On Network",-81.559905068700004,28.557504039499999,638261.660753999953158,508067.466170999978203,7/18/2018 9:44:44 AM,8423_8507
327,328,1,327,5181,87254681,FHPD18OFF086614,FHP,Long,8/27/2018 0:00:00,08:21 AM,Orlando Expwy Auth,Orange,SR-408,MM5,0,West,Rear End,2,0,0,2,N,N,N,6600.000000000000000,Clear,Daylight,0,Rear End,E,Injury,N,Front to Rear,Motor Vehicle in Transport,On Roadway,Non-Junction,N,Not at Intersection,Turnpike/Toll,Paved,Dry,None, , ,None, , ,N,N, , , , ,0,0,0,0,0,0,0,0,2,0,0,0,2.000000000000000,0.000000000000000,0,1,0,6600,"Mapped, Not On Network",-81.467784440000003,28.549246059400001,647274.315902999951504,507331.913370000023860,9/10/2018 3:13:34 PM,8146_6068
328,329,1,328,5186,87736285,2018-00252767,Orlando PD,Short,6/29/2018 0:00:00,03:53 PM,Orlando,Orange,SR 417 (GREEN WAY),BOGGY CREEK RD,500,North,Unknown,3,0,0,0,N,N,N,14000.000000000000000,Rain,Daylight,0,Unknown,S,Property Damage Only,Y,Front to Rear,Motor Vehicle in Transport,On Roadway,Non-Junction,N,Not at Intersection,Interstate,Unpaved,Wet,None, , ,None, , ,N,N, , , , ,0,0,2,0,0,0,0,0,0,0,0,0,0.000000000000000,0.000000000000000,0,0,0,14000,"Mapped, On Network",-81.297350000500003,28.371936908300000,664346.426046999986283,487998.592881000018679,7/19/2018 10:41:08 AM,6486_8601
329,330,1,329,5189,87938902,2018-00268475,Orlando PD,Long,7/11/2018 0:00:00,08:31 AM,Orlando,Orange,SR 528 WBO,S SEMORAN BV EXIT RAMP,1500,East,Rear End,2,0,0,0,N,N,N,1000.000000000000000,Clear,Daylight,0,Rear End,W,Property Damage Only,Y,Front to Rear,Motor Vehicle in Transport,On Roadway,Non-Junction,N,Not at Intersection,State,Paved,Dry,None, , ,None,None, ,N,N, , , , ,0,0,5,0,0,0,0,0,0,0,0,0,0.000000000000000,0.000000000000000,0,0,0,1000,"Mapped, On Network",-81.318306145299999,28.451583399600000,662104.687005999963731,496797.023625999980140,7/18/2018 3:24:56 PM,7054_6094
330,331,1,330,5208,87938628,2018-00267009,Orlando PD,Long,7/10/2018 0:00:00,07:07 AM,Orlando,Orange,SR 408 (EAST/WEST EXPRESSWAY),SR 400 (INTERSTATE 4),500,East,Rear End,2,0,0,0,N,Y,N,2500.000000000000000,Clear,Daylight,0,Rear End,W,Property Damage Only,Y,Front to Rear,Motor Vehicle in Transport,On Roadway,Entrance/Exit Ramp,Y,Not at Intersection,Interstate,Paved,Dry,None, , ,None, , ,N,N, , , , ,0,0,0,0,0,0,0,0,0,0,0,0,0.000000000000000,0.000000000000000,0,0,0,2500,"Mapped, On Network",-81.385835627999995,28.535292954500001,655308.396783999982290,505949.672901000012644,7/19/2018 2:12:02 PM,8274_8272
331,332,1,331,5213,85163024,FHPK18OFF051169,FHP,Long,7/13/2018 0:00:00,09:40 AM,Winter Garden,Orange,SB SR-429 (DANIEL WEBSTER WESTERN),E STORY ROAD,0,South,Unknown,2,0,0,1,N,Y,N,10000.000000000000000,Clear,Daylight,0,Unknown,S,Injury,N,Front to Front,Motor Vehicle in Transport,On Roadway,Non-Junction,N,Not at Intersection,Turnpike/Toll,Paved,Dry,None, , ,None, , ,N,N, , , , ,0,0,0,0,0,0,0,0,1,0,0,0,0.000000000000000,0.000000000000000,0,1,0,10000,"Mapped, On Network",-81.559892999799999,28.557764981500000,638262.265663000056520,508096.462914999981876,7/16/2018 1:46:33 PM,8423_8507
332,333,1,332,5215,87735651,2018-00261501,Orlando PD,Short,7/6/2018 0:00:00,01:18 AM,Orlando,Orange,SR 528 WB (BEELINE),SR 551,0,West,Other,1,0,0,0,N,N,N,10000.000000000000000,Clear,Dark - Lighted,0,Single Vehicle,W,Property Damage Only,Y,Angle,Motor Vehicle in Transport,Median,Non-Junction,N,Not at Intersection,Interstate,Unpaved,Wet,None, , ,Weather Conditions, , ,N,N, , , , ,0,0,1,0,0,0,0,0,0,0,0,0,0.000000000000000,0.000000000000000,0,0,0,10000,"Mapped, On Network",-81.280369271400005,28.448684468400000,665819.082224000012502,496556.361899000010453,7/19/2018 2:12:27 PM,6665_8172
333,334,1,333,5221,87168511,FHPD18OFF070334,FHP,Short,7/14/2018 0:00:00,03:44 PM,Ocoee,Orange,SR-408 (EAST-WEST EXPY),GOOD HOMES RD,5280,East,Other,1,0,0,0,N,N,N,2000.000000000000000,Clear,Daylight,0,Single Vehicle,E,Property Damage Only,N,Other,Motor Vehicle in Transport,Shoulder,Non-Junction,N,Not at Intersection,Turnpike/Toll,Paved,Dry,None, , ,None, , ,N,N, , , , ,0,0,0,0,0,0,0,0,0,0,0,0,0.000000000000000,0.000000000000000,0,0,0,2000,"Mapped, On Network",-81.508669733999994,28.545384026200001,643291.023171999957412,506821.776902000012342,7/19/2018 2:15:39 PM,8114_8152
334,335,1,334,5222,87168510,FHPD18OFF070313,FHP,Long,7/14/2018 0:00:00,02:57 PM,Ocoee,Orange,SR-408 (EAST-WEST EXPY),GOOD HOMES RD,5280,East,Rollover,1,0,0,0,N,N,N,12000.000000000000000,Clear,Daylight,0,Rollover,E,Property Damage Only,N,Other,Overturn/Rollover,On Roadway,Non-Junction,N,Not at Intersection,Turnpike/Toll,Paved,Dry,None, , ,None, , ,N,N, , , , ,0,0,0,0,0,0,0,0,0,0,0,0,0.000000000000000,0.000000000000000,0,1,0,12000,"Mapped, On Network",-81.508826829900002,28.545624024399999,643275.145643000025302,506848.114731999987271,7/19/2018 2:18:34 PM,8150_8116
335,336,1,335,5300,87155527,FHPK18OFF051587,FHP,Long,7/14/2018 0:00:00,04:30 PM,Winter Garden,Orange,STATE ROAD 429,MM20,0, ,Off Road,1,0,0,1,N,N,N,5000.000000000000000,Cloudy,Daylight,0,Off Road,S,Injury,N,Other,Utility Pole/Light Support,Shoulder,Non-Junction,N,Not at Intersection,Turnpike/Toll,Paved,Dry,None, , ,None, , ,N,N, , , , ,0,0,0,0,0,0,0,0,1,0,0,0,1.000000000000000,0.000000000000000,0,0,0,5000,"Mapped, On Network",-81.560553906300001,28.531092585200000,638256.334291000035591,505133.640801000001375,7/19/2018 2:54:48 PM,8524_6989
336,337,1,336,5313,87246275,FHPD18OFF068945,FHP,Long,7/4/2018 0:00:00,01:33 AM,Orlando,Orange,STATE ROAD 528 (BEACHLINE EXPRESS WAY),STATE ROAD 417 (CENTRAL FL GREENEWAY,200,West,Rear End,2,0,0,1,N,Y,N,40000.000000000000000,Cloudy,Dark - Not Lighted,0,Rear End,W,Injury,N,Front to Rear,Motor Vehicle in Transport,On Roadway,Non-Junction,N,Not at Intersection,State,Paved,Dry,None, , ,None, , ,N,Y,Intermittent or Moving Work,Termination Area,Y,Y,0,0,1,0,0,0,0,0,0,1,0,0,1.000000000000000,0.000000000000000,0,0,0,40000,"Mapped, On Network",-81.237708624000007,28.451473388099998,669981.141661999979988,496958.693044000014197,7/19/2018 9:34:30 AM,8007_6663
337,338,1,337,5348,87260440,FHPD18OFF069366,FHP,Short,7/12/2018 0:00:00,09:18 AM,Orlando Expwy Auth,Orange,STATE RD 528,INTERNATIONAL CORP PARK BLVD,100,East,Sideswipe,2,0,0,0,N,N,N,1000.000000000000000,Clear,Daylight,0,Same Direction Sideswipe,E,Property Damage Only,N,"Sideswipe, Same Direction",Motor Vehicle in Transport,On Roadway,Non-Junction,N,Not at Intersection,State,Paved,Dry,None, , ,None, , ,N,N, , , , ,0,0,1,0,0,0,0,0,0,0,0,0,0.000000000000000,0.000000000000000,0,1,0,1000,"Mapped, On Network",-81.160850137400004,28.451614078199999,677491.475849000038579,497144.925830000021961,7/18/2018 2:08:41 PM,8095_8101
338,339,1,338,5360,87240787,FHPD18OFF072201,FHP,Long,7/19/2018 0:00:00,06:54 PM,Orlando Expwy Auth,Orange,NB SR-417,SR-423,10560,South,Rear End,3,0,0,1,N,N,N,21500.000000000000000,Cloudy,Daylight,0,Rear End,N,Injury,Y,Front to Rear,Motor Vehicle in Transport,On Roadway,Non-Junction,N,Not at Intersection,State,Paved,Wet,None, , ,None, , ,N,N, , , , ,0,0,1,0,0,0,0,1,0,0,0,0,0.000000000000000,0.000000000000000,0,1,0,21500,"Mapped, On Network",-81.434167005899994,28.365329838800001,650981.592317000031471,486979.122838000010233,7/25/2018 3:12:55 PM,6959_8287
339,340,1,339,5363,87240782,FHPD18OFF071759,FHP,Long,7/18/2018 0:00:00,03:55 PM,Orlando Expwy Auth,Orange,NB SR-417,SR-535,10560,North,Rear End,2,0,0,0,N,N,N,6500.000000000000000,Cloudy,Daylight,0,Rear End,N,Property Damage Only,Y,Front to Rear,Motor Vehicle in Transport,On Roadway,Non-Junction,N,Not at Intersection,State,Paved,Wet,None, , ,None, , ,N,N, , , , ,0,0,0,0,0,0,0,0,0,0,0,0,0.000000000000000,0.000000000000000,0,1,0,6500,"Mapped, On Network",-81.464531108299994,28.354259263900001,648037.171022000024095,485688.485691000008956,7/25/2018 3:15:42 PM,8581_7010
340,341,1,340,5365,87204654,FHPD18OFF069511,FHP,Long,7/12/2018 0:00:00,04:35 PM,Orlando Expwy Auth,Orange,SR-417,MM23,0,South,Rear End,2,0,0,1,N,N,N,3700.000000000000000,Clear,Daylight,0,Rear End,N,Injury,N,Front to Rear,Motor Vehicle in Transport,On Roadway,Non-Junction,N,Not at Intersection,Turnpike/Toll,Paved,Dry,None, , ,None, , ,N,N, , , , ,0,0,0,0,0,0,0,0,1,0,0,0,1.000000000000000,0.000000000000000,0,2,0,3700,"Mapped, On Network",-81.227315649299996,28.415558785799998,671086.434215000015683,492993.946333000028972,7/19/2018 2:55:44 PM,8533_8540
341,342,1,341,5435,87938718,2018-00279134,Orlando PD,Long,7/19/2018 0:00:00,07:54 AM,Orlando,Orange,SR 408 (EAST/WEST EXPRESSWAY),SR 400 (INTERSTATE 4),300,West,Unknown,2,0,0,0,N,N,N,0.000000000000000,Clear,Daylight,0,Unknown, ,Property Damage Only,Y,Front to Rear,Motor Vehicle in Transport,On Roadway,Non-Junction,N,Not at Intersection,State,Paved,Dry,None, , ,None, , ,N,N, , , , ,0,0,0,0,0,0,0,0,0,0,0,0,0.000000000000000,0.000000000000000,0,0,0,0,"Mapped, On Network",-81.390476186200004,28.535121133600001,654855.655187999946065,505920.996235999977216,7/24/2018 1:12:43 PM,8267_6679
342,343,1,342,5436,87240786,FHPD18OFF072129,FHP,Short,7/19/2018 0:00:00,04:10 PM,Orlando Expwy Auth,Orange,SB SR-417,SR-15,5280,North,Rear End,2,0,0,0,N,N,N,4500.000000000000000,Cloudy,Daylight,0,Rear End,S,Property Damage Only,Y,Front to Rear,Motor Vehicle in Transport,On Roadway,Non-Junction,N,Not at Intersection,State,Paved,Wet,None, , ,None, , ,N,N, , , , ,0,0,0,0,0,0,0,0,0,0,0,0,0.000000000000000,0.000000000000000,0,1,0,4500,"Mapped, On Network",-81.234476295899995,28.405711548999999,670410.976225999998860,491884.899044000019785,7/25/2018 3:13:27 PM,8598_8531
343,344,1,343,5437,87240789,FHPD18OFF072179,FHP,Short,7/19/2018 0:00:00,06:09 AM,Orlando Expwy Auth,Orange,EB SR-528,SR-520,21120,West,Rear End,2,0,0,0,N,N,N,7000.000000000000000,Cloudy,Daylight,0,Rear End,E,Property Damage Only,Y,Front to Rear,Motor Vehicle in Transport,On Roadway,Non-Junction,N,Not at Intersection,State,Paved,Wet,None, , ,None, , ,N,N, , , , ,0,0,0,0,0,0,0,0,0,0,0,0,0.000000000000000,0.000000000000000,0,1,0,7000,"Mapped, On Network",-81.040242390700001,28.452136563500002,689275.768177999998443,497480.098661000025459,7/25/2018 3:12:12 PM,7008_7061
344,345,1,344,5438,87240785,FHPD18OFF072085,FHP,Long,7/19/2018 0:00:00,02:40 PM,Orlando Expwy Auth,Orange,NB SR-417,SR-15,10560,North,Rear End,3,0,0,0,N,N,N,10000.000000000000000,Clear,Daylight,0,Rear End,N,Property Damage Only,Y,Other,Motor Vehicle in Transport,On Roadway,Non-Junction,N,Not at Intersection,State,Paved,Dry,None, , ,None, , ,N,N, , , , ,0,0,0,0,0,0,0,0,0,0,0,0,0.000000000000000,0.000000000000000,0,0,0,10000,"Mapped, On Network",-81.231843868699997,28.407737527999998,670663.279575000051409,492115.616113999974914,7/26/2018 10:06:24 AM,8531_8533
345,346,1,345,5451,87737162,2018-00274270,Orlando PD,Long,7/15/2018 0:00:00,03:30 PM,Orlando,Orange,THE BEELINE EBO (S.R 528),S. SEMORAN BLVD,300,East,Unknown,2,0,0,0,Y,N,N,10000.000000000000000,Clear,Daylight,0,Unknown,E,Property Damage Only,Y,Other,Motor Vehicle in Transport,On Roadway,Non-Junction,N,Not at Intersection,State,Paved,Dry,None, , ,None, , ,N,N, , , , ,0,0,0,0,0,0,0,0,0,0,0,0,0.000000000000000,0.000000000000000,0,1,0,10000,"Mapped, On Network",-81.302821215899996,28.451389108299999,663618.391749999951571,496808.459692000003997,7/24/2018 12:25:55 PM,8296_8190
346,347,1,346,5478,87133015,FHPK18OFF063539,FHP,Long,8/28/2018 0:00:00,11:44 AM,Unincorporated,Orange,STATE ROAD 429 (WESTERN BELTWAY),NEW INDEPENDNCE PARWA Y(MM 16),5280,North,Sideswipe,2,0,0,1,N,N,N,7500.000000000000000,Clear,Daylight,0,Same Direction Sideswipe,N,Injury,N,Other,Motor Vehicle in Transport,On Roadway,Non-Junction,N,Not at Intersection,Turnpike/Toll,Paved,Dry,None, , ,None, , ,N,N, , , , ,0,0,1,0,0,0,0,0,1,0,0,0,0.000000000000000,0.000000000000000,0,1,0,7500,"Mapped, On Network",-81.623415298200001,28.491085491800000,632203.168133000028320,500571.544732999987900,9/10/2018 1:36:58 PM,6764_6763
347,348,1,347,5522,87252329,FHPD18OFF069694,FHP,Long,7/13/2018 0:00:00,04:20 AM,Unincorporated,Orange,STATE ROAD 528 (BEACHLINE EXPRESSWAY),DALLAS BOULEVARD,10560,East,Unknown,2,0,0,0,N,N,N,3000.000000000000000,Clear,Dark - Lighted,0,Unknown,E,Property Damage Only,N,"Sideswipe, Same Direction",Motor Vehicle in Transport,On Roadway,Non-Junction,N,Not at Intersection,State,Paved,Dry,None, , ,None, , ,N,N, , , , ,0,0,0,0,0,0,0,0,0,0,0,0,0.000000000000000,0.000000000000000,0,1,0,3000,"Mapped, On Network",-81.076177795000007,28.451739840100000,685765.281368999974802,497352.265347999986261,7/18/2018 3:08:41 PM,8109_6321
348,349,1,348,5533,87939311,2018-00271864,Orlando PD,Short,7/13/2018 0:00:00,04:30 PM,Orlando,Orange,SR 408 EBO,MILLS EXIT RAMP,200,West,Rear End,4,0,0,0,N,N,N,2900.000000000000000,Clear,Daylight,0,Rear End,E,Property Damage Only,Y,Front to Rear,Motor Vehicle in Transport,On Roadway,Non-Junction,N,Not at Intersection,State,Paved,Dry,None, , ,None, , ,N,N, , , , ,0,0,2,0,0,0,0,0,0,0,0,0,0.000000000000000,0.000000000000000,0,2,0,2900,"Mapped, On Network",-81.368552294899999,28.537039005600001,656991.954325999948196,506179.439438999979757,7/25/2018 3:20:22 PM,8307_8305
349,350,1,349,5581,87939194,2018-00285722,Orlando PD,Long,7/24/2018 0:00:00,08:36 AM,Orlando,Orange,SR 408 WEST,S BUMBY AV ENTRANCE RAMP,30,East,Rear End,3,0,0,1,N,N,N,10500.000000000000000,Clear,Daylight,0,Rear End,W,Injury,Y,Front to Rear,Motor Vehicle in Transport,On Roadway,Non-Junction,N,Not at Intersection,Interstate,Paved,Dry,None, , ,None, , ,N,N, , , , ,0,0,0,0,0,0,0,0,1,0,0,0,0.000000000000000,0.000000000000000,0,2,0,10500,"Mapped, On Network",-81.351657489499999,28.538405304000001,658638.420318000018597,506366.462347999971826,7/31/2018 10:45:16 AM,6185_8318