FID,OBJECTID_1,Join_Count,TARGET_FID,OBJECTID,HSMV_Repor,Agency_Rep,Reporting_,Form_Type,Crash_Date,Crash_Time,City,County,Crash_Stre,Intersecti,Offset_Dis,Offset_Dir,Crash_Type,Vehicles,Non_Motori,Fatalities,Injuries,Alcohol_Re,Distractio,Drug_Relat,Estimated_,Weather_Co,Light_Cond,Street_Num,Crash_Ty_1,Crash_Ty_2,Crash_Seve,Within_Cit,Manner_of_,First_Harm,First_HE_L,First_HE_R,First_HE_W,Type_of_In,Road_Sys_I,Type_of_Sh,Road_Surf_,Contrib_Ci,Contrib__1,Contrib__2,Contrib__3,Contrib__4,Contrib__5,School_Bus,Work_Zone_,Type_of_Wo,Loc_in_Wor,Workers_in,Law_Enforc,Mopeds,Motorcycle,Passengers,Bicyclists,Pedestrian,Fataliti_1,Injuries_U,Possible_I,Non_Incapa,Incapacita,Fataliti_2,Non_Traffi,Transporte,Transpor_1,Transpor_2,Citations,Property_D,Vehicle_Dm,S4_Mapping,S4_Decimal,S4_Decim_1,S4_Albers_,S4_Albers1,S4_Mappi_1,zone_id_st
350,351,1,350,5604,87249503,FHPD18OFF071751,FHP,Long,7/18/2018 0:00:00,03:53 PM,Orlando Expwy Auth,Orange,SR408,19MM,0, ,Rear End,2,0,0,0,N,N,N,8000.000000000000000,Rain,Daylight,0,Rear End,E,Property Damage Only,Y,Front to Rear,Motor Vehicle in Transport,On Roadway,Non-Junction,N,Not at Intersection,State,Paved,Wet,None, , ,None, , ,N,N, , , , ,0,0,0,0,0,0,0,0,0,0,0,0,0.000000000000000,0.000000000000000,0,1,0,8000,"Mapped, On Network",-81.237111504699996,28.547122061500001,669801.516402999986894,507579.708470000012312,7/26/2018 1:25:39 PM,6303_6305
351,352,1,351,5622,87204655,FHPD18OFF069559,FHP,Long,7/12/2018 0:00:00,05:49 PM,Orlando Expwy Auth,Orange,SR-408,MM20,20,West,Sideswipe,2,0,0,0,N,N,N,2300.000000000000000,Clear,Daylight,0,Same Direction Sideswipe,E,Property Damage Only,N,Front to Rear,Motor Vehicle in Transport,On Roadway,Non-Junction,N,Not at Intersection,Turnpike/Toll,Paved,Dry,None, , ,None, , ,N,Y,Work on Shoulder or Median,Activity Area,N,N,0,0,0,0,0,0,0,0,0,0,0,0,0.000000000000000,0.000000000000000,0,1,0,2300,"Mapped, On Network",-81.228952692400000,28.547119716499999,670598.112467000028118,507597.325251000002027,7/17/2018 3:41:11 PM,6305_8077
352,353,1,352,5640,87240793,FHPD18OFF074139,FHP,Short,7/24/2018 0:00:00,06:20 PM,Orlando Expwy Auth,Orange,NB SR-417,SR-535,10560,South,Rear End,2,0,0,0,N,N,N,11000.000000000000000,Rain,Daylight,0,Rear End,N,Property Damage Only,Y,Front to Front,Motor Vehicle in Transport,On Roadway,Non-Junction,N,Not at Intersection,State,Paved,Wet,None, , ,None, , ,N,N, , , , ,0,0,0,0,0,0,0,0,0,0,0,0,0.000000000000000,0.000000000000000,0,1,0,11000,"Mapped, On Network",-81.458343048800003,28.355743112100001,648639.048040000023320,485865.704113000014331,7/31/2018 4:08:14 PM,7010_6916
353,354,1,353,5658,87240790,FHPD18OFF073755,FHP,Long,7/23/2018 0:00:00,05:39 PM,Orlando Expwy Auth,Orange,EB SR-408 EXIT RAMP,SR-551,5280,East,Rear End,2,0,0,0,N,N,N,0.000000000000000,Cloudy,Daylight,0,Rear End,E,Property Damage Only,Y,Front to Rear,Motor Vehicle in Transport,On Roadway,Entrance/Exit Ramp,N,Not at Intersection,State,Paved,Dry,None, , ,None, , ,N,N, , , , ,0,0,0,0,0,0,0,0,0,0,0,0,0.000000000000000,0.000000000000000,0,1,0,0,"Mapped, Not On Network",-81.289699999600003,28.539670024799999,664685.168999999994412,506638.351900000008754,7/26/2018 10:16:22 AM,6881_8431
354,355,1,354,5673,87249506,FHPD18OFF074370,FHP,Short,7/25/2018 0:00:00,12:12 PM,Orlando Expwy Auth,Orange,SR417,11MM,0, ,Rear End,2,0,0,0,N,N,N,3500.000000000000000,Cloudy,Daylight,0,Rear End,N,Property Damage Only,Y,Front to Rear,Motor Vehicle in Transport,On Roadway,Non-Junction,N,Not at Intersection,State,Paved,Dry,None, , ,None, , ,N,N, , , , ,0,0,1,0,0,0,0,0,0,0,0,0,0.000000000000000,0.000000000000000,0,1,0,3500,"Mapped, Not On Network",-81.399889999999999,28.370710048799999,654321.368327999953181,487646.728668000025209,7/26/2018 1:45:43 PM,8017_6167
355,356,1,355,5693,87241617,FHPD18OFF073106,FHP,Long,7/22/2018 0:00:00,12:46 AM,Unincorporated,Orange,STATE ROAD 417 (CENTRAL FLORIDA GREENEWAY),INNOVATION WAY (ON RAMP TO SR 417 ),0, ,Off Road,1,0,0,0,N,N,N,7000.000000000000000,Clear,Dark - Lighted,0,Off Road,S,Property Damage Only,N,Other,Guardrail Face,On Roadway,Non-Junction,N,Not at Intersection,State,Paved,Dry,None, , ,None, , ,N,N, , , , ,0,0,0,0,0,0,0,0,0,0,0,0,0.000000000000000,0.000000000000000,0,0,0,7000,"Mapped, On Network",-81.228557947400006,28.429082897800001,670931.242007000022568,494492.778553000011016,7/26/2018 11:14:06 AM,8391_8516
356,357,1,356,5713,87241395,FHPD18OFF073661,FHP,Long,7/23/2018 0:00:00,02:59 PM,Orlando,Orange,STATE ROAD 417 (CENTRAL FLORIDA GREENEWAY),RHODE ISLAND WOODS CIRCLE,100,East,Rear End,2,0,0,1,N,Y,N,6500.000000000000000,Cloudy,Daylight,0,Rear End,N,Injury,N,Front to Rear,Motor Vehicle in Transport,On Roadway,Non-Junction,N,Not at Intersection,State,Unpaved,Wet,None, , ,None, , ,N,N, , , , ,0,0,0,0,0,0,0,1,0,0,0,0,0.000000000000000,0.000000000000000,0,1,0,6500,"Mapped, Not On Network",-81.351280000000003,28.368930048799999,659079.519825999974273,487550.282522999972571,7/25/2018 6:02:42 AM,8466_7095
357,358,1,357,5720,87204660,FHPD18OFF074286,FHP,Long,7/25/2018 0:00:00,07:52 AM,Orlando Expwy Auth,Orange,SR-528,MM28,40,East,Rear End,2,0,0,2,N,Y,N,5400.000000000000000,Clear,Daylight,0,Rear End,W,Injury,N,Front to Rear,Motor Vehicle in Transport,On Roadway,Non-Junction,N,Not at Intersection,Turnpike/Toll,Paved,Dry,None, , ,None, , ,N,N, , , , ,0,0,0,0,0,0,0,2,0,0,0,0,0.000000000000000,0.000000000000000,0,1,0,5400,"Mapped, On Network",-81.020333088000001,28.452510960100000,691220.247795999981463,497568.526741000008769,7/26/2018 3:06:42 PM,5943_6937
358,359,1,358,5727,87260446,FHPD18OFF074014,FHP,Short,7/14/2018 0:00:00,05:07 PM,Orlando Expwy Auth,Orange,STATE RD 417,LEE VISTA  BLVD,250,South,Rear End,2,0,0,0,N,N,N,2500.000000000000000,Clear,Daylight,0,Rear End,S,Property Damage Only,N,Other,Cargo/Equipment Loss or Shift,On Roadway,Non-Junction,N,Not at Intersection,State,Paved,Dry,None, , ,None, , ,N,N, , , , ,0,0,3,0,0,0,0,0,0,0,0,0,0.000000000000000,0.000000000000000,0,0,0,2500,"Mapped, On Network",-81.239288431099993,28.477303239299999,669762.545139000052586,499823.086406000016723,7/30/2018 3:54:02 PM,8544_8386
359,360,1,359,5763,87240795,FHPD18OFF074532,FHP,Short,7/25/2018 0:00:00,05:40 PM,Orlando Expwy Auth,Orange,NB SR-417,UNIVERSITY BLVD,5280,North,Rear End,2,0,0,0,N,N,N,7000.000000000000000,Cloudy,Daylight,0,Rear End,N,Property Damage Only,Y,Front to Rear,Motor Vehicle in Transport,On Roadway,Non-Junction,N,Not at Intersection,State,Paved,Wet,None, , ,None, , ,N,N, , , , ,0,0,0,0,0,0,0,0,0,0,0,0,0.000000000000000,0.000000000000000,0,1,0,7000,"Mapped, On Network",-81.250092099699998,28.597673127899998,668408.965163000044413,513163.956429000012577,7/30/2018 3:50:29 PM,8588_8118
360,361,1,360,5767,87249494,FHPD18OFF066087,FHP,Long,7/2/2018 0:00:00,02:42 PM,Orlando Expwy Auth,Orange,SR-528-TOLL E,24.5MM,0, ,Rollover,1,0,0,1,N,N,N,6000.000000000000000,Clear,Daylight,0,Rollover,E,Injury,Y,Other,Overturn/Rollover,Off Roadway,Non-Junction,N,Not at Intersection,State,Paved,Dry,None, , ,None, , ,N,N, , , , ,0,0,0,0,0,0,0,1,0,0,0,0,0.000000000000000,0.000000000000000,0,1,0,6000,"Mapped, On Network",-81.092039999999997,28.451566196500000,684215.701711999950930,497296.327549999987241,7/26/2018 1:41:58 PM,8109_6321
361,362,1,361,5768,87249496,FHPD18OFF066148,FHP,Long,7/2/2018 0:00:00,04:59 PM,Orlando Expwy Auth,Orange,SR-528-TOLL E,20MM,0, ,Rear End,3,0,0,0,N,N,N,11000.000000000000000,Clear,Daylight,0,Rear End,E,Property Damage Only,Y,Front to Rear,Motor Vehicle in Transport,On Roadway,Non-Junction,N,Not at Intersection,State,Paved,Dry,None, , ,None, , ,N,N, , , , ,0,0,0,0,0,0,0,0,0,0,0,0,0.000000000000000,0.000000000000000,0,1,0,11000,"Mapped, On Network",-81.160079837300003,28.451591481099999,677566.807557999971323,497144.150567999982741,7/26/2018 1:42:16 PM,8095_8101
362,363,1,362,5779,87939241,2018-00286242,Orlando PD,Short,7/24/2018 0:00:00,03:38 PM,Orlando,Orange,SR 408 EAST,INTERSTATE 4 (SR 400 EAST EXIT RAMP),20,East,Rear End,2,0,0,0,N,N,N,2700.000000000000000,Cloudy,Daylight,0,Rear End,E,Property Damage Only,Y,Front to Rear,Motor Vehicle in Transport,On Roadway,Non-Junction,N,Not at Intersection,State,Curb,Dry,None, , ,None, , ,N,N, , , , ,0,0,0,0,0,0,0,0,0,0,0,0,0.000000000000000,0.000000000000000,0,0,0,2700,"Mapped, On Network",-81.389462871500001,28.535121045400000,654954.604640000034124,505923.081073999986984,8/1/2018 2:44:05 PM,8267_6679
363,364,1,363,5791,83672370,FHPD18OFF070834,FHP,Long,7/16/2018 0:00:00,05:49 AM,Orlando,Orange,STATE RD 408,PINE HILL RD,300,West,Rear End,3,0,0,3,N,N,N,24000.000000000000000,Clear,Dawn,0,Rear End,E,Injury,N,Front to Rear,Motor Vehicle in Transport,On Roadway,Non-Junction,N,Not at Intersection,State,Paved,Dry,Work Zone, , ,None, , ,N,Y,Lane Closure,Activity Area,Y,Y,0,0,0,0,0,0,0,1,2,0,0,0,1.000000000000000,0.000000000000000,0,0,0,24000,"Mapped, On Network",-81.452244640000004,28.548185613200001,648794.016382999951020,507245.426348000008147,7/24/2018 12:31:51 PM,8205_6294
364,365,1,364,5794,87260462,FHPD18OFF073926,FHP,Short,7/24/2018 0:00:00,09:57 AM,Orlando Expwy Auth,Orange,STATE RD 417,CURRY FORD RD,10560,South,Unknown,2,0,0,0,N,N,N,1000.000000000000000,Clear,Daylight,0,Unknown,S,Property Damage Only,N,"Sideswipe, Same Direction",Motor Vehicle in Transport,On Roadway,Non-Junction,N,Not at Intersection,State,Paved,Dry,None, , ,None, , ,N,N, , , , ,0,0,0,0,0,0,0,0,0,0,0,0,0.000000000000000,0.000000000000000,0,1,0,1000,"Mapped, On Network",-81.245045364999996,28.504051268000001,669133.741961000021547,502780.299516999977641,7/30/2018 3:50:00 PM,6965_8557
365,366,1,365,5812,87157278,FHPK18OFF052590,FHP,Short,7/18/2018 0:00:00,05:30 PM,Winter Garden,Orange,SR 429,STONEYBROOK WEST PARKWAY,100,East,Rear End,2,0,0,0,N,N,N,500.000000000000000,Cloudy,Daylight,0,Rear End,S,Property Damage Only,N,Front to Rear,Motor Vehicle in Transport,On Roadway,Entrance/Exit Ramp,Y,Not at Intersection,Turnpike/Toll,Paved,Wet,None, , ,None, , ,N,N, , , , ,0,0,0,0,0,0,0,0,0,0,0,0,0.000000000000000,0.000000000000000,0,1,0,500,"Mapped, Not On Network",-81.605258324800005,28.511935947600001,633932.000000000000000,502921.000000000000000,7/24/2018 12:47:46 PM,6186_6858
366,367,1,366,5843,87260455,FHPD18OFF072950,FHP,Long,7/21/2018 0:00:00,04:33 PM,Orlando Expwy Auth,Orange,STATE RD 417,MOSS PARK RD,30,North,Other,2,0,0,0,N,N,N,7000.000000000000000,Cloudy,Daylight,0,Other,S,Property Damage Only,N,Angle,Motor Vehicle in Transport,On Roadway,Non-Junction,N,Not at Intersection,State,Paved,Wet,Road Surface Condition, , ,None, , ,N,N, , , , ,0,0,0,0,0,0,0,0,0,0,0,0,0.000000000000000,0.000000000000000,0,0,0,7000,"Mapped, On Network",-81.227616975100005,28.414674612700001,671059.185859999968670,492895.115486000024248,7/30/2018 3:50:20 PM,8533_8540
367,368,1,367,5844,87204658,FHPD18OFF072322,FHP,Long,7/20/2018 0:00:00,07:47 AM,Orlando Expwy Auth,Orange,SR-408,MM7,20,East,Unknown,2,0,0,0,N,N,N,800.000000000000000,Clear,Daylight,0,Unknown,W,Property Damage Only,N,Other,"Struck by Falling, Shifting Cargo",On Roadway,Non-Junction,N,Not at Intersection,Turnpike/Toll,Paved,Dry,None, , ,None, , ,N,N, , , , ,0,0,0,0,0,0,0,0,0,0,0,0,0.000000000000000,0.000000000000000,0,1,0,800,"Mapped, On Network",-81.428042840000003,28.545934936900000,651162.248076000018045,507044.590464000008069,7/25/2018 3:05:02 PM,8239_5934
368,369,1,368,5858,87204662,FHPD18OFF074685,FHP,Long,7/26/2018 0:00:00,08:40 AM,Orlando Expwy Auth,Orange,SR-417,MM27,0,North,Other,1,0,0,0,N,N,N,600.000000000000000,Clear,Daylight,0,Single Vehicle,S,Property Damage Only,N,Other,Other Non-Collision,On Roadway,Non-Junction,N,Not at Intersection,Turnpike/Toll,Paved,Dry,None, , ,None, , ,N,N, , , , ,0,0,0,0,0,0,0,0,0,0,0,0,0.000000000000000,0.000000000000000,0,0,0,600,"Mapped, On Network",-81.241322983399996,28.484396754700001,669546.150320000015199,500606.219653000007384,8/1/2018 11:49:35 AM,6895_8383
369,370,1,369,5865,87229926,FHPD18OFF075024,FHP,Long,7/27/2018 0:00:00,09:07 AM,Orlando Expwy Auth,Orange,STATE ROAD 429 NB MM25,WEST RD,5280,North,Rear End,2,0,0,1,N,N,N,4000.000000000000000,Clear,Daylight,0,Rear End,N,Injury,Y,Front to Rear,Motor Vehicle in Transport,On Roadway,Non-Junction,N,Not at Intersection,State,Paved,Dry,None, , ,None, , ,N,N, , , , ,0,0,0,0,0,0,0,1,0,0,0,0,0.000000000000000,0.000000000000000,0,1,0,4000,"Mapped, On Network",-81.557169428899996,28.582343794000000,638474.102268000016920,510830.807292999990750,7/31/2018 4:01:53 PM,6089_6220
370,371,1,370,5866,87229930,FHPD18OFF075901,FHP,Long,7/29/2018 0:00:00,11:15 AM,Orlando Expwy Auth,Orange,STATE ROAD 528 WB MM24,DALLAS BLVD,0,East,Rear End,2,0,0,0,N,N,N,9000.000000000000000,Cloudy,Daylight,0,Rear End,W,Property Damage Only,Y,Front to Rear,Motor Vehicle in Transport,On Roadway,Non-Junction,N,Not at Intersection,State,Paved,Dry,None, , ,None, , ,N,N, , , , ,0,0,1,0,0,0,0,0,0,0,0,0,0.000000000000000,0.000000000000000,0,1,0,9000,"Mapped, On Network",-81.080469680799993,28.451889419800001,685345.490999000030570,497358.933890999993309,7/31/2018 4:01:18 PM,6322_8112
371,372,1,371,5890,87939114,2018-00291679,Orlando PD,Long,7/28/2018 0:00:00,05:10 PM,Orlando,Orange,EB STATE ROAD 408,MILLS AVENUE,500,West,Unknown,2,0,0,0,N,N,N,15000.000000000000000,Rain,Daylight,0,Unknown, ,Property Damage Only,Y,Angle,Motor Vehicle in Transport,On Roadway,Non-Junction,N,Not at Intersection,State,Paved,Wet,None, , ,None, , ,N,N, , , , ,0,0,1,0,0,0,0,0,0,0,0,0,0.000000000000000,0.000000000000000,0,1,0,15000,"Mapped, On Network",-81.369653388600000,28.537033225999998,656884.449524000054225,506176.503494000004139,8/1/2018 2:38:51 PM,8307_8305
372,373,1,372,5891,87939100,2018-00271669,Orlando PD,Long,7/13/2018 0:00:00,01:38 PM,Orlando,Orange,SR 408 WESTBOUND,S JOHN YOUNG PARKWAY EXIT RAMP,500,East,Rear End,4,0,0,2,N,N,N,23000.000000000000000,Clear,Daylight,0,Rear End,W,Injury,Y,Front to Rear,Motor Vehicle in Transport,On Roadway,Non-Junction,N,Not at Intersection,State,Paved,Dry,None, , ,None, , ,N,N, , , , ,0,0,2,0,0,0,0,1,1,0,0,0,1.000000000000000,0.000000000000000,0,2,0,23000,"Mapped, On Network",-81.409676381400004,28.539630439400000,652970.251985999988392,506382.135345000016969,8/1/2018 2:35:41 PM,8244_8217
373,374,1,373,5910,87183003,FHPD18OFF072270,FHP,Long,7/19/2018 0:00:00,11:47 PM,Orlando,Orange,SR 417 (CENTRAL FLORIDA GREENEWAY),SR408,500,South,Sideswipe,2,0,0,0,N,N,N,15500.000000000000000,Clear,Dark - Lighted,0,Same Direction Sideswipe,S,Property Damage Only,N,"Sideswipe, Same Direction",Motor Vehicle in Transport,On Roadway,Non-Junction,Y,Not at Intersection,State,Paved,Dry,Work Zone, , ,None, , ,N,Y,Lane Closure,Advance Warning Area,Y,Y,0,0,0,0,0,0,0,0,0,0,0,0,0.000000000000000,0.000000000000000,0,1,0,15500,"Mapped, On Network",-81.268456279999995,28.558525026600002,666713.091709999949671,508777.571899999980815,8/1/2018 1:12:31 PM,8572_8453
374,375,1,374,5916,87266261,FHPD18OFF074873,FHP,Long,7/26/2018 0:00:00,06:06 PM,Orlando,Orange,SR 408 (EASTBOUND),SR 417 ENTRANCE RAMP,500,West,Rear End,2,0,0,1,N,Y,N,12000.000000000000000,Cloudy,Daylight,0,Rear End,E,Injury,N,Front to Rear,Motor Vehicle in Transport,On Roadway,Non-Junction,N,Not at Intersection,State,Paved,Dry,None, , ,None, , ,N,N, , , , ,0,0,0,0,0,0,0,1,0,0,0,0,0.000000000000000,0.000000000000000,0,1,0,12000,"Mapped, On Network",-81.270173584000005,28.547089639500001,666573.549385000020266,507504.204426000011154,7/30/2018 3:48:04 PM,8412_7015
375,376,1,375,5918,87240781,FHPD18OFF071748,FHP,Long,7/18/2018 0:00:00,03:44 PM,Orlando Expwy Auth,Orange,NB SR-417,SR-535,5280,North,Rear End,2,0,0,0,N,N,N,4500.000000000000000,Cloudy,Daylight,0,Rear End,N,Property Damage Only,Y,Front to Front,Motor Vehicle in Transport,On Roadway,Non-Junction,N,Not at Intersection,State,Paved,Wet,None, , ,None, , ,N,N, , , , ,0,0,0,0,0,0,0,0,0,0,0,0,0.000000000000000,0.000000000000000,0,1,0,4500,"Mapped, On Network",-81.470001667600002,28.354071404100001,647502.506108999950811,485656.635247999976855,7/25/2018 3:15:56 PM,8581_7010
376,377,1,376,5919,87240784,FHPD18OFF071845,FHP,Short,7/18/2018 0:00:00,04:15 PM,Orlando Expwy Auth,Orange,EB SR-528 EXIT RAMP,SR-15,10560,East,Off Road,1,0,0,0,N,N,N,5000.000000000000000,Cloudy,Daylight,0,Off Road,E,Property Damage Only,Y,Other,Guardrail Face,Shoulder,Entrance/Exit Ramp,N,Not at Intersection,State,Paved,Wet,None, , ,None, , ,N,N, , , , ,0,0,0,0,0,0,0,0,0,0,0,0,0.000000000000000,0.000000000000000,0,1,0,5000,"Mapped, Not On Network",-81.270300000500001,28.448450024900001,666803.677400000044145,496552.077500000013970,7/24/2018 12:11:08 PM,6156_8052
377,378,1,377,5923,87240778,FHPD18OFF071093,FHP,Long,7/16/2018 0:00:00,06:35 PM,Orlando Expwy Auth,Orange,SB SR-417 EXIT RAMP,SR-50,5280,South,Off Road,2,0,0,0,N,N,N,10000.000000000000000,Cloudy,Daylight,0,Off Road,S,Property Damage Only,Y,Other,Concrete Traffic Barrier,Shoulder,Entrance/Exit Ramp,N,Not at Intersection,State,Paved,Dry,None, , ,None, , ,N,N, , , , ,0,0,0,0,0,0,0,0,0,0,0,0,0.000000000000000,0.000000000000000,0,0,0,10000,"Mapped, Not On Network",-81.412760000199995,28.375160024800000,653052.347999999998137,488114.342699999979232,7/24/2018 12:11:34 PM,8107_8280
378,379,1,378,5933,87249508,FHPD18OFF074510,FHP,Short,7/25/2018 0:00:00,05:14 PM,Orlando Expwy Auth,Orange,SR417,7.5MM,0, ,Rear End,2,0,0,0,N,N,N,3500.000000000000000,Clear,Daylight,0,Rear End,N,Property Damage Only,Y,Front to Rear,Motor Vehicle in Transport,On Roadway,Non-Junction,N,Not at Intersection,State,Paved,Dry,None, , ,None, , ,N,N, , , , ,0,0,0,0,0,0,0,0,0,0,0,0,0.000000000000000,0.000000000000000,0,1,0,3500,"Mapped, On Network",-81.458122552899994,28.355717844299999,648660.672956999973394,485863.343157999974210,7/31/2018 10:17:39 AM,7010_6916
379,380,1,379,5953,87240791,FHPD18OFF074110,FHP,Long,7/24/2018 0:00:00,05:20 PM,Orlando Expwy Auth,Orange,EB SR-408 EXIT RAMP,GOOD HOMES RD,20,East,Sideswipe,2,0,0,1,N,N,N,5000.000000000000000,Cloudy,Daylight,0,Same Direction Sideswipe,W,Injury,Y,"Sideswipe, Same Direction",Motor Vehicle in Transport,On Roadway,Entrance/Exit Ramp,N,Not at Intersection,State,Paved,Wet,None, , ,None, , ,N,N, , , , ,0,0,3,0,0,0,0,0,1,0,0,0,1.000000000000000,0.000000000000000,0,2,0,5000,"Mapped, On Network",-81.504671374099999,28.546249082599999,643679.486143999965861,506925.721602000005078,7/30/2018 3:49:10 PM,8156_8150
380,381,1,380,5975,87204656,FHPD18OFF071963,FHP,Long,7/19/2018 0:00:00,07:40 AM,Orlando Expwy Auth,Orange,SR-528,MM18.5,40,East,Rear End,2,0,0,0,N,N,N,3900.000000000000000,Clear,Daylight,0,Rear End,W,Property Damage Only,N,Front to Rear,Motor Vehicle in Transport,On Roadway,Non-Junction,N,Not at Intersection,Turnpike/Toll,Paved,Dry,None, , ,None, , ,N,N, , , , ,0,0,1,0,0,0,0,0,0,0,0,0,0.000000000000000,0.000000000000000,0,1,0,3900,"Mapped, On Network",-81.180880231100005,28.451781350600001,675533.701728999963962,497118.583397999987938,7/24/2018 2:07:24 PM,8097_6953
381,382,1,381,5978,87240783,FHPD18OFF071753,FHP,Short,7/18/2018 0:00:00,03:50 PM,Orlando Expwy Auth,Orange,EB SR-528 EXIT RAMP,SR-15,10560,West,Rear End,3,0,0,0,N,N,N,10500.000000000000000,Cloudy,Daylight,0,Rear End,E,Property Damage Only,Y,Front to Rear,Motor Vehicle in Transport,On Roadway,Entrance/Exit Ramp,N,Not at Intersection,State,Paved,Wet,None, , ,None, , ,N,N, , , , ,0,0,1,0,0,0,0,0,0,0,0,0,0.000000000000000,0.000000000000000,0,1,0,10500,"Mapped, Not On Network",-81.270300000500001,28.448450024900001,666803.677400000044145,496552.077500000013970,7/25/2018 3:15:13 PM,6156_8052
382,383,1,382,5980,85307267,FHPD18OFF075154,FHP,Long,7/27/2018 0:00:00,03:04 PM,Orlando,Orange,STATE ROAD 417,ROUTE 50 (COLONIAL DRIVE),5280,North,Rear End,2,0,0,0,N,N,N,2000.000000000000000,Clear,Daylight,0,Rear End,S,Property Damage Only,N,Front to Rear,Motor Vehicle in Transport,On Roadway,Non-Junction,N,Not at Intersection,Interstate,Unpaved,Dry,None, , ,None, , ,N,N, , , , ,0,0,1,0,0,0,0,0,0,0,0,0,0.000000000000000,0.000000000000000,0,1,0,2000,"Mapped, On Network",-81.262688204100002,28.578850073300000,667226.104098999989219,511046.715001999982633,8/1/2018 10:49:11 AM,6691_8563
383,384,1,383,5995,87224615,FHPD18OFF073374,FHP,Long,7/22/2018 0:00:00,07:15 PM,Orlando,Orange,STATE ROAD 408 EXIT RAMP,STATE ROAD 417,50,South,Off Road,1,0,0,1,N,N,N,1500.000000000000000,Rain,Daylight,0,Off Road,N,Injury,N,Other,Concrete Traffic Barrier,Shoulder,Entrance/Exit Ramp,Y,Not at Intersection,Turnpike/Toll,Paved,Wet,None, , ,None, , ,N,N, , , , ,0,0,0,0,0,0,0,0,1,0,0,0,0.000000000000000,0.000000000000000,0,0,0,1500,"Mapped, Not On Network",-81.258099999500004,28.547300024900000,667751.848099999944679,507553.720800000010058,7/31/2018 10:28:56 AM,8033_8027
384,385,1,384,6040,87204657,FHPD18OFF071989,FHP,Long,7/19/2018 0:00:00,08:48 AM,Orlando Expwy Auth,Orange,SR-528,MM19,60,East,Rear End,2,0,0,0,N,N,N,6200.000000000000000,Clear,Daylight,0,Rear End,W,Property Damage Only,N,Front to Rear,Motor Vehicle in Transport,On Roadway,Non-Junction,N,Not at Intersection,Turnpike/Toll,Paved,Dry,None, , ,None, , ,N,N, , , , ,0,0,0,0,0,0,0,0,0,0,0,0,0.000000000000000,0.000000000000000,0,1,0,6200,"Mapped, On Network",-81.165665649000005,28.451818914099999,677020.379812999977730,497156.841139999974985,7/24/2018 2:08:07 PM,8099_8097
385,386,1,385,6062,87240796,FHPD18OFF074539,FHP,Short,7/25/2018 0:00:00,06:06 PM,Orlando Expwy Auth,Orange,NB SR-417,SR-535,5280,North,Sideswipe,2,0,0,0,N,N,N,11000.000000000000000,Cloudy,Daylight,0,Same Direction Sideswipe,N,Property Damage Only,Y,"Sideswipe, Same Direction",Motor Vehicle in Transport,On Roadway,Non-Junction,N,Not at Intersection,State,Paved,Dry,None, , ,None, , ,N,N, , , , ,0,0,1,0,0,0,0,0,0,0,0,0,0.000000000000000,0.000000000000000,0,1,0,11000,"Mapped, On Network",-81.465642541199998,28.354012998799998,647929.020294000045396,485658.906978000013623,7/30/2018 3:48:31 PM,8581_7010
386,387,1,386,6079,87249509,FHPD18OFF074760,FHP,Short,7/26/2018 0:00:00,01:25 PM,Orlando Expwy Auth,Orange,SR408,4MM,0, ,Off Road,2,0,0,0,N,N,N,8000.000000000000000,Rain,Daylight,0,Off Road,W,Property Damage Only,Y,Other,Guardrail Face,Off Roadway,Non-Junction,N,Not at Intersection,State,Paved,Wet,None, , ,None, , ,N,N, , , , ,0,0,0,0,0,0,0,0,0,0,0,0,0.000000000000000,0.000000000000000,0,1,0,8000,"Mapped, On Network",-81.474453969300001,28.548445488599999,646624.939179999986663,507229.667637999984436,8/1/2018 1:34:42 PM,8210_8148
387,388,1,387,6081,87249507,FHPD18OFF074394,FHP,Short,7/25/2018 0:00:00,01:06 PM,Orlando Expwy Auth,Orange,SR417,33MM,0, ,Rear End,2,0,0,0,N,N,N,500.000000000000000,Cloudy,Daylight,0,Rear End,S,Property Damage Only,Y,Front to Rear,Motor Vehicle in Transport,On Roadway,Non-Junction,N,Not at Intersection,State,Paved,Dry,None, , ,None, , ,N,N, , , , ,0,0,0,0,0,0,0,0,0,0,0,0,0.000000000000000,0.000000000000000,0,1,0,500,"Mapped, On Network",-81.266535799699994,28.555548793000000,666907.906416999991052,508451.280570000002626,7/31/2018 4:08:57 PM,8570_6966
388,389,1,388,6102,87229931,FHPD18OFF076289,FHP,Long,7/30/2018 0:00:00,12:21 PM,Orlando Expwy Auth,Orange,STATE ROAD 417 NB OFF RAMP,STATE ROAD 408 WB,50,West,Off Road,1,0,0,0,N,N,N,1000.000000000000000,Clear,Daylight,0,Off Road,N,Property Damage Only,Y,Other,Ditch,Off Roadway,Entrance/Exit Ramp,N,Not at Intersection,State,Paved,Dry,None, , ,None, , ,N,Y,Work on Shoulder or Median,Activity Area,N,N,0,0,0,0,0,0,0,0,0,0,0,0,0.000000000000000,0.000000000000000,0,0,0,1000,"Mapped, On Network",-81.258564989999996,28.548269353599999,667704.055368999950588,507660.334231999993790,7/31/2018 4:01:03 PM,11876_8570