FID,OBJECTID_1,Join_Count,TARGET_FID,OBJECTID,HSMV_Repor,Agency_Rep,Reporting_,Form_Type,Crash_Date,Crash_Time,City,County,Crash_Stre,Intersecti,Offset_Dis,Offset_Dir,Crash_Type,Vehicles,Non_Motori,Fatalities,Injuries,Alcohol_Re,Distractio,Drug_Relat,Estimated_,Weather_Co,Light_Cond,Street_Num,Crash_Ty_1,Crash_Ty_2,Crash_Seve,Within_Cit,Manner_of_,First_Harm,First_HE_L,First_HE_R,First_HE_W,Type_of_In,Road_Sys_I,Type_of_Sh,Road_Surf_,Contrib_Ci,Contrib__1,Contrib__2,Contrib__3,Contrib__4,Contrib__5,School_Bus,Work_Zone_,Type_of_Wo,Loc_in_Wor,Workers_in,Law_Enforc,Mopeds,Motorcycle,Passengers,Bicyclists,Pedestrian,Fataliti_1,Injuries_U,Possible_I,Non_Incapa,Incapacita,Fataliti_2,Non_Traffi,Transporte,Transpor_1,Transpor_2,Citations,Property_D,Vehicle_Dm,S4_Mapping,S4_Decimal,S4_Decim_1,S4_Albers_,S4_Albers1,S4_Mappi_1,zone_id_st
389,390,1,389,6103,87229929,FHPD18OFF075875,FHP,Long,7/29/2018 0:00:00,09:17 AM,Orlando Expwy Auth,Orange,STATE ROAD 528 EB MM23,DALLAS BLVD,5280,West,Other,1,0,0,1,N,N,N,8000.000000000000000,Clear,Daylight,0,Single Vehicle,E,Injury,Y,Other,Motor Vehicle in Transport,Median,Non-Junction,N,Not at Intersection,State,Paved,Dry,None, , ,None, , ,N,Y,Lane Shift/Crossover,Transition Area,N,N,0,0,0,0,0,0,0,0,0,1,0,0,1.000000000000000,0.000000000000000,0,0,0,8000,"Mapped, On Network",-81.122265010299998,28.451574053000002,681262.114305999944918,497227.899055999994744,7/31/2018 4:01:27 PM,6073_8099
390,391,1,390,6105,87229925,FHPD18OFF074981,FHP,Long,7/27/2018 0:00:00,06:35 AM,Orlando Expwy Auth,Orange,STATE ROAD 429 SB MM27,OCOEE APOPKA RD,5280,North,Other,1,0,0,0,N,N,N,4000.000000000000000,Clear,Daylight,0,Single Vehicle,S,Property Damage Only,Y,Other,Motor Vehicle in Transport,On Roadway,Non-Junction,N,Not at Intersection,State,Paved,Dry,None, , ,None, , ,N,N, , , , ,0,0,0,0,0,0,0,0,0,0,0,0,0.000000000000000,0.000000000000000,0,1,0,4000,"Mapped, On Network",-81.537608178799999,28.605453463800000,640332.214050999958999,513434.728767000022344,7/31/2018 4:02:01 PM,8460_6069
391,392,1,391,6112,87252575,FHPD18OFF074558,FHP,Long,7/25/2018 0:00:00,07:25 PM,Orlando,Orange,STATE ROAD 417 SB OFF RAMP,UNIVERSITY BLVD,0, ,Bicycle,1,1,0,1,N,N,N,0.000000000000000,Clear,Daylight,0,Bicycle,S,Injury,N,Other,Pedalcycle,On Roadway,Intersection-Related,N,Not at Intersection,State,Curb,Dry,None, , ,None, , ,N,N, , , , ,0,0,0,1,0,0,0,0,1,0,0,0,0.000000000000000,0.000000000000000,1,0,0,0,"Mapped, On Network",-81.256662100200003,28.607570049600000,667743.346709999954328,514248.506489999999758,7/30/2018 3:53:18 PM,5988_6758
392,393,1,392,6114,87195156,FHPK18OFF054020,FHP,Long,7/23/2018 0:00:00,11:45 PM,Winter Garden,Orange,STATE ROAD 429 (DANIEL WEBSTER BELTWAY),WARRIOR RD,5280,North,Off Road,1,0,0,1,N,N,N,3000.000000000000000,Clear,Dark - Lighted,0,Off Road,N,Injury,N,Other,Utility Pole/Light Support,Off Roadway,Non-Junction,N,Not at Intersection,Turnpike/Toll,Paved,Dry,None, , ,None, , ,N,N, , , , ,0,0,0,0,0,0,0,1,0,0,0,0,0.000000000000000,0.000000000000000,0,2,0,3000,"Mapped, On Network",-81.560387760300003,28.530849321600002,638273.093798000016250,505106.951233999978285,7/31/2018 9:56:40 AM,6231_8470
393,394,1,393,6139,87260467,FHPD18OFF075682,FHP,Long,7/28/2018 0:00:00,05:58 PM,Orlando Expwy Auth,Orange,STATE RD 408,POWERS DR,500,West,Unknown,2,0,0,0,N,N,N,3500.000000000000000,Rain,Daylight,0,Unknown,E,Property Damage Only,N,Other,Other Non-Collision,On Roadway,Non-Junction,N,Not at Intersection,State,Paved,Wet,Road Surface Condition, , ,Weather Conditions, , ,N,Y,Intermittent or Moving Work,Activity Area,N,N,0,0,0,0,0,0,0,0,0,0,0,0,0.000000000000000,0.000000000000000,0,0,0,3500,"Mapped, On Network",-81.458703116899997,28.549479605700000,648160.459745000000112,507376.087347000022419,7/31/2018 4:03:00 PM,8208_8205
394,395,1,394,6142,87257862,FHPD18OFF072287,FHP,Long,7/20/2018 0:00:00,03:05 AM,Orlando,Orange,SR 408,SR 417,0, ,Rear End,2,0,0,0,N,N,N,17000.000000000000000,Clear,Dark - Lighted,0,Rear End,E,Property Damage Only,N,Front to Rear,Motor Vehicle in Transport,On Roadway,Entrance/Exit Ramp,N,Not at Intersection,State,Paved,Dry,None, , ,None, , ,N,N, , , , ,0,0,0,0,0,0,0,0,0,0,0,0,0.000000000000000,0.000000000000000,0,0,0,17000,"Mapped, On Network",-81.262779170499996,28.547298478500000,667294.996910999994725,507543.397928000020329,7/30/2018 3:51:47 PM,8412_7015
395,396,1,395,6148,87939692,2018-00287993,Orlando PD,Long,7/25/2018 0:00:00,07:50 PM,Orlando,Orange,EW WBO,MILLS AV,0, ,Unknown,2,0,0,0,N,N,N,1000.000000000000000,Rain,Dark - Lighted,0,Unknown, ,Property Damage Only,Y,"Sideswipe, Same Direction",Motor Vehicle in Transport,On Roadway,Entrance/Exit Ramp,N,Not at Intersection,U.S.,Paved,Wet,None, , ,None, , ,N,N, , , , ,0,0,0,0,0,0,0,0,0,0,0,0,0.000000000000000,0.000000000000000,0,0,0,1000,"Mapped, On Network",-81.364548493599997,28.537375114900001,657382.115651999949478,506225.108252000005450,7/31/2018 11:05:17 AM,8309_8313
396,397,1,396,6151,87260469,FHPD18OFF076036,FHP,Short,7/29/2018 0:00:00,04:50 PM,Orlando Expwy Auth,Orange,STATE RD 408,POWERS DR,0,West,Unknown,2,0,0,0,N,N,N,8500.000000000000000,Rain,Daylight,0,Unknown,E,Property Damage Only,N,Other,Other Non-Collision,On Roadway,Non-Junction,N,Not at Intersection,State,Paved,Wet,Road Surface Condition, , ,Weather Conditions, , ,N,Y,Intermittent or Moving Work,Activity Area,N,N,0,0,0,0,0,0,0,0,0,0,0,0,0.000000000000000,0.000000000000000,0,1,0,8500,"Mapped, On Network",-81.475489596399996,28.548167533600001,646524.454025999992155,507196.734794999996666,7/31/2018 4:02:20 PM,8144_8146
397,398,1,397,6153,87260466,FHPD18OFF075676,FHP,Short,7/28/2018 0:00:00,05:50 PM,Orlando Expwy Auth,Orange,STATE RD 408,STATE RD 423 JOHN YOUNG PKWY,0,West,Other,1,0,0,0,N,N,N,2500.000000000000000,Rain,Daylight,0,Single Vehicle,W,Property Damage Only,N,Other,Other Non-Collision,On Roadway,Non-Junction,N,Not at Intersection,State,Paved,Wet,Road Surface Condition, , ,Weather Conditions, , ,N,Y,Intermittent or Moving Work,Activity Area,N,N,0,0,0,0,0,0,0,0,0,0,0,0,0.000000000000000,0.000000000000000,0,1,0,2500,"Mapped, On Network",-81.427046050100003,28.545780678600000,651259.932027000002563,507029.493535000015981,7/31/2018 4:03:08 PM,6014_8237
398,399,1,398,6154,87260465,FHPD18OFF075272,FHP,Short,7/27/2018 0:00:00,05:46 PM,Orlando Expwy Auth,Orange,STATE RD 417,STATE RD 423 JOHN YOUNG PKWY,10560,South,Rear End,2,0,0,0,N,N,N,3000.000000000000000,Cloudy,Daylight,0,Rear End,S,Property Damage Only,N,Front to Rear,Motor Vehicle in Transport,On Roadway,Non-Junction,N,Not at Intersection,State,Paved,Wet,Road Surface Condition, , ,Weather Conditions, , ,N,N, , , , ,0,0,4,0,0,0,0,0,0,0,0,0,0.000000000000000,0.000000000000000,0,1,0,3000,"Mapped, On Network",-81.429862100199998,28.369233579199999,651393.588343000039458,487421.334649000025820,7/31/2018 4:03:16 PM,8287_8107
399,400,1,399,6156,87260463,FHPD18OFF075149,FHP,Long,7/27/2018 0:00:00,02:43 PM,Orlando Expwy Auth,Orange,STATE RD 417,STATE RD 50 COLONIAL DR,600,North,Other,1,0,0,0,N,N,N,8000.000000000000000,Clear,Daylight,0,Single Vehicle,S,Property Damage Only,N,Other,Other Non-Collision,On Roadway,Non-Junction,N,Not at Intersection,State,Paved,Dry,None, , ,None, , ,N,N, , , , ,0,0,0,0,0,0,0,0,0,0,0,0,0.000000000000000,0.000000000000000,0,0,0,8000,"Mapped, On Network",-81.265754701099993,28.569438169100000,666949.965110999997705,509995.086193000024650,7/31/2018 4:04:02 PM,8451_2531
400,401,1,400,6171,87229928,FHPD18OFF075842,FHP,Short,7/29/2018 0:00:00,06:22 AM,Orlando Expwy Auth,Orange,STATE ROAD 417 NB MM30,CURRY FORD RD,5280,North,Sideswipe,2,0,0,0,N,N,N,2000.000000000000000,Clear,Daylight,0,Same Direction Sideswipe,N,Property Damage Only,Y,"Sideswipe, Same Direction",Motor Vehicle in Transport,On Roadway,Non-Junction,N,Not at Intersection,State,Paved,Wet,None, , ,None, , ,N,N, , , , ,0,0,1,0,0,0,0,0,0,0,0,0,0.000000000000000,0.000000000000000,0,0,0,2000,"Mapped, On Network",-81.250748520200005,28.517754571400001,668542.762579999980517,504289.322319999977481,7/31/2018 4:01:34 PM,6968_8555
401,402,1,401,6173,87240798,FHPD18OFF075248,FHP,Short,7/27/2018 0:00:00,05:25 PM,Orlando Expwy Auth,Orange,EB SR-408,SR-423,0,West,Sideswipe,2,0,0,0,N,N,N,5000.000000000000000,Cloudy,Daylight,0,Same Direction Sideswipe,E,Property Damage Only,Y,"Sideswipe, Same Direction",Motor Vehicle in Transport,On Roadway,Entrance/Exit Ramp,N,Not at Intersection,State,Paved,Wet,None, , ,None, , ,N,N, , , , ,0,0,1,0,0,0,0,0,0,0,0,0,0.000000000000000,0.000000000000000,0,1,0,5000,"Mapped, On Network",-81.416654768399994,28.544627358900001,652277.219913000008091,506922.654332000005525,7/31/2018 4:05:25 PM,6011_8219
402,403,1,402,6174,87240799,FHPD18OFF075275,FHP,Short,7/27/2018 0:00:00,05:55 PM,Orlando Expwy Auth,Orange,EB SR-408,SR-434,0,West,Sideswipe,2,0,0,0,N,N,N,5500.000000000000000,Cloudy,Daylight,0,Same Direction Sideswipe,E,Property Damage Only,Y,"Sideswipe, Same Direction",Motor Vehicle in Transport,On Roadway,Non-Junction,N,Not at Intersection,State,Paved,Wet,None, , ,None, , ,N,N, , , , ,0,0,0,0,0,0,0,0,0,0,0,0,0.000000000000000,0.000000000000000,0,1,0,5500,"Mapped, On Network",-81.204079152199995,28.549813453100001,673019.865055999951437,507951.230194000003394,7/31/2018 4:05:10 PM,8041_6970
403,404,1,403,6183,87939365,2018-00291056,Orlando PD,Long,7/28/2018 0:00:00,03:16 AM,Orlando,Orange,SR-408 EAS WEST,S. ORANGE BLOSSOM TRL,1056,East,Rear End,2,0,0,1,Y,N,N,14000.000000000000000,Clear,Dark - Lighted,0,Rear End,W,Injury,Y,Front to Rear,Motor Vehicle in Transport,On Roadway,Intersection,N,Not at Intersection,State,Paved,Wet,Road Surface Condition, , ,None, , ,N,Y,Work on Shoulder or Median,Activity Area,Y,N,0,0,0,0,0,0,0,1,0,0,0,0,0.000000000000000,0.000000000000000,0,2,0,14000,"Mapped, On Network",-81.392832969899999,28.535276544900000,654625.152500999975018,505933.383122999977786,8/1/2018 2:45:01 PM,8272_8254
404,405,1,404,6198,87737596,2018-00295108,Orlando PD,Long,7/31/2018 0:00:00,10:25 AM,Orlando,Orange,SR417 (CENTRAL FLORIDA GREENWAY SOUTH BOUND),BOGGY CREEK ROAD,900, ,Angle,2,0,0,0,N,N,N,75000.000000000000000,Clear,Daylight,0,Right Angle,SE,Property Damage Only,Y,Angle,Motor Vehicle in Transport,On Roadway,Non-Junction,N,Not at Intersection,State,Paved,Dry,None, , ,None, , ,N,N, , , , ,0,0,0,0,0,0,0,0,0,0,0,0,0.000000000000000,0.000000000000000,0,0,0,75000,"Mapped, On Network",-81.297326741700005,28.371917766599999,664348.747213999973610,487996.517430000007153,8/2/2018 10:04:08 PM,6486_8601
405,406,1,405,6243,87736036,2018-00287215,Orlando PD,Short,7/25/2018 0:00:00,08:15 AM,Orlando,Orange,EW WBO,CRYSTAL LAKE DR,500,East,Other,2,0,0,0,N,N,N,750.000000000000000,Clear,Daylight,0,Other,W,Property Damage Only,Y,Other,Motor Vehicle in Transport,On Roadway,Non-Junction,N,Not at Intersection,State,Curb,Dry,None, , ,None, , ,N,N, , , , ,0,0,0,0,0,0,0,0,0,0,0,0,0.000000000000000,0.000000000000000,0,0,0,750,"Mapped, On Network",-81.341958694799999,28.538490452200001,659585.259087000042200,506396.295740999979898,8/3/2018 11:26:42 AM,8353_6185
406,407,1,406,6249,87265177,FHPD18OFF080118,FHP,Long,8/9/2018 0:00:00,05:30 PM,Orlando,Orange,STATE ROAD 408,MM 18,0, ,Rear End,3,0,0,1,N,N,N,9000.000000000000000,Clear,Daylight,0,Rear End,E,Injury,N,Front to Rear,Motor Vehicle in Transport,On Roadway,Non-Junction,N,Not at Intersection,Interstate,Paved,Dry,None, , ,None, , ,N,N, , , , ,0,0,0,0,0,0,0,0,0,1,0,0,1.000000000000000,0.000000000000000,0,1,0,9000,"Mapped, On Network",-81.265124666999995,28.547256875700000,667066.094594000023790,507533.696930999984033,8/16/2018 4:07:37 PM,8412_7015
407,408,1,407,6251,87227638,FHPD18OFF068603,FHP,Long,7/10/2018 0:00:00,02:25 AM,Orlando,Orange,STATE ROAD 408 (EAST-WEST EXPRESSWAY),INTERSTATE 4 (STATE ROAD 400),5280,West,Off Road,1,0,0,0,N,Y,N,1000.000000000000000,Clear,Dark - Lighted,0,Off Road,E,Property Damage Only,N,Other,Traffic Sign Support,On Roadway,Non-Junction,N,Not at Intersection,State,Paved,Dry,None, , ,None, , ,N,Y,Lane Closure,Activity Area,Y,Y,0,0,0,0,0,0,0,0,0,0,0,0,0.000000000000000,0.000000000000000,0,0,0,1000,"Mapped, On Network",-81.392856155100006,28.535101050600002,654623.300512999994680,505913.849930000025779,7/24/2018 11:03:04 AM,8248_8267
408,409,1,408,6257,87271649,FHPD18OFF076194,FHP,Long,7/30/2018 0:00:00,07:10 AM,Orlando,Orange,EAST-WEST EXPY,SR 417,1000,West,Off Road,2,0,0,1,N,N,N,6000.000000000000000,Clear,Daylight,0,Off Road,W,Injury,N,Other,Concrete Traffic Barrier,On Roadway,Non-Junction,N,Not at Intersection,State,Paved,Dry,None, , ,None, , ,N,N, , , , ,0,0,0,0,0,0,0,1,0,0,0,0,0.000000000000000,0.000000000000000,0,1,0,6000,"Mapped, On Network",-81.261092737799999,28.547503436800000,667459.147786000045016,507569.810737999971025,8/16/2018 3:28:19 PM,6971_6258
409,410,1,409,6378,87272849,FHPD18OFF077227,FHP,Long,8/1/2018 0:00:00,06:37 PM,Orlando,Orange,STATE ROAD 408,HIAWASSEE ROAD,10,East,Rear End,2,0,0,0,N,N,N,2200.000000000000000,Clear,Dark - Lighted,0,Rear End,E,Property Damage Only,N,"Sideswipe, Same Direction",Motor Vehicle in Transport,On Roadway,Non-Junction,N,Not at Intersection,State,Unpaved,Water (standing/moving),Road Surface Condition, , ,None, , ,N,N, , , , ,0,0,0,0,0,0,0,0,0,0,0,0,0.000000000000000,0.000000000000000,0,1,0,2200,"Mapped, On Network",-81.468918242699999,28.549000687300001,647164.173346000025049,507302.396084000007249,8/2/2018 10:02:49 PM,8146_6068
410,411,1,410,6385,87939456,2018-00289246,Orlando PD,Short,7/26/2018 0:00:00,06:43 PM,Orlando,Orange,SR 408 E,S ORANGE BLOSSOM TRL EXIT RAMP,250,East,Rear End,2,0,0,0,N,N,N,600.000000000000000,Clear,Daylight,0,Rear End,E,Property Damage Only,Y,Front to Rear,Motor Vehicle in Transport,On Roadway,Non-Junction,N,Not at Intersection,State,Curb,Dry,None, , ,None, , ,N,N, , , , ,0,0,0,0,0,0,0,0,0,0,0,0,0.000000000000000,0.000000000000000,0,0,0,600,"Mapped, On Network",-81.399074053099994,28.535086668300000,654016.161469000042416,505899.429452000011224,8/3/2018 11:17:51 AM,8242_8248
411,412,1,411,6442,87259724,FHPD18OFF074156,FHP,Short,7/24/2018 0:00:00,06:38 PM,Unincorporated,Orange,STATE ROAD 528 (BEACH LINE),STATE ROAD 520,3,West,Unknown,2,0,0,0,N,N,N,2500.000000000000000,Cloudy,Daylight,0,Unknown,E,Property Damage Only,N,Other,"Struck by Falling, Shifting Cargo",On Roadway,Non-Junction,N,Not at Intersection,State,Paved,Wet,None, , ,None, , ,N,N, , , , ,0,0,0,0,0,0,0,0,0,0,0,0,0.000000000000000,0.000000000000000,0,1,0,2500,"Mapped, On Network",-80.974119763299996,28.452541272700000,695735.963662000023760,497681.876006999984384,7/30/2018 3:42:57 PM,8083_6824
412,413,1,412,6511,87249521,FHPD18OFF080726,FHP,Short,8/11/2018 0:00:00,11:00 AM,Orlando Expwy Auth,Orange,SR417 EXIT RAMP,SR528,0, ,Sideswipe,2,0,0,0,N,N,N,3000.000000000000000,Clear,Daylight,0,Same Direction Sideswipe,N,Property Damage Only,Y,"Sideswipe, Same Direction",Motor Vehicle in Transport,On Roadway,Non-Junction,N,Not at Intersection,State,Paved,Dry,None, , ,None, , ,N,N, , , , ,0,0,0,0,0,0,0,0,0,0,0,0,0.000000000000000,0.000000000000000,0,1,0,3000,"Mapped, Not On Network",-81.229709999600004,28.438150024999999,670796.018599999952130,495496.957700000028126,8/13/2018 4:26:00 PM,7999_8391
413,414,1,413,6530,87249514,FHPD18OFF077521,FHP,Long,8/2/2018 0:00:00,03:42 PM,Orlando Expwy Auth,Orange,SR-528-TOLL E,24MM,0, ,Off Road,1,0,0,1,N,N,N,5000.000000000000000,Clear,Daylight,0,Off Road,E,Injury,Y,Other,Guardrail Face,Off Roadway,Non-Junction,N,Not at Intersection,State,Paved,Dry,None, , ,None, , ,N,N, , , , ,0,0,0,0,0,0,0,0,1,0,0,0,1.000000000000000,0.000000000000000,0,1,0,5000,"Mapped, On Network",-81.092039999999997,28.451566235000001,684215.701612000004388,497296.331826000008732,8/8/2018 2:57:08 PM,8109_6321
414,415,1,414,6539,87254672,FHPD18OFF077718,FHP,Long,8/3/2018 0:00:00,06:05 AM,Orlando Expwy Auth,Orange,SR-417,MM30,0,North,Other,1,0,0,0,N,N,N,1200.000000000000000,Clear,Dawn,0,Single Vehicle,S,Property Damage Only,N,Other,Other Non-Collision,Shoulder,Non-Junction,N,Not at Intersection,Turnpike/Toll,Paved,Dry,None, , ,None, , ,N,N, , , , ,0,0,0,0,0,0,0,0,0,0,0,0,0.000000000000000,0.000000000000000,0,0,0,1200,"Mapped, On Network",-81.250971390100005,28.523975897500002,668505.595388000016101,504979.580990999995265,8/10/2018 12:40:38 PM,6968_8555
415,416,1,415,6541,87249513,FHPD18OFF077390,FHP,Long,8/2/2018 0:00:00,08:39 AM,Orlando Expwy Auth,Orange,SR408 EXIT RAMP,5MM,0, ,Off Road,1,0,0,0,N,N,N,500.000000000000000,Clear,Daylight,0,Off Road,W,Property Damage Only,Y,Other,Traffic Signal Support,Off Roadway,Non-Junction,N,Not at Intersection,State,Paved,Dry,None, , ,None, , ,N,N, , , , ,0,0,0,0,0,0,0,0,0,0,0,0,0.000000000000000,0.000000000000000,0,1,0,500,"Mapped, Not On Network",-81.457359999999994,28.548980049400001,648292.741856000036933,507323.324161999975331,8/8/2018 2:57:16 PM,8208_8205
416,417,1,416,6542,87272151,FHPD18OFF078445,FHP,Long,8/5/2018 0:00:00,12:40 AM,Orlando,Orange,STATE ROAD 528 (BEACHLINE EXPY),MM 27,0, ,Off Road,2,0,0,1,N,N,N,20000.000000000000000,Clear,Dark - Not Lighted,0,Off Road,W,Injury,N,Other,Guardrail Face,Median,Non-Junction,N,Not at Intersection,County,Paved,Dry,None, , ,None, , ,N,N, , , , ,0,0,0,0,0,0,0,1,0,0,0,0,0.000000000000000,0.000000000000000,0,0,0,20000,"Mapped, On Network",-81.043996913499996,28.452330905800000,688908.368007999961264,497492.873507999989670,8/13/2018 3:19:12 PM,5943_6937
417,418,1,417,6575,87255308,FHPD18OFF073352,FHP,Long,7/22/2018 0:00:00,06:24 PM,Orlando,Orange,STATE ROAD 528 (BEACHLINE EXPRESSWAY),MM8,100,West,Off Road,1,0,0,0,N,N,N,3000.000000000000000,Rain,Daylight,0,Off Road,W,Property Damage Only,N,Other,Guardrail Face,Off Roadway,Non-Junction,N,Not at Intersection,State,Paved,Wet,None, , ,None, , ,N,N, , , , ,0,0,1,0,0,0,0,0,0,0,0,0,0.000000000000000,0.000000000000000,0,0,0,3000,"Mapped, On Network",-81.339042969900007,28.450809523000000,660080.071475000004284,496667.193939000018872,7/31/2018 12:24:51 PM,8336_11452
418,419,1,418,6577,87265165,FHPD18OFF077556,FHP,Long,8/2/2018 0:00:00,04:45 PM,Orlando,Orange,STATE ROAD 417 SB,MM 24,0, ,Off Road,1,0,0,1,N,N,N,5000.000000000000000,Clear,Daylight,0,Off Road,S,Injury,N,Other,Utility Pole/Light Support,Off Roadway,Non-Junction,N,Not at Intersection,State,Paved,Dry,None, , ,None, , ,N,N, , , , ,0,0,0,0,0,0,0,0,0,1,0,0,1.000000000000000,0.000000000000000,0,0,0,5000,"Mapped, On Network",-81.229621624700002,28.437309007300001,670806.753952999948524,495403.774839000019711,8/9/2018 11:31:41 PM,7999_8391
419,420,1,419,6610,87240807,FHPD18OFF077602,FHP,Long,8/2/2018 0:00:00,06:00 PM,Orlando Expwy Auth,Orange,NB SR-417,LEE VISTA BLVD,10560,South,Rear End,4,0,0,1,N,N,N,19500.000000000000000,Rain,Daylight,0,Rear End,N,Injury,Y,Front to Rear,Motor Vehicle in Transport,On Roadway,Non-Junction,N,Not at Intersection,State,Paved,Wet,None, , ,None, , ,N,N, , , , ,0,0,1,0,0,0,0,1,0,0,0,0,0.000000000000000,0.000000000000000,0,1,0,19500,"Mapped, On Network",-81.233784004200004,28.463572749699999,670334.522386000026017,498310.665404999977909,8/9/2018 2:39:39 PM,6173_8544
420,421,1,420,6620,87240806,FHPD18OFF077566,FHP,Long,8/2/2018 0:00:00,05:10 PM,Orlando Expwy Auth,Orange,SB SR-417,SR-528,0,North,Unknown,2,0,0,0,N,N,N,17000.000000000000000,Rain,Daylight,0,Unknown, ,Property Damage Only,Y,Angle,Motor Vehicle in Transport,On Roadway,Non-Junction,N,Not at Intersection,State,Paved,Wet,None, , ,None, , ,N,N, , , , ,0,0,0,0,0,0,0,0,0,0,0,0,0.000000000000000,0.000000000000000,0,1,0,17000,"Mapped, On Network",-81.236124082700002,28.467229292900001,670096.770540000055917,498711.518038999987766,8/9/2018 2:41:59 PM,8546_7092
421,422,1,421,6621,87240805,FHPD18OFF077529,FHP,Short,8/2/2018 0:00:00,03:50 PM,Orlando Expwy Auth,Orange,EB SR-408,DEAN ROAD,0,East,Rear End,2,0,0,0,N,N,N,11000.000000000000000,Cloudy,Daylight,0,Rear End,E,Property Damage Only,Y,Front to Rear,Motor Vehicle in Transport,On Roadway,Non-Junction,N,Not at Intersection,State,Unpaved,Dry,None, , ,None, , ,N,N, , , , ,0,0,0,0,0,0,0,0,0,0,0,0,0.000000000000000,0.000000000000000,0,1,0,11000,"Mapped, On Network",-81.239158457900004,28.547106896599999,669601.698489999980666,507573.547835999983363,8/9/2018 2:43:26 PM,8009_6303
422,423,1,422,6637,87245063,FHPD18OFF073321,FHP,Short,7/22/2018 0:00:00,04:56 PM,Orlando,Orange,STATE ROAD 528,STATE ROAD 417,300,East,Off Road,1,0,0,0,N,Y,N,5000.000000000000000,Rain,Daylight,0,Off Road,E,Property Damage Only,N,Other,Guardrail Face,Off Roadway,Non-Junction,N,Not at Intersection,State,Unpaved,Wet,None, , ,None, , ,N,N, , , , ,0,0,2,0,0,0,0,0,0,0,0,0,0.000000000000000,0.000000000000000,0,0,0,5000,"Mapped, On Network",-81.223388868699999,28.451357708300002,671380.780815999954939,496977.281817000010051,7/31/2018 4:10:38 PM,8019_6319
423,424,1,423,6659,87251116,FHPD18OFF073447,FHP,Long,7/22/2018 0:00:00,09:30 PM,Ocoee,Orange,SR-429  (DANIEL WEBSTER WESTERN BELTWAY),STATE ROAD 438 (PLANT STREET),250,South,Off Road,1,0,0,0,N,Y,N,6500.000000000000000,Rain,Dark - Lighted,0,Off Road,N,Property Damage Only,N,Other,Guardrail Face,Shoulder,Non-Junction,N,Not at Intersection,State,Paved,Wet,None, , ,None, , ,N,N, , , , ,0,0,0,0,0,0,0,0,0,0,0,0,0.000000000000000,0.000000000000000,0,1,0,6500,"Mapped, On Network",-81.557069759599997,28.567162107200001,638517.229578000027686,509145.320277000020724,7/31/2018 12:47:11 PM,8421_8425
424,425,1,424,6661,87938224,2018-00284765,Orlando PD,Long,7/23/2018 0:00:00,02:40 PM,Orlando,Orange,S.R. 528 WEST (BEE LINE EXPRESSWAY),TRADEPORT DRIVE,400,East,Unknown,2,0,0,0,N,N,N,800.000000000000000,Rain,Daylight,0,Unknown,W,Property Damage Only,Y,"Sideswipe, Same Direction",Motor Vehicle in Transport,On Roadway,Non-Junction,N,Not at Intersection,State,Paved,Wet,None, , ,None, , ,N,N, , , , ,0,0,0,0,0,0,0,0,0,0,0,0,0.000000000000000,0.000000000000000,0,0,0,800,"Mapped, On Network",-81.331166748300006,28.451402729600002,660848.342138999956660,496749.694100000022445,8/1/2018 12:02:26 PM,8344_8336
425,426,1,425,6677,87219661,FHPD18OFF075774,FHP,Long,7/28/2018 0:00:00,10:11 PM,Orlando,Orange,STATE ROAD 417 NORTHBOUND,STATE ROAD 528,0, ,Unknown,3,0,0,0,N,N,N,14000.000000000000000,Clear,Dark - Lighted,0,Unknown,S,Property Damage Only,N,Other,Motor Vehicle in Transport,On Roadway,Non-Junction,N,Not at Intersection,State,Unpaved,Wet,None, , ,None, , ,N,N, , , , ,0,0,0,0,0,0,0,0,0,0,0,0,0.000000000000000,0.000000000000000,0,1,0,14000,"Mapped, On Network",-81.232190515200003,28.460578446400000,670497.686649000039324,497981.706927000021096,7/31/2018 11:25:38 AM,6173_8544
426,427,1,426,6743,87240788,FHPD18OFF072092,FHP,Short,7/19/2018 0:00:00,07:10 PM,Orlando Expwy Auth,Orange,SB SR-417,SR-423,10560,South,Rear End,2,0,0,0,N,N,N,4000.000000000000000,Cloudy,Daylight,0,Rear End,N,Property Damage Only,Y,Front to Rear,Motor Vehicle in Transport,On Roadway,Non-Junction,N,Not at Intersection,State,Paved,Dry,None, , ,None, , ,N,N, , , , ,0,0,0,0,0,0,0,0,0,0,0,0,0.000000000000000,0.000000000000000,0,1,0,4000,"Mapped, On Network",-81.444061561900000,28.358907867500001,650028.658820000011474,486245.972919999971054,7/26/2018 10:17:03 AM,6959_8287