FID,OBJECTID_1,Join_Count,TARGET_FID,OBJECTID,HSMV_Repor,Agency_Rep,Reporting_,Form_Type,Crash_Date,Crash_Time,City,County,Crash_Stre,Intersecti,Offset_Dis,Offset_Dir,Crash_Type,Vehicles,Non_Motori,Fatalities,Injuries,Alcohol_Re,Distractio,Drug_Relat,Estimated_,Weather_Co,Light_Cond,Street_Num,Crash_Ty_1,Crash_Ty_2,Crash_Seve,Within_Cit,Manner_of_,First_Harm,First_HE_L,First_HE_R,First_HE_W,Type_of_In,Road_Sys_I,Type_of_Sh,Road_Surf_,Contrib_Ci,Contrib__1,Contrib__2,Contrib__3,Contrib__4,Contrib__5,School_Bus,Work_Zone_,Type_of_Wo,Loc_in_Wor,Workers_in,Law_Enforc,Mopeds,Motorcycle,Passengers,Bicyclists,Pedestrian,Fataliti_1,Injuries_U,Possible_I,Non_Incapa,Incapacita,Fataliti_2,Non_Traffi,Transporte,Transpor_1,Transpor_2,Citations,Property_D,Vehicle_Dm,S4_Mapping,S4_Decimal,S4_Decim_1,S4_Albers_,S4_Albers1,S4_Mappi_1,zone_id_st
427,428,1,427,6744,87260447,FHPD18OFF070449,FHP,Long,7/14/2018 0:00:00,08:24 PM,Orlando Expwy Auth,Orange,STATE RD 528,DALLAS BLVD,10560,West,Unknown,2,0,0,0,N,N,N,200.000000000000000,Clear,Dusk,0,Unknown,E,Property Damage Only,N,"Sideswipe, Same Direction",Motor Vehicle in Transport,On Roadway,Non-Junction,N,Not at Intersection,State,Paved,Dry,None, , ,None, , ,N,N, , , , ,0,0,0,0,0,0,0,0,0,0,0,0,0.000000000000000,0.000000000000000,0,0,0,200,"Mapped, On Network",-81.120010902700002,28.451383238999998,681482.879578999942169,497211.857007000013255,7/26/2018 11:29:18 AM,8101_6488
428,429,1,428,6745,87260454,FHPD18OFF072883,FHP,Short,7/21/2018 0:00:00,02:09 PM,Orlando Expwy Auth,Orange,STATE RD 528,DALLAS BLVD,50,West,Rear End,2,0,0,0,N,N,N,6500.000000000000000,Cloudy,Daylight,0,Rear End,W,Property Damage Only,N,Front to Rear,Motor Vehicle in Transport,On Roadway,Non-Junction,N,Not at Intersection,State,Paved,Wet,Road Surface Condition, , ,None, , ,N,Y,Work on Shoulder or Median,Advance Warning Area,N,N,0,0,0,0,0,0,0,0,0,0,0,0,0.000000000000000,0.000000000000000,0,1,0,6500,"Mapped, On Network",-81.100495003099994,28.451639929700001,683389.293860999983735,497285.055022999993525,7/26/2018 11:25:42 AM,8112_6073
429,430,1,429,6746,87260458,FHPD18OFF073299,FHP,Long,7/22/2018 0:00:00,04:09 PM,Orlando Expwy Auth,Orange,STATE RD 417,STATE RD 552 CURRY FORD RD,5280,South,Other,1,0,0,0,N,N,N,3000.000000000000000,Rain,Daylight,0,Single Vehicle,S,Property Damage Only,N,Other,Other Non-Collision,On Roadway,Non-Junction,N,Not at Intersection,State,Paved,Wet,Road Surface Condition, , ,Weather Conditions, , ,N,N, , , , ,0,0,0,0,0,0,0,0,0,0,0,0,0.000000000000000,0.000000000000000,0,1,0,3000,"Mapped, On Network",-81.243417862499996,28.493196745300001,669319.652270999969915,501578.692006999976002,7/26/2018 11:23:35 AM,6030_6316
430,431,1,430,6753,87939238,2018-00276582,Orlando PD,Long,7/17/2018 0:00:00,10:01 AM,Orlando,Orange,SR 408,SR 400,700,East,Unknown,4,0,0,0,N,N,N,16000.000000000000000,Clear,Daylight,0,Unknown,W,Property Damage Only,Y,Front to Rear,Motor Vehicle in Transport,On Roadway,Non-Junction,N,Not at Intersection,State,Paved,Dry,None, , ,None, , ,N,N, , , , ,0,0,1,0,0,0,0,0,0,0,0,0,0.000000000000000,0.000000000000000,0,0,0,16000,"Mapped, On Network",-81.372561650300000,28.537243213299998,656599.969542999984697,506193.763474999985192,7/25/2018 2:21:03 PM,8313_6737
431,432,1,431,6761,87260461,FHPD18OFF073350,FHP,Long,7/22/2018 0:00:00,06:18 PM,Orlando Expwy Auth,Orange,STATE RD 408,HIAWASSEE RD,5280,East,Other,1,0,0,2,N,N,N,5000.000000000000000,Rain,Daylight,0,Single Vehicle,E,Injury,N,Other,Other Non-Collision,On Roadway,Non-Junction,N,Not at Intersection,State,Paved,Wet,Debris, , ,Weather Conditions, , ,N,N, , , , ,0,1,1,0,0,0,0,0,2,0,0,0,2.000000000000000,0.000000000000000,0,0,0,5000,"Mapped, On Network",-81.469451611899999,28.548923277000000,647112.272713999962434,507292.732092000020202,7/26/2018 10:24:07 AM,8144_8146
432,433,1,432,6762,87260460,FHPD18OFF073349,FHP,Long,7/22/2018 0:00:00,06:17 PM,Orlando Expwy Auth,Orange,STATE RD 408,HIAWASSEE RD,5280,East,Other,1,0,0,2,N,N,N,10000.000000000000000,Rain,Daylight,0,Single Vehicle,W,Injury,N,Other,Other Non-Collision,On Roadway,Non-Junction,N,Not at Intersection,State,Paved,Wet,Road Surface Condition, , ,Weather Conditions, , ,N,N, , , , ,0,0,1,0,0,0,0,0,2,0,0,0,2.000000000000000,0.000000000000000,0,1,0,10000,"Mapped, On Network",-81.469468893100000,28.548922361399999,647110.587500000023283,507292.595797999994829,7/26/2018 10:24:45 AM,8144_8146
433,434,1,433,6763,87260457,FHPD18OFF073026,FHP,Long,7/21/2018 0:00:00,07:40 PM,Orlando Expwy Auth,Orange,STATE RD 417,RHODE ISLAND WOOD CIR,300,North,Rear End,3,0,0,7,N,N,N,20000.000000000000000,Cloudy,Dusk,0,Rear End, ,Injury,N,Angle,Motor Vehicle in Transport,On Roadway,Non-Junction,N,Not at Intersection,State,Paved,Dry,None, , ,None, , ,N,N, , , , ,0,0,4,0,0,0,1,1,6,0,0,0,6.000000000000000,0.000000000000000,0,2,0,20000,"Mapped, On Network",-81.346696331600000,28.368593227200002,659528.598313999944367,487522.523313999990933,7/26/2018 11:24:40 AM,7095_6630
434,435,1,434,6764,87260456,FHPD18OFF072983,FHP,Short,7/21/2018 0:00:00,05:43 PM,Orlando Expwy Auth,Orange,STATE RD 528,STATE RD 520,15840,West,Rear End,2,0,0,0,N,N,N,1000.000000000000000,Cloudy,Daylight,0,Rear End,E,Property Damage Only,N,Front to Rear,Motor Vehicle in Transport,On Roadway,Non-Junction,N,Not at Intersection,State,Paved,Dry,None, , ,None, , ,N,N, , , , ,0,0,1,0,0,0,0,0,0,0,0,0,0.000000000000000,0.000000000000000,0,1,0,1000,"Mapped, On Network",-81.024822071499997,28.452327980200000,690782.088652999955229,497537.618322999973316,7/26/2018 11:25:13 AM,7008_7061
435,436,1,435,6765,87260453,FHPD18OFF072662,FHP,Short,7/20/2018 0:00:00,09:02 PM,Orlando Expwy Auth,Orange,STATE RD 408,CHICKASAW TRL,500,East,Other,1,0,0,0,N,N,N,5000.000000000000000,Clear,Dark - Lighted,0,Single Vehicle,W,Property Damage Only,N,Other,Other Non-Collision,On Roadway,Non-Junction,N,Not at Intersection,State,Paved,Dry,None, , ,None, , ,N,N, , , , ,0,0,0,0,0,0,0,0,0,0,0,0,0.000000000000000,0.000000000000000,0,1,0,5000,"Mapped, On Network",-81.276130799800001,28.545499987100001,665995.808130000019446,507314.843463999975938,7/26/2018 11:27:31 AM,6879_6918
436,437,1,436,6766,87260452,FHPD18OFF072541,FHP,Long,7/20/2018 0:00:00,04:03 PM,Orlando Expwy Auth,Orange,STATE RD 417,STTATE RD 423 JOHN YOUNG PKWY,15840,South,Rear End,3,0,0,1,N,N,N,10500.000000000000000,Cloudy,Daylight,0,Rear End,N,Injury,N,Front to Rear,Motor Vehicle in Transport,On Roadway,Non-Junction,N,Not at Intersection,State,Paved,Wet,None, , ,None, , ,N,N, , , , ,0,0,3,0,0,0,0,0,1,0,0,0,1.000000000000000,0.000000000000000,0,1,0,10500,"Mapped, On Network",-81.442397106900003,28.359736302799998,650189.548807000042871,486341.332403999986127,7/26/2018 11:28:23 AM,8292_6975
437,438,1,437,6775,87260442,FHPD18OFF069891,FHP,Short,7/13/2018 0:00:00,02:51 PM,Orlando Expwy Auth,Orange,STATE RD 429,MCCORMICK RD,5280,South,Sideswipe,2,0,0,0,N,N,N,2250.000000000000000,Clear,Daylight,0,Same Direction Sideswipe,S,Property Damage Only,N,"Sideswipe, Same Direction",Motor Vehicle in Transport,On Roadway,Non-Junction,N,Not at Intersection,State,Paved,Dry,None, , ,None, , ,N,N, , , , ,0,0,0,0,0,0,0,0,0,0,0,0,0.000000000000000,0.000000000000000,0,2,0,2250,"Mapped, On Network",-81.536879364399994,28.614697353800000,640382.833800000022165,514462.526626000006218,7/26/2018 11:30:19 AM,6296_7012
438,439,1,438,6861,87738220,2018-00295630,Orlando PD,Long,7/31/2018 0:00:00,06:05 PM,Orlando,Orange,EW WBO 408,S ROSALIND AV,0, ,Rear End,2,0,0,0,N,N,N,2000.000000000000000,Clear,Daylight,0,Rear End,W,Property Damage Only,Y,Front to Rear,Motor Vehicle in Transport,On Roadway,Non-Junction,N,Not at Intersection,Turnpike/Toll,Paved,Dry,None, , ,None, , ,N,N, , , , ,0,0,1,0,0,0,0,0,0,0,0,0,0.000000000000000,0.000000000000000,0,0,0,2000,"Mapped, On Network",-81.376068428599993,28.536612159200001,656259.034626999986358,506116.404831999971066,8/10/2018 12:29:19 PM,6737_6230
439,440,1,439,6877,87254670,FHPD18OFF077011,FHP,Long,8/1/2018 0:00:00,11:12 AM,Orlando Expwy Auth,Orange,SR-417,MM14,5280,East,Rear End,2,0,0,0,N,N,N,2600.000000000000000,Clear,Daylight,0,Rear End,W,Property Damage Only,N,Front to Rear,Motor Vehicle in Transport,On Roadway,Non-Junction,N,Not at Intersection,Turnpike/Toll,Paved,Dry,None, , ,None, , ,N,N, , , , ,0,0,0,0,0,0,0,0,0,0,0,0,0.000000000000000,0.000000000000000,0,1,0,2600,"Mapped, On Network",-81.249459642299996,28.450972599100002,668834.050624000024982,496877.418390000006184,8/13/2018 9:06:29 PM,6663_8065
440,441,1,440,6878,87254669,FHPD18OFF076943,FHP,Long,8/1/2018 0:00:00,06:53 AM,Orlando Expwy Auth,Orange,SR-417,MM13,20,North,Off Road,1,0,0,1,N,N,N,4600.000000000000000,Clear,Dark - Lighted,0,Off Road,S,Injury,N,Other,Guardrail Face,Shoulder,Non-Junction,N,Not at Intersection,Turnpike/Toll,Paved,Dry,None, , ,None, , ,N,N, , , , ,0,0,0,0,0,0,0,0,1,0,0,0,1.000000000000000,0.000000000000000,0,1,0,4600,"Mapped, On Network",-81.374809893899993,28.368451090000001,656779.469451999990270,487447.886975999979768,8/13/2018 4:00:38 PM,8486_9176
441,442,1,441,6891,87240804,FHPD18OFF077231,FHP,Long,8/1/2018 0:00:00,06:50 PM,Orlando Expwy Auth,Orange,WB SR-408,CR-431,0,East,Off Road,1,0,0,1,N,N,N,5000.000000000000000,Rain,Daylight,0,Off Road,W,Injury,Y,Other,Concrete Traffic Barrier,On Roadway,Non-Junction,N,Not at Intersection,State,Paved,Wet,None, , ,None, , ,N,N, , , , ,0,0,0,0,0,0,0,0,1,0,0,0,0.000000000000000,0.000000000000000,0,0,0,5000,"Mapped, On Network",-81.437997357399993,28.548349855500000,650184.716877000057139,507292.487548000004608,8/9/2018 11:28:09 PM,6489_6994
442,443,1,442,6901,85409490,FHPD18OFF077109,FHP,Long,8/1/2018 0:00:00,03:25 PM,Orlando,Orange,STATE ROAD 528 (M.A. BEACHLINE EXP),STATE ROAD 520,0, ,Unknown,2,0,0,0,N,N,N,8000.000000000000000,Cloudy,Daylight,0,Unknown,W,Property Damage Only,N,Angle,Motor Vehicle in Transport,On Roadway,Intersection-Related,Y,Other,State,Paved,Wet,Road Surface Condition, , ,Weather Conditions, , ,N,N, , , , ,0,0,0,0,0,0,0,0,0,0,0,0,0.000000000000000,0.000000000000000,0,1,0,8000,"Mapped, On Network",-80.974213069000001,28.452511192999999,695726.928171999985352,497678.312704999989364,8/7/2018 4:17:14 PM,8083_6824
443,444,1,443,6909,87226164,FHPK18OFF055932,FHP,Long,7/30/2018 0:00:00,06:48 PM,Ocoee,Orange,SR 429,SR 50 (COLONIAL DRIVE),0, ,Rear End,2,0,0,0,N,N,N,2000.000000000000000,Cloudy,Daylight,0,Rear End,S,Property Damage Only,N,Front to Rear,Motor Vehicle in Transport,On Roadway,Non-Junction,N,T-Intersection,Turnpike/Toll,Paved,Dry,None, , ,None, , ,N,N, , , , ,0,0,0,0,0,0,0,0,0,0,0,0,0.000000000000000,0.000000000000000,0,1,0,2000,"Mapped, Not On Network",-81.559469999699999,28.555980025099998,638307.486700000008568,507899.089500000001863,8/10/2018 12:22:32 PM,8498_8500
444,445,1,444,6910,87240802,FHPD18OFF076787,FHP,Long,7/31/2018 0:00:00,05:00 PM,Orlando Expwy Auth,Orange,WB SR-408,SR-435,0,East,Rear End,2,0,0,1,N,N,N,9000.000000000000000,Rain,Daylight,0,Rear End,W,Injury,Y,Front to Rear,Motor Vehicle in Transport,On Roadway,Non-Junction,N,Not at Intersection,State,Paved,Wet,None, , ,None, , ,N,N, , , , ,0,0,0,0,0,0,0,0,1,0,0,0,0.000000000000000,0.000000000000000,0,1,0,9000,"Mapped, On Network",-81.463763198899997,28.550141888500001,647664.894244999974035,507439.449247999989893,8/9/2018 2:19:58 PM,8203_6930
445,446,1,445,6915,87240803,FHPD18OFF077223,FHP,Long,8/1/2018 0:00:00,06:39 PM,Orlando Expwy Auth,Orange,SB SR-429,WEST RD,0,South,Off Road,1,0,0,0,N,N,N,10000.000000000000000,Rain,Daylight,0,Off Road,S,Property Damage Only,Y,Other,Cable Barrier,Median,Non-Junction,N,Not at Intersection,State,Paved,Wet,None, , ,None, , ,N,N, , , , ,0,0,0,0,0,0,0,0,0,0,0,0,0.000000000000000,0.000000000000000,0,1,0,10000,"Mapped, On Network",-81.538441151800001,28.604602497300000,640252.812085999990813,513338.620159999991301,8/9/2018 11:28:34 PM,7012_8458
446,447,1,446,6920,87254671,FHPD18OFF077362,FHP,Long,8/2/2018 0:00:00,07:00 AM,Orlando Expwy Auth,Orange,SR-417,MM27,60,North,Rear End,3,0,0,0,N,Y,N,5800.000000000000000,Clear,Dawn,0,Rear End,S,Property Damage Only,N,Front to Rear,Motor Vehicle in Transport,On Roadway,Non-Junction,N,Not at Intersection,Turnpike/Toll,Paved,Dry,None, , ,None, , ,N,N, , , , ,0,0,1,0,0,0,0,0,0,0,0,0,0.000000000000000,0.000000000000000,0,1,0,5800,"Mapped, On Network",-81.236802662299993,28.468622838600002,670027.000612000003457,498864.755194999976084,8/10/2018 12:41:16 PM,8546_7092
447,448,1,447,6922,87249512,FHPD18OFF076970,FHP,Long,8/1/2018 0:00:00,08:00 AM,Orlando Expwy Auth,Orange,SR408,2MM,0, ,Rear End,2,0,0,0,N,N,N,6000.000000000000000,Clear,Daylight,0,Rear End,E,Property Damage Only,Y,Front to Rear,Motor Vehicle in Transport,On Roadway,Non-Junction,N,Not at Intersection,State,Paved,Dry,None, , ,None, , ,N,N, , , , ,0,0,0,0,0,0,0,0,0,0,0,0,0.000000000000000,0.000000000000000,0,2,0,6000,"Mapped, On Network",-81.508060000000000,28.545465194599998,643350.376538999960758,506831.992394000000786,8/9/2018 11:31:17 PM,8114_8152
448,449,1,448,6929,87939197,2018-00276442,Orlando PD,Short,7/17/2018 0:00:00,08:27 AM,Orlando,Orange,SR 408 WEST,SOUTH BUMBY STREET ENTRANCE RAMP,1000,West,Rear End,2,0,0,0,N,N,N,1900.000000000000000,Clear,Daylight,0,Rear End,W,Property Damage Only,Y,Front to Rear,Motor Vehicle in Transport,On Roadway,Non-Junction,N,Not at Intersection,State,Paved,Dry,None, , ,None, , ,N,N, , , , ,0,0,1,0,0,0,0,0,0,0,0,0,0.000000000000000,0.000000000000000,0,0,0,1900,"Mapped, On Network",-81.355009493899999,28.538382537200000,658311.166396999964491,506356.908532999979798,7/24/2018 2:10:42 PM,6185_8318
449,450,1,449,6931,87939195,2018-00277782,Orlando PD,Short,7/18/2018 0:00:00,07:49 AM,Orlando,Orange,SR 408 WESTBOUND,SR 436 (S SEMORAN TOLL PLAZA),1000,West,Rear End,3,0,0,0,N,N,N,2500.000000000000000,Clear,Daylight,0,Rear End,W,Property Damage Only,Y,Front to Rear,Motor Vehicle in Transport,On Roadway,Non-Junction,N,Not at Intersection,State,Paved,Dry,None, , ,None, , ,N,N, , , , ,0,0,2,0,0,0,0,0,0,0,0,0,0.000000000000000,0.000000000000000,0,0,0,2500,"Mapped, On Network",-81.316319359500000,28.539863318799998,662085.494443999952637,506602.957332000019960,7/20/2018 5:43:27 PM,8188_6226
450,451,1,450,6956,87260473,FHPD18OFF076802,FHP,Long,7/31/2018 0:00:00,05:20 PM,Orlando Expwy Auth,Orange,STATE RD 408,STATE RD 436 SEMORAN BLVD,200,East,Other,1,0,0,0,N,N,N,4500.000000000000000,Cloudy,Daylight,0,Single Vehicle,E,Property Damage Only,N,Other,Other Non-Collision,On Roadway,Non-Junction,N,Not at Intersection,State,Paved,Wet,Road Surface Condition, , ,Weather Conditions, , ,N,N, , , , ,0,0,0,0,0,0,0,0,0,0,0,0,0.000000000000000,0.000000000000000,0,1,0,4500,"Mapped, On Network",-81.282720321799999,28.541820049399998,665361.426100000040606,506892.067391999997199,8/9/2018 11:30:07 PM,8408_8412
451,452,1,451,6966,87939257,2018-00296967,Orlando PD,Short,8/1/2018 0:00:00,04:50 PM,Orlando,Orange,EW EBO,ORANGE BLOSSOM TL,500,East,Rear End,2,0,0,1,N,N,N,1000.000000000000000,Cloudy,Daylight,0,Rear End,E,Injury,Y,Front to Rear,Motor Vehicle in Transport,On Roadway,Non-Junction,N,Not at Intersection,Turnpike/Toll,Curb,Dry,None, , ,None, , ,N,N, , , , ,0,0,0,0,0,0,0,1,0,0,0,0,0.000000000000000,0.000000000000000,0,0,0,1000,"Mapped, On Network",-81.395308647099995,28.535115310799998,654383.783271000022069,505910.371657999989111,8/10/2018 12:56:00 PM,8248_8267
452,453,1,452,6968,87938663,2018-00279181,Orlando PD,Long,7/19/2018 0:00:00,08:17 AM,Orlando,Orange,SR-408(EAST/WEST), ,0, ,Rear End,2,0,0,0,N,N,N,12000.000000000000000,Clear,Daylight,0,Rear End,E,Property Damage Only,Y,Front to Rear,Motor Vehicle in Transport,On Roadway,Non-Junction,N,Not at Intersection,State,Paved,Dry,None, , ,None, , ,N,N, , , , ,0,0,0,0,0,0,0,0,0,0,0,0,0.000000000000000,0.000000000000000,0,2,0,12000,"Mapped, On Network",-81.410019675000001,28.539664896100000,652936.650599000044167,506385.256917999999132,8/13/2018 8:44:06 PM,8213_8169
453,454,1,453,6976,87204665,FHPD18OFF076612,FHP,Short,7/31/2018 0:00:00,08:38 AM,Orlando Expwy Auth,Orange,SR-408,MM16,20,East,Rear End,2,0,0,0,N,N,N,2000.000000000000000,Clear,Daylight,0,Rear End,W,Property Damage Only,N,Front to Rear,Motor Vehicle in Transport,On Roadway,Non-Junction,N,Not at Intersection,Turnpike/Toll,Paved,Dry,None, , ,None, , ,N,N, , , , ,0,0,0,0,0,0,0,0,0,0,0,0,0.000000000000000,0.000000000000000,0,1,0,2000,"Mapped, On Network",-81.290122482599998,28.539807610299999,664643.580624999944121,506652.721131999976933,8/10/2018 12:36:33 PM,8427_6883
454,455,1,454,6980,87737379,2018-00297050,Orlando PD,Long,8/1/2018 0:00:00,05:50 PM,Orlando,Orange,SR 408 WBO,CRYSTAL LAKE DR EXIT RAMP,1000,East,Off Road,1,0,0,1,N,N,N,1500.000000000000000,Cloudy,Daylight,0,Off Road,W,Injury,Y,Other,Concrete Traffic Barrier,Shoulder,Non-Junction,N,Not at Intersection,State,Paved,Dry,None, , ,None, , ,N,N, , , , ,0,0,0,0,0,0,0,0,1,0,0,0,1.000000000000000,0.000000000000000,0,0,0,1500,"Mapped, On Network",-81.346944353300003,28.538463016500000,659098.498648999957368,506382.764250000007451,8/10/2018 5:30:34 PM,6185_8318
455,456,1,455,6983,87172972,FHPD18OFF065660,FHP,Long,7/1/2018 0:00:00,08:30 AM,Orlando,Orange,SR-408 (WB),CR-431 (PINE HILLS ROAD),0,East,Rear End,2,0,0,2,N,Y,N,23000.000000000000000,Cloudy,Daylight,0,Rear End,W,Injury,Y,Front to Rear,Motor Vehicle in Transport,On Roadway,Non-Junction,N,Not at Intersection,State,Paved,Dry,None, , ,None, , ,N,N, , , , ,0,0,0,0,0,0,1,0,2,0,0,0,2.000000000000000,0.000000000000000,0,0,0,23000,"Mapped, On Network",-81.442789348399998,28.548209149400002,649717.160471000010148,507267.151612000016030,7/20/2018 5:45:47 PM,8205_6294
456,457,1,456,6984,87266263,FHPD18OFF077259,FHP,Long,8/1/2018 0:00:00,07:50 PM,Orlando,Orange,SR 408 (WBOUND ENTRANCE RAMP),SR 434 (ALAFAYA TRAIL),80,West,Rear End,2,0,0,0,N,N,N,1700.000000000000000,Cloudy,Dusk,0,Rear End,W,Property Damage Only,N,Front to Rear,Motor Vehicle in Transport,On Roadway,Entrance/Exit Ramp,Y,Not at Intersection,State,Paved,Dry,None, , ,None, , ,N,N, , , , ,0,0,2,0,0,0,0,0,0,0,0,0,0.000000000000000,0.000000000000000,0,0,0,1700,"Mapped, On Network",-81.204182113399995,28.549765999000002,673009.932161999982782,507945.733545000024606,8/9/2018 11:29:19 PM,8041_6970
457,458,1,457,7003,87262677,FHPD18OFF075943,FHP,Long,7/29/2018 0:00:00,01:22 PM,Orlando Expwy Auth,Orange,SR-528-TOLL E,MM31,300,East,Unknown,2,0,0,0,N,N,N,800.000000000000000,Rain,Daylight,0,Unknown,W,Property Damage Only,N,"Sideswipe, Same Direction",Motor Vehicle in Transport,On Roadway,Non-Junction,N,Not at Intersection,State,Curb,Wet,None, , ,None, , ,N,N, , , , ,0,0,0,0,0,0,0,0,0,0,0,0,0.000000000000000,0.000000000000000,0,0,0,800,"Mapped, On Network",-80.973455746499994,28.452676233999998,695800.480829000007361,497698.452461000008043,8/13/2018 8:42:40 PM,6598_8091
458,459,1,458,7016,87260474,FHPD18OFF076832,FHP,Short,7/31/2018 0:00:00,06:05 PM,Orlando Expwy Auth,Orange,STATE RD 417,INTERNATIONAL DR,0,North,Rear End,2,0,0,0,N,N,N,2250.000000000000000,Cloudy,Dusk,0,Rear End,N,Property Damage Only,N,Front to Rear,Motor Vehicle in Transport,On Roadway,Non-Junction,N,Not at Intersection,State,Paved,Wet,None, , ,None, , ,N,N, , , , ,0,0,0,0,0,0,0,0,0,0,0,0,0.000000000000000,0.000000000000000,0,1,0,2250,"Mapped, Not On Network",-81.476280000100004,28.356580024700001,646882.699299999978393,485922.590800000005402,8/9/2018 2:26:34 PM,6071_8579
459,460,1,459,7017,87260472,FHPD18OFF076731,FHP,Short,7/31/2018 0:00:00,03:03 PM,Orlando Expwy Auth,Orange,STATE RD 528,STATE RD 417,5280,East,Rear End,2,0,0,0,N,N,N,2250.000000000000000,Cloudy,Daylight,0,Rear End,W,Property Damage Only,N,Front to Rear,Motor Vehicle in Transport,On Roadway,Non-Junction,N,Not at Intersection,State,Paved,Wet,Road Surface Condition, , ,Weather Conditions, , ,N,N, , , , ,0,0,2,0,0,0,0,0,0,0,0,0,0.000000000000000,0.000000000000000,0,1,0,2250,"Mapped, Not On Network",-81.240149999699995,28.451250024800000,669743.121200000052340,496928.550600000016857,8/9/2018 2:29:27 PM,6666_8074
460,461,1,460,7018,87260471,FHPD18OFF076435,FHP,Long,7/30/2018 0:00:00,05:13 PM,Orlando Expwy Auth,Orange,STATE RD 408,ROUSE RD,0,East,Unknown,3,0,0,0,N,N,N,6500.000000000000000,Rain,Daylight,0,Unknown,W,Property Damage Only,N,Other,Other Non-Collision,On Roadway,Non-Junction,N,Not at Intersection,State,Paved,Wet,Road Surface Condition, , ,Weather Conditions, , ,N,Y,Work on Shoulder or Median,Activity Area,N,N,0,0,0,0,0,0,0,0,0,0,0,0,0.000000000000000,0.000000000000000,0,0,0,6500,"Mapped, On Network",-81.219739024999996,28.547739947400000,671496.139800000004470,507686.439830999996047,8/9/2018 2:29:54 PM,6946_8057
461,462,1,461,7027,85564165,FHPD18OFF077376,FHP,Long,8/2/2018 0:00:00,07:55 AM,Orlando Expwy Auth,Orange,SR-417 (N/B ENTRANCE RAMP),CURRY FORD ROAD,25,North,Unknown,2,0,0,0,N,N,N,1000.000000000000000,Clear,Daylight,0,Unknown,N,Property Damage Only,N,"Sideswipe, Same Direction",Motor Vehicle in Transport,On Roadway,Intersection-Related,N,Not at Intersection,State,Paved,Dry,None, , ,None, , ,N,N, , , , ,0,0,6,0,0,0,0,0,0,0,0,0,0.000000000000000,0.000000000000000,0,1,0,1000,"Mapped, Not On Network",-81.245019999500002,28.504170024200000,669135.924899999983609,502793.540199999988545,8/8/2018 2:59:09 PM,6965_8557
462,463,1,462,7058,87260499,FHPD18OFF086861,FHP,Short,8/27/2018 0:00:00,05:13 PM,Orlando Expwy Auth,Orange,STATE RD 417,BOGGY CREEK RD,10560,South,Rear End,2,0,0,0,N,N,N,3500.000000000000000,Rain,Daylight,0,Rear End,S,Property Damage Only,N,Front to Rear,Motor Vehicle in Transport,On Roadway,Non-Junction,N,Not at Intersection,State,Paved,Wet,Road Surface Condition, , ,Weather Conditions, , ,N,N, , , , ,0,0,0,0,0,0,0,0,0,0,0,0,0.000000000000000,0.000000000000000,0,1,0,3500,"Mapped, On Network",-81.339520065900004,28.368356179700001,660230.992275999975391,487511.327363000018522,9/6/2018 9:57:32 PM,6323_6700
463,464,1,463,7098,85161121,FHPK18OFF057201,FHP,Long,8/4/2018 0:00:00,12:00 PM,Ocoee,Orange,SR-429 NB EXIT RAMP (MM 22),SR-91,5280,South,Rear End,2,0,0,1,N,Y,N,2300.000000000000000,Clear,Daylight,0,Rear End,N,Injury,N,Front to Rear,Motor Vehicle in Transport,On Roadway,Entrance/Exit Ramp,N,Not at Intersection,Turnpike/Toll,Paved,Dry,None, , ,None, , ,N,N, , , , ,0,0,1,0,0,0,0,1,0,0,0,0,0.000000000000000,0.000000000000000,0,1,0,2300,"Mapped, Not On Network",-81.559379999599997,28.553980024500000,638320.669400000013411,507677.195400000025984,8/10/2018 12:57:43 PM,8423_8507
464,465,1,464,7103,87240810,FHPD18OFF078028,FHP,Short,8/3/2018 0:00:00,06:30 PM,Orlando Expwy Auth,Orange,SB SR-417 EXIT RAMP,SR-600,10,South,Rear End,2,0,0,0,N,N,N,600.000000000000000,Cloudy,Daylight,0,Rear End,N,Property Damage Only,Y,Front to Rear,Motor Vehicle in Transport,On Roadway,Entrance/Exit Ramp,N,Not at Intersection,State,Paved,Dry,None, , ,None, , ,N,N, , , , ,0,0,2,0,0,0,0,0,0,0,0,0,0.000000000000000,0.000000000000000,0,2,0,600,"Mapped, Not On Network",-81.412760000199995,28.375160024800000,653052.347999999998137,488114.342699999979232,8/9/2018 10:31:35 PM,8107_8280
465,466,1,465,7104,87240808,FHPD18OFF077988,FHP,Long,8/3/2018 0:00:00,03:45 PM,Orlando Expwy Auth,Orange,NB SR-417,BOGGY CREEK RD,5280,South,Sideswipe,2,0,0,0,N,N,N,3500.000000000000000,Rain,Daylight,0,Same Direction Sideswipe,N,Property Damage Only,Y,"Sideswipe, Same Direction",Motor Vehicle in Transport,On Roadway,Non-Junction,N,Not at Intersection,State,Paved,Wet,None, , ,None, , ,N,N, , , , ,0,0,0,0,0,0,0,0,0,0,0,0,0.000000000000000,0.000000000000000,0,0,0,3500,"Mapped, On Network",-81.324456119499999,28.367028748700001,661707.418118000030518,487395.821330000006128,8/9/2018 10:33:03 PM,6324_6854