FID,OBJECTID_1,Join_Count,TARGET_FID,OBJECTID,HSMV_Repor,Agency_Rep,Reporting_,Form_Type,Crash_Date,Crash_Time,City,County,Crash_Stre,Intersecti,Offset_Dis,Offset_Dir,Crash_Type,Vehicles,Non_Motori,Fatalities,Injuries,Alcohol_Re,Distractio,Drug_Relat,Estimated_,Weather_Co,Light_Cond,Street_Num,Crash_Ty_1,Crash_Ty_2,Crash_Seve,Within_Cit,Manner_of_,First_Harm,First_HE_L,First_HE_R,First_HE_W,Type_of_In,Road_Sys_I,Type_of_Sh,Road_Surf_,Contrib_Ci,Contrib__1,Contrib__2,Contrib__3,Contrib__4,Contrib__5,School_Bus,Work_Zone_,Type_of_Wo,Loc_in_Wor,Workers_in,Law_Enforc,Mopeds,Motorcycle,Passengers,Bicyclists,Pedestrian,Fataliti_1,Injuries_U,Possible_I,Non_Incapa,Incapacita,Fataliti_2,Non_Traffi,Transporte,Transpor_1,Transpor_2,Citations,Property_D,Vehicle_Dm,S4_Mapping,S4_Decimal,S4_Decim_1,S4_Albers_,S4_Albers1,S4_Mappi_1,zone_id_st
466,467,1,466,7136,87240812,FHPD18OFF079032,FHP,Long,8/6/2018 0:00:00,06:39 PM,Orlando Expwy Auth,Orange,NB SR-417,CURRY FORD RD,10560,North,Other,1,0,0,0,N,N,N,9000.000000000000000,Clear,Daylight,0,Single Vehicle,N,Property Damage Only,Y,Other,Other Non-Collision,On Roadway,Non-Junction,N,Not at Intersection,State,Paved,Dry,None, , ,None, , ,N,N, , , , ,0,0,0,0,0,0,0,0,0,0,0,0,0.000000000000000,0.000000000000000,0,0,0,9000,"Mapped, On Network",-81.250723786899997,28.528694209200001,668518.094054999994114,505503.986611999978777,8/9/2018 10:31:17 PM,8553_6689
467,468,1,467,7147,87508148,2018TA010229,Seminole Co SO,Long,8/1/2018 0:00:00,08:35 AM,Unincorporated,Seminole,SB 417 JUST BEFORE EXIT 38,ALOMA AVE,0,South,Rear End,2,0,0,0,N,N,N,4000.000000000000000,Clear,Daylight,0,Rear End,S,Property Damage Only,N,Front to Rear,Motor Vehicle in Transport,On Roadway,Non-Junction,N,Not at Intersection,Turnpike/Toll,Paved,Dry,None, , ,None, , ,N,N, , , , ,0,0,0,0,0,0,0,0,0,0,0,0,0.000000000000000,0.000000000000000,0,0,0,4000,"Mapped, On Network",-81.258299402199995,28.611250743500001,667574.488824000000022,514653.611778000020422,8/17/2018 12:59:00 PM,5988_6758
468,469,1,468,7152,87260475,FHPD18OFF078518,FHP,Long,8/5/2018 0:00:00,10:22 AM,Orlando Expwy Auth,Orange,STATE RD 417,BARRY DEASE RD,400,South,Rear End,2,0,0,1,N,N,N,16000.000000000000000,Clear,Daylight,0,Rear End,N,Injury,N,Front to Rear,Motor Vehicle in Transport,On Roadway,Non-Junction,N,Not at Intersection,State,Paved,Dry,None, , ,None, , ,N,N, , , , ,0,0,1,0,0,0,0,0,1,0,0,0,1.000000000000000,0.000000000000000,0,1,0,16000,"Mapped, On Network",-81.250739999999993,28.532026475199999,668508.260926999966614,505873.927269999985583,8/9/2018 11:35:45 PM,6689_11878
469,470,1,469,7179,87249515,FHPD18OFF077903,FHP,Long,8/3/2018 0:00:00,02:34 PM,Orlando Expwy Auth,Orange,SR-528-TOLL E,25MM,0, ,Unknown,3,0,0,1,N,N,N,11000.000000000000000,Clear,Daylight,0,Unknown,W,Injury,Y,Other,Motor Vehicle in Transport,On Roadway,Non-Junction,N,Not at Intersection,State,Paved,Dry,None, , ,None, , ,N,N, , , , ,0,0,0,0,0,0,0,0,1,0,0,0,1.000000000000000,0.000000000000000,0,1,0,11000,"Mapped, On Network",-81.075670321800004,28.451735163300000,685814.883246000041254,497352.922206000017468,8/9/2018 11:36:34 PM,8109_6321
470,471,1,470,7188,87229933,FHPD18OFF077821,FHP,Short,8/3/2018 0:00:00,11:17 AM,Orlando Expwy Auth,Orange,STATE ROAD 528 EB MM27,STATE ROAD 520,15840,West,Sideswipe,2,0,0,0,N,N,N,2000.000000000000000,Clear,Daylight,0,Same Direction Sideswipe,E,Property Damage Only,Y,"Sideswipe, Same Direction",Motor Vehicle in Transport,On Roadway,Non-Junction,N,Not at Intersection,State,Paved,Dry,None, , ,None, , ,N,N, , , , ,0,0,3,0,0,0,0,0,0,0,0,0,0.000000000000000,0.000000000000000,0,0,0,2000,"Mapped, On Network",-81.054545871399995,28.452012469700001,687878.394515000050887,497432.848583000013605,8/8/2018 2:21:31 PM,6321_7008
471,472,1,471,7212,87240794,FHPD18OFF074500,FHP,Long,7/25/2018 0:00:00,04:50 PM,Orlando Expwy Auth,Orange,NB SR-417,UNIVERSITY BLVD,5280,North,Unknown,3,0,0,0,N,N,N,19000.000000000000000,Cloudy,Daylight,0,Unknown,N,Property Damage Only,Y,Front to Rear,Motor Vehicle in Transport,On Roadway,Non-Junction,N,Not at Intersection,State,Paved,Wet,None, , ,None, , ,N,N, , , , ,0,0,0,0,0,0,0,0,0,0,0,0,0.000000000000000,0.000000000000000,0,1,0,19000,"Mapped, On Network",-81.251580418399996,28.601263966000001,668254.832335000042804,513559.400377999991179,7/30/2018 3:49:00 PM,8565_8588
472,473,1,472,7231,87204661,FHPD18OFF074651,FHP,Long,7/26/2018 0:00:00,07:24 AM,Orlando Expwy Auth,Orange,SR-417,MM7,5280,North,Rear End,2,0,0,0,N,N,N,4200.000000000000000,Clear,Daylight,0,Rear End,S,Property Damage Only,N,Front to Rear,Motor Vehicle in Transport,On Roadway,Non-Junction,N,Not at Intersection,Turnpike/Toll,Paved,Dry,None, , ,None, , ,N,N, , , , ,0,0,0,0,0,0,0,0,0,0,0,0,0.000000000000000,0.000000000000000,0,1,0,4200,"Mapped, On Network",-81.453014402700006,28.357072295500000,649157.203171000001021,486024.042908000003081,8/1/2018 1:18:40 PM,6975_6889
473,474,1,473,7265,87229936,FHPD18OFF078795,FHP,Long,8/6/2018 0:00:00,08:25 AM,Orlando Expwy Auth,Orange,STATE ROAD 528 MM22,DALLAS BLVD,5280,West,Other,1,0,0,1,N,N,N,4000.000000000000000,Clear,Daylight,0,Single Vehicle,E,Injury,Y,Other,Motor Vehicle in Transport,Off Roadway,Non-Junction,N,Not at Intersection,State,Paved,Dry,None, , ,None, , ,N,Y,Lane Shift/Crossover,Activity Area,Y,N,0,0,0,0,0,0,0,0,1,0,0,0,1.000000000000000,0.000000000000000,0,0,0,4000,"Mapped, On Network",-81.101047739099997,28.451618509100001,683335.336906000040472,497281.406668999989051,8/9/2018 11:36:15 PM,8112_6073
474,475,1,474,7280,87229935,FHPD18OFF078503,FHP,Short,8/5/2018 0:00:00,09:15 AM,Orlando Expwy Auth,Orange,STATE ROAD 528 WB MM26,STATE ROAD 520,15840,West,Sideswipe,2,0,0,0,N,N,N,4000.000000000000000,Clear,Daylight,0,Same Direction Sideswipe,W,Property Damage Only,Y,"Sideswipe, Same Direction",Motor Vehicle in Transport,On Roadway,Non-Junction,N,Not at Intersection,State,Paved,Dry,None, , ,None, , ,N,N, , , , ,0,0,3,0,0,0,0,0,0,0,0,0,0.000000000000000,0.000000000000000,0,1,0,4000,"Mapped, On Network",-81.050669499999998,28.452216891999999,688256.642386000021361,497464.599866000004113,8/9/2018 11:36:25 PM,5943_6937
475,476,1,475,7282,87938564,2018-00280962,Orlando PD,Long,7/20/2018 0:00:00,01:59 PM,Orlando,Orange,SR 408,TAMPA AVENUE EXIT,500,West,Rear End,2,0,0,0,N,N,N,5000.000000000000000,Cloudy,Daylight,0,Rear End,E,Property Damage Only,Y,Front to Rear,Motor Vehicle in Transport,On Roadway,Non-Junction,N,Not at Intersection,State,Unpaved,Wet,Road Surface Condition, , ,Weather Conditions, , ,N,N, , , , ,0,0,0,0,0,0,0,0,0,0,0,0,0.000000000000000,0.000000000000000,0,0,0,5000,"Mapped, On Network",-81.409462893899999,28.539232074000001,652992.027373000048101,506338.342263999977149,7/25/2018 1:07:46 PM,8213_8169
476,477,1,476,7315,87939453,2018-00283993,Orlando PD,Long,7/22/2018 0:00:00,11:39 PM,Orlando,Orange,408 WBO,ORANGE BLOSSOM TRL EXIT,0,East,Unknown,2,0,0,0,N,N,N,10000.000000000000000,Rain,Dark - Lighted,0,Unknown,W,Property Damage Only,Y,"Sideswipe, Same Direction",Motor Vehicle in Transport,On Roadway,Non-Junction,Y,Not at Intersection,State,Paved,Wet,None, , ,None, , ,N,N, , , , ,0,0,4,0,0,0,0,0,0,0,0,0,0.000000000000000,0.000000000000000,0,0,0,10000,"Mapped, On Network",-81.392599328599999,28.535298314799999,654647.916216999990866,505936.282714999979362,7/25/2018 1:00:34 PM,8272_8254
477,478,1,477,7323,87441512,2018-00283292,Orlando PD,Short,7/22/2018 0:00:00,10:40 AM,Orlando,Orange,EW EBO (SR408), ,0,West,Unknown,2,0,0,0,N,N,N,2300.000000000000000,Clear,Daylight,0,Unknown,E,Property Damage Only,Y,"Sideswipe, Same Direction",Motor Vehicle in Transport,On Roadway,Entrance/Exit Ramp,N,Not at Intersection,State,Curb,Dry,None,None,None,None,None,None,N,N, , , , ,0,0,2,0,0,0,0,0,0,0,0,0,0.000000000000000,0.000000000000000,0,0,0,2300,"Mapped, On Network",-81.306376937799996,28.539471340900000,663057.257787000038661,506580.606466000026558,7/25/2018 1:15:52 PM,6218_6235
478,479,1,478,7330,87468544,2018TA009918,Apopka PD,Long,7/25/2018 0:00:00,06:27 AM,Apopka,Orange,SR-429,HARMON RD,800,North,Off Road,1,0,0,0,N,Y,N,5000.000000000000000,Clear,Dark - Not Lighted,0,Off Road, ,Property Damage Only,Y, ,Concrete Traffic Barrier,Roadside,Non-Junction,N,Not at Intersection,Turnpike/Toll,Paved,Dry,None, , ,None, , ,N,N, , , , ,0,0,0,0,0,0,0,0,0,0,0,0,0.000000000000000,0.000000000000000,0,0,0,5000,"Mapped, Not On Network",-81.544709760900005,28.652815697699999,639534.463186000008136,518679.677716000005603,8/5/2018 2:55:01 PM,5990_8339
479,480,1,479,7340,87240792,FHPD18OFF074115,FHP,Short,7/24/2018 0:00:00,05:25 PM,Orlando Expwy Auth,Orange,NB SR-417,SR-50,5280,North,Rear End,3,0,0,0,N,N,N,14000.000000000000000,Cloudy,Daylight,0,Rear End,N,Property Damage Only,Y,Front to Rear,Motor Vehicle in Transport,On Roadway,Non-Junction,N,Not at Intersection,State,Paved,Wet,None, , ,None, , ,N,N, , , , ,0,0,0,0,0,0,0,0,0,0,0,0,0.000000000000000,0.000000000000000,0,1,0,14000,"Mapped, On Network",-81.265399927399997,28.570861948699999,666981.090582999982871,510153.934066999994684,8/1/2018 1:23:18 PM,8451_2531
480,481,1,480,7341,87249505,FHPD18OFF074069,FHP,Long,7/24/2018 0:00:00,04:13 PM,Orlando Expwy Auth,Orange,SR-417-TOLL S,37MM,0, ,Off Road,1,0,0,0,N,N,N,200.000000000000000,Clear,Daylight,0,Off Road,S,Property Damage Only,Y,Other,Other Fixed Object,On Roadway,Non-Junction,N,Not at Intersection,State,Paved,Dry,None, , ,None, , ,N,N, , , , ,0,0,0,0,0,0,0,0,0,0,0,0,0.000000000000000,0.000000000000000,0,0,0,200,"Mapped, Not On Network",-81.250083000000004,28.597446049599998,668410.415526999975555,513138.764248999999836,8/1/2018 1:30:22 PM,8588_8118
481,482,1,481,7344,87938510,2018-00280615,Orlando PD,Short,7/20/2018 0:00:00,08:30 AM,Orlando,Orange,SR 408,ROSALAND AVE,0,West,Rear End,2,0,0,0,N,N,N,4500.000000000000000,Cloudy,Daylight,0,Rear End,W,Property Damage Only,Y,Front to Rear,Motor Vehicle in Transport,On Roadway,Non-Junction,N,Not at Intersection,State,Paved,Dry,None, , ,None, , ,N,N, , , , ,0,0,1,0,0,0,0,0,0,0,0,0,0.000000000000000,0.000000000000000,0,0,0,4500,"Mapped, On Network",-81.375915180000007,28.536667624100001,656273.867900999961421,506122.881610999989789,8/1/2018 12:04:22 PM,6737_6230
482,483,1,482,7366,87252365,FHPD18OFF076533,FHP,Long,7/30/2018 0:00:00,09:26 PM,Unincorporated,Orange,STATE ROAD 528 (BEACHLINE EXPRESSWAY),DALLAS BOULEVARD,15840,West,Unknown,3,0,0,0,N,N,N,7000.000000000000000,Clear,Dark - Lighted,0,Unknown,E,Property Damage Only,N,Other,Motor Vehicle in Transport,On Roadway,Non-Junction,N,Not at Intersection,State,Curb,Dry,None, , ,None, , ,N,N, , , , ,0,0,1,0,0,0,0,0,0,0,0,0,0.000000000000000,0.000000000000000,0,1,0,7000,"Mapped, On Network",-81.100470299500003,28.451632031500001,683391.728505000006407,497284.234895000001416,8/16/2018 4:17:59 PM,8112_6073
483,484,1,483,7395,87171477,FHPK18OFF058454,FHP,Long,8/9/2018 0:00:00,09:15 AM,Winter Garden,Orange,SR-429 SB MM15,EXIT 15,0,North,Rear End,3,0,0,0,N,N,N,7000.000000000000000,Clear,Daylight,0,Rear End,S,Property Damage Only,N,Other,Other Non-Fixed Object,On Roadway,Non-Junction,N,Not at Intersection,Interstate,Paved,Dry,Debris, , ,None, , ,N,N, , , , ,0,0,1,0,0,0,0,0,0,0,0,0,0.000000000000000,0.000000000000000,0,0,0,7000,"Mapped, On Network",-81.631417578599994,28.473637292599999,631458.622159000020474,498619.126992999983486,8/16/2018 3:32:31 PM,8048_8037
484,485,1,484,7403,87259572,FHPD18OFF078786,FHP,Short,8/6/2018 0:00:00,07:56 AM,Orlando,Orange,STATE ROAD 408,STATE ROAD 408 (ALAFAYA TRAIL),0, ,Rear End,2,0,0,0,N,N,N,1100.000000000000000,Clear,Daylight,0,Rear End,E,Property Damage Only,N,Front to Rear,Motor Vehicle in Transport,On Roadway,Non-Junction,N,Not at Intersection,State,Unpaved,Dry,None, , ,None, , ,N,N, , , , ,0,0,0,0,0,0,0,0,0,0,0,0,0.000000000000000,0.000000000000000,0,1,0,1100,"Mapped, Not On Network",-81.334409999800002,28.538230024899999,660322.977799999993294,506383.293599999975413,8/17/2018 11:56:30 AM,8355_8348
485,486,1,485,7410,87112634,FHPK18OFF057740,FHP,Long,8/6/2018 0:00:00,12:16 PM,Unincorporated,Orange,STATE ROAD 429 (WESTERN BELTWAY),COUNTY ROAD 545 (MM 19.5),125,South,Head On,2,0,0,1,N,N,N,14000.000000000000000,Clear,Daylight,0,Head On,NS,Injury,N,Front to Front,Motor Vehicle in Transport,On Roadway,Non-Junction,N,Not at Intersection,Turnpike/Toll,Paved,Dry,None, , ,None, , ,N,Y,Work on Shoulder or Median,Activity Area,Y,N,0,0,0,0,0,0,0,0,1,0,0,0,1.000000000000000,0.000000000000000,0,1,0,14000,"Mapped, On Network",-81.590797578600004,28.515690963800001,635336.282037000055425,503365.453128000022843,8/16/2018 3:23:07 PM,8494_8462
486,487,1,486,7417,87250153,FHPD18OFF081768,FHP,Long,8/14/2018 0:00:00,08:43 AM,Orlando,Orange,STATE ROAD 408 (EXIT RAMP),ROUSE ROAD,100,East,Rear End,2,0,0,0,N,N,N,350.000000000000000,Cloudy,Daylight,0,Rear End,E,Property Damage Only,N,Front to Rear,Motor Vehicle in Transport,On Roadway,Entrance/Exit Ramp,N,Not at Intersection,State,Paved,Dry,None, , ,None, , ,N,N, , , , ,0,0,0,0,0,0,0,0,0,0,0,0,0.000000000000000,0.000000000000000,0,0,0,350,"Mapped, On Network",-81.223635522199999,28.547412247099999,671116.525359999970533,507641.483286999980919,7/23/2020 7:02:53 PM,8057_6045
487,488,1,487,7423,87112853,FHPK18OFF060082,FHP,Long,8/15/2018 0:00:00,05:46 AM,Unincorporated,Orange,STATE ROAD 429 (WESTERN BELTWAY),COUNTY ROAD 545 (MM 21),5280,North,Rollover,1,0,0,1,N,N,N,30000.000000000000000,Clear,Dark - Lighted,0,Rollover,N,Injury,N,Other,Overturn/Rollover,On Roadway,Non-Junction,N,Not at Intersection,Turnpike/Toll,Paved,Dry,"Rut, Holes, Bumps", , ,None, , ,N,Y,Work on Shoulder or Median,Activity Area,Y,N,0,0,0,0,0,0,0,0,1,0,0,0,1.000000000000000,0.000000000000000,0,0,0,30000,"Mapped, On Network",-81.562358454100007,28.529749389599999,638083.058857999974862,504981.014808000007179,8/17/2018 2:37:04 PM,6231_8470
488,489,1,488,7437,87241633,FHPD18OFF081986,FHP,Long,8/14/2018 0:00:00,06:06 PM,Unincorporated,Orange,STATE ROAD 408 (EAST-WEST EXPRESSWAY),MILE MARKER 21,800,West,Rear End,3,0,0,0,N,Y,N,3901.000000000000000,Clear,Daylight,0,Rear End,E,Property Damage Only,N,Front to Rear,Motor Vehicle in Transport,On Roadway,Non-Junction,N,Not at Intersection,State,Paved,Dry,None, , ,None, , ,N,N, , , , ,0,0,2,0,0,0,0,0,0,0,0,0,0.000000000000000,0.000000000000000,0,1,0,3901,"Mapped, On Network",-81.210509885700006,28.548550977100000,672395.186622999957763,507796.839443999982905,8/17/2018 12:08:42 PM,6690_8041
489,490,1,489,7472,85165894,FHPD18OFF080809,FHP,Long,8/11/2018 0:00:00,02:23 PM,Unincorporated,Orange,STATE ROAD 528,TAYLOR CREEK ROAD,100,East,Off Road,1,0,0,0,N,Y,N,15000.000000000000000,Rain,Daylight,0,Off Road,W,Property Damage Only,N,Other,Cable Barrier,Off Roadway,Non-Junction,N,Not at Intersection,State,Paved,Wet,None, , ,Weather Conditions, , ,N,N, , , , ,0,0,0,0,0,0,0,0,0,0,0,0,0.000000000000000,0.000000000000000,0,1,0,15000,"Mapped, On Network",-80.976504842799997,28.452520970199998,695502.958702999982052,497673.904252999986056,8/13/2018 4:02:35 PM,8083_6824
490,491,1,490,7517,87249520,FHPD18OFF080051,FHP,Long,8/9/2018 0:00:00,03:42 PM,Orlando Expwy Auth,Orange,SR408,19MM,0, ,Off Road,1,0,0,1,N,N,N,4000.000000000000000,Clear,Daylight,0,Off Road,E,Injury,Y,Other,Guardrail Face,Off Roadway,Non-Junction,N,Not at Intersection,State,Paved,Dry,None, , ,None, , ,N,N, , , , ,0,0,0,0,0,0,0,1,0,0,0,0,0.000000000000000,0.000000000000000,0,1,0,4000,"Mapped, On Network",-81.237115508800002,28.547122435599999,669801.124523999984376,507579.741240000003017,8/13/2018 4:12:57 PM,6303_6305
491,492,1,491,7529,84505748,FHPD18OFF079690,FHP,Long,8/8/2018 0:00:00,04:49 PM,Orlando,Orange,CENTRAL FLORIDA GREENEWAY (SR 417),LEE VISTA BLVD,200,South,Rear End,2,0,0,2,N,N,N,6000.000000000000000,Clear,Daylight,0,Rear End,N,Injury,N,Front to Rear,Motor Vehicle in Transport,On Roadway,Non-Junction,N,Not at Intersection,State,Paved,Dry,None, , ,None, , ,N,N, , , , ,0,0,0,0,0,0,0,2,0,0,0,0,0.000000000000000,0.000000000000000,0,1,0,6000,"Mapped, On Network",-81.239295168500007,28.477353577900001,669761.761763000045903,499828.660679999971762,8/17/2018 12:13:14 PM,8544_8386
492,493,1,492,7573,87279553,FHPD18OFF080194,FHP,Long,8/9/2018 0:00:00,09:26 PM,Orlando,Orange,STATE ROAD 408,MILE MARKER 20,0, ,Off Road,1,0,0,0,N,Y,N,8000.000000000000000,Clear,Dark - Lighted,0,Off Road,W,Property Damage Only,N,Other,Impact Attenuator/Crash Cushion,On Roadway,Non-Junction,N,Not at Intersection,State,Paved,Dry,None, , ,None, , ,N,N, , , , ,0,0,0,0,0,0,0,0,0,0,0,0,0.000000000000000,0.000000000000000,0,1,0,8000,"Mapped, On Network",-81.237346006500005,28.547076404399998,669778.734251999994740,507574.126208000001498,8/16/2018 3:30:46 PM,6303_6305
493,494,1,493,7581,87257722,FHPD18OFF081272,FHP,Long,8/12/2018 0:00:00,09:50 PM,Ocoee,Orange,STATE ROAD 429 DANIEL WEBSTER WESTERN BELTWAY,MILE MARKER 24 PLANT STREET,200,South,Unknown,2,0,0,5,N,N,N,6000.000000000000000,Clear,Dark - Lighted,0,Unknown,N,Injury,N,Other,Motor Vehicle in Transport,On Roadway,Non-Junction,N,Not at Intersection,State,Paved,Dry,None, , ,None, , ,N,N, , , , ,0,0,4,0,0,0,0,0,5,0,0,0,3.000000000000000,0.000000000000000,0,0,0,6000,"Mapped, On Network",-81.556727578600004,28.571193688200001,638541.763843999942765,509593.623957999981940,8/16/2018 3:31:57 PM,8421_8425
494,495,1,494,7597,87279554,FHPD18OFF080214,FHP,Long,8/9/2018 0:00:00,10:20 PM,Orlando,Orange,STATE ROAD 408 WESTBOUND,MILE MARKER 20,0, ,Unknown,2,0,0,0,N,N,N,4000.000000000000000,Clear,Dark - Lighted,0,Unknown, ,Property Damage Only,N,"Sideswipe, Same Direction",Motor Vehicle in Transport,On Roadway,Non-Junction,N,Not at Intersection,State,Paved,Dry,None, , ,None, , ,N,N, , , , ,0,0,0,0,0,0,0,0,0,0,0,0,0.000000000000000,0.000000000000000,0,0,0,4000,"Mapped, On Network",-81.218256368100000,28.547915332599999,671640.459302000002936,507709.177589000028092,8/17/2018 11:45:13 AM,6946_8057
495,496,1,495,7614,87240800,FHPD18OFF076455,FHP,Short,7/30/2018 0:00:00,05:40 PM,Orlando Expwy Auth,Orange,WB SR-528,INNOVATION WAY,5280,East,Rear End,2,0,0,0,N,N,N,16000.000000000000000,Rain,Daylight,0,Rear End,W,Property Damage Only,Y,Front to Rear,Motor Vehicle in Transport,On Roadway,Non-Junction,N,Not at Intersection,State,Paved,Wet,None, , ,None, , ,N,N, , , , ,0,0,0,0,0,0,0,0,0,0,0,0,0.000000000000000,0.000000000000000,0,1,0,16000,"Mapped, On Network",-81.162100387999999,28.451808855700001,677368.803263999987394,497163.738611000007950,8/2/2018 1:44:03 PM,8099_8097
496,497,1,496,7623,84556454,FHPK18OFF063591,FHP,Long,8/28/2018 0:00:00,04:00 PM,Winter Garden,Orange,STATE ROAD 429,17 MM,10560,South,Rear End,2,0,0,0,N,Y,N,10000.000000000000000,Rain,Daylight,0,Rear End,N,Property Damage Only,N,Front to Rear,Motor Vehicle in Transport,On Roadway,Non-Junction,N,Not at Intersection,Turnpike/Toll,Paved,Wet,None, , ,None, , ,N,N, , , , ,0,0,0,0,0,0,0,0,0,0,0,0,0.000000000000000,0.000000000000000,0,1,0,10000,"Mapped, On Network",-81.616699999999994,28.499204658400000,632841.776050999993458,501485.722987000015564,9/13/2018 2:16:55 PM,6763_6186
497,498,1,497,7639,81975842,FHPD18OFF084356,FHP,Long,8/20/2018 0:00:00,10:40 PM,Orlando,Orange,STATE ROAD 408 WESTBOUND,COUNTY ROAD 431 (PINE HILLS ROAD),5280,East,Rear End,2,0,0,0,N,Y,N,15000.000000000000000,Cloudy,Dark - Lighted,0,Rear End,W,Property Damage Only,N,Front to Rear,Motor Vehicle in Transport,On Roadway,Through Roadway,N,Not at Intersection,Turnpike/Toll,Paved,Dry,Work Zone, , ,None, , ,N,Y,Lane Closure,Activity Area,Y,Y,0,0,2,0,0,0,0,0,0,0,0,0,0.000000000000000,0.000000000000000,0,2,0,15000,"Mapped, On Network",-81.428007273099993,28.545941280299999,651165.706134999985807,507045.367220000014640,9/5/2018 2:23:40 PM,8239_5934
498,499,1,498,7644,87259542,FHPD18OFF072751,FHP,Long,7/21/2018 0:00:00,06:20 AM,Orlando,Orange,STATE ROAD 528,NARCOOSSEE ROAD,0, ,Rear End,2,0,0,1,N,N,N,1500.000000000000000,Clear,Dark - Lighted,0,Rear End,E,Injury,N,Front to Rear,Motor Vehicle in Transport,On Roadway,Non-Junction,N,Not at Intersection,State,Unpaved,Dry,None, , ,None, , ,N,N, , , , ,0,0,0,0,0,0,0,1,0,0,0,0,0.000000000000000,0.000000000000000,0,0,0,1500,"Mapped, On Network",-81.272012307599994,28.448459066300000,666636.319846000056714,496549.377773999993224,8/1/2018 1:48:51 PM,6156_8052
499,500,1,499,7673,87146669,FHPK18OFF055716,FHP,Short,7/30/2018 0:00:00,06:01 AM,Winter Garden,Orange,SR 429 (DANIEL WEBSTER WESTERN BELTWAY),MM24,100,North,Sideswipe,2,0,0,0,N,N,N,1000.000000000000000,Cloudy,Dawn,0,Same Direction Sideswipe,S,Property Damage Only,N,"Sideswipe, Same Direction",Motor Vehicle in Transport,On Roadway,Non-Junction,Y,Not at Intersection,Turnpike/Toll,Paved,Dry,None, , ,None, , ,N,N, , , , ,0,0,4,0,0,0,0,0,0,0,0,0,0.000000000000000,0.000000000000000,0,1,0,1000,"Mapped, On Network",-81.557079536800003,28.572844367700000,638503.774559000041336,509776.224362000008114,8/3/2018 12:33:21 PM,8429_8423
500,501,1,500,7702,87252349,FHPD18OFF073046,FHP,Long,7/21/2018 0:00:00,08:57 PM,Unincorporated,Orange,STATE ROAD 417 (CENTRAL FLORIDA GREENEWAY),RHODE ISLAND WOODS CIRCLE,5280,East,Sideswipe,2,0,0,0,N,N,N,400.000000000000000,Clear,Dark - Lighted,0,Same Direction Sideswipe,W,Property Damage Only,N,"Sideswipe, Same Direction",Motor Vehicle in Transport,On Roadway,Non-Junction,N,Not at Intersection,State,Paved,Dry,None, , ,None, , ,N,N, , , , ,0,0,1,0,0,0,0,0,0,0,0,0,0.000000000000000,0.000000000000000,0,1,0,400,"Mapped, On Network",-81.339573814600001,28.368366472500000,660225.711078000022098,487512.356753000000026,7/31/2018 12:45:48 PM,6323_6700
501,502,1,501,7753,87252352,FHPD18OFF073467,FHP,Long,7/22/2018 0:00:00,11:14 PM,Unincorporated,Orange,STATE ROAD 417 (CENTRAL FLORIDA GREENEWAY),LAKE UNDERHILL ROAD,0,South,Off Road,1,0,0,0,N,N,N,4000.000000000000000,Rain,Dark - Lighted,0,Off Road,N,Property Damage Only,N,Other,Guardrail Face,Shoulder,Non-Junction,N,Not at Intersection,State,Paved,Wet,Road Surface Condition, , ,Weather Conditions, , ,N,N, , , , ,0,0,0,0,0,0,0,0,0,0,0,0,0.000000000000000,0.000000000000000,0,3,0,4000,"Mapped, On Network",-81.250926026100004,28.537865064100000,668475.641646999982186,506521.770857000024989,7/31/2018 12:45:14 PM,6689_11878
502,503,1,502,7799,87737569,2018-00275912,Orlando PD,Long,7/16/2018 0:00:00,09:36 PM,Orlando,Orange,STATE ROAD 408,BUMBY AVE,0, ,Unknown,3,0,0,4,Y,N,N,30000.000000000000000,Clear,Dark - Lighted,0,Unknown,EW,Injury,Y,Front to Front,Motor Vehicle in Transport,On Roadway,Non-Junction,N,Not at Intersection,State,Paved,Dry,None, , ,None, , ,N,N, , , , ,0,0,1,0,0,0,0,3,1,0,0,0,2.000000000000000,0.000000000000000,0,2,0,30000,"Mapped, On Network",-81.351996359699996,28.538161225600000,658605.913196000037715,506338.651552999974228,7/31/2018 12:39:37 PM,8311_6252
503,504,1,503,7807,87204664,FHPD18OFF076591,FHP,Short,7/31/2018 0:00:00,07:42 AM,Orlando Expwy Auth,Orange,SR-408,MM15,5280,East,Unknown,2,0,0,0,N,N,N,2200.000000000000000,Clear,Daylight,0,Unknown, ,Property Damage Only,N,Angle,Motor Vehicle in Transport,On Roadway,Non-Junction,N,Not at Intersection,Turnpike/Toll,Paved,Dry,None, , ,None, , ,N,N, , , , ,0,0,1,0,0,0,0,0,0,0,0,0,0.000000000000000,0.000000000000000,0,1,0,2200,"Mapped, On Network",-81.294466505000003,28.539717765199999,664219.635321000008844,506633.430517999979202,8/3/2018 12:24:45 PM,8427_6883
504,505,1,504,7808,87204663,FHPD18OFF074978,FHP,Long,7/27/2018 0:00:00,06:20 AM,Orlando Expwy Auth,Orange,SR-429,MM26,40,North,Sideswipe,8,0,0,4,N,Y,N,22200.000000000000000,Clear,Daylight,0,Opposing Sideswipe, ,Injury,N,Angle,Motor Vehicle in Transport,On Roadway,Non-Junction,N,Not at Intersection,Turnpike/Toll,Paved,Dry,None, , ,None, , ,N,N, , , , ,0,0,2,0,0,0,0,2,2,0,0,0,2.000000000000000,0.000000000000000,0,3,0,22200,"Mapped, On Network",-81.550991157900000,28.598904407300001,639040.635697999969125,512681.553170999977738,8/3/2018 12:26:28 PM,8393_6248