FID,OBJECTID_1,Join_Count,TARGET_FID,OBJECTID,HSMV_Repor,Agency_Rep,Reporting_,Form_Type,Crash_Date,Crash_Time,City,County,Crash_Stre,Intersecti,Offset_Dis,Offset_Dir,Crash_Type,Vehicles,Non_Motori,Fatalities,Injuries,Alcohol_Re,Distractio,Drug_Relat,Estimated_,Weather_Co,Light_Cond,Street_Num,Crash_Ty_1,Crash_Ty_2,Crash_Seve,Within_Cit,Manner_of_,First_Harm,First_HE_L,First_HE_R,First_HE_W,Type_of_In,Road_Sys_I,Type_of_Sh,Road_Surf_,Contrib_Ci,Contrib__1,Contrib__2,Contrib__3,Contrib__4,Contrib__5,School_Bus,Work_Zone_,Type_of_Wo,Loc_in_Wor,Workers_in,Law_Enforc,Mopeds,Motorcycle,Passengers,Bicyclists,Pedestrian,Fataliti_1,Injuries_U,Possible_I,Non_Incapa,Incapacita,Fataliti_2,Non_Traffi,Transporte,Transpor_1,Transpor_2,Citations,Property_D,Vehicle_Dm,S4_Mapping,S4_Decimal,S4_Decim_1,S4_Albers_,S4_Albers1,S4_Mappi_1,zone_id_st
505,506,1,505,7814,87940754,2018-00322425,Orlando PD,Long,8/20/2018 0:00:00,10:35 AM,Orlando,Orange,SR 528 EAST,S GOLDENROD RD EXIT,1000,East,Other,2,0,0,0,N,N,N,500.000000000000000,Clear,Daylight,0,Other, ,Property Damage Only,Y,Angle,Thrown or Falling Object,On Roadway,Non-Junction,N,Not at Intersection,State,Paved,Dry,None, , ,None, , ,N,N, , , , ,0,0,1,0,0,0,0,0,0,0,0,0,0.000000000000000,0.000000000000000,0,0,0,500,"Mapped, On Network",-81.274363682200004,28.448421762700001,666406.623086999985389,496540.153908999986015,9/4/2018 2:09:57 PM,6156_8052
506,507,1,506,7817,87939495,2018-00280930,Orlando PD,Long,7/20/2018 0:00:00,12:50 PM,Orlando,Orange,SR 408 WEST,INTERSTATE 4 WEST (SR 400) EXITRAMP,1000,East,Unknown,3,0,0,0,N,N,N,5000.000000000000000,Cloudy,Daylight,0,Unknown, ,Property Damage Only,Y,"Sideswipe, Same Direction",Motor Vehicle in Transport,On Roadway,Non-Junction,N,Not at Intersection,State,Paved,Dry,None, , ,None, , ,N,Y,Work on Shoulder or Median,Activity Area,Y,N,0,0,0,0,0,0,0,0,0,0,0,0,0.000000000000000,0.000000000000000,0,0,0,5000,"Mapped, On Network",-81.371624349000001,28.537263409600001,656691.446277000010014,506197.956623999984004,7/31/2018 12:21:35 PM,8313_6737
507,508,1,507,7820,87240801,FHPD18OFF076520,FHP,Long,7/30/2018 0:00:00,07:40 PM,Orlando Expwy Auth,Orange,EB SR-408 EXIT RAMP,SR-50,5280,South,Off Road,1,0,0,1,N,N,N,10000.000000000000000,Cloudy,Daylight,0,Off Road,N,Injury,Y,Other,Concrete Traffic Barrier,Shoulder,Entrance/Exit Ramp,N,Not at Intersection,State,Paved,Wet,None, , ,None, , ,N,N, , , , ,0,0,0,0,0,0,0,0,1,0,0,0,1.000000000000000,0.000000000000000,0,1,0,10000,"Mapped, Not On Network",-81.511669999999995,28.544960024700000,642999.021900000050664,506768.782899999991059,8/2/2018 1:42:30 PM,8114_8152
508,509,1,508,7826,85513751,FHPD18OFF081612,FHP,Long,8/13/2018 0:00:00,05:45 PM,Orlando,Orange,STATE ROAD 408 (EAST/WEST EXPRESSWAY),ALAFAYA TRAIL,5280,West,Rear End,2,0,0,0,N,N,N,6000.000000000000000,Clear,Daylight,0,Rear End,E,Property Damage Only,N,Front to Rear,Motor Vehicle in Transport,On Roadway,Non-Junction,N,Not at Intersection,Turnpike/Toll,Paved,Dry,None, , ,None, , ,N,Y,Work on Shoulder or Median,Activity Area,Y,N,0,0,0,0,0,0,0,0,0,0,0,0,0.000000000000000,0.000000000000000,0,0,0,6000,"Mapped, On Network",-81.210852580099996,28.548501746900001,672361.851694999961182,507790.616602000023704,8/18/2018 3:08:28 PM,6690_8041
509,510,1,509,7829,83336983,FHPD18OFF082475,FHP,Short,8/16/2018 0:00:00,07:33 AM,Orlando,Orange,STATE ROAD 408,STATE ROAD 551,350,West,Sideswipe,2,0,0,0,N,N,N,1000.000000000000000,Clear,Daylight,0,Same Direction Sideswipe,W,Property Damage Only,N,"Sideswipe, Same Direction",Motor Vehicle in Transport,On Roadway,Non-Junction,N,Not at Intersection,Turnpike/Toll,Paved,Dry,None, , ,None, , ,N,N, , , , ,0,0,0,0,0,0,0,0,0,0,0,0,0.000000000000000,0.000000000000000,0,1,0,1000,"Mapped, On Network",-81.286789146499999,28.540397203800001,664967.617419000016525,506725.341122000012547,8/18/2018 3:21:36 PM,8406_8427
510,511,1,510,7849,87240816,FHPD18OFF079730,FHP,Long,8/8/2018 0:00:00,06:00 PM,Orlando Expwy Auth,Orange,SB SR-417 EXIT RAMP,SR-15,0,North,Rear End,4,0,0,1,N,N,N,44000.000000000000000,Cloudy,Daylight,0,Rear End,S,Injury,Y,Front to Rear,Motor Vehicle in Transport,On Roadway,Entrance/Exit Ramp,N,Not at Intersection,State,Paved,Dry,None, , ,None, , ,N,N, , , , ,0,0,0,0,0,0,0,1,0,0,0,0,0.000000000000000,0.000000000000000,0,1,0,44000,"Mapped, On Network",-81.238406818200005,28.403891217500000,670031.243739000055939,491674.176832000026479,8/13/2018 4:10:42 PM,8596_8510
511,512,1,511,7852,87195165,FHPK18OFF063697,FHP,Long,8/29/2018 0:00:00,03:25 AM,Winter Garden,Orange,STATE ROAD 429 (DANIEL WEBSTER BELTWAY) NB,SCHOFIELD ROAD,100,South,Unknown,2,0,0,1,N,N,N,3000.000000000000000,Cloudy,Dark - Lighted,0,Unknown,N,Injury,N,Other,Motor Vehicle in Transport,On Roadway,Non-Junction,N,Not at Intersection,Turnpike/Toll,Paved,Wet,None, , ,None, , ,N,N, , , , ,0,0,2,0,0,0,0,1,0,0,0,0,0.000000000000000,0.000000000000000,0,1,0,3000,"Mapped, On Network",-81.640182976000006,28.454885137200002,630642.019906000001356,496520.539593000023160,9/4/2018 1:44:41 PM,9710_6236
512,513,1,512,7861,87206023,FHPK18OFF056839,FHP,Short,8/3/2018 0:00:00,08:20 AM,Winter Garden,Orange,STATE ROAD 429,MM 19,0, ,Rear End,2,0,0,0,N,Y,N,2000.000000000000000,Clear,Daylight,0,Rear End,S,Property Damage Only,N,Front to Rear,Motor Vehicle in Transport,On Roadway,Non-Junction,Y,Not at Intersection,State,Paved,Dry,None, , ,None, , ,N,N, , , , ,0,0,0,0,0,0,0,0,0,0,0,0,0.000000000000000,0.000000000000000,0,1,0,2000,"Mapped, On Network",-81.590770321799994,28.515610319899999,635339.119171999976970,503356.550851000007242,8/9/2018 11:32:59 PM,8494_8462
513,514,1,513,7887,87128811,FHPK18OFF063490,FHP,Short,8/28/2018 0:00:00,08:17 AM,Unincorporated,Orange,STATE ROAD 429 (WESTERN BELTWAY)  MM 23,STATE ROAD 50 (WEST COLONILA DRIVE),1,North,Other,2,0,0,0,N,N,N,4000.000000000000000,Clear,Daylight,0,Other,S,Property Damage Only,N,Front to Rear,Motor Vehicle in Transport,On Roadway,Entrance/Exit Ramp,N,Not at Intersection,Turnpike/Toll,Paved,Dry,None, , ,None, , ,N,N, , , , ,0,0,0,0,0,0,0,0,0,0,0,0,0.000000000000000,0.000000000000000,0,1,0,4000,"Mapped, Not On Network",-81.559340000000006,28.555210049500001,638321.871292999945581,507813.847277999971993,8/31/2018 4:40:39 PM,8498_8500
514,515,1,514,7893,87112303,FHPK18OFF056835,FHP,Long,8/3/2018 0:00:00,08:14 AM,Unincorporated,Orange,STATE ROAD 429 (WESTERN BELTWAY),COUNTY ROAD 545 (MM 19),50,North,Off Road,1,0,0,1,N,N,N,15000.000000000000000,Clear,Daylight,0,Off Road,S,Injury,N,Other,Guardrail Face,Shoulder,Non-Junction,N,Not at Intersection,Turnpike/Toll,Paved,Dry,Debris, , ,None, , ,N,N, , , , ,0,0,0,0,0,0,0,0,1,0,0,0,1.000000000000000,0.000000000000000,0,0,0,15000,"Mapped, On Network",-81.590736858599996,28.515918760000002,635341.718312000040896,503390.862322999979369,8/10/2018 12:33:39 PM,8464_8492
515,516,1,515,7920,87104135,FHPK18OFF058376,FHP,Short,8/8/2018 0:00:00,09:18 PM,Orlando,Orange,SR-528 (BEACHLINE EXPRESSWAY),CONWAY RD S,5280,West,Sideswipe,2,0,0,0,N,N,N,600.000000000000000,Rain,Dark - Lighted,0,Opposing Sideswipe,EW,Property Damage Only,N,"Sideswipe, Same Direction",Motor Vehicle in Transport,On Roadway,Non-Junction,N,Not at Intersection,State,Paved,Wet,Road Surface Condition, , ,Weather Conditions, , ,N,N, , , , ,0,0,4,0,0,0,0,0,0,0,0,0,0.000000000000000,0.000000000000000,0,0,0,600,"Mapped, On Network",-81.327089999799995,28.451534645100001,661246.418439000030048,496772.970894000027329,8/13/2018 8:48:18 PM,6094_8344
516,517,1,516,7947,87260484,FHPD18OFF081230,FHP,Long,8/12/2018 0:00:00,07:48 PM,Orlando Expwy Auth,Orange,STATE RD 417 ENTRANCE RAMP,STATE RD 50  COLONIAL DR,400,North,Other,1,0,0,0,N,N,N,8000.000000000000000,Rain,Dusk,0,Single Vehicle,S,Property Damage Only,N,Other,Other Non-Collision,On Roadway,Non-Junction,N,Not at Intersection,State,Paved,Wet,Road Surface Condition, , ,Weather Conditions, , ,N,N, , , , ,0,0,1,0,0,0,0,0,0,0,0,0,0.000000000000000,0.000000000000000,0,1,0,8000,"Mapped, Not On Network",-81.265670000000000,28.569470049500001,666958.154793999972753,509998.809186999977101,8/18/2018 3:06:55 PM,8451_2531
517,518,1,517,7948,87260483,FHPD18OFF081209,FHP,Long,8/12/2018 0:00:00,06:48 PM,Orlando Expwy Auth,Orange,STATE RD 417,STATE RD 528,5280,North,Rear End,2,0,0,0,N,N,N,6500.000000000000000,Rain,Daylight,0,Rear End,S,Property Damage Only,N,Front to Rear,Motor Vehicle in Transport,On Roadway,Non-Junction,N,Not at Intersection,State,Paved,Wet,Road Surface Condition, , ,Weather Conditions, , ,N,N, , , , ,0,0,1,0,0,0,0,0,0,0,0,0,0.000000000000000,0.000000000000000,0,1,0,6500,"Mapped, On Network",-81.238337875699997,28.472488728399998,669867.386361000011675,499290.618371999997180,8/18/2018 3:06:03 PM,8546_7092
518,519,1,518,7949,87260482,FHPD18OFF081208,FHP,Short,8/12/2018 0:00:00,06:47 PM,Orlando,Orange,STATE RD 417,STATE RD 528,5280,North,Unknown,2,0,0,0,N,N,N,9500.000000000000000,Rain,Daylight,0,Unknown, ,Property Damage Only,N,Angle,Other Non-Collision,On Roadway,Non-Junction,N,Not at Intersection,State,Paved,Wet,Road Surface Condition, , ,Weather Conditions, , ,N,N, , , , ,0,0,3,0,0,0,0,0,0,0,0,0,0.000000000000000,0.000000000000000,0,1,0,9500,"Mapped, On Network",-81.232003273299995,28.460202634800002,670516.919470999971963,497940.391890999977477,8/18/2018 3:05:25 PM,6173_8544
519,520,1,519,7950,87260481,FHPD18OFF081137,FHP,Long,8/12/2018 0:00:00,03:12 PM,Orlando Expwy Auth,Orange,STATE RD 528,DALLAS BLVD,5280,West,Other,1,0,0,1,N,N,N,8000.000000000000000,Rain,Daylight,0,Single Vehicle,W,Injury,N,Other,Other Non-Collision,On Roadway,Non-Junction,N,Not at Intersection,State,Paved,Wet,Road Surface Condition, , ,Weather Conditions, , ,N,Y,Work on Shoulder or Median,Activity Area,N,N,0,0,2,0,0,0,0,1,0,0,0,0,0.000000000000000,0.000000000000000,0,0,0,8000,"Mapped, On Network",-81.112182085000001,28.451531329800002,682247.523693999974057,497246.193621999991592,8/18/2018 3:04:51 PM,6073_8099
520,521,1,520,7968,85564167,FHPD18OFF080065,FHP,Long,8/9/2018 0:00:00,04:10 PM,Orlando Expwy Auth,Orange,SR-408 EB,CHICKASAW ROAD,500,East,Rear End,2,0,0,5,N,Y,N,7500.000000000000000,Rain,Daylight,0,Rear End,E,Injury,N,Front to Rear,Motor Vehicle in Transport,On Roadway,Non-Junction,N,Not at Intersection,Interstate,Paved,Wet,None, , ,None, , ,N,N, , , , ,0,0,3,0,0,0,1,5,0,0,0,0,0.000000000000000,0.000000000000000,0,0,0,7500,"Mapped, On Network",-81.270495410199999,28.547050936900000,666542.222610999946482,507499.211660999979358,8/13/2018 3:16:38 PM,8412_7015
521,522,1,521,7969,87104134,FHPK18OFF058372,FHP,Short,8/8/2018 0:00:00,09:05 PM,Orlando,Orange,SR-528 (BEACHLINE EXPRESSWAY),CONWAY RD S,5280,West,Rear End,2,0,0,0,N,N,N,600.000000000000000,Rain,Dark - Lighted,0,Rear End,W,Property Damage Only,N,Front to Rear,Motor Vehicle in Transport,On Roadway,Non-Junction,Y,Not at Intersection,State,Paved,Wet,Road Surface Condition, , ,Weather Conditions, , ,N,N, , , , ,0,0,0,0,0,0,0,0,0,0,0,0,0.000000000000000,0.000000000000000,0,0,0,600,"Mapped, On Network",-81.327049630199994,28.451507294500001,661250.429315999965183,496770.019680000026710,8/13/2018 4:09:08 PM,6094_8344
522,523,1,522,7971,87229937,FHPD18OFF081609,FHP,Short,8/13/2018 0:00:00,05:44 PM,Orlando Expwy Auth,Orange,STATE ROAD 429 SB MM25,OCOEE APOPKA RD,0,North,Rear End,3,0,0,0,N,N,N,9000.000000000000000,Rain,Daylight,0,Rear End,S,Property Damage Only,Y,Front to Rear,Motor Vehicle in Transport,On Roadway,Non-Junction,N,Not at Intersection,State,Paved,Wet,Road Surface Condition, , ,None, , ,N,N, , , , ,0,0,1,0,0,0,0,0,0,0,0,0,0.000000000000000,0.000000000000000,0,1,0,9000,"Mapped, On Network",-81.549950406999997,28.599302586299999,639141.328495000023395,512727.782219999993686,8/18/2018 3:12:44 PM,8393_6248
523,524,1,523,7983,87260478,FHPD18OFF080601,FHP,Long,8/10/2018 0:00:00,09:26 PM,Orlando Expwy Auth,Orange,STATE RD 417,MOSS PARK RD,400,North,Other,1,0,0,0,N,N,N,1000.000000000000000,Clear,Dark - Lighted,0,Single Vehicle,S,Property Damage Only,N,Other,Other Non-Collision,On Roadway,Non-Junction,N,Not at Intersection,State,Paved,Dry,None, , ,None, , ,N,N, , , , ,0,0,0,0,0,0,0,0,0,0,0,0,0.000000000000000,0.000000000000000,0,0,0,1000,"Mapped, On Network",-81.227439336499998,28.416803467899999,671071.235653999960050,493131.869689000013750,8/18/2018 1:10:44 PM,8536_8514
524,525,1,524,7997,87254674,FHPD18OFF079489,FHP,Long,8/8/2018 0:00:00,07:12 AM,Orlando Expwy Auth,Orange,SR-528,MM24,60,East,Off Road,1,0,0,0,N,N,N,4200.000000000000000,Clear,Dawn,0,Off Road,W,Property Damage Only,N,Other,Guardrail Face,Median,Non-Junction,N,Not at Intersection,Turnpike/Toll,Paved,Dry,None, , ,None, , ,N,N, , , , ,0,0,0,0,0,0,0,0,0,0,0,0,0.000000000000000,0.000000000000000,0,1,0,4200,"Mapped, On Network",-81.100913780599996,28.451648983799998,683348.347659999970347,497285.097937999991700,8/18/2018 2:15:06 PM,8112_6073
525,526,1,525,8003,87255328,FHPD18OFF078459,FHP,Long,8/5/2018 0:00:00,02:25 AM,Orlando,Orange,STATE ROAD 417,MILE MARKER 30,0, ,Rear End,2,0,0,2,N,N,N,11000.000000000000000,Clear,Dark - Lighted,0,Rear End,N,Injury,N,Other,Motor Vehicle in Transport,On Roadway,Non-Junction,N,Not at Intersection,State,Paved,Dry,None, , ,None, , ,N,N, , , , ,0,0,1,0,0,0,0,1,0,1,0,0,2.000000000000000,0.000000000000000,0,0,0,11000,"Mapped, On Network",-81.245035799700005,28.504075365999999,669134.616464999970049,502782.995961999986321,8/7/2018 4:18:06 PM,6965_8557
526,527,1,526,8012,85564168,FHPD18OFF080092,FHP,Long,8/9/2018 0:00:00,05:00 PM,Orlando Expwy Auth,Orange,SR-528,SR-417,5280,West,Sideswipe,4,0,0,0,N,N,N,2200.000000000000000,Rain,Daylight,0,Same Direction Sideswipe,W,Property Damage Only,N,Other,Other Non-Fixed Object,On Roadway,Non-Junction,N,Not at Intersection,Interstate,Paved,Wet,Obstruction in Roadway, , ,Weather Conditions, , ,N,N, , , , ,0,0,0,0,0,0,0,0,0,0,0,0,0.000000000000000,0.000000000000000,0,0,0,2200,"Mapped, On Network",-81.240175765199993,28.451266449500000,669740.562519000028260,496930.317850999999791,8/13/2018 3:05:25 PM,6666_8074
527,528,1,527,8035,87260480,FHPD18OFF080880,FHP,Short,8/11/2018 0:00:00,05:57 PM,Orlando Expwy Auth,Orange,STATE RD 417,LANDSTAR BLVD,600,North,Other,1,0,0,0,N,N,N,0.000000000000000,Clear,Daylight,0,Single Vehicle,S,Property Damage Only,N,Other,Other Non-Collision,On Roadway,Non-Junction,N,Not at Intersection,State,Paved,Dry,None, , ,None, , ,N,N, , , , ,0,0,0,0,0,0,0,0,0,0,0,0,0.000000000000000,0.000000000000000,0,0,0,0,"Mapped, On Network",-81.368248933600000,28.368763526500000,657420.383256000000983,487496.256324000016320,8/18/2018 3:01:54 PM,8484_8486
528,529,1,528,8044,87240819,FHPD18OFF084397,FHP,Long,8/21/2018 0:00:00,07:10 AM,Orlando Expwy Auth,Orange,WB SR-408,GOOD HOMES RD,0,West,Sideswipe,3,0,0,1,N,N,N,23000.000000000000000,Clear,Daylight,0,Same Direction Sideswipe,W,Injury,Y,"Sideswipe, Same Direction",Motor Vehicle in Transport,On Roadway,Non-Junction,N,Not at Intersection,State,Paved,Dry,None, , ,None, , ,N,N, , , , ,0,0,1,0,0,0,0,1,0,0,0,0,0.000000000000000,0.000000000000000,0,2,0,23000,"Mapped, On Network",-81.504692386100004,28.546198199500001,643677.548851000028662,506920.030367000028491,8/23/2018 11:52:32 PM,8156_8150
529,530,1,529,8072,87275408,FHPD18OFF085026,FHP,Long,8/22/2018 0:00:00,05:16 PM,Orlando,Orange,SR-408 (WB ENTRANCE RAMP),SR-417 (CENTRAL FLORIDA GREENEWAY),100,West,Off Road,1,0,0,1,N,N,N,3000.000000000000000,Rain,Daylight,0,Off Road,W,Injury,N,Other,Other Fixed Object,Off Roadway,Entrance/Exit Ramp,Y,Not at Intersection,State,Paved,Wet,None, , ,None, , ,N,N, , , , ,0,0,0,0,0,0,0,0,1,0,0,0,1.000000000000000,0.000000000000000,0,0,0,3000,"Mapped, Not On Network",-81.258099999500004,28.547300024900000,667751.848099999944679,507553.720800000010058,8/31/2018 8:46:23 PM,8033_8027
530,531,1,530,8081,87940573,2018-00335056,Orlando PD,Short,8/29/2018 0:00:00,08:30 AM,Orlando,Orange,SR 408 WEST (EAST WEST EXPRESSWAY),INTERSTATE 4 EAST RAMP (SR 400),0, ,Sideswipe,2,0,0,0,N,N,N,600.000000000000000,Clear,Daylight,0,Same Direction Sideswipe,W,Property Damage Only,Y,"Sideswipe, Same Direction",Motor Vehicle in Transport,On Roadway,Non-Junction,Y,Not at Intersection,State,Paved,Dry,None, , ,None, , ,N,N, , , , ,0,0,0,0,0,0,0,0,0,0,0,0,0.000000000000000,0.000000000000000,0,0,0,600,"Mapped, On Network",-81.374671737599996,28.537000754800001,656394.499289999948815,506162.454109999991488,9/13/2018 10:00:26 PM,6737_6230
531,532,1,531,8100,87226172,FHPK18OFF060532,FHP,Long,8/16/2018 0:00:00,05:51 PM,Ocoee,Orange,SR-429-TOLL N,MM 22,0, ,Sideswipe,2,0,0,0,N,N,N,2000.000000000000000,Cloudy,Daylight,0,Same Direction Sideswipe,S,Property Damage Only,N,Other,Motor Vehicle in Transport,On Roadway,Non-Junction,N,Not at Intersection,Turnpike/Toll,Paved,Dry,None, , ,None, , ,N,N, , , , ,0,0,0,0,0,0,0,0,0,0,0,0,0.000000000000000,0.000000000000000,0,1,0,2000,"Mapped, On Network",-81.557052979600002,28.540589644200001,638577.325765999965370,506194.907224000024144,8/22/2018 7:47:06 PM,8524_6989
532,533,1,532,8117,87260476,FHPD18OFF080390,FHP,Long,8/10/2018 0:00:00,02:26 PM,Orlando Expwy Auth,Orange,STATE RD 429 ENTRANC RAMP,PLANT ST,10,North,Other,1,0,0,1,Y,N,Y,8000.000000000000000,Cloudy,Daylight,0,Single Vehicle,N,Injury,N,Other,Other Non-Collision,On Roadway,Non-Junction,N,Not at Intersection,State,Paved,Dry,None, , ,None, , ,N,N, , , , ,0,0,0,0,0,0,1,0,0,1,0,0,1.000000000000000,0.000000000000000,0,2,0,8000,"Mapped, On Network",-81.556898712899994,28.570015573900001,638527.649779999977909,509462.482422999979462,8/23/2018 11:58:57 PM,8429_8423
533,534,1,533,8120,87254675,FHPD18OFF083349,FHP,Long,8/18/2018 0:00:00,10:27 AM,Orlando Expwy Auth,Orange,SR-408,MM37.5,20,East,Rear End,4,0,0,4,N,N,N,17000.000000000000000,Clear,Daylight,0,Rear End,N,Injury,N,Front to Rear,Motor Vehicle in Transport,On Roadway,Non-Junction,N,Not at Intersection,Turnpike/Toll,Paved,Dry,None, , ,None, , ,N,N, , , , ,0,0,4,0,0,0,0,3,1,0,0,0,1.000000000000000,0.000000000000000,1,1,0,17000,"Mapped, Not On Network",-81.255894269999999,28.606697189599998,667820.429686999996193,514153.262188000022434,8/30/2018 2:44:13 PM,5988_6758
534,535,1,534,8132,87249524,FHPD18OFF083373,FHP,Short,8/18/2018 0:00:00,11:31 AM,Orlando Expwy Auth,Orange,SR417,29MM,0, ,Sideswipe,2,0,0,0,N,N,N,2000.000000000000000,Clear,Daylight,0,Same Direction Sideswipe,S,Property Damage Only,Y,"Sideswipe, Same Direction",Motor Vehicle in Transport,On Roadway,Non-Junction,N,Not at Intersection,State,Paved,Dry,None, , ,None, , ,N,N, , , , ,0,0,0,0,0,0,0,0,0,0,0,0,0.000000000000000,0.000000000000000,0,1,0,2000,"Mapped, On Network",-81.244901287100006,28.503651625600000,669148.806230999995023,502736.242321000027005,8/23/2018 11:12:32 PM,6965_8557
535,536,1,535,8165,87260490,FHPD18OFF083950,FHP,Short,8/19/2018 0:00:00,07:20 PM,Orlando Expwy Auth,Orange,STATE RD 417,STATE RD 50 COLONIAL DR,600,North,Rear End,2,0,0,0,N,N,N,6500.000000000000000,Rain,Dusk,0,Rear End,S,Property Damage Only,N,Other,Other Non-Collision,On Roadway,Non-Junction,N,Not at Intersection,State,Paved,Wet,Road Surface Condition, , ,Weather Conditions,None, ,N,N, , , , ,0,0,3,0,0,0,0,0,0,0,0,0,0.000000000000000,0.000000000000000,0,0,0,6500,"Mapped, On Network",-81.265654128700007,28.569400355599999,666959.875695999944583,509991.105553000001237,8/23/2018 11:58:42 PM,8451_2531
536,537,1,536,8166,87260489,FHPD18OFF083951,FHP,Short,8/19/2018 0:00:00,07:21 PM,Orlando Expwy Auth,Orange,STATE R 417,STATE RD 50 COLONIAL DR,400,North,Sideswipe,2,0,0,0,N,N,N,7500.000000000000000,Rain,Dusk,0,Same Direction Sideswipe,N,Property Damage Only,N,Angle,Other Non-Collision,On Roadway,Non-Junction,N,Not at Intersection,State,Paved,Wet,Road Surface Condition, , ,Weather Conditions, , ,N,N, , , , ,0,0,1,0,0,0,0,0,0,0,0,0,0.000000000000000,0.000000000000000,0,1,0,7500,"Mapped, On Network",-81.256491287100005,28.607430712300001,667760.359157999977469,514233.407066999992821,8/23/2018 11:58:51 PM,5988_6758
537,538,1,537,8194,87240813,FHPD18OFF079319,FHP,Short,8/7/2018 0:00:00,04:24 PM,Orlando Expwy Auth,Orange,EB SR-408 EXIT RAMP,SR-551,25,West,Sideswipe,2,0,0,0,N,N,N,11000.000000000000000,Cloudy,Daylight,0,Same Direction Sideswipe,E,Property Damage Only,Y,"Sideswipe, Same Direction",Motor Vehicle in Transport,On Roadway,Non-Junction,N,Not at Intersection,State,Paved,Dry,None, , ,None, , ,N,N, , , , ,0,0,0,0,0,0,0,0,0,0,0,0,0.000000000000000,0.000000000000000,0,1,0,11000,"Mapped, Not On Network",-81.289699999600003,28.539670024799999,664685.168999999994412,506638.351900000008754,8/10/2018 5:04:51 PM,6881_8431
538,539,1,538,8195,87240811,FHPD18OFF079014,FHP,Long,8/6/2018 0:00:00,06:08 PM,Orlando Expwy Auth,Orange,NB SR-417,SR-50,5280,East,Other,1,0,0,0,N,N,N,6000.000000000000000,Clear,Daylight,0,Single Vehicle,N,Property Damage Only,Y,Other,Other Non-Collision,Shoulder,Non-Junction,N,Not at Intersection,State,Paved,Dry,None, , ,None, , ,N,N, , , , ,0,0,0,0,0,0,0,0,0,0,0,0,0.000000000000000,0.000000000000000,0,0,0,6000,"Mapped, On Network",-81.264559858799998,28.574296446599998,667054.633465999970213,510537.079428999975789,8/10/2018 5:04:42 PM,2531_6046
539,540,1,539,8215,87254673,FHPD18OFF078826,FHP,Long,8/6/2018 0:00:00,09:51 AM,Orlando Expwy Auth,Orange,SR-408,DEAN ROAD,60,West,Sideswipe,2,0,0,0,N,N,N,4200.000000000000000,Clear,Daylight,0,Same Direction Sideswipe,E,Property Damage Only,N,"Sideswipe, Same Direction",Motor Vehicle in Transport,On Roadway,Non-Junction,N,Not at Intersection,Turnpike/Toll,Paved,Dry,None, , ,None, , ,N,N, , , , ,0,0,0,0,0,0,0,0,0,0,0,0,0.000000000000000,0.000000000000000,0,3,0,4200,"Mapped, On Network",-81.244802123699998,28.547186793100000,669050.476812000037171,507570.092492000025231,8/10/2018 4:23:56 PM,6269_8009
540,541,1,540,8225,87252408,FHPD18OFF076895,FHP,Long,7/31/2018 0:00:00,10:30 PM,Orlando,Orange,STATE ROAD 417 (GREENWAY EXPY),MM 33,0, ,Sideswipe,2,0,0,0,N,Y,N,5000.000000000000000,Clear,Dark - Lighted,0,Same Direction Sideswipe,S,Property Damage Only,N,"Sideswipe, Same Direction",Motor Vehicle in Transport,On Roadway,Non-Junction,N,Not at Intersection,County,Paved,Dry,None, , ,None, , ,N,Y,Work on Shoulder or Median,Activity Area,Y,Y,0,0,1,0,0,0,0,0,0,0,0,0,0.000000000000000,0.000000000000000,0,1,0,5000,"Mapped, On Network",-81.255885988800003,28.545226332799999,667973.139199999975972,507328.291481000022031,8/13/2018 4:23:46 PM,11875_6251
541,542,1,541,8226,87249519,FHPD18OFF079979,FHP,Long,8/9/2018 0:00:00,01:39 PM,Orlando Expwy Auth,Orange,SR417 EXIT RAMP,CURRYFORD RD,20,South,Rear End,2,0,0,0,N,N,N,2000.000000000000000,Clear,Daylight,0,Rear End,N,Property Damage Only,Y,Front to Rear,Motor Vehicle in Transport,On Roadway,Non-Junction,N,Not at Intersection,State,Paved,Dry,None, , ,None, , ,N,N, , , , ,0,0,0,0,0,0,0,0,0,0,0,0,0.000000000000000,0.000000000000000,0,1,0,2000,"Mapped, Not On Network",-81.250470000000007,28.517550049299999,668570.469899000017904,504267.221124999981839,8/13/2018 8:52:26 PM,8553_6689
542,543,1,542,8240,87249518,FHPD18OFF079633,FHP,Long,8/8/2018 0:00:00,02:38 PM,Orlando Expwy Auth,Orange,SR408,17MM,0, ,Unknown,2,0,0,0,N,N,N,2000.000000000000000,Clear,Daylight,0,Unknown,W,Property Damage Only,Y,"Sideswipe, Same Direction",Motor Vehicle in Transport,On Roadway,Non-Junction,N,Not at Intersection,State,Paved,Dry,None, , ,None, , ,N,N, , , , ,0,0,0,0,0,0,0,0,0,0,0,0,0.000000000000000,0.000000000000000,0,0,0,2000,"Mapped, On Network",-81.275676617800002,28.545700483099999,666039.661572000011802,507338.084059000015259,8/13/2018 8:53:10 PM,6879_6918