FID,OBJECTID_1,Join_Count,TARGET_FID,OBJECTID,HSMV_Repor,Agency_Rep,Reporting_,Form_Type,Crash_Date,Crash_Time,City,County,Crash_Stre,Intersecti,Offset_Dis,Offset_Dir,Crash_Type,Vehicles,Non_Motori,Fatalities,Injuries,Alcohol_Re,Distractio,Drug_Relat,Estimated_,Weather_Co,Light_Cond,Street_Num,Crash_Ty_1,Crash_Ty_2,Crash_Seve,Within_Cit,Manner_of_,First_Harm,First_HE_L,First_HE_R,First_HE_W,Type_of_In,Road_Sys_I,Type_of_Sh,Road_Surf_,Contrib_Ci,Contrib__1,Contrib__2,Contrib__3,Contrib__4,Contrib__5,School_Bus,Work_Zone_,Type_of_Wo,Loc_in_Wor,Workers_in,Law_Enforc,Mopeds,Motorcycle,Passengers,Bicyclists,Pedestrian,Fataliti_1,Injuries_U,Possible_I,Non_Incapa,Incapacita,Fataliti_2,Non_Traffi,Transporte,Transpor_1,Transpor_2,Citations,Property_D,Vehicle_Dm,S4_Mapping,S4_Decimal,S4_Decim_1,S4_Albers_,S4_Albers1,S4_Mappi_1,zone_id_st
543,544,1,543,8241,87249517,FHPD18OFF079553,FHP,Short,8/8/2018 0:00:00,11:00 AM,Orlando Expwy Auth,Orange,SR408,6MM,0, ,Other,1,0,0,0,N,N,N,300.000000000000000,Clear,Daylight,0,Single Vehicle,E,Property Damage Only,Y,Other,Other Non-Fixed Object,On Roadway,Non-Junction,N,Not at Intersection,State,Paved,Dry,None, , ,None, , ,N,N, , , , ,0,0,0,0,0,0,0,0,0,0,0,0,0.000000000000000,0.000000000000000,0,0,0,300,"Mapped, On Network",-81.427032999399998,28.545776198999999,651261.216675000032410,507029.022745000023860,8/13/2018 8:50:22 PM,6014_8237
544,545,1,544,8278,87229934,FHPD18OFF078483,FHP,Long,8/5/2018 0:00:00,06:17 AM,Orlando Expwy Auth,Orange,STATE ROAD 408 EB MM16,STATE ROAD 551 (GOLDENROD RD),0,West,Head On,2,0,0,2,Y,N,N,8000.000000000000000,Clear,Dawn,0,Head On,EW,Injury,Y,Front to Front,Motor Vehicle in Transport,On Roadway,Non-Junction,N,Not at Intersection,Turnpike/Toll,Paved,Dry,None, , ,None, , ,N,N, , , , ,0,0,0,0,0,0,0,0,2,0,0,0,2.000000000000000,0.000000000000000,0,2,0,8000,"Mapped, On Network",-81.291096247300004,28.539679317600001,664548.812124000047334,506636.387502000026871,8/13/2018 3:48:55 PM,8427_6883
545,546,1,545,8280,85564166,FHPD18OFF079927,FHP,Long,8/9/2018 0:00:00,10:00 AM,Orlando Expwy Auth,Orange,SR-417 (NB ENT RAMP),ORANGE BLOSSOM TRAIL,500,South,Rear End,2,0,0,0,N,Y,N,5000.000000000000000,Clear,Daylight,0,Rear End,S,Property Damage Only,N,Front to Rear,Motor Vehicle in Transport,On Roadway,Non-Junction,N,Not at Intersection,State,Paved,Dry,None, , ,None, , ,N,N, , , , ,0,0,1,0,0,0,0,0,0,0,0,0,0.000000000000000,0.000000000000000,0,1,0,5000,"Mapped, Not On Network",-81.412760000199995,28.375160024800000,653052.347999999998137,488114.342699999979232,8/10/2018 5:02:22 PM,8107_8280
546,547,1,546,8302,87260477,FHPD18OFF080543,FHP,Long,8/10/2018 0:00:00,06:15 PM,Orlando Expwy Auth,Orange,STATE RD 528,TRADEPORT DR,200,West,Sideswipe,2,0,0,0,N,N,N,1000.000000000000000,Clear,Daylight,0,Same Direction Sideswipe,E,Property Damage Only,N,"Sideswipe, Same Direction",Motor Vehicle in Transport,On Roadway,Non-Junction,N,Not at Intersection,State,Paved,Dry,None, , ,None, , ,N,N, , , , ,0,0,0,0,0,0,0,0,0,0,0,0,0.000000000000000,0.000000000000000,0,0,0,1000,"Mapped, On Network",-81.338567018199996,28.450691583800001,660126.866103000007570,496655.102983999997377,8/13/2018 8:52:19 PM,8327_8331
547,548,1,547,8314,87249516,FHPD18OFF078903,FHP,Long,8/6/2018 0:00:00,01:41 PM,Orlando Expwy Auth,Orange,SR-528-TOLL E,17MM,0, ,Rear End,2,0,0,2,N,N,N,10000.000000000000000,Clear,Daylight,0,Rear End,E,Injury,Y,Front to Rear,Motor Vehicle in Transport,On Roadway,Non-Junction,N,Not at Intersection,State,Paved,Dry,None, , ,None, , ,N,N, , , , ,0,0,2,0,0,0,0,0,2,0,0,0,2.000000000000000,0.000000000000000,0,1,0,10000,"Mapped, On Network",-81.209071069700002,28.451375443300002,672779.892813000013120,497010.841621999978088,8/13/2018 4:09:52 PM,6319_6945
548,549,1,548,8330,87251477,FHPD18OFF081959,FHP,Short,8/14/2018 0:00:00,04:55 PM,Orlando,Orange,SR 408 WB EXIT RAMP,S GOLDENROD RD,15,East,Rear End,2,0,0,0,N,Y,N,750.000000000000000,Clear,Daylight,0,Rear End,W,Property Damage Only,N,Front to Rear,Motor Vehicle in Transport,On Roadway,Non-Junction,N,Not at Intersection,County,Curb,Dry,None, , ,None, , ,N,N, , , , ,0,0,1,0,0,0,0,0,0,0,0,0,0.000000000000000,0.000000000000000,0,1,0,750,"Mapped, On Network",-81.289698147099998,28.539674302000002,664685.339437999995425,506638.830771000008099,7/23/2020 7:08:45 PM,6881_8431
549,550,1,549,8427,87225425,FHPD18OFF084808,FHP,Long,8/22/2018 0:00:00,07:55 AM,Ocoee,Orange,SR-429-TOLL S,27 MM,0, ,Rear End,2,0,0,2,N,N,N,3000.000000000000000,Cloudy,Daylight,0,Rear End,S,Injury,N,Front to Rear,Motor Vehicle in Transport,On Roadway,Non-Junction,N,Not at Intersection,State,Paved,Dry,None, , ,None, , ,N,N, , , , ,0,0,1,0,0,0,0,2,0,0,0,0,0.000000000000000,0.000000000000000,0,1,0,3000,"Mapped, On Network",-81.537189397600002,28.611302162900000,640360.110748999984935,514084.944017999980133,9/6/2018 10:01:57 PM,7012_8458
550,551,1,550,8503,87225415,FHPD18OFF082123,FHP,Short,8/15/2018 0:00:00,08:33 AM,Orlando,Orange,SR 417 (EXIT RAMP),S JOHN YOUNG PKWY,15,East,Rear End,2,0,0,0,N,Y,N,8000.000000000000000,Cloudy,Daylight,0,Rear End,W,Property Damage Only,N,Front to Rear,Motor Vehicle in Transport,On Roadway,Intersection,N,Other,State,Curb,Dry,None, , ,None, , ,N,N, , , , ,0,0,0,0,0,0,0,0,0,0,0,0,0.000000000000000,0.000000000000000,0,1,0,8000,"Mapped, On Network",-81.420241055700004,28.374780363399999,652321.631062999949791,488056.858353000017814,8/23/2018 11:19:31 PM,8107_8280
551,552,1,551,8523,87240818,FHPD18OFF082870,FHP,Long,8/17/2018 0:00:00,03:30 AM,Orlando Expwy Auth,Orange,EB SR-408,DEAN ROAD,0,West,Off Road,1,0,0,0,N,Y,N,12000.000000000000000,Clear,Dark - Lighted,0,Off Road,E,Property Damage Only,Y,Other,"Other Post, Pole or Support",Shoulder,Non-Junction,N,Not at Intersection,State,Paved,Dry,None, , ,None, , ,N,N, , , , ,0,0,0,0,0,0,0,0,0,0,0,0,0.000000000000000,0.000000000000000,0,1,0,12000,"Mapped, On Network",-81.251645040400007,28.547259785000001,668382.182708999956958,507563.285144000023138,8/28/2018 1:37:39 PM,8027_6269
552,553,1,552,8524,87240817,FHPD18OFF082494,FHP,Long,8/16/2018 0:00:00,07:57 AM,Orlando Expwy Auth,Orange,SB SR-429,WEST ROAD,5280,North,Rear End,2,0,0,0,N,N,N,12500.000000000000000,Clear,Daylight,0,Rear End,S,Property Damage Only,Y,Front to Rear,Motor Vehicle in Transport,On Roadway,Non-Junction,N,Not at Intersection,State,Paved,Dry,None, , ,None, , ,N,N, , , , ,0,0,0,0,0,0,0,0,0,0,0,0,0.000000000000000,0.000000000000000,0,1,0,12500,"Mapped, On Network",-81.537543185000004,28.606389568600001,640336.480853999964893,513538.794062000000849,8/30/2018 5:05:25 PM,7012_8458
553,554,1,553,8526,87240814,FHPD18OFF081767,FHP,Long,8/14/2018 0:00:00,08:38 AM,Orlando Expwy Auth,Orange,EB SR-408,CR-431,0,East,Rear End,4,0,0,1,N,N,N,29500.000000000000000,Clear,Daylight,0,Rear End,E,Injury,Y,Front to Rear,Motor Vehicle in Transport,On Roadway,Non-Junction,N,Not at Intersection,State,Paved,Dry,None, , ,None, , ,N,N, , , , ,0,0,0,0,0,0,0,0,1,0,0,0,0.000000000000000,0.000000000000000,0,2,0,29500,"Mapped, On Network",-81.451848179899997,28.548206826000001,648832.677411000011489,507248.581592999980785,8/29/2018 1:56:40 PM,8205_6294
554,555,1,554,8527,87240809,FHPD18OFF082173,FHP,Long,8/15/2018 0:00:00,11:05 AM,Orlando Expwy Auth,Orange,WB SR-408,SR-551,5280,West,Sideswipe,2,0,0,2,N,N,N,2100.000000000000000,Clear,Daylight,0,Same Direction Sideswipe,W,Injury,Y,"Sideswipe, Same Direction",Motor Vehicle in Transport,On Roadway,Non-Junction,N,Not at Intersection,State,Paved,Dry,None, , ,None, , ,N,N, , , , ,0,0,1,0,0,0,0,2,0,0,0,0,0.000000000000000,0.000000000000000,0,0,0,2100,"Mapped, On Network",-81.289620956500002,28.539853418000000,664692.439406999968924,506658.883534000022337,8/30/2018 2:44:24 PM,8427_6883
555,556,1,555,8528,87229942,FHPD18OFF082754,FHP,Long,8/16/2018 0:00:00,06:24 PM,Orlando Expwy Auth,Orange,STATE ROAD 429 SB MM24,CROWN PARK CIR,0,North,Rear End,2,0,0,0,N,N,N,4000.000000000000000,Clear,Daylight,0,Rear End,S,Property Damage Only,Y,Front to Rear,Motor Vehicle in Transport,On Roadway,Non-Junction,N,Not at Intersection,State,Paved,Dry,None, , ,None, , ,N,N, , , , ,0,0,0,0,0,0,0,0,0,0,0,0,0.000000000000000,0.000000000000000,0,1,0,4000,"Mapped, On Network",-81.557483144000003,28.582838967200001,638442.391605000011623,510885.181550999986939,8/27/2018 4:37:17 PM,6248_5993
556,557,1,556,8529,87229940,FHPD18OFF082260,FHP,Long,8/15/2018 0:00:00,03:16 PM,Orlando Expwy Auth,Orange,STATE ROAD 417 SB,UNIVERSITY BLVD,100,North,Other,1,0,0,0,N,N,N,2000.000000000000000,Cloudy,Daylight,0,Single Vehicle,S,Property Damage Only,Y,Other,Motor Vehicle in Transport,On Roadway,Non-Junction,N,Not at Intersection,State,Paved,Wet,Road Surface Condition, , ,None, , ,N,N, , , , ,0,0,0,0,0,0,0,0,0,0,0,0,0.000000000000000,0.000000000000000,0,0,0,2000,"Mapped, On Network",-81.250468911200002,28.599269091899998,668368.240408999961801,513340.332539999973960,8/27/2018 4:39:05 PM,8565_8588
557,558,1,557,8530,87229939,FHPD18OFF082020,FHP,Long,8/14/2018 0:00:00,08:04 PM,Orlando Expwy Auth,Orange,STATE ROAD 408 WB OFF RAMP,OLD WINTER GARDEN RD,200,South,Off Road,1,0,0,1,N,N,N,10000.000000000000000,Clear,Dusk,0,Off Road,W,Injury,Y,Other,Tree (standing),Off Roadway,Entrance/Exit Ramp,N,Not at Intersection,State,Paved,Dry,None, , ,None, , ,N,N, , , , ,0,0,1,0,0,0,0,0,1,0,0,0,1.000000000000000,0.000000000000000,0,0,0,10000,"Mapped, On Network",-81.426858817099998,28.545651465399999,651278.512886999989860,507015.528287999972235,8/23/2018 11:18:21 PM,8237_6011
558,559,1,558,8531,87229938,FHPD18OFF081678,FHP,Long,8/13/2018 0:00:00,08:48 PM,Orlando Expwy Auth,Orange,STATE ROAD 417 SB,STATE ROAD 408,0,North,Unknown,2,0,0,0,N,N,N,8000.000000000000000,Clear,Dark - Lighted,0,Unknown, ,Property Damage Only,Y,Angle,Motor Vehicle in Transport,On Roadway,Non-Junction,N,Not at Intersection,State,Paved,Wet,Road Surface Condition, , ,None, , ,N,N, , , , ,0,0,0,0,0,0,0,0,0,0,0,0,0.000000000000000,0.000000000000000,0,0,0,8000,"Mapped, On Network",-81.268397077000003,28.559957449999999,666715.347913000034168,508936.739706999971531,8/27/2018 4:42:30 PM,8572_8453
559,560,1,559,8547,87249536,FHPD18OFF089340,FHP,Long,9/3/2018 0:00:00,04:36 AM,Orlando Expwy Auth,Orange,SR417,31MM,0, ,Rear End,2,0,0,2,N,N,N,17000.000000000000000,Rain,Dark - Lighted,0,Rear End,N,Injury,Y,Front to Rear,Motor Vehicle in Transport,On Roadway,Non-Junction,N,Not at Intersection,State,Paved,Wet,None, , ,None, , ,N,N, , , , ,0,0,1,0,0,0,0,0,2,0,0,0,2.000000000000000,0.000000000000000,0,1,0,17000,"Mapped, On Network",-81.250781124499994,28.532241889900000,668503.711838999995962,505897.754852999991272,9/6/2018 9:28:29 PM,6689_11878
560,561,1,560,8556,87260504,FHPD18OFF088455,FHP,Short,8/31/2018 0:00:00,04:05 PM,Orlando Expwy Auth,Orange,STATE RD 417,LANDSTAR BLVD,100,North,Rear End,3,0,0,0,N,N,N,950.000000000000000,Clear,Daylight,0,Rear End,N,Property Damage Only,N,Front to Rear,Motor Vehicle in Transport,On Roadway,Entrance/Exit Ramp,N,Not at Intersection,State,Paved,Dry,None, , ,None, , ,N,N, , , , ,0,0,3,0,0,0,0,0,0,0,0,0,0.000000000000000,0.000000000000000,0,1,0,950,"Mapped, Not On Network",-81.374719999600003,28.368170024400001,656788.925500000012107,487416.867000000027474,9/6/2018 9:09:42 PM,9178_7997
561,562,1,561,8566,85564170,FHPD18OFF089439,FHP,Long,9/3/2018 0:00:00,01:00 PM,Orlando Expwy Auth,Orange,SR-429,OCOEE - APOPKA RD,5280,North,Off Road,1,0,0,1,N,N,N,5000.000000000000000,Rain,Daylight,0,Off Road,N,Injury,N,Other,Guardrail Face,On Roadway,Non-Junction,N,Not at Intersection,State,Paved,Wet,None, , ,Weather Conditions, , ,N,N, , , , ,0,0,1,0,0,0,0,1,0,0,0,0,0.000000000000000,0.000000000000000,0,0,0,5000,"Mapped, Not On Network",-81.541309999999996,28.633450049699999,639908.972479999996722,516536.065056000021286,9/5/2018 4:32:03 PM,8444_8441
562,563,1,562,8578,87259388,FHPD18OFF086958,FHP,Long,8/27/2018 0:00:00,10:45 PM,Orlando,Orange,STATE ROAD 417 CENTRAL FLORIDA GREENEWAY,MM 26 STATE ROAD 528 BEACHLINE EXPWY,50,North,Other,1,0,0,0,N,N,N,3000.000000000000000,Clear,Dark - Lighted,0,Single Vehicle,S,Property Damage Only,N,Other,Motor Vehicle in Transport,Off Roadway,Non-Junction,Y,Not at Intersection,State,Unpaved,Dry,None, , ,None, , ,N,N, , , , ,0,0,0,0,0,0,0,0,0,0,0,0,0.000000000000000,0.000000000000000,0,0,0,3000,"Mapped, On Network",-81.232665129200001,28.460884057099999,670450.548875999986194,498014.597399000020232,9/13/2018 10:48:25 PM,8546_7092
563,564,1,563,8579,87241667,FHPD18OFF087754,FHP,Long,8/29/2018 0:00:00,06:53 PM,Unincorporated,Orange,STATE ROAD 408(EAST WEST EXPRESSWAY),STATE ROAD 434 (ALAFAYA TRAIL),200,West,Off Road,2,0,0,1,Y,Y,Y,3500.000000000000000,Clear,Daylight,0,Off Road,W,Injury,N,Other,Utility Pole/Light Support,Off Roadway,Non-Junction,N,Not at Intersection,State,Paved,Dry,None, , ,None, , ,N,N, , , , ,0,0,3,0,0,0,0,1,0,0,0,0,1.000000000000000,0.000000000000000,0,3,0,3500,"Mapped, On Network",-81.209064482200006,28.549044174100001,672535.067413000040688,507854.791452999983449,9/5/2018 4:30:05 PM,8043_6946
564,565,1,564,8594,87279581,FHPD18OFF088964,FHP,Long,9/1/2018 0:00:00,10:10 PM,Orlando,Orange,SR-528,MILE MARKER 24,0, ,Unknown,2,0,0,1,N,Y,N,10500.000000000000000,Cloudy,Dark - Lighted,0,Unknown,W,Injury,N,Front to Rear,Motor Vehicle in Transport,On Roadway,Non-Junction,N,Not at Intersection,State,Paved,Dry,None, , ,None, , ,N,N, , , , ,0,0,2,0,0,0,0,1,0,0,0,0,1.000000000000000,0.000000000000000,0,3,0,10500,"Mapped, On Network",-81.099711047400007,28.451639449999998,683465.902566000004299,497286.803628000023309,9/6/2018 9:25:35 PM,8112_6073
565,566,1,565,8606,87260507,FHPD18OFF088916,FHP,Short,9/1/2018 0:00:00,07:30 PM,Orlando Expwy Auth,Orange,STATE RD 408,POWERS DR,500,West,Other,1,0,0,0,N,N,N,5000.000000000000000,Rain,Dusk,0,Single Vehicle,E,Property Damage Only,N,Other,Other Non-Collision,On Roadway,Non-Junction,N,Not at Intersection,State,Paved,Wet,Road Surface Condition, , ,Weather Conditions, , ,N,Y,Intermittent or Moving Work,Activity Area,N,N,0,0,1,0,0,0,0,0,0,0,0,0,0.000000000000000,0.000000000000000,0,0,0,5000,"Mapped, On Network",-81.469188211599999,28.548967087400001,647137.890728999977000,507298.124323000025470,9/13/2018 10:50:59 PM,8146_6068
566,567,1,566,8607,87260506,FHPD18OFF088901,FHP,Long,9/1/2018 0:00:00,06:26 PM,Orlando Expwy Auth,Orange,STATE RD 429,WEST RD,5280,South,Rear End,2,0,0,0,N,N,N,8500.000000000000000,Cloudy,Daylight,0,Rear End,N,Property Damage Only,N,Front to Rear,Motor Vehicle in Transport,On Roadway,Non-Junction,N,Not at Intersection,State,Paved,Dry,None, , ,None, , ,N,N, , , , ,0,0,1,0,0,0,0,0,0,0,0,0,0.000000000000000,0.000000000000000,0,1,0,8500,"Mapped, On Network",-81.557471594600003,28.590052248799999,638427.652835999964736,511686.120903000002727,9/6/2018 8:58:50 PM,6089_6220
567,568,1,567,8729,87254686,FHPD18OFF089089,FHP,Long,9/2/2018 0:00:00,12:00 PM,Orlando Expwy Auth,Orange,SR-408,GOLDENROD ROAD,10,West,Off Road,1,0,0,0,N,N,N,1400.000000000000000,Other,Unknown,0,Off Road,E,Property Damage Only,N,Other,Traffic Signal Support,Median,Non-Junction,N,Not at Intersection,Turnpike/Toll,Curb,Unknown,None, , ,None, , ,N,N, , , , ,0,0,0,0,0,0,0,0,0,0,0,0,0.000000000000000,0.000000000000000,0,0,0,1400,"Mapped, On Network",-81.289526001100000,28.539594554099999,664702.342988000018522,506630.345944000000600,9/5/2018 4:18:43 PM,6881_8431
568,569,1,568,8746,87738372,2018-00333633,Orlando PD,Long,8/28/2018 0:00:00,09:04 AM,Orlando,Orange,SR 408,ROSALIND AVE,0, ,Rear End,2,0,0,1,N,Y,N,2.000000000000000,Clear,Daylight,0,Rear End,W,Injury,Y,Front to Rear,Motor Vehicle in Transport,On Roadway,Entrance/Exit Ramp,N,Not at Intersection,Turnpike/Toll,Paved,Dry,None, , ,None, , ,N,N, , , , ,0,0,0,0,0,0,0,0,1,0,0,0,0.000000000000000,0.000000000000000,0,0,0,2,"Mapped, On Network",-81.365978328899999,28.537327337699999,657242.610381999984384,506216.819985000009183,9/13/2018 2:23:02 PM,8309_8313
569,570,1,569,8747,86616599,2018-00334247,Orlando PD,Long,8/28/2018 0:00:00,04:43 PM,Orlando,Orange,SR 408 EASTBOUND,CONWAY RD,1300,West,Rear End,2,0,0,0,N,N,N,3500.000000000000000,Rain,Daylight,0,Rear End,E,Property Damage Only,Y,Front to Rear,Motor Vehicle in Transport,On Roadway,Entrance/Exit Ramp,N,Not at Intersection,Turnpike/Toll,Paved,Wet,Road Surface Condition, , ,Weather Conditions, , ,N,N, , , , ,0,0,0,0,0,0,0,0,0,0,0,0,0.000000000000000,0.000000000000000,0,0,0,3500,"Mapped, On Network",-81.324667131599995,28.539194430799999,661271.999182999948971,506510.976595000014640,9/13/2018 2:18:58 PM,8348_7102
570,571,1,570,8762,87289756,FHPD18OFF087231,FHP,Long,8/28/2018 0:00:00,04:38 PM,Orlando Expwy Auth,Orange,STATE ROAD 417 NB MM26,LEE VISTA BLVD,5280,South,Rear End,2,0,0,0,N,N,N,6000.000000000000000,Rain,Daylight,0,Rear End,N,Property Damage Only,Y,Front to Rear,Motor Vehicle in Transport,On Roadway,Non-Junction,N,Not at Intersection,State,Paved,Wet,Road Surface Condition, , ,None, , ,N,N, , , , ,0,0,0,0,0,0,0,0,0,0,0,0,0.000000000000000,0.000000000000000,0,1,0,6000,"Mapped, On Network",-81.235462329599997,28.466615210499999,670162.957582999952137,498644.787026999983937,9/6/2018 9:36:51 PM,6173_8544
571,572,1,571,8764,87289755,FHPD18OFF087184,FHP,Short,8/28/2018 0:00:00,03:12 PM,Orlando Expwy Auth,Orange,STATE ROAD 417 NB MM35,UNIVERSITY BLVD,5280,South,Sideswipe,2,0,0,0,N,N,N,4000.000000000000000,Cloudy,Daylight,0,Same Direction Sideswipe,N,Property Damage Only,Y,"Sideswipe, Same Direction",Motor Vehicle in Transport,On Roadway,Non-Junction,N,Not at Intersection,State,Paved,Wet,None, , ,None, , ,N,N, , , , ,0,0,0,0,0,0,0,0,0,0,0,0,0.000000000000000,0.000000000000000,0,0,0,4000,"Mapped, On Network",-81.254842717299994,28.588092227400001,667969.034987000050023,512089.878197000012733,9/10/2018 3:26:13 PM,6317_6318
572,573,1,572,8767,87240822,FHPD18OFF084906,FHP,Long,8/22/2018 0:00:00,01:10 PM,Orlando Expwy Auth,Orange,EB SR-408,HIAWASSEE ROAD,0,East,Off Road,1,0,0,0,N,N,N,8000.000000000000000,Rain,Daylight,0,Off Road,E,Property Damage Only,Y,Other,Guardrail Face,On Roadway,Non-Junction,N,Not at Intersection,County,Paved,Water (standing/moving),Road Surface Condition, , ,None, , ,N,N, , , , ,0,0,0,0,0,0,0,0,0,0,0,0,0.000000000000000,0.000000000000000,0,0,0,8000,"Mapped, On Network",-81.473888263500001,28.548327228400002,646680.442849999992177,507217.668434999999590,8/29/2018 12:27:50 PM,8144_8146
573,574,1,573,8768,87206181,FHPK18OFF062391,FHP,Long,8/23/2018 0:00:00,05:00 PM,Winter Garden,Orange,SR 429 (WESTERN EXPRESSWAY),SR 91 (FLORIDAS TURNPIKE),5280,North,Rear End,2,0,0,1,N,N,N,5000.000000000000000,Rain,Daylight,0,Rear End,S,Injury,N,Front to Rear,Motor Vehicle in Transport,On Roadway,Non-Junction,N,Not at Intersection,Turnpike/Toll,Paved,Wet,None, , ,None, , ,N,N, , , , ,0,0,1,0,0,0,0,1,0,0,0,0,1.000000000000000,0.000000000000000,0,1,0,5000,"Mapped, On Network",-81.559358427299998,28.561050024299998,638307.236646999954246,508462.247162999992725,9/6/2018 1:50:33 PM,8500_8421
574,575,1,574,8773,87259383,FHPD18OFF085910,FHP,Long,8/25/2018 0:00:00,04:00 AM,Orlando,Orange,STATE ROAD 408 EAST-WEST EXPRESSWAY,MILE MARKER 20 ROUSE ROAD,300,East,Off Road,1,0,0,0,N,N,N,5000.000000000000000,Clear,Dark - Lighted,0,Off Road,W,Property Damage Only,N,Unknown,Guardrail Face,Off Roadway,Non-Junction,N,Not at Intersection,State,Paved,Dry,None, , ,None, , ,N,N, , , , ,0,0,0,0,0,0,0,0,0,0,0,0,0.000000000000000,0.000000000000000,0,0,0,5000,"Mapped, On Network",-81.221680334799998,28.547637955100001,671306.855607999954373,507670.843261000001803,8/29/2018 11:40:13 AM,8057_6045
575,576,1,575,8800,87941010,2018-00323643,Orlando PD,Long,8/21/2018 0:00:00,08:02 AM,Orlando,Orange,SR 408 EBO,I4 EBO ENTRANCE RAMP,75,West,Rear End,2,0,0,0,N,N,N,2250.000000000000000,Clear,Daylight,0,Rear End,E,Property Damage Only,Y,Angle,Motor Vehicle in Transport,On Roadway,Non-Junction,N,Not at Intersection,State,Paved,Dry,None, , ,None, , ,N,N, , , , ,0,0,0,0,0,0,0,0,0,0,0,0,0.000000000000000,0.000000000000000,0,0,0,2250,"Mapped, On Network",-81.390098045100004,28.535118987200001,654892.585367999970913,505921.539485000015702,8/30/2018 9:08:33 PM,8267_6679
576,577,1,576,8823,87240820,FHPD18OFF084804,FHP,Long,8/22/2018 0:00:00,06:45 AM,Orlando Expwy Auth,Orange,WB SR-408,DEAN ROAD,5280,West,Rear End,5,0,0,1,N,N,N,20700.000000000000000,Clear,Daylight,0,Rear End,W,Injury,Y,Front to Rear,Motor Vehicle in Transport,On Roadway,Non-Junction,N,Not at Intersection,State,Paved,Dry,None, , ,None, , ,N,N, , , , ,0,0,1,0,0,0,0,1,0,0,0,0,1.000000000000000,0.000000000000000,0,2,0,20700,"Mapped, On Network",-81.252204241599998,28.547562602100001,668326.835361000034027,507595.689462999987882,8/31/2018 8:02:50 PM,8013_8024
577,578,1,577,8858,87260497,FHPD18OFF086061,FHP,Short,8/25/2018 0:00:00,03:00 PM,Orlando Expwy Auth,Orange,STATE RD 408,HIAWASSEE RD,5280,East,Unknown,2,0,0,0,N,N,N,6500.000000000000000,Rain,Daylight,0,Unknown, ,Property Damage Only,N,Angle,Other Non-Collision,On Roadway,Non-Junction,N,Not at Intersection,State,Paved,Wet,Road Surface Condition, , ,Weather Conditions, , ,N,Y,Intermittent or Moving Work,Activity Area,N,N,0,0,0,0,0,0,0,0,0,0,0,0,0.000000000000000,0.000000000000000,0,1,0,6500,"Mapped, On Network",-81.474772973900002,28.548216498900000,646594.312788999988697,507203.604378000018187,9/6/2018 2:30:04 PM,8144_8146
578,579,1,578,8861,87224532,FHPK18OFF061153,FHP,Long,8/18/2018 0:00:00,07:20 PM,Winter Garden,Orange,STATE ROAD 429,MM13,0, ,Rollover,1,0,0,1,N,N,N,13000.000000000000000,Cloudy,Dusk,0,Rollover,N,Injury,N,Other,Overturn/Rollover,Shoulder,Non-Junction,Y,Not at Intersection,Turnpike/Toll,Paved,Dry,None, , ,None, , ,N,N, , , , ,0,0,0,0,0,0,0,0,0,1,0,0,1.000000000000000,0.000000000000000,0,3,0,13000,"Mapped, On Network",-81.642278211399997,28.445642459199998,630456.886612999951467,495490.350932999979705,9/6/2018 2:46:21 PM,9706_9710
579,580,1,579,8868,87254683,FHPD18OFF087004,FHP,Long,8/28/2018 0:00:00,07:15 AM,Orlando Expwy Auth,Orange,SR-528,MM25.5,60,West,Off Road,1,0,0,0,N,N,N,2300.000000000000000,Clear,Daylight,0,Off Road,E,Property Damage Only,N,Other,Cable Barrier,Median,Non-Junction,N,Not at Intersection,Turnpike/Toll,Paved,Wet,None, , ,None, , ,N,N, , , , ,0,0,0,0,0,0,0,0,0,0,0,0,0.000000000000000,0.000000000000000,0,1,0,2300,"Mapped, On Network",-81.067853567399993,28.451851746500001,686578.416868999949656,497384.007533999974839,9/4/2018 1:35:05 PM,8109_6321
580,581,1,580,8892,87249529,FHPD18OFF086582,FHP,Long,8/27/2018 0:00:00,07:44 AM,Orlando Expwy Auth,Orange,SR-429-TOLL N,26MM,0, ,Off Road,1,0,0,1,N,N,N,5000.000000000000000,Clear,Daylight,0,Off Road,N,Injury,Y,Other,Guardrail Face,Off Roadway,Non-Junction,N,Not at Intersection,State,Paved,Dry,None, , ,None, , ,N,N, , , , ,0,0,0,0,0,0,0,0,1,0,0,0,1.000000000000000,0.000000000000000,0,1,0,5000,"Mapped, On Network",-81.553673004900006,28.597496703400001,638782.003922999952920,512520.055102000012994,8/29/2018 12:24:56 PM,6089_6220
581,582,1,581,8904,87226174,FHPK18OFF062406,FHP,Long,8/23/2018 0:00:00,06:03 PM,Winter Garden,Orange,SR 429,MM 21,0, ,Rear End,2,0,0,0,N,N,N,2.000000000000000,Cloudy,Daylight,0,Rear End,S,Property Damage Only,N,Front to Rear,Motor Vehicle in Transport,On Roadway,Non-Junction,N,Not at Intersection,Turnpike/Toll,Paved,Wet,None, , ,None, , ,N,N, , , , ,0,0,0,0,0,0,0,0,0,0,0,0,0.000000000000000,0.000000000000000,0,0,0,2,"Mapped, On Network",-81.557181216299995,28.541718301900001,638562.320992000051774,506319.978581000003032,8/30/2018 8:36:45 PM,8529_8524