FID,OBJECTID_1,Join_Count,TARGET_FID,OBJECTID,HSMV_Repor,Agency_Rep,Reporting_,Form_Type,Crash_Date,Crash_Time,City,County,Crash_Stre,Intersecti,Offset_Dis,Offset_Dir,Crash_Type,Vehicles,Non_Motori,Fatalities,Injuries,Alcohol_Re,Distractio,Drug_Relat,Estimated_,Weather_Co,Light_Cond,Street_Num,Crash_Ty_1,Crash_Ty_2,Crash_Seve,Within_Cit,Manner_of_,First_Harm,First_HE_L,First_HE_R,First_HE_W,Type_of_In,Road_Sys_I,Type_of_Sh,Road_Surf_,Contrib_Ci,Contrib__1,Contrib__2,Contrib__3,Contrib__4,Contrib__5,School_Bus,Work_Zone_,Type_of_Wo,Loc_in_Wor,Workers_in,Law_Enforc,Mopeds,Motorcycle,Passengers,Bicyclists,Pedestrian,Fataliti_1,Injuries_U,Possible_I,Non_Incapa,Incapacita,Fataliti_2,Non_Traffi,Transporte,Transpor_1,Transpor_2,Citations,Property_D,Vehicle_Dm,S4_Mapping,S4_Decimal,S4_Decim_1,S4_Albers_,S4_Albers1,S4_Mappi_1,zone_id_st
582,583,1,582,8925,87249530,FHPD18OFF086658,FHP,Long,8/27/2018 0:00:00,09:51 AM,Orlando Expwy Auth,Orange,SR417 EXIT RAMP,SR408,0, ,Rear End,2,0,0,1,N,N,N,8000.000000000000000,Clear,Daylight,0,Rear End,S,Injury,Y,"Sideswipe, Same Direction",Motor Vehicle in Transport,On Roadway,Non-Junction,N,Not at Intersection,State,Paved,Dry,None, , ,None, , ,N,N, , , , ,0,0,0,0,0,0,0,1,0,0,0,0,0.000000000000000,0.000000000000000,0,1,0,8000,"Mapped, Not On Network",-81.258260000199996,28.547800025099999,667734.991799999959767,507608.887600000016391,8/31/2018 7:59:52 PM,11876_8570
583,584,1,583,8955,87285711,FHPD18OFF084777,FHP,Long,8/22/2018 0:00:00,04:18 AM,Orlando,Orange,STATE ROAD 417(CENTRAL FLORIDA GREENEWAY),MM 24,0, ,Off Road,1,0,0,0,N,Y,N,5000.000000000000000,Cloudy,Dawn,0,Off Road,S,Property Damage Only,N,Unknown,Ditch,Off Roadway,Non-Junction,N,Not at Intersection,State,Paved,Wet,None, , ,None, , ,N,N, , , , ,0,0,0,0,0,0,0,0,0,0,0,0,0.000000000000000,0.000000000000000,0,0,0,5000,"Mapped, On Network",-81.228552332400000,28.429152298399998,670931.617625999962911,494500.496339000004809,8/29/2018 12:33:53 PM,8391_8516
584,585,1,584,8971,87171482,FHPK18OFF062489,FHP,Short,8/24/2018 0:00:00,06:00 AM,Winter Garden,Orange,SR-429 NB MM19,EXIT 19,200,North,Unknown,2,0,0,0,N,N,N,2000.000000000000000,Cloudy,Dark - Lighted,0,Unknown,N,Property Damage Only,N,Other,"Struck by Falling, Shifting Cargo",On Roadway,Non-Junction,N,Not at Intersection,Interstate,Paved,Wet,None, , ,None, , ,N,N, , , , ,0,0,1,0,0,0,0,0,0,0,0,0,0.000000000000000,0.000000000000000,0,0,0,2000,"Mapped, On Network",-81.592659410899998,28.515387572400002,635155.094932000036351,503328.214303000015207,8/29/2018 10:01:19 AM,8494_8462
585,586,1,585,8986,87124157,FHPK18OFF063302,FHP,Short,8/27/2018 0:00:00,08:55 AM,Unincorporated,Orange,STATE ROAD 429 (WESTERN BELTWAY) MM 20,STATE ROAD 91 (FLORIDAS TURNPIKE),5280,South,Rear End,2,0,0,0,N,N,N,4000.000000000000000,Clear,Daylight,0,Rear End,N,Property Damage Only,N,Front to Rear,Motor Vehicle in Transport,On Roadway,Non-Junction,N,Not at Intersection,Turnpike/Toll,Paved,Dry,None, , ,None, , ,N,N, , , , ,0,0,0,0,0,0,0,0,0,0,0,0,0.000000000000000,0.000000000000000,0,3,0,4000,"Mapped, Not On Network",-81.590810000000005,28.515680049299998,635335.092520999955013,503364.217531999980565,8/28/2018 3:06:40 PM,8494_8462
586,587,1,586,9011,87133965,FHPK18OFF065326,FHP,Short,9/4/2018 0:00:00,05:55 AM,Winter Garden,Orange,NB SR-429 20 MM,STONEYBROOK WEST PKWY,0,South,Other,1,0,0,0,N,N,N,350.000000000000000,Cloudy,Dark - Lighted,0,Single Vehicle,N,Property Damage Only,N,Other,Other Non-Collision,On Roadway,Non-Junction,N,Not at Intersection,Turnpike/Toll,Paved,Wet,Debris, , ,None, , ,N,Y,Work on Shoulder or Median,Activity Area,N,N,0,0,1,0,0,0,0,0,0,0,0,0,0.000000000000000,0.000000000000000,0,0,0,350,"Mapped, Not On Network",-81.575236029999999,28.524863469400000,636836.144706999999471,504413.712071000016294,9/5/2018 3:57:45 PM,8462_6231
587,588,1,587,9032,87289758,FHPD18OFF087716,FHP,Short,8/29/2018 0:00:00,05:43 PM,Orlando Expwy Auth,Orange,STATE ROAD 417 MM26,LEE VISTA  BLVD,0,South,Rear End,2,0,0,0,N,N,N,3000.000000000000000,Clear,Daylight,0,Rear End,S,Property Damage Only,Y,Front to Rear,Motor Vehicle in Transport,On Roadway,Non-Junction,N,Not at Intersection,State,Curb,Dry,None, , ,None, , ,N,N, , , , ,0,0,0,0,0,0,0,0,0,0,0,0,0.000000000000000,0.000000000000000,0,1,0,3000,"Mapped, On Network",-81.237352454900005,28.469748141899998,669970.482849000021815,498988.492145999975037,9/6/2018 9:34:30 PM,8546_7092
588,589,1,588,9033,87260503,FHPD18OFF087260,FHP,Long,8/28/2018 0:00:00,05:14 PM,Orlando Expwy Auth,Orange,STATE RD 408,OLD WINTER GARDEN RD,5280,East,Rear End,4,0,0,0,N,N,N,15000.000000000000000,Rain,Dusk,0,Rear End,E,Property Damage Only,N,Front to Rear,Motor Vehicle in Transport,On Roadway,Non-Junction,N,Not at Intersection,State,Paved,Wet,Road Surface Condition, , ,Weather Conditions, , ,N,N, , , , ,0,0,0,0,0,0,0,0,0,0,0,0,0.000000000000000,0.000000000000000,0,1,0,15000,"Mapped, Not On Network",-81.421349999599997,28.545960024999999,651815.678199999965727,507061.025499999988824,9/6/2018 9:48:21 PM,6440_8239
589,590,1,589,9034,87240830,FHPD18OFF087571,FHP,Long,8/29/2018 0:00:00,07:00 AM,Orlando Expwy Auth,Orange,EB SR-528,DALLAS BLVD,10560,West,Off Road,1,0,0,0,N,N,N,2000.000000000000000,Cloudy,Daylight,0,Off Road,E,Property Damage Only,Y,Other,Cable Barrier,Shoulder,Non-Junction,N,Not at Intersection,State,Paved,Wet,None, , ,None, , ,N,N, , , , ,0,0,0,0,0,0,0,0,0,0,0,0,0.000000000000000,0.000000000000000,0,0,0,2000,"Mapped, On Network",-81.112954636100000,28.451544164400001,682171.997061999980360,497245.850575999997091,9/4/2018 1:41:27 PM,6073_8099
590,591,1,590,9050,87941861,2018-00335068,Orlando PD,Short,8/29/2018 0:00:00,08:32 AM,Orlando,Orange,EW WBO,S SEMORAN BV,15840,West,Rear End,2,0,0,0,N,N,N,2300.000000000000000,Clear,Daylight,0,Rear End,W,Property Damage Only,Y,Front to Rear,Motor Vehicle in Transport,On Roadway,Non-Junction,Y,Not at Intersection,State,Paved,Dry,None,None,None,None,None,None,N,N, , , , ,0,0,0,0,0,0,0,0,0,0,0,0,0.000000000000000,0.000000000000000,0,0,0,2300,"Mapped, On Network",-81.327581614799996,28.538589932099999,660988.871201999951154,506437.687547000008635,9/6/2018 9:09:08 PM,8355_8348
591,592,1,591,9055,87268834,FHPD18OFF087407,FHP,Long,8/29/2018 0:00:00,12:15 AM,Orlando,Orange,STATE ROAD 417 SB,MM 14,0, ,Off Road,1,0,0,1,N,N,N,15000.000000000000000,Clear,Dark - Lighted,0,Off Road,S,Injury,N,Other,Guardrail Face,Shoulder,Non-Junction,N,Not at Intersection,State,Paved,Wet,Road Surface Condition, , ,None, , ,N,N, , , , ,0,0,0,0,0,0,0,1,0,0,0,0,0.000000000000000,0.000000000000000,0,0,0,15000,"Mapped, On Network",-81.346607615099998,28.368583194999999,659537.298610999947414,487521.596147999982350,9/4/2018 1:37:18 PM,7095_6630
592,593,1,592,9060,87216798,FHPK18OFF063581,FHP,Short,8/28/2018 0:00:00,03:20 PM,Orlando,Orange,STATE ROAD 408,MILE MARKER 4 (KIRKMAN RD),5280,West,Unknown,2,0,0,0,N,N,N,1700.000000000000000,Rain,Daylight,0,Unknown, ,Property Damage Only,N,Angle,Motor Vehicle in Transport,On Roadway,Non-Junction,N,Not at Intersection,Turnpike/Toll,Paved,Wet,Road Surface Condition, , ,Weather Conditions, , ,N,N, , , , ,0,0,0,0,0,0,0,0,0,0,0,0,0.000000000000000,0.000000000000000,0,1,0,1700,"Mapped, On Network",-81.477045013600005,28.548248534599999,646372.400997000047937,507202.619978000002448,9/13/2018 4:38:14 PM,8144_8146
593,594,1,593,9061,87240828,FHPD18OFF086996,FHP,Short,8/28/2018 0:00:00,07:00 AM,Orlando Expwy Auth,Orange,EB SR-408,SR-423,5280,West,Other,2,0,0,0,N,N,N,16000.000000000000000,Cloudy,Daylight,0,Other,E,Property Damage Only,Y,"Sideswipe, Same Direction",Motor Vehicle in Transport,On Roadway,Non-Junction,N,Not at Intersection,State,Paved,Dry,None, , ,None, , ,N,N, , , , ,0,0,0,0,0,0,0,0,0,0,0,0,0.000000000000000,0.000000000000000,0,1,0,16000,"Mapped, Not On Network",-81.416920000399998,28.544940024900001,652250.595100000035018,506956.827500000013970,9/13/2018 5:02:33 PM,8215_6440
594,595,1,594,9062,87940826,2018-00334883,Orlando PD,Long,8/29/2018 0:00:00,06:07 AM,Orlando,Orange,SR408 (EW WBO),S CRYSTAL LAKE DR,0,West,Sideswipe,2,0,0,0,N,N,N,1000.000000000000000,Cloudy,Dark - Lighted,0,Same Direction Sideswipe,W,Property Damage Only,Y,"Sideswipe, Same Direction",Motor Vehicle in Transport,On Roadway,Non-Junction,N,Not at Intersection,State,Paved,Dry,None, , ,None, , ,N,N, , , , ,0,0,1,0,0,0,0,0,0,0,0,0,0.000000000000000,0.000000000000000,0,1,0,1000,"Mapped, On Network",-81.343572675399997,28.538452341500001,659427.752729000058025,506388.667807999998331,9/13/2018 10:11:59 PM,8353_6185
595,596,1,595,9072,87266295,FHPD18OFF087531,FHP,Long,8/29/2018 0:00:00,10:44 AM,Unincorporated,Orange,SR 528,SR 520,0,East,Off Road,1,0,0,0,N,N,N,6000.000000000000000,Rain,Daylight,0,Off Road,E,Property Damage Only,N,Other,Guardrail Face,Median,Non-Junction,N,Not at Intersection,State,Paved,Wet,None, , ,None, , ,N,N, , , , ,0,0,0,0,0,0,0,0,0,0,0,0,0.000000000000000,0.000000000000000,0,0,0,6000,"Mapped, On Network",-80.973773700999999,28.452521669199999,695769.832873999956064,497680.529557999980170,9/4/2018 1:38:25 PM,8083_6824
596,597,1,596,9076,87735165,2018-00322299,Orlando PD,Short,8/20/2018 0:00:00,08:34 AM,Orlando,Orange,(S.R. 408) EAST-WEST EXPY. WB,ROSALIND AV. (EXIT 11A),0,East,Rear End,2,0,0,0,N,N,N,4000.000000000000000,Clear,Daylight,0,Rear End,W,Property Damage Only,Y,Front to Rear,Motor Vehicle in Transport,On Roadway,Non-Junction,N,Not at Intersection,State,Paved,Dry,None, , ,None, , ,N,N, , , , ,0,0,0,0,0,0,0,0,0,0,0,0,0.000000000000000,0.000000000000000,0,0,0,4000,"Mapped, On Network",-81.360671892599996,28.538073733800001,657758.992047999985516,506310.773417000018526,9/5/2018 2:26:17 PM,8309_8313
597,598,1,597,9082,87260501,FHPD18OFF086901,FHP,Long,8/27/2018 0:00:00,06:24 PM,Orlando Expwy Auth,Orange,STATE RD 417,STATE RD 423 JOHN YOUNG PKWY,5280,South,Rear End,2,0,0,0,N,N,N,4000.000000000000000,Cloudy,Dusk,0,Rear End,N,Property Damage Only,N,Front to Rear,Motor Vehicle in Transport,On Roadway,Non-Junction,N,Not at Intersection,State,Paved,Wet,Road Surface Condition, , ,Weather Conditions, , ,N,N, , , , ,0,0,0,0,0,0,0,0,0,0,0,0,0.000000000000000,0.000000000000000,0,1,0,4000,"Mapped, On Network",-81.435494863599999,28.364070063800000,650854.633596000028774,486836.544636000005994,9/6/2018 9:49:06 PM,6959_8287
598,599,1,598,9083,87260502,FHPD18OFF087244,FHP,Short,8/28/2018 0:00:00,04:53 PM,Orlando Expwy Auth,Orange,STATE RD 417,STATE RD 528,5280,North,Rear End,2,0,0,0,N,N,N,5500.000000000000000,Rain,Daylight,0,Rear End,N,Property Damage Only,N,Front to Rear,Motor Vehicle in Transport,On Roadway,Non-Junction,N,Not at Intersection,State,Paved,Wet,Road Surface Condition, , ,Weather Conditions, , ,N,N, , , , ,0,0,1,0,0,0,0,0,0,0,0,0,0.000000000000000,0.000000000000000,0,1,0,5500,"Mapped, On Network",-81.238334303499997,28.473612564900002,669864.940466000000015,499415.404061999986880,9/6/2018 9:50:26 PM,6173_8544
599,600,1,599,9112,87249534,FHPD18OFF088349,FHP,Short,8/31/2018 0:00:00,11:59 AM,Orlando Expwy Auth,Orange,SR408,18MM,0, ,Rear End,2,0,0,0,N,N,N,3000.000000000000000,Clear,Daylight,0,Rear End,W,Property Damage Only,Y,"Sideswipe, Same Direction",Motor Vehicle in Transport,On Roadway,Non-Junction,N,Not at Intersection,State,Paved,Dry,None, , ,None, , ,N,N, , , , ,0,0,0,0,0,0,0,0,0,0,0,0,0.000000000000000,0.000000000000000,0,1,0,3000,"Mapped, On Network",-81.253035650499996,28.547565108200001,668245.654134999960661,507594.158883000025526,9/6/2018 9:50:53 PM,8013_8024
600,601,1,600,9113,87249533,FHPD18OFF088244,FHP,Long,8/31/2018 0:00:00,06:35 AM,Orlando Expwy Auth,Orange,SR-528-TOLL E,15MM,0, ,Unknown,2,0,0,0,N,N,N,5000.000000000000000,Clear,Dark - Not Lighted,0,Unknown,W,Property Damage Only,Y,"Sideswipe, Same Direction",Motor Vehicle in Transport,On Roadway,Non-Junction,N,Not at Intersection,State,Paved,Dry,None, , ,None, , ,N,N, , , , ,0,0,0,0,0,0,0,0,0,0,0,0,0.000000000000000,0.000000000000000,0,1,0,5000,"Mapped, On Network",-81.245713933700003,28.451435189200001,669198.942858000053093,496936.950657000008505,9/13/2018 8:30:07 PM,8007_6663
601,602,1,601,9114,87254679,FHPD18OFF086348,FHP,Long,8/26/2018 0:00:00,12:30 PM,Orlando Expwy Auth,Orange,SR-408,GOOD HOMES ROAD,5280,East,Off Road,1,0,0,1,N,N,N,1600.000000000000000,Clear,Daylight,0,Off Road,W,Injury,N,Other,Guardrail End,On Roadway,Non-Junction,N,Not at Intersection,Turnpike/Toll,Paved,Dry,None, , ,None, , ,N,N, , , , ,0,0,0,0,0,0,0,0,1,0,0,0,1.000000000000000,0.000000000000000,0,0,0,1600,"Mapped, Not On Network",-81.504737924899999,28.546243768099998,643673.000000000000000,506925.000000000000000,9/4/2018 1:34:11 PM,8156_8150
602,603,1,602,9129,87240829,FHPD18OFF087463,FHP,Long,8/29/2018 0:00:00,07:42 AM,Orlando Expwy Auth,Orange,WB SR-408,SR-551,0,East,Rear End,3,0,0,1,N,N,N,10200.000000000000000,Cloudy,Daylight,0,Rear End,W,Injury,Y,Front to Rear,Motor Vehicle in Transport,On Roadway,Non-Junction,N,Not at Intersection,State,Paved,Wet,None, , ,None, , ,N,N, , , , ,0,0,2,0,0,0,0,1,0,0,0,0,0.000000000000000,0.000000000000000,0,1,0,10200,"Mapped, Not On Network",-81.289699999600003,28.539670024799999,664685.168999999994412,506638.351900000008754,9/6/2018 9:51:46 PM,6881_8431
603,604,1,603,9130,87240826,FHPD18OFF086645,FHP,Long,8/27/2018 0:00:00,09:20 AM,Orlando Expwy Auth,Orange,SB SR-417,SR-50,10560,South,Rear End,2,0,0,2,N,N,N,25000.000000000000000,Clear,Daylight,0,Rear End,S,Injury,Y,Front to Rear,Motor Vehicle in Transport,On Roadway,Non-Junction,N,Not at Intersection,State,Paved,Dry,None, , ,None, , ,N,N, , , , ,0,0,0,0,0,0,0,0,2,0,0,0,2.000000000000000,0.000000000000000,0,1,0,25000,"Mapped, Not On Network",-81.412760000199995,28.375160024800000,653052.347999999998137,488114.342699999979232,9/6/2018 9:52:25 PM,8107_8280
604,605,1,604,9131,87240825,FHPD18OFF086587,FHP,Long,8/27/2018 0:00:00,07:50 AM,Orlando Expwy Auth,Orange,WB SR-408,DEAN ROAD,0,East,Rear End,5,0,0,0,N,N,N,23000.000000000000000,Clear,Daylight,0,Rear End,W,Property Damage Only,Y,Front to Rear,Motor Vehicle in Transport,On Roadway,Non-Junction,N,Not at Intersection,State,Paved,Dry,None, , ,None, , ,N,N, , , , ,0,0,0,0,0,0,0,0,0,0,0,0,0.000000000000000,0.000000000000000,0,1,0,23000,"Mapped, Not On Network",-81.244429999800005,28.547170024800000,669086.851000000024214,507569.042699999990873,9/6/2018 9:53:18 PM,6269_8009
605,606,1,605,9138,87254682,FHPD18OFF086804,FHP,Long,8/27/2018 0:00:00,04:01 PM,Orlando Expwy Auth,Orange,SR-417,MM37,0,South,Rear End,2,0,0,0,N,N,N,2100.000000000000000,Cloudy,Daylight,0,Rear End,N,Property Damage Only,N,Front to Rear,Motor Vehicle in Transport,On Roadway,Non-Junction,N,Not at Intersection,Turnpike/Toll,Paved,Dry,None, , ,None, , ,N,N, , , , ,0,0,0,0,0,0,0,0,0,0,0,0,0.000000000000000,0.000000000000000,0,1,0,2100,"Mapped, On Network",-81.250252793100003,28.599430653799999,668388.931087999953888,513358.740744000009727,9/10/2018 3:18:40 PM,8585_8449
606,607,1,606,9139,87289759,FHPD18OFF087782,FHP,Long,8/29/2018 0:00:00,07:55 PM,Orlando Expwy Auth,Orange,STATE ROAD 408 WB MM8,JOHN YOUNG PKWY,0, ,Rear End,2,0,0,1,N,N,N,9000.000000000000000,Clear,Dark - Lighted,0,Rear End,E,Injury,Y,Front to Rear,Motor Vehicle in Transport,On Roadway,Non-Junction,N,Not at Intersection,State,Paved,Dry,None, , ,None, , ,N,N, , , , ,0,0,0,0,0,0,0,0,1,0,0,0,1.000000000000000,0.000000000000000,0,1,0,9000,"Mapped, Not On Network",-81.413888689999993,28.542648529400001,652551.910813999944367,506708.603986000001896,9/6/2018 9:33:32 PM,8219_8213
607,608,1,607,9166,87259901,FHPD18OFF081709,FHP,Long,8/14/2018 0:00:00,01:23 AM,Orlando,Orange,STATE ROAD 408 (EAST WEST EXPRESSWAY),STATE ROAD 434 (SEMORAN BOULEVARD),1500,East,Off Road,2,0,0,0,N,N,N,25000.000000000000000,Clear,Dark - Lighted,0,Off Road,E,Property Damage Only,N,Angle,Concrete Traffic Barrier,On Roadway,Non-Junction,N,Not at Intersection,State,Paved,Dry,None, , ,None, , ,N,N, , , , ,0,0,0,0,0,0,0,0,0,0,0,0,0.000000000000000,0.000000000000000,0,0,0,25000,"Mapped, On Network",-81.209587934400005,28.548679388699998,672484.877622999949381,507813.133527000027243,9/4/2018 1:33:12 PM,6690_8041
608,609,1,608,9178,87268835,FHPD18OFF087402,FHP,Long,8/29/2018 0:00:00,12:00 AM,Orlando,Orange,STATE ROAD 417 SOUTHBOUND,MM 14,0, ,Rear End,2,0,0,2,N,Y,N,2500.000000000000000,Clear,Dark - Lighted,0,Rear End,S,Injury,N,Front to Rear,Motor Vehicle in Transport,On Roadway,Non-Junction,N,Not at Intersection,State,Paved,Wet,Road Surface Condition, , ,None, , ,N,N, , , , ,0,0,0,0,0,0,0,0,2,0,0,0,2.000000000000000,0.000000000000000,0,1,0,2500,"Mapped, Not On Network",-81.351280000000003,28.368930048799999,659079.519825999974273,487550.282522999972571,9/6/2018 9:41:22 PM,8466_7095
609,610,1,609,9206,87254688,FHPD18OFF090957,FHP,Long,9/7/2018 0:00:00,02:05 PM,Orlando Expwy Auth,Orange,SR-417 (MM37.5),ALOMA  AVE,5280,South,Other,1,0,0,0,N,N,N,1600.000000000000000,Rain,Daylight,0,Single Vehicle,N,Property Damage Only,N,Other,Motor Vehicle in Transport,On Roadway,Non-Junction,N,Not at Intersection,Turnpike/Toll,Paved,Wet,None, , ,None, , ,N,N, , , , ,0,0,0,0,0,0,0,0,0,0,0,0,0.000000000000000,0.000000000000000,0,0,0,1600,"Mapped, On Network",-81.255975451099999,28.606756243000000,667812.361925999983214,514159.642435999994632,9/13/2018 9:26:49 PM,5988_6758
610,611,1,610,9212,87289767,FHPD18OFF090831,FHP,Long,9/7/2018 0:00:00,07:45 AM,Orlando Expwy Auth,Orange,STATE ROAD 408 WB MM17,DEAN RD,400,East,Rear End,2,0,0,0,N,N,N,8000.000000000000000,Clear,Daylight,0,Rear End,W,Property Damage Only,Y,Front to Rear,Motor Vehicle in Transport,On Roadway,Non-Junction,N,Not at Intersection,State,Paved,Dry,None, , ,None, , ,N,Y,Work on Shoulder or Median,Activity Area,N,N,0,0,1,0,0,0,0,0,0,0,0,0,0.000000000000000,0.000000000000000,0,1,0,8000,"Mapped, On Network",-81.245673489500007,28.547473828400001,668964.688444999977946,507600.060608999978285,9/10/2018 1:57:44 PM,8005_8013
611,612,1,611,9224,87240835,FHPD18OFF090831,FHP,Short,9/7/2018 0:00:00,07:42 AM,Orlando Expwy Auth,Orange,WB SR-408,SR-551,5280,East,Unknown,2,0,0,0,N,N,N,17000.000000000000000,Clear,Daylight,0,Unknown, ,Property Damage Only,Y,Angle,Motor Vehicle in Transport,On Roadway,Non-Junction,N,Not at Intersection,State,Paved,Dry,None, , ,None, , ,N,N, , , , ,0,0,0,0,0,0,0,0,0,0,0,0,0.000000000000000,0.000000000000000,0,1,0,17000,"Mapped, On Network",-81.280259999500004,28.543347316399998,665597.914342000032775,507066.934842000016943,9/10/2018 1:53:59 PM,6918_8406
612,613,1,612,9225,87240834,FHPD18OFF090838,FHP,Short,9/7/2018 0:00:00,07:46 AM,Orlando Expwy Auth,Orange,WB SR-408,SR-551,5280,East,Rear End,2,0,0,0,N,N,N,9000.000000000000000,Clear,Daylight,0,Rear End,W,Property Damage Only,Y,Other,Motor Vehicle in Transport,On Roadway,Non-Junction,N,Not at Intersection,State,Paved,Dry,None, , ,None, , ,N,N, , , , ,0,0,1,0,0,0,0,0,0,0,0,0,0.000000000000000,0.000000000000000,0,1,0,9000,"Mapped, On Network",-81.280282369199995,28.543332578299999,665595.766268000006676,507065.250310999981593,9/10/2018 1:54:15 PM,6918_8406
613,614,1,613,9229,87254678,FHPD18OFF085701,FHP,Long,8/24/2018 0:00:00,03:19 PM,Orlando Expwy Auth,Orange,SR-528,MM22,0,West,Off Road,1,0,0,0,N,N,N,1800.000000000000000,Rain,Daylight,0,Off Road,E,Property Damage Only,N,Other,Cable Barrier,Median,Non-Junction,N,Not at Intersection,Turnpike/Toll,Paved,Wet,None, , ,Weather Conditions, , ,N,N, , , , ,0,0,0,0,0,0,0,0,0,0,0,0,0.000000000000000,0.000000000000000,0,2,0,1800,"Mapped, On Network",-81.123395206300003,28.451419794700001,681152.071608999976888,497208.195025000022724,8/29/2018 12:58:32 PM,8101_6488
614,615,1,614,9230,87254677,FHPD18OFF085578,FHP,Long,8/24/2018 0:00:00,10:18 AM,Orlando Expwy Auth,Orange,SR-528,MM24,0,East,Unknown,3,0,0,0,N,N,N,3500.000000000000000,Clear,Daylight,0,Unknown,W,Property Damage Only,N,Other,Other Non-Fixed Object,On Roadway,Non-Junction,N,Not at Intersection,Turnpike/Toll,Paved,Dry,None, , ,None, , ,N,N, , , , ,0,0,1,0,0,0,0,0,0,0,0,0,0.000000000000000,0.000000000000000,0,0,0,3500,"Mapped, On Network",-81.087873287999997,28.451821081199999,684622.200175000005402,497334.236581999983173,8/30/2018 1:49:00 PM,6322_8112
615,616,1,615,9237,87254689,FHPD18OFF091062,FHP,Long,9/7/2018 0:00:00,05:14 PM,Orlando Expwy Auth,Orange,SR-417 (MM35),TREVARTHON ROAD,60,South,Unknown,2,0,0,0,N,N,N,3000.000000000000000,Clear,Daylight,0,Unknown, ,Property Damage Only,N,Angle,Motor Vehicle in Transport,On Roadway,Non-Junction,N,Not at Intersection,Turnpike/Toll,Paved,Dry,None, , ,None, , ,N,N, , , , ,0,0,1,0,0,0,0,0,0,0,0,0,0.000000000000000,0.000000000000000,0,1,0,3000,"Mapped, On Network",-81.262209344499993,28.579064517599999,667272.315701000043191,511071.562152999977116,9/13/2018 10:37:39 PM,2531_6046
616,617,1,616,9305,87249528,FHPD18OFF085970,FHP,Long,8/25/2018 0:00:00,10:17 AM,Orlando Expwy Auth,Orange,SR417,11MM,0, ,Unknown,2,0,0,0,N,N,N,9000.000000000000000,Clear,Daylight,0,Unknown,N,Property Damage Only,Y,"Sideswipe, Same Direction",Motor Vehicle in Transport,On Roadway,Non-Junction,N,Not at Intersection,State,Paved,Dry,None, , ,None, , ,N,N, , , , ,0,0,0,0,0,0,0,0,0,0,0,0,0.000000000000000,0.000000000000000,0,1,0,9000,"Mapped, On Network",-81.406563335499996,28.373209825299998,653662.895754000055604,487910.539081999973860,9/10/2018 3:11:44 PM,8280_8017
617,618,1,617,9306,87249527,FHPD18OFF085926,FHP,Long,8/25/2018 0:00:00,07:23 AM,Orlando Expwy Auth,Orange,SR417 EXIT RAMP,SR408,0, ,Other,1,0,0,0,N,N,N,4000.000000000000000,Clear,Dark - Lighted,0,Single Vehicle,N,Property Damage Only,Y,Other,Ran into Water/Canal,Off Roadway,Non-Junction,N,Not at Intersection,State,Paved,Dry,None, , ,None, , ,N,N, , , , ,0,0,0,0,0,0,0,0,0,0,0,0,0.000000000000000,0.000000000000000,0,0,0,4000,"Mapped, Not On Network",-81.258260000199996,28.547800025099999,667734.991799999959767,507608.887600000016391,8/31/2018 8:25:01 PM,11876_8570
618,619,1,618,9345,87283170,FHPD18OFF084277,FHP,Long,8/20/2018 0:00:00,05:28 PM,Orlando,Orange,STATE ROAD 417 NORTHBOUND EXIT RAMP,UNIVERSITY BOULEVARD,0, ,Other,1,1,0,1,N,Y,N,1000.000000000000000,Clear,Daylight,0,Single Vehicle,S,Injury,N,Other,Motor Vehicle in Transport,On Roadway,Intersection,N,Y-Intersection,State,Curb,Dry,None, , ,None, , ,N,N, , , , ,0,0,0,1,0,0,0,0,1,0,0,0,1.000000000000000,0.000000000000000,0,1,0,1000,"Mapped, Not On Network",-81.250079999500002,28.597450024499999,668410.698500000056811,513139.212100000004284,9/5/2018 2:19:41 PM,8588_8118
619,620,1,619,9347,87260495,FHPD18OFF085644,FHP,Long,8/24/2018 0:00:00,01:33 PM,Orlando Expwy Auth,Orange,STATE RD 528,DALLAS BLVD,200,West,Sideswipe,2,0,0,0,N,N,N,5500.000000000000000,Clear,Daylight,0,Same Direction Sideswipe,W,Property Damage Only,N,"Sideswipe, Same Direction",Motor Vehicle in Transport,On Roadway,Non-Junction,N,Not at Intersection,State,Paved,Dry,None, , ,None, , ,N,Y,Work on Shoulder or Median,Activity Area,N,N,0,0,0,0,0,0,0,0,0,0,0,0,0.000000000000000,0.000000000000000,0,1,0,5500,"Mapped, On Network",-81.101094628599995,28.451634005999999,683330.714451999985613,497283.019489000027534,8/31/2018 8:24:49 PM,8112_6073
620,621,1,620,9354,87233568,FHPK18OFF065919,FHP,Long,9/6/2018 0:00:00,12:30 PM,Orlando,Orange,STATE ROAD 417,STATE ROAD 91 (FLORIDAS TURNPIKE),0,North,Off Road,1,0,0,0,N,N,N,8500.000000000000000,Rain,Daylight,0,Off Road,S,Property Damage Only,N,Other,Concrete Traffic Barrier,Shoulder,Non-Junction,Y,Not at Intersection,Interstate,Paved,Wet,None, , ,None, , ,N,N, , , , ,0,0,0,0,0,0,0,0,0,0,0,0,0.000000000000000,0.000000000000000,0,0,0,8500,"Mapped, On Network",-81.378711707799994,28.368382069500001,656398.039192999945953,487432.104752000013832,9/12/2018 1:41:38 PM,8486_9176