FID,OBJECTID_1,Join_Count,TARGET_FID,OBJECTID,HSMV_Repor,Agency_Rep,Reporting_,Form_Type,Crash_Date,Crash_Time,City,County,Crash_Stre,Intersecti,Offset_Dis,Offset_Dir,Crash_Type,Vehicles,Non_Motori,Fatalities,Injuries,Alcohol_Re,Distractio,Drug_Relat,Estimated_,Weather_Co,Light_Cond,Street_Num,Crash_Ty_1,Crash_Ty_2,Crash_Seve,Within_Cit,Manner_of_,First_Harm,First_HE_L,First_HE_R,First_HE_W,Type_of_In,Road_Sys_I,Type_of_Sh,Road_Surf_,Contrib_Ci,Contrib__1,Contrib__2,Contrib__3,Contrib__4,Contrib__5,School_Bus,Work_Zone_,Type_of_Wo,Loc_in_Wor,Workers_in,Law_Enforc,Mopeds,Motorcycle,Passengers,Bicyclists,Pedestrian,Fataliti_1,Injuries_U,Possible_I,Non_Incapa,Incapacita,Fataliti_2,Non_Traffi,Transporte,Transpor_1,Transpor_2,Citations,Property_D,Vehicle_Dm,S4_Mapping,S4_Decimal,S4_Decim_1,S4_Albers_,S4_Albers1,S4_Mappi_1,zone_id_st
621,622,1,621,9361,87229958,FHPD18OFF085697,FHP,Long,8/24/2018 0:00:00,03:14 PM,Orlando Expwy Auth,Orange,STATE ROAD 417 NB MM10,JOHN YOUNG PKWY,0,South,Unknown,3,0,0,0,N,N,N,2000.000000000000000,Clear,Daylight,0,Unknown,N,Property Damage Only,Y,Other,"Struck by Falling, Shifting Cargo",On Roadway,Non-Junction,N,Not at Intersection,State,Paved,Dry,None, , ,None, , ,N,N, , , , ,0,0,0,0,0,0,0,0,0,0,0,0,0.000000000000000,0.000000000000000,0,3,0,2000,"Mapped, On Network",-81.432357800099993,28.367332856600001,651153.906013999949209,487205.206906999985222,8/30/2018 1:11:36 PM,8292_6975
622,623,1,622,9371,87240836,FHPD18OFF090841,FHP,Short,9/7/2018 0:00:00,08:10 AM,Orlando Expwy Auth,Orange,EB SR-408,SR-435,0,East,Rear End,2,0,0,0,N,N,N,14000.000000000000000,Cloudy,Daylight,0,Rear End,E,Property Damage Only,Y,Front to Rear,Motor Vehicle in Transport,On Roadway,Non-Junction,N,Not at Intersection,State,Paved,Dry,None, , ,None, , ,N,N, , , , ,0,0,0,0,0,0,0,0,0,0,0,0,0.000000000000000,0.000000000000000,0,1,0,14000,"Mapped, On Network",-81.448420473900001,28.548234381600000,649167.289451000047848,507258.562462000001688,9/10/2018 1:51:12 PM,8205_6294
623,624,1,623,9373,87240832,FHPD18OFF090098,FHP,Short,9/5/2018 0:00:00,06:28 AM,Orlando Expwy Auth,Orange,WB SR-528,DALLAS BLVD,5280,West,Unknown,2,0,0,0,N,N,N,10500.000000000000000,Clear,Dawn,0,Unknown,W,Property Damage Only,Y,Front to Rear,Motor Vehicle in Transport,On Roadway,Intersection,N,Not at Intersection,State,Paved,Dry,None, , ,None, , ,N,Y,Work on Shoulder or Median,Activity Area,Y,N,0,0,0,0,0,0,0,0,0,0,0,0,0.000000000000000,0.000000000000000,0,1,0,10500,"Mapped, On Network",-81.108321575000005,28.451570820699999,682624.667557999957353,497259.420140000001993,9/10/2018 1:54:50 PM,6073_8099
624,625,1,624,9429,87940543,2018-00303323,Orlando PD,Long,8/6/2018 0:00:00,01:20 PM,Orlando,Orange,S.R 528 (BEE LINE EXPRESSWAY) WEST,S.R 436 (S. SEMORAN BLVD),1000,West,Rear End,2,0,0,1,N,N,N,2001.000000000000000,Clear,Daylight,0,Rear End,W,Injury,Y,Front to Rear,Motor Vehicle in Transport,On Roadway,Non-Junction,N,Not at Intersection,State,Paved,Dry,None, , ,None, , ,N,N, , , , ,0,0,2,0,0,0,0,0,1,0,0,0,0.000000000000000,0.000000000000000,0,0,0,2001,"Mapped, On Network",-81.317636346399993,28.451317629100000,662170.783794000046328,496768.938917000021320,8/30/2018 2:21:40 PM,6947_8301
625,626,1,625,9460,87737009,2018-00307113,Orlando PD,Long,8/9/2018 0:00:00,06:39 AM,Orlando,Orange,SR 528,TRADEPORT DR,5280,East,Rear End,2,0,0,1,N,N,N,6000.000000000000000,Clear,Daylight,0,Rear End,E,Injury,Y,Front to Rear,Motor Vehicle in Transport,On Roadway,Non-Junction,N,Not at Intersection,Turnpike/Toll,Paved,Dry,None, , ,None, , ,N,N, , , , ,0,0,0,0,0,0,0,1,0,0,0,0,0.000000000000000,0.000000000000000,0,0,0,6000,"Mapped, On Network",-81.322242179300005,28.451313852500000,661720.695516000036150,496758.735840999986976,8/27/2018 5:09:47 PM,6947_8301
626,627,1,626,9477,87279561,FHPD18OFF083269,FHP,Long,8/17/2018 0:00:00,11:35 PM,Orlando,Orange,EAST-WEST EXPY,MILE MARKER 5,0, ,Rear End,3,0,0,0,N,Y,N,26000.000000000000000,Clear,Dark - Lighted,0,Rear End,E,Property Damage Only,N,Front to Rear,Motor Vehicle in Transport,On Roadway,Driveway/Alley Access Related,N,Not at Intersection,State,Paved,Dry,Work Zone, , ,None, , ,N,Y,Lane Closure,Transition Area,N,N,0,0,2,0,0,0,0,0,0,0,0,0,0.000000000000000,0.000000000000000,0,1,0,26000,"Mapped, On Network",-81.457375871300002,28.548938225000001,648291.287984000053257,507318.648343999986537,8/23/2018 11:16:24 PM,8208_8205
627,628,1,627,9530,87940376,2018-00299837,Orlando PD,Long,8/3/2018 0:00:00,04:05 PM,Orlando,Orange,SR 528 EASTBOUND,SR 436 (S SEMORAN BV),0, ,Unknown,2,0,0,0,N,N,N,3500.000000000000000,Clear,Daylight,0,Unknown, ,Property Damage Only,Y,"Sideswipe, Same Direction",Motor Vehicle in Transport,On Roadway,Entrance/Exit Ramp,N,Not at Intersection,State,Paved,Dry,None, , ,None, , ,N,N, , , , ,0,0,0,0,0,0,0,0,0,0,0,0,0.000000000000000,0.000000000000000,0,0,0,3500,"Mapped, On Network",-81.299376027099996,28.451346944299999,663955.168311999994330,496811.147961999988183,8/27/2018 4:33:47 PM,8183_6664
628,629,1,628,9549,87738330,2018-00294292,Orlando PD,Long,7/30/2018 0:00:00,06:06 PM,Orlando,Orange,SR-528,TRADEPORT DRIVE,0, ,Rear End,2,0,0,1,N,Y,N,7000.000000000000000,Cloudy,Daylight,0,Rear End,E,Injury,Y,Front to Rear,Motor Vehicle in Transport,On Roadway,Non-Junction,N,Not at Intersection,State,Curb,Wet,None, , ,None, , ,N,N, , , , ,0,0,0,0,0,0,0,1,0,0,0,0,0.000000000000000,0.000000000000000,0,0,0,7000,"Mapped, On Network",-81.332529779400005,28.451232313599998,660715.551375000039116,496727.890225999988616,8/23/2018 11:51:35 PM,8336_11452
629,630,1,629,9584,85163027,FHPK18OFF060228,FHP,Long,8/15/2018 0:00:00,04:32 PM,Winter Garden,Orange,SB SR-429 (DANIEL WEBSTER WESTERN  BELTWAY),NEW INDEPENDENCE PKWY,5280,North,Sideswipe,2,0,0,0,N,N,N,3000.000000000000000,Cloudy,Daylight,0,Same Direction Sideswipe,S,Property Damage Only,N,"Sideswipe, Same Direction",Motor Vehicle in Transport,On Roadway,Non-Junction,N,Not at Intersection,Turnpike/Toll,Unpaved,Dry,None, , ,None, , ,N,N, , , , ,0,0,0,0,0,0,0,0,0,0,0,0,0.000000000000000,0.000000000000000,0,1,0,3000,"Mapped, On Network",-81.627938319600005,28.485966075499999,631772.238616000046022,499994.597958000027575,9/10/2018 12:10:13 PM,6859_8039
630,631,1,630,9625,87735298,2018-00313464,Orlando PD,Long,8/14/2018 0:00:00,01:42 AM,Orlando,Orange,SR 408 W,I4 E EXIT RAMP,200,East,Off Road,1,0,0,1,N,N,N,20000.000000000000000,Clear,Dark - Lighted,0,Off Road,W,Injury,Y,Other,Guardrail End,On Roadway,Non-Junction,N,Not at Intersection,State,Paved,Dry,None, , ,None, , ,N,N, , , , ,0,0,0,0,0,0,0,0,1,0,0,0,0.000000000000000,0.000000000000000,0,0,0,20000,"Mapped, On Network",-81.373263963699998,28.537173590100000,656531.555518000037409,506184.571943000017200,8/28/2018 1:43:24 PM,8313_6737
631,632,1,631,9628,87940824,2018-00309928,Orlando PD,Long,8/11/2018 0:00:00,10:43 AM,Orlando,Orange,SR408 (EW WBO),S CRYSTAL LAKE DR,0,West,Unknown,3,0,0,0,N,N,N,2000.000000000000000,Rain,Daylight,0,Unknown, ,Property Damage Only,Y,"Sideswipe, Same Direction",Motor Vehicle in Transport,On Roadway,Non-Junction,N,Not at Intersection,State,Paved,Wet,Road Surface Condition, , ,Weather Conditions, , ,N,N, , , , ,0,0,0,0,0,0,0,0,0,0,0,0,0.000000000000000,0.000000000000000,0,0,0,2000,"Mapped, On Network",-81.343114486199994,28.538469737700002,659472.451123000006191,506391.563320000015665,8/22/2018 8:00:18 PM,8353_6185
632,633,1,632,9648,87939986,2018-00295710,Orlando PD,Long,7/31/2018 0:00:00,07:05 PM,Orlando,Orange,EAST WEST EXPRESS WAY (SR 408),ANDES AV,0,East,Sideswipe,2,0,0,0,N,N,N,1500.000000000000000,Clear,Daylight,0,Same Direction Sideswipe,E,Property Damage Only,Y,"Sideswipe, Same Direction",Motor Vehicle in Transport,On Roadway,Non-Junction,N,Not at Intersection,State,Paved,Dry,None, , ,None, , ,N,N, , , , ,0,0,0,0,0,0,0,0,0,0,0,0,0.000000000000000,0.000000000000000,0,0,0,1500,"Mapped, On Network",-81.318736959299997,28.539784160000000,661849.622479000012390,506589.032452000014018,9/12/2018 2:06:50 PM,6309_6301
633,634,1,633,9673,87937981,2018-00300079,Orlando PD,Long,8/3/2018 0:00:00,08:38 PM,Orlando,Orange,EW WBO,S ORANGE BLOSSOM TL,0, ,Unknown,3,0,0,1,N,N,N,6000.000000000000000,Clear,Dark - Lighted,0,Unknown, ,Injury,Y,Front to Rear,Motor Vehicle in Transport,On Roadway,Non-Junction,N,Not at Intersection,Turnpike/Toll,Unpaved,Dry,None, , ,None, , ,N,N, , , , ,0,0,0,0,0,0,0,1,0,0,0,0,0.000000000000000,0.000000000000000,0,0,0,6000,"Mapped, On Network",-81.391642470299999,28.535329517099999,654741.279131000046618,505941.723433999984991,9/5/2018 3:28:24 PM,8272_8254
634,635,1,634,9688,87249522,FHPD18OFF082895,FHP,Short,8/17/2018 0:00:00,08:14 AM,Orlando Expwy Auth,Orange,SR408 EXIT RAMP,7MM,0, ,Rear End,2,0,0,0,N,N,N,4000.000000000000000,Clear,Daylight,0,Rear End,W,Property Damage Only,Y,Front to Rear,Motor Vehicle in Transport,On Roadway,Non-Junction,N,Not at Intersection,State,Paved,Dry,None, , ,None, , ,N,N, , , , ,0,0,0,0,0,0,0,0,0,0,0,0,0.000000000000000,0.000000000000000,0,2,0,4000,"Mapped, On Network",-81.427043553499999,28.545776292399999,651260.185960000031628,507029.011612000002060,9/5/2018 3:48:10 PM,6014_8237
635,636,1,635,9709,87940816,2018-00315407,Orlando PD,Long,8/15/2018 0:00:00,08:50 AM,Orlando,Orange,SR 408 (EAST WEST EXPRESSWAY),INTERSTATE 4 EAST (SR 400) EXIT RAMP,1500,East,Rear End,2,0,0,1,N,Y,N,4000.000000000000000,Clear,Daylight,0,Rear End,W,Injury,Y,Front to Rear,Motor Vehicle in Transport,On Roadway,Non-Junction,N,Not at Intersection,State,Paved,Dry,None, , ,None, , ,N,N, , , , ,0,0,0,0,0,0,0,1,0,0,0,0,0.000000000000000,0.000000000000000,0,2,0,4000,"Mapped, On Network",-81.375479080800005,28.536793048900002,656316.155442000017501,506137.713999999978114,8/29/2018 1:58:15 PM,6737_6230
636,637,1,636,9729,87940195,2018-00299156,Orlando PD,Short,8/3/2018 0:00:00,06:56 AM,Orlando,Orange,SR 417 SBO,BOGGY CREEK RD,0,North,Other,1,0,0,0,N,N,N,1000.000000000000000,Clear,Daylight,0,Single Vehicle,S,Property Damage Only,Y,Other,Other Non-Collision,On Roadway,Non-Junction,N,Not at Intersection,State,Paved,Dry,None, , ,None, , ,N,N, , , , ,0,1,0,0,0,0,0,0,0,0,0,0,0.000000000000000,0.000000000000000,0,0,0,1000,"Mapped, On Network",-81.293411641000006,28.373126375900000,664728.676360000041313,488139.108217999979388,8/23/2018 6:55:49 PM,6486_8601
637,638,1,637,9753,87947875,2018-00292870,Orlando PD,Short,7/29/2018 0:00:00,04:24 PM,Orlando,Orange,SR 408 WBO,JOHN YOUNG PARKWAY,5280,East,Sideswipe,2,0,0,0,N,N,N,800.000000000000000,Clear,Daylight,0,Same Direction Sideswipe,W,Property Damage Only,Y,"Sideswipe, Same Direction",Motor Vehicle in Transport,On Roadway,Non-Junction,N,Not at Intersection,State,Paved,Dry,None, , ,None, , ,N,N, , , , ,0,0,1,0,0,0,0,0,0,0,0,0,0.000000000000000,0.000000000000000,0,0,0,800,"Mapped, On Network",-81.410612520200004,28.540327215000001,652877.217641999945045,506457.579221000021789,8/22/2018 8:03:34 PM,8217_8215
638,639,1,638,9756,87940268,2018-00304314,Orlando PD,Long,8/7/2018 0:00:00,07:57 AM,Orlando,Orange,SR 408 WBO,CRYSTAL LAKE DR EXIT RAMP,2000,East,Rear End,3,0,0,0,N,N,N,11000.000000000000000,Cloudy,Daylight,0,Rear End,W,Property Damage Only,Y,Front to Rear,Motor Vehicle in Transport,On Roadway,Non-Junction,N,Not at Intersection,State,Curb,Dry,None, , ,None, , ,N,N, , , , ,0,0,0,0,0,0,0,0,0,0,0,0,0.000000000000000,0.000000000000000,0,1,0,11000,"Mapped, On Network",-81.335802047100003,28.538512019599999,660186.374304000055417,506411.665541000023950,8/27/2018 4:35:58 PM,6177_8353
639,640,1,639,9757,87940121,2018-00300880,Orlando PD,Long,8/4/2018 0:00:00,12:41 PM,Orlando,Orange,SR 408 WBO,INTERSTATE 4 WBO EXIT RAMP,500,East,Other,4,0,0,0,N,N,N,20500.000000000000000,Clear,Daylight,0,Other,W,Property Damage Only,Y,Angle,Motor Vehicle in Transport,On Roadway,Non-Junction,N,Not at Intersection,State,Paved,Dry,None, , ,None, , ,N,N, , , , ,0,0,2,0,0,0,0,0,0,0,0,0,0.000000000000000,0.000000000000000,0,1,0,20500,"Mapped, On Network",-81.373057373600005,28.537233289000000,656551.587185999960639,506191.630145000002813,8/23/2018 6:57:12 PM,8313_6737
640,641,1,640,9774,87940202,2018-00305772,Orlando PD,Short,8/8/2018 0:00:00,06:35 AM,Orlando,Orange,SR 408 WBO,I4 WBO (SR400) EXIT RAMP,1000,East,Rear End,2,0,0,0,N,N,N,1400.000000000000000,Clear,Daylight,0,Rear End,W,Property Damage Only,Y,Angle,Motor Vehicle in Transport,On Roadway,Non-Junction,N,Not at Intersection,State,Paved,Dry,None, , ,None, , ,N,N, , , , ,0,0,1,0,0,0,0,0,0,0,0,0,0.000000000000000,0.000000000000000,0,0,0,1400,"Mapped, On Network",-81.394541377799996,28.535083104999998,654458.782035000040196,505908.378830000001471,9/6/2018 5:06:59 PM,8248_8267
641,642,1,641,9800,87940423,2018-00299625,Orlando PD,Long,8/3/2018 0:00:00,01:56 PM,Orlando,Orange,EW WBO,S ORANGE BLOSSOM TL,100,West,Rear End,2,0,0,3,N,N,N,30000.000000000000000,Clear,Daylight,0,Rear End,W,Injury,Y,Front to Rear,Motor Vehicle in Transport,On Roadway,Non-Junction,N,Not at Intersection,State,Paved,Dry,None, , ,None, , ,N,N, , , , ,0,0,1,0,0,0,0,0,2,1,0,0,2.000000000000000,0.000000000000000,0,1,0,30000,"Mapped, On Network",-81.400579428200004,28.535242106700000,653868.798826999962330,505913.587933000002522,9/5/2018 3:27:30 PM,8252_8244
642,643,1,642,9830,87939985,2018-00295314,Orlando PD,Long,7/31/2018 0:00:00,01:30 PM,Orlando,Orange,S R 408 WBO,SR 408 EXIT RAMP TO I4 WBO,500,East,Unknown,3,0,0,4,N,Y,N,9500.000000000000000,Clear,Daylight,0,Unknown,W,Injury,Y,Front to Rear,Motor Vehicle in Transport,On Roadway,Entrance/Exit Ramp,N,Not at Intersection,State,Paved,Dry,Work Zone, , ,None, , ,N,Y,Work on Shoulder or Median,Activity Area,Y,N,0,0,2,0,0,0,0,4,0,0,0,0,0.000000000000000,0.000000000000000,0,1,0,9500,"Mapped, On Network",-81.390530719899999,28.535122654100000,654850.326451999950223,505921.052350000012666,9/5/2018 3:17:58 PM,8267_6679
643,644,1,643,9869,87940383,2018-00305089,Orlando PD,Long,8/7/2018 0:00:00,06:00 PM,Orlando,Orange,SR 408 WESTBOUND,CRYSTAL LAKE DRIVE EXIT,500,East,Rear End,2,0,0,1,N,N,N,1000.000000000000000,Clear,Daylight,0,Rear End,W,Injury,Y,Front to Rear,Motor Vehicle in Transport,On Roadway,Non-Junction,N,Not at Intersection,Turnpike/Toll,Paved,Dry,None, , ,None, , ,N,N, , , , ,0,0,3,0,0,0,0,1,0,0,0,0,0.000000000000000,0.000000000000000,0,0,0,1000,"Mapped, On Network",-81.338507222199993,28.538487298300002,659922.286384999984875,506403.215867999999318,8/30/2018 3:45:18 PM,6177_8353
644,645,1,644,9880,87738276,2018-00305904,Orlando PD,Long,8/8/2018 0:00:00,08:43 AM,Orlando,Orange,EW WBO (SR 408),I4 (SR 400),500,East,Rear End,3,0,0,0,N,N,N,4000.000000000000000,Clear,Daylight,0,Rear End,W,Property Damage Only,Y,Front to Rear,Motor Vehicle in Transport,On Roadway,Non-Junction,N,Not at Intersection,State,Paved,Dry,None, , ,None, , ,N,N, , , , ,0,0,2,0,0,0,0,0,0,0,0,0,0.000000000000000,0.000000000000000,0,0,0,4000,"Mapped, On Network",-81.373428116300005,28.537173217399999,656515.527399000013247,506184.189087999984622,8/30/2018 4:56:03 PM,8313_6737
645,646,1,645,9887,87736180,2018-00296381,Orlando PD,Long,8/1/2018 0:00:00,08:15 AM,Orlando,Orange,EW EBO (S.R. 408),S ORANGE BLOSSOM TL (S.R. 500),600,West,Rollover,2,0,0,1,N,N,N,300.000000000000000,Cloudy,Daylight,0,Rollover,E,Injury,Y,Front to Rear,Overturn/Rollover,On Roadway,Non-Junction,N,Not at Intersection,State,Paved,Dry,None, , ,None, , ,N,N, , , , ,0,0,1,0,0,0,0,1,0,0,0,0,0.000000000000000,0.000000000000000,0,0,0,300,"Mapped, On Network",-81.400421870700001,28.535033903500000,653884.671583999996074,505890.795247000001837,9/6/2018 3:39:48 PM,8169_8242
646,647,1,646,9894,87940326,2018-00315373,Orlando PD,Long,8/15/2018 0:00:00,08:16 AM,Orlando,Orange,EAST/WEST EXPRWY (SR 408),S. BUMBY AVE,0,West,Rear End,2,0,0,1,N,N,N,3500.000000000000000,Clear,Daylight,0,Rear End,E,Injury,Y,Front to Rear,Motor Vehicle in Transport,On Roadway,Entrance/Exit Ramp,N,Not at Intersection,State,Paved,Dry,None, , ,None, , ,N,N, , , , ,0,0,1,0,0,0,0,0,1,0,0,0,1.000000000000000,0.000000000000000,0,1,0,3500,"Mapped, On Network",-81.357377927200005,28.538161648599999,658080.425029000034556,506327.424159999995027,8/29/2018 1:58:52 PM,8311_6252
647,648,1,647,9900,87938976,2018-00301334,Orlando PD,Short,8/4/2018 0:00:00,09:40 PM,Orlando,Orange,SR 417,BOGGY CREEK BLVD,0,South,Sideswipe,2,0,0,0,N,N,N,2000.000000000000000,Clear,Dark - Lighted,0,Same Direction Sideswipe,S,Property Damage Only,Y,"Sideswipe, Same Direction",Motor Vehicle in Transport,On Roadway,Non-Junction,N,Not at Intersection,Turnpike/Toll,Paved,Dry,None, , ,None, , ,N,N, , , , ,0,0,1,0,0,0,0,0,0,0,0,0,0.000000000000000,0.000000000000000,0,1,0,2000,"Mapped, On Network",-81.297862068100002,28.371817646800000,664296.638898000004701,487984.253650000027847,8/23/2018 7:46:54 PM,6486_8601
648,649,1,648,9916,87734619,2018-00296944,Orlando PD,Long,8/1/2018 0:00:00,04:36 PM,Orlando,Orange,SR 408 (EAST/WEST EXPRESSWAY),INTERSTATE 4 WEST (SR 400),100,West,Unknown,5,0,0,0,N,N,N,2900.000000000000000,Clear,Daylight,0,Unknown,E,Property Damage Only,Y,Front to Rear,Motor Vehicle in Transport,On Roadway,Non-Junction,N,Not at Intersection,Turnpike/Toll,Paved,Dry,None, , ,None, , ,N,N, , , , ,0,0,1,0,0,0,0,0,0,0,0,0,0.000000000000000,0.000000000000000,0,0,0,2900,"Mapped, On Network",-81.391851532399997,28.535120203000002,654721.356066999956965,505918.051212000020314,8/30/2018 4:37:51 PM,8267_6679
649,650,1,649,9926,87229941,FHPD18OFF082390,FHP,Long,8/15/2018 0:00:00,07:22 PM,Orlando Expwy Auth,Orange,STATE ROAD 528 WB MM13,NARCOOSSEE RD,300,West,Other,1,0,0,0,N,N,N,3000.000000000000000,Clear,Daylight,0,Single Vehicle,W,Property Damage Only,Y,Other,Motor Vehicle in Transport,On Roadway,Non-Junction,N,Not at Intersection,State,Paved,Dry,None, , ,None, , ,N,N, , , , ,0,0,0,0,0,0,0,0,0,0,0,0,0.000000000000000,0.000000000000000,0,0,0,3000,"Mapped, On Network",-81.268889568399999,28.448605556899999,666941.129419000004418,496572.398510999977589,9/4/2018 2:24:08 PM,8065_8055
650,651,1,650,9951,87277775,FHPK18OFF067216,FHP,Long,9/11/2018 0:00:00,07:08 PM,Winter Garden,Orange,STATE ROAD 429 (DANIEL WEBSTER),MARSHALL FARMS ROAD,5280,South,Off Road,1,0,0,0,N,N,N,3000.000000000000000,Rain,Dusk,0,Off Road,S,Property Damage Only,N,Other,Guardrail Face,On Roadway,Non-Junction,N,Not at Intersection,State,Paved,Wet,None, , ,Weather Conditions, , ,N,N, , , , ,0,0,0,0,0,0,0,0,0,0,0,0,0.000000000000000,0.000000000000000,0,1,0,3000,"Mapped, Not On Network",-81.556939999999997,28.542640049399999,638583.846864999970421,506422.790615000005346,9/20/2018 1:07:52 PM,6274_6738
651,652,1,651,9962,87938376,2018-00352082,Orlando PD,Short,9/10/2018 0:00:00,06:14 PM,Orlando,Orange,SR 528,S SEMORAN BV,0, ,Sideswipe,2,0,0,0,N,N,N,1200.000000000000000,Clear,Daylight,0,Same Direction Sideswipe,W,Property Damage Only,Y,"Sideswipe, Same Direction",Motor Vehicle in Transport,On Roadway,Non-Junction,N,Not at Intersection,State,Paved,Dry,None, , ,Weather Conditions, , ,N,N, , , , ,0,0,1,0,0,0,0,0,0,0,0,0,0.000000000000000,0.000000000000000,0,1,0,1200,"Mapped, On Network",-81.298403608200005,28.451237017000000,664050.463388000032865,496801.024595999973826,1/10/2019 10:03:04 PM,8183_6664
652,653,1,652,9971,88005634,FHPD18OFF092199,FHP,Short,9/11/2018 0:00:00,06:42 AM,Orlando Expwy Auth,Orange,WB SR-408,SR-551,5280,East,Off Road,2,0,0,0,N,N,N,6000.000000000000000,Cloudy,Daylight,0,Off Road,W,Property Damage Only,Y,Other,Concrete Traffic Barrier,On Roadway,Non-Junction,N,Not at Intersection,State,Paved,Dry,None, , ,None, , ,N,N, , , , ,0,0,0,0,0,0,0,0,0,0,0,0,0.000000000000000,0.000000000000000,0,1,0,6000,"Mapped, On Network",-81.280282369199995,28.543342403699999,665595.742205000016838,507066.341211999999359,9/20/2018 12:41:05 PM,6918_8406
653,654,1,653,9983,87177443,FHPD18OFF090323,FHP,Long,9/5/2018 0:00:00,04:59 PM,Orlando,Orange,STATE ROAD 408,MILE MARKER 21 EB,5280,West,Rear End,2,0,0,0,N,N,N,4500.000000000000000,Clear,Daylight,0,Rear End,E,Property Damage Only,N,Front to Rear,Motor Vehicle in Transport,On Roadway,Non-Junction,N,Not at Intersection,State,Paved,Dry,None, , ,None, , ,N,Y,Work on Shoulder or Median,Activity Area,N,N,0,0,0,0,0,0,0,0,0,0,0,0,0.000000000000000,0.000000000000000,0,1,0,4500,"Mapped, On Network",-81.212500955500005,28.548287360500002,672201.452457000035793,507763.174181999987923,10/25/2018 6:30:25 PM,6690_8041
654,655,1,654,9990,87942770,2018-00345226,Orlando PD,Long,9/5/2018 0:00:00,04:27 PM,Orlando,Orange,SR 408 W,S ORANGE BLOSSOM TRL EXIT RAMP,100,East,Unknown,2,0,0,0,N,N,N,500.000000000000000,Clear,Daylight,0,Unknown, ,Property Damage Only,Y,"Sideswipe, Same Direction",Motor Vehicle in Transport,On Roadway,Non-Junction,N,Not at Intersection,State,Paved,Dry,None, , ,None, , ,N,N, , , , ,0,0,0,0,0,0,0,0,0,0,0,0,0.000000000000000,0.000000000000000,0,0,0,500,"Mapped, On Network",-81.392973246400004,28.535292211200002,654611.417856000014581,505934.832924999995157,9/11/2018 1:20:59 PM,8272_8254
655,656,1,655,9999,87942237,2018-00347412,Orlando PD,Long,9/7/2018 0:00:00,07:38 AM,Orlando,Orange,SR 408 WBO,I4 EBO (SR 400),5280,East,Sideswipe,2,0,0,0,N,N,N,501.000000000000000,Clear,Daylight,0,Same Direction Sideswipe,W,Property Damage Only,Y,"Sideswipe, Same Direction",Motor Vehicle in Transport,On Roadway,Non-Junction,N,Not at Intersection,State,Curb,Dry,None, , ,None, , ,N,N, , , , ,0,0,1,0,0,0,0,0,0,0,0,0,0.000000000000000,0.000000000000000,0,0,0,501,"Mapped, On Network",-81.367337097999993,28.537297149699999,657110.002636000048369,506210.634432999999262,9/11/2018 1:23:38 PM,8313_6737
656,657,1,656,10039,87285739,FHPD18OFF090396,FHP,Long,9/5/2018 0:00:00,08:08 PM,Orlando,Orange,STATE ROAD 408,MILE MARKER 17,0, ,Rear End,2,0,0,0,N,Y,N,1000.000000000000000,Clear,Dawn,0,Rear End,E,Property Damage Only,N,Angle,Motor Vehicle in Transport,On Roadway,Non-Junction,N,Not at Intersection,State,Paved,Dry,None, , ,None, , ,N,N, , , , ,0,0,1,0,0,0,0,0,0,0,0,0,0.000000000000000,0.000000000000000,0,0,0,1000,"Mapped, On Network",-81.269218069399997,28.547125195100001,666666.754795999964699,507510.218047000002116,9/13/2018 11:23:54 PM,8412_7015
657,658,1,657,10088,87284072,FHPD18OFF091744,FHP,Long,9/9/2018 0:00:00,09:56 PM,Orlando,Orange,STATE ROAD 417,STATE ROAD 50 (EAST COLONIAL DRIVE),0, ,Rear End,2,0,0,1,Y,N,N,17000.000000000000000,Cloudy,Dark - Lighted,0,Rear End,N,Injury,N,Front to Rear,Motor Vehicle in Transport,On Roadway,Non-Junction,N,Not at Intersection,State,Paved,Wet,None, , ,None, , ,N,N, , , , ,0,0,0,0,0,0,0,0,1,0,0,0,1.000000000000000,0.000000000000000,0,1,0,17000,"Mapped, On Network",-81.267198592800000,28.563621732400001,666823.331930999993347,509346.171873999992386,1/10/2019 9:57:07 PM,6966_8451
658,659,1,658,10112,87138706,FHPK18OFF067473,FHP,Long,9/13/2018 0:00:00,06:50 AM,Unincorporated,Orange,STATE ROAD 429 (WESTERN BELTWAY),COUNTY ROAD 545 (MM 20),5280,North,Sideswipe,2,0,0,0,N,N,N,8000.000000000000000,Clear,Dark - Lighted,0,Same Direction Sideswipe,N,Property Damage Only,N,"Sideswipe, Same Direction",Motor Vehicle in Transport,On Roadway,Non-Junction,N,Not at Intersection,Turnpike/Toll,Paved,Dry,None, , ,None, , ,N,N, , , , ,0,0,0,0,0,0,0,0,0,0,0,0,0.000000000000000,0.000000000000000,0,0,0,8000,"Mapped, Not On Network",-81.577780000000004,28.523110049400000,636591.521938999998383,504214.138490999990609,9/20/2018 8:02:07 PM,8462_6231
659,660,1,659,10137,88013414,FHPD18OFF105498,FHP,Long,10/17/2018 0:00:00,01:02 AM,Orlando,Orange,SR 408,MM 19,0, ,Off Road,1,0,0,1,N,N,N,10000.000000000000000,Clear,Dark - Lighted,0,Off Road,E,Injury,N,Other,Impact Attenuator/Crash Cushion,On Roadway,Entrance/Exit Ramp,N,Not at Intersection,State,Paved,Dry,None, , ,None, , ,N,N, , , , ,0,0,0,0,0,0,0,0,1,0,0,0,1.000000000000000,0.000000000000000,0,0,0,10000,"Mapped, Not On Network",-81.237110000000001,28.547120049400000,669801.668316000024788,507579.488367000012659,11/11/2019 1:03:04 PM,6303_6305