FID,OBJECTID_1,Join_Count,TARGET_FID,OBJECTID,HSMV_Repor,Agency_Rep,Reporting_,Form_Type,Crash_Date,Crash_Time,City,County,Crash_Stre,Intersecti,Offset_Dis,Offset_Dir,Crash_Type,Vehicles,Non_Motori,Fatalities,Injuries,Alcohol_Re,Distractio,Drug_Relat,Estimated_,Weather_Co,Light_Cond,Street_Num,Crash_Ty_1,Crash_Ty_2,Crash_Seve,Within_Cit,Manner_of_,First_Harm,First_HE_L,First_HE_R,First_HE_W,Type_of_In,Road_Sys_I,Type_of_Sh,Road_Surf_,Contrib_Ci,Contrib__1,Contrib__2,Contrib__3,Contrib__4,Contrib__5,School_Bus,Work_Zone_,Type_of_Wo,Loc_in_Wor,Workers_in,Law_Enforc,Mopeds,Motorcycle,Passengers,Bicyclists,Pedestrian,Fataliti_1,Injuries_U,Possible_I,Non_Incapa,Incapacita,Fataliti_2,Non_Traffi,Transporte,Transpor_1,Transpor_2,Citations,Property_D,Vehicle_Dm,S4_Mapping,S4_Decimal,S4_Decim_1,S4_Albers_,S4_Albers1,S4_Mappi_1,zone_id_st
660,661,1,660,10153,87229953,FHPD18OFF085018,FHP,Long,8/22/2018 0:00:00,05:12 PM,Orlando Expwy Auth,Orange,STATE ROAD 417 NB MM34,STATE ROAD 50,5280,South,Rear End,4,0,0,0,N,N,N,4000.000000000000000,Cloudy,Daylight,0,Rear End,N,Property Damage Only,Y,Front to Rear,Motor Vehicle in Transport,On Roadway,Non-Junction,N,Not at Intersection,State,Paved,Wet,None, , ,None, , ,N,N, , , , ,0,0,0,0,0,0,0,0,0,0,0,0,0.000000000000000,0.000000000000000,0,0,0,4000,"Mapped, On Network",-81.267905885100006,28.557539717200001,666769.248671000008471,508669.365079000010155,8/30/2018 7:43:24 PM,6966_8451
661,662,1,661,10189,87260492,FHPD18OFF084642,FHP,Short,8/21/2018 0:00:00,05:41 PM,Orlando Expwy Auth,Orange,STATE RD 408,ROUSE RD,50,West,Rear End,2,0,0,0,N,N,N,750.000000000000000,Clear,Daylight,0,Rear End,E,Property Damage Only,N,Front to Rear,Motor Vehicle in Transport,On Roadway,Non-Junction,N,Not at Intersection,State,Paved,Dry,None, , ,None, , ,N,Y,Work on Shoulder or Median,Activity Area,N,N,0,0,0,0,0,0,0,0,0,0,0,0,0.000000000000000,0.000000000000000,0,1,0,750,"Mapped, On Network",-81.223680917899998,28.547178559399999,671112.677398000028916,507615.437689999991562,8/30/2018 8:39:39 PM,8077_8070
662,663,1,662,10190,87266286,FHPD18OFF083978,FHP,Short,8/19/2018 0:00:00,08:50 PM,Orlando,Orange,SR 408 (EBOUND),MM 19,0, ,Rear End,2,0,0,0,N,N,N,4500.000000000000000,Cloudy,Dark - Lighted,0,Rear End,E,Property Damage Only,N,Front to Rear,Motor Vehicle in Transport,On Roadway,Non-Junction,N,Not at Intersection,State,Paved,Wet,None, , ,None, , ,N,N, , , , ,0,0,0,0,0,0,0,0,0,0,0,0,0.000000000000000,0.000000000000000,0,0,0,4500,"Mapped, On Network",-81.240629431399995,28.547006938900001,669458.327353999949992,507559.234612000000197,8/30/2018 8:38:19 PM,8009_6303
663,664,1,663,10207,87941462,2018-00326660,Orlando PD,Long,8/23/2018 0:00:00,07:50 AM,Orlando,Orange,EW WBO,S SEMORAN BV,1000,West,Rear End,2,0,0,0,N,N,N,2000.000000000000000,Clear,Daylight,0,Rear End,W,Property Damage Only,Y,Front to Rear,Motor Vehicle in Transport,On Roadway,Non-Junction,N,Not at Intersection,State,Paved,Dry,None, , ,None, , ,N,N, , , , ,0,0,0,0,0,0,0,0,0,0,0,0,0.000000000000000,0.000000000000000,0,0,0,2000,"Mapped, On Network",-81.313571217399996,28.539626354900001,662354.405997999943793,506582.491082999971695,8/30/2018 7:59:57 PM,6256_8188
664,665,1,664,10208,87941124,2018-00315309,Orlando PD,Short,8/15/2018 0:00:00,07:43 AM,Orlando,Orange,SR 408,ROSALIND AVENUE,0, ,Sideswipe,2,0,0,0,N,N,N,2500.000000000000000,Clear,Daylight,0,Same Direction Sideswipe,W,Property Damage Only,Y,"Sideswipe, Same Direction",Motor Vehicle in Transport,On Roadway,Non-Junction,N,Not at Intersection,State,Paved,Dry,None, , ,None, , ,N,N, , , , ,0,0,0,0,0,0,0,0,0,0,0,0,0.000000000000000,0.000000000000000,0,0,0,2500,"Mapped, On Network",-81.375845174199995,28.536686204599999,656280.659886999987066,506125.090105000010226,9/7/2018 3:25:56 PM,6737_6230
665,666,1,665,10219,87229952,FHPD18OFF085003,FHP,Long,8/22/2018 0:00:00,04:53 PM,Orlando Expwy Auth,Orange,STATE ROAD 417 NB MM36,UNIVERSITY BLVD,5280,South,Rear End,2,0,0,1,N,N,N,5000.000000000000000,Cloudy,Daylight,0,Rear End,N,Injury,Y,Front to Rear,Motor Vehicle in Transport,On Roadway,Non-Junction,N,Not at Intersection,State,Paved,Wet,None, , ,None, , ,N,N, , , , ,0,0,0,0,0,0,0,1,0,0,0,0,1.000000000000000,0.000000000000000,0,1,0,5000,"Mapped, On Network",-81.255195518400001,28.587800921400000,667935.321956999949180,512056.768496999982744,9/6/2018 10:00:29 PM,6317_6318
666,667,1,666,10221,87229951,FHPD18OFF084925,FHP,Long,8/22/2018 0:00:00,02:10 PM,Orlando Expwy Auth,Orange,STATE ROAD 417 SB MM26,LEE VISTA BLVD,0,South,Sideswipe,2,0,0,0,N,N,N,3000.000000000000000,Rain,Daylight,0,Same Direction Sideswipe, ,Property Damage Only,Y,Angle,Motor Vehicle in Transport,On Roadway,Non-Junction,N,Not at Intersection,State,Paved,Wet,Road Surface Condition, , ,None, , ,N,N, , , , ,0,0,0,0,0,0,0,0,0,0,0,0,0.000000000000000,0.000000000000000,0,0,0,3000,"Mapped, On Network",-81.238767408300006,28.474278933899999,669820.968373000039719,499488.442258999974001,8/31/2018 7:57:50 PM,8383_8546
667,668,1,667,10223,87240821,FHPD18OFF084829,FHP,Long,8/22/2018 0:00:00,08:40 AM,Orlando Expwy Auth,Orange,EB SR-408,SR-435,0,East,Rear End,2,0,0,0,N,N,N,3000.000000000000000,Clear,Daylight,0,Rear End,E,Property Damage Only,Y,Front to Rear,Motor Vehicle in Transport,On Roadway,Non-Junction,N,Not at Intersection,State,Paved,Dry,None, , ,None, , ,N,N, , , , ,0,0,0,0,0,0,0,0,0,0,0,0,0.000000000000000,0.000000000000000,0,1,0,3000,"Mapped, Not On Network",-81.462169999899999,28.550120025100000,647820.498999999952503,507440.222499999974389,8/30/2018 9:21:51 PM,6068_8208
668,669,1,668,10224,87229947,FHPD18OFF084296,FHP,Long,8/20/2018 0:00:00,06:11 PM,Orlando Expwy Auth,Orange,STATE ROAD 408 EB MM20,STATE ROAD 434,0,West,Rear End,2,0,0,0,N,N,N,6000.000000000000000,Clear,Daylight,0,Rear End,E,Property Damage Only,Y,Front to Rear,Motor Vehicle in Transport,On Roadway,Non-Junction,N,Not at Intersection,State,Paved,Dry,None, , ,None, , ,N,N, , , , ,0,0,0,0,0,0,0,0,0,0,0,0,0.000000000000000,0.000000000000000,0,1,0,6000,"Mapped, On Network",-81.211803517099995,28.548403643600000,672269.254298000014387,507777.624485999986064,8/30/2018 8:19:40 PM,6690_8041
669,670,1,669,10226,87229949,FHPD18OFF084668,FHP,Long,8/21/2018 0:00:00,06:48 PM,Orlando Expwy Auth,Orange,STATE ROAD 408 EB MM21,STATE ROAD 434,5280,West,Rear End,2,0,0,0,N,N,N,4000.000000000000000,Cloudy,Daylight,0,Rear End,E,Property Damage Only,Y,Front to Rear,Motor Vehicle in Transport,On Roadway,Non-Junction,N,Not at Intersection,State,Paved,Dry,None, , ,None, , ,N,N, , , , ,0,0,1,0,0,0,0,0,0,0,0,0,0.000000000000000,0.000000000000000,0,1,0,4000,"Mapped, On Network",-81.211849954800002,28.548384520500001,672264.768405999988317,507775.398767000006046,8/30/2018 8:17:24 PM,6690_8041
670,671,1,670,10234,87260494,FHPD18OFF084714,FHP,Long,8/21/2018 0:00:00,08:25 PM,Orlando Expwy Auth,Orange,STATE RD 408,PINE HILLS RD,500,West,Other,1,0,0,0,N,N,N,8000.000000000000000,Rain,Dark - Lighted,0,Single Vehicle,W,Property Damage Only,N,Other,Other Non-Collision,On Roadway,Non-Junction,N,Not at Intersection,State,Paved,Wet,Road Surface Condition, , ,Weather Conditions, , ,N,Y,Intermittent or Moving Work,Activity Area,N,N,0,0,0,0,0,0,0,0,0,0,0,0,0.000000000000000,0.000000000000000,0,0,0,8000,"Mapped, On Network",-81.442924360099994,28.548408070299999,649703.520118999993429,507288.964773999992758,8/31/2018 7:58:47 PM,6489_6994
671,672,1,671,10235,87260493,FHPD18OFF084654,FHP,Short,8/21/2018 0:00:00,06:10 PM,Orlando Expwy Auth,Orange,STATE RD 408,CHICKASAW TRL,300,West,Rear End,3,0,0,0,N,N,N,2750.000000000000000,Clear,Daylight,0,Rear End,E,Property Damage Only,N,Front to Rear,Motor Vehicle in Transport,On Roadway,Non-Junction,N,Not at Intersection,State,Paved,Dry,None, , ,None, , ,N,N, , , , ,0,0,0,0,0,0,0,0,0,0,0,0,0.000000000000000,0.000000000000000,0,1,0,2750,"Mapped, Not On Network",-81.286800000200003,28.540230024900001,664966.966099999961443,506706.756099999998696,8/30/2018 8:39:08 PM,8408_6232
672,673,1,672,10237,87260488,FHPD18OFF083921,FHP,Long,8/19/2018 0:00:00,06:10 PM,Orlando Expwy Auth,Orange,STATE RD 408,STATE RD 423,0,West,Other,1,0,0,0,N,N,N,2500.000000000000000,Rain,Daylight,0,Single Vehicle,E,Property Damage Only,N,Other,Other Non-Collision,On Roadway,Non-Junction,N,Not at Intersection,State,Paved,Wet,Road Surface Condition, , ,Weather Conditions, , ,N,Y,Intermittent or Moving Work,Activity Area,N,N,0,0,1,0,0,0,0,0,0,0,0,0,0.000000000000000,0.000000000000000,0,1,0,2500,"Mapped, On Network",-81.416863055700006,28.544718056200001,652256.671562999952585,506932.298484999977518,8/31/2018 7:59:44 PM,6011_8219
673,674,1,673,10240,87229948,FHPD18OFF084643,FHP,Long,8/21/2018 0:00:00,05:45 PM,Orlando Expwy Auth,Orange,STATE ROAD 408 EB MM21,STATE ROAD 434,5280,West,Rear End,4,0,0,0,N,N,N,12000.000000000000000,Cloudy,Daylight,0,Rear End,E,Property Damage Only,Y,Front to Rear,Motor Vehicle in Transport,On Roadway,Non-Junction,N,Not at Intersection,State,Paved,Dry,None, , ,None, , ,N,Y,Work on Shoulder or Median,Activity Area,N,N,0,0,0,0,0,0,0,0,0,0,0,0,0.000000000000000,0.000000000000000,0,2,0,12000,"Mapped, On Network",-81.207825831199997,28.549026448900001,672656.045673000044189,507855.561599000007845,8/30/2018 8:18:57 PM,8041_6970
674,675,1,674,10251,87941049,2018-00327569,Orlando PD,Long,8/23/2018 0:00:00,06:28 PM,Orlando,Orange,SR 528,S SEMORAN BV,0, ,Other,1,0,0,2,N,N,N,5500.000000000000000,Cloudy,Dusk,0,Single Vehicle,W,Injury,Y,Other,Motor Vehicle in Transport,Shoulder,Entrance/Exit Ramp,N,Other,Interstate,Paved,Wet,Road Surface Condition, , ,Weather Conditions, , ,N,N, , , , ,0,0,1,0,0,0,0,0,2,0,0,0,1.000000000000000,0.000000000000000,0,0,0,5500,"Mapped, On Network",-81.300299057600000,28.451547862000002,663864.478574999957345,496831.480414999998175,8/30/2018 5:33:15 PM,8183_6664
675,676,1,675,10262,87229955,FHPD18OFF085352,FHP,Short,8/23/2018 0:00:00,04:32 PM,Orlando Expwy Auth,Orange,STATE ROAD 417 NB MM34,STATE ROAD 50,200,South,Rear End,3,0,0,0,N,N,N,3500.000000000000000,Clear,Daylight,0,Rear End,N,Property Damage Only,Y,Front to Rear,Motor Vehicle in Transport,On Roadway,Non-Junction,N,Not at Intersection,State,Paved,Dry,None, , ,None, , ,N,N, , , , ,0,0,6,0,0,0,0,0,0,0,0,0,0.000000000000000,0.000000000000000,0,2,0,3500,"Mapped, On Network",-81.267166894499994,28.563740162599998,666826.134904999984428,509359.389573999971617,8/30/2018 7:40:34 PM,6966_8451
676,677,1,676,10281,87229954,FHPD18OFF085095,FHP,Long,8/22/2018 0:00:00,05:16 PM,Orlando Expwy Auth,Orange,STATE ROAD 417 NB MM34,STATE ROAD 50,5280,South,Rear End,2,0,0,0,N,N,N,4000.000000000000000,Cloudy,Daylight,0,Rear End,N,Property Damage Only,Y,Front to Rear,Motor Vehicle in Transport,On Roadway,Non-Junction,N,Not at Intersection,State,Paved,Wet,None, , ,None, , ,N,N, , , , ,0,0,0,0,0,0,0,0,0,0,0,0,0.000000000000000,0.000000000000000,0,2,0,4000,"Mapped, On Network",-81.267966842299998,28.557693710599999,666762.918752999976277,508686.330862000002526,8/30/2018 7:42:21 PM,6966_8451
677,678,1,677,10282,87468619,2018TA011029,Apopka PD,Long,8/16/2018 0:00:00,07:20 PM,Apopka,Orange,S.R.429,U.S.441,0,South,Off Road,1,0,0,0,N,N,N,1500.000000000000000,Rain,Daylight,0,Off Road,S,Property Damage Only,Y, ,Guardrail Face,On Roadway,Through Roadway,N,Not at Intersection,State,Paved,Wet,Road Surface Condition, , ,Weather Conditions, , ,N,N, , , , ,0,0,0,0,0,0,0,0,0,0,0,0,0.000000000000000,0.000000000000000,0,0,0,1500,"Mapped, On Network",-81.559329505299999,28.683327193299998,638041.309007999952883,522039.139662000001408,8/18/2018 3:34:43 PM,6116_5880
678,679,1,678,10291,87249526,FHPD18OFF085510,FHP,Long,8/24/2018 0:00:00,07:30 AM,Orlando Expwy Auth,Orange,SR417,36MM,0, ,Rear End,2,0,0,3,N,N,N,10000.000000000000000,Clear,Daylight,0,Rear End,S,Injury,Y,Front to Rear,Motor Vehicle in Transport,On Roadway,Non-Junction,N,Not at Intersection,State,Paved,Dry,None, , ,None, , ,N,N, , , , ,0,0,1,0,0,0,0,1,2,0,0,0,2.000000000000000,0.000000000000000,0,1,0,10000,"Mapped, Not On Network",-81.250100000000003,28.594760049600001,668415.407877000048757,512840.506762999983039,9/6/2018 1:53:21 PM,8120_8585
679,680,1,679,10309,87274353,FHPD18OFF084302,FHP,Long,8/20/2018 0:00:00,06:35 PM,Orlando,Orange,STATE ROAD-408 EB,MM19,600,East,Rear End,4,0,0,1,N,N,N,11000.000000000000000,Clear,Daylight,0,Rear End,E,Injury,N,Front to Rear,Motor Vehicle in Transport,On Roadway,Non-Junction,N,Not at Intersection,State,Paved,Dry,None, , ,None, , ,N,N, , , , ,0,0,0,0,0,0,0,0,1,0,0,0,1.000000000000000,0.000000000000000,0,1,0,11000,"Mapped, On Network",-81.239313162200006,28.547098114699999,669586.615662000025623,507572.234580999996979,9/5/2018 2:21:00 PM,8009_6303
680,681,1,680,10322,87260496,FHPD18OFF085789,FHP,Long,8/24/2018 0:00:00,05:53 PM,Orlando Expwy Auth,Orange,STATE RD 417,BOGGY CREEK RD,5280,South,Rear End,2,0,0,0,N,N,N,3500.000000000000000,Cloudy,Daylight,0,Rear End,S,Property Damage Only,N,Front to Rear,Motor Vehicle in Transport,On Roadway,Non-Junction,N,Not at Intersection,State,Paved,Wet,None, , ,None, , ,N,N, , , , ,0,0,3,0,0,0,0,0,0,0,0,0,0.000000000000000,0.000000000000000,0,1,0,3500,"Mapped, On Network",-81.325605941000006,28.367340824999999,661594.214761000010185,487428.031659999978729,9/6/2018 10:01:17 PM,6618_6299
681,682,1,681,10327,87940867,2018-00323823,Orlando PD,Short,8/21/2018 0:00:00,09:15 AM,Orlando,Orange,SR408,CRYSTAL LAKE DR,0, ,Rear End,2,0,0,0,N,N,N,550.000000000000000,Clear,Daylight,0,Rear End,W,Property Damage Only,Y,Front to Rear,Motor Vehicle in Transport,On Roadway,Non-Junction,N,Not at Intersection,State,Paved,Dry,None, , ,None, , ,N,N, , , , ,0,0,0,0,0,0,0,0,0,0,0,0,0.000000000000000,0.000000000000000,0,0,0,550,"Mapped, On Network",-81.343577146300007,28.538484156199999,659427.240061999997124,506392.190790000022389,8/30/2018 7:18:39 PM,8353_6185
682,683,1,682,10355,87268827,FHPD18OFF084711,FHP,Short,8/21/2018 0:00:00,08:10 PM,Winter Garden,Orange,STATE ROAD 408 EASTBOUND,HIAWASSEE ROAD,500,East,Unknown,2,0,0,0,N,N,N,2000.000000000000000,Rain,Dark - Lighted,0,Unknown,E,Property Damage Only,N,"Sideswipe, Same Direction",Motor Vehicle in Transport,On Roadway,Non-Junction,N,Not at Intersection,State,Curb,Wet,Road Surface Condition, , ,Weather Conditions, , ,N,N, , , , ,0,0,1,0,0,0,0,0,0,0,0,0,0.000000000000000,0.000000000000000,0,0,0,2000,"Mapped, On Network",-81.483809549699998,28.548900661499999,645710.442511999979615,507261.530481999972835,8/31/2018 8:44:16 PM,6788_8144
683,684,1,683,10403,87268829,FHPD18OFF085084,FHP,Long,8/22/2018 0:00:00,07:50 PM,Orlando,Orange,STATE ROAD 408 WESTBOUND,MM 16,0, ,Rear End,2,0,0,1,N,N,N,5500.000000000000000,Clear,Daylight,0,Rear End,W,Injury,N,"Sideswipe, Same Direction",Motor Vehicle in Transport,On Roadway,Non-Junction,N,Not at Intersection,State,Paved,Dry,None, , ,None, , ,N,N, , , , ,0,0,0,0,0,0,0,1,0,0,0,0,0.000000000000000,0.000000000000000,0,0,0,5500,"Mapped, On Network",-81.282759999999996,28.541826292600000,665357.536592000047676,506892.675185000000056,9/6/2018 1:54:35 PM,8408_8412
684,685,1,684,10474,87940761,2018-00323748,Orlando PD,Short,8/21/2018 0:00:00,09:15 AM,Orlando,Orange,SR408  WBO,EXIT RAMP TO I4 EAST,100,East,Rear End,3,0,0,0,N,N,N,3500.000000000000000,Clear,Daylight,0,Rear End, ,Property Damage Only,Y,Angle,Motor Vehicle in Transport,On Roadway,Non-Junction,N,Not at Intersection,State,Paved,Dry,None, , ,None, , ,N,N, , , , ,0,0,1,0,0,0,0,0,0,0,0,0,0.000000000000000,0.000000000000000,0,0,0,3500,"Mapped, On Network",-81.389472541499998,28.535131963300000,654953.634715000051074,505924.273311999975704,9/5/2018 2:39:33 PM,8267_6679
685,686,1,685,10502,87249535,FHPD18OFF089020,FHP,Long,9/2/2018 0:00:00,05:07 AM,Orlando Expwy Auth,Orange,SR408,4MM,0, ,Unknown,2,0,0,1,N,N,N,4000.000000000000000,Clear,Dark - Lighted,0,Unknown,W,Injury,Y,"Sideswipe, Same Direction",Motor Vehicle in Transport,On Roadway,Non-Junction,N,Not at Intersection,State,Paved,Dry,None, , ,None, , ,N,N, , , , ,0,0,0,0,0,0,0,0,1,0,0,0,1.000000000000000,0.000000000000000,0,0,0,4000,"Mapped, On Network",-81.473550096799997,28.548464598900001,646713.148421999998391,507233.597539999987930,9/10/2018 2:05:24 PM,8210_8148
686,687,1,686,10550,87285716,FHPD18OFF085455,FHP,Long,8/23/2018 0:00:00,11:00 PM,Orlando,Orange,STATE ROAD 417(CENTRAL FLORIDA GREENEWAY),MM 27,0, ,Sideswipe,2,0,0,1,N,Y,N,1000.000000000000000,Clear,Dawn,0,Same Direction Sideswipe,S,Injury,N,Angle,Motor Vehicle in Transport,On Roadway,Non-Junction,N,Not at Intersection,State,Paved,Dry,None, , ,None, , ,N,N, , , , ,0,0,1,0,0,0,0,1,0,0,0,0,0.000000000000000,0.000000000000000,0,1,0,1000,"Mapped, On Network",-81.239956267699995,28.478987309200001,669693.112776999943890,500008.605357999971602,9/6/2018 1:55:02 PM,8383_8546
687,688,1,687,10553,87285720,FHPD18OFF086258,FHP,Long,8/26/2018 0:00:00,04:40 AM,Orlando,Orange,STATE ROAD 408 WESTBOUND,MILE MARKER 6,0, ,Rollover,1,0,0,0,N,Y,N,7000.000000000000000,Clear,Dawn,0,Rollover,W,Property Damage Only,N,Other,Overturn/Rollover,On Roadway,Non-Junction,N,Not at Intersection,State,Paved,Dry,None, , ,None, , ,N,N, , , , ,0,0,0,0,0,0,0,0,0,0,0,0,0.000000000000000,0.000000000000000,0,2,0,7000,"Mapped, On Network",-81.435499273700003,28.548347472000000,650428.630126000032760,507297.293568999972194,9/12/2018 2:07:43 PM,5934_6489
688,689,1,688,10557,87234173,FHPK18OFF063156,FHP,Long,8/26/2018 0:00:00,03:50 PM,Winter Garden,Orange,STATE ROAD 429,MILE MARKER 15,0, ,Rear End,2,0,0,0,N,N,N,10500.000000000000000,Clear,Daylight,0,Rear End,N,Property Damage Only,N,Front to Rear,Motor Vehicle in Transport,On Roadway,Non-Junction,N,Not at Intersection,State,Paved,Dry,None, , ,None, , ,N,N, , , , ,0,0,3,0,0,0,0,0,0,0,0,0,0.000000000000000,0.000000000000000,0,2,0,10500,"Mapped, On Network",-81.631399618200007,28.469179494100000,631469.885602999944240,498124.185202999971807,8/30/2018 9:24:29 PM,8048_8037
689,690,1,689,10561,87941383,2018-00326760,Orlando PD,Long,8/23/2018 0:00:00,09:00 AM,Orlando,Orange,EW EBO,S ROSALIND AV,0, ,Rear End,2,0,0,2,N,Y,N,8000.000000000000000,Clear,Daylight,0,Rear End,W,Injury,Y,Front to Rear,Motor Vehicle in Transport,On Roadway,Non-Junction,N,Not at Intersection,Turnpike/Toll,Paved,Dry,None, , ,None, , ,N,N, , , , ,0,0,1,0,0,0,0,2,0,0,0,0,2.000000000000000,0.000000000000000,0,0,0,8000,"Mapped, On Network",-81.366490159300000,28.537332526200000,657192.619531000033021,506216.328449000022374,9/6/2018 1:27:10 PM,8313_6737
690,691,1,690,10614,87254685,FHPD18OFF088774,FHP,Long,9/1/2018 0:00:00,12:08 PM,Orlando Expwy Auth,Orange,SR-408 (MM2),GOOD HOMES ROAD,0,West,Rear End,2,0,0,1,N,N,N,3000.000000000000000,Cloudy,Daylight,0,Rear End,E,Injury,N,Other,Motor Vehicle in Transport,On Roadway,Non-Junction,N,Not at Intersection,Turnpike/Toll,Paved,Dry,None, , ,None, , ,N,N, , , , ,0,0,0,0,0,0,0,0,1,0,0,0,1.000000000000000,0.000000000000000,0,1,0,3000,"Mapped, On Network",-81.507148201800007,28.545655817299998,643438.978128000046127,506854.957519999996293,9/13/2018 2:21:41 PM,8114_8152
691,692,1,691,10687,87942238,2018-00347447,Orlando PD,Long,9/7/2018 0:00:00,07:45 AM,Orlando,Orange,SR 408 WBO,I4 EBO (SR 400),5280,East,Rear End,2,0,0,0,N,N,N,1100.000000000000000,Clear,Daylight,0,Rear End,W,Property Damage Only,Y,Front to Rear,"Railway Vehicle (train, engine)",On Roadway,Non-Junction,N,Not at Intersection,State,Curb,Dry,None, , ,None, , ,N,N, , , , ,0,0,0,0,0,0,0,0,0,0,0,0,0.000000000000000,0.000000000000000,0,0,0,1100,"Mapped, On Network",-81.357867851899996,28.538326371600000,658032.194017000030726,506344.688173000002280,9/13/2018 11:05:33 PM,8318_8309
692,693,1,692,10688,87941277,2018-00347703,Orlando PD,Long,9/7/2018 0:00:00,08:00 AM,Orlando,Orange,SR-408, ,0, ,Unknown,3,0,0,0,N,N,N,25000.000000000000000,Clear,Daylight,0,Unknown,E,Property Damage Only,Y,Front to Rear,Motor Vehicle in Transport,On Roadway,Non-Junction,N,Not at Intersection,State,Paved,Dry,None,None,None,None,None,None,N,N, , , , ,0,0,1,0,0,0,0,0,0,0,0,0,0.000000000000000,0.000000000000000,0,0,0,25000,"Mapped, On Network",-81.408513862999996,28.538526090600001,653086.343701999983750,506261.903359999996610,9/13/2018 10:20:01 PM,8213_8169
693,694,1,693,10689,87940620,2018-00347633,Orlando PD,Long,9/8/2018 0:00:00,09:55 AM,Orlando,Orange,EW EBO (SR 408),CONWAY RD (EXIT 13),0, ,Rear End,2,0,0,2,N,N,N,5700.000000000000000,Clear,Daylight,0,Rear End,E,Injury,Y,Front to Rear,Motor Vehicle in Transport,On Roadway,Entrance/Exit Ramp,N,Not at Intersection,State,Paved,Dry,None,None,None,None,None,None,N,N, , , , ,0,0,0,0,0,0,0,2,0,0,0,0,0.000000000000000,0.000000000000000,0,0,0,5700,"Mapped, On Network",-81.334064191899998,28.538161143100002,660356.909692000015639,506376.375716999988072,9/13/2018 10:09:05 PM,8355_8348
694,695,1,694,10712,87289762,FHPD18OFF090330,FHP,Long,9/5/2018 0:00:00,05:18 PM,Orlando Expwy Auth,Orange,STATE ROAD 408 EB MM21,ROUSE RD,50,East,Rear End,4,0,0,0,N,N,N,8000.000000000000000,Clear,Daylight,0,Rear End,E,Property Damage Only,Y,Front to Rear,Motor Vehicle in Transport,On Roadway,Non-Junction,N,Not at Intersection,State,Paved,Dry,None, , ,None, , ,N,N, , , , ,0,0,1,0,0,0,0,0,0,0,0,0,0.000000000000000,0.000000000000000,0,2,0,8000,"Mapped, On Network",-81.223051562600006,28.547215196400000,671174.033095999970101,507620.889228000014555,9/13/2018 2:24:56 PM,8077_8070
695,696,1,695,10726,87289765,FHPD18OFF090702,FHP,Long,9/6/2018 0:00:00,06:17 PM,Orlando Expwy Auth,Orange,STATE ROAD 417 WB MM14,STATE ROAD 436,0,East,Sideswipe,2,0,0,0,N,N,N,2000.000000000000000,Clear,Daylight,0,Same Direction Sideswipe,W,Property Damage Only,Y,"Sideswipe, Same Direction",Motor Vehicle in Transport,On Roadway,Non-Junction,N,Not at Intersection,State,Paved,Dry,None, , ,None, , ,N,N, , , , ,0,0,0,0,0,0,0,0,0,0,0,0,0.000000000000000,0.000000000000000,0,2,0,2000,"Mapped, On Network",-81.293419671799995,28.539757031000001,664321.755871000001207,506640.033605000004172,9/13/2018 11:18:06 PM,8427_6883
696,697,1,696,10736,87150902,FHPK18OFF065962,FHP,Long,9/6/2018 0:00:00,04:54 PM,Winter Garden,Orange,SR-429 (WESTERN BELTWAY),CR-535 (WINTER GARDEN VINELAND RD),5280,North,Rear End,2,0,0,0,N,N,N,1000.000000000000000,Cloudy,Daylight,0,Rear End,S,Property Damage Only,N,Front to Rear,Motor Vehicle in Transport,On Roadway,Non-Junction,N,Not at Intersection,Turnpike/Toll,Paved,Wet,None, , ,None, , ,N,N, , , , ,0,0,0,0,0,0,0,0,0,0,0,0,0.000000000000000,0.000000000000000,0,0,0,1000,"Mapped, Not On Network",-81.575770059999996,28.524951439399999,636783.798589000012726,504422.454239999991842,9/13/2018 3:24:30 PM,6989_8464
697,698,1,697,10790,87942658,2018-00344925,Orlando PD,Short,9/5/2018 0:00:00,12:11 PM,Orlando,Orange,SR 408 ENTRANCE RAMP,I-4 WEST,0,North,Rear End,2,0,0,0,N,N,N,2300.000000000000000,Clear,Daylight,0,Rear End,N,Property Damage Only,Y,Front to Rear,Motor Vehicle in Transport,On Roadway,Entrance/Exit Ramp,N,Not at Intersection,State,Paved,Dry,None, , ,None, , ,N,N, , , , ,0,0,0,0,0,0,0,0,0,0,0,0,0.000000000000000,0.000000000000000,0,0,0,2300,"Mapped, On Network",-81.391833693600006,28.535109893600001,654723.122220000019297,505916.943391999986488,9/10/2018 1:00:34 PM,8267_6679