FID,OBJECTID_1,Join_Count,TARGET_FID,OBJECTID,HSMV_Repor,Agency_Rep,Reporting_,Form_Type,Crash_Date,Crash_Time,City,County,Crash_Stre,Intersecti,Offset_Dis,Offset_Dir,Crash_Type,Vehicles,Non_Motori,Fatalities,Injuries,Alcohol_Re,Distractio,Drug_Relat,Estimated_,Weather_Co,Light_Cond,Street_Num,Crash_Ty_1,Crash_Ty_2,Crash_Seve,Within_Cit,Manner_of_,First_Harm,First_HE_L,First_HE_R,First_HE_W,Type_of_In,Road_Sys_I,Type_of_Sh,Road_Surf_,Contrib_Ci,Contrib__1,Contrib__2,Contrib__3,Contrib__4,Contrib__5,School_Bus,Work_Zone_,Type_of_Wo,Loc_in_Wor,Workers_in,Law_Enforc,Mopeds,Motorcycle,Passengers,Bicyclists,Pedestrian,Fataliti_1,Injuries_U,Possible_I,Non_Incapa,Incapacita,Fataliti_2,Non_Traffi,Transporte,Transpor_1,Transpor_2,Citations,Property_D,Vehicle_Dm,S4_Mapping,S4_Decimal,S4_Decim_1,S4_Albers_,S4_Albers1,S4_Mappi_1,zone_id_st
698,699,1,698,10810,87254690,FHPD18OFF091356,FHP,Long,9/8/2018 0:00:00,03:04 PM,Orlando Expwy Auth,Orange,SR-408 (MM22),WOODBURY ROAD,40,West,Sideswipe,2,0,0,0,N,N,N,4800.000000000000000,Rain,Daylight,0,Same Direction Sideswipe,E,Property Damage Only,N,Angle,Motor Vehicle in Transport,On Roadway,Non-Junction,N,Not at Intersection,Turnpike/Toll,Paved,Wet,None, , ,Weather Conditions, , ,N,N, , , , ,0,0,1,0,0,0,0,0,0,0,0,0,0.000000000000000,0.000000000000000,0,1,0,4800,"Mapped, On Network",-81.194914174800005,28.551724406700000,673909.837969999993220,508183.722351000003982,9/13/2018 10:38:57 PM,8041_6970
699,700,1,699,10822,87289764,FHPD18OFF090631,FHP,Long,9/6/2018 0:00:00,04:18 PM,Orlando Expwy Auth,Orange,STATE ROAD 417 SB MM27,LEE VISTA BLVD,0,North,Rear End,2,0,0,0,N,N,N,2500.000000000000000,Clear,Daylight,0,Rear End,S,Property Damage Only,Y,Front to Rear,Motor Vehicle in Transport,On Roadway,Non-Junction,N,Not at Intersection,State,Paved,Dry,None, , ,None, , ,N,N, , , , ,0,0,1,0,0,0,0,0,0,0,0,0,0.000000000000000,0.000000000000000,0,1,0,2500,"Mapped, On Network",-81.239733097200002,28.478067198300000,669717.202961000031792,499906.934949000016786,9/13/2018 2:24:39 PM,8383_8546
700,701,1,700,10823,87289763,FHPD18OFF090333,FHP,Long,9/5/2018 0:00:00,05:22 PM,Orlando Expwy Auth,Orange,STATE ROAD 417 NB MM17,BOGGY CREEK RD,0,South,Unknown,2,0,0,0,N,N,N,100.000000000000000,Clear,Daylight,0,Unknown, ,Property Damage Only,Y,Angle,"Struck by Falling, Shifting Cargo",On Roadway,Non-Junction,N,Not at Intersection,State,Paved,Dry,None, , ,None, , ,N,N, , , , ,0,0,0,0,0,0,0,0,0,0,0,0,0.000000000000000,0.000000000000000,0,0,0,100,"Mapped, On Network",-81.309748873900006,28.369357655000002,663140.132640999974683,487685.699248999997508,9/13/2018 11:18:22 PM,11015_8482
701,702,1,701,10851,87240833,FHPD18OFF090489,FHP,Short,9/6/2018 0:00:00,08:24 AM,Orlando Expwy Auth,Orange,WB SR-408 ENTRANCE RAMP,SR-434,25,West,Rear End,2,0,0,0,N,N,N,1000.000000000000000,Cloudy,Daylight,0,Rear End,W,Property Damage Only,Y,Front to Rear,Motor Vehicle in Transport,On Roadway,Entrance/Exit Ramp,N,Not at Intersection,State,Paved,Dry,None, , ,None, , ,N,N, , , , ,0,0,0,0,0,0,0,0,0,0,0,0,0.000000000000000,0.000000000000000,0,1,0,1000,"Mapped, Not On Network",-81.203944043899995,28.549835705900001,673033.000000000000000,507954.000000000000000,9/13/2018 2:23:27 PM,8041_6970
702,703,1,702,10864,87288724,FHPD18OFF086850,FHP,Long,8/27/2018 0:00:00,04:50 PM,Orlando,Orange,SB STATE ROAD 417,BOGGY CREEK,0, ,Sideswipe,2,0,0,0,N,N,N,400.000000000000000,Rain,Daylight,0,Same Direction Sideswipe,S,Property Damage Only,N,"Sideswipe, Same Direction",Motor Vehicle in Transport,On Roadway,Non-Junction,N,Not at Intersection,State,Paved,Wet,None, , ,None, , ,N,N, , , , ,0,0,0,0,0,0,0,0,0,0,0,0,0.000000000000000,0.000000000000000,0,0,0,400,"Mapped, On Network",-81.308647063500004,28.369581968900000,663247.342685000039637,487712.956530000024941,10/11/2018 1:14:14 PM,11015_8482
703,704,1,703,10895,87260513,FHPD18OFF089990,FHP,Long,9/4/2018 0:00:00,05:46 PM,Orlando Expwy Auth,Orange,STATE RD 408,DEAN RD,5280,East,Unknown,2,0,0,0,N,N,N,8500.000000000000000,Clear,Daylight,0,Unknown,E,Property Damage Only,N,Front to Rear,Motor Vehicle in Transport,On Roadway,Non-Junction,N,Not at Intersection,State,Paved,Dry,None, , ,None, , ,N,N, , , , ,0,0,0,0,0,0,0,0,0,0,0,0,0.000000000000000,0.000000000000000,0,1,0,8500,"Mapped, On Network",-81.238992269600004,28.547341654200000,669617.340715999947861,507599.975845000008121,9/10/2018 1:06:36 PM,6308_8005
704,705,1,704,10896,87260512,FHPD18OFF089900,FHP,Long,9/4/2018 0:00:00,02:37 PM,Orlando Expwy Auth,Orange,STATE RD 528,VIA FLORA,250,East,Rear End,2,0,0,0,N,N,N,12500.000000000000000,Clear,Daylight,0,Rear End,W,Property Damage Only,N,Front to Rear,Motor Vehicle in Transport,On Roadway,Non-Junction,N,Not at Intersection,State,Paved,Dry,None, , ,None, , ,N,Y,Work on Shoulder or Median,Advance Warning Area,N,N,0,0,1,0,0,0,0,0,0,0,0,0,0.000000000000000,0.000000000000000,0,1,0,12500,"Mapped, On Network",-81.344259889599996,28.450821177900000,659570.224449999979697,496657.495869999984279,9/10/2018 1:20:25 PM,11452_8329
705,706,1,705,10920,88005635,FHPD18OFF092231,FHP,Short,9/11/2018 0:00:00,07:55 AM,Orlando Expwy Auth,Orange,WB SR-528,SR-15,15840,East,Rear End,2,0,0,0,N,N,N,12000.000000000000000,Cloudy,Daylight,0,Rear End,W,Property Damage Only,Y,Front to Rear,Motor Vehicle in Transport,On Roadway,Entrance/Exit Ramp,N,Not at Intersection,State,Paved,Wet,None, , ,None, , ,N,N, , , , ,0,0,0,0,0,0,0,0,0,0,0,0,0.000000000000000,0.000000000000000,0,1,0,12000,"Mapped, On Network",-81.245533371999997,28.451206554900001,669217.154822999960743,496911.959863000025507,9/20/2018 12:33:35 PM,6666_8074
706,707,1,706,10943,87240837,FHPD18OFF091878,FHP,Long,9/10/2018 0:00:00,08:45 AM,Orlando Expwy Auth,Orange,EB SR-408,SR-435,0,East,Rear End,3,0,0,0,N,N,N,21000.000000000000000,Cloudy,Daylight,0,Rear End,E,Property Damage Only,Y,Front to Rear,Motor Vehicle in Transport,On Roadway,Non-Junction,N,Not at Intersection,State,Paved,Dry,None, , ,None, , ,N,N, , , , ,0,0,0,0,0,0,0,0,0,0,0,0,0.000000000000000,0.000000000000000,0,1,0,21000,"Mapped, Not On Network",-81.462169999899999,28.550120025100000,647820.498999999952503,507440.222499999974389,9/13/2018 5:03:05 PM,6068_8208
707,708,1,707,10945,87249542,FHPD18OFF093671,FHP,Long,9/14/2018 0:00:00,06:42 PM,Orlando Expwy Auth,Orange,SR408,21MM,0, ,Rear End,2,0,0,1,N,N,N,6000.000000000000000,Clear,Daylight,0,Rear End,E,Injury,Y,Front to Rear,Motor Vehicle in Transport,On Roadway,Non-Junction,N,Not at Intersection,State,Paved,Dry,None, , ,None, , ,N,N, , , , ,0,0,0,0,0,0,0,0,1,0,0,0,0.000000000000000,0.000000000000000,0,2,0,6000,"Mapped, On Network",-81.208534803099994,28.548828035400000,672587.325102000031620,507831.964890000002924,9/20/2018 9:41:47 PM,6690_8041
708,709,1,708,10946,87249541,FHPD18OFF093493,FHP,Short,9/14/2018 0:00:00,02:59 PM,Orlando Expwy Auth,Orange,SR-429-TOLL N,24MM,0, ,Off Road,1,0,0,0,N,N,N,0.000000000000000,Clear,Daylight,0,Off Road,N,Property Damage Only,Y,Other,Guardrail Face,Off Roadway,Non-Junction,N,Not at Intersection,State,Paved,Dry,None, , ,None, , ,N,N, , , , ,0,0,0,0,0,0,0,0,0,0,0,0,0.000000000000000,0.000000000000000,0,1,0,0,"Mapped, On Network",-81.558494348099998,28.563660040799999,638385.856860000058077,508753.717616999987513,9/20/2018 8:36:06 PM,8500_8421
709,710,1,709,10947,87249540,FHPD18OFF093212,FHP,Long,9/13/2018 0:00:00,07:26 PM,Orlando Expwy Auth,Orange,SR417,16MM,0, ,Sideswipe,2,0,0,1,N,N,N,9000.000000000000000,Clear,Daylight,0,Same Direction Sideswipe,S,Injury,Y,"Sideswipe, Same Direction",Motor Vehicle in Transport,On Roadway,Non-Junction,N,Not at Intersection,State,Paved,Dry,None, , ,None, , ,N,N, , , , ,0,0,0,0,0,0,0,0,1,0,0,0,1.000000000000000,0.000000000000000,0,1,0,9000,"Mapped, On Network",-81.319227913600002,28.367478902599998,662217.646105000050738,487456.908704000001308,9/20/2018 9:08:31 PM,8482_6618
710,711,1,710,10997,84505750,FHPD18OFF085329,FHP,Long,8/23/2018 0:00:00,03:40 PM,Orlando,Orange,SR 528 (BEACHLINE),DALLAS BLVD,5280,West,Rear End,2,0,0,3,N,N,N,4000.000000000000000,Cloudy,Daylight,0,Rear End,E,Injury,N,Other,Motor Vehicle in Transport,On Roadway,Non-Junction,N,Not at Intersection,Turnpike/Toll,Paved,Wet,None, , ,Weather Conditions, , ,N,N, , , , ,0,0,1,0,0,0,0,3,0,0,0,0,0.000000000000000,0.000000000000000,0,3,0,4000,"Mapped, On Network",-81.114839173899995,28.451347509600001,681988.352000999962911,497219.705912999983411,9/13/2018 3:34:36 PM,8101_6488
711,712,1,711,11010,87289768,FHPD18OFF092224,FHP,Long,9/11/2018 0:00:00,07:38 AM,Orlando Expwy Auth,Orange,STATE ROAD 408 EB MM8,JOHN YOUNG PKWY,0,West,Rear End,2,0,0,0,N,N,N,6000.000000000000000,Clear,Daylight,0,Rear End,E,Property Damage Only,Y,Front to Rear,Motor Vehicle in Transport,On Roadway,Non-Junction,N,Not at Intersection,State,Paved,Dry,None, , ,None, , ,N,N, , , , ,0,0,0,0,0,0,0,0,0,0,0,0,0.000000000000000,0.000000000000000,0,1,0,6000,"Mapped, On Network",-81.420386295200004,28.545745279700000,651910.272992999991402,507039.150305000017397,9/20/2018 9:13:15 PM,6011_8219
712,713,1,712,11031,87942363,2018-00348444,Orlando PD,Long,9/7/2018 0:00:00,10:10 PM,Orlando,Orange,SR-408,TAMPA AVE,0,East,Rear End,3,0,0,1,N,N,N,5500.000000000000000,Clear,Dark - Lighted,0,Rear End,E,Injury,Y,Front to Rear,Motor Vehicle in Transport,On Roadway,Non-Junction,N,Not at Intersection,State,Paved,Dry,None, , ,None, , ,N,Y,Lane Shift/Crossover,Transition Area,N,N,0,0,5,0,0,0,0,0,1,0,0,0,1.000000000000000,0.000000000000000,0,0,0,5500,"Mapped, On Network",-81.405426860700004,28.536288609500001,653393.005858000018634,506019.812358000024687,9/25/2018 1:51:09 PM,8169_8242
713,714,1,713,11052,88007264,FHPD18OFF093288,FHP,Long,9/14/2018 0:00:00,12:46 AM,Orlando,Orange,STATE ROAD 408 EB,MM5,0, ,Unknown,4,0,0,0,N,N,N,10000.000000000000000,Clear,Dark - Lighted,0,Unknown,E,Property Damage Only,N,Other,Other Non-Fixed Object,On Roadway,Non-Junction,N,Not at Intersection,County,Paved,Dry,None, , ,None, , ,N,N, , , , ,0,0,0,0,0,0,0,0,0,0,0,0,0.000000000000000,0.000000000000000,0,1,0,10000,"Mapped, On Network",-81.463100481100000,28.550271410800001,647729.303970000008121,507455.161587000009604,9/25/2018 1:40:07 PM,8203_6930
714,715,1,714,11073,87941154,2018-00326758,Orlando PD,Long,8/23/2018 0:00:00,08:49 AM,Orlando,Orange,SR 408 EAST,INTERSTATE 4 WEST (SR 400) EXIT RAMP,1000,West,Rear End,2,0,0,3,N,Y,N,20000.000000000000000,Clear,Daylight,0,Rear End,E,Injury,Y,Front to Rear,Motor Vehicle in Transport,On Roadway,Non-Junction,N,Not at Intersection,Interstate,Paved,Dry,None, , ,None, , ,N,N, , , , ,0,0,1,0,0,0,0,1,2,0,0,0,0.000000000000000,0.000000000000000,0,1,0,20000,"Mapped, On Network",-81.392798231800001,28.535098480399999,654628.962708999984898,505913.684162000019569,9/20/2018 12:09:43 PM,8248_8267
715,716,1,715,11075,87249545,FHPD18OFF095137,FHP,Long,9/18/2018 0:00:00,07:28 PM,Orlando Expwy Auth,Orange,SR417,33MM,0, ,Unknown,2,0,0,0,N,N,N,9000.000000000000000,Rain,Dark - Lighted,0,Unknown,S,Property Damage Only,Y,"Sideswipe, Same Direction",Motor Vehicle in Transport,On Roadway,Non-Junction,N,Not at Intersection,State,Paved,Wet,None, , ,None, , ,N,N, , , , ,0,0,0,0,0,0,0,0,0,0,0,0,0.000000000000000,0.000000000000000,0,1,0,9000,"Mapped, On Network",-81.256649308500002,28.546247911100000,667896.086697999970056,507440.057076999975834,10/3/2018 1:45:40 PM,2529_11876
716,717,1,716,11082,87249539,FHPD18OFF092888,FHP,Long,9/12/2018 0:00:00,09:10 PM,Orlando Expwy Auth,Orange,SR408,3MM,0, ,Rear End,2,0,0,1,N,N,N,9000.000000000000000,Clear,Dark - Lighted,0,Rear End,W,Injury,Y,Front to Rear,Motor Vehicle in Transport,On Roadway,Non-Junction,N,Not at Intersection,State,Paved,Dry,None, , ,None, , ,N,N, , , , ,0,0,0,0,0,0,0,0,1,0,0,0,1.000000000000000,0.000000000000000,0,2,0,9000,"Mapped, On Network",-81.491713500299994,28.548056198899999,644940.621852000011131,507152.043125000025611,9/20/2018 1:38:58 PM,6302_6788
717,718,1,717,11095,87941952,2018-00344518,Orlando PD,Long,9/5/2018 0:00:00,07:21 AM,Orlando,Orange,SR 408 WBO,S CRYSTAL LAKE DR EXIT,100,West,Rear End,2,0,0,1,N,N,N,1900.000000000000000,Clear,Daylight,0,Rear End,W,Injury,Y,Front to Rear,Motor Vehicle in Transport,On Roadway,Non-Junction,N,Not at Intersection,State,Paved,Dry,None, , ,None, , ,N,N, , , , ,0,0,0,0,0,0,0,1,0,0,0,0,0.000000000000000,0.000000000000000,0,0,0,1900,"Mapped, On Network",-81.339249883299999,28.538526187900001,659849.675924999988638,506405.968619999999646,1/8/2019 9:59:44 PM,6177_8353
718,719,1,718,11097,87942136,2018-00347500,Orlando PD,Long,9/7/2018 0:00:00,08:25 AM,Orlando,Orange,SR 408 WB,I-4 EASTBOUND RAMP,1000,East,Rear End,3,0,0,1,N,Y,N,4500.000000000000000,Clear,Daylight,0,Rear End,W,Injury,Y,Front to Rear,Motor Vehicle in Transport,On Roadway,Non-Junction,N,Not at Intersection,State,Paved,Dry,None, , ,None, , ,N,N, , , , ,0,0,0,0,0,0,0,1,0,0,0,0,0.000000000000000,0.000000000000000,0,1,0,4500,"Mapped, On Network",-81.371453442900005,28.537297149699999,656708.054843000019901,506202.058582999976352,9/20/2018 12:27:08 PM,8313_6737
719,720,1,719,11125,87284076,FHPD18OFF093261,FHP,Long,9/13/2018 0:00:00,09:30 PM,Orlando,Orange,STATE ROAD 417,STATE ROAD 50 (EAST COLONIAL DRIVE),300,South,Off Road,1,0,0,1,N,N,N,7000.000000000000000,Rain,Dark - Lighted,0,Off Road,N,Injury,N,Other,Concrete Traffic Barrier,Off Roadway,Non-Junction,N,Not at Intersection,State,Paved,Wet,None, , ,None, , ,N,N, , , , ,0,0,0,0,0,0,0,0,1,0,0,0,1.000000000000000,0.000000000000000,0,0,0,7000,"Mapped, On Network",-81.267395415999999,28.562810247000002,666806.114655000041239,509255.648089999973308,9/20/2018 11:57:33 PM,6966_8451
720,721,1,720,11149,87942049,2018-00351339,Orlando PD,Long,9/10/2018 0:00:00,07:40 AM,Orlando,Orange,SR 408,CRYSTAL LAKE DRIVE,0,East,Rear End,2,0,0,0,N,N,N,2000.000000000000000,Clear,Daylight,0,Rear End,W,Property Damage Only,Y,Front to Rear,Motor Vehicle in Transport,On Roadway,Non-Junction,N,Not at Intersection,State,Paved,Dry,None, , ,None, , ,N,N, , , , ,0,0,0,0,0,0,0,0,0,0,0,0,0.000000000000000,0.000000000000000,0,0,0,2000,"Mapped, On Network",-81.343531602900001,28.538465654600000,659431.731412000022829,506390.232362999988254,9/20/2018 12:32:03 PM,8353_6185
721,722,1,721,11167,87249538,FHPD18OFF092826,FHP,Short,9/12/2018 0:00:00,05:06 PM,Orlando Expwy Auth,Orange,SR408,18MM,0, ,Sideswipe,2,0,0,0,N,N,N,4000.000000000000000,Clear,Daylight,0,Same Direction Sideswipe,E,Property Damage Only,Y,"Sideswipe, Same Direction",Motor Vehicle in Transport,On Roadway,Non-Junction,N,Not at Intersection,State,Paved,Dry,None, , ,None, , ,N,N, , , , ,0,0,0,0,0,0,0,0,0,0,0,0,0.000000000000000,0.000000000000000,0,1,0,4000,"Mapped, On Network",-81.252837000599996,28.547326198899999,668265.640447000041604,507568.065339000022504,9/20/2018 1:38:49 PM,8027_6269
722,723,1,722,11168,87249531,FHPD18OFF086688,FHP,Short,8/27/2018 0:00:00,11:02 AM,Orlando Expwy Auth,Orange,SR417,33MM,0, ,Rear End,2,0,0,0,N,N,N,1025.000000000000000,Clear,Daylight,0,Rear End,S,Property Damage Only,Y,Front to Rear,Motor Vehicle in Transport,On Roadway,Non-Junction,N,Not at Intersection,State,Paved,Dry,None, , ,None, , ,N,N, , , , ,0,0,0,0,0,0,0,0,0,0,0,0,0.000000000000000,0.000000000000000,0,1,0,1025,"Mapped, On Network",-81.268262485799994,28.560583687800001,666726.946797000011429,509006.561023999995086,9/20/2018 9:16:11 PM,8572_8453
723,724,1,723,11169,88006151,FHPD18OFF095331,FHP,Long,9/19/2018 0:00:00,12:07 PM,Orlando Expwy Auth,Orange,STATE RD 417,STATE RD 408,0,South,Unknown,2,0,0,0,N,N,N,3000.000000000000000,Clear,Daylight,0,Unknown,N,Property Damage Only,N,"Sideswipe, Same Direction",Motor Vehicle in Transport,On Roadway,Non-Junction,N,Not at Intersection,State,Paved,Dry,Work Zone, , ,None, , ,N,Y,Work on Shoulder or Median,Advance Warning Area,N,N,0,0,0,0,0,0,0,0,0,0,0,0,0.000000000000000,0.000000000000000,0,1,0,3000,"Mapped, Not On Network",-81.258260000199996,28.547800025099999,667734.991799999959767,507608.887600000016391,10/30/2018 7:35:35 PM,11876_8570
724,725,1,724,11195,87943228,2018-00356450,Orlando PD,Long,9/13/2018 0:00:00,04:30 PM,Orlando,Orange,EW EBO,TAMPA AVE,400,West,Rear End,2,0,0,0,N,N,N,1500.000000000000000,Clear,Daylight,0,Rear End,E,Property Damage Only,Y,Front to Rear,Motor Vehicle in Transport,On Roadway,Non-Junction,N,Not at Intersection,Turnpike/Toll,Paved,Dry,None, , ,None, , ,N,N, , , , ,0,0,2,0,0,0,0,0,0,0,0,0,0.000000000000000,0.000000000000000,0,0,0,1500,"Mapped, On Network",-81.408459760100001,28.538481962900001,653091.729637000011280,506257.114838999987114,9/24/2018 1:47:38 PM,8213_8169
725,726,1,725,11196,87943082,2018-00355904,Orlando PD,Long,9/13/2018 0:00:00,09:51 AM,Orlando,Orange,SR 408 EAST,SR 527 (S ORANGE AV) EXIT,500,West,Unknown,2,0,0,0,N,N,N,1000.000000000000000,Clear,Daylight,0,Unknown, ,Property Damage Only,Y,Angle,Motor Vehicle in Transport,On Roadway,Non-Junction,N,Not at Intersection,State,Paved,Dry,None, , ,None, , ,N,N, , , , ,0,0,0,0,0,0,0,0,0,0,0,0,0.000000000000000,0.000000000000000,0,0,0,1000,"Mapped, On Network",-81.379074924899996,28.535433861000001,655968.238730999990366,505979.333227999974042,9/25/2018 1:16:51 PM,6679_6276
726,727,1,726,11222,87254691,FHPD18OFF092146,FHP,Long,9/10/2018 0:00:00,09:10 PM,Orlando Expwy Auth,Orange,MSR-528 (MM23),DALLAS BLVD,5280,West,Off Road,1,0,0,0,N,N,N,2800.000000000000000,Rain,Dark - Lighted,0,Off Road,E,Property Damage Only,N,Other,Concrete Traffic Barrier,Shoulder,Non-Junction,N,Not at Intersection,Turnpike/Toll,Paved,Wet,None, , ,None, , ,N,Y,Work on Shoulder or Median,Advance Warning Area,N,N,0,0,1,0,0,0,0,0,0,0,0,0,0.000000000000000,0.000000000000000,0,0,0,2800,"Mapped, On Network",-81.112069920200000,28.451339176200001,682258.984088000026532,497225.116304000024684,9/20/2018 8:37:27 PM,8101_6488
727,728,1,727,11230,87941082,2018-00317202,Orlando PD,Long,8/16/2018 0:00:00,01:01 PM,Orlando,Orange,EW EBO,N BUMBY AV EXIT RAMP,500,West,Unknown,2,0,0,1,N,N,N,10500.000000000000000,Cloudy,Daylight,0,Unknown, ,Injury,Y,Angle,Motor Vehicle in Transport,On Roadway,Non-Junction,N,Not at Intersection,State,Curb,Dry,None, , ,None, , ,N,N, , , , ,0,0,2,0,0,0,0,1,0,0,0,0,1.000000000000000,0.000000000000000,0,1,0,10500,"Mapped, On Network",-81.353421083599997,28.538160231199999,658466.797392999986187,506335.554122000001371,10/5/2018 1:22:23 PM,8311_6252
728,729,1,728,11241,87289769,FHPD18OFF092615,FHP,Long,9/12/2018 0:00:00,08:10 AM,Orlando Expwy Auth,Orange,STATE ROAD 408 EB MM4,PAUL ST,200,West,Rear End,5,0,0,0,N,N,N,6000.000000000000000,Clear,Daylight,0,Rear End,E,Property Damage Only,Y,Front to Rear,Motor Vehicle in Transport,On Roadway,Non-Junction,N,Not at Intersection,State,Paved,Dry,None, , ,None, , ,N,N, , , , ,0,0,1,0,0,0,0,0,0,0,0,0,0.000000000000000,0.000000000000000,0,1,0,6000,"Mapped, On Network",-81.465446075299994,28.549634229300000,647501.742306999978609,507379.703899000014644,9/20/2018 1:39:58 PM,8146_6068
729,730,1,729,11289,87941079,2018-00326686,Orlando PD,Short,8/23/2018 0:00:00,08:09 AM,Orlando,Orange,SR 408 WBO,S MILLS AVE,1000,East,Rear End,2,0,0,0,N,N,N,100.000000000000000,Clear,Daylight,0,Rear End,W,Property Damage Only,Y,Front to Rear,Motor Vehicle in Transport,On Roadway,Non-Junction,N,Not at Intersection,State,Paved,Dry,None, , ,None, , ,N,N, , , , ,0,0,1,0,0,0,0,0,0,0,0,0,0.000000000000000,0.000000000000000,0,0,0,100,"Mapped, On Network",-81.361033860299997,28.537762309600001,657724.387452000053599,506275.439290000009350,9/27/2018 1:04:24 PM,8315_8311
730,731,1,730,11292,87941131,2018-00326639,Orlando PD,Long,8/23/2018 0:00:00,07:46 AM,Orlando,Orange,SR 408 WBO,S BUMBY AV (ON RAMP),450,West,Rear End,3,0,0,0,N,Y,N,10800.000000000000000,Clear,Daylight,0,Rear End,W,Property Damage Only,Y,Front to Rear,Motor Vehicle in Transport,On Roadway,Non-Junction,N,Not at Intersection,State,Paved,Dry,None, , ,None, , ,N,N, , , , ,0,0,0,0,0,0,0,0,0,0,0,0,0.000000000000000,0.000000000000000,0,1,0,10800,"Mapped, On Network",-81.353291643299997,28.538180470200000,658479.388440000009723,506338.072577000013553,9/27/2018 1:02:51 PM,8311_6252
731,732,1,731,11300,87288726,FHPD18OFF087138,FHP,Long,8/28/2018 0:00:00,01:50 PM,Unincorporated,Orange,EB STATE ROAD 528,MILE MARKER 31 (STATE ROAD 520),0,East,Off Road,1,0,0,0,N,N,N,2000.000000000000000,Rain,Daylight,0,Off Road,E,Property Damage Only,N,Other,Guardrail Face,Off Roadway,Non-Junction,N,Not at Intersection,State,Paved,Wet,None, , ,None, , ,N,N, , , , ,0,0,0,0,0,0,0,0,0,0,0,0,0.000000000000000,0.000000000000000,0,0,0,2000,"Mapped, On Network",-80.970046466800000,28.452515549699999,696134.059521000017412,497688.795421999995597,9/20/2018 7:34:16 PM,8083_6824
732,733,1,732,11315,87284078,FHPD18OFF093783,FHP,Long,9/15/2018 0:00:00,12:34 AM,Orlando,Orange,STATE ROAD 417 (TOLL PLAZA),LEE VISTA BOULEVARD,400,North,Off Road,1,0,0,0,N,N,N,2500.000000000000000,Cloudy,Dark - Lighted,0,Off Road,S,Property Damage Only,N,Other,Impact Attenuator/Crash Cushion,On Roadway,Non-Junction,N,Not at Intersection,State,Curb,Dry,None, , ,None, , ,N,N, , , , ,0,0,0,0,0,0,0,0,0,0,0,0,0.000000000000000,0.000000000000000,0,0,0,2500,"Mapped, On Network",-81.239750849499998,28.478135725800001,669715.298267000005580,499914.504627000016626,9/20/2018 10:39:23 PM,8383_8546
733,734,1,733,11335,87285425,FHPD18OFF091735,FHP,Long,9/9/2018 0:00:00,09:30 PM,Ocoee,Orange,STATE ROAD 429,MM 26,0, ,Sideswipe,2,0,0,0,N,N,N,5000.000000000000000,Clear,Dark - Lighted,0,Same Direction Sideswipe,S,Property Damage Only,N,"Sideswipe, Same Direction",Motor Vehicle in Transport,On Roadway,Non-Junction,N,Not at Intersection,State,Paved,Dry,None, , ,None, , ,N,N, , , , ,0,0,0,0,0,0,0,0,0,0,0,0,0.000000000000000,0.000000000000000,0,0,0,5000,"Mapped, On Network",-81.538122448699994,28.605073566100000,640282.869626000057906,513391.545368999999482,9/19/2018 1:11:43 PM,7012_8458
734,735,1,734,11342,85460444,FHPD18OFF091818,FHP,Long,9/10/2018 0:00:00,07:30 AM,Orlando,Orange,SR-408 (EAST-WEST EXPRESSWAY),PINE HILLS ROAD,0, ,Rear End,2,0,0,0,N,Y,N,1600.000000000000000,Clear,Daylight,0,Rear End,E,Property Damage Only,N,Front to Rear,Motor Vehicle in Transport,On Roadway,Non-Junction,N,Not at Intersection,Turnpike/Toll,Paved,Dry,None, , ,None, , ,N,N, , , , ,0,0,0,0,0,0,0,0,0,0,0,0,0.000000000000000,0.000000000000000,0,1,0,1600,"Mapped, On Network",-81.447814993300000,28.548211651399999,649226.459746000007726,507257.262260999996215,10/4/2018 1:56:40 PM,8205_6294
735,736,1,735,11346,87285444,FHPD18OFF094449,FHP,Long,9/17/2018 0:00:00,02:40 AM,Orlando,Orange,STATE ROAD 528 EASTBOUND,MM 23,0, ,Off Road,1,0,0,0,N,N,N,10000.000000000000000,Clear,Dark - Lighted,0,Off Road,W,Property Damage Only,N,Other,Guardrail Face,On Roadway,Non-Junction,N,Not at Intersection,State,Curb,Dry,None, , ,None, , ,N,N, , , , ,0,0,0,0,0,0,0,0,0,0,0,0,0.000000000000000,0.000000000000000,0,0,0,10000,"Mapped, On Network",-81.108305142399999,28.451535362500000,682626.365683999960311,497255.521025999973062,9/20/2018 10:33:07 PM,6073_8099
736,737,1,736,11347,87285441,FHPD18OFF094416,FHP,Long,9/16/2018 0:00:00,10:25 PM,Orlando,Orange,STATE ROAD 408 EASTBOUND,MM17,0, ,Off Road,1,0,0,0,N,N,N,10000.000000000000000,Clear,Dark - Lighted,0,Off Road,E,Property Damage Only,N,Other,Utility Pole/Light Support,On Roadway,Non-Junction,N,Not at Intersection,State,Paved,Dry,None, , ,None, , ,N,N, , , , ,0,0,0,0,0,0,0,0,0,0,0,0,0.000000000000000,0.000000000000000,0,0,0,10000,"Mapped, On Network",-81.270184376700001,28.547052110399999,666572.587880000006407,507500.014293999993242,9/20/2018 10:33:59 PM,8412_7015