FID,OBJECTID_1,Join_Count,TARGET_FID,OBJECTID,HSMV_Repor,Agency_Rep,Reporting_,Form_Type,Crash_Date,Crash_Time,City,County,Crash_Stre,Intersecti,Offset_Dis,Offset_Dir,Crash_Type,Vehicles,Non_Motori,Fatalities,Injuries,Alcohol_Re,Distractio,Drug_Relat,Estimated_,Weather_Co,Light_Cond,Street_Num,Crash_Ty_1,Crash_Ty_2,Crash_Seve,Within_Cit,Manner_of_,First_Harm,First_HE_L,First_HE_R,First_HE_W,Type_of_In,Road_Sys_I,Type_of_Sh,Road_Surf_,Contrib_Ci,Contrib__1,Contrib__2,Contrib__3,Contrib__4,Contrib__5,School_Bus,Work_Zone_,Type_of_Wo,Loc_in_Wor,Workers_in,Law_Enforc,Mopeds,Motorcycle,Passengers,Bicyclists,Pedestrian,Fataliti_1,Injuries_U,Possible_I,Non_Incapa,Incapacita,Fataliti_2,Non_Traffi,Transporte,Transpor_1,Transpor_2,Citations,Property_D,Vehicle_Dm,S4_Mapping,S4_Decimal,S4_Decim_1,S4_Albers_,S4_Albers1,S4_Mappi_1,zone_id_st
737,738,1,737,11357,87942889,2018-00357357,Orlando PD,Short,9/14/2018 0:00:00,08:37 AM,Orlando,Orange,SR 408 WBO,I4 EBO (EXIT RAMP),700,East,Rear End,2,0,0,0,N,N,N,1400.000000000000000,Clear,Daylight,0,Rear End,W,Property Damage Only,Y,Angle,Motor Vehicle in Transport,On Roadway,Non-Junction,N,Not at Intersection,State,Paved,Dry,None, , ,None, , ,N,N, , , , ,0,0,0,0,0,0,0,0,0,0,0,0,0.000000000000000,0.000000000000000,0,0,0,1400,"Mapped, On Network",-81.373495179499997,28.537126871600002,656509.088504999992438,506178.903784000023734,9/20/2018 7:20:45 PM,8313_6737
738,739,1,738,11358,87942811,2018-00348995,Orlando PD,Long,9/8/2018 0:00:00,09:19 AM,Orlando,Orange,SR 408 WBO,ROSALIND AVE EXIT RAMP,100,East,Other,1,0,0,0,N,N,N,3500.000000000000000,Clear,Daylight,0,Single Vehicle,W,Property Damage Only,Y,Other,"Struck by Falling, Shifting Cargo",On Roadway,Non-Junction,N,Not at Intersection,U.S.,Paved,Dry,None, , ,None, , ,N,N, , , , ,0,0,1,0,0,0,0,0,0,0,0,0,0.000000000000000,0.000000000000000,0,0,0,3500,"Mapped, On Network",-81.365529549200005,28.537360790499999,657286.352867000037804,506221.470524000003934,9/19/2018 1:10:56 PM,8309_8313
739,740,1,739,11374,87236203,FHPK18OFF067209,FHP,Long,9/11/2018 0:00:00,06:47 PM,Winter Garden,Orange,STATE ROAD 429,MM19,0, ,Rear End,4,0,0,2,N,N,N,25000.000000000000000,Rain,Daylight,0,Rear End,S,Injury,N,Front to Rear,Motor Vehicle in Transport,On Roadway,Non-Junction,N,Not at Intersection,Turnpike/Toll,Paved,Wet,Road Surface Condition, , ,Weather Conditions, , ,N,N, , , , ,0,0,3,0,0,0,0,0,1,1,0,0,2.000000000000000,0.000000000000000,0,1,0,25000,"Mapped, On Network",-81.590407109799997,28.516011223400000,635373.724114999989979,503401.758341000007931,9/20/2018 12:43:34 PM,8464_8492
740,741,1,740,11449,87284732,FHPD18OFF094118,FHP,Long,9/15/2018 0:00:00,11:15 PM,Orlando,Orange,STATE ROAD 408,MM 19,0, ,Rear End,2,0,0,1,N,N,N,28000.000000000000000,Clear,Dark - Lighted,0,Rear End,E,Injury,N,Front to Rear,Motor Vehicle in Transport,On Roadway,Non-Junction,N,Not at Intersection,Interstate,Paved,Dry,None, , ,None, , ,N,N, , , , ,0,0,1,0,0,0,0,0,0,1,0,0,1.000000000000000,0.000000000000000,0,1,0,28000,"Mapped, On Network",-81.240441356000005,28.547103068100000,669476.451353000011295,507570.318631000001915,9/20/2018 5:27:58 PM,8009_6303
741,742,1,741,11467,87285440,FHPD18OFF094410,FHP,Short,9/16/2018 0:00:00,10:10 PM,Orlando,Orange,STATE ROAD 417 NORTHBOUND,MM13,0, ,Sideswipe,2,0,0,0,N,Y,N,1500.000000000000000,Clear,Dark - Not Lighted,0,Same Direction Sideswipe,N,Property Damage Only,N,"Sideswipe, Same Direction",Motor Vehicle in Transport,On Roadway,Non-Junction,N,Not at Intersection,State,Paved,Dry,None, , ,None, , ,N,N, , , , ,0,0,0,0,0,0,0,0,0,0,0,0,0.000000000000000,0.000000000000000,0,1,0,1500,"Mapped, On Network",-81.375501791100007,28.368147769299998,656712.519551999983378,487412.768221999984235,9/24/2018 2:02:22 PM,9178_7997
742,743,1,742,11475,87254693,FHPD18OFF093674,FHP,Long,9/14/2018 0:00:00,06:45 PM,Orlando Expwy Auth,Orange,SR-528 (MM9),TRADEPORT DRIVE,60,West,Rear End,2,0,0,0,N,N,N,3000.000000000000000,Clear,Daylight,0,Rear End,E,Property Damage Only,N,Front to Rear,Motor Vehicle in Transport,On Roadway,Non-Junction,N,Not at Intersection,Turnpike/Toll,Paved,Dry,None, , ,None, , ,N,N, , , , ,0,0,0,0,0,0,0,0,0,0,0,0,0.000000000000000,0.000000000000000,0,2,0,3000,"Mapped, On Network",-81.333734415600006,28.451045964300000,660598.277364999987185,496704.653464999981225,9/20/2018 8:41:47 PM,8331_8341
743,744,1,743,11482,87249032,FHPD18OFF083277,FHP,Long,8/18/2018 0:00:00,12:28 AM,Ocoee,Orange,SB SR429,MM26,500,South,Other,1,0,0,0,N,N,N,1000.000000000000000,Cloudy,Dark - Not Lighted,0,Single Vehicle,S,Property Damage Only,N,Other,Other Non-Collision,On Roadway,Non-Junction,N,Not at Intersection,State,Paved,Wet,None, , ,None, , ,N,N, , , , ,0,0,0,0,0,0,0,0,0,0,0,0,0.000000000000000,0.000000000000000,0,0,0,1000,"Mapped, Not On Network",-81.557860629999993,28.591638589599999,638386.193369999993593,511861.505918000009842,9/13/2018 2:54:11 PM,6248_5993
744,745,1,744,11511,87289774,FHPD18OFF095566,FHP,Short,9/20/2018 0:00:00,07:55 AM,Orlando Expwy Auth,Orange,STATE ROAD 408 WB MM19,ROUSE RD,5280,West,Rear End,2,0,0,0,N,N,N,2000.000000000000000,Clear,Daylight,0,Rear End,W,Property Damage Only,Y,Front to Rear,Motor Vehicle in Transport,On Roadway,Non-Junction,N,Not at Intersection,State,Paved,Dry,None, , ,None, , ,N,N, , , , ,0,0,2,0,0,0,0,0,0,0,0,0,0.000000000000000,0.000000000000000,0,1,0,2000,"Mapped, On Network",-81.228845696199997,28.547348357099999,670607.988530999980867,507622.945499000023119,10/1/2018 1:16:08 PM,6045_6306
745,746,1,745,11521,87283192,FHPD18OFF088407,FHP,Long,8/31/2018 0:00:00,02:33 PM,Orlando,Orange,STATE ROAD 408 EASTBOUND EXIT RAMP,GOLDENROD ROAD,0, ,Other,2,0,0,0,N,N,N,750.000000000000000,Clear,Daylight,0,Other,E,Property Damage Only,N,"Sideswipe, Same Direction",Motor Vehicle in Transport,On Roadway,Intersection,N,Four-Way Intersection,State,Curb,Dry,None, , ,None, , ,N,N, , , , ,0,0,2,0,0,0,0,0,0,0,0,0,0.000000000000000,0.000000000000000,0,0,0,750,"Mapped, On Network",-81.285677568599993,28.540668888300001,665075.490640999982134,506757.894924999971408,9/13/2018 11:24:16 PM,8406_8427
746,747,1,746,11526,87249021,FHPD18OFF080660,FHP,Long,8/11/2018 0:00:00,02:01 AM,Orlando,Orange,WB SR408,MM1,500,East,Other,1,0,0,1,Y,Y,N,100.000000000000000,Clear,Dark - Lighted,0,Single Vehicle,W,Injury,N,Other,Other Non-Collision,Off Roadway,Non-Junction,N,Not at Intersection,State,Paved,Dry,None, , ,None, , ,N,N, , , , ,0,0,0,0,0,0,0,0,0,1,0,0,1.000000000000000,0.000000000000000,0,1,0,100,"Mapped, On Network",-81.511734668100004,28.545155030099998,642992.270608999999240,506790.307540000008885,9/13/2018 1:52:27 PM,8150_8116
747,748,1,747,11543,87279599,FHPD18OFF095240,FHP,Short,9/19/2018 0:00:00,08:42 AM,Orlando Expwy Auth,Orange,SR-417 SB (CENTRAL FLORIDA GREENEWAY),SR-408 EASTBOUND RAMP,0, ,Sideswipe,2,0,0,0,N,Y,N,2500.000000000000000,Clear,Daylight,0,Same Direction Sideswipe,S,Property Damage Only,N,"Sideswipe, Same Direction",Motor Vehicle in Transport,On Roadway,Driveway/Alley Access Related,N,Not at Intersection,State,Unpaved,Dry,None, , ,None, , ,N,N, , , , ,0,0,0,0,0,0,0,0,0,0,0,0,0.000000000000000,0.000000000000000,0,1,0,2500,"Mapped, On Network",-81.255557325599995,28.545217188999999,668005.251705999951810,507327.990516000019852,10/3/2018 2:25:45 PM,2529_11876
748,749,1,748,11589,87259903,FHPD18OFF083264,FHP,Long,8/17/2018 0:00:00,11:03 PM,Orlando,Orange,STATE ROAD 417 (CENTRAL FL GREENEWAY),MILE MARKER 7,250,South,Unknown,3,0,0,1,N,N,N,9500.000000000000000,Clear,Dark - Lighted,0,Unknown,N,Injury,N,Angle,Motor Vehicle in Transport,On Roadway,Non-Junction,N,Not at Intersection,State,Paved,Dry,None, , ,None, , ,N,N, , , , ,0,0,2,0,0,0,0,0,1,0,0,0,1.000000000000000,0.000000000000000,0,0,0,9500,"Mapped, Not On Network",-81.465184989999997,28.354099688800002,647973.577045000041835,485669.452469000010751,9/13/2018 2:50:46 PM,8581_7010
749,750,1,749,11597,88006150,FHPD18OFF095285,FHP,Long,9/19/2018 0:00:00,11:27 AM,Orlando Expwy Auth,Orange,STATE RD 417,STATE RD 528,5280,North,Rear End,2,0,0,0,N,N,N,9000.000000000000000,Clear,Daylight,0,Rear End,S,Property Damage Only,N,Front to Rear,Motor Vehicle in Transport,On Roadway,Non-Junction,N,Not at Intersection,State,Paved,Dry,None, , ,None, , ,N,N, , , , ,0,0,0,0,0,0,0,0,0,0,0,0,0.000000000000000,0.000000000000000,0,1,0,9000,"Mapped, Not On Network",-81.229709999600004,28.438150024999999,670796.018599999952130,495496.957700000028126,10/30/2018 7:35:48 PM,7999_8391
750,751,1,750,11612,87252981,FHPD18OFF089316,FHP,Long,9/3/2018 0:00:00,01:00 AM,Orlando,Orange,NB SR417,MM30,100,North,Sideswipe,2,0,0,1,N,N,N,3000.000000000000000,Cloudy,Dark - Lighted,0,Same Direction Sideswipe,N,Injury,N,"Sideswipe, Same Direction",Motor Vehicle in Transport,On Roadway,Non-Junction,N,Not at Intersection,State,Paved,Wet,None, , ,None, , ,N,N, , , , ,0,0,1,0,0,0,0,0,0,1,0,0,1.000000000000000,0.000000000000000,0,0,0,3000,"Mapped, On Network",-81.250083770499998,28.515466682700001,668613.349172999965958,504036.749425999994855,9/13/2018 8:38:17 PM,8553_6689
751,752,1,751,11647,87254702,FHPD18OFF096815,FHP,Long,9/23/2018 0:00:00,04:59 PM,Orlando Expwy Auth,Orange,SR-408 (MM4),HIAWASSEE  ROAD,0,East,Off Road,1,0,0,0,N,Y,N,2400.000000000000000,Clear,Daylight,0,Off Road,W,Property Damage Only,N,Other,Guardrail Face,Shoulder,Non-Junction,N,Not at Intersection,Turnpike/Toll,Paved,Dry,None, , ,None, , ,N,N, , , , ,0,0,0,0,0,0,0,0,0,0,0,0,0.000000000000000,0.000000000000000,0,1,0,2400,"Mapped, On Network",-81.465254034200001,28.549853039399999,647519.993207999970764,507404.384352000022773,10/5/2018 2:32:59 PM,8203_6930
752,753,1,752,11648,88005637,FHPD18OFF095937,FHP,Long,9/21/2018 0:00:00,08:19 AM,Orlando Expwy Auth,Orange,SB SR-417 EXIT RAMP,SR-15,10560,East,Off Road,1,0,0,1,N,Y,N,10000.000000000000000,Cloudy,Daylight,0,Off Road,S,Injury,Y,Other,Guardrail Face,On Roadway,Non-Junction,N,Not at Intersection,State,Paved,Dry,None, , ,None, , ,N,N, , , , ,0,0,0,0,0,0,0,0,1,0,0,0,1.000000000000000,0.000000000000000,0,2,0,10000,"Mapped, Not On Network",-81.230646649999997,28.453097539100000,670667.199369000038132,497154.501058999972884,10/10/2018 1:18:59 PM,7991_7999
753,754,1,753,11649,88005639,FHPD18OFF097045,FHP,Long,9/24/2018 0:00:00,10:50 AM,Orlando Expwy Auth,Orange,WB SR-408,SR-435,0,East,Sideswipe,2,0,0,0,N,N,N,7500.000000000000000,Cloudy,Daylight,0,Same Direction Sideswipe,W,Property Damage Only,Y,"Sideswipe, Same Direction",Motor Vehicle in Transport,On Roadway,Non-Junction,N,Not at Intersection,State,Unpaved,Dry,None, , ,None, , ,N,N, , , , ,0,0,1,0,0,0,0,0,0,0,0,0,0.000000000000000,0.000000000000000,0,2,0,7500,"Mapped, On Network",-81.450788447799994,28.548363786399999,648935.787539000040852,507268.148074000026099,10/8/2018 1:05:10 PM,6994_8201
754,755,1,754,11666,87254695,FHPD18OFF094092,FHP,Long,9/15/2018 0:00:00,09:13 PM,Orlando Expwy Auth,Orange,SR-417 NB ENTRANCE RAMP,SR-536 (WORLD CENTER DR),10,North,Sideswipe,2,0,0,0,N,N,N,1800.000000000000000,Clear,Dark - Lighted,0,Same Direction Sideswipe,N,Property Damage Only,N,Angle,Motor Vehicle in Transport,On Roadway,Entrance/Exit Ramp,N,Not at Intersection,Turnpike/Toll,Curb,Dry,None, , ,None, , ,N,N, , , , ,0,0,0,0,0,0,0,0,0,0,0,0,0.000000000000000,0.000000000000000,0,1,0,1800,"Mapped, Not On Network",-81.476280000100004,28.356580024700001,646882.699299999978393,485922.590800000005402,9/28/2018 1:29:49 PM,6071_8579
755,756,1,755,11697,87943799,2018-00374897,Orlando PD,Long,9/27/2018 0:00:00,07:54 AM,Orlando,Orange,SR-408 WESTBOUND,S CONWAY RD,0, ,Rear End,2,0,0,0,N,Y,N,1001.000000000000000,Clear,Daylight,0,Rear End,W,Property Damage Only,Y,Front to Rear,Motor Vehicle in Transport,On Roadway,Non-Junction,N,Not at Intersection,State,Paved,Dry,None, , ,None, , ,N,N, , , , ,0,0,0,0,0,0,0,0,0,0,0,0,0.000000000000000,0.000000000000000,0,1,0,1001,"Mapped, On Network",-81.338651654800003,28.538526600800001,659908.089046000037342,506407.275201999989804,10/18/2018 1:56:37 PM,6177_8353
756,757,1,756,11705,87942619,2018-00368901,Orlando PD,Long,9/22/2018 0:00:00,07:52 PM,Orlando,Orange,STATE ROAD 408 EAST,SOUTH CONWAY ROAD,70,West,Off Road,1,0,0,0,N,N,N,10000.000000000000000,Clear,Dark - Lighted,0,Off Road,E,Property Damage Only,Y,"Sideswipe, Same Direction",Concrete Traffic Barrier,On Roadway,Non-Junction,N,Not at Intersection,Interstate,Paved,Dry,None, , ,None, , ,N,N, , , , ,0,0,0,0,0,0,0,0,0,0,0,0,0.000000000000000,0.000000000000000,0,0,0,10000,"Mapped, On Network",-81.334611504400002,28.538225232700000,660303.313313000020571,506382.336148999980651,10/5/2018 1:05:28 PM,8355_8348
757,758,1,757,11729,88005638,FHPD18OFF096344,FHP,Short,9/22/2018 0:00:00,07:06 AM,Orlando Expwy Auth,Orange,WB SR-408,HIAWASSEE ROAD,0,East,Rear End,2,0,0,0,N,N,N,16000.000000000000000,Clear,Daylight,0,Rear End,W,Property Damage Only,Y,Front to Rear,Motor Vehicle in Transport,On Roadway,Non-Junction,N,Not at Intersection,State,Paved,Dry,None, , ,None, , ,N,N, , , , ,0,0,0,0,0,0,0,0,0,0,0,0,0.000000000000000,0.000000000000000,0,1,0,16000,"Mapped, Not On Network",-81.483189999999993,28.549130024400000,645770.414400000008754,507288.231900000013411,10/10/2018 2:01:34 PM,8148_6298
758,759,1,758,11736,87438249,2018-00369455,Orlando PD,Long,9/23/2018 0:00:00,07:13 AM,Orlando,Orange,SR 408,CRYSTAL LAKE DR,100,East,Rear End,2,0,0,1,N,Y,N,9000.000000000000000,Clear,Daylight,0,Rear End,W,Injury,Y,Front to Rear,Motor Vehicle in Transport,On Roadway,Entrance/Exit Ramp,N,Other,State,Paved,Dry,Other, , ,None, , ,N,N, , , , ,0,0,0,0,0,0,0,0,1,0,0,0,1.000000000000000,0.000000000000000,0,0,0,9000,"Mapped, On Network",-81.339969959000001,28.538499958700001,659779.426849000039510,506401.539246000000276,10/8/2018 1:11:03 PM,8353_6185
759,760,1,759,11738,87279600,FHPD18OFF096097,FHP,Long,9/21/2018 0:00:00,03:27 PM,Orlando,Orange,SR-528,MILE MARKER 24,0, ,Unknown,2,0,0,0,N,Y,N,7000.000000000000000,Clear,Daylight,0,Unknown,W,Property Damage Only,N,Front to Rear,Motor Vehicle in Transport,On Roadway,Non-Junction,N,Not at Intersection,State,Paved,Dry,None, , ,None, , ,N,N, , , , ,0,0,3,0,0,0,0,0,0,0,0,0,0.000000000000000,0.000000000000000,0,2,0,7000,"Mapped, On Network",-81.092097806599995,28.451776054200000,684209.503370000049472,497319.493888000026345,10/4/2018 2:18:29 PM,6322_8112
760,761,1,760,11741,87289775,FHPD18OFF095915,FHP,Long,9/21/2018 0:00:00,06:49 AM,Orlando Expwy Auth,Orange,STATE ROAD 528 EB MM29,STATE ROAD 520,5280,West,Sideswipe,2,0,0,0,N,N,N,1000.000000000000000,Clear,Daylight,0,Same Direction Sideswipe,E,Property Damage Only,Y,Other,Other Non-Collision,On Roadway,Non-Junction,N,Not at Intersection,State,Paved,Dry,None, , ,None, , ,N,N, , , , ,0,0,1,0,0,0,0,0,0,0,0,0,0.000000000000000,0.000000000000000,0,0,0,1000,"Mapped, On Network",-80.997845805699995,28.452421271300000,693417.871069999993779,497611.875645999971312,10/10/2018 1:18:51 PM,7061_8083
761,762,1,761,11742,87289773,FHPD18OFF095545,FHP,Long,9/20/2018 0:00:00,06:52 AM,Orlando Expwy Auth,Orange,STATE ROAD 417 SB MM15,RHODE ISLAND WOODS CIR,0,North,Sideswipe,2,0,0,0,N,N,N,20.000000000000000,Clear,Daylight,0,Same Direction Sideswipe,S,Property Damage Only,Y,"Sideswipe, Same Direction",Motor Vehicle in Transport,On Roadway,Non-Junction,N,Not at Intersection,State,Paved,Dry,None, , ,None, , ,N,N, , , , ,0,0,1,0,0,0,0,0,0,0,0,0,0.000000000000000,0.000000000000000,0,0,0,20,"Mapped, On Network",-81.341355914000005,28.368444646899999,660051.237474999972619,487517.277098999998998,10/4/2018 2:04:06 PM,6323_6700
762,763,1,762,11773,87263074,FHPD18OFF098058,FHP,Long,9/26/2018 0:00:00,11:46 PM,Unincorporated,Orange,STATE ROAD 408,MILE MARKER 6,0,East,Rear End,3,0,0,0,N,N,N,6900.000000000000000,Clear,Dark - Lighted,0,Rear End,W,Property Damage Only,N,Front to Rear,Motor Vehicle in Transport,On Roadway,Non-Junction,N,Not at Intersection,State,Paved,Dry,None, , ,None, , ,N,Y,Lane Closure,Activity Area,Y,Y,0,0,2,0,0,0,0,0,0,0,0,0,0.000000000000000,0.000000000000000,0,3,0,6900,"Mapped, On Network",-81.438417460699995,28.548420582999999,650143.535685000009835,507299.488294999988284,10/18/2018 1:59:48 PM,6489_6994
763,764,1,763,11780,87254701,FHPD18OFF096528,FHP,Short,9/22/2018 0:00:00,05:25 PM,Orlando Expwy Auth,Orange,SR-417 NB ENT RAMP,INTERNATIONAL DRIVE,20,North,Sideswipe,2,0,0,0,N,N,N,2200.000000000000000,Clear,Daylight,0,Same Direction Sideswipe,N,Property Damage Only,N,Angle,Motor Vehicle in Transport,On Roadway,Entrance/Exit Ramp,N,Not at Intersection,Turnpike/Toll,Paved,Dry,None, , ,None, , ,N,N, , , , ,0,0,0,0,0,0,0,0,0,0,0,0,0.000000000000000,0.000000000000000,0,0,0,2200,"Mapped, Not On Network",-81.476280000100004,28.356580024700001,646882.699299999978393,485922.590800000005402,10/5/2018 2:33:07 PM,6071_8579
764,765,1,764,11783,87254700,FHPD18OFF096510,FHP,Long,9/22/2018 0:00:00,04:21 PM,Orlando Expwy Auth,Orange,SR-408 (MM18),SR-417,80,East,Rear End,2,0,0,0,N,N,N,4800.000000000000000,Clear,Daylight,0,Rear End,W,Property Damage Only,N,Front to Rear,Motor Vehicle in Transport,On Roadway,Entrance/Exit Ramp,N,Not at Intersection,Turnpike/Toll,Paved,Dry,None, , ,None, , ,N,Y,Work on Shoulder or Median,Activity Area,N,N,0,0,2,0,0,0,0,0,0,0,0,0,0.000000000000000,0.000000000000000,0,1,0,4800,"Mapped, Not On Network",-81.258099999500004,28.547300024900000,667751.848099999944679,507553.720800000010058,10/5/2018 2:33:36 PM,8033_8027
765,766,1,765,11785,87249549,FHPD18OFF095777,FHP,Short,9/20/2018 0:00:00,05:23 PM,Orlando Expwy Auth,Orange,SR417,34MM,0, ,Rear End,3,0,0,0,N,N,N,5000.000000000000000,Clear,Daylight,0,Rear End,N,Property Damage Only,Y,Front to Rear,Motor Vehicle in Transport,On Roadway,Non-Junction,N,Not at Intersection,State,Paved,Dry,None, , ,None, , ,N,N, , , , ,0,0,0,0,0,0,0,0,0,0,0,0,0.000000000000000,0.000000000000000,0,1,0,5000,"Mapped, On Network",-81.265731193099995,28.569470049500001,666952.181363999960013,509998.676715000008699,10/4/2018 2:02:24 PM,8451_2531
766,767,1,766,11790,87942631,2018-00369484,Orlando PD,Long,9/23/2018 0:00:00,07:49 AM,Orlando,Orange,EAST/WEST EXPRESSWAY (SR 408) (WBO),S CRYSTAL LAKE DR,0,East,Unknown,2,0,0,0,N,N,N,1000.000000000000000,Clear,Daylight,0,Unknown, ,Property Damage Only,Y,"Sideswipe, Same Direction",Motor Vehicle in Transport,On Roadway,Non-Junction,N,Not at Intersection,State,Paved,Dry,None, , ,None, , ,N,N, , , , ,0,0,1,0,0,0,0,0,0,0,0,0,0.000000000000000,0.000000000000000,0,0,0,1000,"Mapped, On Network",-81.339014732699994,28.538222956300000,659873.363861000048928,506372.796346999995876,10/30/2018 7:37:19 PM,6227_8355
767,768,1,767,11873,87942148,2018-00334268,Orlando PD,Short,8/28/2018 0:00:00,05:35 PM,Orlando,Orange,STATE HIGHWAY 408 EAST,S ORANGE BLOSSOM TRAIL,300,East,Rear End,2,0,0,1,N,N,N,1000.000000000000000,Rain,Daylight,0,Rear End,E,Injury,Y,Front to Rear,Motor Vehicle in Transport,On Roadway,Non-Junction,N,Not at Intersection,State,Paved,Wet,Road Surface Condition, , ,Weather Conditions, , ,N,N, , , , ,0,0,0,0,0,0,0,1,0,0,0,0,0.000000000000000,0.000000000000000,0,0,0,1000,"Mapped, On Network",-81.396081506900003,28.535101555499999,654308.346399000030942,505907.250308000016958,9/27/2018 1:08:49 PM,8242_8248
768,769,1,768,11954,88007469,FHPD18OFF096394,FHP,Long,9/22/2018 0:00:00,11:07 AM,Orlando,Orange,STATE ROAD 408 (EAST-WEST EXPY),MM20,50,West,Unknown,2,0,0,0,N,N,N,15000.000000000000000,Clear,Daylight,0,Unknown,E,Property Damage Only,N,Front to Rear,Motor Vehicle in Transport,On Roadway,Non-Junction,N,Not at Intersection,County,Paved,Dry,None, , ,None, , ,N,Y,Work on Shoulder or Median,Activity Area,N,N,0,0,2,0,0,0,0,0,0,0,0,0,0.000000000000000,0.000000000000000,0,0,0,15000,"Mapped, On Network",-81.227208700500000,28.547140390700001,670768.336321000009775,507603.448833999980707,10/8/2018 2:20:16 PM,8077_8070
769,770,1,769,11990,87260510,FHPD18OFF089236,FHP,Long,9/2/2018 0:00:00,06:35 PM,Orlando Expwy Auth,Orange,STATE RD 408,STATE RD 417,5280,West,Rear End,2,0,0,0,N,N,N,8500.000000000000000,Cloudy,Daylight,0,Rear End,E,Property Damage Only,N,Front to Rear,Motor Vehicle in Transport,On Roadway,Non-Junction,N,Not at Intersection,State,Paved,Wet,None, , ,None, , ,N,Y,Work on Shoulder or Median,Advance Warning Area,N,N,0,0,0,0,0,0,0,0,0,0,0,0,0.000000000000000,0.000000000000000,0,1,0,8500,"Mapped, Not On Network",-81.258099999500004,28.547300024900000,667751.848099999944679,507553.720800000010058,9/6/2018 9:06:28 PM,8033_8027
770,771,1,770,11994,87285733,FHPD18OFF088673,FHP,Long,9/1/2018 0:00:00,01:30 AM,Orlando,Orange,STATE ROAD-528 WESTBOUND,MM28,0, ,Off Road,1,0,0,0,N,Y,N,3000.000000000000000,Clear,Dark - Not Lighted,0,Off Road,W,Property Damage Only,N,Other,Guardrail Face,Off Roadway,Non-Junction,N,Not at Intersection,State,Paved,Dry,None, , ,None, , ,N,N, , , , ,0,0,0,0,0,0,0,0,0,0,0,0,0.000000000000000,0.000000000000000,0,1,0,3000,"Mapped, Not On Network",-81.026550000000000,28.452290049100000,690613.342081999988295,497529.333689999999478,9/6/2018 7:48:20 PM,7008_7061
771,772,1,771,12010,87938928,2018-00342791,Orlando PD,Long,9/4/2018 0:00:00,03:00 AM,Orlando,Orange,SR 408 EASTBOUND,CONWAY ROAD OFF RAMP,100,West,Off Road,1,0,0,0,Y,N,N,20000.000000000000000,Clear,Dark - Lighted,0,Off Road,E,Property Damage Only,Y,Other,Impact Attenuator/Crash Cushion,Shoulder,Non-Junction,N,Not at Intersection,State,Paved,Wet,None,None,None,None,None,None,N,N, , , , ,0,0,0,0,0,0,0,0,0,0,0,0,0.000000000000000,0.000000000000000,0,1,0,20000,"Mapped, On Network",-81.334728569199996,28.538243057399999,660291.839699000003748,506384.068114999972750,9/6/2018 7:47:54 PM,6227_8355
772,773,1,772,12016,85410141,FHPD18OFF089360,FHP,Short,9/3/2018 0:00:00,07:30 AM,Orlando,Orange,STATE ROAD 417 NB EXIT RAMP,STATE ROAD 528 EB,0, ,Off Road,1,0,0,0,N,N,N,5000.000000000000000,Cloudy,Dawn,0,Off Road,E,Property Damage Only,N,Other,Utility Pole/Light Support,Off Roadway,Entrance/Exit Ramp,N,Not at Intersection,State,Unpaved,Wet,None, , ,Weather Conditions, , ,N,N, , , , ,0,0,0,0,0,0,0,0,0,0,0,0,0.000000000000000,0.000000000000000,0,1,0,5000,"Mapped, On Network",-81.225124663700001,28.451246664900001,671211.433590000029653,496961.134046000021044,9/6/2018 7:49:38 PM,8074_8019
773,774,1,773,12039,87249537,FHPD18OFF089780,FHP,Short,9/4/2018 0:00:00,08:44 AM,Orlando Expwy Auth,Orange,SR408,14MM,0, ,Rear End,3,0,0,0,N,N,N,3000.000000000000000,Clear,Daylight,0,Rear End,W,Property Damage Only,Y,Front to Rear,Motor Vehicle in Transport,On Roadway,Non-Junction,N,Not at Intersection,State,Paved,Dry,None, , ,None, , ,N,N, , , , ,0,0,1,0,0,0,0,0,0,0,0,0,0.000000000000000,0.000000000000000,0,1,0,3000,"Mapped, On Network",-81.306894537299996,28.539604396400001,663006.394747999962419,506594.275489000021480,9/6/2018 9:03:52 PM,6883_8376
774,775,1,774,12072,87240831,FHPD18OFF089769,FHP,Long,9/4/2018 0:00:00,08:20 AM,Orlando Expwy Auth,Orange,WB -408,SR-551,0,West,Angle,2,0,0,0,N,N,N,8000.000000000000000,Cloudy,Daylight,0,Right Angle,SW,Property Damage Only,Y,Front to Rear,Motor Vehicle in Transport,On Roadway,Non-Junction,N,Not at Intersection,State,Paved,Wet,None, , ,None, , ,N,N, , , , ,0,0,1,0,0,0,0,0,0,0,0,0,0.000000000000000,0.000000000000000,0,1,0,8000,"Mapped, On Network",-81.292933249100003,28.539703748899999,664369.381647999980487,506635.160472000017762,9/10/2018 1:22:47 PM,8427_6883
775,776,1,775,12100,87260509,FHPD18OFF089193,FHP,Long,9/2/2018 0:00:00,04:47 PM,Orlando Expwy Auth,Orange,STATE RD 408,POWERS DR,400,West,Other,1,0,0,0,N,N,N,6000.000000000000000,Rain,Daylight,0,Single Vehicle,E,Property Damage Only,N,Other,Other Non-Collision,On Roadway,Non-Junction,N,Not at Intersection,State,Paved,Wet,Road Surface Condition, , ,Weather Conditions, , ,N,Y,Intermittent or Moving Work,Activity Area,N,N,0,0,0,0,0,0,0,0,0,0,0,0,0.000000000000000,0.000000000000000,0,0,0,6000,"Mapped, On Network",-81.477830310599998,28.548345610300000,646295.505133999977261,507211.829832000017632,9/10/2018 1:27:59 PM,8144_8146