FID,OBJECTID_1,Join_Count,TARGET_FID,OBJECTID,HSMV_Repor,Agency_Rep,Reporting_,Form_Type,Crash_Date,Crash_Time,City,County,Crash_Stre,Intersecti,Offset_Dis,Offset_Dir,Crash_Type,Vehicles,Non_Motori,Fatalities,Injuries,Alcohol_Re,Distractio,Drug_Relat,Estimated_,Weather_Co,Light_Cond,Street_Num,Crash_Ty_1,Crash_Ty_2,Crash_Seve,Within_Cit,Manner_of_,First_Harm,First_HE_L,First_HE_R,First_HE_W,Type_of_In,Road_Sys_I,Type_of_Sh,Road_Surf_,Contrib_Ci,Contrib__1,Contrib__2,Contrib__3,Contrib__4,Contrib__5,School_Bus,Work_Zone_,Type_of_Wo,Loc_in_Wor,Workers_in,Law_Enforc,Mopeds,Motorcycle,Passengers,Bicyclists,Pedestrian,Fataliti_1,Injuries_U,Possible_I,Non_Incapa,Incapacita,Fataliti_2,Non_Traffi,Transporte,Transpor_1,Transpor_2,Citations,Property_D,Vehicle_Dm,S4_Mapping,S4_Decimal,S4_Decim_1,S4_Albers_,S4_Albers1,S4_Mappi_1,zone_id_st
776,777,1,776,12101,87260508,FHPD18OFF089171,FHP,Long,9/2/2018 0:00:00,03:51 PM,Orlando Expwy Auth,Orange,STATE RD 417,TREVARTHON RD,0,South,Unknown,2,0,0,0,N,N,N,4500.000000000000000,Rain,Daylight,0,Unknown,N,Property Damage Only,N,Other,Other Non-Collision,On Roadway,Non-Junction,N,Not at Intersection,State,Paved,Wet,Road Surface Condition, , ,Weather Conditions, , ,N,N, , , , ,0,0,0,0,0,0,0,0,0,0,0,0,0.000000000000000,0.000000000000000,0,0,0,4500,"Mapped, Not On Network",-81.256649999999993,28.607570049600000,667744.527461000019684,514248.532761999987997,9/6/2018 7:59:56 PM,5988_6758
777,778,1,777,12116,87289761,FHPD18OFF089579,FHP,Long,9/3/2018 0:00:00,05:56 PM,Orlando Expwy Auth,Orange,STATE ROAD 417 SB MM34,STATE ROAD 50,0,North,Unknown,3,0,0,3,N,N,N,8100.000000000000000,Cloudy,Daylight,0,Unknown,S,Injury,Y,Angle,Motor Vehicle in Transport,On Roadway,Non-Junction,N,Not at Intersection,State,Paved,Wet,Road Surface Condition, , ,None, , ,N,N, , , , ,0,0,8,0,0,0,0,0,3,0,0,0,3.000000000000000,0.000000000000000,0,2,0,8100,"Mapped, On Network",-81.265746354200004,28.570690313800000,666947.696823999984190,510134.127758999995422,9/10/2018 1:21:32 PM,8563_8572
778,779,1,778,12139,87943324,2018-00372827,Orlando PD,Long,9/26/2018 0:00:00,05:30 PM,Orlando,Orange,STATE ROAD 408 EAST/WEST WEST BOUND,INTERSTATE 4 EAST BOUND ENTRANCE RAMP,100,East,Sideswipe,2,0,0,0,N,N,N,1000.000000000000000,Clear,Daylight,0,Same Direction Sideswipe,W,Property Damage Only,Y,"Sideswipe, Same Direction",Motor Vehicle in Transport,On Roadway,Non-Junction,N,Not at Intersection,Interstate,Curb,Dry,None, , ,None, , ,N,N, , , , ,0,0,0,0,0,0,0,0,0,0,0,0,0.000000000000000,0.000000000000000,0,0,0,1000,"Mapped, On Network",-81.374290932899996,28.537095392000001,656431.459999999962747,506173.753561999998055,12/20/2018 1:47:12 PM,6737_6230
779,780,1,779,12170,87285447,FHPD18OFF094823,FHP,Long,9/18/2018 0:00:00,03:10 AM,Orlando,Orange,STATE ROAD 408 WESTBOUND,E OF MM4,0, ,Unknown,2,0,0,0,N,Y,N,30000.000000000000000,Clear,Dark - Lighted,0,Unknown,E,Property Damage Only,N,Front to Rear,Motor Vehicle in Transport,On Roadway,Non-Junction,N,Not at Intersection,State,Paved,Dry,None, , ,None, , ,N,N, , , , ,0,0,0,0,0,0,0,0,0,0,0,0,0.000000000000000,0.000000000000000,0,0,0,30000,"Mapped, On Network",-81.474159278000002,28.548468959400001,646653.658995999954641,507232.863069000013638,10/3/2018 1:31:33 PM,8210_8148
780,781,1,780,12196,87249547,FHPD18OFF095455,FHP,Long,9/19/2018 0:00:00,06:29 PM,Orlando Expwy Auth,Orange,SR-429-TOLL N,24MM,0, ,Unknown,2,0,0,0,N,N,N,9000.000000000000000,Rain,Daylight,0,Unknown, ,Property Damage Only,Y,Angle,Motor Vehicle in Transport,On Roadway,Non-Junction,N,Not at Intersection,State,Paved,Wet,None, , ,None, , ,N,N, , , , ,0,0,0,0,0,0,0,0,0,0,0,0,0.000000000000000,0.000000000000000,0,1,0,9000,"Mapped, On Network",-81.558477798100000,28.563658462300001,638387.476046000025235,508753.574345999979414,9/20/2018 8:59:50 PM,8500_8421
781,782,1,781,12202,87737934,2018-00356705,Orlando PD,Short,9/13/2018 0:00:00,08:00 PM,Orlando,Orange,SR 408 EBO (EW EBO),S BUMBY AV EXIT RAMP,500,West,Sideswipe,2,0,0,0,N,N,N,3000.000000000000000,Rain,Dark - Lighted,0,Same Direction Sideswipe,E,Property Damage Only,Y,"Sideswipe, Same Direction",Motor Vehicle in Transport,On Roadway,Non-Junction,N,Not at Intersection,State,Paved,Wet,None, , ,None, , ,N,N, , , , ,0,0,1,0,0,0,0,0,0,0,0,0,0.000000000000000,0.000000000000000,0,0,0,3000,"Mapped, On Network",-81.359663089500003,28.538004067599999,657857.663185999961570,506305.147416000021622,9/25/2018 1:18:11 PM,8315_8311
782,783,1,782,12215,87942833,2018-00361337,Orlando PD,Long,9/17/2018 0:00:00,11:29 AM,Orlando,Orange,SR 408 EBO,S TAMPA AV EXIT RAMP,50,East,Off Road,1,0,0,1,N,N,N,30000.000000000000000,Clear,Daylight,0,Off Road,E,Injury,Y,Other,Guardrail Face,Off Roadway,Non-Junction,N,Not at Intersection,State,Paved,Dry,None, , ,None, , ,N,N, , , , ,0,0,0,0,0,0,0,1,0,0,0,0,1.000000000000000,0.000000000000000,0,1,0,30000,"Mapped, On Network",-81.408320718900001,28.538398036099998,653105.502377000055276,506248.081719000008889,9/20/2018 10:46:18 PM,8213_8169
783,784,1,783,12246,87254699,FHPD18OFF095039,FHP,Long,9/18/2018 0:00:00,03:27 PM,Orlando Expwy Auth,Orange,SR-417 (MM31),SR-408,5280,South,Off Road,1,0,0,0,N,N,N,3400.000000000000000,Clear,Daylight,0,Off Road,N,Property Damage Only,N,Other,Guardrail Face,Shoulder,Non-Junction,N,Not at Intersection,Turnpike/Toll,Paved,Dry,None, , ,None, , ,N,N, , , , ,0,0,0,0,0,0,0,0,0,0,0,0,0.000000000000000,0.000000000000000,0,1,0,3400,"Mapped, On Network",-81.250767083900001,28.531397207000001,668507.174096000031568,505804.001695999992080,9/20/2018 8:29:36 PM,6689_11878
784,785,1,784,12272,87262535,FHPD18OFF080276,FHP,Short,8/10/2018 0:00:00,08:40 AM,Apopka,Orange,SR-429-TOLL S,SB MM 31,0, ,Unknown,2,0,0,0,N,N,N,1500.000000000000000,Clear,Daylight,0,Unknown,S,Property Damage Only,N,Front to Rear,"Struck by Falling, Shifting Cargo",On Roadway,Non-Junction,N,Not at Intersection,State,Unpaved,Dry,None, , ,None, , ,N,N, , , , ,0,0,0,0,0,0,0,0,0,0,0,0,0.000000000000000,0.000000000000000,0,0,0,1500,"Mapped, Not On Network",-81.542929999999998,28.645240049800002,639724.833268000045791,517841.991381000028923,9/20/2018 8:16:51 PM,5990_8339
785,786,1,785,12303,87289772,FHPD18OFF095227,FHP,Long,9/19/2018 0:00:00,07:56 AM,Orlando Expwy Auth,Orange,STATE ROAD 417 NB MM14,RHODES ISLAND WOODS CIR,10,North,Unknown,4,0,0,3,N,N,N,18000.000000000000000,Clear,Daylight,0,Unknown,N,Injury,Y,Front to Rear,Motor Vehicle in Transport,On Roadway,Non-Junction,N,Not at Intersection,State,Paved,Dry,None, , ,None, , ,N,N, , , , ,0,0,1,0,0,0,0,1,2,0,0,0,2.000000000000000,0.000000000000000,0,2,0,18000,"Mapped, Not On Network",-81.348809009999997,28.368937528800000,659321.159942000056617,487556.306923999974970,9/20/2018 9:11:25 PM,6323_6700
786,787,1,786,12304,87289771,FHPD18OFF094901,FHP,Short,9/18/2018 0:00:00,08:18 AM,Orlando Expwy Auth,Orange,STATE ROAD 417 NB,INNOVATION WAY,300,South,Rear End,3,0,0,0,N,N,N,3000.000000000000000,Clear,Daylight,0,Rear End,N,Property Damage Only,Y,Front to Rear,Motor Vehicle in Transport,On Roadway,Non-Junction,N,Not at Intersection,State,Paved,Dry,None, , ,None, , ,N,N, , , , ,0,0,0,0,0,0,0,0,0,0,0,0,0.000000000000000,0.000000000000000,0,2,0,3000,"Mapped, On Network",-81.227975218200001,28.426883002000000,670993.690508999978192,494249.807819999987260,9/20/2018 9:43:47 PM,8538_6642
787,788,1,787,12318,87255604,FHPK18OFF068611,FHP,Short,9/17/2018 0:00:00,04:03 PM,Unincorporated,Orange,STATE ROAD 429,MILE MARKER 15,20,North,Other,2,0,0,0,N,N,N,201.000000000000000,Clear,Daylight,0,Other,S,Property Damage Only,N,Other,Thrown or Falling Object,On Roadway,Through Roadway,N,Not at Intersection,Turnpike/Toll,Paved,Dry,None, , ,None, , ,N,N, , , , ,0,0,1,0,0,0,0,0,0,0,0,0,0.000000000000000,0.000000000000000,0,0,0,201,"Mapped, On Network",-81.631576637799995,28.479577492200001,631430.411154999979772,499278.403471999976318,9/20/2018 7:41:53 PM,6859_8039
788,789,1,788,12326,87249548,FHPD18OFF095448,FHP,Long,9/19/2018 0:00:00,06:18 PM,Orlando Expwy Auth,Orange,SR-429-TOLL N,26MM,0, ,Unknown,2,0,0,0,N,N,N,3000.000000000000000,Rain,Daylight,0,Unknown,N,Property Damage Only,Y,"Sideswipe, Same Direction",Motor Vehicle in Transport,On Roadway,Non-Junction,N,Not at Intersection,State,Paved,Wet,None, , ,None, , ,N,N, , , , ,0,0,0,0,0,0,0,0,0,0,0,0,0.000000000000000,0.000000000000000,0,0,0,3000,"Mapped, On Network",-81.549186252400006,28.599311746200001,639215.885082999942824,512730.281415999983437,9/20/2018 9:44:20 PM,6220_8389
789,790,1,789,12327,87249546,FHPD18OFF095427,FHP,Long,9/19/2018 0:00:00,05:33 PM,Orlando Expwy Auth,Orange,SR408,18MM,0, ,Rear End,2,0,0,1,N,N,N,5000.000000000000000,Rain,Daylight,0,Rear End,E,Injury,Y,Front to Rear,Motor Vehicle in Transport,On Roadway,Non-Junction,N,Not at Intersection,State,Paved,Wet,None, , ,None, , ,N,N, , , , ,0,0,0,0,0,0,0,1,0,0,0,0,0.000000000000000,0.000000000000000,0,2,0,5000,"Mapped, On Network",-81.252951598699994,28.547283131400000,668254.558114000014029,507563.034334999974817,9/20/2018 8:46:39 PM,8027_6269
790,791,1,790,12328,87249544,FHPD18OFF095044,FHP,Long,9/18/2018 0:00:00,03:24 PM,Orlando Expwy Auth,Orange,SR417,36MM,0, ,Rear End,2,0,0,3,N,N,N,8000.000000000000000,Clear,Daylight,0,Rear End,N,Injury,Y,Front to Rear,Motor Vehicle in Transport,On Roadway,Non-Junction,N,Not at Intersection,State,Paved,Dry,None, , ,None, , ,N,N, , , , ,0,0,1,0,0,0,0,0,2,1,0,0,3.000000000000000,0.000000000000000,0,1,0,8000,"Mapped, Not On Network",-81.250100000000003,28.594760049600001,668415.407877000048757,512840.506762999983039,9/20/2018 8:51:30 PM,8120_8585
791,792,1,791,12377,88007282,FHPD18OFF098929,FHP,Long,9/29/2018 0:00:00,03:30 AM,Orlando,Orange,STATE ROAD 408,MM20,0, ,Off Road,1,0,0,0,N,N,N,3000.000000000000000,Clear,Dark - Lighted,0,Off Road,E,Property Damage Only,N,Other,Ditch,Off Roadway,Non-Junction,Y,Four-Way Intersection,State,Paved,Dry,None, , ,None, , ,N,N, , , , ,0,0,0,0,0,0,0,0,0,0,0,0,0.000000000000000,0.000000000000000,0,0,0,3000,"Mapped, On Network",-81.218853526700002,28.547620049399999,671582.895494000054896,507675.077723000023980,10/19/2018 2:29:09 PM,8077_8070
792,793,1,792,12398,85519282,FHPD18OFF094438,FHP,Long,9/17/2018 0:00:00,12:56 AM,Unincorporated,Orange,SR528,DALLAS BLVD,5280,West,Other,2,0,0,0,N,N,N,2000.000000000000000,Clear,Dark - Not Lighted,0,Parked Vehicle,W,Property Damage Only,N,Rear to Side,Parked Motor Vehicle,Shoulder,Non-Junction,N,Not at Intersection,Turnpike/Toll,Paved,Dry,None, , ,None, , ,N,Y,Lane Closure,Before the First Work Zone Warning Sign,N,Y,0,0,0,0,0,0,0,0,0,0,0,0,0.000000000000000,0.000000000000000,0,1,0,2000,"Mapped, On Network",-81.118299612100003,28.451358557199999,681650.170424000010826,497213.024106000026222,11/1/2018 10:10:02 PM,8101_6488
793,794,1,793,12478,87944204,2018-00383084,Orlando PD,Long,10/3/2018 0:00:00,09:47 AM,Orlando,Orange,SR 408 WB,S BUMBY AVE,0, ,Head On,4,0,0,1,N,N,N,10500.000000000000000,Clear,Daylight,0,Head On,W,Injury,Y,Front to Rear,Motor Vehicle in Transport,On Roadway,Non-Junction,N,Not at Intersection,Turnpike/Toll,Curb,Dry,None, , ,None, , ,N,N, , , , ,0,0,0,0,0,0,0,0,1,0,0,0,0.000000000000000,0.000000000000000,0,0,0,10500,"Mapped, On Network",-81.351792676900004,28.538347985800002,658625.356568000046536,506359.814753999991808,4/1/2019 5:27:16 PM,6185_8318
794,795,1,794,12515,87279598,FHPD18OFF094986,FHP,Long,9/18/2018 0:00:00,12:52 PM,Orlando Expwy Auth,Orange,SR 417 (CENTRAL FLORIDA GREENEWAY),MILE MARKER 36,0, ,Rear End,3,0,0,0,N,Y,N,18700.000000000000000,Clear,Daylight,0,Rear End,N,Property Damage Only,N,Front to Rear,Motor Vehicle in Transport,On Roadway,Non-Junction,N,Not at Intersection,State,Paved,Dry,None, , ,None, , ,N,N, , , , ,0,0,1,0,0,0,0,0,0,0,0,0,0.000000000000000,0.000000000000000,0,1,0,18700,"Mapped, Not On Network",-81.250100000000003,28.594760049600001,668415.407877000048757,512840.506762999983039,9/20/2018 9:12:20 PM,8120_8585
795,796,1,795,12521,87942325,2018-00361788,Orlando PD,Short,9/17/2018 0:00:00,06:00 PM,Orlando,Orange,SR 408 EBO,S SEMORAN BV EXIT RAMP,500,East,Rear End,2,0,0,0,N,N,N,1000.000000000000000,Clear,Daylight,0,Rear End,E,Property Damage Only,Y,Front to Rear,Motor Vehicle in Transport,On Roadway,Non-Junction,N,Not at Intersection,State,Paved,Dry,None, , ,None, , ,N,N, , , , ,0,0,0,0,0,0,0,0,0,0,0,0,0.000000000000000,0.000000000000000,0,0,0,1000,"Mapped, On Network",-81.308093976500004,28.539406092800000,662889.757856999989599,506569.700349999999162,9/24/2018 2:24:02 PM,6301_6218
796,797,1,796,12551,87254697,FHPD18OFF094352,FHP,Long,9/16/2018 0:00:00,07:16 PM,Orlando,Orange,SR-528 (MM17),SR-417,5280,East,Unknown,2,0,0,0,N,N,N,1900.000000000000000,Clear,Daylight,0,Unknown, ,Property Damage Only,N,Angle,Motor Vehicle in Transport,On Roadway,Non-Junction,N,Not at Intersection,Turnpike/Toll,Paved,Dry,None, , ,None, , ,N,N, , , , ,0,0,0,0,0,0,0,0,0,0,0,0,0.000000000000000,0.000000000000000,0,2,0,1900,"Mapped, On Network",-81.211502311100006,28.451604536000001,672541.733324000029825,497030.901608999993186,9/24/2018 2:16:36 PM,6953_6320
797,798,1,797,12552,87254696,FHPD18OFF094287,FHP,Long,9/16/2018 0:00:00,03:27 PM,Orlando Expwy Auth,Orange,SR-528 (MM21),INNOVATION WAY,5280,East,Rear End,2,0,0,2,N,N,N,6800.000000000000000,Clear,Daylight,0,Rear End,W,Injury,N,Front to Rear,Motor Vehicle in Transport,On Roadway,Non-Junction,N,Not at Intersection,Turnpike/Toll,Paved,Dry,None, , ,None, , ,N,N, , , , ,0,0,2,0,0,0,0,2,0,0,0,0,0.000000000000000,0.000000000000000,0,2,0,6800,"Mapped, Not On Network",-81.146426480000002,28.451748329099999,678900.612416999996640,497192.370906999974977,9/20/2018 8:40:06 PM,6073_8099
798,799,1,798,12577,88006149,FHPD18OFF094563,FHP,Long,9/17/2018 0:00:00,10:17 AM,Orlando Expwy Auth,Orange,STATE RD 417,BOGGY CREEK RD,5280,South,Rear End,2,0,0,3,N,N,N,9000.000000000000000,Clear,Daylight,0,Rear End,N,Injury,N,Front to Rear,Motor Vehicle in Transport,On Roadway,Non-Junction,N,Not at Intersection,State,Paved,Dry,None, , ,None, , ,N,N, , , , ,0,0,4,0,0,0,0,3,0,0,0,0,0.000000000000000,0.000000000000000,0,1,0,9000,"Mapped, On Network",-81.338552578600002,28.367972817399998,660326.529756000032648,487470.804357999993954,9/20/2018 6:49:27 PM,6630_6324
799,800,1,799,12586,87254698,FHPD18OFF094719,FHP,Long,9/17/2018 0:00:00,05:07 PM,Orlando Expwy Auth,Orange,SR-408 (MM15),GOLDENROD ROAD,5280,West,Other,1,0,0,0,N,N,N,1800.000000000000000,Clear,Daylight,0,Single Vehicle,E,Property Damage Only,N,Other,Parked Motor Vehicle,On Roadway,Non-Junction,N,Not at Intersection,State,Paved,Dry,None, , ,None, , ,N,N, , , , ,0,0,0,0,0,0,0,0,0,0,0,0,0.000000000000000,0.000000000000000,0,0,0,1800,"Mapped, On Network",-81.306266501200000,28.539411402300001,663068.186630000011064,506574.187111000006553,9/20/2018 6:44:41 PM,6218_6235
800,801,1,800,12587,87249543,FHPD18OFF093730,FHP,Short,9/14/2018 0:00:00,06:42 PM,Orlando Expwy Auth,Orange,SR408,21MM,0, ,Unknown,5,0,0,0,N,N,N,11000.000000000000000,Clear,Daylight,0,Unknown,E,Property Damage Only,Y,Front to Rear,Motor Vehicle in Transport,On Roadway,Non-Junction,N,Not at Intersection,State,Paved,Dry,None, , ,None, , ,N,N, , , , ,0,0,0,0,0,0,0,0,0,0,0,0,0.000000000000000,0.000000000000000,0,2,0,11000,"Mapped, On Network",-81.208580406300001,28.548870446500000,672582.766084000002593,507836.572874000004958,9/20/2018 6:52:12 PM,6690_8041
801,802,1,801,12592,87284086,FHPD18OFF094457,FHP,Long,9/17/2018 0:00:00,03:12 AM,Orlando,Orange,STATE ROAD 528 (BEACHLINE),DALLAS BOULEVARD,400,East,Unknown,2,0,0,0,N,N,N,1500.000000000000000,Cloudy,Dark - Not Lighted,0,Unknown,W,Property Damage Only,N,Other,Motor Vehicle in Transport,On Roadway,Non-Junction,N,Not at Intersection,State,Paved,Dry,None, , ,None, , ,N,N, , , , ,0,0,0,0,0,0,0,0,0,0,0,0,0.000000000000000,0.000000000000000,0,0,0,1500,"Mapped, On Network",-81.096307903600007,28.451709116100002,683798.272455999976955,497302.365821000013966,9/21/2018 12:51:51 PM,6322_8112
802,803,1,802,12616,87285419,FHPD18OFF090424,FHP,Long,9/5/2018 0:00:00,11:30 PM,Winter Garden,Orange,STATE ROAD 429,MM 23,0, ,Rear End,2,0,0,0,N,N,N,18500.000000000000000,Clear,Dark - Lighted,0,Rear End,N,Property Damage Only,N,Front to Rear,Motor Vehicle in Transport,On Roadway,Non-Junction,N,Not at Intersection,State,Paved,Dry,None, , ,None, , ,N,N, , , , ,0,0,0,0,0,0,0,0,0,0,0,0,0.000000000000000,0.000000000000000,0,0,0,18500,"Mapped, On Network",-81.558433725000000,28.563776582799999,638391.519016999984160,508766.774919999996200,9/20/2018 6:47:11 PM,8500_8421
803,804,1,803,12650,87234179,FHPK18OFF069347,FHP,Long,9/20/2018 0:00:00,09:39 PM,Winter Garden,Orange,STATE ROAD 429,MILE MARKER 21,0, ,Rear End,3,0,0,2,N,N,N,14000.000000000000000,Clear,Dark - Lighted,0,Rear End,S,Injury,N,Front to Rear,Motor Vehicle in Transport,On Roadway,Non-Junction,N,Not at Intersection,Turnpike/Toll,Paved,Dry,None, , ,None, , ,N,N, , , , ,0,0,0,0,0,0,0,1,1,0,0,0,1.000000000000000,0.000000000000000,0,1,0,14000,"Mapped, On Network",-81.575246315000001,28.525185757799999,636834.436515999957919,504449.477457000000868,10/1/2018 1:29:20 PM,6989_8464
804,805,1,804,12666,87289477,FHPD18OFF095796,FHP,Long,9/20/2018 0:00:00,05:55 PM,Orlando,Orange,STATE ROAD 417,JOHN YOUNG PARKWAY,10560,South,Rear End,2,0,0,0,N,N,N,5000.000000000000000,Cloudy,Daylight,0,Rear End,N,Property Damage Only,N,Front to Rear,Motor Vehicle in Transport,On Roadway,Non-Junction,N,Not at Intersection,State,Unpaved,Wet,None, , ,None, , ,N,N, , , , ,0,0,0,0,0,0,0,0,0,0,0,0,0.000000000000000,0.000000000000000,0,1,0,5000,"Mapped, On Network",-81.442745477499997,28.359324113300001,650156.424652999965474,486294.859050000028219,10/1/2018 1:20:09 PM,6959_8287
805,806,1,805,12689,88008146,FHPD18OFF095179,FHP,Long,9/18/2018 0:00:00,11:17 PM,Orlando,Orange,STATE ROAD 408,EASTBOUND / MILE MARKER 23,0,East,Off Road,1,0,0,0,N,N,N,3500.000000000000000,Cloudy,Dark - Lighted,0,Off Road,E,Property Damage Only,N,Other,Guardrail Face,On Roadway,Non-Junction,N,Not at Intersection,State,Paved,Wet,None, , ,None, , ,N,N, , , , ,0,0,1,0,0,0,0,0,0,0,0,0,0.000000000000000,0.000000000000000,0,0,0,3500,"Mapped, On Network",-81.190928408399998,28.559823335699999,674278.484063999960199,509091.781031000020448,10/3/2018 1:56:49 PM,6970_8174
806,807,1,806,12698,88008149,FHPD18OFF095864,FHP,Long,9/20/2018 0:00:00,09:45 PM,Orlando,Orange,STATE ROAD 408,WESTBOUND MILE MARKER 7,100,East,Rear End,2,0,0,0,N,N,N,9500.000000000000000,Clear,Dark - Lighted,0,Rear End,W,Property Damage Only,N,Front to Rear,Motor Vehicle in Transport,On Roadway,Non-Junction,N,Not at Intersection,State,Paved,Dry,None, , ,None, , ,N,N, , , , ,0,0,0,0,0,0,0,0,0,0,0,0,0.000000000000000,0.000000000000000,0,1,0,9500,"Mapped, On Network",-81.426934079199995,28.545939708399999,651270.496384999947622,507047.379023000015877,10/1/2018 1:27:32 PM,8239_5934
807,808,1,807,12731,87284725,FHPD18OFF091461,FHP,Long,9/8/2018 0:00:00,10:45 PM,Orlando,Orange,STATE ROAD 417 SB,MM14,0, ,Off Road,1,0,0,0,N,N,N,4000.000000000000000,Clear,Dark - Lighted,0,Off Road,S,Property Damage Only,N,Other,Utility Pole/Light Support,Off Roadway,Non-Junction,N,Not at Intersection,County,Paved,Dry,None, , ,None, , ,N,N, , , , ,0,0,0,0,0,0,0,0,0,0,0,0,0.000000000000000,0.000000000000000,0,3,0,4000,"Mapped, On Network",-81.358046895699999,28.369595597600000,658416.146724999998696,487609.980396999977529,10/19/2018 3:08:51 PM,6700_8484
808,809,1,808,12753,87226188,FHPK18OFF072831,FHP,Long,10/4/2018 0:00:00,03:16 PM,Winter Garden,Orange,SR-429-TOLL N,SR 91 (FLORIDA TURNPIKE),0, ,Off Road,1,0,0,0,N,N,N,6000.000000000000000,Cloudy,Daylight,0,Off Road,N,Property Damage Only,N,Other,Guardrail Face,Off Roadway,Non-Junction,N,Not at Intersection,Turnpike/Toll,Paved,Wet,None, , ,None, , ,N,N, , , , ,0,0,0,0,0,0,0,0,0,0,0,0,0.000000000000000,0.000000000000000,0,0,0,6000,"Mapped, On Network",-81.559329999599996,28.561050024299998,638310.011999999987893,508462.302099999971688,10/9/2018 3:36:28 PM,8500_8421
809,810,1,809,12801,87171492,FHPK18OFF071474,FHP,Long,9/29/2018 0:00:00,09:50 AM,Winter Garden,Orange,SR-429 NB MM18,EXIT19,0,South,Unknown,2,0,0,0,N,N,N,1000.000000000000000,Clear,Daylight,0,Unknown,N,Property Damage Only,N,"Sideswipe, Same Direction",Motor Vehicle in Transport,On Roadway,Non-Junction,N,Not at Intersection,Interstate,Paved,Dry,None, , ,None, , ,N,N, , , , ,0,0,3,0,0,0,0,0,0,0,0,0,0.000000000000000,0.000000000000000,0,0,0,1000,"Mapped, On Network",-81.590817106900005,28.515683171700001,635334.391614999971353,503364.550662000023294,10/26/2018 4:37:56 PM,8494_8462
810,811,1,810,12827,87938025,2018-00350533,Orlando PD,Long,9/9/2018 0:00:00,03:44 PM,Orlando,Orange,SR 408 (WBO),CONWAY ROAD MAINLINE TOLL PLAZA,500,West,Sideswipe,2,0,0,0,N,N,N,2000.000000000000000,Clear,Daylight,0,Same Direction Sideswipe,W,Property Damage Only,Y,"Sideswipe, Same Direction",Motor Vehicle in Transport,On Roadway,Non-Junction,N,Not at Intersection,State,Paved,Dry,None, , ,None, , ,N,N, , , , ,0,0,1,0,0,0,0,0,0,0,0,0,0.000000000000000,0.000000000000000,0,0,0,2000,"Mapped, On Network",-81.332982213400001,28.538445624000001,660461.876653000013903,506410.246479999972507,1/10/2019 10:01:22 PM,6177_8353
811,812,1,811,12835,87942719,2018-00352628,Orlando PD,Long,9/11/2018 0:00:00,07:18 AM,Orlando,Orange,SR 408,S WESTMORELAND DR,0,West,Rear End,2,0,0,0,N,N,N,2000.000000000000000,Clear,Daylight,0,Rear End,E,Property Damage Only,Y,Front to Rear,Motor Vehicle in Transport,On Roadway,Non-Junction,N,Not at Intersection,State,Paved,Dry,None, , ,None, , ,N,N, , , , ,0,0,0,0,0,0,0,0,0,0,0,0,0.000000000000000,0.000000000000000,0,0,0,2000,"Mapped, On Network",-81.394689272799994,28.535246562299999,654443.956721000024118,505926.222501999989618,9/25/2018 12:38:16 PM,8272_8254
812,813,1,812,12837,87234184,FHPK18OFF073892,FHP,Short,10/8/2018 0:00:00,02:20 PM,Winter Garden,Orange,STATE ROAD 429,MILE MARKER 22,0, ,Rear End,2,0,0,0,N,N,N,1000.000000000000000,Clear,Daylight,0,Rear End,N,Property Damage Only,N,Front to Rear,Motor Vehicle in Transport,On Roadway,Entrance/Exit Ramp,N,Not at Intersection,Turnpike/Toll,Paved,Dry,None, , ,None, , ,N,N, , , , ,0,0,0,0,0,0,0,0,0,0,0,0,0.000000000000000,0.000000000000000,0,1,0,1000,"Mapped, On Network",-81.557030129099999,28.537134693999999,638587.157842000015080,505811.334223999991082,2/14/2019 10:56:05 AM,6231_8470
813,814,1,813,12911,87206042,FHPK18OFF072481,FHP,Short,10/3/2018 0:00:00,10:45 AM,Winter Garden,Orange,STATE ROAD 429,MM 21,0, ,Unknown,2,0,0,0,N,Y,N,2000.000000000000000,Clear,Daylight,0,Unknown,S,Property Damage Only,N,Other,Motor Vehicle in Transport,On Roadway,Non-Junction,Y,Not at Intersection,State,Paved,Dry,None, , ,None, , ,N,N, , , , ,0,0,1,0,0,0,0,0,0,0,0,0,0.000000000000000,0.000000000000000,0,1,0,2000,"Mapped, On Network",-81.557308308200007,28.537173427500001,638559.908455000026152,505815.096780999971088,2/1/2019 11:19:43 PM,8524_6989
814,815,1,814,12926,87944222,2018-00383873,Orlando PD,Short,10/3/2018 0:00:00,09:16 PM,Orlando,Orange,SR 408 E/B,CONWAY RD,300,West,Unknown,2,0,0,0,N,N,N,1000.000000000000000,Clear,Dark - Lighted,0,Unknown,E,Property Damage Only,Y,"Sideswipe, Same Direction",Motor Vehicle in Transport,On Roadway,Non-Junction,N,Not at Intersection,State,Unpaved,Dry,None, , ,None, , ,N,N, , , , ,0,0,2,0,0,0,0,0,0,0,0,0,0.000000000000000,0.000000000000000,0,0,0,1000,"Mapped, On Network",-81.335188649299994,28.538230663000000,660246.944765000022016,506381.720916000020225,2/1/2019 11:18:17 PM,6227_8355