FID,OBJECTID_1,Join_Count,TARGET_FID,OBJECTID,HSMV_Repor,Agency_Rep,Reporting_,Form_Type,Crash_Date,Crash_Time,City,County,Crash_Stre,Intersecti,Offset_Dis,Offset_Dir,Crash_Type,Vehicles,Non_Motori,Fatalities,Injuries,Alcohol_Re,Distractio,Drug_Relat,Estimated_,Weather_Co,Light_Cond,Street_Num,Crash_Ty_1,Crash_Ty_2,Crash_Seve,Within_Cit,Manner_of_,First_Harm,First_HE_L,First_HE_R,First_HE_W,Type_of_In,Road_Sys_I,Type_of_Sh,Road_Surf_,Contrib_Ci,Contrib__1,Contrib__2,Contrib__3,Contrib__4,Contrib__5,School_Bus,Work_Zone_,Type_of_Wo,Loc_in_Wor,Workers_in,Law_Enforc,Mopeds,Motorcycle,Passengers,Bicyclists,Pedestrian,Fataliti_1,Injuries_U,Possible_I,Non_Incapa,Incapacita,Fataliti_2,Non_Traffi,Transporte,Transpor_1,Transpor_2,Citations,Property_D,Vehicle_Dm,S4_Mapping,S4_Decimal,S4_Decim_1,S4_Albers_,S4_Albers1,S4_Mappi_1,zone_id_st
893,894,1,893,14454,88013603,FHPD18OFF099898,FHP,Long,10/1/2018 0:00:00,06:07 PM,Orlando Expwy Auth,Orange,SR417,35MM,0, ,Rear End,3,0,0,0,N,N,N,7400.000000000000000,Clear,Daylight,0,Rear End,N,Property Damage Only,Y,Front to Rear,Motor Vehicle in Transport,On Roadway,Non-Junction,N,Not at Intersection,State,Paved,Dry,None, , ,None, , ,N,N, , , , ,0,0,0,0,0,0,0,0,0,0,0,0,0.000000000000000,0.000000000000000,0,1,0,7400,"Mapped, On Network",-81.259317794400005,28.582601744300000,667545.822120000026189,511470.564054000016768,11/16/2018 11:01:37 AM,6046_6317
894,895,1,894,14458,87943866,2018-00382016,Orlando PD,Short,10/2/2018 0:00:00,04:34 PM,Orlando,Orange,EAST WEST EXPRESSWAY (408),INTERSTATE 4 (I4 EB),100,East,Rear End,2,0,0,0,N,N,N,600.000000000000000,Clear,Daylight,0,Rear End,E,Property Damage Only,Y,Front to Rear,Motor Vehicle in Transport,On Roadway,Non-Junction,N,Not at Intersection,State,Paved,Dry,None, , ,None, , ,N,N, , , , ,0,0,0,0,0,0,0,0,0,0,0,0,0.000000000000000,0.000000000000000,0,0,0,600,"Mapped, On Network",-81.389186474300004,28.535134122199999,654981.563825999968685,505925.104492000013124,10/19/2018 2:28:51 PM,8267_6679
895,896,1,895,14487,85508079,FHPD18OFF106166,FHP,Short,10/18/2018 0:00:00,06:38 PM,Orlando,Orange,STATE ROAD 417 SB MM17,JEFF FUQUA BLVD,200,West,Off Road,1,0,0,0,N,N,N,1000.000000000000000,Clear,Daylight,0,Off Road,S,Property Damage Only,N,Other,Guardrail Face,Median,Non-Junction,Y,Not at Intersection,Turnpike/Toll,Paved,Dry,None, , ,None, , ,N,N, , , , ,0,0,0,0,0,0,0,0,0,0,0,0,0.000000000000000,0.000000000000000,0,0,0,1000,"Mapped, On Network",-81.311344188600003,28.369060390000001,662984.835439000045881,487649.290579000022262,4/12/2019 10:56:23 AM,11015_8482
896,897,1,896,14559,87942420,2018-00363972,Orlando PD,Long,9/19/2018 0:00:00,07:57 AM,Orlando,Orange,EW EBO (S.R. 408),TAMPA AV EXIT RAMP,100,West,Rear End,3,0,0,1,N,N,N,600.000000000000000,Clear,Daylight,0,Rear End,E,Injury,Y,Front to Rear,Motor Vehicle in Transport,On Roadway,Non-Junction,N,Not at Intersection,Turnpike/Toll,Paved,Dry,None, , ,None, , ,N,N, , , , ,0,0,0,0,0,0,0,1,0,0,0,0,0.000000000000000,0.000000000000000,0,0,0,600,"Mapped, On Network",-81.407345573399994,28.537653322200001,653202.460564999957569,506167.397018000017852,4/1/2019 2:03:04 PM,8169_8242
897,898,1,897,14609,88008220,FHPD18OFF099228,FHP,Short,9/29/2018 0:00:00,10:15 PM,Orlando,Orange,STATE ROAD 408 ENTRANCE RAMP,S ALAFAYA TRAIL,0, ,Unknown,2,0,0,0,N,N,N,1000.000000000000000,Clear,Dark - Lighted,0,Unknown,W,Property Damage Only,N,"Sideswipe, Same Direction",Motor Vehicle in Transport,On Roadway,Non-Junction,N,Not at Intersection,Interstate,Paved,Dry,None, , ,None, , ,N,N, , , , ,0,0,1,0,0,0,0,0,0,0,0,0,0.000000000000000,0.000000000000000,0,0,0,1000,"Mapped, On Network",-81.208245351700000,28.549262919000000,672614.491972999996506,507880.888716000015847,4/3/2019 10:47:59 AM,6921_8043
898,899,1,898,14632,87940246,2018-00379292,Orlando PD,Long,9/30/2018 0:00:00,04:14 PM,Orlando,Orange,SR 408 WESTBOUND (EW WBO),S ROSALIND AV,200,East,Rear End,2,0,0,1,N,N,N,11000.000000000000000,Clear,Daylight,0,Rear End,W,Injury,Y,Front to Rear,Motor Vehicle in Transport,On Roadway,Non-Junction,N,Not at Intersection,State,Paved,Dry,None, , ,None, , ,N,N, , , , ,0,0,0,0,0,0,0,1,0,0,0,0,0.000000000000000,0.000000000000000,0,0,0,11000,"Mapped, On Network",-81.370933920499994,28.537020590400001,656759.439312999951653,506172.433642000018153,10/31/2018 4:17:45 PM,8307_8305
899,900,1,899,14639,85204532,FHPD18OFF092952,FHP,Short,9/13/2018 0:00:00,07:25 AM,Unincorporated,Orange,STATE ROAD 408 WESTBOUND,ROUSE ROAD,1000,West,Rear End,2,0,0,0,N,N,N,4500.000000000000000,Cloudy,Daylight,0,Rear End,W,Property Damage Only,N,Front to Rear,Motor Vehicle in Transport,On Roadway,Non-Junction,N,Not at Intersection,State,Paved,Dry,None, , ,None, , ,N,N, , , , ,0,0,0,0,0,0,0,0,0,0,0,0,0.000000000000000,0.000000000000000,0,1,0,4500,"Mapped, On Network",-81.231583311999998,28.547112613100001,670341.288277999963611,507590.766751000017393,10/3/2018 12:43:05 PM,6303_6305
900,901,1,900,14646,87941235,2018-00400910,Orlando PD,Long,10/16/2018 0:00:00,05:08 PM,Orlando,Orange,SR 528 EBO (BEELINE),SR 551 (S GOLDENROD RD) EBO ENTRANCE RAMP,100,East,Rear End,2,0,0,1,N,N,N,12000.000000000000000,Clear,Daylight,0,Rear End,E,Injury,Y,Front to Rear,Motor Vehicle in Transport,On Roadway,Non-Junction,N,Not at Intersection,Turnpike/Toll,Paved,Dry,None, , ,None, , ,N,N, , , , ,0,0,0,0,0,0,0,1,0,0,0,0,0.000000000000000,0.000000000000000,0,1,0,12000,"Mapped, On Network",-81.279978836699996,28.448398199100001,665857.938666000030935,496525.419255000015255,2/12/2019 1:02:21 PM,8176_6156
901,902,1,901,14653,87944849,2018-00408632,Orlando PD,Long,10/22/2018 0:00:00,02:02 PM,Orlando,Orange,SR 408 WBO,BUMBY ENTRANCE RAMP,500,East,Rollover,1,0,1,1,N,N,N,5000.000000000000000,Clear,Daylight,0,Rollover,W,Fatality,Y,Other,Overturn/Rollover,On Roadway,Non-Junction,N,Not at Intersection,State,Paved,Dry,None, , ,None, , ,N,N, , , , ,0,0,1,0,0,1,0,1,0,0,1,0,2.000000000000000,0.000000000000000,0,0,0,5000,"Mapped, On Network",-81.338429883399996,28.538489205699999,659929.833575999946333,506403.590659999987110,10/25/2018 2:32:04 PM,6177_8353
902,903,1,902,14671,87944203,2018-00401594,Orlando PD,Short,10/17/2018 0:00:00,07:07 AM,Orlando,Orange,SR 408 WEST,S. BUMBY AV.,130,West,Rear End,2,0,0,0,N,N,N,1900.000000000000000,Clear,Daylight,0,Rear End,W,Property Damage Only,Y,Front to Rear,Motor Vehicle in Transport,On Roadway,Non-Junction,N,Not at Intersection,State,Paved,Dry,None, , ,None, , ,N,N, , , , ,0,0,0,0,0,0,0,0,0,0,0,0,0.000000000000000,0.000000000000000,0,0,0,1900,"Mapped, On Network",-81.350028998100001,28.538399270999999,658797.449504000018351,506369.209134000004269,10/29/2018 1:17:51 PM,6185_8318
903,904,1,903,14717,87239095,FHPK18OFF076439,FHP,Long,10/18/2018 0:00:00,05:09 PM,Winter Garden,Orange,SR 429 (FLORIDAS TURNPIKE),SR 50 (WEST COLONIAL DRIVE),0, ,Other,2,0,0,2,N,N,N,1000.000000000000000,Clear,Daylight,0,Other,S,Injury,N,Front to Rear,Motor Vehicle in Transport,On Roadway,Entrance/Exit Ramp,N,T-Intersection,Turnpike/Toll,Paved,Dry,None, , ,None, , ,N,N, , , , ,0,0,1,0,0,0,0,2,0,0,0,0,2.000000000000000,0.000000000000000,0,1,0,1000,"Mapped, On Network",-81.559398100199999,28.553679620000000,638319.562393000000156,507643.805303999979515,4/12/2019 10:32:22 AM,8423_8507
904,905,1,904,14719,87109437,FHPD18OFF098350,FHP,Long,9/27/2018 0:00:00,05:30 PM,Orlando,Orange,EAST-WEST EXPRESSWAY (EB SR 408 MM 8),TAMPA  AVE,5280,West,Unknown,2,0,0,1,N,N,N,10000.000000000000000,Clear,Daylight,0,Unknown, ,Injury,N,Other,Motor Vehicle in Transport,On Roadway,Non-Junction,N,Not at Intersection,State,Paved,Dry,None, , ,None, , ,N,N, , , , ,0,0,1,0,0,0,0,1,0,0,0,0,1.000000000000000,0.000000000000000,0,0,0,10000,"Mapped, On Network",-81.419114000299999,28.545547081799999,652034.960514000034891,507019.743826000019908,10/19/2018 2:49:55 PM,6011_8219
905,906,1,905,14722,88013416,FHPD18OFF106227,FHP,Short,10/18/2018 0:00:00,10:57 PM,Orlando,Orange,STATE ROAD 408,HIAWASSEE ROAD,0, ,Sideswipe,2,0,0,0,N,N,N,1700.000000000000000,Clear,Dark - Lighted,0,Same Direction Sideswipe,W,Property Damage Only,N,"Sideswipe, Same Direction",Motor Vehicle in Transport,On Roadway,Non-Junction,N,Not at Intersection,State,Paved,Dry,None, , ,None, , ,N,N, , , , ,0,0,0,0,0,0,0,0,0,0,0,0,0.000000000000000,0.000000000000000,0,1,0,1700,"Mapped, On Network",-81.468279945199995,28.549353284300000,647225.691478000022471,507342.825292999972589,2/28/2019 11:20:07 AM,6930_8210
906,907,1,906,14813,87279607,FHPD18OFF101898,FHP,Long,10/7/2018 0:00:00,04:36 AM,Orlando Expwy Auth,Orange,STATE ROAD 408 WESTBOUND,STATE ROAD 417 NORTHBOUND RAMP,0, ,Off Road,1,0,0,0,N,Y,N,8000.000000000000000,Clear,Dark - Lighted,0,Off Road,W,Property Damage Only,N,Other,Impact Attenuator/Crash Cushion,On Roadway,Entrance/Exit Ramp,N,Not at Intersection,State,Paved,Dry,None, , ,None, , ,N,N, , , , ,0,0,0,0,0,0,0,0,0,0,0,0,0.000000000000000,0.000000000000000,0,1,0,8000,"Mapped, Not On Network",-81.278170000000003,28.544400049400000,665799.401118000037968,507188.321727000002284,10/19/2018 2:37:22 PM,6918_8406
907,908,1,907,14819,88006306,FHPD18OFF106213,FHP,Long,10/18/2018 0:00:00,09:41 PM,Orlando,Orange,STATE ROAD 408 WB,MILE MARKER 6,500,East,Rear End,3,0,0,1,N,Y,N,9000.000000000000000,Clear,Dark - Lighted,0,Rear End,W,Injury,N,Front to Rear,Motor Vehicle in Transport,On Roadway,Non-Junction,N,Not at Intersection,State,Paved,Dry,None, , ,None, , ,N,Y,Lane Closure,Transition Area,Y,Y,0,0,1,0,0,0,0,0,1,0,0,0,1.000000000000000,0.000000000000000,0,1,0,9000,"Mapped, On Network",-81.441239330399995,28.548370860700000,649868.128748000017367,507288.246517000021413,4/12/2019 9:13:13 AM,6489_6994
908,909,1,908,14850,87939840,2018-00386434,Orlando PD,Long,10/5/2018 0:00:00,05:52 PM,Orlando,Orange,SR-408,S. ORANGE AVE,0, ,Rear End,3,0,0,7,N,Y,N,30000.000000000000000,Clear,Daylight,0,Rear End,W,Injury,Y,Front to Rear,Motor Vehicle in Transport,On Roadway,Non-Junction,N,Not at Intersection,State,Curb,Dry,None, , ,None, , ,N,Y,Intermittent or Moving Work,Activity Area,N,N,0,0,4,0,0,0,0,7,0,0,0,0,0.000000000000000,0.000000000000000,0,2,0,30000,"Mapped, On Network",-81.382940728500003,28.535282839099999,655591.104165000026114,505954.546658999985084,10/19/2018 2:48:37 PM,8274_8272
909,910,1,909,14881,88018084,FHPD18OFF106973,FHP,Short,10/20/2018 0:00:00,06:18 PM,Orlando,Orange,STATE ROAD 408,MM2,100,East,Unknown,2,0,0,0,N,N,N,4000.000000000000000,Clear,Daylight,0,Unknown,W,Property Damage Only,N,"Sideswipe, Same Direction",Motor Vehicle in Transport,On Roadway,Non-Junction,N,Not at Intersection,State,Paved,Dry,None, , ,None, , ,N,N, , , , ,0,0,0,0,0,0,0,0,0,0,0,0,0.000000000000000,0.000000000000000,0,1,0,4000,"Mapped, On Network",-81.505490776700000,28.546128790699999,643599.749121999950148,506910.746281000028830,4/15/2019 2:40:01 PM,8156_8150
910,911,1,910,14883,85564173,FHPD18OFF102054,FHP,Long,10/7/2018 0:00:00,03:20 PM,Orlando Expwy Auth,Orange,SR-417,MOSS PARK ROAD,0,North,Off Road,1,0,0,1,N,N,N,10000.000000000000000,Cloudy,Daylight,0,Off Road,S,Injury,N,Other,Guardrail Face,On Roadway,Non-Junction,N,Not at Intersection,Interstate,Paved,Dry,None, , ,None, , ,N,N, , , , ,0,0,0,0,0,0,0,1,0,0,0,0,0.000000000000000,0.000000000000000,0,0,0,10000,"Mapped, On Network",-81.227746512300001,28.422596761900000,671026.745554000022821,493774.415511000028346,4/4/2019 11:04:20 AM,8516_8536
911,912,1,911,14884,87289788,FHPD18OFF101681,FHP,Long,10/6/2018 0:00:00,02:59 PM,Orlando Expwy Auth,Orange,STATE ROAD 429 SB MM28,MCCORMICK RD,0,North,Other,1,0,0,0,N,N,N,5000.000000000000000,Clear,Daylight,0,Single Vehicle,S,Property Damage Only,Y,Other,Motor Vehicle in Transport,Shoulder,Non-Junction,N,Not at Intersection,State,Paved,Dry,None, , ,None, , ,N,N, , , , ,0,0,0,0,0,0,0,0,0,0,0,0,0.000000000000000,0.000000000000000,0,0,0,5000,"Mapped, On Network",-81.536124976300002,28.620959583800001,640442.552330999984406,515159.311263000010513,1/31/2019 11:34:45 PM,6295_8444
912,913,1,912,14927,87212257,FHPD18OFF111393,FHP,Long,11/1/2018 0:00:00,05:40 PM,Unincorporated,Orange,STATE ROAD 417,UNIVERSITY BV.,0,North,Rear End,2,0,0,3,N,N,N,13000.000000000000000,Cloudy,Daylight,0,Rear End,N,Injury,N,Front to Rear,Motor Vehicle in Transport,On Roadway,Non-Junction,N,Not at Intersection,Interstate,Paved,Dry,None, , ,None, , ,N,N, , , , ,0,0,1,0,0,0,0,3,0,0,0,0,0.000000000000000,0.000000000000000,0,1,0,13000,"Mapped, On Network",-81.252390100599996,28.602683545700000,668172.305358999990858,513715.251967000018340,12/20/2018 1:34:24 PM,8449_5988
913,914,1,913,14972,88005647,FHPD18OFF102660,FHP,Short,10/9/2018 0:00:00,07:25 AM,Orlando Expwy Auth,Orange,SB SR-429,WEST ROAD,5280,North,Rear End,2,0,0,0,N,N,N,6000.000000000000000,Cloudy,Daylight,0,Rear End,S,Property Damage Only,Y,Front to Rear,Motor Vehicle in Transport,On Roadway,Non-Junction,N,Not at Intersection,State,Paved,Wet,Work Zone, , ,None, , ,N,Y,Lane Closure,Activity Area,Y,N,0,0,0,0,0,0,0,0,0,0,0,0,0.000000000000000,0.000000000000000,0,1,0,6000,"Mapped, On Network",-81.537771972200005,28.605825314000001,640315.405246000038460,513475.697237999993376,4/8/2019 1:37:35 PM,7012_8458
914,915,1,914,14994,88008917,FHPD18OFF098459,FHP,Short,9/28/2018 0:00:00,12:15 AM,Orlando,Orange,SB STATE ROAD 417 (CENTRAL FLORIDA GREENWAY),MILE MARKER 17 (BOGGY CREEK ROAD),800,North,Unknown,2,0,0,0,N,N,N,1100.000000000000000,Clear,Dark - Lighted,0,Unknown, ,Property Damage Only,N,Angle,Motor Vehicle in Transport,On Roadway,Non-Junction,N,Not at Intersection,State,Paved,Wet,None, , ,None, , ,N,N, , , , ,0,0,0,0,0,0,0,0,0,0,0,0,0.000000000000000,0.000000000000000,0,1,0,1100,"Mapped, On Network",-81.325204389099994,28.367328575399998,661633.515666999970563,487427.523478000017349,2/1/2019 11:14:16 PM,6618_6299
915,916,1,915,15031,87468892,2018TA014212,Apopka PD,Long,10/20/2018 0:00:00,04:31 AM,Apopka,Orange,SR 429,SR 414,0,North,Unknown,2,0,0,1,N,Y,N,5000.000000000000000,Clear,Dark - Not Lighted,0,Unknown,N,Injury,Y,"Sideswipe, Same Direction",Motor Vehicle in Transport,On Roadway,Through Roadway,N,Other,State,Paved,Dry,None, , ,None, , ,N,N, , , , ,0,0,0,0,0,0,0,0,1,0,0,0,1.000000000000000,0.000000000000000,0,0,0,5000,"Mapped, On Network",-81.558835630499999,28.675882808899999,638105.835992999956943,521213.523664999986067,11/6/2018 9:56:06 PM,5881_6875
916,917,1,916,15034,88013608,FHPD18OFF102330,FHP,Long,10/8/2018 0:00:00,11:52 AM,Orlando Expwy Auth,Orange,SR408,2MM,0, ,Rear End,2,0,0,1,N,N,N,8000.000000000000000,Clear,Daylight,0,Rear End,E,Injury,Y,Front to Rear,Motor Vehicle in Transport,On Roadway,Non-Junction,N,Not at Intersection,State,Paved,Dry,None, , ,None, , ,N,N, , , , ,0,0,0,0,0,0,0,1,0,0,0,0,0.000000000000000,0.000000000000000,0,1,0,8000,"Mapped, On Network",-81.514279971400001,28.544429735900000,642745.365502999979071,506704.762785000028089,2/14/2019 11:06:14 AM,6225_8114
917,918,1,917,15039,88006155,FHPD18OFF100801,FHP,Long,10/4/2018 0:00:00,09:57 AM,Orlando Expwy Auth,Orange,STATE RD 417,STATE RD 408,5280,North,Sideswipe,2,0,0,0,N,N,N,4100.000000000000000,Clear,Daylight,0,Same Direction Sideswipe,N,Property Damage Only,N,"Sideswipe, Same Direction",Motor Vehicle in Transport,On Roadway,Non-Junction,N,Not at Intersection,State,Paved,Dry,None, , ,None, , ,N,N, , , , ,0,0,0,0,0,0,0,0,0,0,0,0,0.000000000000000,0.000000000000000,0,1,0,4100,"Mapped, On Network",-81.260930645499997,28.550214582999999,667468.286537999985740,507871.176508000004105,4/2/2019 7:30:39 PM,11876_8570
918,919,1,918,15041,88005648,FHPD18OFF102721,FHP,Short,10/9/2018 0:00:00,09:30 AM,Orlando Expwy Auth,Orange,SB SR-417,CURRY FORD RD,0,North,Sideswipe,2,0,0,0,N,N,N,4000.000000000000000,Cloudy,Daylight,0,Opposing Sideswipe,S,Property Damage Only,Y,Other,Cargo/Equipment Loss or Shift,On Roadway,Non-Junction,N,Not at Intersection,State,Paved,Wet,None, , ,None, , ,N,N, , , , ,0,0,0,0,0,0,0,0,0,0,0,0,0.000000000000000,0.000000000000000,0,1,0,4000,"Mapped, On Network",-81.249410041600001,28.512995824600001,668685.268680999986827,503763.881675000011455,2/12/2019 11:40:37 AM,8555_8559
919,920,1,919,15055,88005636,FHPD18OFF094172,FHP,Long,9/16/2018 0:00:00,03:20 AM,Orlando Expwy Auth,Orange,EB SR-408,GOOD HOMES ROAD,0,West,Off Road,1,0,0,0,N,N,N,10000.000000000000000,Clear,Dark - Lighted,0,Off Road,E,Property Damage Only,Y,Other,Guardrail Face,Shoulder,Non-Junction,N,Not at Intersection,State,Paved,Dry,None, , ,None, , ,N,N, , , , ,0,0,0,0,0,0,0,0,0,0,0,0,0.000000000000000,0.000000000000000,0,0,0,10000,"Mapped, On Network",-81.511387420700004,28.545005492400001,643026.511673999950290,506774.388192999991588,2/1/2019 9:35:01 PM,8114_8152
920,921,1,920,15081,83780036,FHPD18OFF102635,Orange Co SO,Long,10/9/2018 0:00:00,06:27 AM,Orlando,Orange,SR-528-TOLL E,STATE ROAD 528 EASTBOUND,500,East,Off Road,1,0,0,0,N,Y,N,8000.000000000000000,Rain,Dark - Lighted,0,Off Road,N,Property Damage Only,N,Other,Guardrail Face,Shoulder,Entrance/Exit Ramp,N,Not at Intersection,Interstate,Paved,Wet,None, , ,Weather Conditions, , ,N,N, , , , ,0,0,0,0,0,0,0,0,0,0,0,0,0.000000000000000,0.000000000000000,0,1,0,8000,"Mapped, On Network",-81.218703672199993,28.451335305400001,671838.681693000020459,496985.113980000023730,10/31/2018 4:11:07 PM,8019_6319
921,922,1,921,15092,87254707,FHPD18OFF099202,FHP,Short,9/29/2018 0:00:00,08:28 PM,Orlando Expwy Auth,Orange,SR-417 (MM7),WORLD CENTER DRIVE,5280,North,Rear End,2,0,0,0,N,N,N,1600.000000000000000,Clear,Dark - Lighted,0,Rear End,S,Property Damage Only,N,Front to Rear,Motor Vehicle in Transport,On Roadway,Non-Junction,N,Not at Intersection,Turnpike/Toll,Paved,Dry,None, , ,None, , ,N,N, , , , ,0,0,0,0,0,0,0,0,0,0,0,0,0.000000000000000,0.000000000000000,0,0,0,1600,"Mapped, Not On Network",-81.476280000100004,28.356580024700001,646882.699299999978393,485922.590800000005402,10/29/2018 7:41:47 PM,6071_8579
922,923,1,922,15102,88005646,FHPD18OFF102571,FHP,Long,10/8/2018 0:00:00,07:40 PM,Orlando Expwy Auth,Orange,EB SR-408 EXIT RAMP,SR-551,5280,East,Off Road,1,0,0,0,N,N,N,10000.000000000000000,Rain,Dusk,0,Off Road,E,Property Damage Only,Y,Other,Guardrail End,Shoulder,Entrance/Exit Ramp,N,Not at Intersection,State,Paved,Wet,Work Zone, , ,None, , ,N,N, , , , ,0,0,0,0,0,0,0,0,0,0,0,0,0.000000000000000,0.000000000000000,0,2,0,10000,"Mapped, On Network",-81.288373618999998,28.539879753099999,664814.168983999988995,506664.485495999979321,2/14/2019 11:48:38 AM,6881_8431
923,924,1,923,15115,87279610,FHPD18OFF103711,FHP,Long,10/11/2018 0:00:00,09:44 PM,Orlando Expwy Auth,Orange,SR-429,MILE MARKER 24,0, ,Off Road,1,0,0,0,N,Y,N,7000.000000000000000,Clear,Dark - Not Lighted,0,Off Road,N,Property Damage Only,Y,Other,Guardrail Face,Off Roadway,Non-Junction,N,Not at Intersection,State,Paved,Dry,None, , ,None, , ,N,N, , , , ,0,0,1,0,0,0,0,0,0,0,0,0,0.000000000000000,0.000000000000000,0,3,0,7000,"Mapped, On Network",-81.556720069999997,28.571168932399999,638542.551292999996804,509590.889752999995835,2/5/2019 12:05:00 PM,8421_8425
924,925,1,924,15128,87246721,FHPD18OFF103400,FHP,Short,10/11/2018 0:00:00,06:15 AM,Orlando,Orange,STATE ROAD 417,STATE ROAD 528,25,North,Sideswipe,2,0,0,0,N,N,N,1500.000000000000000,Cloudy,Dark - Lighted,0,Same Direction Sideswipe,N,Property Damage Only,Y,"Sideswipe, Same Direction",Motor Vehicle in Transport,On Roadway,Non-Junction,N,Not at Intersection,Interstate,Paved,Dry,None, , ,None, , ,N,N, , , , ,0,0,0,0,0,0,0,0,0,0,0,0,0.000000000000000,0.000000000000000,0,1,0,1500,"Mapped, On Network",-81.230347149500005,28.451733187799999,670699.869481000001542,497003.676676000002772,4/8/2019 3:30:29 PM,7993_7091
925,926,1,925,15137,87226194,FHPK18OFF075221,FHP,Long,10/13/2018 0:00:00,08:32 PM,Winter Garden,Orange,SR 429,MM 19,0, ,Rear End,2,0,0,0,N,N,N,5000.000000000000000,Cloudy,Dark - Lighted,0,Rear End,S,Property Damage Only,N,Front to Rear,Motor Vehicle in Transport,On Roadway,Non-Junction,N,Not at Intersection,Turnpike/Toll,Paved,Dry,None, , ,None, , ,N,N, , , , ,0,0,0,0,0,0,0,0,0,0,0,0,0.000000000000000,0.000000000000000,0,1,0,5000,"Mapped, On Network",-81.594138878699994,28.515560444700000,635010.220585000002757,503344.588743000000250,4/9/2019 11:00:31 AM,8492_6233
926,927,1,926,15152,87944462,2018-00391871,Orlando PD,Long,10/9/2018 0:00:00,09:30 PM,Orlando,Orange,SR 408 EASTBOUND,CONWAY ST EXIT,5280,West,Unknown,2,0,0,0,N,N,N,0.000000000000000,Clear,Dark - Lighted,0,Unknown, ,Property Damage Only,Y,"Sideswipe, Same Direction",Motor Vehicle in Transport,On Roadway,Non-Junction,N,Not at Intersection,State,Paved,Dry,None, , ,None, , ,N,N, , , , ,0,0,0,0,0,0,0,0,0,0,0,0,0.000000000000000,0.000000000000000,0,0,0,0,"Mapped, On Network",-81.342127000500000,28.538232213699999,659569.442920999950729,506367.269215999986045,12/20/2018 3:58:07 PM,6252_6227
927,928,1,927,15165,87226196,FHPK18OFF075399,FHP,Long,10/14/2018 0:00:00,03:00 PM,Ocoee,Orange,SR-429-TOLL N,MM 23,0, ,Rollover,1,0,0,1,N,N,N,4000.000000000000000,Cloudy,Daylight,0,Rollover,S,Injury,N,Other,Overturn/Rollover,On Roadway,Non-Junction,N,Not at Intersection,Turnpike/Toll,Paved,Dry,None, , ,None, , ,N,N, , , , ,0,0,0,0,0,0,0,1,0,0,0,0,1.000000000000000,0.000000000000000,0,2,0,4000,"Mapped, On Network",-81.559355130300005,28.553929988800000,638323.207478999975137,507671.687803999986500,4/9/2019 11:28:39 AM,8423_8507
928,929,1,928,15166,87226195,FHPK18OFF075221,FHP,Long,10/13/2018 0:00:00,08:32 PM,Winter Garden,Orange,SR-429-TOLL N,MM 19,0, ,Unknown,2,0,0,0,N,N,N,4001.000000000000000,Cloudy,Dark - Lighted,0,Unknown,W,Property Damage Only,N,Front to Rear,Motor Vehicle in Transport,On Roadway,Non-Junction,N,Not at Intersection,Turnpike/Toll,Paved,Dry,None, , ,None, , ,N,N, , , , ,0,0,0,0,0,0,0,0,0,0,0,0,0.000000000000000,0.000000000000000,0,0,0,4001,"Mapped, On Network",-81.590880816799995,28.515907932099999,635327.681468999944627,503389.385320000001229,2/14/2019 12:08:38 PM,8464_8492
929,930,1,929,15189,88006157,FHPD18OFF102484,FHP,Long,10/8/2018 0:00:00,04:47 PM,Orlando Expwy Auth,Orange,STATE RD 408 TRANSITION RAMP,STATE RD 417,500,East,Sideswipe,2,0,0,0,N,N,N,10000.000000000000000,Rain,Daylight,0,Same Direction Sideswipe,E,Property Damage Only,N,Angle,Motor Vehicle in Transport,On Roadway,Entrance/Exit Ramp,N,Not at Intersection,State,Paved,Wet,Road Surface Condition, , ,Weather Conditions, , ,N,Y,Work on Shoulder or Median,Activity Area,N,N,0,0,1,0,0,0,0,0,0,0,0,0,0.000000000000000,0.000000000000000,0,1,0,10000,"Mapped, Not On Network",-81.252830000000003,28.547320049400000,668266.339167000027373,507567.397804000007454,2/5/2019 12:27:35 PM,8027_6269
930,931,1,930,15193,88005652,FHPD18OFF103949,FHP,Long,10/12/2018 0:00:00,03:00 PM,Orlando Expwy Auth,Orange,SB SR-417,CURRY FORD RD,5280,North,Sideswipe,2,0,0,0,N,N,N,9000.000000000000000,Clear,Daylight,0,Same Direction Sideswipe,S,Property Damage Only,Y,Front to Rear,Motor Vehicle in Transport,On Roadway,Non-Junction,N,Not at Intersection,State,Paved,Dry,None, , ,None, , ,N,N, , , , ,0,0,0,0,0,0,0,0,0,0,0,0,0.000000000000000,0.000000000000000,0,1,0,9000,"Mapped, On Network",-81.250941689200005,28.522815562700000,668511.368382000015117,504850.815546000027098,10/19/2018 5:24:09 PM,6968_8555
931,932,1,931,15194,88005651,FHPD18OFF103596,FHP,Long,10/11/2018 0:00:00,04:00 PM,Orlando Expwy Auth,Orange,NB SR-429,PLANT STREET,5280,South,Sideswipe,2,0,0,0,N,N,N,5000.000000000000000,Cloudy,Daylight,0,Same Direction Sideswipe,N,Property Damage Only,Y,"Sideswipe, Same Direction",Motor Vehicle in Transport,On Roadway,Non-Junction,N,Not at Intersection,State,Paved,Dry,None, , ,None, , ,N,N, , , , ,0,0,0,0,0,0,0,0,0,0,0,0,0.000000000000000,0.000000000000000,0,0,0,5000,"Mapped, On Network",-81.558842443800003,28.562798270300000,638353.768089000019245,508657.358996000024490,10/19/2018 5:41:04 PM,8500_8421