FID,OBJECTID_1,Join_Count,TARGET_FID,OBJECTID,HSMV_Repor,Agency_Rep,Reporting_,Form_Type,Crash_Date,Crash_Time,City,County,Crash_Stre,Intersecti,Offset_Dis,Offset_Dir,Crash_Type,Vehicles,Non_Motori,Fatalities,Injuries,Alcohol_Re,Distractio,Drug_Relat,Estimated_,Weather_Co,Light_Cond,Street_Num,Crash_Ty_1,Crash_Ty_2,Crash_Seve,Within_Cit,Manner_of_,First_Harm,First_HE_L,First_HE_R,First_HE_W,Type_of_In,Road_Sys_I,Type_of_Sh,Road_Surf_,Contrib_Ci,Contrib__1,Contrib__2,Contrib__3,Contrib__4,Contrib__5,School_Bus,Work_Zone_,Type_of_Wo,Loc_in_Wor,Workers_in,Law_Enforc,Mopeds,Motorcycle,Passengers,Bicyclists,Pedestrian,Fataliti_1,Injuries_U,Possible_I,Non_Incapa,Incapacita,Fataliti_2,Non_Traffi,Transporte,Transpor_1,Transpor_2,Citations,Property_D,Vehicle_Dm,S4_Mapping,S4_Decimal,S4_Decim_1,S4_Albers_,S4_Albers1,S4_Mappi_1,zone_id_st
932,933,1,932,15195,88005650,FHPD18OFF103125,FHP,Short,10/10/2018 0:00:00,09:50 AM,Orlando Expwy Auth,Orange,EB SR-408,SR-551,0,West,Sideswipe,2,0,0,0,N,N,N,5500.000000000000000,Cloudy,Daylight,0,Same Direction Sideswipe,E,Property Damage Only,Y,"Sideswipe, Same Direction",Motor Vehicle in Transport,On Roadway,Non-Junction,N,Not at Intersection,State,Paved,Dry,None, , ,None, , ,N,N, , , , ,0,0,0,0,0,0,0,0,0,0,0,0,0.000000000000000,0.000000000000000,0,1,0,5500,"Mapped, On Network",-81.296164833700004,28.539500608699999,664054.333611999987625,506605.682032999990042,10/19/2018 5:15:45 PM,6881_8431
933,934,1,933,15217,87941189,2018-00407380,Orlando PD,Short,10/21/2018 0:00:00,01:40 PM,Orlando,Orange,SR408,S BUMBY AVENUE,100,West,Sideswipe,2,0,0,0,N,N,N,400.000000000000000,Clear,Daylight,0,Same Direction Sideswipe,E,Property Damage Only,Y,"Sideswipe, Same Direction",Motor Vehicle in Transport,On Roadway,Other,N,Not at Intersection,State,Paved,Dry,None, , ,None, , ,N,N, , , , ,0,0,0,0,0,0,0,0,0,0,0,0,0.000000000000000,0.000000000000000,0,0,0,400,"Mapped, On Network",-81.352354654699994,28.538166691000001,658570.914201000006869,506338.507045999984257,10/26/2018 5:43:30 PM,8311_6252
934,935,1,934,15261,87279617,FHPD18OFF107483,FHP,Short,10/22/2018 0:00:00,09:19 AM,Orlando Expwy Auth,Orange,SR 417 NORTHBOUND,MILE MARKER 28,0, ,Sideswipe,2,0,0,0,N,Y,N,2500.000000000000000,Clear,Daylight,0,Same Direction Sideswipe,N,Property Damage Only,N,"Sideswipe, Same Direction",Motor Vehicle in Transport,On Roadway,Non-Junction,N,Not at Intersection,State,Paved,Dry,None, , ,None, , ,N,N, , , , ,0,0,0,0,0,0,0,0,0,0,0,0,0.000000000000000,0.000000000000000,0,1,0,2500,"Mapped, On Network",-81.250477106899993,28.517550049299999,668569.775818999973126,504267.205646999995224,10/26/2018 5:40:09 PM,8553_6689
935,936,1,935,15262,87279611,FHPD18OFF103763,FHP,Long,10/12/2018 0:00:00,03:41 AM,Orlando Expwy Auth,Orange,STATE ROAD 408 WESTBOUND,OLD WINTER GARDEN RD OFF RAMP,0, ,Off Road,1,0,0,1,N,N,N,10000.000000000000000,Clear,Dark - Lighted,0,Off Road,W,Injury,N,Other,Tree (standing),Off Roadway,Entrance/Exit Ramp,N,Not at Intersection,State,Unpaved,Dry,None, , ,None, , ,N,N, , , , ,0,0,0,0,0,0,0,1,0,0,0,0,0.000000000000000,0.000000000000000,0,0,0,10000,"Mapped, On Network",-81.426393269900004,28.545813750299999,651323.592901000054553,507034.495775000017602,10/26/2018 5:40:20 PM,8237_6011
936,937,1,936,15318,87254716,FHPD18OFF107751,FHP,Long,10/23/2018 0:00:00,04:53 AM,Orlando Expwy Auth,Orange,SR-528 (MM22),DALLAS BLVD,10560,West,Animal,1,0,0,0,N,N,N,1000.000000000000000,Clear,Dark - Not Lighted,0,Animal,E,Property Damage Only,N,Other,Animal,On Roadway,Non-Junction,N,Not at Intersection,Turnpike/Toll,Paved,Dry,None, , ,None, , ,N,N, , , , ,0,0,0,0,0,0,0,0,0,0,0,0,0.000000000000000,0.000000000000000,0,0,0,1000,"Mapped, On Network",-81.120027746100007,28.451376328100000,681481.251568999956362,497211.051267999981064,2/28/2019 11:22:29 AM,8101_6488
937,938,1,937,15360,87944279,2018-00401798,Orlando PD,Short,10/17/2018 0:00:00,09:09 AM,Orlando,Orange,SR 408,S ORANGE AVE,500,East,Rear End,2,0,0,0,N,N,N,1000.000000000000000,Clear,Daylight,0,Rear End,W,Property Damage Only,Y,Front to Rear,Motor Vehicle in Transport,On Roadway,Non-Junction,N,Not at Intersection,State,Paved,Dry,None, , ,None, , ,N,N, , , , ,0,0,0,0,0,0,0,0,0,0,0,0,0.000000000000000,0.000000000000000,0,0,0,1000,"Mapped, On Network",-81.376567836400000,28.536213530400001,656211.210445999982767,506071.107050999999046,4/11/2019 1:59:53 PM,6276_8307
938,939,1,938,15391,87254715,FHPD18OFF107425,FHP,Long,10/22/2018 0:00:00,06:44 AM,Orlando Expwy Auth,Orange,SR-408 (MM7),N ORTMAN DRIVE,20,West,Rear End,3,0,0,5,N,N,N,11000.000000000000000,Clear,Dusk,0,Rear End,E,Injury,N,Front to Rear,Motor Vehicle in Transport,On Roadway,Non-Junction,N,Not at Intersection,Turnpike/Toll,Paved,Dry,None, , ,None, , ,N,Y,Lane Closure,Transition Area,Y,N,0,0,2,0,0,0,0,1,4,0,0,0,4.000000000000000,0.000000000000000,0,1,0,11000,"Mapped, On Network",-81.430456568300002,28.546040157499998,650926.328189000021666,507051.359407000010833,2/12/2019 1:03:19 PM,6014_8237
939,940,1,939,15392,87254708,FHPD18OFF104814,FHP,Long,10/15/2018 0:00:00,09:20 AM,Orlando Expwy Auth,Orange,SR-429 (MM28),MCCORMICK ROAD,5280,South,Rear End,2,0,0,2,N,N,N,1200.000000000000000,Clear,Daylight,0,Rear End,N,Injury,N,Front to Rear,Motor Vehicle in Transport,On Roadway,Non-Junction,N,Not at Intersection,Turnpike/Toll,Paved,Dry,None, , ,None, , ,N,Y,Lane Shift/Crossover,Advance Warning Area,N,N,0,0,1,0,0,0,0,0,2,0,0,0,2.000000000000000,0.000000000000000,0,1,0,1200,"Mapped, On Network",-81.536457361199993,28.616875307499999,640419.181037000031210,514705.174003999971319,4/9/2019 1:18:30 PM,6069_6295
940,941,1,940,15398,87941188,2018-00410711,Orlando PD,Long,10/24/2018 0:00:00,02:45 AM,Orlando,Orange,SR 528,SR 436,5280,West,Rear End,2,0,0,1,N,N,N,1000.000000000000000,Clear,Dark - Lighted,0,Rear End,W,Injury,Y,Front to Rear,Motor Vehicle in Transport,On Roadway,Non-Junction,N,Not at Intersection,State,Paved,Dry,None, , ,None, , ,N,N, , , , ,0,0,0,0,0,0,0,1,0,0,0,0,1.000000000000000,0.000000000000000,0,0,0,1000,"Mapped, On Network",-81.319381731899995,28.451576790400001,661999.593320999993011,496794.004101999977138,4/15/2019 2:16:31 PM,7054_6094
941,942,1,941,15401,87254717,FHPD18OFF107799,FHP,Long,10/23/2018 0:00:00,08:01 AM,Orlando Expwy Auth,Orange,SR-408 (MM16),GOLDENROD ROAD,20,East,Rear End,5,0,0,2,N,N,N,7000.000000000000000,Clear,Daylight,0,Rear End,W,Injury,N,Front to Rear,Motor Vehicle in Transport,On Roadway,Non-Junction,N,Not at Intersection,Turnpike/Toll,Paved,Dry,None, , ,None, , ,N,N, , , , ,0,0,0,0,0,0,0,2,0,0,0,0,0.000000000000000,0.000000000000000,0,2,0,7000,"Mapped, On Network",-81.289222062799993,28.539903278499999,664731.266907999990508,506665.275774999987334,4/15/2019 1:01:21 PM,8427_6883
942,943,1,942,15415,87234195,FHPK18OFF077539,FHP,Short,10/22/2018 0:00:00,05:31 PM,Winter Garden,Orange,STATE ROAD 429,MILE MARKER 19,0, ,Rear End,2,0,0,0,N,N,N,1500.000000000000000,Clear,Daylight,0,Rear End,S,Property Damage Only,N,Front to Rear,Motor Vehicle in Transport,On Roadway,Entrance/Exit Ramp,N,Not at Intersection,Turnpike/Toll,Paved,Dry,None, , ,None, , ,N,N, , , , ,0,0,0,0,0,0,0,0,0,0,0,0,0.000000000000000,0.000000000000000,0,1,0,1500,"Mapped, On Network",-81.579390923099993,28.522387927000000,636435.768567000050098,504130.868224999983795,4/15/2019 12:15:49 PM,6989_8464
943,944,1,943,15444,88013242,FHPD18OFF106255,FHP,Long,10/19/2018 0:00:00,04:45 AM,Unincorporated,Orange,STATE ROAD 429,FRANKLIN STREET,5280,South,Off Road,1,0,0,0,N,Y,N,10000.000000000000000,Clear,Dark - Lighted,0,Off Road,N,Property Damage Only,N,Other,Utility Pole/Light Support,Off Roadway,Entrance/Exit Ramp,N,Not at Intersection,State,Paved,Dry,None, , ,None, , ,N,N, , , , ,0,0,0,0,0,0,0,0,0,0,0,0,0.000000000000000,0.000000000000000,0,0,0,10000,"Mapped, Not On Network",-81.556758630199994,28.571981161200000,638537.000000000000000,509681.000000000000000,10/30/2018 8:05:14 PM,8421_8425
944,945,1,944,15455,88010263,FHPD18OFF105072,FHP,Long,10/15/2018 0:00:00,09:40 PM,Unincorporated,Orange,STATE ROAD 408,MILE MARKER 8,0,West,Rear End,4,0,0,0,N,N,N,13510.000000000000000,Clear,Dark - Lighted,0,Rear End,W,Property Damage Only,N,Front to Rear,Motor Vehicle in Transport,On Roadway,Non-Junction,N,Not at Intersection,State,Paved,Dry,None, , ,None, , ,N,Y,Lane Closure,Transition Area,Y,Y,0,0,1,0,0,0,0,0,0,0,0,0,0.000000000000000,0.000000000000000,0,1,0,13510,"Mapped, On Network",-81.411943423799997,28.541334596199999,652744.914082000032067,506566.701622000022326,10/30/2018 8:07:43 PM,8217_8215
945,946,1,945,15479,87939995,2018-00401293,Orlando PD,Long,10/16/2018 0:00:00,11:33 PM,Orlando,Orange,SR 408 WEST,SOUTH SEMORAN,5280,West,Rear End,2,0,0,1,Y,N,N,20000.000000000000000,Clear,Dark - Lighted,0,Rear End,W,Injury,Y,Front to Rear,Motor Vehicle in Transport,On Roadway,Non-Junction,N,Not at Intersection,State,Paved,Dry,None, , ,None, , ,N,N, , , , ,0,0,0,0,0,0,0,0,0,1,0,0,1.000000000000000,0.000000000000000,0,1,0,20000,"Mapped, On Network",-81.311813847400003,28.539434880900000,662526.465633000014350,506564.971892000001390,11/9/2018 7:42:06 PM,6301_6218
946,947,1,946,15481,87199077,FHPK18OFF076088,FHP,Short,10/17/2018 0:00:00,09:05 AM,Winter Garden,Orange,NB STATE ROAD 429 MM 20,COUNTRY ROAD 535,5280,North,Rear End,2,0,0,0,N,Y,N,4000.000000000000000,Clear,Daylight,0,Rear End,N,Property Damage Only,N,Front to Rear,Motor Vehicle in Transport,On Roadway,Through Roadway,N,Not at Intersection,State,Paved,Dry,None, , ,None, , ,N,N, , , , ,0,0,0,0,0,0,0,0,0,0,0,0,0.000000000000000,0.000000000000000,0,2,0,4000,"Mapped, Not On Network",-81.590810000000005,28.515680049299998,635335.092520999955013,503364.217531999980565,10/22/2018 3:50:49 PM,8494_8462
947,948,1,947,15498,87128093,FHPK18OFF076104,FHP,Short,10/17/2018 0:00:00,10:08 AM,Winter Garden,Orange,SR-429-TOLL N,INDEPENDENCE PKWY,50,North,Sideswipe,2,0,0,0,N,N,N,1500.000000000000000,Clear,Daylight,0,Same Direction Sideswipe,N,Property Damage Only,N,"Sideswipe, Same Direction",Motor Vehicle in Transport,On Roadway,Non-Junction,N,Not at Intersection,Turnpike/Toll,Paved,Dry,None, , ,None, , ,N,N, , , , ,0,0,0,0,0,0,0,0,0,0,0,0,0.000000000000000,0.000000000000000,0,0,0,1500,"Mapped, On Network",-81.631317591200002,28.479572448999999,631455.731530999997631,499278.329685000004247,4/11/2019 1:53:26 PM,8037_6764
948,949,1,948,15502,88006165,FHPD18OFF106880,FHP,Long,10/20/2018 0:00:00,02:23 PM,Orlando Expwy Auth,Orange,STATE RD 408 EXIT RAMP,STATE RD 551,60,East,Rear End,2,0,0,2,N,N,N,4750.000000000000000,Clear,Daylight,0,Rear End,W,Injury,N,Front to Rear,Motor Vehicle in Transport,On Roadway,Entrance/Exit Ramp,N,Four-Way Intersection,State,Paved,Dry,None, , ,None, , ,N,N, , , , ,0,0,2,0,0,0,0,2,0,0,0,0,2.000000000000000,0.000000000000000,0,1,0,4750,"Mapped, Not On Network",-81.289699999600003,28.539670024799999,664685.168999999994412,506638.351900000008754,10/26/2018 5:41:32 PM,6881_8431
949,950,1,949,15510,88028303,FHPD18OFF112944,FHP,Long,11/6/2018 0:00:00,02:53 AM,Orlando,Orange,STATE ROAD 408 WEST,MM2,300,East,Off Road,2,0,0,1,N,N,N,6000.000000000000000,Clear,Dark - Lighted,0,Off Road,W,Injury,N,Angle,Concrete Traffic Barrier,Separator,Non-Junction,N,Not at Intersection,State,Paved,Dry,None, , ,None, , ,N,Y,Lane Closure,Advance Warning Area,N,N,0,0,0,0,0,0,0,0,1,0,0,0,0.000000000000000,0.000000000000000,0,0,0,6000,"Mapped, On Network",-81.499292759699998,28.547015936600001,644202.931936000008136,507021.507709000026807,4/5/2019 4:19:00 PM,6300_8156
950,951,1,950,15552,88006163,FHPD18OFF106389,FHP,Long,10/19/2018 0:00:00,11:54 AM,Orlando Expwy Auth,Orange,STATE RD 528,STATE RD 520,100,West,Other,1,0,0,0,N,N,N,5000.000000000000000,Rain,Daylight,0,Single Vehicle,W,Property Damage Only,N,Other,Other Non-Collision,On Roadway,Non-Junction,N,Not at Intersection,State,Paved,Wet,Road Surface Condition, , ,Weather Conditions, , ,N,Y,Work on Shoulder or Median,Termination Area,N,N,0,0,2,0,0,0,0,0,0,0,0,0,0.000000000000000,0.000000000000000,0,1,0,5000,"Mapped, On Network",-80.982946480999999,28.452481113299999,694873.615708000026643,497654.059322000015527,10/26/2018 5:42:02 PM,8083_6824
951,952,1,951,15564,87190230,FHPK18OFF079701,FHP,Long,10/31/2018 0:00:00,05:25 PM,Winter Garden,Orange,SR-429 (DANIEL WEBSTER WESTRN BELTWY),CR-535 (WINTER GARDEN VINELAND RD),10560,North,Rear End,3,0,0,1,N,N,N,3500.000000000000000,Clear,Daylight,0,Rear End,S,Injury,N,Front to Rear,Motor Vehicle in Transport,On Roadway,Non-Junction,N,Not at Intersection,State,Paved,Dry,None, , ,None, , ,N,N, , , , ,0,0,3,0,0,0,0,1,0,0,0,0,0.000000000000000,0.000000000000000,0,1,0,3500,"Mapped, Not On Network",-81.562150000000003,28.529850049400000,638103.194813000038266,504992.593969999987166,11/7/2018 4:48:14 PM,6231_8470
952,953,1,952,15565,87217795,FHPK18OFF079332,FHP,Long,10/30/2018 0:00:00,04:05 AM,Winter Garden,Orange,STATE ROAD 429 (DANIEL WEBSTER BELTWAY) SB,REAVES RD,100,South,Off Road,1,0,0,0,N,N,N,3000.000000000000000,Clear,Dark - Lighted,0,Off Road,S,Property Damage Only,N,Other,Guardrail Face,Off Roadway,Non-Junction,N,Not at Intersection,Turnpike/Toll,Paved,Dry,None, , ,None, , ,N,N, , , , ,0,0,0,0,0,0,0,0,0,0,0,0,0.000000000000000,0.000000000000000,0,0,0,3000,"Mapped, On Network",-81.574234668900004,28.525501147000000,636932.545933000044897,504486.439882999984547,12/20/2018 7:33:00 PM,8462_6231
953,954,1,953,15567,88005661,FHPD18OFF106546,FHP,Long,10/19/2018 0:00:00,04:50 PM,Orlando Expwy Auth,Orange,SB SR-417,CURRY FORD RD,5280,South,Off Road,2,0,0,2,N,N,N,8000.000000000000000,Clear,Daylight,0,Off Road,S,Injury,Y,Other,Guardrail Face,On Roadway,Non-Junction,N,Not at Intersection,State,Paved,Dry,None, , ,None, , ,N,N, , , , ,0,0,1,0,0,0,0,0,2,0,0,0,2.000000000000000,0.000000000000000,0,0,0,8000,"Mapped, On Network",-81.249887828900000,28.514144459099999,668635.760208999970928,503890.371840999985579,10/29/2018 1:19:05 PM,8555_8559
954,955,1,954,15650,87468906,2018TA014609,Apopka PD,Long,10/28/2018 0:00:00,03:15 PM,Apopka,Orange,429,S SR-451-TOLL,1160,North,Off Road,1,0,0,0,N,N,N,3000.000000000000000,Clear,Daylight,0,Off Road,S,Property Damage Only,Y, ,Guardrail Face,On Roadway,Through Roadway,N,Not at Intersection,State,Paved,Dry,None, , ,None, , ,N,N, , , , ,0,0,0,0,0,0,0,0,0,0,0,0,0.000000000000000,0.000000000000000,0,0,0,3000,"Mapped, On Network",-81.542840353200006,28.646736792700001,639730.266645999974571,518008.353130000003148,11/6/2018 9:53:39 PM,5990_8339
955,956,1,955,15657,87439793,2018-00404251,Orlando PD,Long,10/19/2018 0:00:00,01:58 AM,Orlando,Orange,SR 408 WBO,EXIT 81A (ORANGE BLOSSOM TRAIL),0, ,Other,1,0,0,0,Y,N,N,4000.000000000000000,Clear,Dark - Unknown Lighting,0,Single Vehicle,W,Property Damage Only,Y,Other,Motor Vehicle in Transport,On Roadway,Entrance/Exit Ramp,N,Not at Intersection,Turnpike/Toll,Paved,Dry,None, , ,None, , ,N,Y,Other,Transition Area,Y,N,0,0,0,0,0,0,0,0,0,0,0,0,0.000000000000000,0.000000000000000,0,3,0,4000,"Mapped, On Network",-81.392639892999995,28.535213640999999,654644.153955999994650,505926.797518000006676,4/12/2019 11:09:31 AM,8272_8254
956,957,1,956,15689,87260486,FHPD18OFF083162,FHP,Short,8/17/2018 0:00:00,05:57 PM,Orlando Expwy Auth,Orange,STATE RD 408,STATE RD 551,300,West,Sideswipe,2,0,0,0,N,N,N,2000.000000000000000,Clear,Daylight,0,Same Direction Sideswipe,E,Property Damage Only,N,"Sideswipe, Same Direction",Motor Vehicle in Transport,On Roadway,Non-Junction,N,Not at Intersection,State,Paved,Dry,None, , ,None, , ,N,N, , , , ,0,0,0,0,0,0,0,0,0,0,0,0,0.000000000000000,0.000000000000000,0,0,0,2000,"Mapped, Not On Network",-81.289699999600003,28.539670024799999,664685.168999999994412,506638.351900000008754,11/11/2019 12:11:41 AM,6881_8431
957,958,1,957,15690,87260487,FHPD18OFF083542,FHP,Long,8/18/2018 0:00:00,06:17 PM,Orlando Expwy Auth,Orange,STATE RD 417 ENTRANCE RAMP,STATE RD 50 COLONIAL DR,50,North,Other,1,0,0,1,N,N,N,5000.000000000000000,Clear,Daylight,0,Single Vehicle,W,Injury,N,Other,Other Non-Collision,On Roadway,Entrance/Exit Ramp,N,Not at Intersection,State,Paved,Dry,Debris, , ,None, , ,N,N, , , , ,0,1,0,0,0,0,0,0,1,0,0,0,1.000000000000000,0.000000000000000,0,0,0,5000,"Mapped, Not On Network",-81.265670000000000,28.569470049500001,666958.154793999972753,509998.809186999977101,11/11/2019 12:07:17 AM,8451_2531
958,959,1,958,15700,87190229,FHPK18OFF079636,FHP,Long,10/31/2018 0:00:00,01:47 PM,Winter Garden,Orange,SR-429 (DANIEL WEBSTER WSTRN BELTWY),CR-535 (WINTER GARDEN VINELAND RD),5280,South,Sideswipe,2,0,0,0,N,N,N,1000.000000000000000,Clear,Daylight,0,Opposing Sideswipe,N,Property Damage Only,N,Other,Cargo/Equipment Loss or Shift,On Roadway,Non-Junction,N,Not at Intersection,State,Paved,Dry,None, , ,None, , ,N,N, , , , ,0,0,0,0,0,0,0,0,0,0,0,0,0.000000000000000,0.000000000000000,0,1,0,1000,"Mapped, Not On Network",-81.623669219999996,28.490917429300001,632178.721531999995932,500552.405690999992657,11/7/2018 4:48:15 PM,6764_6763
959,960,1,959,15706,87944541,2018-00409694,Orlando PD,Short,10/23/2018 0:00:00,09:45 AM,Orlando,Orange,SR 408 WEST,E. CRYSTAL LAKE DR. (EXIT RAMP),500,East,Unknown,2,0,0,0,N,N,N,900.000000000000000,Clear,Daylight,0,Unknown,W,Property Damage Only,Y,Front to Rear,Motor Vehicle in Transport,On Roadway,Non-Junction,N,Not at Intersection,State,Paved,Dry,None, , ,None, , ,N,N, , , , ,0,0,0,0,0,0,0,0,0,0,0,0,0.000000000000000,0.000000000000000,0,0,0,900,"Mapped, On Network",-81.338371828700005,28.538444175199999,659935.610265000024810,506398.713303000025917,4/15/2019 1:16:42 PM,6177_8353
960,961,1,960,15725,87944521,2018-00409847,Orlando PD,Long,10/23/2018 0:00:00,12:04 PM,Orlando,Orange,SR 408,WESTMORELAND DRIVE,0,West,Other,1,0,0,1,N,N,N,100.000000000000000,Clear,Daylight,0,Single Vehicle,W,Injury,Y,Other,Motor Vehicle in Transport,On Roadway,Non-Junction,N,Not at Intersection,State,Paved,Dry,None, , ,None, , ,N,N, , , , ,0,1,0,0,0,0,0,1,0,0,0,0,0.000000000000000,1.000000000000000,0,0,0,100,"Mapped, On Network",-81.393683491900006,28.535285664900002,654542.078475999995135,505932.639810000022408,4/15/2019 1:18:47 PM,8272_8254
961,962,1,961,15742,87217796,FHPK18OFF079535,FHP,Long,10/30/2018 0:00:00,10:05 PM,Winter Garden,Orange,STATE ROAD 429 (DANIEL WEBSTER BELTWAY) NB,WINTER GARDEN VINELAND ROAD,400,North,Off Road,1,0,0,0,Y,N,N,5000.000000000000000,Clear,Dark - Lighted,0,Off Road,N,Property Damage Only,N,Other,Fence,Off Roadway,Entrance/Exit Ramp,N,Not at Intersection,Turnpike/Toll,Curb,Dry,None, , ,None, , ,N,N, , , , ,0,0,0,0,0,0,0,0,0,0,0,0,0.000000000000000,0.000000000000000,0,3,0,5000,"Mapped, On Network",-81.590668473500003,28.515702307900000,635348.867097000009380,503366.959108999988530,12/20/2018 7:27:34 PM,8494_8462
962,963,1,962,15784,88010272,FHPD18OFF108927,FHP,Long,10/25/2018 0:00:00,10:06 PM,Unincorporated,Orange,STATE ROAD 417,MILE MARKER 36.5,0, ,Rear End,2,0,0,0,N,N,N,7000.000000000000000,Cloudy,Dark - Lighted,0,Rear End,N,Property Damage Only,N,Front to Rear,Motor Vehicle in Transport,On Roadway,Non-Junction,N,Not at Intersection,State,Paved,Dry,Work Zone, , ,None, , ,N,Y,Lane Closure,Activity Area,Y,Y,0,0,1,0,0,0,0,0,0,0,0,0,0.000000000000000,0.000000000000000,0,1,0,7000,"Mapped, On Network",-81.255518223099997,28.587384456700001,667904.855464000022039,512009.828160999983083,10/30/2018 8:07:08 PM,6317_6318
963,964,1,963,15785,88010271,FHPD18OFF108917,FHP,Long,10/25/2018 0:00:00,10:05 PM,Unincorporated,Orange,STATE ROAD 417,MILE MARKER 36.5,0, ,Rear End,2,0,0,0,N,N,N,2700.000000000000000,Cloudy,Dark - Lighted,0,Rear End,N,Property Damage Only,N,Front to Rear,Motor Vehicle in Transport,On Roadway,Non-Junction,N,Not at Intersection,State,Paved,Dry,Work Zone, , ,None, , ,N,Y,Lane Closure,Activity Area,Y,Y,0,0,0,0,0,0,0,0,0,0,0,0,0.000000000000000,0.000000000000000,0,1,0,2700,"Mapped, On Network",-81.255207186199996,28.587539248100001,667934.829977000015788,512027.690101000014693,10/30/2018 8:07:14 PM,6317_6318
964,965,1,964,15787,87217792,FHPK18OFF077837,FHP,Long,10/24/2018 0:00:00,04:28 AM,Winter Garden,Orange,STATE ROAD 429 (DANIEL WEBSTER BELTWAY) SB,WARRIOR RD,200,North,Rear End,2,0,0,0,N,N,N,5000.000000000000000,Cloudy,Dark - Lighted,0,Rear End,S,Property Damage Only,N,Front to Rear,Motor Vehicle in Transport,On Roadway,Non-Junction,N,Not at Intersection,Turnpike/Toll,Paved,Dry,None, , ,None, , ,N,N, , , , ,0,0,0,0,0,0,0,0,0,0,0,0,0.000000000000000,0.000000000000000,0,1,0,5000,"Mapped, Not On Network",-81.556939999999997,28.542640049399999,638583.846864999970421,506422.790615000005346,10/27/2018 3:12:18 PM,6274_6738
965,966,1,965,15793,85508080,FHPD18OFF106164,FHP,Long,10/18/2018 0:00:00,06:31 PM,Orlando,Orange,STATE ROAD 417 SB MM16,JEFF FUQUA BLVD,5280,West,Rear End,2,0,0,1,N,N,N,5400.000000000000000,Clear,Daylight,0,Rear End,S,Injury,N,Front to Rear,Motor Vehicle in Transport,On Roadway,Non-Junction,Y,Not at Intersection,Turnpike/Toll,Paved,Dry,None, , ,Glare, , ,N,N, , , , ,0,0,0,0,0,0,0,1,0,0,0,0,0.000000000000000,0.000000000000000,0,1,0,5400,"Mapped, On Network",-81.321777632000007,28.367275523699998,661968.777116999961436,487428.908243999991100,2/12/2019 12:40:49 PM,6618_6299
966,967,1,966,15798,87256672,FHPK18OFF081037,FHP,Long,11/5/2018 0:00:00,06:00 PM,Winter Garden,Orange,STATE ROAD 429,MILE MARKER 20 COUNTY ROAD 535,5280,North,Rear End,4,0,0,0,N,Y,N,45000.000000000000000,Clear,Dark - Lighted,0,Rear End,S,Property Damage Only,N,Front to Rear,Motor Vehicle in Transport,On Roadway,Non-Junction,N,Not at Intersection,Turnpike/Toll,Paved,Dry,None, , ,None, , ,N,N, , , , ,0,0,0,0,0,0,0,0,0,0,0,0,0.000000000000000,0.000000000000000,0,1,0,45000,"Mapped, Not On Network",-81.590810000000005,28.515680049299998,635335.092520999955013,503364.217531999980565,11/7/2018 4:46:21 PM,8494_8462
967,968,1,967,15826,88006291,FHPD18OFF102602,FHP,Long,10/8/2018 0:00:00,10:18 PM,Orlando,Orange,STATE ROAD 528 EASTBOUND,MILE MARKER 13,0,West,Off Road,1,0,0,1,N,Y,N,3000.000000000000000,Clear,Dark - Lighted,0,Off Road,E,Injury,N,Other,Guardrail Face,Shoulder,Non-Junction,N,Not at Intersection,State,Curb,Dry,None, , ,None, , ,N,N, , , , ,0,0,0,0,0,0,0,1,0,0,0,0,0.000000000000000,0.000000000000000,0,1,0,3000,"Mapped, On Network",-81.275145004199999,28.448438511700001,666330.227164000039920,496540.325832000002265,2/14/2019 11:34:47 AM,6156_8052
968,969,1,968,15857,87277771,FHPK18OFF066479,FHP,Long,9/8/2018 0:00:00,04:50 PM,Orlando,Orange,417 EXIT INTO FLORIDAS TURNPIKE SB,TOWN CENTER BLVD.,5280,South,Rollover,1,0,0,0,N,N,N,3000.000000000000000,Rain,Daylight,0,Rollover,S,Property Damage Only,N,Other,Overturn/Rollover,On Roadway,Non-Junction,N,Not at Intersection,Turnpike/Toll,Paved,Wet,Road Surface Condition, , ,Weather Conditions, , ,N,N, , , , ,0,0,0,0,0,0,0,0,0,0,0,0,1.000000000000000,0.000000000000000,0,1,0,3000,"Mapped, Not On Network",-81.389470000000003,28.368280048799999,655346.127642999985255,487398.454223999986425,11/10/2019 11:35:36 PM,7090_8283
969,970,1,969,15858,87150905,FHPK18OFF066435,FHP,Long,9/8/2018 0:00:00,02:57 PM,Orlando,Orange,SR-528 (BEACHLINE EXPRESSWAY),SR-482 (SAND LAKE RD),5280,West,Off Road,1,0,0,0,N,N,N,2000.000000000000000,Rain,Daylight,0,Off Road,E,Property Damage Only,N,Other,Utility Pole/Light Support,Off Roadway,Non-Junction,N,Not at Intersection,State,Paved,Wet,Road Surface Condition, , ,None, , ,N,N, , , , ,0,0,0,0,0,0,0,0,0,0,0,0,0.000000000000000,0.000000000000000,0,1,0,2000,"Mapped, Not On Network",-81.345770000300007,28.450920024700000,659422.413799999980256,496665.293100000009872,11/10/2019 11:35:41 PM,11452_8329