FID,OBJECTID_1,Join_Count,TARGET_FID,OBJECTID,HSMV_Repor,Agency_Rep,Reporting_,Form_Type,Crash_Date,Crash_Time,City,County,Crash_Stre,Intersecti,Offset_Dis,Offset_Dir,Crash_Type,Vehicles,Non_Motori,Fatalities,Injuries,Alcohol_Re,Distractio,Drug_Relat,Estimated_,Weather_Co,Light_Cond,Street_Num,Crash_Ty_1,Crash_Ty_2,Crash_Seve,Within_Cit,Manner_of_,First_Harm,First_HE_L,First_HE_R,First_HE_W,Type_of_In,Road_Sys_I,Type_of_Sh,Road_Surf_,Contrib_Ci,Contrib__1,Contrib__2,Contrib__3,Contrib__4,Contrib__5,School_Bus,Work_Zone_,Type_of_Wo,Loc_in_Wor,Workers_in,Law_Enforc,Mopeds,Motorcycle,Passengers,Bicyclists,Pedestrian,Fataliti_1,Injuries_U,Possible_I,Non_Incapa,Incapacita,Fataliti_2,Non_Traffi,Transporte,Transpor_1,Transpor_2,Citations,Property_D,Vehicle_Dm,S4_Mapping,S4_Decimal,S4_Decim_1,S4_Albers_,S4_Albers1,S4_Mappi_1,zone_id_st
970,971,1,970,15875,87252358,FHPD18OFF075407,FHP,Long,7/28/2018 0:00:00,01:56 AM,Unincorporated,Orange,STATE ROAD 408 (EAST-WEST EXPRESSWAY),STATE ROAD 434 (ALAFAYA TRAIL),0,West,Off Road,1,0,0,0,N,N,N,2500.000000000000000,Clear,Dark - Lighted,0,Off Road,E,Property Damage Only,N,Other,Concrete Traffic Barrier,On Roadway,Non-Junction,N,Not at Intersection,State,Paved,Dry,None, , ,None, , ,N,N, , , , ,0,0,0,0,0,0,0,0,0,0,0,0,0.000000000000000,0.000000000000000,0,1,0,2500,"Mapped, Not On Network",-81.203940000499998,28.549840025100000,673033.383900000015274,507954.488499999977648,11/11/2019 12:50:19 AM,8041_6970
971,972,1,971,15900,88023547,FHPD18OFF109342,FHP,Long,10/27/2018 0:00:00,06:04 AM,Orlando,Orange,STATE ROAD 417 (GREENWAY EXPY),MM 8,2000,North,Unknown,3,0,0,0,N,Y,N,21000.000000000000000,Clear,Daylight,0,Unknown,S,Property Damage Only,N,Front to Rear,Motor Vehicle in Transport,On Roadway,Non-Junction,N,Not at Intersection,Interstate,Paved,Dry,None, , ,None, , ,N,N, , , , ,0,0,0,0,0,0,0,0,0,0,0,0,0.000000000000000,0.000000000000000,0,3,0,21000,"Mapped, Not On Network",-81.415549999999996,28.375380048899999,652778.992056000046432,488133.050249999971129,10/28/2018 7:11:45 PM,8107_8280
972,973,1,972,15906,87944974,2018-00413867,Orlando PD,Long,10/26/2018 0:00:00,08:16 AM,Orlando,Orange,SR 408 EAST,CONWAY ROAD EXIT RAMP,200,West,Other,1,0,0,0,N,N,N,4000.000000000000000,Cloudy,Daylight,0,Single Vehicle,E,Property Damage Only,Y,Other,Other Non-Collision,On Roadway,Non-Junction,N,Not at Intersection,State,Paved,Dry,None, , ,None, , ,N,N, , , , ,0,0,0,0,0,0,0,0,0,0,0,0,0.000000000000000,0.000000000000000,0,0,0,4000,"Mapped, On Network",-81.334985576400001,28.538243459400000,660266.743185000028461,506383.570285000023432,10/30/2018 6:57:08 PM,6227_8355
973,974,1,973,15910,85556713,FHPD18OFF103465,FHP,Long,10/11/2018 0:00:00,09:30 AM,Orlando,Orange,SR528 MM26 WB,DALLAS BLVD,1000,West,Rear End,2,0,0,0,N,Y,N,4912.000000000000000,Cloudy,Daylight,0,Rear End,W,Property Damage Only,N,Other,Motor Vehicle in Transport,On Roadway,Non-Junction,N,Not at Intersection,State,Unpaved,Wet,None, , ,Weather Conditions, , ,N,N, , , , ,0,0,0,0,0,0,0,0,0,0,0,0,0.000000000000000,0.000000000000000,0,1,0,4912,"Mapped, On Network",-81.098231317100002,28.451675145500001,683610.407187000033446,497294.169097999983933,3/28/2019 6:31:38 PM,6322_8112
974,975,1,974,15936,87941206,2018-00411622,Orlando PD,Long,10/24/2018 0:00:00,05:13 PM,Orlando,Orange,SR 528 EAST,S SEMORAN BLVD EXIT RAMP,100,East,Unknown,2,0,0,0,N,N,N,4000.000000000000000,Clear,Daylight,0,Unknown, ,Property Damage Only,Y,Front to Rear,Motor Vehicle in Transport,On Roadway,Non-Junction,N,Not at Intersection,State,Paved,Dry,None, , ,None, , ,N,N, , , , ,0,0,0,0,0,0,0,0,0,0,0,0,0.000000000000000,0.000000000000000,0,0,0,4000,"Mapped, On Network",-81.317927754199999,28.451338106800002,662142.256997999968007,496770.593050000024959,10/30/2018 7:05:55 PM,6947_8301
975,976,1,975,16015,87251511,FHPD18OFF105405,FHP,Long,10/16/2018 0:00:00,05:55 PM,Orlando,Orange,SR 408 EAST-WEST EXPY,SEMORAN BLVD,0,East,Rear End,2,0,0,0,N,Y,N,9000.000000000000000,Clear,Daylight,0,Rear End,W,Property Damage Only,N,Front to Rear,Motor Vehicle in Transport,On Roadway,Non-Junction,N,Not at Intersection,State,Paved,Dry,None, , ,None, , ,N,N, , , , ,0,0,0,0,0,0,0,0,0,0,0,0,0.000000000000000,0.000000000000000,0,0,0,9000,"Mapped, On Network",-81.306868668999996,28.539640102000000,663008.834030000027269,506598.295038999989629,2/7/2019 11:04:33 AM,6883_8376
976,977,1,976,16025,88006162,FHPD18OFF105293,FHP,Long,10/16/2018 0:00:00,01:34 PM,Orlando Expwy Auth,Orange,STATE RD 408,HIAWASSEE RD,150,West,Other,1,0,0,0,N,N,N,2000.000000000000000,Clear,Daylight,0,Single Vehicle,W,Property Damage Only,N,Other,Other Non-Fixed Object,On Roadway,Non-Junction,N,Not at Intersection,State,Paved,Dry,Debris, , ,None, , ,N,N, , , , ,0,0,0,0,0,0,0,0,0,0,0,0,0.000000000000000,0.000000000000000,0,0,0,2000,"Mapped, On Network",-81.468254425300003,28.549378795100001,647228.125023999949917,507345.708984999975655,2/13/2019 10:54:50 PM,6930_8210
977,978,1,977,16045,87943619,2018-00403101,Orlando PD,Short,10/18/2018 0:00:00,07:48 AM,Orlando,Orange,EW WBO,I4 EBO,1000,East,Rear End,2,0,0,1,N,N,N,2000.000000000000000,Clear,Daylight,0,Rear End,W,Injury,Y,"Sideswipe, Same Direction",Motor Vehicle in Transport,On Roadway,Non-Junction,N,Not at Intersection,State,Paved,Dry,None, , ,None, , ,N,N, , , , ,0,1,0,0,0,0,0,1,0,0,0,0,0.000000000000000,0.000000000000000,0,0,0,2000,"Mapped, On Network",-81.371527543799999,28.537302997800001,656700.805289000039920,506202.553642000013497,4/12/2019 9:44:24 AM,8313_6737
978,979,1,978,16048,87279615,FHPD18OFF106339,FHP,Short,10/19/2018 0:00:00,09:36 AM,Orlando Expwy Auth,Orange,CENTRAL FLORIDA GREENEWAY (SR-417),MILE MARKER 22,0, ,Sideswipe,2,0,0,0,N,Y,N,1700.000000000000000,Clear,Daylight,0,Same Direction Sideswipe,S,Property Damage Only,Y,"Sideswipe, Same Direction",Motor Vehicle in Transport,On Roadway,Non-Junction,N,Not at Intersection,State,Paved,Dry,None, , ,None, , ,N,N, , , , ,0,0,0,0,0,0,0,0,0,0,0,0,0.000000000000000,0.000000000000000,0,1,0,1700,"Mapped, On Network",-81.233668111800000,28.406563510100000,670487.864285000017844,491981.263693000015337,4/11/2019 2:46:37 PM,6174_8596
979,980,1,979,16049,87279614,FHPD18OFF105209,FHP,Long,10/16/2018 0:00:00,09:23 AM,Orlando Expwy Auth,Orange,SR 417,MILE MARKER 28,0, ,Rear End,2,0,0,0,N,Y,N,10700.000000000000000,Clear,Daylight,0,Rear End,N,Property Damage Only,N,Front to Rear,Motor Vehicle in Transport,On Roadway,Non-Junction,N,Not at Intersection,State,Paved,Dry,None, , ,None, , ,N,N, , , , ,0,0,0,0,0,0,0,0,0,0,0,0,0.000000000000000,0.000000000000000,0,2,0,10700,"Mapped, On Network",-81.242444178000000,28.489842510300001,669423.095296000014059,501208.403382999997120,2/13/2019 10:57:39 PM,6314_6315
980,981,1,980,16053,87239091,FHPK18OFF074741,FHP,Long,10/11/2018 0:00:00,07:30 PM,Winter Garden,Orange,SR 429 (WESTERN EXPRESSWAY),NEW INDEPENDENCE PKWY,10560,South,Rear End,2,0,0,1,N,N,N,1700.000000000000000,Clear,Daylight,0,Rear End,S,Injury,N,Front to Rear,Motor Vehicle in Transport,On Roadway,Non-Junction,N,Not at Intersection,Turnpike/Toll,Paved,Dry,None, , ,None, , ,N,N, , , , ,0,0,0,0,0,0,0,1,0,0,0,0,0.000000000000000,0.000000000000000,0,1,0,1700,"Mapped, On Network",-81.631721889399998,28.469097778199998,631438.570016999961808,498114.506921000021975,4/8/2019 3:36:54 PM,8039_8035
981,982,1,981,16082,87254713,FHPD18OFF105918,FHP,Long,10/18/2018 0:00:00,08:04 AM,Orlando Expwy Auth,Orange,SR-417 (MM35),ECONLOCKHATCHEE TRAL,0,North,Rear End,2,0,0,0,N,N,N,1600.000000000000000,Clear,Daylight,0,Rear End,S,Property Damage Only,N,Front to Rear,Motor Vehicle in Transport,On Roadway,Non-Junction,N,Not at Intersection,Turnpike/Toll,Paved,Dry,None, , ,None, , ,N,N, , , , ,0,0,0,0,0,0,0,0,0,0,0,0,0.000000000000000,0.000000000000000,0,1,0,1600,"Mapped, On Network",-81.256745446500005,28.586084416100000,667788.290345999994315,511862.821717999991961,2/7/2019 11:00:55 AM,8456_6789
982,983,1,982,16083,87254712,FHPD18OFF105912,FHP,Long,10/18/2018 0:00:00,07:53 AM,Orlando Expwy Auth,Orange,SR-417 (MM22),NARCOOSSEE ROAD,10,North,Unknown,3,0,0,1,N,N,N,7200.000000000000000,Clear,Daylight,0,Unknown,S,Injury,N,Front to Rear,Motor Vehicle in Transport,On Roadway,Non-Junction,N,Not at Intersection,Turnpike/Toll,Paved,Dry,None, , ,None, , ,N,N, , , , ,0,0,0,0,0,0,0,1,0,0,0,0,0.000000000000000,0.000000000000000,0,2,0,7200,"Mapped, On Network",-81.244267838100001,28.400811939299999,669465.884593999944627,491319.467095000029076,2/12/2019 12:54:59 PM,8596_8510
983,984,1,983,16098,88005658,FHPD18OFF105787,FHP,Short,10/17/2018 0:00:00,06:05 PM,Orlando Expwy Auth,Orange,NB SR-417,SR-423,0,South,Rear End,2,0,0,0,N,N,N,9000.000000000000000,Clear,Daylight,0,Rear End,N,Property Damage Only,Y,Front to Rear,Motor Vehicle in Transport,On Roadway,Non-Junction,N,Not at Intersection,State,Paved,Dry,None, , ,None, , ,N,N, , , , ,0,0,0,0,0,0,0,0,0,0,0,0,0.000000000000000,0.000000000000000,0,1,0,9000,"Mapped, On Network",-81.431567442000002,28.367692634899999,651230.371553999953903,487246.764031000027899,2/7/2019 10:46:00 AM,6959_8287
984,985,1,984,16099,88005656,FHPD18OFF105064,FHP,Long,10/15/2018 0:00:00,08:45 PM,Orlando Expwy Auth,Orange,WB SR-408,SR-551,5280,West,Unknown,2,0,0,3,N,N,N,20000.000000000000000,Clear,Dark - Lighted,0,Unknown,W,Injury,Y,"Sideswipe, Same Direction",Motor Vehicle in Transport,On Roadway,Non-Junction,N,Not at Intersection,State,Paved,Dry,None, , ,None, , ,N,N, , , , ,0,0,2,0,0,0,0,1,2,0,0,0,2.000000000000000,0.000000000000000,0,2,0,20000,"Mapped, On Network",-81.302157514900003,28.539639747100001,663468.848713999963365,506608.312509000010323,4/9/2019 1:11:41 PM,6883_8376
985,986,1,985,16100,88005659,FHPD18OFF106124,FHP,Short,10/18/2018 0:00:00,05:20 PM,Orlando Expwy Auth,Orange,NB SR-429,WEST ROAD,10560,South,Rear End,3,0,0,0,N,N,N,12000.000000000000000,Clear,Daylight,0,Rear End,N,Property Damage Only,Y,Front to Rear,Motor Vehicle in Transport,On Roadway,Non-Junction,N,Not at Intersection,State,Paved,Dry,None, , ,None, , ,N,N, , , , ,0,0,1,0,0,0,0,0,0,0,0,0,0.000000000000000,0.000000000000000,0,1,0,12000,"Mapped, On Network",-81.557355823400002,28.587039847500002,638445.578669999958947,511351.866885999974329,2/5/2019 1:01:03 PM,6089_6220
986,987,1,986,16113,87254711,FHPD18OFF105875,FHP,Long,10/18/2018 0:00:00,06:41 AM,Orlando Expwy Auth,Orange,SR-417 (MM12),FLORIDA TURNPIKE,60,South,Rear End,2,0,0,0,N,N,N,2400.000000000000000,Clear,Dark - Lighted,0,Rear End,N,Property Damage Only,N,Front to Rear,Motor Vehicle in Transport,On Roadway,Non-Junction,N,Not at Intersection,Turnpike/Toll,Paved,Dry,None, , ,None, , ,N,N, , , , ,0,0,0,0,0,0,0,0,0,0,0,0,0.000000000000000,0.000000000000000,0,1,0,2400,"Mapped, On Network",-81.399564433699993,28.370576322100000,654353.520986999967135,487632.552191000024322,2/7/2019 11:02:30 AM,8017_6167
987,988,1,987,16119,88005655,FHPD18OFF104995,FHP,Short,10/15/2018 0:00:00,05:33 PM,Orlando Expwy Auth,Orange,NB SR-417,UNIVERSITY BLVD,0,South,Rear End,2,0,0,0,N,N,N,5500.000000000000000,Clear,Daylight,0,Rear End,N,Property Damage Only,Y,Front to Rear,Motor Vehicle in Transport,On Roadway,Non-Junction,N,Not at Intersection,State,Paved,Dry,None, , ,None, , ,N,N, , , , ,0,0,0,0,0,0,0,0,0,0,0,0,0.000000000000000,0.000000000000000,0,1,0,5500,"Mapped, On Network",-81.251899959599996,28.591771137300000,668247.141095999977551,512504.737773999979254,2/5/2019 1:03:00 PM,6318_8120
988,989,1,988,16120,88005660,FHPD18OFF106149,FHP,Short,10/18/2018 0:00:00,06:10 PM,Orlando Expwy Auth,Orange,SB SR-417,BOGGY CREEK RD,5280,East,Rear End,2,0,0,0,N,N,N,14000.000000000000000,Clear,Daylight,0,Rear End,S,Property Damage Only,Y,Front to Rear,Motor Vehicle in Transport,On Roadway,Non-Junction,N,Not at Intersection,State,Paved,Dry,None, , ,None, , ,N,N, , , , ,0,0,2,0,0,0,0,0,0,0,0,0,0.000000000000000,0.000000000000000,0,1,0,14000,"Mapped, On Network",-81.293349545699996,28.373140511700001,664734.714402999961749,488140.811013999977149,2/5/2019 12:59:09 PM,6486_8601
989,990,1,989,16121,88013611,FHPD18OFF103987,FHP,Long,10/12/2018 0:00:00,04:37 PM,Orlando Expwy Auth,Orange,SR-429-TOLL N,26MM,0, ,Rear End,2,0,0,0,N,N,N,7000.000000000000000,Clear,Daylight,0,Rear End,N,Property Damage Only,Y,Front to Rear,Motor Vehicle in Transport,On Roadway,Non-Junction,N,Not at Intersection,Turnpike/Toll,Paved,Dry,None, , ,None, , ,N,N, , , , ,0,0,0,0,0,0,0,0,0,0,0,0,0.000000000000000,0.000000000000000,0,1,0,7000,"Mapped, On Network",-81.552092767800005,28.598203173600002,638934.670693999971263,512601.557826999982353,4/8/2019 4:29:39 PM,6220_8389
990,991,1,990,16122,88005654,FHPD18OFF104992,FHP,Short,10/15/2018 0:00:00,05:30 PM,Orlando Expwy Auth,Orange,EB SR-408,SR-551,5280,West,Sideswipe,2,0,0,0,N,N,N,5000.000000000000000,Clear,Daylight,0,Same Direction Sideswipe,E,Property Damage Only,Y,"Sideswipe, Same Direction",Motor Vehicle in Transport,On Roadway,Non-Junction,N,Not at Intersection,State,Paved,Dry,None, , ,None, , ,N,N, , , , ,0,0,1,0,0,0,0,0,0,0,0,0,0.000000000000000,0.000000000000000,0,1,0,5000,"Mapped, On Network",-81.293857531900002,28.539532508200001,664279.548927000025287,506614.166566000028979,2/5/2019 1:03:45 PM,6881_8431
991,992,1,991,16123,87279613,FHPD18OFF105184,FHP,Short,10/16/2018 0:00:00,08:27 AM,Orlando Expwy Auth,Orange,STATE ROAD 408 EASTBOUND,MILE MARKER 7,0, ,Rear End,2,0,0,0,N,Y,N,2000.000000000000000,Clear,Daylight,0,Rear End,W,Property Damage Only,N,Front to Rear,Motor Vehicle in Transport,On Roadway,Non-Junction,N,Not at Intersection,State,Paved,Dry,None, , ,None, , ,N,N, , , , ,0,0,0,0,0,0,0,0,0,0,0,0,0.000000000000000,0.000000000000000,0,1,0,2000,"Mapped, On Network",-81.443049999999999,28.548246276499999,649691.625434000045061,507270.746097000024747,2/13/2019 11:00:14 PM,8205_6294
992,993,1,992,16125,87734260,2018-00397881,Orlando PD,Long,10/14/2018 0:00:00,06:50 AM,Orlando,Orange,SR408 EB,S. ORANGE AVE,0,East,Rear End,2,0,0,2,N,N,N,2500.000000000000000,Clear,Dawn,0,Rear End,E,Injury,Y,Front to Rear,Motor Vehicle in Transport,On Roadway,Non-Junction,N,Not at Intersection,State,Curb,Dry,None, , ,None, , ,N,N, , , , ,0,0,1,0,0,0,0,2,0,0,0,0,0.000000000000000,0.000000000000000,0,1,0,2500,"Mapped, On Network",-81.377887080999997,28.535783104600000,656083.405360999982804,506020.576230000006035,4/9/2019 11:31:50 AM,6679_6276
993,994,1,993,16131,88005665,FHPD18OFF110207,FHP,Long,10/29/2018 0:00:00,04:39 PM,Orlando Expwy Auth,Orange,WB SR-408,DEAN ROAD,0,East,Unknown,2,0,0,0,N,N,N,8000.000000000000000,Cloudy,Daylight,0,Unknown,E,Property Damage Only,Y,Front to Rear,Motor Vehicle in Transport,On Roadway,Non-Junction,N,Not at Intersection,State,Paved,Dry,None, , ,None, , ,N,Y,Work on Shoulder or Median,Activity Area,Y,N,0,0,0,0,0,0,0,0,0,0,0,0,0.000000000000000,0.000000000000000,0,0,0,8000,"Mapped, Not On Network",-81.244429999800005,28.547170024800000,669086.851000000024214,507569.042699999990873,11/6/2018 9:58:08 PM,6269_8009
994,995,1,994,16168,87944102,2018-00394604,Orlando PD,Long,10/11/2018 0:00:00,05:40 PM,Orlando,Orange,SR 408 WESTBOUND,SR 441 (SOUTH ORANGE BLOSSOM TRAIL),0,East,Unknown,2,0,0,0,N,N,N,499.000000000000000,Clear,Daylight,0,Unknown, ,Property Damage Only,Y,Front to Rear,Motor Vehicle in Transport,On Roadway,Non-Junction,N,Not at Intersection,State,Paved,Dry,None, , ,None, , ,N,N, , , , ,0,0,1,0,0,0,0,0,0,0,0,0,0.000000000000000,0.000000000000000,0,0,0,499,"Mapped, On Network",-81.392989685499998,28.535278382700000,654609.845057999948040,505933.263589999987744,2/7/2019 10:51:07 AM,8272_8254
995,996,1,995,16188,87944693,2018-00410997,Orlando PD,Short,10/24/2018 0:00:00,08:45 AM,Orlando,Orange,SR 408 EAST EXIT RAMP,S TAMPA AV,10,West,Rear End,2,0,0,0,N,Y,N,2000.000000000000000,Cloudy,Daylight,0,Rear End,E,Property Damage Only,Y,Front to Rear,Motor Vehicle in Transport,On Roadway,Entrance/Exit Ramp,N,Not at Intersection,State,Paved,Dry,None, , ,None, , ,N,N, , , , ,0,0,4,0,0,0,0,0,0,0,0,0,0.000000000000000,0.000000000000000,0,0,0,2000,"Mapped, Not On Network",-81.405345851500002,28.536252774400001,653401.000000000000000,506016.000000000000000,11/6/2018 9:54:12 PM,8169_8242
996,997,1,996,16205,88006161,FHPD18OFF105299,FHP,Long,10/16/2018 0:00:00,01:53 PM,Orlando Expwy Auth,Orange,STATE RD 417,STATE RD 423,0,South,Sideswipe,2,0,0,0,N,N,N,2000.000000000000000,Clear,Daylight,0,Same Direction Sideswipe,N,Property Damage Only,N,Other,Other Non-Collision,On Roadway,Non-Junction,N,Not at Intersection,State,Paved,Dry,None, , ,None, , ,N,N, , , , ,0,0,1,0,0,0,0,0,0,0,0,0,0.000000000000000,0.000000000000000,0,1,0,2000,"Mapped, On Network",-81.418513192800006,28.375167981899999,652489.704478000057861,488103.433250000001863,2/13/2019 10:46:53 PM,8107_8280
997,998,1,997,16211,88005666,FHPD18OFF110336,FHP,Long,10/29/2018 0:00:00,08:30 PM,Orlando Expwy Auth,Orange,WB SR-408,CR-431,0,East,Rear End,3,0,0,2,N,N,N,23000.000000000000000,Clear,Dark - Lighted,0,Rear End,W,Injury,Y,Front to Rear,Motor Vehicle in Transport,On Roadway,Non-Junction,N,Not at Intersection,State,Paved,Dry,None, , ,None, , ,N,Y,Lane Closure,Activity Area, ,N,0,0,1,0,0,0,0,1,1,0,0,0,1.000000000000000,0.000000000000000,0,1,0,23000,"Mapped, Not On Network",-81.431975789999996,28.546939949399999,650775.910654000006616,507148.174379999982193,11/6/2018 9:58:08 PM,5934_6489
998,999,1,998,16216,88013612,FHPD18OFF105601,FHP,Long,10/17/2018 0:00:00,09:28 AM,Orlando Expwy Auth,Orange,SR 408,7MM,0, ,Unknown,2,0,0,0,N,N,N,2000.000000000000000,Clear,Daylight,0,Unknown,W,Property Damage Only,Y,Front to Rear,Motor Vehicle in Transport,On Roadway,Non-Junction,N,Not at Intersection,Turnpike/Toll,Paved,Dry,None, , ,None, , ,N,N, , , , ,0,0,0,0,0,0,0,0,0,0,0,0,0.000000000000000,0.000000000000000,0,0,0,2000,"Mapped, On Network",-81.422015458800004,28.545778545400001,651751.124186999979429,507039.516803000005893,4/11/2019 1:35:06 PM,8237_6011
999,1000,1,999,16221,87254718,FHPD18OFF108500,FHP,Long,10/25/2018 0:00:00,06:35 AM,Orlando,Orange,SR-528 (MM24),MM24,40,North,Unknown,3,0,0,0,N,N,N,2800.000000000000000,Clear,Dawn,0,Unknown,N,Property Damage Only,N,Angle,Motor Vehicle in Transport,On Roadway,Non-Junction,N,Not at Intersection,State,Paved,Dry,None, , ,None, , ,N,N, , , , ,0,0,0,0,0,0,0,0,0,0,0,0,0.000000000000000,0.000000000000000,0,0,0,2800,"Mapped, Not On Network",-81.228691620000006,28.431195729100001,670912.903791000018828,494727.069401999993715,11/6/2018 9:58:19 PM,8538_6642
1000,1001,1,1000,16227,88005664,FHPD18OFF108853,FHP,Long,10/25/2018 0:00:00,05:57 PM,Orlando Expwy Auth,Orange,NB SR-417,SR-50,10560,South,Rear End,5,0,0,2,N,N,N,38000.000000000000000,Cloudy,Daylight,0,Rear End,N,Injury,Y,Front to Rear,Motor Vehicle in Transport,On Roadway,Intersection,N,Not at Intersection,State,Paved,Wet,None, , ,None, , ,N,N, , , , ,0,0,1,0,0,0,0,0,2,0,0,0,2.000000000000000,0.000000000000000,0,1,0,38000,"Mapped, Not On Network",-81.412760000199995,28.375160024800000,653052.347999999998137,488114.342699999979232,11/6/2018 9:58:08 PM,8107_8280
1001,1002,1,1001,16228,88006170,FHPD18OFF109559,FHP,Long,10/27/2018 0:00:00,06:47 PM,Orlando Expwy Auth,Orange,STATE RD 408,STATE RD 417,60,South,Unknown,2,0,0,0,N,N,N,4500.000000000000000,Clear,Dusk,0,Unknown,S,Property Damage Only,N,Other,Other Non-Collision,On Roadway,Non-Junction,N,Not at Intersection,State,Paved,Dry,None, , ,None, , ,N,Y,Work on Shoulder or Median,Activity Area,N,N,0,0,0,0,0,0,0,0,0,0,0,0,0.000000000000000,0.000000000000000,0,0,0,4500,"Mapped, Not On Network",-81.258099999500004,28.547300024900000,667751.848099999944679,507553.720800000010058,11/6/2018 9:58:07 PM,8033_8027
1002,1003,1,1002,16260,88006158,FHPD18OFF104063,FHP,Short,10/12/2018 0:00:00,06:53 PM,Orlando Expwy Auth,Orange,STATE RD 417,BOGGY CREEK RD,25,South,Rear End,2,0,0,0,N,N,N,2000.000000000000000,Clear,Daylight,0,Rear End,S,Property Damage Only,N,Front to Front,Motor Vehicle in Transport,On Roadway,Non-Junction,N,Not at Intersection,State,Paved,Dry,None, , ,None, , ,N,N, , , , ,0,0,0,0,0,0,0,0,0,0,0,0,0.000000000000000,0.000000000000000,0,1,0,2000,"Mapped, On Network",-81.309782845900003,28.369377350899999,663136.762570000020787,487687.813604999973904,4/8/2019 3:44:39 PM,11015_8482
1003,1004,1,1003,16267,87939936,2018-00384814,Orlando PD,Long,10/4/2018 0:00:00,02:28 PM,Orlando,Orange,SR408 (EW EXPWY EBO),SR600 (S ORANGE BLOSSOM TRL),2000,West,Unknown,2,0,0,0,N,N,N,9000.000000000000000,Rain,Daylight,0,Unknown, ,Property Damage Only,Y,Angle,Motor Vehicle in Transport,On Roadway,Non-Junction,N,Not at Intersection,Turnpike/Toll,Paved,Wet,Road Surface Condition, , ,Weather Conditions, , ,N,N, , , , ,0,0,0,0,0,0,0,0,0,0,0,0,0.000000000000000,0.000000000000000,0,0,0,9000,"Mapped, On Network",-81.403507873600006,28.535503750600000,653582.226792000001296,505936.613164999987930,4/3/2019 11:46:09 AM,8169_8242
1004,1005,1,1004,16281,87944830,2018-00414143,Orlando PD,Long,10/26/2018 0:00:00,01:20 PM,Orlando,Orange,STATE ROAD 408 (EAST/WEST EXPRESSWAY),STATE ROAD 400 (INTERSTATE 4 EXIT),0, ,Rear End,2,0,0,1,N,N,N,2500.000000000000000,Cloudy,Daylight,0,Rear End,W,Injury,Y,Front to Rear,Motor Vehicle in Transport,On Roadway,Entrance/Exit Ramp,Y,Not at Intersection,State,Paved,Wet,None, , ,None, , ,N,N, , , , ,0,0,0,0,0,0,0,1,0,0,0,0,0.000000000000000,0.000000000000000,0,0,0,2500,"Mapped, On Network",-81.383812512899993,28.535143414299998,655506.303926000022329,505937.259571000002325,11/9/2018 7:16:29 PM,6679_6276
1005,1006,1,1005,16303,87940525,2018-00417972,Orlando PD,Short,10/29/2018 0:00:00,06:20 PM,Orlando,Orange,SR 417 SB,BOGGY CREEK RD,5280,East,Rear End,2,0,0,0,N,N,N,7000.000000000000000,Clear,Daylight,0,Rear End,S,Property Damage Only,Y,Front to Rear,Motor Vehicle in Transport,On Roadway,Entrance/Exit Ramp,N,Not at Intersection,State,Unpaved,Dry,None, , ,None, , ,N,N, , , , ,0,0,0,0,0,0,0,0,0,0,0,0,0.000000000000000,0.000000000000000,0,0,0,7000,"Mapped, On Network",-81.292187381000005,28.373577609200002,664847.300436999998055,488191.837457999994513,2/5/2019 1:50:55 PM,6486_8601
1006,1007,1,1006,16350,88027106,FHPD18OFF108238,FHP,Long,10/24/2018 0:00:00,11:20 AM,Unincorporated,Orange,STATE ROAD 528 (BEACHLINE),SR520,10560,West,Rollover,1,0,0,0,N,N,N,10000.000000000000000,Cloudy,Daylight,0,Rollover,W,Property Damage Only,N,Other,Overturn/Rollover,Shoulder,Non-Junction,N,Not at Intersection,State,Paved,Dry,None, , ,None, , ,N,N, , , , ,0,0,1,0,0,0,0,0,0,0,0,0,0.000000000000000,0.000000000000000,0,0,0,10000,"Mapped, On Network",-80.994447961500001,28.452617839100000,693749.364277999964543,497641.788782000017818,11/1/2018 10:00:14 PM,8091_5943
1007,1008,1,1007,16372,87254709,FHPD18OFF105140,FHP,Short,10/16/2018 0:00:00,07:22 AM,Ocoee,Orange,SR-429 (MM29),MCCORMICK ROAD,5280,North,Rear End,2,0,0,0,N,N,N,1000.000000000000000,Clear,Daylight,0,Rear End,S,Property Damage Only,N,Front to Rear,Motor Vehicle in Transport,On Roadway,Non-Junction,N,Not at Intersection,Turnpike/Toll,Paved,Dry,None, , ,None, , ,N,N, , , , ,0,0,0,0,0,0,0,0,0,0,0,0,0.000000000000000,0.000000000000000,0,1,0,1000,"Mapped, On Network",-81.540497528299994,28.631726168899998,639992.057772999978624,516346.238565000006929,2/12/2019 12:44:18 PM,8434_8438