FID,OBJECTID_1,Join_Count,TARGET_FID,OBJECTID,HSMV_Repor,Agency_Rep,Reporting_,Form_Type,Crash_Date,Crash_Time,City,County,Crash_Stre,Intersecti,Offset_Dis,Offset_Dir,Crash_Type,Vehicles,Non_Motori,Fatalities,Injuries,Alcohol_Re,Distractio,Drug_Relat,Estimated_,Weather_Co,Light_Cond,Street_Num,Crash_Ty_1,Crash_Ty_2,Crash_Seve,Within_Cit,Manner_of_,First_Harm,First_HE_L,First_HE_R,First_HE_W,Type_of_In,Road_Sys_I,Type_of_Sh,Road_Surf_,Contrib_Ci,Contrib__1,Contrib__2,Contrib__3,Contrib__4,Contrib__5,School_Bus,Work_Zone_,Type_of_Wo,Loc_in_Wor,Workers_in,Law_Enforc,Mopeds,Motorcycle,Passengers,Bicyclists,Pedestrian,Fataliti_1,Injuries_U,Possible_I,Non_Incapa,Incapacita,Fataliti_2,Non_Traffi,Transporte,Transpor_1,Transpor_2,Citations,Property_D,Vehicle_Dm,S4_Mapping,S4_Decimal,S4_Decim_1,S4_Albers_,S4_Albers1,S4_Mappi_1,zone_id_st
1008,1009,1,1008,16374,87941107,2018-00402430,Orlando PD,Long,10/17/2018 0:00:00,06:23 PM,Orlando,Orange,SR 408 WBO,S ROSALIND AVE,0, ,Unknown,2,0,0,3,N,N,N,12000.000000000000000,Clear,Daylight,0,Unknown,W,Injury,Y,Front to Rear,Motor Vehicle in Transport,On Roadway,Non-Junction,N,Not at Intersection,State,Paved,Dry,None, , ,None, , ,N,N, , , , ,0,0,1,0,0,0,0,3,0,0,0,0,0.000000000000000,0.000000000000000,0,0,0,12000,"Mapped, On Network",-81.373009757700004,28.537245685100000,656556.207406000001356,506193.105551999993622,2/13/2019 11:28:47 PM,8313_6737
1009,1010,1,1009,16408,87294463,FHPD18OFF096171,FHP,Long,9/21/2018 0:00:00,05:25 PM,Orlando,Orange,SR-528,MM31,8,West,Rear End,2,0,0,0,N,N,N,8000.000000000000000,Clear,Daylight,0,Rear End,E,Property Damage Only,N,Front to Rear,Motor Vehicle in Transport,On Roadway,Non-Junction,N,Not at Intersection,State,Paved,Dry,None, , ,None, , ,N,N, , , , ,0,0,0,0,0,0,0,0,0,0,0,0,0.000000000000000,0.000000000000000,0,1,0,8000,"Mapped, On Network",-80.980330725700000,28.452497692900000,695129.172021999955177,497662.157631999987643,2/1/2019 9:47:39 PM,8083_6824
1010,1011,1,1010,16409,87254710,FHPD18OFF105613,FHP,Long,10/17/2018 0:00:00,10:09 AM,Orlando Expwy Auth,Orange,SR-408 (MM6),PINE HILLS ROAD,40,East,Rear End,2,0,0,1,N,N,N,4800.000000000000000,Clear,Daylight,0,Rear End,W,Injury,N,Front to Rear,Motor Vehicle in Transport,On Roadway,Non-Junction,N,Not at Intersection,Turnpike/Toll,Paved,Dry,None, , ,None, , ,N,N, , , , ,0,0,0,0,0,0,0,0,1,0,0,0,1.000000000000000,0.000000000000000,0,3,0,4800,"Mapped, On Network",-81.445138129000000,28.548409496600001,649487.368842000025325,507284.642346000007819,2/12/2019 12:42:39 PM,6994_8201
1011,1012,1,1011,16434,88005657,FHPD18OFF105376,FHP,Long,10/16/2018 0:00:00,04:54 PM,Orlando Expwy Auth,Orange,EB SR-528,SR-15,5280,East,Rear End,2,0,0,1,N,N,N,9000.000000000000000,Clear,Daylight,0,Rear End,E,Injury,Y,Front to Rear,Motor Vehicle in Transport,On Roadway,Non-Junction,N,Not at Intersection,State,Paved,Dry,None, , ,None, , ,N,N, , , , ,0,0,0,0,0,0,0,1,0,0,0,0,0.000000000000000,0.000000000000000,0,1,0,9000,"Mapped, On Network",-81.250731786499998,28.450435558900001,668711.063194000045769,496815.018703999987338,3/27/2019 4:28:04 PM,8060_6666
1012,1013,1,1012,16471,87941477,2018-00404833,Orlando PD,Short,10/19/2018 0:00:00,12:40 PM,Orlando,Orange,SR 408 WBO,CRYSTAL LAKE DR EXIT,200,West,Other,1,0,0,0,N,N,N,4000.000000000000000,Cloudy,Daylight,0,Single Vehicle,W,Property Damage Only,Y,Other,Motor Vehicle in Transport,On Roadway,Non-Junction,N,Not at Intersection,State,Paved,Wet,None, , ,None, , ,N,N, , , , ,0,0,3,0,0,0,0,0,0,0,0,0,0.000000000000000,0.000000000000000,0,0,0,4000,"Mapped, On Network",-81.341320920900003,28.538561283300002,659647.365079000010155,506405.502842999994755,4/12/2019 11:40:11 AM,8353_6185
1013,1014,1,1013,16494,87944829,2018-00403176,Orlando PD,Long,10/18/2018 0:00:00,08:44 AM,Orlando,Orange,SR 408 EAST,SR 500 (SOUTH ORANGE BLOSSOM TRAIL) EXIT RAMP,1000,West,Rear End,2,0,0,0,N,N,N,15000.000000000000000,Clear,Daylight,0,Rear End,E,Property Damage Only,Y,Front to Rear,Motor Vehicle in Transport,On Roadway,Non-Junction,N,Not at Intersection,State,Paved,Dry,None, , ,None, , ,N,N, , , , ,0,0,0,0,0,0,0,0,0,0,0,0,0.000000000000000,0.000000000000000,0,1,0,15000,"Mapped, On Network",-81.402984445599998,28.535326432700000,653633.753670000005513,505918.001816999982111,4/12/2019 9:42:18 AM,8169_8242
1014,1015,1,1014,16567,88006173,FHPD18OFF112687,FHP,Short,11/5/2018 0:00:00,09:30 AM,Orlando Expwy Auth,Orange,STATE RD 417 EXIT RAMP,STATE RD 423 JOHN YOUNG PKWY,20,West,Rear End,2,0,0,0,N,N,N,2000.000000000000000,Clear,Daylight,0,Rear End,W,Property Damage Only,N,Front to Rear,Motor Vehicle in Transport,On Roadway,Entrance/Exit Ramp,N,Not at Intersection,State,Paved,Dry,None, , ,None, , ,N,N, , , , ,0,0,0,0,0,0,0,0,0,0,0,0,0.000000000000000,0.000000000000000,0,1,0,2000,"Mapped, On Network",-81.415550384300005,28.375381237500001,652778.951704000006430,488133.181435999984387,11/9/2018 7:10:34 PM,8107_8280
1015,1016,1,1015,16588,87944786,2018-00419994,Orlando PD,Long,10/31/2018 0:00:00,07:01 AM,Orlando,Orange,SR 408 WEST,VICTOR AVE,100,West,Unknown,3,0,0,0,N,N,N,8300.000000000000000,Clear,Daylight,0,Unknown, ,Property Damage Only,Y,Front to Rear,Motor Vehicle in Transport,On Roadway,Non-Junction,N,Not at Intersection,Interstate,Paved,Dry,None, , ,None, , ,N,N, , , , ,0,0,0,0,0,0,0,0,0,0,0,0,0.000000000000000,0.000000000000000,0,0,0,8300,"Mapped, On Network",-81.359618163899995,28.538263322999999,657861.433556000003591,506334.026591999980155,2/12/2019 10:41:52 AM,8309_8313
1016,1017,1,1016,16589,88009573,FHPL18OFF090545,FHP,Short,10/31/2018 0:00:00,09:00 AM,Unincorporated,Orange,EB SR-408 1.5 MM,SR-50,0,East,Sideswipe,2,0,0,0,N,N,N,6000.000000000000000,Clear,Daylight,0,Same Direction Sideswipe,E,Property Damage Only,N,"Sideswipe, Same Direction",Motor Vehicle in Transport,On Roadway,Non-Junction,N,Not at Intersection,Turnpike/Toll,Paved,Dry,None, , ,None, , ,N,N, , , , ,0,0,0,0,0,0,0,0,0,0,0,0,0.000000000000000,0.000000000000000,0,1,0,6000,"Mapped, Not On Network",-81.507961800000004,28.545505199400001,643359.875176999950781,506836.628053000022192,11/7/2018 4:48:38 PM,8114_8152
1017,1018,1,1017,16592,87264153,FHPK18OFF079918,FHP,Long,11/1/2018 0:00:00,03:36 PM,Winter Garden,Orange,STATE ROAD 429,MM16,0, ,Other,1,0,0,2,N,N,N,800.000000000000000,Cloudy,Daylight,0,Single Vehicle,S,Injury,N,Other,"Struck by Falling, Shifting Cargo",On Roadway,Non-Junction,N,Not at Intersection,Turnpike/Toll,Paved,Dry,None, , ,None, , ,N,N, , , , ,0,0,1,0,0,0,0,2,0,0,0,0,0.000000000000000,0.000000000000000,0,0,0,800,"Mapped, Not On Network",-81.626509999999996,28.487280049199999,631908.972831999999471,500143.181296999973711,11/7/2018 4:48:39 PM,8037_6764
1018,1019,1,1018,16648,88029826,FHPK18OFF079567,FHP,Long,10/31/2018 0:00:00,07:02 AM,Ocoee,Orange,SR-429/ 24 MM SB,PLANT STREET,400,North,Unknown,3,0,0,2,N,Y,N,26000.000000000000000,Clear,Daylight,0,Unknown,S,Injury,N,Front to Rear,Motor Vehicle in Transport,On Roadway,Non-Junction,N,Not at Intersection,Turnpike/Toll,Paved,Dry,None, , ,None, , ,N,N, , , , ,0,0,0,0,0,0,0,2,0,0,0,0,0.000000000000000,0.000000000000000,0,2,0,26000,"Mapped, Not On Network",-81.556740000000005,28.571270049500001,638540.383263000054285,509602.078615000005811,11/7/2018 4:48:41 PM,8421_8425
1019,1020,1,1019,16678,88013622,FHPD18OFF112861,FHP,Short,11/5/2018 0:00:00,05:55 PM,Orlando Expwy Auth,Orange,SR408,19MM,0, ,Rear End,2,0,0,0,N,N,N,3000.000000000000000,Clear,Dark - Lighted,0,Rear End,E,Property Damage Only,Y,Front to Rear,Motor Vehicle in Transport,On Roadway,Non-Junction,N,Not at Intersection,Turnpike/Toll,Paved,Dry,None, , ,None, , ,N,N, , , , ,0,0,2,0,0,0,0,0,0,0,0,0,0.000000000000000,0.000000000000000,0,1,0,3000,"Mapped, Not On Network",-81.237110000000001,28.547120049400000,669801.668316000024788,507579.488367000012659,11/7/2018 4:48:33 PM,6303_6305
1020,1021,1,1020,16680,88013441,FHPD18OFF110715,FHP,Short,10/30/2018 0:00:00,10:13 PM,Orlando,Orange,SR 417,SR 408,0, ,Head On,2,0,0,0,N,N,N,15000.000000000000000,Clear,Dark - Lighted,0,Head On,NS,Property Damage Only,N,Front to Front,Motor Vehicle in Transport,On Roadway,Entrance/Exit Ramp,N,Not at Intersection,State,Paved,Dry,None, , ,None, , ,N,N, , , , ,0,0,0,0,0,0,0,0,0,0,0,0,0.000000000000000,0.000000000000000,0,1,0,15000,"Mapped, Not On Network",-81.258260000199996,28.547800025099999,667734.991799999959767,507608.887600000016391,11/9/2018 7:15:12 PM,11876_8570
1021,1022,1,1021,16694,87941645,2018-00400946,Orlando PD,Long,10/16/2018 0:00:00,05:32 PM,Orlando,Orange,EW EBO,SR 423,20,West,Rear End,2,0,0,0,N,N,N,6000.000000000000000,Clear,Daylight,0,Rear End,E,Property Damage Only,Y,Front to Rear,Motor Vehicle in Transport,On Roadway,Non-Junction,N,Not at Intersection,Turnpike/Toll,Paved,Dry,None, , ,None, , ,N,N, , , , ,0,0,0,0,0,0,0,0,0,0,0,0,0.000000000000000,0.000000000000000,0,0,0,6000,"Mapped, On Network",-81.414029447600001,28.542713873000000,652538.014699000050314,506715.570912999974098,3/27/2019 4:24:42 PM,8219_8213
1022,1023,1,1022,16704,85460446,FHPD18OFF108999,FHP,Long,10/26/2018 0:00:00,08:51 AM,Orlando,Orange,SR-417 (CENTRAL FLORIDA GREENEWAY),SR-528 (BEACHLINE EXPRESSWAY),100,South,Unknown,3,0,0,1,N,Y,N,10300.000000000000000,Clear,Daylight,0,Unknown,N,Injury,N,Front to Rear,Motor Vehicle in Transport,On Roadway,Non-Junction,N,Not at Intersection,Turnpike/Toll,Paved,Dry,None, , ,None, , ,N,N, , , , ,0,0,0,0,0,0,0,0,1,0,0,0,0.000000000000000,0.000000000000000,0,1,0,10300,"Mapped, Not On Network",-81.229709999600004,28.438150024999999,670796.018599999952130,495496.957700000028126,11/9/2018 3:45:33 PM,7999_8391
1023,1024,1,1023,16715,87436058,OCPD18OFF005335,Ocoee PD,Short,11/2/2018 0:00:00,04:20 PM,Ocoee,Orange,SR 408,SR 50,0, ,Sideswipe,2,0,0,0,N,N,N,301.000000000000000,Rain,Daylight,0,Same Direction Sideswipe,N,Property Damage Only,Y,"Sideswipe, Same Direction",Motor Vehicle in Transport,On Roadway,Non-Junction,N,Four-Way Intersection,State,Paved,Wet,None, , ,Weather Conditions, , ,N,N, , , , ,0,0,1,0,0,0,0,0,0,0,0,0,0.000000000000000,0.000000000000000,0,0,0,301,"Mapped, Not On Network",-81.513270000199995,28.544920024900001,642842.883900000015274,506761.189699999988079,11/9/2018 7:11:06 PM,8150_8116
1024,1025,1,1024,16782,87944779,2018-00428758,Orlando PD,Long,11/6/2018 0:00:00,05:58 PM,Orlando,Orange,EW EBO (408-SR),SEMORAN BV,0, ,Rear End,2,0,0,1,N,N,N,1000.000000000000000,Clear,Dark - Lighted,0,Rear End,E,Injury,Y,Front to Rear,Motor Vehicle in Transport,On Roadway,Non-Junction,N,Not at Intersection,State,Paved,Dry,None, , ,None, , ,N,N, , , , ,0,0,0,0,0,0,0,1,0,0,0,0,0.000000000000000,0.000000000000000,0,0,0,1000,"Mapped, On Network",-81.313464637999999,28.539445395900000,662365.250591999967583,506562.626050000020768,12/7/2018 11:37:26 PM,6301_6218
1025,1026,1,1025,16826,88026303,FHPD18OFF109153,FHP,Short,10/26/2018 0:00:00,03:45 PM,Unincorporated,Orange,STATE ROAD 528,MILE MARKER 33,300,East,Rear End,2,0,0,0,N,N,N,1800.000000000000000,Clear,Daylight,0,Rear End,E,Property Damage Only,N,Front to Rear,Motor Vehicle in Transport,On Roadway,Non-Junction,N,Not at Intersection,State,Paved,Dry,None, , ,None, , ,N,N, , , , ,0,0,1,0,0,0,0,0,0,0,0,0,0.000000000000000,0.000000000000000,0,1,0,1800,"Mapped, Not On Network",-80.976479999999995,28.452510049099999,695505.415975000010803,497672.751296999980696,11/13/2018 2:48:35 PM,8083_6824
1026,1027,1,1026,16976,87168526,FHPD18OFF113637,FHP,Long,11/8/2018 0:00:00,07:10 AM,Orlando,Orange,SR-417 NB EXIT RAMP,CURRY FORD RD,10,North,Other,2,0,0,0,N,N,N,1000.000000000000000,Clear,Daylight,0,Other,N,Property Damage Only,N,"Sideswipe, Same Direction",Motor Vehicle in Transport,On Roadway,Entrance/Exit Ramp,N,T-Intersection,State,Curb,Dry,None, , ,None, , ,N,N, , , , ,0,0,0,0,0,0,0,0,0,0,0,0,0.000000000000000,0.000000000000000,0,0,0,1000,"Mapped, Not On Network",-81.245019999500002,28.504170024200000,669135.924899999983609,502793.540199999988545,11/10/2018 4:27:59 PM,6965_8557
1027,1028,1,1027,17061,87944429,2018-00416390,Orlando PD,Short,10/28/2018 0:00:00,11:30 AM,Orlando,Orange,S.R. 417 (CENTRAL FLORIDA GREENWAY)NORTHBOUND,BOGGY CREEK ROAD,3500,East,Other,2,0,0,0,N,N,N,2001.000000000000000,Clear,Daylight,0,Other,E,Property Damage Only,Y,Other,Thrown or Falling Object,On Roadway,Non-Junction,N,Not at Intersection,State,Paved,Dry,None, , ,None, , ,N,N, , , , ,0,0,2,0,0,0,0,0,0,0,0,0,0.000000000000000,0.000000000000000,0,0,0,2001,"Mapped, Not On Network",-81.295270000200006,28.372230024000000,664549.124500000034459,488035.598100000002887,11/8/2018 5:13:38 PM,8476_8600
1028,1029,1,1028,17063,88024335,FHPD18OFF105503,FHP,Long,10/17/2018 0:00:00,02:32 AM,Orlando,Orange,SR 417,MM 14,500,North,Unknown,2,0,0,0,N,N,N,2200.000000000000000,Clear,Dark - Lighted,0,Unknown,N,Property Damage Only,N,Other,Motor Vehicle in Transport,On Roadway,Non-Junction,N,Not at Intersection,State,Paved,Dry,None, , ,None, , ,N,N, , , , ,0,0,0,0,0,0,0,0,0,0,0,0,0.000000000000000,0.000000000000000,0,0,0,2200,"Mapped, On Network",-81.375581604999994,28.368172465899999,656704.655453999992460,487415.344176999991760,2/13/2019 11:14:29 PM,9178_7997
1029,1030,1,1029,17100,88024345,FHPD18OFF107122,FHP,Short,10/21/2018 0:00:00,04:40 AM,Orlando,Orange,SR 417 NB,MM 37,0, ,Rear End,2,0,0,0,N,N,N,3200.000000000000000,Clear,Dark - Lighted,0,Rear End,N,Property Damage Only,N,Front to Rear,Motor Vehicle in Transport,On Roadway,Non-Junction,N,Not at Intersection,County,Paved,Dry,None, , ,None, , ,N,N, , , , ,0,0,1,0,0,0,0,0,0,0,0,0,0.000000000000000,0.000000000000000,0,2,0,3200,"Mapped, On Network",-81.256697828200004,28.607617737700000,667739.742504999972880,514253.723617999989074,11/16/2018 11:31:30 AM,5988_6758
1030,1031,1,1030,17142,87264158,FHPK18OFF081706,FHP,Short,11/8/2018 0:00:00,03:44 PM,Winter Garden,Orange,STATE ROAD 429,MM15,0, ,Other,1,0,0,0,N,N,N,100.000000000000000,Cloudy,Daylight,0,Single Vehicle,N,Property Damage Only,N,Other,"Struck by Falling, Shifting Cargo",On Roadway,Non-Junction,Y,Not at Intersection,Turnpike/Toll,Paved,Dry,None, , ,None, , ,N,N, , , , ,0,0,0,0,0,0,0,0,0,0,0,0,0.000000000000000,0.000000000000000,0,0,0,100,"Mapped, Not On Network",-81.631429999999995,28.473670049199999,631457.338616000022739,498622.740832999988925,11/14/2018 3:56:21 PM,8048_8037
1031,1032,1,1031,17151,87279622,FHPD18OFF113507,FHP,Long,11/7/2018 0:00:00,04:50 PM,Orlando Expwy Auth,Orange,STATE ROAD 408 EASTBOUND,MILE MARKER 18,0, ,Off Road,2,0,0,1,N,Y,N,6500.000000000000000,Clear,Daylight,0,Off Road,E,Injury,Y,Front to Rear,Mailbox,On Roadway,Non-Junction,N,Not at Intersection,State,Paved,Dry,None, , ,None, , ,N,N, , , , ,0,0,0,0,0,0,0,1,0,0,0,0,0.000000000000000,0.000000000000000,0,1,0,6500,"Mapped, On Network",-81.252856216300003,28.547315328000000,668263.791204000008292,507566.816560000006575,2/7/2019 4:50:36 PM,8027_6269
1032,1033,1,1032,17152,87279621,FHPD18OFF113224,FHP,Short,11/6/2018 0:00:00,06:53 PM,Orlando Expwy Auth,Orange,STATE ROAD 417 NORTHBOUND,MILE MARKER 30,0, ,Rear End,2,0,0,0,N,Y,N,1100.000000000000000,Clear,Dark - Lighted,0,Rear End,N,Property Damage Only,N,Front to Rear,Motor Vehicle in Transport,On Roadway,Non-Junction,N,Not at Intersection,State,Paved,Dry,None, , ,None, , ,N,N, , , , ,0,0,0,0,0,0,0,0,0,0,0,0,0.000000000000000,0.000000000000000,0,1,0,1100,"Mapped, On Network",-81.250467604099995,28.517552387900000,668570.698098000022583,504267.485989000007976,2/7/2019 4:50:43 PM,8553_6689
1033,1034,1,1033,17174,87941556,2018-00429420,Orlando PD,Long,11/7/2018 0:00:00,08:29 AM,Orlando,Orange,EW WBO,S ROSALIND AV,1100,East,Rear End,4,0,0,1,N,Y,N,12000.000000000000000,Clear,Daylight,0,Rear End,W,Injury,Y,Front to Rear,Motor Vehicle in Transport,On Roadway,Non-Junction,Y,Not at Intersection,State,Paved,Dry,None,None,None,None,None,None,N,N, , , , ,0,0,0,0,0,0,0,0,1,0,0,0,1.000000000000000,0.000000000000000,0,1,0,12000,"Mapped, On Network",-81.373100728200001,28.537228881899999,656547.364167000050656,506191.050622000009753,2/7/2019 4:35:03 PM,8313_6737
1034,1035,1,1034,17178,87264161,FHPK18OFF082019,FHP,Long,11/9/2018 0:00:00,06:22 PM,Winter Garden,Orange,STATE ROAD 429,MM19,0, ,Rear End,3,0,0,0,N,Y,N,5500.000000000000000,Cloudy,Dusk,0,Rear End,N,Property Damage Only,N,Front to Rear,Motor Vehicle in Transport,On Roadway,Non-Junction,N,Not at Intersection,Turnpike/Toll,Paved,Dry,None, , ,None, , ,N,N, , , , ,0,0,1,0,0,0,0,0,0,0,0,0,0.000000000000000,0.000000000000000,0,1,0,5500,"Mapped, Not On Network",-81.606930000000006,28.510650049300001,633771.492922000004910,502775.049944000027608,11/14/2018 3:56:21 PM,6186_6858
1035,1036,1,1035,17253,87285518,FHPK18OFF086608,FHP,Short,11/7/2018 0:00:00,05:50 PM,Ocoee,Orange,STATE ROAD 429,MILE MARKER 22 SOUTH,0, ,Rear End,2,0,0,0,N,N,N,2500.000000000000000,Clear,Dark - Lighted,0,Rear End,S,Property Damage Only,N,Front to Rear,Motor Vehicle in Transport,On Roadway,Non-Junction,N,Not at Intersection,State,Paved,Dry,None, , ,None, , ,N,N, , , , ,0,0,0,0,0,0,0,0,0,0,0,0,0.000000000000000,0.000000000000000,0,1,0,2500,"Mapped, Not On Network",-81.557498100000004,28.544161979399998,638526.003616999951191,506590.696997000020929,11/14/2018 3:56:15 PM,8529_8524
1036,1037,1,1036,17264,87264160,FHPK18OFF081999,FHP,Long,11/9/2018 0:00:00,05:25 PM,Winter Garden,Orange,STATE ROAD 429,MM19,0, ,Unknown,2,0,0,0,N,N,N,18000.000000000000000,Cloudy,Daylight,0,Unknown,S,Property Damage Only,N,"Sideswipe, Same Direction",Motor Vehicle in Transport,On Roadway,Non-Junction,N,Not at Intersection,Turnpike/Toll,Paved,Dry,None, , ,None, , ,N,N, , , , ,0,0,1,0,0,0,0,0,0,0,0,0,0.000000000000000,0.000000000000000,0,0,0,18000,"Mapped, Not On Network",-81.606930000000006,28.510650049300001,633771.492922000004910,502775.049944000027608,11/14/2018 3:56:21 PM,6186_6858
1037,1038,1,1037,17275,87251173,FHPK18OFF082561,FHP,Long,11/11/2018 0:00:00,05:48 PM,Winter Garden,Orange,SR-429 ( WESTERN BELTWAY),NEW INDEPENDENCE PKWY,10560,North,Rear End,2,0,0,0,N,N,N,3000.000000000000000,Cloudy,Dark - Lighted,0,Rear End,N,Property Damage Only,N,Front to Rear,Motor Vehicle in Transport,On Roadway,Non-Junction,N,Not at Intersection,State,Paved,Wet,None, , ,None, , ,N,Y,Lane Closure,Advance Warning Area,Y,Y,0,0,0,0,0,0,0,0,0,0,0,0,0.000000000000000,0.000000000000000,0,1,0,3000,"Mapped, Not On Network",-81.631379999800004,28.479240024300001,631450.343100000056438,499241.301500000001397,11/14/2018 3:56:23 PM,8037_6764
1038,1039,1,1038,17278,87945680,2018-00429485,Orlando PD,Short,11/7/2018 0:00:00,08:23 AM,Orlando,Orange,EW EBO,S TAMPA AV,0,East,Unknown,3,0,0,0,N,N,N,4500.000000000000000,Clear,Daylight,0,Unknown,E,Property Damage Only,Y,Front to Rear,Motor Vehicle in Transport,On Roadway,Non-Junction,N,Not at Intersection,State,Paved,Dry,None, , ,None, , ,N,N, , , , ,0,0,0,0,0,0,0,0,0,0,0,0,0.000000000000000,0.000000000000000,0,0,0,4500,"Mapped, On Network",-81.406646761100006,28.537109170099999,653271.968348999973387,506108.414165999973193,2/7/2019 4:40:07 PM,8169_8242
1039,1040,1,1039,17295,87941646,2018-00436777,Orlando PD,Long,11/12/2018 0:00:00,06:10 PM,Orlando,Orange,EW EBO,I4 EBO,400,West,Rear End,2,0,0,2,N,N,N,2100.000000000000000,Clear,Dark - Lighted,0,Rear End,E,Injury,Y,Front to Rear,Motor Vehicle in Transport,On Roadway,Non-Junction,N,Not at Intersection,State,Paved,Dry,None, , ,None, , ,N,N, , , , ,0,0,0,0,0,0,0,2,0,0,0,0,0.000000000000000,0.000000000000000,0,0,0,2100,"Mapped, On Network",-81.391556877300005,28.535117256800000,654750.135791999986395,505918.332771999994293,4/5/2019 3:53:22 PM,8267_6679
1040,1041,1,1040,17299,88005674,FHPD18OFF113079,FHP,Long,11/6/2018 0:00:00,12:58 PM,Orlando Expwy Auth,Orange,NB SR-417,SR-426,0,South,Sideswipe,4,0,0,1,N,N,N,30500.000000000000000,Cloudy,Daylight,0,Opposing Sideswipe,NS,Injury,Y,"Sideswipe, Opposite Direction",Motor Vehicle in Transport,On Roadway,Non-Junction,N,Not at Intersection,Turnpike/Toll,Paved,Dry,None, , ,None, , ,N,Y,Work on Shoulder or Median,Activity Area,Y,N,0,0,1,0,0,0,0,0,1,0,0,0,1.000000000000000,0.000000000000000,0,1,0,30500,"Mapped, Not On Network",-81.257666439999994,28.609226029700000,667641.252210999955423,514430.185982000024524,11/15/2018 4:40:53 PM,5988_6758
1041,1042,1,1041,17312,87109621,FHPK18OFF081167,FHP,Long,11/6/2018 0:00:00,11:49 AM,Unincorporated,Orange,STATE ROAD 408 (EAST-WEST EXPY),MM 1,0,East,Unknown,2,0,0,1,N,N,N,3000.000000000000000,Clear,Daylight,0,Unknown, ,Injury,N,Unknown,Motor Vehicle in Transport,Median,Non-Junction,N,Not at Intersection,Turnpike/Toll,Paved,Dry,None, , ,None, , ,N,N, , , , ,0,0,0,0,0,0,0,1,0,0,0,0,0.000000000000000,0.000000000000000,0,0,0,3000,"Mapped, On Network",-81.511676116900006,28.545223339100001,642997.834598000044934,506798.007489999989048,4/2/2019 2:49:37 PM,8150_8116
1042,1043,1,1042,17313,88006172,FHPD18OFF112646,FHP,Long,11/5/2018 0:00:00,07:45 AM,Orlando Expwy Auth,Orange,STATE RD 528,SUNBRIDGE PKWY,10560,East,Rear End,3,0,0,0,N,N,N,6250.000000000000000,Clear,Daylight,0,Rear End,W,Property Damage Only,N,Front to Rear,Motor Vehicle in Transport,On Roadway,Non-Junction,N,Not at Intersection,State,Paved,Wet,Road Surface Condition, , ,None, , ,N,N, , , , ,0,0,0,0,0,0,0,0,0,0,0,0,0.000000000000000,0.000000000000000,0,2,0,6250,"Mapped, Not On Network",-81.175799999999995,28.451610049100001,676030.579710999969393,497110.925741999992169,11/15/2018 4:40:53 PM,6945_8095
1043,1044,1,1043,17316,87256675,FHPK18OFF082801,FHP,Short,11/12/2018 0:00:00,06:00 PM,Winter Garden,Orange,STATE ROAD 429,MILE MARKER 19,5280,East,Rear End,2,0,0,0,N,N,N,5000.000000000000000,Clear,Dark - Lighted,0,Rear End,W,Property Damage Only,N,"Sideswipe, Same Direction",Motor Vehicle in Transport,On Roadway,Non-Junction,N,Not at Intersection,Turnpike/Toll,Paved,Dry,None, , ,None, , ,N,N, , , , ,0,0,0,0,0,0,0,0,0,0,0,0,0.000000000000000,0.000000000000000,0,1,0,5000,"Mapped, Not On Network",-81.590810000000005,28.515680049299998,635335.092520999955013,503364.217531999980565,11/15/2018 4:40:59 PM,8494_8462
1044,1045,1,1044,17324,87279619,FHPD18OFF109751,FHP,Long,10/28/2018 0:00:00,11:42 AM,Orlando Expwy Auth,Orange,SR 417 NORTHBOUND,MILE MARKER 28,0, ,Sideswipe,3,0,0,0,N,Y,N,18500.000000000000000,Clear,Daylight,0,Same Direction Sideswipe,N,Property Damage Only,N,"Sideswipe, Same Direction",Motor Vehicle in Transport,On Roadway,Non-Junction,N,Not at Intersection,State,Paved,Dry,None, , ,None, , ,N,N, , , , ,0,0,3,0,0,0,0,0,0,0,0,0,0.000000000000000,0.000000000000000,0,1,0,18500,"Mapped, Not On Network",-81.242429999999999,28.489830049199998,669424.511245999950916,501207.050830999971367,11/15/2018 4:41:04 PM,6314_6315
1045,1046,1,1045,17331,88013628,FHPD18OFF114974,FHP,Short,11/11/2018 0:00:00,01:24 PM,Orlando Expwy Auth,Orange,SR-528-TOLL,27MM,0, ,Unknown,2,0,0,0,N,N,N,5000.000000000000000,Clear,Daylight,0,Unknown, ,Property Damage Only,Y,Angle,Motor Vehicle in Transport,On Roadway,Non-Junction,N,Not at Intersection,Turnpike/Toll,Paved,Dry,None, , ,None, , ,N,N, , , , ,0,0,0,0,0,0,0,0,0,0,0,0,0.000000000000000,0.000000000000000,0,1,0,5000,"Mapped, Not On Network",-81.042919999999995,28.452150049099998,689014.082820000010543,497475.317494000017177,11/15/2018 4:40:51 PM,7008_7061
1046,1047,1,1046,17332,87279618,FHPD18OFF109699,FHP,Long,10/28/2018 0:00:00,07:06 AM,Orlando Expwy Auth,Orange,SR 417 NORTHBOUND,MILE MARKER 34,0, ,Off Road,1,0,0,0,N,Y,N,10000.000000000000000,Clear,Daylight,0,Off Road,N,Property Damage Only,Y,Other,Guardrail Face,On Roadway,Non-Junction,N,Not at Intersection,State,Paved,Dry,None, , ,None, , ,N,N, , , , ,0,0,0,0,0,0,0,0,0,0,0,0,0.000000000000000,0.000000000000000,0,1,0,10000,"Mapped, Not On Network",-81.265670000000000,28.569470049500001,666958.154793999972753,509998.809186999977101,11/15/2018 4:41:04 PM,8451_2531