FID,OBJECTID_1,Join_Count,TARGET_FID,OBJECTID,HSMV_Repor,Agency_Rep,Reporting_,Form_Type,Crash_Date,Crash_Time,City,County,Crash_Stre,Intersecti,Offset_Dis,Offset_Dir,Crash_Type,Vehicles,Non_Motori,Fatalities,Injuries,Alcohol_Re,Distractio,Drug_Relat,Estimated_,Weather_Co,Light_Cond,Street_Num,Crash_Ty_1,Crash_Ty_2,Crash_Seve,Within_Cit,Manner_of_,First_Harm,First_HE_L,First_HE_R,First_HE_W,Type_of_In,Road_Sys_I,Type_of_Sh,Road_Surf_,Contrib_Ci,Contrib__1,Contrib__2,Contrib__3,Contrib__4,Contrib__5,School_Bus,Work_Zone_,Type_of_Wo,Loc_in_Wor,Workers_in,Law_Enforc,Mopeds,Motorcycle,Passengers,Bicyclists,Pedestrian,Fataliti_1,Injuries_U,Possible_I,Non_Incapa,Incapacita,Fataliti_2,Non_Traffi,Transporte,Transpor_1,Transpor_2,Citations,Property_D,Vehicle_Dm,S4_Mapping,S4_Decimal,S4_Decim_1,S4_Albers_,S4_Albers1,S4_Mappi_1,zone_id_st
1047,1048,1,1047,17334,88013627,FHPD18OFF114782,FHP,Long,11/10/2018 0:00:00,06:56 PM,Orlando Expwy Auth,Orange,SR408,7MM,0, ,Off Road,1,0,0,1,N,N,N,3000.000000000000000,Clear,Dark - Lighted,0,Off Road,W,Injury,Y,Other,Ditch,On Roadway,Non-Junction,N,Not at Intersection,Turnpike/Toll,Paved,Dry,None, , ,None, , ,N,N, , , , ,0,0,0,0,0,0,0,0,1,0,0,0,1.000000000000000,0.000000000000000,0,1,0,3000,"Mapped, Not On Network",-81.427040000000005,28.545770049400002,651260.547385000041686,507028.325683999981266,11/15/2018 4:40:51 PM,6014_8237
1048,1049,1,1048,17336,88031013,FHPD18OFF113593,FHP,Long,11/7/2018 0:00:00,10:09 PM,Orlando,Orange,STATE ROAD 408 EB,DEAN ROAD,500,West,Rear End,3,0,0,1,N,Y,N,7000.000000000000000,Clear,Dark - Not Lighted,0,Rear End,E,Injury,N,Front to Rear,Motor Vehicle in Transport,On Roadway,Non-Junction,Y,Not at Intersection,State,Paved,Dry,None, , ,None, , ,N,Y,Lane Closure,Advance Warning Area,Y,Y,0,0,1,0,0,0,0,1,0,0,0,0,0.000000000000000,0.000000000000000,0,1,0,7000,"Mapped, On Network",-81.246042610299995,28.547220387500001,668929.277694000047632,507571.116495999973267,4/4/2019 8:59:18 PM,6269_8009
1049,1050,1,1049,17340,88006174,FHPD18OFF113666,FHP,Long,11/8/2018 0:00:00,08:11 AM,Orlando Expwy Auth,Orange,STATE RD 408,PINE HILLS RD,400,East,Unknown,2,0,0,1,N,N,N,13000.000000000000000,Clear,Daylight,0,Unknown,E,Injury,N,Front to Rear,Motor Vehicle in Transport,On Roadway,Non-Junction,N,Not at Intersection,State,Paved,Dry,None, , ,None, , ,N,N, , , , ,0,0,0,0,0,0,0,1,0,0,0,0,1.000000000000000,0.000000000000000,0,0,0,13000,"Mapped, On Network",-81.446118140199999,28.548232822399999,649392.088800000026822,507263.043500000028871,4/4/2019 9:11:31 PM,8205_6294
1050,1051,1,1050,17341,88005675,FHPD18OFF114902,FHP,Long,11/11/2018 0:00:00,08:45 AM,Orlando Expwy Auth,Orange,WB SR-528,SR-15,5280,East,Off Road,1,0,0,0,N,N,N,10000.000000000000000,Cloudy,Daylight,0,Off Road,W,Property Damage Only,Y,Other,Guardrail Face,Shoulder,Non-Junction,N,Not at Intersection,Turnpike/Toll,Paved,Dry,None, , ,None, , ,N,N, , , , ,0,0,0,0,0,0,0,0,0,0,0,0,0.000000000000000,0.000000000000000,0,0,0,10000,"Mapped, Not On Network",-81.270300000500001,28.448450024900001,666803.677400000044145,496552.077500000013970,11/15/2018 4:40:53 PM,6156_8052
1051,1052,1,1051,17367,88013629,FHPD18OFF115071,FHP,Long,11/11/2018 0:00:00,06:42 PM,Orlando Expwy Auth,Orange,SR417,36MM,0, ,Sideswipe,2,0,0,1,N,N,N,4000.000000000000000,Clear,Dark - Lighted,0,Same Direction Sideswipe,S,Injury,Y,"Sideswipe, Same Direction",Motor Vehicle in Transport,On Roadway,Non-Junction,N,Not at Intersection,Turnpike/Toll,Paved,Dry,None, , ,None, , ,N,Y,Lane Closure,Activity Area,Y,Y,0,0,1,0,0,0,0,0,1,0,0,0,1.000000000000000,0.000000000000000,0,1,0,4000,"Mapped, Not On Network",-81.250100000000003,28.594760049600001,668415.407877000048757,512840.506762999983039,11/15/2018 4:40:51 PM,8120_8585
1052,1053,1,1052,17368,88013625,FHPD18OFF114329,FHP,Short,11/9/2018 0:00:00,05:23 PM,Orlando Expwy Auth,Orange,SR408,6MM,0, ,Other,1,0,0,0,N,N,N,1000.000000000000000,Clear,Daylight,0,Single Vehicle,W,Property Damage Only,Y,Other,"Struck by Falling, Shifting Cargo",On Roadway,Non-Junction,N,Not at Intersection,Turnpike/Toll,Paved,Dry,None, , ,None, , ,N,N, , , , ,0,0,0,0,0,0,0,0,0,0,0,0,0.000000000000000,0.000000000000000,0,0,0,1000,"Mapped, Not On Network",-81.457359999999994,28.548980049400001,648292.741856000036933,507323.324161999975331,11/15/2018 4:40:51 PM,8208_8205
1053,1054,1,1053,17369,88013624,FHPD18OFF114237,FHP,Short,11/9/2018 0:00:00,02:50 PM,Orlando Expwy Auth,Orange,SR417,37MM,0, ,Off Road,1,0,0,0,N,N,N,2000.000000000000000,Clear,Daylight,0,Off Road,S,Property Damage Only,Y,Other,Guardrail Face,On Roadway,Non-Junction,N,Not at Intersection,Turnpike/Toll,Paved,Dry,None, , ,None, , ,N,N, , , , ,0,0,0,0,0,0,0,0,0,0,0,0,0.000000000000000,0.000000000000000,0,1,0,2000,"Mapped, Not On Network",-81.256649999999993,28.607570049600000,667744.527461000019684,514248.532761999987997,11/15/2018 4:40:51 PM,5988_6758
1054,1055,1,1054,17385,88008544,FHPD18OFF114127,FHP,Short,11/9/2018 0:00:00,10:33 AM,Orlando Expwy Auth,Orange,SR-417 (MM26),SR-528,0,North,Unknown,2,0,0,0,N,N,N,2000.000000000000000,Clear,Daylight,0,Unknown, ,Property Damage Only,N,Angle,Motor Vehicle in Transport,On Roadway,Non-Junction,N,Not at Intersection,Turnpike/Toll,Paved,Dry,None, , ,None, , ,N,N, , , , ,0,0,1,0,0,0,0,0,0,0,0,0,0.000000000000000,0.000000000000000,0,1,0,2000,"Mapped, Not On Network",-81.229709999600004,28.438150024999999,670796.018599999952130,495496.957700000028126,11/15/2018 4:40:52 PM,7999_8391
1055,1056,1,1055,17386,88008543,FHPD18OFF113750,FHP,Long,11/8/2018 0:00:00,11:48 AM,Orlando Expwy Auth,Orange,SR-408 (MM19),DEAN,5280,West,Unknown,2,0,0,0,N,N,N,400.000000000000000,Clear,Daylight,0,Unknown, ,Property Damage Only,N,Angle,Motor Vehicle in Transport,On Roadway,Entrance/Exit Ramp,N,Not at Intersection,Turnpike/Toll,Paved,Dry,None, , ,None, , ,N,N, , , , ,0,1,0,0,0,0,0,0,0,0,0,0,0.000000000000000,0.000000000000000,0,0,0,400,"Mapped, Not On Network",-81.244429999800005,28.547170024800000,669086.851000000024214,507569.042699999990873,11/15/2018 4:40:52 PM,6269_8009
1056,1057,1,1056,17387,88008542,FHPD18OFF113660,FHP,Short,11/8/2018 0:00:00,07:54 AM,Orlando Expwy Auth,Orange,SR-417 (MM12),TURNPIKE,80,North,Rear End,2,0,0,0,N,N,N,1700.000000000000000,Clear,Daylight,0,Rear End,S,Property Damage Only,N,Front to Rear,Motor Vehicle in Transport,On Roadway,Non-Junction,N,Not at Intersection,Turnpike/Toll,Paved,Dry,None, , ,None, , ,N,N, , , , ,0,0,0,0,0,0,0,0,0,0,0,0,0.000000000000000,0.000000000000000,0,1,0,1700,"Mapped, Not On Network",-81.382410269999994,28.368364098800001,656036.365684999967925,487422.424728000012692,11/15/2018 4:40:52 PM,9176_7090
1057,1058,1,1057,17388,88008541,FHPD18OFF113098,FHP,Short,11/6/2018 0:00:00,01:02 PM,Orlando Expwy Auth,Orange,SR-417,MM37.5,10,South,Other,1,0,0,0,N,N,N,800.000000000000000,Clear,Daylight,0,Single Vehicle,N,Property Damage Only,N,Other,Other Non-Fixed Object,Shoulder,Non-Junction,N,Not at Intersection,Turnpike/Toll,Paved,Dry,None, , ,None, , ,N,N, , , , ,0,0,1,0,0,0,0,0,0,0,0,0,0.000000000000000,0.000000000000000,0,0,0,800,"Mapped, Not On Network",-81.257104569999996,28.608205659599999,667698.599849999998696,514318.116212999972049,11/15/2018 4:40:52 PM,5988_6758
1058,1059,1,1058,17415,88006175,FHPD18OFF113714,FHP,Short,11/8/2018 0:00:00,10:28 AM,Orlando Expwy Auth,Orange,STATE RD 528,STATE RD 520,26400,West,Rear End,2,0,0,0,N,N,N,4000.000000000000000,Clear,Daylight,0,Rear End,W,Property Damage Only,N,Front to Rear,Motor Vehicle in Transport,On Roadway,Non-Junction,N,Not at Intersection,State,Paved,Dry,None, , ,None, , ,N,N, , , , ,0,0,3,0,0,0,0,0,0,0,0,0,0.000000000000000,0.000000000000000,0,1,0,4000,"Mapped, Not On Network",-80.984569999800001,28.452640024600001,694714.540200000046752,497667.820999999996275,11/15/2018 4:40:53 PM,8091_5943
1059,1060,1,1059,17421,88037092,FHPD18OFF114277,FHP,Long,11/9/2018 0:00:00,03:49 PM,Orlando Expwy Auth,Orange,SR-528,MILE MARKER 16,0, ,Unknown,2,0,0,1,N,Y,N,14000.000000000000000,Clear,Daylight,0,Unknown,W,Injury,Y,"Sideswipe, Same Direction",Motor Vehicle in Transport,On Roadway,Non-Junction,Y,Not at Intersection,State,Paved,Dry,None, , ,None, , ,N,N, , , , ,0,0,1,0,0,0,0,1,0,0,0,0,0.000000000000000,0.000000000000000,0,1,0,14000,"Mapped, On Network",-81.225279389500002,28.451330165300000,671196.104869000031613,496970.064676999987569,4/4/2019 8:42:21 PM,8074_8019
1060,1061,1,1060,17422,88037091,FHPD18OFF113948,FHP,Long,11/8/2018 0:00:00,06:39 PM,Orlando Expwy Auth,Orange,STATE ROAD 417 SOUTHBOUND,MILE MARKER 17,0, ,Rear End,4,0,0,4,N,Y,N,32500.000000000000000,Clear,Dark - Lighted,0,Rear End,S,Injury,Y,Front to Rear,Motor Vehicle in Transport,On Roadway,Non-Junction,N,Not at Intersection,State,Paved,Dry,None, , ,None, , ,N,N, , , , ,0,0,3,0,0,0,0,1,3,0,0,0,3.000000000000000,0.000000000000000,0,1,0,32500,"Mapped, Not On Network",-81.302340000000001,28.370540048799999,663861.825116000021808,487832.812211000011303,11/15/2018 4:40:37 PM,8480_11010
1061,1062,1,1061,17537,85315343,FHPD18OFF113976,FHP,Long,11/8/2018 0:00:00,07:00 PM,Unincorporated,Orange,STATE ROAD 408 MM 8,COUNTY ROAD 423 (JOHN YOUNG PKYW),300,East,Rear End,2,0,0,0,N,N,N,1000.000000000000000,Clear,Dark - Lighted,0,Rear End,W,Property Damage Only,N,Front to Rear,Motor Vehicle in Transport,On Roadway,Non-Junction,N,Not at Intersection,State,Paved,Dry,None, , ,None, , ,N,N, , , , ,0,0,1,0,0,0,0,0,0,0,0,0,0.000000000000000,0.000000000000000,0,0,0,1000,"Mapped, Not On Network",-81.414795630000000,28.543419789400001,652461.559215000015683,506792.380972000013571,11/18/2018 6:53:57 PM,8219_8213
1062,1063,1,1062,17545,87206050,FHPK18OFF083665,FHP,Short,11/16/2018 0:00:00,08:25 AM,Winter Garden,Orange,STATE ROAD 429,MM 21,0, ,Unknown,2,0,0,0,N,Y,N,3100.000000000000000,Clear,Daylight,0,Unknown,S,Property Damage Only,N,"Sideswipe, Same Direction",Motor Vehicle in Transport,On Roadway,Non-Junction,N,Not at Intersection,State,Paved,Dry,None, , ,None, , ,N,N, , , , ,0,0,1,0,0,0,0,0,0,0,0,0,0.000000000000000,0.000000000000000,0,1,0,3100,"Mapped, Not On Network",-81.590810000000005,28.515680049299998,635335.092520999955013,503364.217531999980565,11/18/2018 6:51:46 PM,8494_8462
1063,1064,1,1063,17567,87946335,2018-00439493,Orlando PD,Short,11/14/2018 0:00:00,05:50 PM,Orlando,Orange,SR 528,S GOLDENROD RD,300,West,Rear End,4,0,0,0,N,N,N,12500.000000000000000,Cloudy,Dusk,0,Rear End,E,Property Damage Only,Y,Front to Rear,Motor Vehicle in Transport,On Roadway,Non-Junction,N,Not at Intersection,State,Paved,Dry,None,None,None,None,None,None,N,N, , , , ,0,0,4,0,0,0,0,0,0,0,0,0,0.000000000000000,0.000000000000000,0,1,0,12500,"Mapped, Not On Network",-81.280339999600002,28.448680024600002,665821.953699999954551,496555.931600000010803,11/18/2018 6:52:28 PM,6665_8172
1064,1065,1,1064,17641,87286983,FHPK18OFF083331,FHP,Short,11/14/2018 0:00:00,06:51 PM,Winter Garden,Orange,SR-429 (WESTERN BELTWAY),SR-91 (FLORIDA TURNPIKE),10560,South,Rear End,2,0,0,0,N,N,N,2000.000000000000000,Cloudy,Dark - Lighted,0,Rear End,S,Property Damage Only,N,Front to Rear,Motor Vehicle in Transport,On Roadway,Non-Junction,N,Not at Intersection,State,Paved,Wet,Road Surface Condition, , ,None, , ,N,N, , , , ,0,0,1,0,0,0,0,0,0,0,0,0,0.000000000000000,0.000000000000000,0,1,0,2000,"Mapped, Not On Network",-81.559329999599996,28.561050024299998,638310.011999999987893,508462.302099999971688,11/18/2018 6:52:18 PM,8500_8421
1065,1066,1,1065,17664,87946062,2018-00440953,Orlando PD,Short,11/15/2018 0:00:00,05:18 PM,Orlando,Orange,SR 528 (BEELINE) EAST,SR 436 (S. SEMORAN RD),800,East,Rear End,2,0,0,0,N,N,N,5500.000000000000000,Clear,Dusk,0,Rear End,E,Property Damage Only,Y,Front to Rear,Motor Vehicle in Transport,On Roadway,Non-Junction,N,Not at Intersection,State,Paved,Dry,None, , ,None, , ,N,N, , , , ,0,0,0,0,0,0,0,0,0,0,0,0,0.000000000000000,0.000000000000000,0,0,0,5500,"Mapped, On Network",-81.301011492499995,28.451309480599999,663795.436828000005335,496803.488710000005085,2/7/2019 4:53:48 PM,8296_8190
1066,1067,1,1066,17786,88023582,FHPD18OFF116927,FHP,Long,11/16/2018 0:00:00,06:06 PM,Orlando,Orange,STATE ROAD 417 (GREENWAY EXPY),MM 14,5280,South,Rear End,3,0,0,2,N,Y,N,18000.000000000000000,Clear,Daylight,0,Rear End,S,Injury,N,Front to Rear,Motor Vehicle in Transport,On Roadway,Non-Junction,N,Not at Intersection,Interstate,Paved,Dry,None, , ,None, , ,N,N, , , , ,0,0,0,0,0,0,0,1,0,1,0,0,1.000000000000000,0.000000000000000,0,2,0,18000,"Mapped, On Network",-81.360949078100006,28.369550307699999,658132.427884000004269,487598.873361999983899,4/3/2019 4:07:13 PM,6700_8484
1067,1068,1,1067,17818,87945617,2018-00429505,Orlando PD,Long,11/7/2018 0:00:00,08:33 AM,Orlando,Orange,SR 408 WBO,S BUMBY AV ENTRANCE RAMP,2700,East,Rear End,3,0,0,1,N,N,N,11000.000000000000000,Clear,Daylight,0,Rear End,W,Injury,Y,Front to Rear,Motor Vehicle in Transport,On Roadway,Non-Junction,N,Not at Intersection,State,Paved,Dry,None, , ,None, , ,N,N, , , , ,0,0,0,0,0,0,0,1,0,0,0,0,0.000000000000000,0.000000000000000,0,1,0,11000,"Mapped, On Network",-81.346309128000001,28.538505104900000,659160.424860000028275,506388.772170000011101,4/4/2019 8:16:14 PM,8353_6185
1068,1069,1,1068,17820,87946025,2018-00433159,Orlando PD,Long,11/9/2018 0:00:00,04:30 PM,Orlando,Orange,SR 408 EBO,SR 408 EB EXIT RAMP TO I4 EBO,300,West,Unknown,2,0,0,1,N,N,N,500.000000000000000,Clear,Daylight,0,Unknown, ,Injury,Y,Front to Rear,Motor Vehicle in Transport,On Roadway,Non-Junction,N,Not at Intersection,State,Paved,Dry,None, , ,None, , ,N,Y,Work on Shoulder or Median,Activity Area, ,N,0,0,0,0,0,0,0,1,0,0,0,0,0.000000000000000,0.000000000000000,0,0,0,500,"Mapped, On Network",-81.390600915700006,28.535152128800000,654843.402634000056423,505924.179892999993172,4/5/2019 4:07:19 PM,8267_6679
1069,1070,1,1069,17880,87945631,2018-00429536,Orlando PD,Long,11/7/2018 0:00:00,09:01 AM,Orlando,Orange,SR 408 WBO,MILLS AVE EXIT,5280,East,Rear End,2,0,0,1,N,Y,N,2000.000000000000000,Clear,Daylight,0,Rear End,W,Injury,Y,Front to Rear,Motor Vehicle in Transport,On Roadway,Non-Junction,N,Not at Intersection,State,Paved,Dry,None, , ,None, , ,N,N, , , , ,0,0,0,0,0,0,0,1,0,0,0,0,0.000000000000000,0.000000000000000,0,1,0,2000,"Mapped, On Network",-81.346653962000005,28.538511503300001,659126.738155000028200,506388.757929000013974,4/4/2019 8:13:14 PM,8353_6185
1070,1071,1,1070,17881,87945961,2018-00433108,Orlando PD,Long,11/9/2018 0:00:00,04:00 PM,Orlando,Orange,SR 408 EBO,SR 408 EXIT RAMP TO I4 EBO,300,West,Rear End,2,0,0,1,N,Y,N,2500.000000000000000,Cloudy,Daylight,0,Rear End,E,Injury,Y,Front to Rear,Motor Vehicle in Transport,On Roadway,Non-Junction,N,Not at Intersection,State,Paved,Dry,None, , ,None, , ,N,Y,Work on Shoulder or Median,Activity Area, ,N,0,0,0,0,0,0,0,1,0,0,0,0,0.000000000000000,0.000000000000000,0,0,0,2500,"Mapped, On Network",-81.391018987600006,28.535161216700001,654802.556955000036396,505924.325009000021964,4/4/2019 8:37:25 PM,8267_6679
1071,1072,1,1071,17888,88006179,FHPD18OFF115953,FHP,Long,11/14/2018 0:00:00,09:28 AM,Orlando Expwy Auth,Orange,STATE RD 429,PLANT ST,5280,North,Unknown,4,0,0,0,N,N,N,10700.000000000000000,Clear,Daylight,0,Unknown,S,Property Damage Only,N,Front to Rear,Motor Vehicle in Transport,On Roadway,Non-Junction,N,Not at Intersection,State,Paved,Dry,None, , ,None, , ,N,N, , , , ,0,0,1,0,0,0,0,0,0,0,0,0,0.000000000000000,0.000000000000000,0,2,0,10700,"Mapped, Not On Network",-81.556740000000005,28.571270049500001,638540.383263000054285,509602.078615000005811,11/20/2018 3:47:54 PM,8421_8425
1072,1073,1,1072,17897,87286986,FHPK18OFF084125,FHP,Short,11/17/2018 0:00:00,10:11 PM,Winter Garden,Orange,SR-429 (WESTERN BELTWAY),NEW INDEPENDENCE PKWY,15840,North,Unknown,3,0,0,0,N,N,N,3500.000000000000000,Clear,Dark - Lighted,0,Unknown,S,Property Damage Only,N,Other,Motor Vehicle in Transport,On Roadway,Non-Junction,N,Not at Intersection,State,Paved,Dry,None, , ,None, , ,N,Y,Lane Closure,Transition Area,Y,Y,0,0,1,0,0,0,0,0,0,0,0,0,0.000000000000000,0.000000000000000,0,1,0,3500,"Mapped, Not On Network",-81.631379999800004,28.479240024300001,631450.343100000056438,499241.301500000001397,11/19/2018 2:48:04 PM,8037_6764
1073,1074,1,1073,17913,88037094,FHPD18OFF116080,FHP,Long,11/14/2018 0:00:00,03:46 AM,Orlando Expwy Auth,Orange,SR-528,SR 417 NORTHBOUND ON RAMP,0, ,Off Road,1,0,0,0,N,Y,N,10000.000000000000000,Clear,Daylight,0,Off Road,E,Property Damage Only,N,Other,Concrete Traffic Barrier,On Roadway,Entrance/Exit Ramp,N,Not at Intersection,State,Paved,Dry,None, , ,None, , ,N,N, , , , ,0,0,0,0,0,0,0,0,0,0,0,0,0.000000000000000,0.000000000000000,0,1,0,10000,"Mapped, Not On Network",-81.240340000000003,28.451250049100000,669724.553928000037558,496928.137696999998298,11/20/2018 3:47:48 PM,6666_8074
1074,1075,1,1074,17922,87279625,FHPD18OFF113855,FHP,Long,11/8/2018 0:00:00,04:01 PM,Orlando Expwy Auth,Orange,STATE ROAD 417 NORTHBOUND,MILE MARKER 36,0, ,Unknown,3,0,0,0,N,N,N,5500.000000000000000,Clear,Daylight,0,Unknown, ,Property Damage Only,N,Front to Rear,Motor Vehicle in Transport,On Roadway,Non-Junction,N,Not at Intersection,State,Paved,Dry,None, , ,None, , ,N,N, , , , ,0,0,0,0,0,0,0,0,0,0,0,0,0.000000000000000,0.000000000000000,0,0,0,5500,"Mapped, Not On Network",-81.250100000000003,28.594760049600001,668415.407877000048757,512840.506762999983039,11/20/2018 3:48:03 PM,8120_8585
1075,1076,1,1075,17937,87167581,FHPK18OFF083237,FHP,Long,11/14/2018 0:00:00,01:30 PM,Ocoee,Orange,SR-429-TOLL S,MM-22,400,South,Off Road,1,0,0,1,N,N,N,2000.000000000000000,Cloudy,Daylight,0,Off Road,S,Injury,N,Other,Guardrail Face,Shoulder,Non-Junction,N,Not at Intersection,State,Paved,Dry,None, , ,None, , ,N,N, , , , ,0,0,0,0,0,0,0,0,1,0,0,0,1.000000000000000,0.000000000000000,0,0,0,2000,"Mapped, On Network",-81.557227066899998,28.541733109100001,638557.811294000013731,506321.533983999979682,4/4/2019 8:34:07 PM,8529_8524
1076,1077,1,1076,17956,88013626,FHPD18OFF114663,FHP,Long,11/10/2018 0:00:00,01:51 PM,Orlando Expwy Auth,Orange,SR-528-TOLL E,NARCOOSSEE RD,20,West,Unknown,2,0,0,0,N,N,N,300.000000000000000,Clear,Daylight,0,Unknown,E,Property Damage Only,Y,Front to Rear,Motor Vehicle in Transport,On Roadway,Non-Junction,N,Not at Intersection,Turnpike/Toll,Paved,Dry,None, , ,None, , ,N,N, , , , ,0,0,0,0,0,0,0,0,0,0,0,0,0.000000000000000,0.000000000000000,0,0,0,300,"Mapped, On Network",-81.270361382199994,28.448450025400000,666797.678869000053965,496551.944753999996465,11/20/2018 3:47:52 PM,6156_8052
1077,1078,1,1077,17957,87286985,FHPK18OFF083865,FHP,Long,11/16/2018 0:00:00,07:35 PM,Winter Garden,Orange,SR-429 (WESTERN BELTWAY),NEW INDEPENDENCE  PKWY,15840,North,Sideswipe,2,0,0,0,N,N,N,1500.000000000000000,Clear,Dark - Lighted,0,Same Direction Sideswipe,S,Property Damage Only,N,"Sideswipe, Same Direction",Motor Vehicle in Transport,On Roadway,Non-Junction,N,Not at Intersection,State,Paved,Dry,None, , ,None, , ,N,Y,Lane Closure,Transition Area,Y,Y,0,0,1,0,0,0,0,0,0,0,0,0,0.000000000000000,0.000000000000000,0,1,0,1500,"Mapped, Not On Network",-81.631379999800004,28.479240024300001,631450.343100000056438,499241.301500000001397,11/19/2018 2:48:04 PM,8037_6764
1078,1079,1,1078,17973,88013633,FHPD18OFF116861,FHP,Short,11/16/2018 0:00:00,04:36 PM,Orlando Expwy Auth,Orange,SR417,11MM,0, ,Sideswipe,2,0,0,0,N,N,N,4000.000000000000000,Clear,Daylight,0,Same Direction Sideswipe,S,Property Damage Only,Y,"Sideswipe, Same Direction",Motor Vehicle in Transport,On Roadway,Non-Junction,N,Not at Intersection,Turnpike/Toll,Paved,Dry,None, , ,None, , ,N,N, , , , ,0,0,0,0,0,0,0,0,0,0,0,0,0.000000000000000,0.000000000000000,0,1,0,4000,"Mapped, Not On Network",-81.399889999999999,28.370710048799999,654321.368327999953181,487646.728668000025209,11/20/2018 3:47:52 PM,8017_6167
1079,1080,1,1079,17974,88005677,FHPD18OFF116832,FHP,Long,11/16/2018 0:00:00,03:34 PM,Orlando Expwy Auth,Orange,SB SR-417,SR-15,5280,North,Rear End,3,0,0,0,N,N,N,15500.000000000000000,Clear,Daylight,0,Rear End,S,Property Damage Only,Y,Front to Rear,Motor Vehicle in Transport,On Roadway,Non-Junction,N,Not at Intersection,Turnpike/Toll,Paved,Dry,None, , ,None, , ,N,N, , , , ,0,0,0,0,0,0,0,0,0,0,0,0,0.000000000000000,0.000000000000000,0,1,0,15500,"Mapped, Not On Network",-81.227699680000001,28.415504998999999,671049.027992999996059,492987.130292000016198,11/20/2018 3:47:54 PM,8514_6174
1080,1081,1,1080,18000,87279616,FHPD18OFF107424,FHP,Long,10/22/2018 0:00:00,06:38 AM,Orlando Expwy Auth,Orange,SR 408,MILE MARKER 7,0, ,Rear End,2,0,0,0,N,Y,N,10000.000000000000000,Clear,Daylight,0,Rear End,E,Property Damage Only,Y,Front to Rear,Motor Vehicle in Transport,On Roadway,Non-Junction,N,Not at Intersection,State,Paved,Dry,Work Zone, , ,None, , ,N,Y,Lane Closure,Transition Area,N,N,0,0,0,0,0,0,0,0,0,0,0,0,0.000000000000000,0.000000000000000,0,1,0,10000,"Mapped, On Network",-81.443073227300005,28.548241602099999,649689.368328999960795,507270.180052999989130,4/15/2019 3:43:01 PM,8205_6294
1081,1082,1,1081,18029,87737588,2018-00436744,Orlando PD,Long,11/12/2018 0:00:00,05:30 PM,Orlando,Orange,SR 528 (BEACHLINE EXPRESSWAY),SR 551 (S GOLDENROD),5280,West,Unknown,3,0,0,0,N,N,N,6400.000000000000000,Clear,Dusk,0,Unknown,E,Property Damage Only,Y,Front to Rear,Motor Vehicle in Transport,On Roadway,Non-Junction,N,Not at Intersection,State,Paved,Dry,None, , ,None, , ,N,N, , , , ,0,0,0,0,0,0,0,0,0,0,0,0,0.000000000000000,0.000000000000000,0,0,0,6400,"Mapped, Not On Network",-81.280339999600002,28.448680024600002,665821.953699999954551,496555.931600000010803,11/20/2018 3:47:35 PM,6665_8172
1082,1083,1,1082,18039,88008548,FHPD18OFF115898,FHP,Long,11/14/2018 0:00:00,07:28 AM,Orlando Expwy Auth,Orange,SR-429 (MM27),WEST ROAD,5280,North,Unknown,2,0,0,0,N,N,N,800.000000000000000,Clear,Daylight,0,Unknown,S,Property Damage Only,N,Front to Rear,Motor Vehicle in Transport,On Roadway,Non-Junction,N,Not at Intersection,Turnpike/Toll,Paved,Dry,None, , ,None, , ,N,N, , , , ,0,0,0,0,0,0,0,0,0,0,0,0,0.000000000000000,0.000000000000000,0,0,0,800,"Mapped, Not On Network",-81.536877770000004,28.611476929700000,640390.132611999986693,514104.956347999977879,11/20/2018 3:47:53 PM,8460_6069
1083,1084,1,1083,18042,88008546,FHPD18OFF115564,FHP,Short,11/13/2018 0:00:00,08:33 AM,Orlando Expwy Auth,Orange,SR-408 (MM16),GOLDENROD ROAD,80,East,Unknown,2,0,0,0,N,N,N,2800.000000000000000,Clear,Daylight,0,Unknown, ,Property Damage Only,N,Angle,Motor Vehicle in Transport,On Roadway,Non-Junction,N,Not at Intersection,Turnpike/Toll,Paved,Dry,None, , ,None, , ,N,N, , , , ,0,0,0,0,0,0,0,0,0,0,0,0,0.000000000000000,0.000000000000000,0,1,0,2800,"Mapped, Not On Network",-81.289699999600003,28.539670024799999,664685.168999999994412,506638.351900000008754,11/20/2018 3:47:53 PM,6881_8431
1084,1085,1,1084,18043,88013635,FHPD18OFF117309,FHP,Long,11/17/2018 0:00:00,06:35 PM,Orlando Expwy Auth,Orange,SR417,14MM,0, ,Rear End,3,0,0,6,N,N,N,20000.000000000000000,Clear,Dark - Lighted,0,Rear End,S,Injury,Y,Front to Rear,Motor Vehicle in Transport,On Roadway,Non-Junction,N,Not at Intersection,Turnpike/Toll,Paved,Dry,None, , ,None, , ,N,N, , , , ,0,0,6,0,0,0,0,3,3,0,0,0,3.000000000000000,0.000000000000000,0,1,0,20000,"Mapped, Not On Network",-81.351280000000003,28.368930048799999,659079.519825999974273,487550.282522999972571,11/20/2018 3:47:52 PM,8466_7095
1085,1086,1,1085,18071,88027141,FHPD18OFF116567,FHP,Long,11/15/2018 0:00:00,08:00 PM,Orlando,Orange,STATE ROAD 417,STATE ROAD 528,0,South,Rear End,3,0,2,0,N,N,N,12000.000000000000000,Cloudy,Dark - Lighted,0,Rear End,S,Fatality,N,Front to Rear,Motor Vehicle in Transport,On Roadway,Non-Junction,N,Not at Intersection,State,Paved,Dry,None, , ,None, , ,N,N, , , , ,0,1,3,0,0,0,0,0,0,0,2,0,0.000000000000000,0.000000000000000,2,0,0,12000,"Mapped, On Network",-81.232557034199999,28.460685320200000,670461.606463999953121,497992.769030999974348,11/27/2018 3:24:54 PM,8546_7092