FID,OBJECTID_1,Join_Count,TARGET_FID,OBJECTID,HSMV_Repor,Agency_Rep,Reporting_,Form_Type,Crash_Date,Crash_Time,City,County,Crash_Stre,Intersecti,Offset_Dis,Offset_Dir,Crash_Type,Vehicles,Non_Motori,Fatalities,Injuries,Alcohol_Re,Distractio,Drug_Relat,Estimated_,Weather_Co,Light_Cond,Street_Num,Crash_Ty_1,Crash_Ty_2,Crash_Seve,Within_Cit,Manner_of_,First_Harm,First_HE_L,First_HE_R,First_HE_W,Type_of_In,Road_Sys_I,Type_of_Sh,Road_Surf_,Contrib_Ci,Contrib__1,Contrib__2,Contrib__3,Contrib__4,Contrib__5,School_Bus,Work_Zone_,Type_of_Wo,Loc_in_Wor,Workers_in,Law_Enforc,Mopeds,Motorcycle,Passengers,Bicyclists,Pedestrian,Fataliti_1,Injuries_U,Possible_I,Non_Incapa,Incapacita,Fataliti_2,Non_Traffi,Transporte,Transpor_1,Transpor_2,Citations,Property_D,Vehicle_Dm,S4_Mapping,S4_Decimal,S4_Decim_1,S4_Albers_,S4_Albers1,S4_Mappi_1,zone_id_st
1086,1087,1,1086,18073,88008545,FHPD18OFF115203,FHP,Long,11/12/2018 0:00:00,09:05 AM,Orlando Expwy Auth,Orange,SR-528 (MM14.5),NARCOOSSEE ROAD,10560,East,Rear End,2,0,0,0,N,N,N,4800.000000000000000,Clear,Daylight,0,Rear End,W,Property Damage Only,N,Front to Rear,Motor Vehicle in Transport,On Roadway,Non-Junction,N,Not at Intersection,Turnpike/Toll,Paved,Dry,None, , ,None, , ,N,N, , , , ,0,0,0,0,0,0,0,0,0,0,0,0,0.000000000000000,0.000000000000000,0,1,0,4800,"Mapped, Not On Network",-81.270300000500001,28.448450024900001,666803.677400000044145,496552.077500000013970,11/20/2018 3:47:53 PM,6156_8052
1087,1088,1,1087,18074,88008539,FHPD18OFF112749,FHP,Long,11/5/2018 0:00:00,12:16 PM,Orlando Expwy Auth,Orange,SR-417 (MM16),RHODE ISLAND WOOD CIRCLE,10560,North,Unknown,2,0,0,0,N,N,N,500.000000000000000,Cloudy,Daylight,0,Unknown,S,Property Damage Only,N,Other,Other Non-Fixed Object,On Roadway,Non-Junction,N,Not at Intersection,Turnpike/Toll,Paved,Dry,None, , ,None, , ,N,N, , , , ,0,0,0,0,0,0,0,0,0,0,0,0,0.000000000000000,0.000000000000000,0,0,0,500,"Mapped, Not On Network",-81.347723282199993,28.368662015100000,659428.000000000000000,487528.000000000000000,11/20/2018 3:47:53 PM,7095_6630
1088,1089,1,1088,18079,88006181,FHPD18OFF116726,FHP,Long,11/16/2018 0:00:00,11:17 AM,Orlando Expwy Auth,Orange,STATE RD 417,STATE RD 408,25,South,Other,1,0,0,1,N,N,N,6000.000000000000000,Clear,Daylight,0,Single Vehicle,S,Injury,N,Other,Other Non-Collision,On Roadway,Non-Junction,N,Not at Intersection,State,Paved,Dry,None, , ,None, , ,N,Y,Work on Shoulder or Median,Activity Area,Y,N,0,0,0,0,0,0,0,0,0,1,0,0,1.000000000000000,0.000000000000000,0,1,0,6000,"Mapped, On Network",-81.257239569500001,28.546465871799999,667837.917179999989457,507462.974719999998342,4/4/2019 8:27:18 PM,8568_11875
1089,1090,1,1089,18080,88006180,FHPD18OFF116410,FHP,Long,11/15/2018 0:00:00,12:58 PM,Orlando Expwy Auth,Orange,STATE RD 528,STATE RD 417,10560,East,Sideswipe,2,0,0,0,N,N,N,5750.000000000000000,Cloudy,Daylight,0,Same Direction Sideswipe,E,Property Damage Only,N,"Sideswipe, Same Direction",Motor Vehicle in Transport,On Roadway,Non-Junction,N,Not at Intersection,State,Paved,Dry,None, , ,None, , ,N,N, , , , ,0,0,0,0,0,0,0,0,0,0,0,0,0.000000000000000,0.000000000000000,0,0,0,5750,"Mapped, Not On Network",-81.240149999699995,28.451250024800000,669743.121200000052340,496928.550600000016857,11/20/2018 3:47:54 PM,6666_8074
1090,1091,1,1090,18081,88006176,FHPD18OFF115169,FHP,Long,11/12/2018 0:00:00,06:55 AM,Orlando Expwy Auth,Orange,STATE RD 528,STATE RD 520,10560,West,Other,1,0,0,0,N,N,N,5000.000000000000000,Clear,Daylight,0,Single Vehicle,W,Property Damage Only,N,Other,Other Non-Collision,On Roadway,Non-Junction,N,Not at Intersection,State,Paved,Dry,None, , ,None, , ,N,N, , , , ,0,0,0,0,0,0,0,0,0,0,0,0,0.000000000000000,0.000000000000000,0,1,0,5000,"Mapped, Not On Network",-80.984569999800001,28.452640024600001,694714.540200000046752,497667.820999999996275,11/20/2018 3:47:54 PM,8091_5943
1091,1092,1,1091,18092,88005676,FHPD18OFF115330,FHP,Long,11/12/2018 0:00:00,02:45 PM,Orlando Expwy Auth,Orange,NB SR-417,SR-50,5280,South,Off Road,1,0,0,0,N,N,N,6000.000000000000000,Rain,Daylight,0,Off Road,N,Property Damage Only,Y,Other,Concrete Traffic Barrier,Shoulder,Entrance/Exit Ramp,N,Not at Intersection,Turnpike/Toll,Paved,Wet,None, , ,None, , ,N,N, , , , ,0,0,0,0,0,0,0,0,0,0,0,0,0.000000000000000,0.000000000000000,0,1,0,6000,"Mapped, Not On Network",-81.412760000199995,28.375160024800000,653052.347999999998137,488114.342699999979232,11/20/2018 3:47:54 PM,8107_8280
1092,1093,1,1092,18093,88005673,FHPD18OFF114957,FHP,Long,11/11/2018 0:00:00,12:00 PM,Orlando Expwy Auth,Orange,SB SR-417,MOSS PARK ROAD,0,North,Rear End,3,0,0,5,N,N,N,22000.000000000000000,Cloudy,Daylight,0,Rear End,S,Injury,Y,Front to Rear,Motor Vehicle in Transport,On Roadway,Non-Junction,N,Not at Intersection,Turnpike/Toll,Paved,Dry,None, , ,None, , ,N,N, , , , ,0,0,3,0,0,0,0,0,5,0,0,0,5.000000000000000,0.000000000000000,0,1,0,22000,"Mapped, Not On Network",-81.227620000100003,28.414640024899999,671058.976499999989755,492891.268600000010338,11/20/2018 3:47:54 PM,8533_8540
1093,1094,1,1093,18097,87943440,2018-00444455,Orlando PD,Long,11/17/2018 0:00:00,11:51 PM,Orlando,Orange,EW EBO,S ORANGE BLOSSOM TL,500,East,Rear End,2,0,0,0,N,N,N,4000.000000000000000,Clear,Dark - Lighted,0,Rear End,E,Property Damage Only,Y,Front to Rear,Motor Vehicle in Transport,On Roadway,Non-Junction,N,Not at Intersection,Turnpike/Toll,Curb,Dry,None, , ,None, , ,N,N, , , , ,0,0,1,0,0,0,0,0,0,0,0,0,0.000000000000000,0.000000000000000,0,0,0,4000,"Mapped, On Network",-81.398827396200005,28.535104331700001,654040.205956000019796,505901.898755999980494,12/20/2018 7:35:43 PM,8242_8248
1094,1095,1,1094,18105,88013636,FHPD18OFF117605,FHP,Long,11/18/2018 0:00:00,04:52 PM,Orlando Expwy Auth,Orange,SR408,20MM,0, ,Off Road,1,0,0,1,N,N,N,6000.000000000000000,Rain,Daylight,0,Off Road,E,Injury,Y,Other,Guardrail Face,Off Roadway,Non-Junction,N,Not at Intersection,Turnpike/Toll,Paved,Wet,None, , ,None, , ,N,N, , , , ,0,0,0,0,0,0,0,0,1,0,0,0,1.000000000000000,0.000000000000000,0,1,0,6000,"Mapped, Not On Network",-81.218850000000003,28.547620049399999,671583.239821000024676,507675.085490000026766,11/22/2018 3:39:23 PM,8077_8070
1095,1096,1,1095,18116,87279624,FHPD18OFF113859,FHP,Short,11/8/2018 0:00:00,04:06 PM,Orlando Expwy Auth,Orange,STATE ROAD 417 NORTHBOUND,MILE MARKER 35,0, ,Rear End,2,0,0,0,N,Y,N,9000.000000000000000,Clear,Daylight,0,Rear End,N,Property Damage Only,N,Front to Rear,Motor Vehicle in Transport,On Roadway,Non-Junction,N,Not at Intersection,Turnpike/Toll,Paved,Dry,None, , ,None, , ,N,N, , , , ,0,0,0,0,0,0,0,0,0,0,0,0,0.000000000000000,0.000000000000000,0,1,0,9000,"Mapped, Not On Network",-81.259289999999993,28.582620049599999,667548.489790000021458,511472.656758000026457,11/20/2018 3:48:03 PM,6046_6317
1096,1097,1,1096,18139,87289792,FHPD18OFF115601,FHP,Long,11/13/2018 0:00:00,10:04 AM,Orlando Expwy Auth,Orange,STATE ROAD 408 WB OFF RAMP MM8,JOHN YOUNG PKWY,0,East,Sideswipe,2,0,0,0,N,N,N,700.000000000000000,Clear,Daylight,0,Same Direction Sideswipe,W,Property Damage Only,Y,Front to Rear,Motor Vehicle in Transport,On Roadway,Non-Junction,N,Not at Intersection,State,Paved,Dry,None, , ,None, , ,N,N, , , , ,0,0,0,0,0,0,0,0,0,0,0,0,0.000000000000000,0.000000000000000,0,1,0,700,"Mapped, Not On Network",-81.410813709999999,28.540583549400001,652856.974839000031352,506485.627832000027411,11/20/2018 3:47:56 PM,8217_8215
1097,1098,1,1097,18151,88037090,FHPD18OFF113901,FHP,Short,11/8/2018 0:00:00,05:27 PM,Orlando Expwy Auth,Orange,STATE ROAD 417 NORTHBOUND,MILE MARKER 36,0, ,Rear End,2,0,0,0,N,Y,N,6000.000000000000000,Clear,Dusk,0,Rear End,N,Property Damage Only,N,Front to Rear,Motor Vehicle in Transport,On Roadway,Non-Junction,N,Not at Intersection,State,Paved,Dry,None, , ,None, , ,N,N, , , , ,0,0,1,0,0,0,0,0,0,0,0,0,0.000000000000000,0.000000000000000,0,1,0,6000,"Mapped, Not On Network",-81.250100000000003,28.594760049600001,668415.407877000048757,512840.506762999983039,11/20/2018 3:47:48 PM,8120_8585
1098,1099,1,1098,18152,88037096,FHPD18OFF116157,FHP,Long,11/14/2018 0:00:00,06:14 PM,Orlando Expwy Auth,Orange,STATE ROAD 408 WESTBOUND,MILE MARKER 4,0, ,Rear End,3,0,0,0,N,Y,N,3500.000000000000000,Cloudy,Dark - Lighted,0,Rear End,W,Property Damage Only,Y,Front to Rear,Motor Vehicle in Transport,On Roadway,Non-Junction,N,Not at Intersection,State,Paved,Wet,None, , ,None, , ,N,N, , , , ,0,0,0,0,0,0,0,0,0,0,0,0,0.000000000000000,0.000000000000000,0,1,0,3500,"Mapped, Not On Network",-81.475780000000000,28.548210049400002,646496.002734999987297,507200.874909000005573,11/20/2018 3:47:48 PM,8144_8146
1099,1100,1,1099,18153,88013634,FHPD18OFF116919,FHP,Long,11/16/2018 0:00:00,06:47 PM,Orlando Expwy Auth,Orange,SR417,25MM,0, ,Rear End,3,0,0,2,N,N,N,18000.000000000000000,Clear,Dark - Lighted,0,Rear End,S,Injury,Y,Front to Rear,Motor Vehicle in Transport,On Roadway,Non-Junction,N,Not at Intersection,Turnpike/Toll,Paved,Dry,None, , ,None, , ,N,N, , , , ,0,0,0,0,0,0,0,0,2,0,0,0,2.000000000000000,0.000000000000000,0,2,0,18000,"Mapped, Not On Network",-81.230239999999995,28.448100049099999,670719.402138000004925,496600.530108999984805,11/20/2018 3:47:52 PM,7993_7091
1100,1101,1,1100,18154,88013632,FHPD18OFF116853,FHP,Short,11/16/2018 0:00:00,04:20 PM,Orlando Expwy Auth,Orange,SR417,23MM,0, ,Unknown,2,0,0,0,N,N,N,2300.000000000000000,Clear,Daylight,0,Unknown,S,Property Damage Only,Y,Front to Rear,Motor Vehicle in Transport,On Roadway,Non-Junction,N,Not at Intersection,Turnpike/Toll,Paved,Dry,None, , ,None, , ,N,N, , , , ,0,0,0,0,0,0,0,0,0,0,0,0,0.000000000000000,0.000000000000000,0,1,0,2300,"Mapped, Not On Network",-81.227099999999993,28.418850049000000,671099.296316000050865,493359.844588999985717,11/20/2018 3:47:52 PM,8533_8540
1101,1102,1,1101,18155,88013630,FHPD18OFF115434,FHP,Long,11/12/2018 0:00:00,06:45 PM,Orlando Expwy Auth,Orange,SR408,16MM,0, ,Unknown,2,0,0,0,N,N,N,6000.000000000000000,Clear,Dark - Lighted,0,Unknown,W,Property Damage Only,Y,"Sideswipe, Same Direction",Motor Vehicle in Transport,On Roadway,Non-Junction,N,Not at Intersection,Turnpike/Toll,Paved,Dry,None, , ,None, , ,N,N, , , , ,0,0,0,0,0,0,0,0,0,0,0,0,0.000000000000000,0.000000000000000,0,1,0,6000,"Mapped, Not On Network",-81.282759999999996,28.541820049399998,665357.551868999958970,506891.982009000028484,11/20/2018 3:47:52 PM,8408_8412
1102,1103,1,1102,18156,88013623,FHPD18OFF113245,FHP,Short,11/6/2018 0:00:00,07:52 PM,Orlando Expwy Auth,Orange,SR417,13.5MM,0, ,Unknown,2,0,0,0,N,N,N,2000.000000000000000,Clear,Dark - Lighted,0,Unknown,N,Property Damage Only,Y,Front to Rear,Motor Vehicle in Transport,On Roadway,Non-Junction,N,Not at Intersection,Turnpike/Toll,Paved,Dry,None, , ,None, , ,N,N, , , , ,0,0,0,0,0,0,0,0,0,0,0,0,0.000000000000000,0.000000000000000,0,3,0,2000,"Mapped, Not On Network",-81.367649999999998,28.368510048800001,657479.558933999971487,487469.362742999976035,11/20/2018 3:47:52 PM,7997_8466
1103,1104,1,1103,18164,85564174,FHPD18OFF118570,FHP,Long,11/21/2018 0:00:00,09:55 AM,Orlando,Orange,SR-408 (ENT RAMP),ALAFAYA TRAIL,1000,West,Sideswipe,2,0,0,0,N,N,N,2000.000000000000000,Clear,Daylight,0,Same Direction Sideswipe,W,Property Damage Only,N,"Sideswipe, Same Direction",Motor Vehicle in Transport,On Roadway,Entrance/Exit Ramp,N,Not at Intersection,State,Unpaved,Dry,None, , ,None, , ,N,Y,Work on Shoulder or Median,Activity Area,N,N,0,0,0,0,0,0,0,0,0,0,0,0,0.000000000000000,0.000000000000000,0,0,0,2000,"Mapped, Not On Network",-81.203944043899995,28.549835705900001,673033.000000000000000,507954.000000000000000,11/22/2018 3:39:35 PM,8041_6970
1104,1105,1,1104,18169,88039638,FHPD18OFF116658,FHP,Long,11/16/2018 0:00:00,07:46 AM,Orlando,Orange,SR-417 (CENTRAL FLORIDA GREENEWAY),CR-423 (JOHN YOUNG PARKWAY),5280,North,Sideswipe,2,0,0,0,N,Y,N,8000.000000000000000,Clear,Daylight,0,Same Direction Sideswipe,N,Property Damage Only,N,Angle,Motor Vehicle in Transport,On Roadway,Non-Junction,N,Not at Intersection,State,Paved,Dry,None, , ,None, , ,N,N, , , , ,0,0,1,0,0,0,0,0,0,0,0,0,0.000000000000000,0.000000000000000,0,1,0,8000,"Mapped, On Network",-81.430816466099998,28.368475473800000,651302.006181000033394,487335.214925999986008,12/7/2018 11:40:55 PM,6959_8287
1105,1106,1,1105,18172,88037098,FHPD18OFF116821,FHP,Long,11/16/2018 0:00:00,03:21 PM,Orlando,Orange,STATE ROAD 417 NORTHBOUND,MILE MARKER 7,0, ,Rear End,3,0,0,0,Y,Y,Y,14000.000000000000000,Clear,Daylight,0,Rear End,N,Property Damage Only,N,Front to Rear,Motor Vehicle in Transport,On Roadway,Non-Junction,N,Not at Intersection,State,Paved,Dry,None, , ,None, , ,N,N, , , , ,0,0,5,0,0,0,0,0,0,0,0,0,0.000000000000000,0.000000000000000,0,3,0,14000,"Mapped, Not On Network",-81.458119999999994,28.355720048799999,648660.917617999948561,485863.593074999982491,11/20/2018 3:47:48 PM,7010_6916
1106,1107,1,1106,18173,88037097,FHPD18OFF116506,FHP,Short,11/15/2018 0:00:00,05:57 PM,Orlando Expwy Auth,Orange,SR 408 EASTBOUND,MILE MARKER 18,0, ,Rear End,2,0,0,0,N,Y,N,1600.000000000000000,Clear,Dusk,0,Rear End,E,Property Damage Only,Y,Front to Rear,Motor Vehicle in Transport,On Roadway,Non-Junction,N,Not at Intersection,State,Paved,Dry,None, , ,None, , ,N,N, , , , ,0,0,0,0,0,0,0,0,0,0,0,0,0.000000000000000,0.000000000000000,0,1,0,1600,"Mapped, Not On Network",-81.252830000000003,28.547320049400000,668266.339167000027373,507567.397804000007454,11/20/2018 3:47:48 PM,8027_6269
1107,1108,1,1107,18174,88037095,FHPD18OFF116057,FHP,Short,11/14/2018 0:00:00,02:50 PM,Orlando Expwy Auth,Orange,STATE ROAD 408 EASTBOUND,MILE MARKER 15,0, ,Sideswipe,2,0,0,0,N,N,N,2000.000000000000000,Clear,Daylight,0,Same Direction Sideswipe,E,Property Damage Only,N,"Sideswipe, Same Direction",Motor Vehicle in Transport,On Roadway,Non-Junction,N,Not at Intersection,State,Paved,Dry,None, , ,None, , ,N,N, , , , ,0,0,0,0,0,0,0,0,0,0,0,0,0.000000000000000,0.000000000000000,0,0,0,2000,"Mapped, Not On Network",-81.299999999999997,28.539490049400001,663679.879975000047125,506596.303194999985863,11/20/2018 3:47:48 PM,6235_6881
1108,1109,1,1108,18192,88008549,FHPD18OFF116327,FHP,Long,11/15/2018 0:00:00,08:30 AM,Orlando Expwy Auth,Orange,SR-417 (MM33),SR-408,20,South,Rear End,3,0,0,1,N,N,N,5700.000000000000000,Cloudy,Daylight,0,Rear End,N,Injury,N,Front to Rear,Motor Vehicle in Transport,On Roadway,Non-Junction,N,Not at Intersection,Turnpike/Toll,Paved,Wet,None, , ,None, , ,N,N, , , , ,0,0,0,0,0,0,0,1,0,0,0,0,0.000000000000000,0.000000000000000,0,1,0,5700,"Mapped, Not On Network",-81.258260000199996,28.547800025099999,667734.991799999959767,507608.887600000016391,11/20/2018 3:47:53 PM,11876_8570
1109,1110,1,1109,18193,88008547,FHPD18OFF115599,FHP,Long,11/13/2018 0:00:00,09:57 AM,Orlando Expwy Auth,Orange,SR-417 (MM12),TURNPIKE,5280,South,Rear End,2,0,0,0,N,N,N,4200.000000000000000,Clear,Daylight,0,Rear End,N,Property Damage Only,N,Front to Rear,Motor Vehicle in Transport,On Roadway,Non-Junction,N,Not at Intersection,Turnpike/Toll,Paved,Dry,None, , ,None, , ,N,N, , , , ,0,0,1,0,0,0,0,0,0,0,0,0,0.000000000000000,0.000000000000000,0,1,0,4200,"Mapped, Not On Network",-81.398948360000006,28.370359548800000,654414.279134999960661,487609.754298000014387,11/20/2018 3:47:53 PM,8017_6167
1110,1111,1,1110,18194,87289793,FHPD18OFF117492,FHP,Short,11/18/2018 0:00:00,10:46 AM,Orlando Expwy Auth,Orange,STATE ROAD 528 WB MM27,DALLAS BLVD,15840,East,Rear End,3,0,0,0,N,N,N,5000.000000000000000,Cloudy,Daylight,0,Rear End,W,Property Damage Only,Y,Front to Rear,Motor Vehicle in Transport,On Roadway,Non-Junction,N,Not at Intersection,State,Paved,Dry,None, , ,None, , ,N,N, , , , ,0,0,5,0,0,0,0,0,0,0,0,0,0.000000000000000,0.000000000000000,0,1,0,5000,"Mapped, Not On Network",-81.055987590000001,28.452140939100001,687737.172163999988697,497443.746992999978829,11/20/2018 3:47:56 PM,6937_6322
1111,1112,1,1111,18209,87169020,FHPK18OFF085535,FHP,Long,11/23/2018 0:00:00,08:31 AM,Unincorporated,Orange,STATE ROAD 429 (WESTERN BELTWAY),SCHOFFIELD ROAD (MM 13),5280,South,Off Road,1,0,0,1,N,N,N,4500.000000000000000,Clear,Daylight,0,Off Road,S,Injury,N,Other,Guardrail Face,Shoulder,Non-Junction,N,Not at Intersection,Turnpike/Toll,Paved,Dry,None, , ,None, , ,N,N, , , , ,0,0,0,0,0,0,0,1,0,0,0,0,1.000000000000000,0.000000000000000,0,3,0,4500,"Mapped, On Network",-81.641006881400003,28.441315617499999,630590.330160000012256,495012.291527999972459,4/2/2019 3:01:46 PM,9708_6253
1112,1113,1,1112,18240,88013631,FHPD18OFF115735,FHP,Long,11/13/2018 0:00:00,04:36 PM,Orlando Expwy Auth,Orange,SR417,33MM,0, ,Other,3,0,0,0,N,N,N,4000.000000000000000,Clear,Daylight,0,Other,N,Property Damage Only,Y,Other,Thrown or Falling Object,On Roadway,Non-Junction,N,Not at Intersection,Turnpike/Toll,Paved,Dry,None, , ,None, , ,N,N, , , , ,0,0,0,0,0,0,0,0,0,0,0,0,0.000000000000000,0.000000000000000,0,0,0,4000,"Mapped, Not On Network",-81.266559999999998,28.555570049500002,666905.491452999995090,508453.588257999974303,11/21/2018 4:28:08 PM,8570_6966
1113,1114,1,1113,18244,87469002,2018TA015842,Apopka PD,Short,11/20/2018 0:00:00,06:12 AM,Apopka,Orange,SR-429-TOLL,OCOEE APOPKA RD,1064,South,Rear End,2,0,0,0,N,Y,N,2000.000000000000000,Clear,Dark - Lighted,0,Rear End,S,Property Damage Only,Y,Front to Rear,Motor Vehicle in Transport,On Roadway,Through Roadway,N,Not at Intersection,State,Paved,Dry,None, , ,None, , ,N,N, , , , ,0,0,1,0,0,0,0,0,0,0,0,0,0.000000000000000,0.000000000000000,0,0,0,2000,"Mapped, On Network",-81.537602522200004,28.627180259500001,640284.587969999993220,515847.130838999990374,11/21/2018 4:26:50 PM,8438_6296
1114,1115,1,1114,18269,87190239,FHPK18OFF084591,FHP,Long,11/19/2018 0:00:00,06:18 PM,Winter Garden,Orange,SR-429 (DANIEL WEBSTR WESTRN BELTWAY),CR-535 (WINTER GARDEN VINELAND RD),5280,North,Rear End,2,0,0,0,N,Y,N,7500.000000000000000,Clear,Dark - Lighted,0,Rear End,S,Property Damage Only,N,Front to Rear,Motor Vehicle in Transport,On Roadway,Non-Junction,N,Not at Intersection,State,Paved,Dry,None, , ,None, , ,N,N, , , , ,0,0,0,0,0,0,0,0,0,0,0,0,0.000000000000000,0.000000000000000,0,1,0,7500,"Mapped, Not On Network",-81.606930000000006,28.510650049300001,633771.492922000004910,502775.049944000027608,11/21/2018 4:28:25 PM,6186_6858
1115,1116,1,1115,18312,88027144,FHPD18OFF117072,FHP,Long,11/17/2018 0:00:00,03:55 AM,Orlando,Orange,STATE ROAD 417 EXIT RAMP 27,LEE VISTA BOULEVARD,0,South,Off Road,1,0,0,0,N,N,N,6500.000000000000000,Clear,Dark - Lighted,0,Off Road,S,Property Damage Only,N,Other,Utility Pole/Light Support,Shoulder,Non-Junction,N,Not at Intersection,State,Unpaved,Dry,None, , ,None, , ,N,N, , , , ,0,0,0,0,0,0,0,0,0,0,0,0,0.000000000000000,0.000000000000000,0,0,0,6500,"Mapped, Not On Network",-81.239420000300001,28.477840025100001,669748.356600000057369,499882.397100000001956,11/21/2018 4:28:00 PM,8544_8386
1116,1117,1,1116,18329,87942405,2018-00428800,Orlando PD,Short,11/9/2018 0:00:00,06:32 PM,Orlando,Orange,WESTBOUND SR408,E SOUTH ST,500,East,Sideswipe,2,0,0,0,N,N,N,3000.000000000000000,Clear,Dark - Lighted,0,Same Direction Sideswipe,W,Property Damage Only,Y,"Sideswipe, Same Direction",Motor Vehicle in Transport,On Roadway,Non-Junction,N,Not at Intersection,State,Paved,Dry,None, , ,None, , ,N,N, , , , ,0,0,1,0,0,0,0,0,0,0,0,0,0.000000000000000,0.000000000000000,0,0,0,3000,"Mapped, Not On Network",-81.358940000399997,28.538340024800000,657927.470899999956600,506343.961100000014994,11/25/2018 2:51:20 PM,8318_8309
1117,1118,1,1117,18334,88028314,FHPD18OFF116996,FHP,Long,11/16/2018 0:00:00,08:01 PM,Orlando,Orange,STATE ROAD 417 SOUTH,MILE MARKER 27,0,South,Rear End,3,0,0,3,N,Y,N,19000.000000000000000,Clear,Dark - Lighted,0,Rear End,S,Injury,N,Front to Rear,Motor Vehicle in Transport,On Roadway,Non-Junction,N,Not at Intersection,State,Paved,Dry,None, , ,None, , ,N,N, , , , ,0,0,0,0,0,0,0,0,3,0,0,0,2.000000000000000,0.000000000000000,0,1,0,19000,"Mapped, Not On Network",-81.238780000000006,28.475750049199998,669816.080170999979600,499651.750417999981437,11/21/2018 4:27:58 PM,8544_8386
1118,1119,1,1118,18373,88005678,FHPD18OFF117203,FHP,Short,11/17/2018 0:00:00,01:50 PM,Orlando Expwy Auth,Orange,NB SR-417,LANDSTAR STAR BLVD,5280,South,Sideswipe,2,0,0,0,N,N,N,10000.000000000000000,Clear,Daylight,0,Same Direction Sideswipe,N,Property Damage Only,Y,"Sideswipe, Same Direction",Motor Vehicle in Transport,On Roadway,Non-Junction,N,Not at Intersection,Turnpike/Toll,Paved,Dry,None, , ,None, , ,N,N, , , , ,0,1,0,0,0,0,0,0,0,0,0,0,0.000000000000000,0.000000000000000,0,0,0,10000,"Mapped, Not On Network",-81.398375180000002,28.370388238800000,654470.267530999961309,487614.122486000007484,11/21/2018 4:28:11 PM,7090_8283
1119,1120,1,1119,18374,88006177,FHPD18OFF115585,FHP,Long,11/13/2018 0:00:00,09:23 AM,Orlando Expwy Auth,Orange,STATE RD 417,LANDSTAR BLVD,500,South,Unknown,2,0,0,1,N,N,N,10000.000000000000000,Cloudy,Daylight,0,Unknown,N,Injury,N,Other,Other Non-Collision,On Roadway,Non-Junction,N,Not at Intersection,State,Paved,Dry,None, , ,None, , ,N,N, , , , ,0,0,0,0,0,0,1,0,1,0,0,0,1.000000000000000,0.000000000000000,0,1,0,10000,"Mapped, Not On Network",-81.374719999600003,28.368170024400001,656788.925500000012107,487416.867000000027474,11/21/2018 4:28:11 PM,9178_7997
1120,1121,1,1120,18378,88020005,FHPK18OFF083967,FHP,Long,11/17/2018 0:00:00,08:15 AM,Winter Garden,Orange,SR-429 SB/NB MM15,NEW INDEPENDENCE PKWY,500,North,Unknown,3,0,0,2,N,N,N,17000.000000000000000,Clear,Daylight,0,Unknown,S,Injury,N,Other,Motor Vehicle in Transport,On Roadway,Non-Junction,N,Not at Intersection,Interstate,Paved,Dry,None, , ,None, , ,N,N, , , , ,0,0,4,0,0,0,0,2,0,0,0,0,2.000000000000000,0.000000000000000,0,1,0,17000,"Mapped, On Network",-81.631757268399994,28.475920328099999,631420.562630999949761,498871.988231999974232,2/28/2019 10:17:57 AM,8039_8035
1121,1122,1,1121,18380,88027146,FHPD18OFF117406,FHP,Long,11/17/2018 0:00:00,09:26 PM,Orlando,Orange,STATE ROAD 528,TRADEPORT DRIVE,100,East,Unknown,2,0,0,0,N,N,N,7000.000000000000000,Clear,Dark - Lighted,0,Unknown,W,Property Damage Only,N,Front to Rear,Motor Vehicle in Transport,On Roadway,Non-Junction,N,Not at Intersection,State,Paved,Dry,None, , ,None, , ,N,N, , , , ,0,0,7,0,0,0,0,0,0,0,0,0,0.000000000000000,0.000000000000000,0,1,0,7000,"Mapped, Not On Network",-81.332560000399994,28.451310024400001,660712.411399999982677,496736.454599999997299,11/21/2018 4:28:00 PM,8336_11452
1122,1123,1,1122,18404,88005680,FHPD18OFF117966,FHP,Long,11/19/2018 0:00:00,04:30 PM,Orlando Expwy Auth,Orange,WB SR-408,SR-551,5280,East,Off Road,2,0,0,0,N,N,N,8000.000000000000000,Rain,Daylight,0,Off Road,W,Property Damage Only,Y,Other,Guardrail Face,On Roadway,Non-Junction,N,Not at Intersection,Turnpike/Toll,Paved,Wet,None, , ,None, , ,N,N, , , , ,0,0,0,0,0,0,0,0,0,0,0,0,0.000000000000000,0.000000000000000,0,0,0,8000,"Mapped, Not On Network",-81.289699999600003,28.539670024799999,664685.168999999994412,506638.351900000008754,11/21/2018 4:28:11 PM,6881_8431
1123,1124,1,1123,18414,87468970,2018TA015299,Apopka PD,Long,11/9/2018 0:00:00,12:08 PM,Apopka,Orange,SR-429-TOLL,OCOEE APOPKA RD,255,South,Unknown,2,0,0,0,N,N,N,500.000000000000000,Clear,Daylight,0,Unknown,N,Property Damage Only,Y,"Sideswipe, Same Direction",Motor Vehicle in Transport,On Roadway,Through Roadway,N,Not at Intersection,State,Paved,Dry,None, , ,None, , ,N,N, , , , ,0,0,0,0,0,0,0,0,0,0,0,0,0.000000000000000,0.000000000000000,0,0,0,500,"Mapped, On Network",-81.538457085299996,28.629141500999999,640196.862006000010297,516063.228252000000793,11/25/2018 2:51:10 PM,6295_8444