FID,OBJECTID_1,Join_Count,TARGET_FID,OBJECTID,HSMV_Repor,Agency_Rep,Reporting_,Form_Type,Crash_Date,Crash_Time,City,County,Crash_Stre,Intersecti,Offset_Dis,Offset_Dir,Crash_Type,Vehicles,Non_Motori,Fatalities,Injuries,Alcohol_Re,Distractio,Drug_Relat,Estimated_,Weather_Co,Light_Cond,Street_Num,Crash_Ty_1,Crash_Ty_2,Crash_Seve,Within_Cit,Manner_of_,First_Harm,First_HE_L,First_HE_R,First_HE_W,Type_of_In,Road_Sys_I,Type_of_Sh,Road_Surf_,Contrib_Ci,Contrib__1,Contrib__2,Contrib__3,Contrib__4,Contrib__5,School_Bus,Work_Zone_,Type_of_Wo,Loc_in_Wor,Workers_in,Law_Enforc,Mopeds,Motorcycle,Passengers,Bicyclists,Pedestrian,Fataliti_1,Injuries_U,Possible_I,Non_Incapa,Incapacita,Fataliti_2,Non_Traffi,Transporte,Transpor_1,Transpor_2,Citations,Property_D,Vehicle_Dm,S4_Mapping,S4_Decimal,S4_Decim_1,S4_Albers_,S4_Albers1,S4_Mappi_1,zone_id_st
1124,1125,1,1124,18422,84505753,FHPD18OFF115783,FHP,Long,11/13/2018 0:00:00,06:06 PM,Orlando,Orange,STATE ROAD 528 (BEACHLINE EXPRESSWAY),SUNBRIDGE PARKWAY,5280,East,Rear End,2,0,0,3,N,N,N,3000.000000000000000,Clear,Dark - Not Lighted,0,Rear End,W,Injury,N,Front to Rear,Motor Vehicle in Transport,On Roadway,Non-Junction,N,Not at Intersection,Turnpike/Toll,Paved,Dry,None, , ,None, , ,N,N, , , , ,0,0,1,0,0,0,0,3,0,0,0,0,0.000000000000000,0.000000000000000,0,1,0,3000,"Mapped, Not On Network",-81.156717259999994,28.451583059099999,677895.420943000004627,497150.788760000024922,11/27/2018 2:50:57 PM,8095_8101
1125,1126,1,1125,18424,87216951,FHPD18OFF118901,FHP,Long,11/21/2018 0:00:00,10:08 PM,Unincorporated,Orange,STATE ROAD 408,ALAFAYA TRAIL,500,West,Off Road,1,0,0,1,Y,N,N,10000.000000000000000,Clear,Dark - Lighted,0,Off Road,E,Injury,N,Other,Guardrail End,On Roadway,Non-Junction,N,Not at Intersection,State,Paved,Dry,None, , ,None, , ,N,N, , , , ,0,0,0,0,0,0,0,0,1,0,0,0,1.000000000000000,0.000000000000000,0,3,0,10000,"Mapped, On Network",-81.205257587700004,28.549649632900000,672905.223585000028834,507930.433162999979686,4/2/2019 1:26:39 PM,8041_6970
1126,1127,1,1126,18434,88013640,FHPD18OFF119653,FHP,Long,11/24/2018 0:00:00,03:14 PM,Orlando Expwy Auth,Orange,SR417 ENTRANCE RAMP,NARCOOSSEE RD,300,North,Unknown,2,0,0,0,N,N,N,2000.000000000000000,Clear,Daylight,0,Unknown,N,Property Damage Only,Y,"Sideswipe, Same Direction",Motor Vehicle in Transport,On Roadway,Non-Junction,N,Not at Intersection,Turnpike/Toll,Paved,Dry,None, , ,None, , ,N,N, , , , ,0,0,0,0,0,0,0,0,0,0,0,0,0.000000000000000,0.000000000000000,0,0,0,2000,"Mapped, Not On Network",-81.244626692599994,28.400328434999999,669432.000000000000000,491265.000000000000000,11/27/2018 2:50:41 PM,8512_8598
1127,1128,1,1127,18463,88006185,FHPD18OFF119151,FHP,Long,11/23/2018 0:00:00,05:50 AM,Orlando Expwy Auth,Orange,STATE RD 417,LANDSTAR BLVD,5280,South,Unknown,2,0,0,0,N,N,N,7000.000000000000000,Clear,Dark - Lighted,0,Unknown,S,Property Damage Only,N,"Sideswipe, Same Direction",Motor Vehicle in Transport,On Roadway,Non-Junction,N,Not at Intersection,State,Paved,Dry,None, , ,None, , ,N,N, , , , ,0,0,0,0,0,0,0,0,0,0,0,0,0.000000000000000,0.000000000000000,0,0,0,7000,"Mapped, Not On Network",-81.374719999600003,28.368170024400001,656788.925500000012107,487416.867000000027474,11/27/2018 2:50:35 PM,9178_7997
1128,1129,1,1128,18484,88013639,FHPD18OFF119348,FHP,Short,11/23/2018 0:00:00,03:32 PM,Orlando Expwy Auth,Orange,SR429,27MM,0, ,Rear End,2,0,0,0,N,N,N,3000.000000000000000,Clear,Daylight,0,Rear End,S,Property Damage Only,Y,Front to Rear,Motor Vehicle in Transport,On Roadway,Non-Junction,N,Not at Intersection,Turnpike/Toll,Paved,Dry,None, , ,None, , ,N,N, , , , ,0,0,0,0,0,0,0,0,0,0,0,0,0.000000000000000,0.000000000000000,0,1,0,3000,"Mapped, Not On Network",-81.238780000000006,28.475750049199998,669816.080170999979600,499651.750417999981437,11/27/2018 2:50:41 PM,8544_8386
1129,1130,1,1129,18498,88008550,FHPD18OFF117822,FHP,Long,11/19/2018 0:00:00,09:49 AM,Orlando Expwy Auth,Orange,SR-408 (MM7),OLD WINTER GARDEN ROAD,60,East,Rear End,2,0,0,1,N,N,N,2200.000000000000000,Cloudy,Daylight,0,Rear End,W,Injury,N,Front to Rear,Motor Vehicle in Transport,On Roadway,Entrance/Exit Ramp,N,Not at Intersection,Turnpike/Toll,Paved,Dry,None, , ,None, , ,N,N, , , , ,0,1,0,0,0,0,0,0,1,0,0,0,1.000000000000000,0.000000000000000,0,0,0,2200,"Mapped, Not On Network",-81.421349999599997,28.545960024999999,651815.678199999965727,507061.025499999988824,11/27/2018 2:50:34 PM,6440_8239
1130,1131,1,1130,18576,88013644,FHPD18OFF120423,FHP,Long,11/26/2018 0:00:00,07:08 PM,Orlando Expwy Auth,Orange,SR-528,27MM,0, ,Unknown,2,0,0,0,N,N,N,8000.000000000000000,Rain,Dark - Not Lighted,0,Unknown,W,Property Damage Only,Y,Front to Rear,Motor Vehicle in Transport,On Roadway,Non-Junction,N,Not at Intersection,Turnpike/Toll,Paved,Wet,None, , ,None, , ,N,N, , , , ,0,0,0,0,0,0,0,0,0,0,0,0,0.000000000000000,0.000000000000000,0,1,0,8000,"Mapped, Not On Network",-81.042919999999995,28.452150049099998,689014.082820000010543,497475.317494000017177,11/28/2018 4:28:19 PM,7008_7061
1131,1132,1,1131,18658,87943980,2018-00453494,Orlando PD,Long,11/25/2018 0:00:00,08:45 PM,Orlando,Orange,SR 417,LAKE NONA BOULEVARD,0, ,Off Road,2,0,0,0,N,N,N,1500.000000000000000,Clear,Dark - Lighted,0,Off Road,S,Property Damage Only,Y,"Sideswipe, Same Direction",Bridge Overhead Structure,Off Roadway,Non-Junction,N,Not at Intersection,State,Paved,Dry,None,None,None,None,None,None,N,N, , , , ,0,0,1,0,0,0,0,0,0,0,0,0,0.000000000000000,0.000000000000000,0,0,0,1500,"Mapped, Not On Network",-81.273309999600002,28.380540024300000,666676.274500000057742,489005.556700000015553,11/28/2018 4:27:30 PM,8502_6701
1132,1133,1,1132,18660,88013643,FHPD18OFF120340,FHP,Long,11/26/2018 0:00:00,05:46 AM,Orlando Expwy Auth,Orange,SR-528,9MM,0, ,Rear End,2,0,0,1,N,N,N,7000.000000000000000,Rain,Dark - Lighted,0,Rear End,E,Injury,Y,Front to Rear,Motor Vehicle in Transport,On Roadway,Non-Junction,N,Not at Intersection,Turnpike/Toll,Paved,Wet,None, , ,None, , ,N,N, , , , ,0,0,1,0,0,0,0,1,0,0,0,0,0.000000000000000,0.000000000000000,0,2,0,7000,"Mapped, Not On Network",-81.338350000000005,28.450710049100000,660148.029777999967337,496657.611008999985643,11/28/2018 4:28:19 PM,8327_8331
1133,1134,1,1133,18661,88013642,FHPD18OFF120292,FHP,Short,11/26/2018 0:00:00,04:23 PM,Orlando Expwy Auth,Orange,SR408,19MM,0, ,Off Road,1,0,0,0,N,N,N,3000.000000000000000,Clear,Daylight,0,Off Road,E,Property Damage Only,Y,Other,Guardrail Face,On Roadway,Non-Junction,N,Not at Intersection,Turnpike/Toll,Paved,Dry,None, , ,None, , ,N,N, , , , ,0,0,0,0,0,0,0,0,0,0,0,0,0.000000000000000,0.000000000000000,0,1,0,3000,"Mapped, Not On Network",-81.244249999999994,28.547440049399999,669103.755317999981344,507599.415809999976773,11/28/2018 4:28:19 PM,8005_8013
1134,1135,1,1134,18665,87468997,2018TA012326,Apopka PD,Long,9/13/2018 0:00:00,07:10 AM,Apopka,Orange,SR 429-TOLL,OCOEE APOPKA RD,1106,South,Rollover,1,0,0,1,N,Y,N,5000.000000000000000,Clear,Daylight,0,Rollover,S,Injury,Y, ,Overturn/Rollover,Median,Through Roadway,N,Not at Intersection,State,Paved,Dry,None, , ,None, , ,N,N, , , , ,0,0,0,0,0,0,0,1,0,0,0,0,1.000000000000000,0.000000000000000,0,0,0,5000,"Mapped, On Network",-81.540615384099993,28.632358516699998,639979.158740999992006,516416.220596999977715,11/19/2018 2:47:28 PM,8444_8441
1135,1136,1,1135,18685,88005679,FHPD18OFF117899,FHP,Long,11/19/2018 0:00:00,01:30 PM,Orlando Expwy Auth,Orange,SB SR-417,SR-50,0,South,Sideswipe,2,0,0,0,N,N,N,8000.000000000000000,Cloudy,Daylight,0,Same Direction Sideswipe,S,Property Damage Only,Y,"Sideswipe, Same Direction",Motor Vehicle in Transport,On Roadway,Non-Junction,N,Not at Intersection,Turnpike/Toll,Paved,Dry,None, , ,None, , ,N,N, , , , ,0,0,0,0,0,0,0,0,0,0,0,0,0.000000000000000,0.000000000000000,0,0,0,8000,"Mapped, Not On Network",-81.412760000199995,28.375160024800000,653052.347999999998137,488114.342699999979232,11/28/2018 4:28:21 PM,8107_8280
1136,1137,1,1136,18711,88005681,FHPD18OFF120734,FHP,Short,11/27/2018 0:00:00,04:35 PM,Orlando Expwy Auth,Orange,EB SR-408,SR-551,0,East,Rear End,2,0,0,0,N,N,N,3000.000000000000000,Clear,Daylight,0,Rear End,E,Property Damage Only,Y,Front to Rear,Motor Vehicle in Transport,On Roadway,Non-Junction,N,Not at Intersection,Turnpike/Toll,Paved,Dry,None, , ,None, , ,N,N, , , , ,0,0,0,0,0,0,0,0,0,0,0,0,0.000000000000000,0.000000000000000,0,1,0,3000,"Mapped, Not On Network",-81.289699999600003,28.539670024799999,664685.168999999994412,506638.351900000008754,11/30/2018 3:42:52 PM,6881_8431
1137,1138,1,1137,18736,85353839,FHPD18OFF091708,FHP,Long,9/9/2018 0:00:00,07:50 PM,Unincorporated,Orange,STATE ROAD 417 (CENTRAL FL EXPRESSWAY),EAST COLONIAL DRIVE (STATE ROAD 50),0,North,Off Road,1,0,1,0,Y,Y,Y,12000.000000000000000,Rain,Dark - Lighted,0,Off Road,N,Fatality,N,Other,Utility Pole/Light Support,Off Roadway,Entrance/Exit Ramp,N,Not at Intersection,Interstate,Paved,Wet,Road Surface Condition, , ,Weather Conditions, , ,N,N, , , , ,0,0,0,0,0,0,0,0,0,0,1,0,0.000000000000000,0.000000000000000,0,0,0,12000,"Mapped, On Network",-81.266777158099998,28.565258693299999,666860.443868999951519,509528.832934000005480,12/10/2018 10:41:07 AM,8451_2531
1138,1139,1,1138,18751,87286995,FHPK18OFF086921,FHP,Long,11/28/2018 0:00:00,08:17 PM,Winter Garden,Orange,SR-429 (WESTERN BELTWAY),WINTER GARDEN VINELAND RD,5280,South,Off Road,1,0,0,0,N,N,N,5000.000000000000000,Clear,Dark - Lighted,0,Off Road,S,Property Damage Only,N,Other,Utility Pole/Light Support,Shoulder,Non-Junction,N,Not at Intersection,State,Paved,Dry,None, , ,None, , ,N,N, , , , ,0,0,0,0,0,0,0,0,0,0,0,0,0.000000000000000,0.000000000000000,0,1,0,5000,"Mapped, Not On Network",-81.594632610000005,28.515233539299999,634962.705976999946870,503307.349988000001758,11/30/2018 3:43:06 PM,6858_8494
1139,1140,1,1139,18786,88037102,FHPD18OFF120756,FHP,Long,11/27/2018 0:00:00,05:27 PM,Orlando Expwy Auth,Orange,STATE ROAD 408 WESTBOUND,MILE MARKER 20,0, ,Off Road,1,0,0,1,N,N,N,4000.000000000000000,Clear,Dark - Lighted,0,Off Road,W,Injury,N,Other,Guardrail Face,Off Roadway,Non-Junction,N,Not at Intersection,State,Paved,Dry,None, , ,None, , ,N,N, , , , ,0,1,0,0,0,0,0,0,0,1,0,0,1.000000000000000,0.000000000000000,0,1,0,4000,"Mapped, On Network",-81.218751623800003,28.547866951000000,671592.226388999959454,507702.715029000013601,4/11/2019 6:18:03 PM,6946_8057
1140,1141,1,1140,18791,87279623,FHPD18OFF113524,FHP,Long,11/7/2018 0:00:00,05:26 PM,Orlando Expwy Auth,Orange,STATE ROAD 417 SOUTHBOUND,MILE MARKER 22,0, ,Unknown,3,0,0,0,N,N,N,1000.000000000000000,Clear,Dusk,0,Unknown, ,Property Damage Only,N,Front to Rear,Motor Vehicle in Transport,On Roadway,Non-Junction,N,Not at Intersection,State,Paved,Dry,None, , ,None, , ,N,N, , , , ,0,0,1,0,0,0,0,0,0,0,0,0,0.000000000000000,0.000000000000000,0,3,0,1000,"Mapped, Not On Network",-81.233599999999996,28.406330049000001,670495.104643000056967,491955.492205000016838,11/23/2018 3:30:23 PM,8598_8531
1141,1142,1,1141,18808,87279620,FHPD18OFF112758,FHP,Long,11/5/2018 0:00:00,12:41 PM,Orlando Expwy Auth,Orange,SR-528 WESTBOUND,MILE MARKER 22,0, ,Off Road,1,0,0,0,N,N,N,8000.000000000000000,Clear,Daylight,0,Off Road,W,Property Damage Only,N,Other,Guardrail Face,On Roadway,Non-Junction,N,Not at Intersection,State,Paved,Dry,None, , ,None, , ,N,N, , , , ,0,0,0,0,0,0,0,0,0,0,0,0,0.000000000000000,0.000000000000000,0,1,0,8000,"Mapped, Not On Network",-81.124350000000007,28.451400049099998,681058.820542000001296,497203.826218999980483,11/23/2018 3:30:23 PM,8101_6488
1142,1143,1,1142,18828,88023592,FHPD18OFF118900,FHP,Long,11/21/2018 0:00:00,10:07 PM,Orlando,Orange,STATE ROAD 408 (EAST-WEST EXPY),MM 20,5280,East,Off Road,2,0,0,0,N,N,N,3000.000000000000000,Clear,Dark - Lighted,0,Off Road,E,Property Damage Only,N,Other,Concrete Traffic Barrier,On Roadway,Non-Junction,N,Not at Intersection,Interstate,Paved,Dry,None, , ,None, , ,N,N, , , , ,0,0,0,0,0,0,0,0,0,0,0,0,0.000000000000000,0.000000000000000,0,0,0,3000,"Mapped, Not On Network",-81.218850000000003,28.547620049399999,671583.239821000024676,507675.085490000026766,11/23/2018 3:30:19 PM,8077_8070
1143,1144,1,1143,18848,88013637,FHPD18OFF117958,FHP,Long,11/19/2018 0:00:00,04:08 PM,Orlando Expwy Auth,Orange,SR417,30MM,0, ,Rear End,2,0,0,0,N,N,N,8000.000000000000000,Clear,Daylight,0,Rear End,S,Property Damage Only,Y,Front to Rear,Motor Vehicle in Transport,On Roadway,Non-Junction,N,Not at Intersection,Turnpike/Toll,Paved,Dry,None, , ,None, , ,N,N, , , , ,0,0,0,0,0,0,0,0,0,0,0,0,0.000000000000000,0.000000000000000,0,1,0,8000,"Mapped, Not On Network",-81.250470000000007,28.517550049299999,668570.469899000017904,504267.221124999981839,11/23/2018 3:30:29 PM,8553_6689
1144,1145,1,1144,18874,88037099,FHPD18OFF118275,FHP,Long,11/20/2018 0:00:00,02:12 PM,Orlando Expwy Auth,Orange,STATE ROAD 417 NORTHBOUND,MILE MARKER 36,0, ,Rear End,2,0,0,1,N,Y,N,10000.000000000000000,Clear,Daylight,0,Rear End,N,Injury,N,Front to Rear,Motor Vehicle in Transport,On Roadway,Non-Junction,N,Not at Intersection,State,Paved,Dry,None, , ,None, , ,N,N, , , , ,0,0,0,0,0,0,0,1,0,0,0,0,1.000000000000000,0.000000000000000,0,1,0,10000,"Mapped, Not On Network",-81.250100000000003,28.594760049600001,668415.407877000048757,512840.506762999983039,11/23/2018 3:30:14 PM,8120_8585
1145,1146,1,1145,18880,87289795,FHPD18OFF118280,FHP,Short,11/20/2018 0:00:00,02:20 PM,Orlando Expwy Auth,Orange,STATE ROAD 417 NB MM36,UNIVERSITY BLVD,5280,South,Sideswipe,2,0,0,0,N,N,N,1000.000000000000000,Clear,Daylight,0,Same Direction Sideswipe,N,Property Damage Only,Y,Front to Rear,Motor Vehicle in Transport,On Roadway,Non-Junction,N,Not at Intersection,State,Paved,Dry,None, , ,None, , ,N,N, , , , ,0,0,1,0,0,0,0,0,0,0,0,0,0.000000000000000,0.000000000000000,0,1,0,1000,"Mapped, Not On Network",-81.250079999500002,28.597450024499999,668410.698500000056811,513139.212100000004284,11/23/2018 3:30:21 PM,8588_8118
1146,1147,1,1146,18891,87289799,FHPD18OFF120684,FHP,Long,11/27/2018 0:00:00,02:36 PM,Orlando Expwy Auth,Orange,STATE ROAD 528 EB EXIT RAMP,NARCOOSSEE RD,50,West,Rear End,3,0,0,0,N,N,N,8500.000000000000000,Clear,Daylight,0,Rear End,E,Property Damage Only,Y,Front to Rear,Motor Vehicle in Transport,On Roadway,Non-Junction,N,Not at Intersection,State,Paved,Dry,None, , ,None, , ,N,N, , , , ,0,0,1,0,0,0,0,0,0,0,0,0,0.000000000000000,0.000000000000000,0,1,0,8500,"Mapped, Not On Network",-81.270300000500001,28.448450024900001,666803.677400000044145,496552.077500000013970,12/3/2018 2:58:58 PM,6156_8052
1147,1148,1,1147,18968,87939448,2018-00450568,Orlando PD,Long,11/23/2018 0:00:00,02:54 AM,Orlando,Orange,SR 528 WBO,TRADEPORT DR,900,East,Other,1,0,0,1,N,Y,N,5000.000000000000000,Clear,Dark - Lighted,0,Single Vehicle,W,Injury,Y,"Sideswipe, Same Direction",Motor Vehicle in Transport,On Roadway,Non-Junction,N,Not at Intersection,State,Paved,Dry,None, , ,None, , ,N,N, , , , ,0,0,0,0,0,0,0,1,0,0,0,0,1.000000000000000,0.000000000000000,0,0,0,5000,"Mapped, On Network",-81.330486780800001,28.451411520899999,660914.769775000051595,496752.108720000018366,4/5/2019 2:39:02 PM,8344_8336
1148,1149,1,1148,18990,87286992,FHPK18OFF086149,FHP,Long,11/25/2018 0:00:00,04:10 PM,Winter Garden,Orange,SR-429 (WESTERN BELTWAY),NEW INDEPENDENCE PKWY,10560,South,Rollover,1,0,0,1,N,Y,N,5000.000000000000000,Clear,Daylight,0,Rollover,S,Injury,N,Other,Overturn/Rollover,Off Roadway,Non-Junction,N,Not at Intersection,State,Paved,Dry,None, , ,None, , ,N,N, , , , ,0,0,0,0,0,0,0,0,1,0,0,0,0.000000000000000,0.000000000000000,0,0,0,5000,"Mapped, On Network",-81.642754904499995,28.447994280300001,630405.305209000012837,495750.597417999990284,4/5/2019 1:55:53 PM,9704_9708
1149,1150,1,1149,19066,87943732,2018-00456144,Orlando PD,Short,11/27/2018 0:00:00,06:40 PM,Orlando,Orange,EW EBO (SR 408),TAMPA AV,100,West,Rear End,2,0,0,0,N,N,N,600.000000000000000,Clear,Dark - Lighted,0,Rear End,E,Property Damage Only,Y,Front to Rear,Motor Vehicle in Transport,On Roadway,Non-Junction,N,Not at Intersection,State,Paved,Dry,None, , ,None, , ,N,N, , , , ,0,0,1,0,0,0,0,0,0,0,0,0,0.000000000000000,0.000000000000000,0,0,0,600,"Mapped, Not On Network",-81.405345851500002,28.536252774400001,653401.000000000000000,506016.000000000000000,11/29/2018 4:04:58 PM,8169_8242
1150,1151,1,1150,19118,88008552,FHPD18OFF121851,FHP,Long,11/30/2018 0:00:00,05:46 PM,Orlando Expwy Auth,Orange,SR-417 (MM15),RHODE ISLAND WOODS CIR,0,North,Rear End,2,0,0,0,N,N,N,2600.000000000000000,Cloudy,Daylight,0,Rear End,S,Property Damage Only,N,Front to Rear,Motor Vehicle in Transport,On Roadway,Non-Junction,N,Not at Intersection,Turnpike/Toll,Paved,Dry,None, , ,None, , ,N,N, , , , ,0,0,0,0,0,0,0,0,0,0,0,0,0.000000000000000,0.000000000000000,0,1,0,2600,"Mapped, On Network",-81.337751448800006,28.368213325199999,660404.302614000043832,487499.199657000019215,2/25/2019 1:22:44 PM,6299_6323
1151,1152,1,1151,19161,87289800,FHPD18OFF121892,FHP,Short,11/30/2018 0:00:00,06:57 PM,Orlando Expwy Auth,Orange,STATE ROAD 528 WB MM16,STATE ROAD 417,5280,East,Sideswipe,2,0,0,0,N,N,N,1500.000000000000000,Clear,Dark - Lighted,0,Same Direction Sideswipe,W,Property Damage Only,Y,Front to Rear,Motor Vehicle in Transport,On Roadway,Non-Junction,N,Not at Intersection,State,Paved,Dry,None, , ,None, , ,N,N, , , , ,0,0,0,0,0,0,0,0,0,0,0,0,0.000000000000000,0.000000000000000,0,1,0,1500,"Mapped, Not On Network",-81.188375199999996,28.451618509100001,674801.701666999957524,497083.779006000026129,12/3/2018 2:58:58 PM,6945_8095
1152,1153,1,1152,19170,88037101,FHPD18OFF120752,FHP,Long,11/27/2018 0:00:00,05:10 PM,Orlando Expwy Auth,Orange,STATE ROAD 408 EASTBOUND,MILE MARKER 16,0, ,Rear End,2,0,0,0,N,Y,N,4500.000000000000000,Clear,Daylight,0,Rear End,E,Property Damage Only,N,Front to Rear,Motor Vehicle in Transport,On Roadway,Non-Junction,N,Not at Intersection,State,Paved,Dry,None, , ,None, , ,N,N, , , , ,0,0,0,0,0,0,0,0,0,0,0,0,0.000000000000000,0.000000000000000,0,1,0,4500,"Mapped, Not On Network",-81.282759999999996,28.541820049399998,665357.551868999958970,506891.982009000028484,12/3/2018 2:58:57 PM,8408_8412
1153,1154,1,1153,19190,88006190,FHPD18OFF121659,FHP,Short,11/30/2018 0:00:00,09:28 AM,Orlando Expwy Auth,Orange,STATE RD 417,STATE RD 423 JOHN YOUNG PKWY,0,South,Rear End,2,0,0,0,N,N,N,5000.000000000000000,Clear,Daylight,0,Rear End,S,Property Damage Only,N,Front to Rear,Motor Vehicle in Transport,On Roadway,Non-Junction,N,Not at Intersection,State,Paved,Dry,None, , ,None, , ,N,N, , , , ,0,0,1,0,0,0,0,0,0,0,0,0,0.000000000000000,0.000000000000000,0,1,0,5000,"Mapped, Not On Network",-81.429850000000002,28.369340048800002,651394.525303000002168,487433.180924999993294,12/3/2018 2:59:07 PM,8287_8107
1154,1155,1,1154,19192,87946192,2018-00463387,Orlando PD,Long,12/3/2018 0:00:00,09:13 AM,Orlando,Orange,SR 408 EASTBOUND,TAMPA AVE EXIT RAMP,500,West,Rear End,2,0,0,0,N,N,N,6000.000000000000000,Clear,Daylight,0,Rear End,E,Property Damage Only,Y,Front to Rear,Motor Vehicle in Transport,On Roadway,Non-Junction,N,Not at Intersection,State,Unpaved,Dry,None, , ,None, , ,N,N, , , , ,0,0,0,0,0,0,0,0,0,0,0,0,0.000000000000000,0.000000000000000,0,0,0,6000,"Mapped, Not On Network",-81.405345851500002,28.536252774400001,653401.000000000000000,506016.000000000000000,12/5/2018 4:32:30 PM,8169_8242
1155,1156,1,1155,19216,88006195,FHPD18OFF123856,FHP,Long,12/6/2018 0:00:00,11:17 AM,Orlando Expwy Auth,Orange,STATE RD 408,POWERS DR,0,West,Other,1,0,0,0,N,N,N,4500.000000000000000,Clear,Daylight,0,Single Vehicle,E,Property Damage Only,N,Unknown,Other Non-Collision,On Roadway,Non-Junction,N,Not at Intersection,State,Paved,Dry,None, , ,None, , ,N,N, , , , ,0,0,0,0,0,0,0,0,0,0,0,0,0.000000000000000,0.000000000000000,0,0,0,4500,"Mapped, Not On Network",-81.457359999999994,28.548980049400001,648292.741856000036933,507323.324161999975331,12/11/2018 4:27:06 PM,8208_8205
1156,1157,1,1156,19217,88006194,FHPD18OFF123810,FHP,Long,12/6/2018 0:00:00,08:35 AM,Orlando Expwy Auth,Orange,STATE RD 408,STATE RD 551,100,West,Other,1,0,0,0,N,N,N,6000.000000000000000,Clear,Daylight,0,Single Vehicle,E,Property Damage Only,N,Other,Other Non-Collision,On Roadway,Non-Junction,N,Not at Intersection,State,Paved,Dry,None, , ,None, , ,N,N, , , , ,0,0,0,0,0,0,0,0,0,0,0,0,0.000000000000000,0.000000000000000,0,0,0,6000,"Mapped, Not On Network",-81.289699999600003,28.539670024799999,664685.168999999994412,506638.351900000008754,12/11/2018 4:27:06 PM,6881_8431
1157,1158,1,1157,19230,85564176,FHPD18OFF124782,FHP,Long,12/8/2018 0:00:00,02:45 PM,Orlando Expwy Auth,Orange,SR-408 (EXIT RAMP),GOOD HOMES ROAD,500,East,Off Road,1,0,0,1,N,Y,N,5000.000000000000000,Clear,Daylight,0,Off Road,E,Injury,N,Other,Guardrail Face,Shoulder,Non-Junction,N,Not at Intersection,State,Paved,Dry,None, , ,None, , ,N,N, , , , ,0,0,0,0,0,0,0,1,0,0,0,0,0.000000000000000,0.000000000000000,0,0,0,5000,"Mapped, Not On Network",-81.504737924899999,28.546243768099998,643673.000000000000000,506925.000000000000000,4/11/2019 5:59:03 PM,8156_8150
1158,1159,1,1158,19238,87252416,FHPD18OFF123296,FHP,Long,12/4/2018 0:00:00,05:45 PM,Orlando Expwy Auth,Orange,STATE ROAD 417 (CTRL FLA GREENEWAY),MOSS PARK ROAD,2000,East,Rear End,2,0,0,0,N,Y,N,10500.000000000000000,Clear,Dark - Lighted,0,Rear End,S,Property Damage Only,Y,Front to Rear,Motor Vehicle in Transport,On Roadway,Non-Junction,N,Not at Intersection,State,Paved,Dry,None, , ,None, , ,N,N, , , , ,0,0,0,0,0,0,0,0,0,0,0,0,0.000000000000000,0.000000000000000,0,3,0,10500,"Mapped, Not On Network",-81.227620000100003,28.414640024899999,671058.976499999989755,492891.268600000010338,12/11/2018 4:27:14 PM,8533_8540
1159,1160,1,1159,19245,87252417,FHPD18OFF123605,FHP,Long,12/5/2018 0:00:00,04:25 PM,Orlando Expwy Auth,Orange,SR 429 (DANIEL WEBSTER BELTWAY),WEST ROAD,5280,South,Off Road,1,0,0,0,N,N,N,5000.000000000000000,Clear,Daylight,0,Off Road,S,Property Damage Only,Y,Other,Guardrail Face,Shoulder,Non-Junction,N,Not at Intersection,State,Paved,Dry,None, , ,None, , ,N,N, , , , ,0,0,0,0,0,0,0,0,0,0,0,0,0.000000000000000,0.000000000000000,0,0,0,5000,"Mapped, Not On Network",-81.557299999999998,28.585610049600000,638454.172468999982812,511193.219148000003770,12/11/2018 4:27:14 PM,6089_6220
1160,1161,1,1160,19329,87202426,FHPK18OFF087009,FHP,Short,11/29/2018 0:00:00,08:39 AM,Winter Garden,Orange,STATE ROAD 429 (DANIEL WEBSTERN WAY),WARRIOR RD,500,South,Unknown,2,0,0,0,N,N,N,500.000000000000000,Clear,Daylight,0,Unknown,S,Property Damage Only,N,Other,Other Non-Collision,On Roadway,Non-Junction,N,Not at Intersection,Turnpike/Toll,Paved,Dry,None, , ,None, , ,N,N, , , , ,0,0,1,0,0,0,0,0,0,0,0,0,0.000000000000000,0.000000000000000,0,0,0,500,"Mapped, On Network",-81.557345549299995,28.536782737799999,638557.131254000007175,505771.644850999990012,2/25/2019 1:37:05 PM,8524_6989
1161,1162,1,1161,19336,88008563,FHPD18OFF125158,FHP,Long,12/9/2018 0:00:00,02:04 PM,Orlando Expwy Auth,Orange,SR-408 (MM22),WOODBURY ROAD,0,East,Off Road,1,0,0,0,N,N,N,2400.000000000000000,Rain,Daylight,0,Off Road,W,Property Damage Only,N,Other,Guardrail Face,Shoulder,Non-Junction,N,Not at Intersection,Turnpike/Toll,Paved,Wet,None, , ,Weather Conditions, , ,N,N, , , , ,0,0,0,0,0,0,0,0,0,0,0,0,0.000000000000000,0.000000000000000,0,1,0,2400,"Mapped, Not On Network",-81.191360009999997,28.555030869500001,674248.470823999959975,508558.728423000022303,12/11/2018 4:27:11 PM,8178_6921