FID,OBJECTID_1,Join_Count,TARGET_FID,OBJECTID,HSMV_Repor,Agency_Rep,Reporting_,Form_Type,Crash_Date,Crash_Time,City,County,Crash_Stre,Intersecti,Offset_Dis,Offset_Dir,Crash_Type,Vehicles,Non_Motori,Fatalities,Injuries,Alcohol_Re,Distractio,Drug_Relat,Estimated_,Weather_Co,Light_Cond,Street_Num,Crash_Ty_1,Crash_Ty_2,Crash_Seve,Within_Cit,Manner_of_,First_Harm,First_HE_L,First_HE_R,First_HE_W,Type_of_In,Road_Sys_I,Type_of_Sh,Road_Surf_,Contrib_Ci,Contrib__1,Contrib__2,Contrib__3,Contrib__4,Contrib__5,School_Bus,Work_Zone_,Type_of_Wo,Loc_in_Wor,Workers_in,Law_Enforc,Mopeds,Motorcycle,Passengers,Bicyclists,Pedestrian,Fataliti_1,Injuries_U,Possible_I,Non_Incapa,Incapacita,Fataliti_2,Non_Traffi,Transporte,Transpor_1,Transpor_2,Citations,Property_D,Vehicle_Dm,S4_Mapping,S4_Decimal,S4_Decim_1,S4_Albers_,S4_Albers1,S4_Mappi_1,zone_id_st
1162,1163,1,1162,19359,85564177,FHPD18OFF125166,FHP,Long,12/9/2018 0:00:00,02:10 PM,Orlando Expwy Auth,Orange,SR-408,SR-417,0, ,Unknown,2,0,0,2,N,N,N,15000.000000000000000,Cloudy,Daylight,0,Unknown, ,Injury,N,Angle,Motor Vehicle in Transport,On Roadway,Entrance/Exit Ramp,N,Not at Intersection,State,Paved,Wet,None, , ,None, , ,N,Y,Work on Shoulder or Median,Activity Area,N,N,0,0,7,0,0,0,0,0,2,0,0,0,2.000000000000000,0.000000000000000,0,1,0,15000,"Mapped, On Network",-81.273629999899995,28.546473829800000,666237.589709999971092,507428.364757000003010,4/11/2019 5:56:44 PM,6879_6918
1163,1164,1,1163,19361,87289807,FHPD18OFF124418,FHP,Long,12/7/2018 0:00:00,04:22 PM,Orlando Expwy Auth,Orange,STATE ROAD 408 EB MM17,CHICKASAW TR,400,West,Rear End,4,0,0,0,N,N,N,8000.000000000000000,Clear,Daylight,0,Rear End,E,Property Damage Only,Y,Front to Rear,Motor Vehicle in Transport,On Roadway,Non-Junction,N,Not at Intersection,State,Paved,Dry,None, , ,None, , ,N,N, , , , ,0,0,0,0,0,0,0,0,0,0,0,0,0.000000000000000,0.000000000000000,0,2,0,8000,"Mapped, Not On Network",-81.279347110000003,28.543722759400001,665686.128845999948680,507110.586367000010796,12/9/2018 3:54:52 PM,6918_8406
1164,1165,1,1164,19364,88008558,FHPD18OFF123274,FHP,Long,12/4/2018 0:00:00,05:26 PM,Orlando Expwy Auth,Orange,SR-408 (MM16),GOLDENROD ROAD,80,West,Unknown,2,0,0,0,N,N,N,800.000000000000000,Cloudy,Daylight,0,Unknown, ,Property Damage Only,N,Angle,Motor Vehicle in Transport,On Roadway,Non-Junction,N,Not at Intersection,Turnpike/Toll,Paved,Dry,None, , ,None, , ,N,N, , , , ,0,0,0,0,0,0,0,0,0,0,0,0,0.000000000000000,0.000000000000000,0,0,0,800,"Mapped, Not On Network",-81.289699999600003,28.539670024799999,664685.168999999994412,506638.351900000008754,12/9/2018 3:54:57 PM,6881_8431
1165,1166,1,1165,19380,88006193,FHPD18OFF123440,FHP,Long,12/5/2018 0:00:00,09:05 AM,Orlando Expwy Auth,Orange,STATE RD 417,BOGGY CREEK RD,2,South,Unknown,2,0,0,0,N,N,N,0.000000000000000,Clear,Daylight,0,Unknown,N,Property Damage Only,N,"Sideswipe, Same Direction",Motor Vehicle in Transport,On Roadway,Non-Junction,N,Not at Intersection,State,Paved,Dry,None, , ,None, , ,N,N, , , , ,0,0,0,0,0,0,0,0,0,0,0,0,0.000000000000000,0.000000000000000,0,0,0,0,"Mapped, Not On Network",-81.309605738800002,28.369411652000000,663154.000000000000000,487692.000000000000000,12/9/2018 3:54:50 PM,11015_8482
1166,1167,1,1166,19381,88006188,FHPD18OFF120946,FHP,Long,11/28/2018 0:00:00,11:37 AM,Orlando Expwy Auth,Orange,STATE RD 528,STATE RD 520,10560,West,Unknown,2,0,0,0,N,N,N,5000.000000000000000,Clear,Daylight,0,Unknown,W,Property Damage Only,N,Other,Other Non-Collision,On Roadway,Non-Junction,N,Not at Intersection,State,Paved,Dry,None, , ,None, , ,N,N, , , , ,0,0,0,0,0,0,0,0,0,0,0,0,0.000000000000000,0.000000000000000,0,0,0,5000,"Mapped, Not On Network",-80.984569999800001,28.452640024600001,694714.540200000046752,497667.820999999996275,12/9/2018 3:54:50 PM,8091_5943
1167,1168,1,1167,19382,88005685,FHPD18OFF123793,FHP,Short,12/6/2018 0:00:00,08:00 AM,Orlando Expwy Auth,Orange,EB SR-408,CR-431,0,East,Rear End,2,0,0,0,N,N,N,12000.000000000000000,Clear,Daylight,0,Rear End,E,Property Damage Only,Y,Front to Rear,Motor Vehicle in Transport,On Roadway,Non-Junction,N,Not at Intersection,Turnpike/Toll,Paved,Dry,None, , ,None, , ,N,N, , , , ,0,0,0,0,0,0,0,0,0,0,0,0,0.000000000000000,0.000000000000000,0,1,0,12000,"Mapped, Not On Network",-81.446307750000003,28.548233419399999,649373.574265999952331,507262.726342000009026,12/9/2018 3:54:51 PM,8205_6294
1168,1169,1,1168,19383,88005683,FHPD18OFF123077,FHP,Long,12/4/2018 0:00:00,07:44 AM,Orlando Expwy Auth,Orange,EB SR-408,ROUSE ROAD,5280,West,Off Road,1,0,0,0,N,N,N,6000.000000000000000,Cloudy,Daylight,0,Off Road,E,Property Damage Only,Y,Other,Concrete Traffic Barrier,On Roadway,Non-Junction,N,Not at Intersection,Turnpike/Toll,Paved,Wet,Work Zone, , ,None, , ,N,Y,Work on Shoulder or Median,Activity Area,Y,N,0,0,0,0,0,0,0,0,0,0,0,0,0.000000000000000,0.000000000000000,0,0,0,6000,"Mapped, Not On Network",-81.223629999799996,28.547410024800001,671117.070100000011735,507641.248699999996461,12/9/2018 3:54:51 PM,8057_6045
1169,1170,1,1169,19393,87944694,2018-00469940,Orlando PD,Long,12/8/2018 0:00:00,05:01 PM,Orlando,Orange,SR417 (CENTRAL FL GREENWAY) SOUTH BOUND,LAKE NONA BLVD,0,South,Rear End,2,0,0,1,N,N,N,20000.000000000000000,Clear,Daylight,0,Rear End,S,Injury,Y,Front to Rear,Motor Vehicle in Transport,On Roadway,Non-Junction,N,Not at Intersection,U.S.,Paved,Dry,None, , ,None, , ,N,N, , , , ,0,0,2,0,0,0,0,1,0,0,0,0,0.000000000000000,0.000000000000000,0,0,0,20000,"Mapped, On Network",-81.281191343000003,28.377795423300000,665912.306646000011824,488683.804961999994703,3/27/2019 6:06:17 PM,8603_8478
1170,1171,1,1170,19418,88005684,FHPD18OFF123407,FHP,Short,12/5/2018 0:00:00,07:17 AM,Orlando Expwy Auth,Orange,SB SR-429,WEST RD,5280,North,Rear End,2,0,0,0,N,N,N,10000.000000000000000,Clear,Daylight,0,Rear End,S,Property Damage Only,Y,Front to Rear,Motor Vehicle in Transport,On Roadway,Non-Junction,N,Not at Intersection,Turnpike/Toll,Paved,Dry,None, , ,None, , ,N,N, , , , ,0,0,0,0,0,0,0,0,0,0,0,0,0.000000000000000,0.000000000000000,0,1,0,10000,"Mapped, Not On Network",-81.537839930000004,28.627615999700001,640260.458287999965250,515895.049747999990359,12/9/2018 3:54:51 PM,8438_6296
1171,1172,1,1171,19419,87945053,2018-00470255,Orlando PD,Long,12/7/2018 0:00:00,09:26 PM,Orlando,Orange,EW EBO,I4 EBO,400,West,Rear End,2,0,0,5,N,N,N,2000.000000000000000,Clear,Dark - Lighted,0,Rear End,E,Injury,Y,Front to Rear,Motor Vehicle in Transport,On Roadway,Non-Junction,N,Not at Intersection,State,Paved,Dry,None, , ,None, , ,N,N, , , , ,0,0,3,0,0,0,0,0,5,0,0,0,0.000000000000000,0.000000000000000,0,0,0,2000,"Mapped, On Network",-81.384828515899997,28.535096914299999,655407.201793999993242,505929.991890000004787,4/4/2019 9:38:42 PM,6679_6276
1172,1173,1,1172,19450,87943995,2018-00465307,Orlando PD,Long,12/4/2018 0:00:00,02:05 PM,Orlando,Orange,CENTRAL FL GRNWY NBO(S.R 417),LAKE NONA BLVD EXIT RAMP,150,East,Rear End,2,0,0,1,N,N,N,7894000.000000000000000,Clear,Daylight,0,Rear End,E,Injury,Y,"Sideswipe, Same Direction",Motor Vehicle in Transport,On Roadway,Non-Junction,N,Not at Intersection,State,Paved,Dry,None, , ,None, , ,N,N, , , , ,0,0,0,0,0,0,0,1,0,0,0,0,0.000000000000000,0.000000000000000,0,1,0,7894000,"Mapped, On Network",-81.280305743200003,28.377855774699999,665998.760628000018187,488692.415762000018731,4/4/2019 10:05:01 PM,8520_8502
1173,1174,1,1173,19452,87289805,FHPD18OFF124017,FHP,Long,12/6/2018 0:00:00,05:41 PM,Orlando Expwy Auth,Orange,STATE ROAD 417 MM37,UNIVERSITY BLVD,5280,South,Off Road,1,0,0,0,N,N,N,500.000000000000000,Clear,Daylight,0,Off Road,N,Property Damage Only,Y,Other,Concrete Traffic Barrier,On Roadway,Non-Junction,N,Not at Intersection,State,Paved,Dry,None, , ,None, , ,N,N, , , , ,0,0,0,0,0,0,0,0,0,0,0,0,0.000000000000000,0.000000000000000,0,0,0,500,"Mapped, Not On Network",-81.250079999500002,28.597450024499999,668410.698500000056811,513139.212100000004284,12/9/2018 3:54:52 PM,8588_8118
1174,1175,1,1174,19453,87289804,FHPD18OFF123640,FHP,Long,12/5/2018 0:00:00,05:20 PM,Orlando Expwy Auth,Orange,STATE ROAD 417 NB MM8,JOHN YOUNG PKWY,0,South,Rear End,2,0,0,0,N,Y,N,7000.000000000000000,Clear,Daylight,0,Rear End,N,Property Damage Only,Y,Front to Rear,Motor Vehicle in Transport,On Roadway,Non-Junction,N,Not at Intersection,State,Paved,Dry,None, , ,None, , ,N,N, , , , ,0,0,0,0,0,0,0,0,0,0,0,0,0.000000000000000,0.000000000000000,0,2,0,7000,"Mapped, Not On Network",-81.437938910000000,28.362035818799999,650620.289863000041805,486605.707185000006575,12/9/2018 3:54:52 PM,6959_8287
1175,1176,1,1175,19454,87289803,FHPD18OFF122969,FHP,Long,12/3/2018 0:00:00,05:49 PM,Orlando Expwy Auth,Orange,STATE ROAD 417 MM24,MOSS PARK RD,400,North,Unknown,2,0,0,0,N,N,N,500.000000000000000,Clear,Daylight,0,Unknown,N,Property Damage Only,Y,"Sideswipe, Same Direction",Motor Vehicle in Transport,On Roadway,Non-Junction,N,Not at Intersection,State,Paved,Dry,None, , ,None, , ,N,N, , , , ,0,0,0,0,0,0,0,0,0,0,0,0,0.000000000000000,0.000000000000000,0,1,0,500,"Mapped, Not On Network",-81.227620000100003,28.414640024899999,671058.976499999989755,492891.268600000010338,12/9/2018 3:54:52 PM,8533_8540
1176,1177,1,1176,19455,87289798,FHPD18OFF119900,FHP,Long,11/25/2018 0:00:00,11:56 AM,Orlando Expwy Auth,Orange,STATE ROAD 408 EB,JOHN YOUNG PKWY,5280,West,Unknown,3,0,0,0,N,N,N,3000.000000000000000,Clear,Daylight,0,Unknown,E,Property Damage Only,Y,Front to Rear,Motor Vehicle in Transport,On Roadway,Non-Junction,N,Not at Intersection,State,Paved,Dry,None, , ,None, , ,N,N, , , , ,0,0,4,0,0,0,0,0,0,0,0,0,0.000000000000000,0.000000000000000,0,2,0,3000,"Mapped, Not On Network",-81.416920000399998,28.544940024900001,652250.595100000035018,506956.827500000013970,12/9/2018 3:54:52 PM,8215_6440
1177,1178,1,1177,19471,88006192,FHPD18OFF123394,FHP,Short,12/5/2018 0:00:00,06:58 AM,Orlando Expwy Auth,Orange,STATE RD 417,STATE RD 528,5280,South,Sideswipe,2,0,0,0,N,N,N,2000.000000000000000,Clear,Dusk,0,Same Direction Sideswipe,N,Property Damage Only,N,"Sideswipe, Same Direction",Motor Vehicle in Transport,On Roadway,Non-Junction,N,Not at Intersection,State,Paved,Dry,None, , ,None, , ,N,N, , , , ,0,0,0,0,0,0,0,0,0,0,0,0,0.000000000000000,0.000000000000000,0,1,0,2000,"Mapped, Not On Network",-81.229709999600004,28.438150024999999,670796.018599999952130,495496.957700000028126,12/9/2018 3:54:50 PM,7999_8391
1178,1179,1,1178,19472,88008559,FHPD18OFF124518,FHP,Long,12/7/2018 0:00:00,07:29 PM,Orlando Expwy Auth,Orange,SR-528 (MM14),SR-417,5280,West,Rear End,3,0,0,3,N,N,N,11500.000000000000000,Clear,Dark - Lighted,0,Rear End,E,Injury,N,Front to Rear,Motor Vehicle in Transport,On Roadway,Non-Junction,N,Not at Intersection,Turnpike/Toll,Paved,Dry,None, , ,None, , ,N,N, , , , ,0,0,2,0,0,0,0,2,1,0,0,0,0.000000000000000,0.000000000000000,0,1,0,11500,"Mapped, Not On Network",-81.240149999699995,28.451250024800000,669743.121200000052340,496928.550600000016857,12/9/2018 3:54:57 PM,6666_8074
1179,1180,1,1179,19494,88048112,FHPD18OFF124663,FHP,Short,12/8/2018 0:00:00,08:24 AM,Unincorporated,Orange,STATE ROAD 528 (BEACHLINE EXPY),STATE ROAD 520,100,East,Other,2,0,0,0,N,Y,N,2000.000000000000000,Clear,Daylight,0,Parked Vehicle,E,Property Damage Only,N,Front to Front,Motor Vehicle in Transport,On Roadway,Non-Junction,N,Not at Intersection,County,Paved,Dry,None, , ,None, , ,N,N, , , , ,0,0,1,0,0,0,0,0,0,0,0,0,0.000000000000000,0.000000000000000,0,1,0,2000,"Mapped, On Network",-80.973423080900005,28.452705343500000,695803.593440999975428,497701.762639000022318,3/8/2019 9:00:10 PM,6598_8091
1180,1181,1,1180,19503,87289806,FHPD18OFF124018,FHP,Long,12/6/2018 0:00:00,05:49 PM,Orlando Expwy Auth,Orange,STATE ROAD 417 NB,LEE VISTA BLVD,0,South,Other,1,0,0,0,N,N,N,6000.000000000000000,Clear,Dusk,0,Single Vehicle,N,Property Damage Only,Y,Other,Motor Vehicle in Transport,On Roadway,Non-Junction,N,Not at Intersection,State,Paved,Dry,None, , ,None, , ,N,N, , , , ,0,0,0,0,0,0,0,0,0,0,0,0,0.000000000000000,0.000000000000000,0,0,0,6000,"Mapped, Not On Network",-81.239420000300001,28.477840025100001,669748.356600000057369,499882.397100000001956,12/9/2018 3:54:52 PM,8544_8386
1181,1182,1,1181,19506,88037108,FHPD18OFF124688,FHP,Short,12/8/2018 0:00:00,10:56 AM,Orlando Expwy Auth,Orange,STATE ROAD 417 NORTHBOUND OFF RAMP,LANDSTAR BLVD,0, ,Rear End,2,0,0,0,N,Y,N,2500.000000000000000,Clear,Daylight,0,Rear End,N,Property Damage Only,N,Front to Rear,Motor Vehicle in Transport,On Roadway,Entrance/Exit Ramp,N,Not at Intersection,State,Unpaved,Dry,None, , ,None, , ,N,N, , , , ,0,0,3,0,0,0,0,0,0,0,0,0,0.000000000000000,0.000000000000000,0,1,0,2500,"Mapped, Not On Network",-81.351280000000003,28.368930048799999,659079.519825999974273,487550.282522999972571,12/9/2018 3:54:45 PM,8466_7095
1182,1183,1,1182,19516,88006186,FHPD18OFF119168,FHP,Short,11/23/2018 0:00:00,08:10 AM,Orlando Expwy Auth,Orange,STATE RD 417,WORLD CENTER DR,10560,North,Sideswipe,2,0,0,0,N,N,N,6500.000000000000000,Clear,Daylight,0,Same Direction Sideswipe,N,Property Damage Only,N,"Sideswipe, Same Direction",Motor Vehicle in Transport,On Roadway,Non-Junction,N,Not at Intersection,State,Paved,Dry,None, , ,None, , ,N,N, , , , ,0,0,1,0,0,0,0,0,0,0,0,0,0.000000000000000,0.000000000000000,0,1,0,6500,"Mapped, Not On Network",-81.476280000100004,28.356580024700001,646882.699299999978393,485922.590800000005402,11/24/2018 5:10:37 PM,6071_8579
1183,1184,1,1183,19518,88006183,FHPD18OFF118508,FHP,Short,11/21/2018 0:00:00,06:31 AM,Orlando Expwy Auth,Orange,STATE RD 408,STATE RD 417,400,East,Sideswipe,2,0,0,0,N,N,N,1000.000000000000000,Clear,Daylight,0,Same Direction Sideswipe,W,Property Damage Only,N,Other,Other Non-Collision,On Roadway,Non-Junction,N,Not at Intersection,State,Paved,Dry,None, , ,None, , ,N,Y,Work on Shoulder or Median,Activity Area,N,N,0,0,0,0,0,0,0,0,0,0,0,0,0.000000000000000,0.000000000000000,0,1,0,1000,"Mapped, Not On Network",-81.258099999500004,28.547300024900000,667751.848099999944679,507553.720800000010058,11/24/2018 5:10:37 PM,8033_8027
1184,1185,1,1184,19522,88037100,FHPD18OFF119055,FHP,Long,11/22/2018 0:00:00,05:21 PM,Orlando Expwy Auth,Orange,STATE ROAD 417 SOUTHBOUND,CURRY FORD MAINLINE PLAZA,0, ,Off Road,1,0,0,0,N,N,N,4000.000000000000000,Clear,Dark - Lighted,0,Off Road,S,Property Damage Only,Y,Other,"Other Post, Pole or Support",On Roadway,Non-Junction,N,Not at Intersection,State,Paved,Dry,None, , ,None, , ,N,N, , , , ,0,0,1,0,0,0,0,0,0,0,0,0,0.000000000000000,0.000000000000000,0,1,0,4000,"Mapped, Not On Network",-81.242429999999999,28.489830049199998,669424.511245999950916,501207.050830999971367,11/24/2018 5:10:32 PM,6314_6315
1185,1186,1,1185,19525,88013638,FHPD18OFF118271,FHP,Long,11/20/2018 0:00:00,02:13 PM,Orlando Expwy Auth,Orange,SR417,37MM,0, ,Off Road,1,0,0,2,N,N,N,6000.000000000000000,Clear,Daylight,0,Off Road,N,Injury,Y,Other,Concrete Traffic Barrier,Off Roadway,Non-Junction,N,Not at Intersection,Turnpike/Toll,Paved,Dry,None, , ,None, , ,N,Y,Work on Shoulder or Median,Advance Warning Area,N,N,0,0,1,0,0,0,0,0,2,0,0,0,2.000000000000000,0.000000000000000,0,1,0,6000,"Mapped, Not On Network",-81.256649999999993,28.607570049600000,667744.527461000019684,514248.532761999987997,11/24/2018 5:10:44 PM,5988_6758
1186,1187,1,1186,19530,87942268,2018-00436095,Orlando PD,Short,11/12/2018 0:00:00,07:40 AM,Orlando,Orange,SR 408 WB,INTERSTATE 4,1000,East,Rear End,2,0,0,0,N,N,N,1000.000000000000000,Clear,Daylight,0,Rear End,W,Property Damage Only,Y,Front to Rear,Motor Vehicle in Transport,On Roadway,Non-Junction,N,Not at Intersection,State,Paved,Dry,None, , ,None, , ,N,N, , , , ,0,0,0,0,0,0,0,0,0,0,0,0,0.000000000000000,0.000000000000000,0,0,0,1000,"Mapped, Not On Network",-81.391829999899997,28.535110024900000,654723.482599999988452,505916.965599999995902,11/24/2018 5:10:23 PM,8267_6679
1187,1188,1,1187,19543,87946202,2018-00445024,Orlando PD,Short,11/18/2018 0:00:00,11:39 AM,Orlando,Orange,SR 408 (EBO),S ROSALIND AV,0, ,Sideswipe,2,0,0,0,N,N,N,800.000000000000000,Clear,Daylight,0,Same Direction Sideswipe,E,Property Damage Only,Y,"Sideswipe, Same Direction",Motor Vehicle in Transport,On Roadway,Non-Junction,N,Not at Intersection,State,Paved,Dry,None, , ,None, , ,N,N, , , , ,0,0,0,0,0,0,0,0,0,0,0,0,0.000000000000000,0.000000000000000,0,0,0,800,"Mapped, On Network",-81.382137323199998,28.535129511699999,655669.917200000025332,505939.188036000006832,2/7/2019 5:50:42 PM,6679_6276
1188,1189,1,1188,19554,88006182,FHPD18OFF118270,FHP,Long,11/20/2018 0:00:00,02:09 PM,Orlando Expwy Auth,Orange,STATE RD 528,SUNBRIDGE PKWY,5280,East,Other,1,0,0,0,N,N,N,4000.000000000000000,Clear,Daylight,0,Single Vehicle,W,Property Damage Only,N,Other,Other Non-Collision,On Roadway,Non-Junction,N,Not at Intersection,State,Paved,Dry,None, , ,None, , ,N,N, , , , ,0,0,1,0,0,0,0,0,0,0,0,0,0.000000000000000,0.000000000000000,0,0,0,4000,"Mapped, Not On Network",-81.175799999999995,28.451610049100001,676030.579710999969393,497110.925741999992169,11/24/2018 5:10:37 PM,6945_8095
1189,1190,1,1189,19579,88006184,FHPD18OFF118558,FHP,Long,11/21/2018 0:00:00,09:23 AM,Orlando Expwy Auth,Orange,STATE RD 528,STATE RD 417,10560,West,Sideswipe,2,0,0,1,N,N,N,950.000000000000000,Clear,Daylight,0,Same Direction Sideswipe,W,Injury,N,Angle,Motor Vehicle in Transport,On Roadway,Non-Junction,N,Not at Intersection,State,Paved,Dry,None, , ,None, , ,N,N, , , , ,0,0,0,0,0,0,0,1,0,0,0,0,1.000000000000000,0.000000000000000,0,2,0,950,"Mapped, On Network",-81.255052312999993,28.449304845200000,668291.643520000041462,496680.069396000006236,1/31/2019 12:40:03 PM,6663_8065
1190,1191,1,1190,19630,88013646,FHPD18OFF123083,FHP,Long,12/4/2018 0:00:00,08:02 AM,Orlando Expwy Auth,Orange,SR408,8MM,0, ,Unknown,2,0,0,0,N,N,N,1000.000000000000000,Cloudy,Daylight,0,Unknown,E,Property Damage Only,Y,"Sideswipe, Same Direction",Motor Vehicle in Transport,On Roadway,Non-Junction,N,Not at Intersection,State,Paved,Dry,None, , ,None, , ,N,N, , , , ,0,0,0,0,0,0,0,0,0,0,0,0,0.000000000000000,0.000000000000000,0,0,0,1000,"Mapped, Not On Network",-81.413709999999995,28.542750049399999,652569.122146000037901,506720.241870999976527,12/13/2018 8:25:01 AM,8217_8215
1191,1192,1,1191,19660,88030248,FHPD18OFF123036,FHP,Long,12/4/2018 0:00:00,03:15 AM,Orlando,Orange,STATE ROAD 408 (EAST-WEST EXPRESSWAY),MILE MARKER 16,250,West,Rear End,2,0,0,0,N,Y,N,5500.000000000000000,Rain,Dark - Lighted,0,Rear End,E,Property Damage Only,N,Front to Rear,Motor Vehicle in Transport,On Roadway,Non-Junction,N,Not at Intersection,State,Paved,Wet,None, , ,None, , ,N,Y,Lane Closure,Activity Area,Y,N,0,0,1,0,0,0,0,0,0,0,0,0,0.000000000000000,0.000000000000000,0,1,0,5500,"Mapped, Not On Network",-81.292492559999999,28.539472079399999,664412.976830000057817,506610.383267999975942,12/7/2018 3:42:43 PM,6881_8431
1192,1193,1,1192,19686,88008556,FHPD18OFF122766,FHP,Long,12/3/2018 0:00:00,02:29 PM,Orlando Expwy Auth,Orange,SR-408 (MM21),ALAFAYA TRAIL,300,West,Off Road,1,0,0,0,N,N,N,4300.000000000000000,Rain,Daylight,0,Off Road,E,Property Damage Only,N,Other,Guardrail Face,Shoulder,Non-Junction,N,Not at Intersection,Turnpike/Toll,Paved,Wet,None, , ,None, , ,N,Y,Work on Shoulder or Median,Advance Warning Area,Y,N,0,0,0,0,0,0,0,0,0,0,0,0,0.000000000000000,0.000000000000000,0,1,0,4300,"Mapped, Not On Network",-81.203944043899995,28.549835705900001,673033.000000000000000,507954.000000000000000,12/7/2018 3:42:54 PM,8041_6970
1193,1194,1,1193,19694,87163414,FHPD18OFF123370,FHP,Long,12/4/2018 0:00:00,10:19 PM,Orlando,Orange,SR-528-TOLL W,DALLAS BOULEVARD,5280,West,Off Road,1,0,0,0,N,N,N,6000.000000000000000,Clear,Dark - Lighted,0,Off Road,E,Property Damage Only,N,Other,Cable Barrier,Off Roadway,Non-Junction,N,Not at Intersection,State,Paved,Dry,None, , ,None, , ,N,Y,Lane Closure,Activity Area,Y,Y,0,0,0,0,0,0,0,0,0,0,0,0,0.000000000000000,0.000000000000000,0,0,0,6000,"Mapped, Not On Network",-81.100470000000001,28.451640024400000,683391.736900000018068,497285.123000000021420,12/7/2018 3:43:01 PM,8112_6073
1194,1195,1,1194,19715,88008557,FHPD18OFF122957,FHP,Long,12/3/2018 0:00:00,06:59 PM,Orlando Expwy Auth,Orange,SR-528,SR-417,0, ,Off Road,1,0,0,0,N,N,N,3400.000000000000000,Cloudy,Dark - Lighted,0,Off Road,E,Property Damage Only,N,Other,Guardrail Face,Shoulder,Entrance/Exit Ramp,N,Not at Intersection,Turnpike/Toll,Paved,Wet,None, , ,Weather Conditions, , ,N,N, , , , ,0,0,0,0,0,0,0,0,0,0,0,0,0.000000000000000,0.000000000000000,0,2,0,3400,"Mapped, Not On Network",-81.240149999699995,28.451250024800000,669743.121200000052340,496928.550600000016857,12/7/2018 3:42:54 PM,6666_8074
1195,1196,1,1195,19765,87943729,2018-00459113,Orlando PD,Long,11/29/2018 0:00:00,10:43 PM,Orlando,Orange,SR 528,SR 436,500,West,Sideswipe,2,0,0,2,N,N,N,3000.000000000000000,Clear,Dark - Lighted,0,Same Direction Sideswipe,W,Injury,Y,"Sideswipe, Same Direction",Motor Vehicle in Transport,On Roadway,Non-Junction,N,Not at Intersection,Turnpike/Toll,Curb,Dry,None, , ,None, , ,N,N, , , , ,0,0,0,0,0,0,0,1,1,0,0,0,1.000000000000000,0.000000000000000,0,0,0,3000,"Mapped, Not On Network",-81.317930000000004,28.451340024499999,662142.032899999991059,496770.801199999987148,12/7/2018 3:42:01 PM,6947_8301
1196,1197,1,1196,19806,88008565,FHPD18OFF128177,FHP,Long,12/17/2018 0:00:00,05:39 PM,Orlando Expwy Auth,Orange,SR-417 (MM15),LANDSTAR BLVD,5280,North,Rear End,2,0,0,0,N,N,N,2400.000000000000000,Clear,Daylight,0,Rear End,S,Property Damage Only,N,Front to Rear,Motor Vehicle in Transport,On Roadway,Non-Junction,N,Not at Intersection,Turnpike/Toll,Paved,Dry,None, , ,None, , ,N,N, , , , ,0,0,0,0,0,0,0,0,0,0,0,0,0.000000000000000,0.000000000000000,0,1,0,2400,"Mapped, Not On Network",-81.374719999600003,28.368170024400001,656788.925500000012107,487416.867000000027474,12/19/2018 4:30:00 PM,9178_7997
1197,1198,1,1197,19812,88051393,FHPD18OFF127992,FHP,Short,12/17/2018 0:00:00,09:50 AM,Unincorporated,Orange,STATE ROAD 417  (CENTRAL FLORIDA GREENWAY),STATE ROAD 50 (EAST COLONIAL DRIVE),20,North,Other,2,0,0,0,N,Y,N,1000.000000000000000,Clear,Daylight,0,Other,S,Property Damage Only,N,Front to Rear,Motor Vehicle in Transport,On Roadway,Non-Junction,N,Not at Intersection,State,Curb,Dry,None, , ,None, , ,N,N, , , , ,0,0,1,0,0,0,0,0,0,0,0,0,0.000000000000000,0.000000000000000,0,1,0,1000,"Mapped, Not On Network",-81.412760000199995,28.375160024800000,653052.347999999998137,488114.342699999979232,12/19/2018 4:29:35 PM,8107_8280
1198,1199,1,1198,19829,88008566,FHPD18OFF128221,FHP,Long,12/17/2018 0:00:00,06:33 PM,Orlando Expwy Auth,Orange,SR-417 (MM36),UNIVERSITY BLVD,80,South,Sideswipe,2,0,0,0,N,N,N,2200.000000000000000,Clear,Dark - Lighted,0,Same Direction Sideswipe,S,Property Damage Only,N,Angle,Motor Vehicle in Transport,On Roadway,Non-Junction,N,Not at Intersection,Turnpike/Toll,Paved,Dry,None, , ,None, , ,N,Y,Work on Shoulder or Median,Activity Area,N,N,0,0,0,0,0,0,0,0,0,0,0,0,0.000000000000000,0.000000000000000,0,2,0,2200,"Mapped, Not On Network",-81.250079999500002,28.597450024499999,668410.698500000056811,513139.212100000004284,12/19/2018 4:30:00 PM,8588_8118
1199,1200,1,1199,19891,88032011,FHPD18OFF123007,FHP,Long,12/3/2018 0:00:00,10:00 PM,Orlando,Orange,STATE ROAD 528 EASTBOUND ENTRANCE RAMP,MM16,0, ,Off Road,2,0,0,5,N,Y,N,12000.000000000000000,Cloudy,Dusk,0,Off Road,E,Injury,N,Other,Utility Pole/Light Support,On Roadway,Intersection,N,Not at Intersection,State,Unpaved,Wet,None, , ,None, , ,N,N, , , , ,0,0,3,0,0,0,0,5,0,0,0,0,0.000000000000000,0.000000000000000,0,0,0,12000,"Mapped, On Network",-81.224261892499996,28.451353870900000,671295.477110999985598,496974.934783999982756,4/11/2019 6:05:55 PM,8019_6319