FID,OBJECTID_1,Join_Count,TARGET_FID,OBJECTID,HSMV_Repor,Agency_Rep,Reporting_,Form_Type,Crash_Date,Crash_Time,City,County,Crash_Stre,Intersecti,Offset_Dis,Offset_Dir,Crash_Type,Vehicles,Non_Motori,Fatalities,Injuries,Alcohol_Re,Distractio,Drug_Relat,Estimated_,Weather_Co,Light_Cond,Street_Num,Crash_Ty_1,Crash_Ty_2,Crash_Seve,Within_Cit,Manner_of_,First_Harm,First_HE_L,First_HE_R,First_HE_W,Type_of_In,Road_Sys_I,Type_of_Sh,Road_Surf_,Contrib_Ci,Contrib__1,Contrib__2,Contrib__3,Contrib__4,Contrib__5,School_Bus,Work_Zone_,Type_of_Wo,Loc_in_Wor,Workers_in,Law_Enforc,Mopeds,Motorcycle,Passengers,Bicyclists,Pedestrian,Fataliti_1,Injuries_U,Possible_I,Non_Incapa,Incapacita,Fataliti_2,Non_Traffi,Transporte,Transpor_1,Transpor_2,Citations,Property_D,Vehicle_Dm,S4_Mapping,S4_Decimal,S4_Decim_1,S4_Albers_,S4_Albers1,S4_Mappi_1,zone_id_st
1200,1201,1,1200,19925,88005692,FHPD18OFF128327,FHP,Long,12/18/2018 0:00:00,07:40 AM,Orlando Expwy Auth,Orange,SB SR-429,WEST ROAD,0,North,Rear End,2,0,0,1,N,N,N,10.000000000000000,Cloudy,Daylight,0,Rear End,S,Injury,Y,Front to Rear,Motor Vehicle in Transport,On Roadway,Non-Junction,N,Not at Intersection,Turnpike/Toll,Paved,Dry,None, , ,None, , ,N,N, , , , ,0,0,0,0,0,0,0,1,0,0,0,0,0.000000000000000,0.000000000000000,0,1,0,10,"Mapped, Not On Network",-81.542130959999994,28.602249469600000,639897.935667000012472,513070.172507999988738,12/19/2018 4:30:05 PM,8458_8393
1201,1202,1,1201,19933,88008562,FHPD18OFF124910,FHP,Long,12/8/2018 0:00:00,07:31 PM,Orlando Expwy Auth,Orange,SR-417 EXIT 34,SR-50 (COLONIAL DRIVE),60,South,Rear End,2,0,0,0,N,N,N,2400.000000000000000,Clear,Dark - Lighted,0,Rear End,N,Property Damage Only,N,Front to Rear,Motor Vehicle in Transport,On Roadway,Non-Junction,N,Not at Intersection,Turnpike/Toll,Paved,Dry,None, , ,None, , ,N,N, , , , ,0,0,0,0,0,0,0,0,0,0,0,0,0.000000000000000,0.000000000000000,0,2,0,2400,"Mapped, Not On Network",-81.412760000199995,28.375160024800000,653052.347999999998137,488114.342699999979232,12/10/2018 3:20:32 PM,8107_8280
1202,1203,1,1202,19937,87940276,2018-00459393,Orlando PD,Long,11/30/2018 0:00:00,06:51 AM,Orlando,Orange,SR 408 WEST,SR 408 WEST EXIT RAMP TO I4 WEST,500,East,Rear End,5,0,0,4,N,N,N,21500.000000000000000,Clear,Dusk,0,Rear End,W,Injury,Y,Angle,Motor Vehicle in Transport,On Roadway,Entrance/Exit Ramp,N,Not at Intersection,State,Curb,Dry,None, , ,None, , ,N,Y,Work on Shoulder or Median,Activity Area, ,N,0,0,2,0,0,0,0,4,0,0,0,0,0.000000000000000,0.000000000000000,0,1,0,21500,"Mapped, On Network",-81.373298443600007,28.537208955200001,656528.105008000042289,506188.426830000011250,4/11/2019 6:10:16 PM,8313_6737
1203,1204,1,1203,19957,88047220,FHPK18OFF091577,FHP,Long,12/17/2018 0:00:00,05:53 PM,Winter Garden,Orange,STATE ROAD 429,MILE MARKER 21,0, ,Rear End,4,0,0,0,N,N,N,11750.000000000000000,Clear,Dark - Lighted,0,Rear End,S,Property Damage Only,N,Front to Rear,Motor Vehicle in Transport,On Roadway,Non-Junction,N,Not at Intersection,Turnpike/Toll,Unpaved,Dry,None, , ,None, , ,N,N, , , , ,0,0,0,0,0,0,0,0,0,0,0,0,0.000000000000000,0.000000000000000,0,1,0,11750,"Mapped, Not On Network",-81.564278279999996,28.529248799400001,637896.672970999963582,504921.726986000023317,12/19/2018 4:29:38 PM,8524_6989
1204,1205,1,1204,19972,88037103,FHPD18OFF121044,FHP,Long,11/28/2018 0:00:00,03:58 PM,Orlando Expwy Auth,Orange,STATE ROAD 417 SOUTHBOUND,STATE ROAD 528 EASTBOUND ON RAMP,0, ,Off Road,1,0,0,0,N,N,N,3000.000000000000000,Clear,Daylight,0,Off Road,E,Property Damage Only,N,Other,Other Fixed Object,On Roadway,Entrance/Exit Ramp,N,Not at Intersection,State,Unpaved,Dry,None, , ,None, , ,N,N, , , , ,0,0,1,0,0,0,0,0,0,0,0,0,0.000000000000000,0.000000000000000,0,0,0,3000,"Mapped, Not On Network",-81.233029999999999,28.462220049199999,670411.567277000052854,498162.130354999972042,12/1/2018 5:12:52 PM,6173_8544
1205,1206,1,1205,19973,88008551,FHPD18OFF121289,FHP,Long,11/29/2018 0:00:00,10:08 AM,Orlando Expwy Auth,Orange,SR-408 (MM3.5),DORSCHER RD,100,East,Unknown,2,0,0,0,N,N,N,1200.000000000000000,Clear,Daylight,0,Unknown,W,Property Damage Only,N,Other,"Struck by Falling, Shifting Cargo",On Roadway,Non-Junction,N,Not at Intersection,Turnpike/Toll,Paved,Dry,None, , ,None, , ,N,N, , , , ,0,0,0,0,0,0,0,0,0,0,0,0,0.000000000000000,0.000000000000000,0,0,0,1200,"Mapped, Not On Network",-81.480702230000006,28.548967719400000,646013.683449000003748,507275.171425000007730,12/1/2018 5:13:01 PM,8210_8148
1206,1207,1,1206,19974,87286997,FHPK18OFF087301,FHP,Long,11/30/2018 0:00:00,02:27 PM,Winter Garden,Orange,SR-429 (WESTERN BELTWAY),NEW INDEPENDENCE PKWY,10560,North,Unknown,2,0,0,1,N,N,N,3500.000000000000000,Clear,Daylight,0,Unknown, ,Injury,N,Angle,Motor Vehicle in Transport,On Roadway,Non-Junction,N,Not at Intersection,State,Paved,Dry,None, , ,None, , ,N,N, , , , ,0,0,0,0,0,0,0,0,1,0,0,0,0.000000000000000,0.000000000000000,0,2,0,3500,"Mapped, On Network",-81.631733745299996,28.477185197400001,631420.163371999980882,499012.478193000017200,4/11/2019 6:12:28 PM,8039_8035
1207,1208,1,1207,19979,87944011,2018-00433153,Orlando PD,Short,11/9/2018 0:00:00,04:45 PM,Orlando,Orange,SR-417,LAKE NONA BLVD,0, ,Rear End,2,0,0,0,N,Y,N,500.000000000000000,Clear,Daylight,0,Rear End,S,Property Damage Only,Y,Front to Rear,Motor Vehicle in Transport,On Roadway,Non-Junction,N,Not at Intersection,State,Paved,Dry,None, , ,None, , ,N,N, , , , ,0,0,1,0,0,0,0,0,0,0,0,0,0.000000000000000,0.000000000000000,0,0,0,500,"Mapped, Not On Network",-81.273309999600002,28.380540024300000,666676.274500000057742,489005.556700000015553,12/1/2018 5:12:13 PM,8502_6701
1208,1209,1,1208,19989,88039117,FHPD18OFF120070,FHP,Short,11/25/2018 0:00:00,09:50 PM,Orlando,Orange,STATE ROAD 417,MM7,0, ,Rear End,2,0,0,0,N,N,N,5000.000000000000000,Clear,Dark - Lighted,0,Rear End,N,Property Damage Only,N,Front to Rear,Motor Vehicle in Transport,On Roadway,Non-Junction,N,Not at Intersection,County,Paved,Dry,None, , ,None, , ,N,N, , , , ,0,0,0,0,0,0,0,0,0,0,0,0,0.000000000000000,0.000000000000000,0,1,0,5000,"Mapped, Not On Network",-81.458119999999994,28.355720048799999,648660.917617999948561,485863.593074999982491,12/13/2018 5:06:38 PM,7010_6916
1209,1210,1,1209,20017,88037104,FHPD18OFF121121,FHP,Short,11/28/2018 0:00:00,06:13 PM,Orlando Expwy Auth,Orange,STATE ROAD 408 EASTBOUND,MILE MARKER 19,0, ,Rear End,2,0,0,0,N,Y,N,6000.000000000000000,Clear,Dusk,0,Rear End,E,Property Damage Only,Y,Front to Rear,Motor Vehicle in Transport,On Roadway,Non-Junction,N,Not at Intersection,State,Paved,Dry,None, , ,None, , ,N,N, , , , ,0,0,1,0,0,0,0,0,0,0,0,0,0.000000000000000,0.000000000000000,0,1,0,6000,"Mapped, Not On Network",-81.237110000000001,28.547120049400000,669801.668316000024788,507579.488367000012659,12/1/2018 5:12:52 PM,6303_6305
1210,1211,1,1210,20021,87946707,2018-00457257,Orlando PD,Long,11/28/2018 0:00:00,03:04 PM,Orlando,Orange,S R 408 (EAST WEST EXPRESSWAY),LAKE UNDERHILL ROAD,300,West,Sideswipe,2,0,0,1,N,N,N,8000.000000000000000,Clear,Daylight,0,Same Direction Sideswipe,E,Injury,Y,"Sideswipe, Same Direction",Motor Vehicle in Transport,On Roadway,Non-Junction,N,Not at Intersection,State,Paved,Dry,None, , ,None, , ,N,N, , , , ,0,0,1,0,0,0,0,1,0,0,0,0,0.000000000000000,0.000000000000000,0,0,0,8000,"Mapped, On Network",-81.342678501600005,28.538241287400002,659515.569630000041798,506367.115919000003487,4/5/2019 1:42:08 PM,6252_6227
1211,1212,1,1211,20039,88013641,FHPD18OFF119952,FHP,Short,11/25/2018 0:00:00,03:05 PM,Orlando Expwy Auth,Orange,SR-528-TOLL E,29MM,0, ,Off Road,1,0,0,0,N,N,N,4000.000000000000000,Clear,Daylight,0,Off Road,E,Property Damage Only,Y,Other,Fence,Off Roadway,Non-Junction,N,Not at Intersection,Turnpike/Toll,Paved,Dry,None, , ,None, , ,N,N, , , , ,0,0,0,0,0,0,0,0,0,0,0,0,0.000000000000000,0.000000000000000,0,0,0,4000,"Mapped, Not On Network",-81.010170000000002,28.452360049100001,692213.757728000055067,497575.814167000004090,12/1/2018 5:12:59 PM,7061_8083
1212,1213,1,1212,20040,87941838,2018-00451429,Orlando PD,Long,11/24/2018 0:00:00,09:20 PM,Orlando,Orange,EW EBO,CONWAY RD,500,East,Off Road,3,0,0,1,N,Y,N,15000.000000000000000,Clear,Dark - Lighted,0,Off Road,E,Injury,Y,Other,Concrete Traffic Barrier,Shoulder,Non-Junction,N,Not at Intersection,Interstate,Paved,Dry,None, , ,None, , ,N,N, , , , ,0,0,1,0,0,0,0,0,1,0,0,0,0.000000000000000,0.000000000000000,0,0,0,15000,"Mapped, On Network",-81.329709586000007,28.538365546600001,660781.625206000055186,506408.272100000001956,4/11/2019 9:17:40 PM,8355_8348
1213,1214,1,1213,20086,88037105,FHPD18OFF121358,FHP,Long,11/29/2018 0:00:00,02:00 PM,Orlando Expwy Auth,Orange,STATE ROAD 417 NORTHBOUND,STATE ROAD 408 WESTBOUND RAMP,0, ,Off Road,1,0,0,0,N,Y,N,7000.000000000000000,Clear,Daylight,0,Off Road,N,Property Damage Only,Y,Other,Guardrail Face,Off Roadway,Entrance/Exit Ramp,N,Not at Intersection,State,Paved,Dry,None, , ,None, , ,N,N, , , , ,0,0,0,0,0,0,0,0,0,0,0,0,0.000000000000000,0.000000000000000,0,1,0,7000,"Mapped, Not On Network",-81.266559999999998,28.555570049500002,666905.491452999995090,508453.588257999974303,12/1/2018 5:12:52 PM,8570_6966
1214,1215,1,1214,20148,87945810,2018-00443491,Orlando PD,Long,11/17/2018 0:00:00,11:37 AM,Orlando,Orange,SR 408 WEST,SR 408 EXIT RAMP TO I4 (SR 400 EAST ENTRANCE RAMP),300,West,Unknown,4,0,0,1,N,Y,N,18700.000000000000000,Clear,Daylight,0,Unknown, ,Injury,Y,Angle,Motor Vehicle in Transport,On Roadway,Entrance/Exit Ramp,N,Not at Intersection,State,Curb,Dry,None, , ,None, , ,N,N, , , , ,0,0,5,0,0,0,0,0,1,0,0,0,0.000000000000000,0.000000000000000,0,1,0,18700,"Mapped, On Network",-81.388703833099996,28.535265947300001,655028.383285999996588,505940.739235999993980,4/5/2019 3:16:42 PM,8272_8254
1215,1216,1,1215,20155,87944466,2018-00457428,Orlando PD,Long,11/28/2018 0:00:00,05:35 PM,Orlando,Orange,SR-417 SBO, ,0,North,Rollover,1,0,0,1,N,N,N,5000.000000000000000,Clear,Dusk,0,Rollover,S,Injury,Y,Other,Overturn/Rollover,On Roadway,Non-Junction,N,Not at Intersection,State,Paved,Dry,None, , ,None, , ,N,N, , , , ,0,0,0,0,0,0,0,1,0,0,0,0,1.000000000000000,0.000000000000000,0,0,0,5000,"Mapped, On Network",-81.251037902099995,28.538406540699999,668463.377183999982662,506581.646509999991395,4/11/2019 6:16:45 PM,6689_11878
1216,1217,1,1216,20212,87469056,2018TA016408,Apopka PD,Long,12/2/2018 0:00:00,11:27 PM,Apopka,Orange,SR 429,BINION RD,100,North,Unknown,2,0,0,0,N,Y,N,500.000000000000000,Clear,Dark - Not Lighted,0,Unknown,N,Property Damage Only,Y,Front to Rear,Motor Vehicle in Transport,On Roadway,Entrance/Exit Ramp,N,Not at Intersection,Turnpike/Toll,Paved,Dry,None, , ,None, , ,N,N, , , , ,0,0,3,0,0,0,0,0,0,0,0,0,0.000000000000000,0.000000000000000,0,0,0,500,"Mapped, On Network",-81.551327674299998,28.659824080800000,638873.460303000058047,519445.000157999980729,12/5/2018 4:31:54 PM,6016_6222
1217,1218,1,1217,20239,87944237,2018-00482541,Orlando PD,Short,12/17/2018 0:00:00,08:07 AM,Orlando,Orange,SR 528 (WESTBOUND BEACHLINE EXY),SR 436 (OVERPASS),150,East,Sideswipe,2,0,0,0,N,N,N,1250.000000000000000,Clear,Daylight,0,Same Direction Sideswipe,W,Property Damage Only,Y,"Sideswipe, Same Direction",Motor Vehicle in Transport,On Roadway,Non-Junction,N,Not at Intersection,State,Unpaved,Dry,None, , ,None, , ,N,N, , , , ,0,0,0,0,0,0,0,0,0,0,0,0,0.000000000000000,0.000000000000000,0,0,0,1250,"Mapped, Not On Network",-81.317930000000004,28.451340024499999,662142.032899999991059,496770.801199999987148,12/20/2018 6:31:51 PM,6947_8301
1218,1219,1,1218,20240,88037112,FHPD18OFF127691,FHP,Short,12/16/2018 0:00:00,12:08 PM,Orlando Expwy Auth,Orange,STATE ROAD 417 NORTHBOUND,MILE MARKER 37,0, ,Sideswipe,2,0,0,0,N,Y,N,2500.000000000000000,Clear,Daylight,0,Same Direction Sideswipe,N,Property Damage Only,N,"Sideswipe, Same Direction",Motor Vehicle in Transport,On Roadway,Non-Junction,N,Not at Intersection,Turnpike/Toll,Paved,Dry,None, , ,None, , ,N,N, , , , ,0,0,5,0,0,0,0,0,0,0,0,0,0.000000000000000,0.000000000000000,0,1,0,2500,"Mapped, Not On Network",-81.256649999999993,28.607570049600000,667744.527461000019684,514248.532761999987997,12/19/2018 4:29:50 PM,5988_6758
1219,1220,1,1219,20241,88037109,FHPD18OFF125059,FHP,Long,12/9/2018 0:00:00,09:57 AM,Orlando Expwy Auth,Orange,STATE ROAD 429 SOUTHBOUND,MILE MARKER 32,0, ,Off Road,1,0,0,0,N,N,N,6000.000000000000000,Rain,Daylight,0,Off Road,S,Property Damage Only,N,Other,Guardrail Face,Off Roadway,Non-Junction,N,Not at Intersection,State,Paved,Wet,Road Surface Condition, , ,Weather Conditions, , ,N,N, , , , ,0,0,0,0,0,0,0,0,0,0,0,0,0.000000000000000,0.000000000000000,0,0,0,6000,"Mapped, Not On Network",-81.559049999999999,28.685050049899999,638064.778858999954537,522230.972409999987576,12/19/2018 4:29:50 PM,6116_5880
1220,1221,1,1220,20245,87947093,2018-00483186,Orlando PD,Long,12/17/2018 0:00:00,05:45 PM,Orlando,Orange,SR 528,SR 436,5280,West,Rear End,3,0,0,4,N,N,N,2200.000000000000000,Clear,Dark - Lighted,0,Rear End,E,Injury,Y,Front to Rear,Motor Vehicle in Transport,On Roadway,Non-Junction,N,Not at Intersection,State,Paved,Dry,None, , ,None, , ,N,N, , , , ,0,0,2,0,0,0,0,4,0,0,0,0,2.000000000000000,0.000000000000000,0,1,0,2200,"Mapped, On Network",-81.325523319900000,28.451346261299999,661399.973202000022866,496755.374620000016876,4/5/2019 12:05:04 PM,8341_6947
1221,1222,1,1221,20250,88013653,FHPD18OFF127676,FHP,Long,12/16/2018 0:00:00,11:44 AM,Orlando Expwy Auth,Orange,SR429,26MM,0, ,Off Road,1,0,0,1,N,N,N,3000.000000000000000,Clear,Daylight,0,Off Road,S,Injury,Y,Other,Tree (standing),Off Roadway,Non-Junction,N,Not at Intersection,Turnpike/Toll,Paved,Dry,None, , ,None, , ,N,N, , , , ,0,0,0,0,0,0,0,0,1,0,0,0,1.000000000000000,0.000000000000000,0,0,0,3000,"Mapped, Not On Network",-81.552229999999994,28.598160049600001,638921.372586000012234,512596.503732000011951,12/19/2018 4:29:52 PM,6220_8389
1222,1223,1,1222,20251,88013652,FHPD18OFF127618,FHP,Long,12/16/2018 0:00:00,05:35 AM,Orlando Expwy Auth,Orange,SR417,32MM,0, ,Off Road,1,0,0,0,N,N,N,6000.000000000000000,"Fog, Smog, Smoke",Dark - Lighted,0,Off Road,S,Property Damage Only,Y,Other,Guardrail Face,Off Roadway,Non-Junction,N,Not at Intersection,Turnpike/Toll,Paved,Wet,None, , ,None, , ,N,N, , , , ,0,0,0,0,0,0,0,0,0,0,0,0,0.000000000000000,0.000000000000000,0,2,0,6000,"Mapped, Not On Network",-81.255449999999996,28.545170049399999,668015.847234999993816,507322.989949000009801,12/19/2018 4:29:52 PM,2529_11876
1223,1224,1,1223,20307,85508085,FHPD18OFF113153,FHP,Long,11/6/2018 0:00:00,04:38 PM,Orlando,Orange,STATE ROAD 417 NB MM33,STATE ROAD 408 WB ENT RAMP,150,South,Rear End,4,0,0,0,N,Y,N,29000.000000000000000,Clear,Daylight,0,Rear End, ,Property Damage Only,N,Angle,Motor Vehicle in Transport,On Roadway,Non-Junction,Y,Not at Intersection,Turnpike/Toll,Paved,Dry,None, , ,None, , ,N,N, , , , ,0,0,0,0,0,0,0,0,0,0,0,0,0.000000000000000,0.000000000000000,0,1,0,29000,"Mapped, Not On Network",-81.256826360000005,28.546461599400001,667878.272091999999247,507463.397915999987163,12/6/2018 4:47:23 PM,11876_8570
1224,1225,1,1224,20308,85564175,FHPD18OFF122806,FHP,Long,12/3/2018 0:00:00,03:25 PM,Orlando Expwy Auth,Orange,SR-528,SR-520,5280,West,Off Road,1,0,0,2,N,N,N,5000.000000000000000,Cloudy,Daylight,0,Off Road,E,Injury,N,Other,Tree (standing),Off Roadway,Non-Junction,N,Not at Intersection,State,Paved,Wet,None, , ,None, , ,N,N, , , , ,0,0,1,0,0,0,1,1,0,1,0,0,2.000000000000000,0.000000000000000,0,3,0,5000,"Mapped, On Network",-80.987449184200003,28.452448160700001,694433.718194999964908,497639.641834000009112,4/4/2019 10:16:09 PM,7061_8083
1225,1226,1,1225,20356,88019580,FHPD18OFF121552,FHP,Short,11/29/2018 0:00:00,11:15 PM,Orlando,Orange,STATE ROAD 417,MILE MARKER 16,350,South,Sideswipe,2,0,0,0,N,Y,N,5500.000000000000000,Clear,Dark - Lighted,0,Same Direction Sideswipe,S,Property Damage Only,N,"Sideswipe, Same Direction",Motor Vehicle in Transport,On Roadway,Non-Junction,N,Not at Intersection,State,Paved,Dry,None, , ,None, , ,N,N, , , , ,0,0,2,0,0,0,0,0,0,0,0,0,0.000000000000000,0.000000000000000,0,1,0,5500,"Mapped, Not On Network",-81.344513430000006,28.368710888799999,659741.800934999948367,487540.183453999983612,12/6/2018 4:47:18 PM,6323_6700
1226,1227,1,1226,20379,87942815,2018-00459680,Orlando PD,Short,11/30/2018 0:00:00,10:28 AM,Orlando,Orange,SR 528 (BEELINE EBO),SR 436 (S SEMORAN BLVD),0,West,Rear End,2,0,0,0,N,N,N,600.000000000000000,Clear,Daylight,0,Rear End,E,Property Damage Only,Y,Front to Rear,Motor Vehicle in Transport,On Roadway,Non-Junction,N,Not at Intersection,Turnpike/Toll,Paved,Dry,None, , ,None, , ,N,N, , , , ,0,0,1,0,0,0,0,0,0,0,0,0,0.000000000000000,0.000000000000000,0,0,0,600,"Mapped, Not On Network",-81.317930000000004,28.451340024499999,662142.032899999991059,496770.801199999987148,12/8/2018 5:05:08 PM,6947_8301
1227,1228,1,1227,20396,87287002,FHPK18OFF089041,FHP,Long,12/7/2018 0:00:00,05:55 PM,Winter Garden,Orange,SR-429 (WESTERN BELTWAY),SR-91 (FLORIDA TURNPIKE),5280,South,Rear End,2,0,0,0,N,N,N,3000.000000000000000,Clear,Dark - Lighted,0,Rear End,S,Property Damage Only,N,Front to Rear,Motor Vehicle in Transport,On Roadway,Non-Junction,N,Not at Intersection,State,Paved,Dry,None, , ,None, , ,N,N, , , , ,0,0,1,0,0,0,0,0,0,0,0,0,0.000000000000000,0.000000000000000,0,1,0,3000,"Mapped, On Network",-81.559401058600002,28.532089777100001,638366.724499000003561,505246.591131000022870,3/27/2019 4:46:23 PM,8524_6989
1228,1229,1,1228,20413,87942282,2018-00466936,Orlando PD,Long,12/5/2018 0:00:00,05:02 PM,Orlando,Orange,SR 408,CONWAY RD,0, ,Other,3,0,0,0,N,N,N,6000.000000000000000,Clear,Daylight,0,Other,E,Property Damage Only,Y,Front to Rear,Motor Vehicle in Transport,On Roadway,Entrance/Exit Ramp,N,Four-Way Intersection,State,Paved,Dry,None, , ,None, , ,N,N, , , , ,0,0,0,0,0,0,0,0,0,0,0,0,0.000000000000000,0.000000000000000,0,0,0,6000,"Mapped, Not On Network",-81.334409999800002,28.538230024899999,660322.977799999993294,506383.293599999975413,12/8/2018 5:05:08 PM,8355_8348
1229,1230,1,1229,20440,85436015,FHPD18OFF116848,FHP,Long,11/16/2018 0:00:00,04:00 PM,Orlando,Orange,STATE ROAD 417(CENTRAL FLORIDA GREENEWAY),24 MILE MARKER,0,South,Rear End,2,0,0,3,N,Y,N,10000.000000000000000,Clear,Daylight,0,Rear End,S,Injury,N,Front to Rear,Motor Vehicle in Transport,On Roadway,Non-Junction,N,Not at Intersection,State,Paved,Dry,None, , ,None, , ,N,N, , , , ,0,0,2,0,0,0,0,3,0,0,0,0,1.000000000000000,0.000000000000000,0,1,0,10000,"Mapped, Not On Network",-81.228920000000002,28.433480049100002,670884.881634999997914,494980.192350000026636,12/2/2018 4:19:21 PM,8538_6642
1230,1231,1,1230,20481,83213574,FHPK18OFF088752,FHP,Long,12/6/2018 0:00:00,05:25 PM,Winter Garden,Orange,SR 429,SR 50,500,South,Rear End,2,0,0,1,N,N,N,3000.000000000000000,Clear,Dark - Lighted,0,Rear End,N,Injury,N,Front to Rear,Motor Vehicle in Transport,On Roadway,Non-Junction,N,Not at Intersection,State,Paved,Dry,None, , ,None, , ,N,N, , , , ,0,0,0,0,0,0,0,0,0,1,0,0,1.000000000000000,0.000000000000000,0,1,0,3000,"Mapped, On Network",-81.558343687399997,28.549906930399999,638430.805437000002712,507226.946742000000086,4/4/2019 9:44:02 PM,8522_8498
1231,1232,1,1231,20483,88024401,FHPD18OFF118976,FHP,Short,11/22/2018 0:00:00,11:20 AM,Orlando,Orange,SR 528,NARCOOSSEE RD,10,West,Sideswipe,2,0,0,0,N,N,N,1350.000000000000000,Clear,Daylight,0,Same Direction Sideswipe,E,Property Damage Only,N,"Sideswipe, Opposite Direction",Motor Vehicle in Transport,On Roadway,Non-Junction,N,Not at Intersection,County,Curb,Dry,None, , ,None, , ,N,N, , , , ,0,0,0,0,0,0,0,0,0,0,0,0,0.000000000000000,0.000000000000000,0,0,0,1350,"Mapped, On Network",-81.270482925799996,28.448633818299999,666785.349246000056155,496572.088188000023365,3/8/2019 8:59:03 PM,8055_6665
1232,1233,1,1232,20493,87289809,FHPD18OFF125831,FHP,Long,12/11/2018 0:00:00,04:27 PM,Orlando Expwy Auth,Orange,STATE ROAD 417 SB MM16,LANDSTAR BLVD,5280,South,Sideswipe,2,0,0,1,N,N,N,1000.000000000000000,Clear,Daylight,0,Opposing Sideswipe,S,Injury,Y,Other,Cargo/Equipment Loss or Shift,On Roadway,Non-Junction,N,Not at Intersection,State,Paved,Dry,None, , ,None, , ,N,N, , , , ,0,0,0,0,0,0,0,0,1,0,0,0,0.000000000000000,0.000000000000000,0,1,0,1000,"Mapped, On Network",-81.358673933299997,28.369610210600001,658354.789210999966599,487610.289041000010911,4/10/2019 9:24:31 PM,6700_8484
1233,1234,1,1233,20505,87946807,2018-00467856,Orlando PD,Long,12/6/2018 0:00:00,08:43 AM,Orlando,Orange,SR 408 EAST,TAMPA AVENUE EXIT RAMP,1000,West,Rear End,3,0,0,2,N,N,N,5000.000000000000000,Clear,Daylight,0,Rear End,E,Injury,Y,Front to Rear,Motor Vehicle in Transport,On Roadway,Non-Junction,N,Not at Intersection,State,Curb,Dry,None, , ,None, , ,N,N, , , , ,0,0,0,0,0,0,0,2,0,0,0,0,0.000000000000000,0.000000000000000,0,1,0,5000,"Mapped, On Network",-81.410628386200003,28.540094608099999,652876.210802000015974,506431.720029000018258,4/4/2019 9:46:41 PM,8213_8169
1234,1235,1,1234,20584,87939767,2018-00464878,Orlando PD,Long,12/4/2018 0:00:00,08:43 AM,Orlando,Orange,SR 408 WBO,S BUMBY AV ENTRANCE RAMP,100, ,Rear End,2,0,0,3,N,N,N,1000.000000000000000,Clear,Daylight,0,Rear End,W,Injury,Y,Front to Rear,Motor Vehicle in Transport,On Roadway,Non-Junction,N,Not at Intersection,State,Paved,Dry,None, , ,None, , ,N,N, , , , ,0,0,1,0,0,0,0,2,1,0,0,0,1.000000000000000,0.000000000000000,0,0,0,1000,"Mapped, On Network",-81.356060823199996,28.538357646300000,658208.568016999983229,506351.943061999976635,4/4/2019 10:06:51 PM,6185_8318
1235,1236,1,1235,20598,87946430,2018-00466375,Orlando PD,Long,12/5/2018 0:00:00,09:46 AM,Orlando,Orange,EAST-WEST EXPRESSWAY (SR 408),ANDES AVE,0,West,Sideswipe,2,0,0,0,N,N,N,6000.000000000000000,Clear,Daylight,0,Same Direction Sideswipe,E,Property Damage Only,Y,"Sideswipe, Same Direction",Motor Vehicle in Transport,On Roadway,Entrance/Exit Ramp,N,Not at Intersection,State,Paved,Dry,None, , ,None, , ,N,N, , , , ,0,0,1,0,0,0,0,0,0,0,0,0,0.000000000000000,0.000000000000000,0,1,0,6000,"Mapped, On Network",-81.322202687300006,28.539524781299999,661511.841458000009879,506552.879246000025887,4/16/2019 10:24:34 AM,8348_7102
1236,1237,1,1236,20602,88013647,FHPD18OFF125646,FHP,Long,12/11/2018 0:00:00,07:18 AM,Orlando Expwy Auth,Orange,SR417,37MM,0, ,Rear End,2,0,0,0,N,N,N,3100.000000000000000,Clear,Daylight,0,Rear End,S,Property Damage Only,Y,Front to Rear,Motor Vehicle in Transport,On Roadway,Non-Junction,N,Not at Intersection,State,Paved,Dry,None, , ,None, , ,N,Y,Work on Shoulder or Median,Advance Warning Area,N,N,0,0,0,0,0,0,0,0,0,0,0,0,0.000000000000000,0.000000000000000,0,1,0,3100,"Mapped, Not On Network",-81.256649999999993,28.607570049600000,667744.527461000019684,514248.532761999987997,12/14/2018 8:31:34 PM,5988_6758
1237,1238,1,1237,20711,87946392,2018-00457384,Orlando PD,Long,11/28/2018 0:00:00,04:52 PM,Orlando,Orange,SR 408 EAST,S MILLS AV ENTRANCE RAMP,350,West,Rear End,2,0,0,1,N,N,N,1500.000000000000000,Clear,Daylight,0,Rear End,E,Injury,Y,Front to Rear,Motor Vehicle in Transport,On Roadway,Non-Junction,N,Not at Intersection,State,Paved,Dry,None, , ,None, , ,N,N, , , , ,0,0,0,0,0,0,0,1,0,0,0,0,0.000000000000000,0.000000000000000,0,0,0,1500,"Mapped, On Network",-81.362186541699998,28.537420277700001,657612.644943000050262,506235.054775000025984,4/5/2019 1:40:03 PM,8305_8315
1238,1239,1,1238,20730,88008554,FHPD18OFF122452,FHP,Long,12/2/2018 0:00:00,02:54 PM,Orlando Expwy Auth,Orange,SR-408 (MM21),ALAFAYA TRAIL,0,West,Sideswipe,2,0,0,0,N,N,N,4200.000000000000000,Clear,Daylight,0,Same Direction Sideswipe,E,Property Damage Only,N,Angle,Motor Vehicle in Transport,On Roadway,Non-Junction,N,Not at Intersection,Turnpike/Toll,Paved,Dry,None, , ,None, , ,N,N, , , , ,0,0,5,0,0,0,0,0,0,0,0,0,0.000000000000000,0.000000000000000,0,2,0,4200,"Mapped, On Network",-81.204844300700003,28.549648880900001,672945.575836000032723,507931.264377999992575,2/25/2019 1:30:26 PM,8041_6970