FID,OBJECTID_1,Join_Count,TARGET_FID,OBJECTID,HSMV_Repor,Agency_Rep,Reporting_,Form_Type,Crash_Date,Crash_Time,City,County,Crash_Stre,Intersecti,Offset_Dis,Offset_Dir,Crash_Type,Vehicles,Non_Motori,Fatalities,Injuries,Alcohol_Re,Distractio,Drug_Relat,Estimated_,Weather_Co,Light_Cond,Street_Num,Crash_Ty_1,Crash_Ty_2,Crash_Seve,Within_Cit,Manner_of_,First_Harm,First_HE_L,First_HE_R,First_HE_W,Type_of_In,Road_Sys_I,Type_of_Sh,Road_Surf_,Contrib_Ci,Contrib__1,Contrib__2,Contrib__3,Contrib__4,Contrib__5,School_Bus,Work_Zone_,Type_of_Wo,Loc_in_Wor,Workers_in,Law_Enforc,Mopeds,Motorcycle,Passengers,Bicyclists,Pedestrian,Fataliti_1,Injuries_U,Possible_I,Non_Incapa,Incapacita,Fataliti_2,Non_Traffi,Transporte,Transpor_1,Transpor_2,Citations,Property_D,Vehicle_Dm,S4_Mapping,S4_Decimal,S4_Decim_1,S4_Albers_,S4_Albers1,S4_Mappi_1,zone_id_st
1239,1240,1,1239,20731,88008555,FHPD18OFF122514,FHP,Long,12/2/2018 0:00:00,06:38 PM,Orlando Expwy Auth,Orange,SR-417 (MM26),SR-528,0,South,Rear End,2,0,0,0,N,N,N,1700.000000000000000,Clear,Dark - Lighted,0,Rear End,N,Property Damage Only,N,Front to Rear,Motor Vehicle in Transport,On Roadway,Non-Junction,N,Not at Intersection,Turnpike/Toll,Paved,Dry,None, , ,None, , ,N,N, , , , ,0,0,1,0,0,0,0,0,0,0,0,0,0.000000000000000,0.000000000000000,0,2,0,1700,"Mapped, On Network",-81.230294363699997,28.447117822100001,670716.539313000044785,496491.355602000025101,2/25/2019 1:26:37 PM,7993_7091
1240,1241,1,1240,20756,88008553,FHPD18OFF121927,FHP,Long,11/30/2018 0:00:00,08:19 PM,Orlando Expwy Auth,Orange,SR-408 (MM15),GOLDENROD ROAD,5280,West,Unknown,2,0,0,0,N,N,N,3200.000000000000000,Clear,Dark - Lighted,0,Unknown,E,Property Damage Only,N,Other,Motor Vehicle in Transport,On Roadway,Non-Junction,N,Not at Intersection,Turnpike/Toll,Paved,Dry,None, , ,None, , ,N,N, , , , ,0,0,3,0,0,0,0,0,0,0,0,0,0.000000000000000,0.000000000000000,0,0,0,3200,"Mapped, On Network",-81.298659904600001,28.539502621099999,663810.701131999958307,506600.565224000019953,2/25/2019 1:31:51 PM,6881_8431
1241,1242,1,1241,20760,87946866,2018-00458678,Orlando PD,Long,11/29/2018 0:00:00,04:03 PM,Orlando,Orange,SR 408 WBO,US 441 EXIT,150,East,Rear End,3,0,0,0,N,N,N,5500.000000000000000,Clear,Daylight,0,Rear End,W,Property Damage Only,Y,Front to Rear,Motor Vehicle in Transport,On Roadway,Non-Junction,N,Not at Intersection,U.S.,Paved,Dry,None, , ,None, , ,Y,Y,Intermittent or Moving Work,Advance Warning Area,N,N,0,0,0,0,0,0,0,0,0,0,0,0,0.000000000000000,0.000000000000000,0,0,0,5500,"Mapped, On Network",-81.392841930100005,28.535277795399999,654624.274604000034742,505933.503467999980785,3/27/2019 5:49:42 PM,8272_8254
1242,1243,1,1242,20768,88005682,FHPD18OFF122601,FHP,Long,12/3/2018 0:00:00,07:15 AM,Orlando Expwy Auth,Orange,SB SR-429,WEST ROAD,0,East,Rear End,3,0,0,1,N,N,N,27000.000000000000000,Clear,Daylight,0,Rear End,S,Injury,Y,Front to Rear,Motor Vehicle in Transport,On Roadway,Non-Junction,N,Not at Intersection,Turnpike/Toll,Paved,Dry,None, , ,None, , ,N,N, , , , ,0,0,2,0,0,0,0,1,0,0,0,0,0.000000000000000,0.000000000000000,0,1,0,27000,"Mapped, On Network",-81.538228157099994,28.604913081999999,640272.909474999993108,513373.520347999990918,2/25/2019 1:33:14 PM,7012_8458
1243,1244,1,1243,20823,87946787,2018-00468443,Orlando PD,Long,12/6/2018 0:00:00,04:03 PM,Orlando,Orange,EAST WEST EXPRESSWAY,I4WBO,200,West,Rear End,4,0,0,2,N,N,N,12200.000000000000000,Clear,Daylight,0,Rear End,E,Injury,Y,Front to Rear,Motor Vehicle in Transport,On Roadway,Non-Junction,N,Not at Intersection,State,Paved,Dry,None,None,None,None,None,None,N,N, , , , ,0,0,3,0,0,0,0,2,0,0,0,0,0.000000000000000,0.000000000000000,0,0,0,12200,"Mapped, On Network",-81.391350944600006,28.535119670800000,654770.239265999989584,505919.026246000023093,4/4/2019 9:49:41 PM,8267_6679
1244,1245,1,1244,20833,87252426,FHPD18OFF126591,FHP,Short,12/13/2018 0:00:00,05:40 PM,Orlando Expwy Auth,Orange,STATE ROAD 528 (BEACH LINE EXPRESSWAY),STATE ROAD 417 (CFL GREENEWAY EXPWY),5280,West,Rear End,2,0,0,0,N,N,N,3000.000000000000000,Cloudy,Dark - Lighted,0,Rear End,E,Property Damage Only,Y,Front to Rear,Motor Vehicle in Transport,On Roadway,Non-Junction,N,Not at Intersection,State,Paved,Dry,None, , ,None, , ,N,N, , , , ,0,0,0,0,0,0,0,0,0,0,0,0,0.000000000000000,0.000000000000000,0,1,0,3000,"Mapped, Not On Network",-81.240149999699995,28.451250024800000,669743.121200000052340,496928.550600000016857,12/15/2018 3:57:10 PM,6666_8074
1245,1246,1,1245,20853,88005689,FHPD18OFF126011,FHP,Long,12/12/2018 0:00:00,07:30 AM,Orlando Expwy Auth,Orange,SB SR-429,SR-438,5280,North,Rear End,2,0,0,0,N,N,N,4000.000000000000000,Clear,Daylight,0,Rear End,S,Property Damage Only,Y,Front to Rear,Motor Vehicle in Transport,On Roadway,Non-Junction,N,Not at Intersection,Turnpike/Toll,Paved,Dry,None, , ,None, , ,N,N, , , , ,0,0,0,0,0,0,0,0,0,0,0,0,0.000000000000000,0.000000000000000,0,1,0,4000,"Mapped, Not On Network",-81.556758630199994,28.571981161200000,638537.000000000000000,509681.000000000000000,12/15/2018 3:57:04 PM,8421_8425
1246,1247,1,1246,20858,87289810,FHPD18OFF125882,FHP,Long,12/11/2018 0:00:00,05:51 PM,Orlando Expwy Auth,Orange,STATE ROAD 408 EB MM15,STATE ROAD 551,0,West,Rear End,4,0,0,0,N,N,N,3000.000000000000000,Clear,Dusk,0,Rear End,E,Property Damage Only,Y,Front to Rear,Motor Vehicle in Transport,On Roadway,Non-Junction,N,Not at Intersection,State,Paved,Dry,None, , ,None, , ,N,N, , , , ,0,0,0,0,0,0,0,0,0,0,0,0,0.000000000000000,0.000000000000000,0,2,0,3000,"Mapped, Not On Network",-81.295182519999997,28.539565659400001,664150.091737000038847,506615.008382000029087,12/15/2018 3:57:17 PM,6881_8431
1247,1248,1,1247,20865,87946755,2018-00476641,Orlando PD,Short,12/12/2018 0:00:00,07:00 PM,Orlando,Orange,SR 417,BOGGY CREEK ROAD,0, ,Other,2,0,0,0,N,N,N,1000.000000000000000,Clear,Dark - Lighted,0,Other,S,Property Damage Only,Y,Front to Rear,Motor Vehicle in Transport,On Roadway,Entrance/Exit Ramp,N,Not at Intersection,State,Unpaved,Dry,None,None,None,None,None,None,N,N, , , , ,0,0,0,0,0,0,0,0,0,0,0,0,0.000000000000000,0.000000000000000,0,0,0,1000,"Mapped, Not On Network",-81.295270000200006,28.372230024000000,664549.124500000034459,488035.598100000002887,12/15/2018 3:56:16 PM,8476_8600
1248,1249,1,1248,20867,88006198,FHPD18OFF126399,FHP,Long,12/13/2018 0:00:00,09:23 AM,Orlando Expwy Auth,Orange,STATE RD 417,WORLD CENTER DR,100,North,Unknown,2,0,0,0,N,N,N,0.000000000000000,Cloudy,Daylight,0,Unknown,N,Property Damage Only,N,"Sideswipe, Same Direction",Motor Vehicle in Transport,On Roadway,Non-Junction,N,Not at Intersection,State,Paved,Dry,None, , ,None, , ,N,N, , , , ,0,0,0,0,0,0,0,0,0,0,0,0,0.000000000000000,0.000000000000000,0,0,0,0,"Mapped, Not On Network",-81.476280000100004,28.356580024700001,646882.699299999978393,485922.590800000005402,12/15/2018 3:57:03 PM,6071_8579
1249,1250,1,1249,20871,88037107,FHPD18OFF124394,FHP,Short,12/7/2018 0:00:00,03:36 PM,Orlando Expwy Auth,Orange,STATE ROAD 408 WESTBOUND RAMP,ALAFAYA TRL,0, ,Rear End,2,0,0,0,N,Y,N,3500.000000000000000,Clear,Daylight,0,Rear End,S,Property Damage Only,N,Front to Rear,Motor Vehicle in Transport,On Roadway,Entrance/Exit Ramp,N,Not at Intersection,State,Unpaved,Dry,None, , ,None, , ,N,N, , , , ,0,0,0,0,0,0,0,0,0,0,0,0,0.000000000000000,0.000000000000000,0,1,0,3500,"Mapped, Not On Network",-81.203940000499998,28.549840025100000,673033.383900000015274,507954.488499999977648,12/15/2018 3:56:52 PM,8041_6970
1250,1251,1,1250,20879,87252420,FHPD18OFF125885,FHP,Long,12/11/2018 0:00:00,05:55 PM,Orlando Expwy Auth,Orange,SR 408 (EAST WEST EXPRESSWAY),HIAWASSEE ROAD,500,East,Rear End,2,0,0,0,N,N,N,8000.000000000000000,Clear,Dusk,0,Rear End,W,Property Damage Only,Y,Front to Rear,Motor Vehicle in Transport,On Roadway,Non-Junction,N,Not at Intersection,State,Paved,Dry,None, , ,None, , ,N,N, , , , ,0,0,0,0,0,0,0,0,0,0,0,0,0.000000000000000,0.000000000000000,0,1,0,8000,"Mapped, Not On Network",-81.483189999999993,28.549130024400000,645770.414400000008754,507288.231900000013411,12/15/2018 3:57:10 PM,8148_6298
1251,1252,1,1251,20909,87289808,FHPD18OFF125534,FHP,Long,12/10/2018 0:00:00,05:13 PM,Orlando Expwy Auth,Orange,STATE ROAD 417 NB MM37,UNIVERSITY BLVD,0,South,Rear End,2,0,0,0,N,N,N,4000.000000000000000,Clear,Daylight,0,Rear End,N,Property Damage Only,Y,Front to Rear,Motor Vehicle in Transport,On Roadway,Non-Junction,N,Not at Intersection,State,Paved,Dry,None, , ,None, , ,N,N, , , , ,0,0,0,0,0,0,0,0,0,0,0,0,0.000000000000000,0.000000000000000,0,1,0,4000,"Mapped, Not On Network",-81.250079999500002,28.597450024499999,668410.698500000056811,513139.212100000004284,12/15/2018 3:57:18 PM,8588_8118
1252,1253,1,1252,20910,87252419,FHPD18OFF125795,FHP,Short,12/11/2018 0:00:00,02:55 PM,Orlando Expwy Auth,Orange,STATE ROAD 408 EXIT RAMP,SR 435 (KIRKMAN ROAD),10,East,Other,2,0,0,0,N,Y,N,150.000000000000000,Clear,Daylight,0,Backed Into,W,Property Damage Only,Y,Other,Motor Vehicle in Transport,On Roadway,Entrance/Exit Ramp,Y,Not at Intersection,State,Curb,Dry,None, , ,None, , ,N,Y,Work on Shoulder or Median,Activity Area,N,N,0,0,0,0,0,0,0,0,0,0,0,0,0.000000000000000,0.000000000000000,0,1,0,150,"Mapped, Not On Network",-81.462169999899999,28.550120025100000,647820.498999999952503,507440.222499999974389,12/15/2018 3:57:10 PM,6068_8208
1253,1254,1,1253,20932,88006197,FHPD18OFF125392,FHP,Short,12/10/2018 0:00:00,08:43 AM,Orlando Expwy Auth,Orange,STATE RD 417,BOGGY CREEK RD,0,South,Sideswipe,2,0,0,0,N,N,N,2500.000000000000000,Clear,Daylight,0,Opposing Sideswipe,N,Property Damage Only,N,Other,Cargo/Equipment Loss or Shift,On Roadway,Non-Junction,N,Not at Intersection,State,Paved,Dry,None, , ,None, , ,N,N, , , , ,0,0,1,0,0,0,0,0,0,0,0,0,0.000000000000000,0.000000000000000,0,1,0,2500,"Mapped, Not On Network",-81.309610000099994,28.369410024499999,663153.587199999950826,487691.810200000007171,12/15/2018 3:57:04 PM,11015_8482
1254,1255,1,1254,20936,87252421,FHPD18OFF125888,FHP,Short,12/11/2018 0:00:00,06:00 PM,Orlando Expwy Auth,Orange,SR 408 (EAST WEST EXPRESSWAY),CLARKE ROAD,100,East,Rear End,2,0,0,0,N,N,N,5000.000000000000000,Clear,Dusk,0,Rear End,W,Property Damage Only,Y,Front to Rear,Motor Vehicle in Transport,On Roadway,Non-Junction,Y,Not at Intersection,State,Paved,Dry,None, , ,None, , ,N,N, , , , ,0,0,0,0,0,0,0,0,0,0,0,0,0.000000000000000,0.000000000000000,0,1,0,5000,"Mapped, Not On Network",-81.508060000000000,28.545500049400001,643350.298322999966331,506835.862439999997150,12/15/2018 3:57:10 PM,8114_8152
1255,1256,1,1255,20965,87940521,2018-00473161,Orlando PD,Short,12/10/2018 0:00:00,11:05 AM,Orlando,Orange,SR 408 WB,SR 408 EXIT RAMP TO I4 WB,500,East,Rear End,2,0,0,0,N,Y,N,1000.000000000000000,Clear,Daylight,0,Rear End,W,Property Damage Only,Y,Front to Rear,Motor Vehicle in Transport,On Roadway,Non-Junction,N,Not at Intersection,Interstate,Paved,Dry,None, , ,None, , ,N,N, , , , ,0,0,2,0,0,0,0,0,0,0,0,0,0.000000000000000,0.000000000000000,0,0,0,1000,"Mapped, Not On Network",-81.334409999800002,28.538230024899999,660322.977799999993294,506383.293599999975413,12/15/2018 3:56:18 PM,8355_8348
1256,1257,1,1256,20967,88006200,FHPD18OFF126897,FHP,Long,12/14/2018 0:00:00,01:13 PM,Orlando Expwy Auth,Orange,STATE RD 417,STATE RD 528,0,North,Unknown,2,0,0,0,N,N,N,10000.000000000000000,Cloudy,Daylight,0,Unknown,S,Property Damage Only,N,"Sideswipe, Same Direction",Motor Vehicle in Transport,On Roadway,Non-Junction,N,Not at Intersection,State,Paved,Wet,None, , ,None, , ,N,N, , , , ,0,0,1,0,0,0,0,0,0,0,0,0,0.000000000000000,0.000000000000000,0,1,0,10000,"Mapped, Not On Network",-81.229709999600004,28.438150024999999,670796.018599999952130,495496.957700000028126,12/15/2018 3:57:03 PM,7999_8391
1257,1258,1,1257,20968,88006199,FHPD18OFF126771,FHP,Long,12/14/2018 0:00:00,07:58 AM,Orlando Expwy Auth,Orange,STATE RD 408 EXIT RAMP,STATE RD 417,60,West,Other,1,0,0,0,N,N,N,3500.000000000000000,Cloudy,Daylight,0,Single Vehicle,E,Property Damage Only,N,Other,Other Non-Collision,On Roadway,Entrance/Exit Ramp,N,Not at Intersection,State,Paved,Dry,None, , ,None, , ,N,Y,Work on Shoulder or Median,Activity Area,Y,N,0,0,0,0,0,0,0,0,0,0,0,0,0.000000000000000,0.000000000000000,0,1,0,3500,"Mapped, Not On Network",-81.258099999500004,28.547300024900000,667751.848099999944679,507553.720800000010058,12/15/2018 3:57:03 PM,8033_8027
1258,1259,1,1258,20969,88005691,FHPD18OFF126795,FHP,Short,12/14/2018 0:00:00,08:44 AM,Orlando Expwy Auth,Orange,SB SR-417,UNIVERSITY BLVD,0,North,Rear End,2,0,0,0,N,N,N,3500.000000000000000,Cloudy,Daylight,0,Rear End,S,Property Damage Only,Y,Front to Rear,Motor Vehicle in Transport,On Roadway,Non-Junction,N,Not at Intersection,Turnpike/Toll,Paved,Dry,None, , ,None, , ,N,N, , , , ,0,0,0,0,0,0,0,0,0,0,0,0,0.000000000000000,0.000000000000000,0,1,0,3500,"Mapped, Not On Network",-81.250079999500002,28.597450024499999,668410.698500000056811,513139.212100000004284,12/15/2018 3:57:04 PM,8588_8118
1259,1260,1,1259,20970,88005690,FHPD18OFF126742,FHP,Long,12/14/2018 0:00:00,06:30 AM,Orlando Expwy Auth,Orange,SB SR-417,LANDSTAR BLVD,5280,South,Unknown,2,0,0,0,N,N,N,500.000000000000000,Cloudy,Dark - Lighted,0,Unknown,S,Property Damage Only,Y,"Sideswipe, Same Direction",Motor Vehicle in Transport,On Roadway,Non-Junction,N,Not at Intersection,Turnpike/Toll,Paved,Dry,None, , ,None, , ,N,N, , , , ,0,0,1,0,0,0,0,0,0,0,0,0,0.000000000000000,0.000000000000000,0,0,0,500,"Mapped, Not On Network",-81.374719999600003,28.368170024400001,656788.925500000012107,487416.867000000027474,12/15/2018 3:57:04 PM,9178_7997
1260,1261,1,1260,20990,88033551,FHPD18OFF124129,FHP,Short,12/6/2018 0:00:00,11:25 PM,Orlando,Orange,STATE ROAD-417 NB (CENTRAL FLORIDA GREENEWAY),STATE ROAD-408 (EAST WEST EXPWY),2000,South,Sideswipe,2,0,0,0,N,Y,N,6500.000000000000000,Clear,Dark - Lighted,0,Same Direction Sideswipe,N,Property Damage Only,N,"Sideswipe, Same Direction",Motor Vehicle in Transport,On Roadway,Non-Junction,N,Not at Intersection,State,Paved,Dry,None, , ,None, , ,N,N, , , , ,0,0,1,0,0,0,0,0,0,0,0,0,0.000000000000000,0.000000000000000,0,1,0,6500,"Mapped, Not On Network",-81.258260000199996,28.547800025099999,667734.991799999959767,507608.887600000016391,12/18/2018 5:29:41 PM,11876_8570
1261,1262,1,1261,20991,88033547,FHPD18OFF122270,FHP,Long,12/1/2018 0:00:00,10:45 PM,Orlando,Orange,STATE ROAD-417 NB (CENTRAL FL GREENWAY),LANDSTAR BOULEVARD,0, ,Rear End,2,0,0,2,N,Y,N,40000.000000000000000,Clear,Dark - Lighted,0,Rear End,N,Injury,N,Front to Rear,Motor Vehicle in Transport,On Roadway,Non-Junction,Y,Not at Intersection,State,Paved,Dry,None, , ,None, , ,N,N, , , , ,0,0,0,0,0,0,1,1,1,0,0,0,1.000000000000000,0.000000000000000,0,1,0,40000,"Mapped, On Network",-81.360582494499994,28.369295009300000,658168.885714999982156,487571.294654000026640,4/11/2019 6:09:37 PM,8466_7095
1262,1263,1,1262,20992,88033546,FHPD18OFF122242,FHP,Long,12/1/2018 0:00:00,09:25 PM,Orlando,Orange,STATE ROAD-408 WB (EAST WEST EXPRESSWAY),DEAN ROAD,100,East,Unknown,2,0,0,0,N,N,N,800.000000000000000,Clear,Dark - Lighted,0,Unknown,W,Property Damage Only,N,"Sideswipe, Same Direction",Motor Vehicle in Transport,On Roadway,Non-Junction,N,Not at Intersection,State,Curb,Dry,None, , ,None, , ,N,Y,Work on Shoulder or Median,Activity Area,N,N,0,0,0,0,0,0,0,0,0,0,0,0,0.000000000000000,0.000000000000000,0,0,0,800,"Mapped, Not On Network",-81.244429999800005,28.547170024800000,669086.851000000024214,507569.042699999990873,12/18/2018 5:29:42 PM,6269_8009
1263,1264,1,1263,21011,87252430,FHPD18OFF127055,FHP,Short,12/14/2018 0:00:00,05:45 PM,Orlando Expwy Auth,Orange,STATE ROAD 429 (DANIEL WBSTR BLTWY),CLARCONA OCOEE ROAD,750,North,Rear End,2,0,0,0,N,N,N,1000.000000000000000,Rain,Dark - Lighted,0,Rear End,S,Property Damage Only,Y,Front to Rear,Motor Vehicle in Transport,On Roadway,Non-Junction,N,Not at Intersection,State,Paved,Wet,None, , ,Weather Conditions, , ,N,N, , , , ,0,0,2,0,0,0,0,0,0,0,0,0,0.000000000000000,0.000000000000000,0,1,0,1000,"Mapped, Not On Network",-81.552229999999994,28.598160049600001,638921.372586000012234,512596.503732000011951,12/18/2018 5:31:56 PM,6220_8389
1264,1265,1,1264,21012,87252428,FHPD18OFF127027,FHP,Short,12/14/2018 0:00:00,05:15 PM,Orlando Expwy Auth,Orange,STATE ROAD 429 (DANIEL WBSTR BLTWY),PLANT STREET,200,North,Rear End,2,0,0,0,N,N,N,4000.000000000000000,Rain,Daylight,0,Rear End,N,Property Damage Only,Y,Front to Rear,Motor Vehicle in Transport,On Roadway,Non-Junction,N,Not at Intersection,Turnpike/Toll,Paved,Wet,None, , ,Weather Conditions, , ,N,N, , , , ,0,0,0,0,0,0,0,0,0,0,0,0,0.000000000000000,0.000000000000000,0,1,0,4000,"Mapped, Not On Network",-81.556740000000005,28.571270049500001,638540.383263000054285,509602.078615000005811,12/18/2018 5:31:56 PM,8421_8425
1265,1266,1,1265,21013,87252424,FHPD18OFF126239,FHP,Long,12/12/2018 0:00:00,05:45 PM,Orlando Expwy Auth,Orange,SR 417 (CTRL FLA GREENEWAY),STATE ROAD 536 (EPCOT CTR DR),5280,East,Rear End,2,0,0,1,N,N,N,3000.000000000000000,Clear,Dark - Lighted,0,Rear End,N,Injury,Y,Front to Rear,Motor Vehicle in Transport,On Roadway,Non-Junction,N,Not at Intersection,Turnpike/Toll,Paved,Dry,None, , ,None, , ,N,N, , , , ,0,0,0,0,0,0,0,0,1,0,0,0,1.000000000000000,0.000000000000000,0,1,0,3000,"Mapped, Not On Network",-81.476280000100004,28.356580024700001,646882.699299999978393,485922.590800000005402,12/18/2018 5:31:57 PM,6071_8579
1266,1267,1,1266,21014,87252423,FHPD18OFF126233,FHP,Long,12/12/2018 0:00:00,05:35 PM,Orlando Expwy Auth,Orange,STATE ROAD 528 (BEACHLINE EXPRESSWAY),TRADEPORT RD,5280,East,Rear End,2,0,0,0,N,N,N,2000.000000000000000,Clear,Dark - Lighted,0,Rear End,E,Property Damage Only,Y,Front to Rear,Motor Vehicle in Transport,On Roadway,Non-Junction,N,Not at Intersection,State,Paved,Dry,None, , ,None, , ,N,N, , , , ,0,0,0,0,0,0,0,0,0,0,0,0,0.000000000000000,0.000000000000000,0,1,0,2000,"Mapped, Not On Network",-81.338350000000005,28.450710049100000,660148.029777999967337,496657.611008999985643,12/18/2018 5:31:57 PM,8327_8331
1267,1268,1,1267,21017,87943420,2018-00475833,Orlando PD,Long,12/12/2018 0:00:00,08:48 AM,Orlando,Orange,SR 408 EB (EW EXPWY),SR 600 (S ORANGE BLOSSOM TRL),200,East,Rear End,3,0,0,2,N,N,N,3500.000000000000000,Clear,Daylight,0,Rear End,E,Injury,Y,Front to Rear,Motor Vehicle in Transport,On Roadway,Non-Junction,N,Not at Intersection,Turnpike/Toll,Paved,Dry,None, , ,None, , ,N,N, , , , ,0,0,1,0,0,0,0,2,0,0,0,0,2.000000000000000,0.000000000000000,0,0,0,3500,"Mapped, Not On Network",-81.393930000099999,28.535110024900000,654518.419400000013411,505912.629499999980908,12/18/2018 5:31:48 PM,8248_8267
1268,1269,1,1268,21023,88013648,FHPD18OFF126896,FHP,Long,12/14/2018 0:00:00,01:15 PM,Orlando Expwy Auth,Orange,SR408,18MM,0, ,Other,1,0,0,0,N,N,N,0.000000000000000,Cloudy,Daylight,0,Single Vehicle,E,Property Damage Only,Y,Other,Other Non-Collision,On Roadway,Non-Junction,N,Not at Intersection,State,Paved,Dry,None, , ,None, , ,N,N, , , , ,0,0,0,0,0,0,0,0,0,0,0,0,0.000000000000000,0.000000000000000,0,0,0,0,"Mapped, Not On Network",-81.252830000000003,28.547320049400000,668266.339167000027373,507567.397804000007454,12/18/2018 5:31:35 PM,8027_6269
1269,1270,1,1269,21041,88033553,FHPD18OFF124610,FHP,Long,12/8/2018 0:00:00,12:50 AM,Orlando,Orange,STATE ROAD-408 EB (EAST WEST EXPRESSWAY),CHICKASAW TRAIL OVERPASS,500,West,Unknown,2,0,0,0,N,N,N,1500.000000000000000,Clear,Dark - Not Lighted,0,Unknown, ,Property Damage Only,N,Angle,Motor Vehicle in Transport,On Roadway,Non-Junction,N,Not at Intersection,State,Paved,Dry,None, , ,None, , ,N,N, , , , ,0,0,0,0,0,0,0,0,0,0,0,0,0.000000000000000,0.000000000000000,0,0,0,1500,"Mapped, Not On Network",-81.268979999999999,28.547160049399999,666689.913270000019111,507514.602719000016805,12/18/2018 5:29:41 PM,8412_7015
1270,1271,1,1270,21054,85564178,FHPD18OFF127292,FHP,Long,12/15/2018 0:00:00,10:05 AM,Orlando Expwy Auth,Orange,SR-408 (N/B EXIT RAMP),SR-417,0, ,Off Road,1,0,0,1,N,N,N,5000.000000000000000,Rain,Daylight,0,Off Road,E,Injury,N,Other,Concrete Traffic Barrier,Shoulder,Non-Junction,N,Not at Intersection,Turnpike/Toll,Paved,Wet,None, , ,None, , ,N,N, , , , ,0,0,0,0,0,0,0,0,1,0,0,0,0.000000000000000,0.000000000000000,0,0,0,5000,"Mapped, Not On Network",-81.258099999500004,28.547300024900000,667751.848099999944679,507553.720800000010058,12/18/2018 5:30:04 PM,8033_8027
1271,1272,1,1271,21070,88013651,FHPD18OFF127346,FHP,Long,12/15/2018 0:00:00,12:36 PM,Orlando Expwy Auth,Orange,SR417,34MM,0, ,Off Road,1,0,0,0,N,N,N,2000.000000000000000,Cloudy,Daylight,0,Off Road,N,Property Damage Only,Y,Other,Guardrail Face,Off Roadway,Non-Junction,N,Not at Intersection,State,Paved,Wet,None, , ,None, , ,N,N, , , , ,0,0,0,0,0,0,0,0,0,0,0,0,0.000000000000000,0.000000000000000,0,0,0,2000,"Mapped, Not On Network",-81.265670000000000,28.569470049500001,666958.154793999972753,509998.809186999977101,12/18/2018 5:31:35 PM,8451_2531
1272,1273,1,1272,21102,88008564,FHPD18OFF127465,FHP,Long,12/15/2018 0:00:00,05:41 PM,Orlando Expwy Auth,Orange,SR-429 (MM24),PLANT STREET,80,North,Rear End,4,0,1,9,N,Y,N,16000.000000000000000,Clear,Dark - Lighted,0,Rear End,S,Fatality,N,Front to Rear,Motor Vehicle in Transport,On Roadway,Non-Junction,N,Not at Intersection,Turnpike/Toll,Paved,Dry,None, , ,None, , ,N,N, , , , ,0,0,6,0,0,0,0,0,8,1,1,0,10.000000000000000,0.000000000000000,0,1,0,16000,"Mapped, On Network",-81.557316414400006,28.578956589899999,638467.205976999946870,510454.429212999995798,1/28/2019 1:07:08 PM,5993_8395
1273,1274,1,1273,21131,87252422,FHPD18OFF126130,FHP,Long,12/12/2018 0:00:00,01:00 PM,Orlando Expwy Auth,Orange,STATE ROAD 408 (EAST WEST EXPRESSWAY),STATE ROAD 431 (PINE HILLS ROAD),0,East,Rear End,2,0,0,2,N,N,N,20000.000000000000000,Clear,Daylight,0,Rear End,E,Injury,Y,Front to Rear,Motor Vehicle in Transport,On Roadway,Non-Junction,N,Not at Intersection,State,Paved,Dry,None, , ,None, , ,N,N, , , , ,0,0,2,0,0,0,0,0,2,0,0,0,4.000000000000000,0.000000000000000,0,1,0,20000,"Mapped, On Network",-81.443241677200007,28.548365833999998,649672.635153000010177,507283.632692000013776,4/10/2019 9:13:05 PM,6489_6994
1274,1275,1,1274,21132,88013650,FHPD18OFF127280,FHP,Short,12/15/2018 0:00:00,09:27 AM,Orlando Expwy Auth,Orange,SR417 EXIT RAMP,SR408,0, ,Rear End,2,0,0,0,N,N,N,5000.000000000000000,Cloudy,Daylight,0,Rear End,S,Property Damage Only,Y,Front to Rear,Motor Vehicle in Transport,On Roadway,Non-Junction,N,Not at Intersection,State,Paved,Wet,None, , ,None, , ,N,N, , , , ,0,0,0,0,0,0,0,0,0,0,0,0,0.000000000000000,0.000000000000000,0,1,0,5000,"Mapped, Not On Network",-81.258260000199996,28.547800025099999,667734.991799999959767,507608.887600000016391,12/18/2018 5:31:35 PM,11876_8570
1275,1276,1,1275,21137,87289813,FHPD18OFF127114,FHP,Long,12/14/2018 0:00:00,07:20 PM,Orlando Expwy Auth,Orange,STATE ROAD 417 SB MM33,STATE ROAD 408,200,South,Sideswipe,3,0,0,0,N,N,N,3500.000000000000000,Clear,Dark - Lighted,0,Same Direction Sideswipe,S,Property Damage Only,Y,"Sideswipe, Same Direction",Motor Vehicle in Transport,On Roadway,Non-Junction,N,Not at Intersection,State,Paved,Dry,None, , ,None, , ,N,N, , , , ,0,0,0,0,0,0,0,0,0,0,0,0,0.000000000000000,0.000000000000000,0,1,0,3500,"Mapped, Not On Network",-81.257851950000003,28.547085269400000,667776.596926999976858,507530.415473999979440,12/18/2018 5:31:46 PM,8568_11875