FID,OBJECTID_1,Join_Count,TARGET_FID,OBJECTID,HSMV_Repor,Agency_Rep,Reporting_,Form_Type,Crash_Date,Crash_Time,City,County,Crash_Stre,Intersecti,Offset_Dis,Offset_Dir,Crash_Type,Vehicles,Non_Motori,Fatalities,Injuries,Alcohol_Re,Distractio,Drug_Relat,Estimated_,Weather_Co,Light_Cond,Street_Num,Crash_Ty_1,Crash_Ty_2,Crash_Seve,Within_Cit,Manner_of_,First_Harm,First_HE_L,First_HE_R,First_HE_W,Type_of_In,Road_Sys_I,Type_of_Sh,Road_Surf_,Contrib_Ci,Contrib__1,Contrib__2,Contrib__3,Contrib__4,Contrib__5,School_Bus,Work_Zone_,Type_of_Wo,Loc_in_Wor,Workers_in,Law_Enforc,Mopeds,Motorcycle,Passengers,Bicyclists,Pedestrian,Fataliti_1,Injuries_U,Possible_I,Non_Incapa,Incapacita,Fataliti_2,Non_Traffi,Transporte,Transpor_1,Transpor_2,Citations,Property_D,Vehicle_Dm,S4_Mapping,S4_Decimal,S4_Decim_1,S4_Albers_,S4_Albers1,S4_Mappi_1,zone_id_st
1276,1277,1,1276,21138,87289812,FHPD18OFF127060,FHP,Long,12/14/2018 0:00:00,05:57 PM,Orlando Expwy Auth,Orange,STATE ROAD 408 EB MM16,CHICKASAW TR,400,West,Rear End,3,0,0,0,N,N,N,7500.000000000000000,Clear,Dusk,0,Rear End,E,Property Damage Only,Y,Front to Rear,Motor Vehicle in Transport,On Roadway,Non-Junction,N,Not at Intersection,State,Paved,Dry,None, , ,None, , ,N,N, , , , ,0,0,0,0,0,0,0,0,0,0,0,0,0.000000000000000,0.000000000000000,0,1,0,7500,"Mapped, Not On Network",-81.279792760000007,28.543376159400001,665643.464859000057913,507071.143687999981921,12/18/2018 5:31:46 PM,8408_8412
1277,1278,1,1277,21146,87252425,FHPD18OFF126538,FHP,Short,12/13/2018 0:00:00,03:50 PM,Orlando Expwy Auth,Orange,SR 408 (EAST WEST EXPRESSWAY),GOOD HOMES RD,0,East,Unknown,2,0,0,0,N,N,N,3000.000000000000000,Cloudy,Daylight,0,Unknown,W,Property Damage Only,Y,"Sideswipe, Same Direction",Motor Vehicle in Transport,On Roadway,Non-Junction,N,Not at Intersection,State,Paved,Dry,None, , ,None, , ,N,N, , , , ,0,0,1,0,0,0,0,0,0,0,0,0,0.000000000000000,0.000000000000000,0,1,0,3000,"Mapped, Not On Network",-81.504739999999998,28.546240024999999,643672.805799999972805,506924.580299999972340,12/18/2018 5:31:57 PM,8156_8150
1278,1279,1,1278,21158,87252415,FHPD18OFF123280,FHP,Long,12/4/2018 0:00:00,05:40 PM,Orlando Expwy Auth,Orange,STATE ROAD 408 (EAST WEST EXPRESSWAY),CHICKASAW TRAIL,500,East,Rear End,4,0,0,1,N,N,N,4000.000000000000000,Clear,Dark - Lighted,0,Rear End,E,Injury,Y,Front to Rear,Motor Vehicle in Transport,On Roadway,Non-Junction,N,Not at Intersection,State,Paved,Dry,None, , ,None, , ,N,Y,Work on Shoulder or Median,Activity Area,N,N,0,0,0,0,0,0,0,1,0,0,0,0,0.000000000000000,0.000000000000000,0,1,0,4000,"Mapped, On Network",-81.276034706600001,28.545235579200000,666005.839047000044957,507285.693877000012435,4/4/2019 10:12:57 PM,8412_7015
1279,1280,1,1279,21163,87252427,FHPD18OFF126676,FHP,Long,12/13/2018 0:00:00,08:30 PM,Orlando Expwy Auth,Orange,STATE ROAD 429 (DANIEL WBSTR BLTWY),FULLERS CROSS ROAD,500,South,Off Road,1,0,0,0,N,N,N,10000.000000000000000,Cloudy,Dark - Not Lighted,0,Off Road,N,Property Damage Only,Y,Other,Guardrail Face,Shoulder,Non-Junction,N,Not at Intersection,Turnpike/Toll,Paved,Dry,None, , ,None, , ,N,N, , , , ,0,0,1,0,0,0,0,0,0,0,0,0,0.000000000000000,0.000000000000000,0,0,0,10000,"Mapped, Not On Network",-81.556649999900003,28.594930024400000,638497.109799999976531,512229.306600000010803,12/18/2018 5:31:57 PM,6248_5993
1280,1281,1,1280,21167,88037110,FHPD18OFF127280,FHP,Long,12/15/2018 0:00:00,09:22 AM,Orlando Expwy Auth,Orange,STATE ROAD 417 SOUTHBOUND,STATE ROAD 408 WESTBOUND RAMP,0, ,Off Road,1,0,0,0,N,Y,N,6000.000000000000000,Cloudy,Daylight,0,Off Road,S,Property Damage Only,N,Other,Concrete Traffic Barrier,Off Roadway,Entrance/Exit Ramp,N,Not at Intersection,Turnpike/Toll,Paved,Wet,None, , ,None, , ,N,N, , , , ,0,0,0,0,0,0,0,0,0,0,0,0,0.000000000000000,0.000000000000000,0,1,0,6000,"Mapped, Not On Network",-81.266559999999998,28.555570049500002,666905.491452999995090,508453.588257999974303,12/18/2018 5:31:10 PM,8570_6966
1281,1282,1,1281,21205,87233590,FHPK18OFF091056,FHP,Long,12/15/2018 0:00:00,04:55 PM,Winter Garden,Orange,STATE ROAD 429,STORY ROAD,30,North,Unknown,2,0,0,0,N,N,N,8000.000000000000000,Cloudy,Daylight,0,Unknown,S,Property Damage Only,N,"Sideswipe, Same Direction",Motor Vehicle in Transport,On Roadway,Non-Junction,Y,Not at Intersection,Interstate,Paved,Wet,None, , ,None, , ,N,N, , , , ,0,0,4,0,0,0,0,0,0,0,0,0,0.000000000000000,0.000000000000000,0,3,0,8000,"Mapped, Not On Network",-81.559870590000003,28.559174689500001,638261.355860000010580,508253.031676999991760,12/21/2018 3:39:23 PM,8423_8507
1282,1283,1,1282,21282,88017046,FHPD18OFF118904,FHP,Long,11/21/2018 0:00:00,10:07 PM,Orlando,Orange,STATE ROAD 417 NORTHBOUND,CURRY FORD ROAD EXIT,500,South,Rear End,2,0,0,3,Y,N,N,20000.000000000000000,Clear,Dark - Lighted,0,Rear End,N,Injury,N,Front to Rear,Motor Vehicle in Transport,On Roadway,Non-Junction,N,Not at Intersection,State,Paved,Dry,None, , ,None, , ,N,N, , , , ,0,0,2,0,0,0,0,0,3,0,0,0,3.000000000000000,0.000000000000000,0,4,0,20000,"Mapped, On Network",-81.245790267100006,28.505831110700001,669056.569585000048392,502976.287132000026759,1/30/2019 2:14:50 PM,6965_8557
1283,1284,1,1283,21297,87946879,2018-00464330,Orlando PD,Long,12/3/2018 0:00:00,09:50 PM,Orlando,Orange,EW EBO,S MILLS AV,3000,West,Other,1,0,0,1,N,N,N,8000.000000000000000,Rain,Dark - Lighted,0,Single Vehicle,E,Injury,Y,Other,Motor Vehicle in Transport,On Roadway,Non-Junction,N,Not at Intersection,State,Paved,Wet,None, , ,None, , ,N,N, , , , ,0,0,0,0,0,0,0,1,0,0,0,0,0.000000000000000,0.000000000000000,0,0,0,8000,"Mapped, On Network",-81.372902514900005,28.537040753700001,656567.164153999998234,506170.575009000021964,4/11/2019 6:07:13 PM,8307_8305
1284,1285,1,1284,21307,88050587,FHPK18OFF092132,FHP,Long,12/20/2018 0:00:00,07:00 AM,Winter Garden,Orange,STATE ROAD 429 (DANIEL WEBSTER BELTWAY) NB,TINY ROAD,5280,North,Other,1,0,0,1,N,N,N,4000.000000000000000,Rain,Daylight,0,Single Vehicle,N,Injury,N,Other,Other Non-Fixed Object,On Roadway,Non-Junction,N,Not at Intersection,Turnpike/Toll,Unpaved,Wet,None, , ,None, , ,N,N, , , , ,0,0,2,0,0,0,0,1,0,0,0,0,0.000000000000000,0.000000000000000,0,1,0,4000,"Mapped, Not On Network",-81.616638469999998,28.499239289300000,632847.712284000008367,501489.684422000020277,12/21/2018 3:39:05 PM,6763_6186
1285,1286,1,1285,21334,87206058,FHPK18OFF091876,FHP,Long,12/19/2018 0:00:00,06:45 AM,Winter Garden,Orange,STATE ROAD 429,MM 17,0, ,Unknown,2,0,0,0,N,N,N,6800.000000000000000,Clear,Daylight,0,Unknown, ,Property Damage Only,N,Angle,Motor Vehicle in Transport,On Roadway,Non-Junction,N,Not at Intersection,State,Paved,Dry,None, , ,None, , ,N,N, , , , ,0,0,0,0,0,0,0,0,0,0,0,0,0.000000000000000,0.000000000000000,0,1,0,6800,"Mapped, Not On Network",-81.616699999999994,28.499180049300001,632841.828867999953218,501482.990501000022050,12/20/2018 6:32:56 PM,6763_6186
1286,1287,1,1286,21335,87204409,FHPK18OFF090084,FHP,Long,12/12/2018 0:00:00,08:01 AM,Winter Garden,Orange,STATE ROAD 429 NB,FLORIDA TURNPIKE (STATE ROAD 91),10560,South,Rear End,2,0,0,1,N,Y,N,2000.000000000000000,Clear,Daylight,0,Rear End,N,Injury,N,Front to Rear,Motor Vehicle in Transport,On Roadway,Non-Junction,N,Not at Intersection,State,Paved,Dry,None, , ,None, , ,N,N, , , , ,0,0,0,0,0,0,0,1,0,0,0,0,0.000000000000000,0.000000000000000,0,1,0,2000,"Mapped, On Network",-81.577780000000004,28.523124818900001,636591.489722999976948,504215.778415000007953,1/8/2019 9:18:22 PM,8462_6231
1287,1288,1,1287,21363,87947254,2018-00477108,Orlando PD,Long,12/13/2018 0:00:00,04:48 AM,Orlando,Orange,EW WBO,I4 EBO,0, ,Off Road,2,0,0,1,N,N,N,10200.000000000000000,Clear,Dark - Lighted,0,Off Road,W,Injury,Y,Other,Guardrail End,Shoulder,Entrance/Exit Ramp,N,Other,State,Paved,Dry,None, , ,None, , ,N,N, , , , ,0,0,0,0,0,0,0,1,0,0,0,0,0.000000000000000,0.000000000000000,0,0,0,10200,"Mapped, On Network",-81.376052230599996,28.536691611399998,656260.428585999994539,506125.260124000022188,4/10/2019 8:50:07 PM,6737_6230
1288,1289,1,1288,21370,88908850,2018-00486265,Orlando PD,Long,12/19/2018 0:00:00,06:47 PM,Orlando,Orange,SR 417 (CENTRAL FL GRNWY SBO),BOGGY CREEK RD,300,East,Rear End,4,0,0,4,N,Y,N,35000.000000000000000,Cloudy,Dark - Lighted,0,Rear End,S,Injury,Y,Front to Rear,Motor Vehicle in Transport,On Roadway,Non-Junction,N,Not at Intersection,State,Unpaved,Wet,None, , ,None, , ,N,N, , , , ,0,0,1,0,0,0,0,0,3,1,0,0,1.000000000000000,0.000000000000000,0,1,0,35000,"Mapped, On Network",-81.298963101699997,28.371547272800001,664189.621458000037819,487951.874652999977116,4/5/2019 11:51:14 AM,6486_8601
1289,1290,1,1289,21385,87184712,FHPK18OFF091482,FHP,Long,12/17/2018 0:00:00,11:34 AM,Winter Garden,Orange,SR 429 (DANIEL WEBSTER WESTERN BELTWAY),MM16,5280,North,Other,1,0,0,0,N,N,N,3000.000000000000000,Cloudy,Daylight,0,Single Vehicle,N,Property Damage Only,N,Other,Other Non-Fixed Object,On Roadway,Non-Junction,N,Not at Intersection,Turnpike/Toll,Paved,Dry,None, , ,None, , ,N,N, , , , ,0,0,1,0,0,0,0,0,0,0,0,0,0.000000000000000,0.000000000000000,0,0,0,3000,"Mapped, Not On Network",-81.625718489999997,28.488322239199999,631984.071801000041887,500260.390340999991167,12/20/2018 6:32:56 PM,8037_6764
1290,1291,1,1290,21402,87283002,FHPK18OFF092039,FHP,Long,12/19/2018 0:00:00,06:17 PM,Winter Garden,Orange,STATE ROAD 429,WARRIOR ROAD,500,South,Rear End,3,0,0,1,N,N,N,3600.000000000000000,Rain,Dark - Lighted,0,Rear End,S,Injury,N,Front to Rear,Motor Vehicle in Transport,On Roadway,Non-Junction,N,Not at Intersection,Turnpike/Toll,Paved,Wet,None, , ,None, , ,N,N, , , , ,0,0,0,0,0,0,0,1,0,0,0,0,0.000000000000000,0.000000000000000,0,1,0,3600,"Mapped, Not On Network",-81.563984890000000,28.529477579400002,637924.822735999943689,504947.695446999976411,12/21/2018 3:39:14 PM,8524_6989
1291,1292,1,1291,21407,87947545,2018-00480018,Orlando PD,Long,12/15/2018 0:00:00,04:55 AM,Orlando,Orange,EW WBO,JOHN YOUNG PARKWAY,500,East,Off Road,3,0,0,2,N,N,N,58000.000000000000000,Other,Dark - Lighted,0,Off Road,W,Injury,Y,Other,Concrete Traffic Barrier,On Roadway,Non-Junction,N,Not at Intersection,State,Paved,Wet,Unknown, , ,Unknown, , ,N,N, , , , ,0,0,0,0,0,0,0,2,0,0,0,0,1.000000000000000,0.000000000000000,0,0,0,58000,"Mapped, On Network",-81.410569474699997,28.540244560500000,652881.613543999963440,506448.490250999981072,4/10/2019 8:35:24 PM,8244_8217
1292,1293,1,1292,21444,88039140,FHPD18OFF125332,FHP,Long,12/10/2018 0:00:00,04:25 AM,Orlando,Orange,STATE ROAD 408,MM6,0, ,Off Road,1,0,0,0,N,N,N,8000.000000000000000,Clear,Dark - Lighted,0,Off Road,E,Property Damage Only,N,Other,Concrete Traffic Barrier,On Roadway,Non-Junction,N,Not at Intersection,State,Paved,Dry,None, , ,None, , ,N,N, , , , ,0,0,0,0,0,0,0,0,0,0,0,0,0.000000000000000,0.000000000000000,0,0,0,8000,"Mapped, Not On Network",-81.443049999999999,28.548240049400000,649691.639772000024095,507270.054693999991287,12/21/2018 3:39:10 PM,8205_6294
1293,1294,1,1293,21461,87252435,FHPD18OFF128966,FHP,Short,12/19/2018 0:00:00,06:25 PM,Orlando Expwy Auth,Orange,STATE ROAD 429 (DANIEL WEBSTER BLTWY),PLANT STREET,500,South,Rear End,2,0,0,0,N,N,N,6000.000000000000000,Rain,Dark - Lighted,0,Rear End,N,Property Damage Only,Y,Front to Rear,Motor Vehicle in Transport,On Roadway,Non-Junction,Y,Not at Intersection,Turnpike/Toll,Paved,Wet,None, , ,Weather Conditions, , ,N,N, , , , ,0,0,0,0,0,0,0,0,0,0,0,0,0.000000000000000,0.000000000000000,0,1,0,6000,"Mapped, Not On Network",-81.556740000000005,28.571270049500001,638540.383263000054285,509602.078615000005811,12/22/2018 4:11:42 PM,8421_8425
1294,1295,1,1294,21465,87252434,FHPD18OFF128925,FHP,Short,12/19/2018 0:00:00,05:50 PM,Orlando Expwy Auth,Orange,STATE ROAD 408 (EAST WEST EXPWY),CLARKE ROAD,5280,East,Rear End,2,0,0,0,N,N,N,0.000000000000000,Rain,Dark - Lighted,0,Rear End,W,Property Damage Only,Y,Front to Rear,Motor Vehicle in Transport,On Roadway,Non-Junction,N,Not at Intersection,Turnpike/Toll,Paved,Wet,None, , ,Weather Conditions, , ,N,N, , , , ,0,0,0,0,0,0,0,0,0,0,0,0,0.000000000000000,0.000000000000000,0,0,0,0,"Mapped, On Network",-81.504107449900005,28.546343484200001,643734.336048000026494,506937.317778000026010,3/28/2019 5:19:58 PM,8156_8150
1295,1296,1,1295,21466,87252433,FHPD18OFF128831,FHP,Long,12/19/2018 0:00:00,03:00 PM,Orlando Expwy Auth,Orange,STATE ROAD 408 (EAST WEST EXPRESSWAY),STATE ROAD 423 (JOHN YOUNG PKWY),5280,West,Sideswipe,2,0,0,0,N,N,N,5000.000000000000000,Rain,Daylight,0,Same Direction Sideswipe,E,Property Damage Only,Y,"Sideswipe, Same Direction",Motor Vehicle in Transport,On Roadway,Other,N,Not at Intersection,Turnpike/Toll,Paved,Wet,None, , ,Weather Conditions, , ,N,N, , , , ,0,0,0,0,0,0,0,0,0,0,0,0,0.000000000000000,0.000000000000000,0,1,0,5000,"Mapped, On Network",-81.434448004000004,28.547923768699999,650532.252814000006765,507252.384415999986231,3/28/2019 5:22:33 PM,5905_6014
1296,1297,1,1296,21467,87252429,FHPD18OFF127064,FHP,Long,12/14/2018 0:00:00,06:00 PM,Orlando Expwy Auth,Orange,STATE ROAD 429 (DANIEL WBSTR BLTWY),STATE ROAD 50 (W COLONIAL DRIVE),100,North,Rear End,3,0,0,0,N,N,N,8000.000000000000000,Rain,Dark - Lighted,0,Rear End,N,Property Damage Only,Y,Front to Rear,Motor Vehicle in Transport,On Roadway,Non-Junction,N,Not at Intersection,Turnpike/Toll,Paved,Wet,None, , ,Weather Conditions, , ,N,N, , , , ,0,0,2,0,0,0,0,0,0,0,0,0,0.000000000000000,0.000000000000000,0,2,0,8000,"Mapped, On Network",-81.558696047400005,28.551934095800000,638391.944876000052318,507451.349784000020009,3/28/2019 5:24:25 PM,8522_8498
1297,1298,1,1297,21502,87945041,2018-00482450,Orlando PD,Long,12/17/2018 0:00:00,06:40 AM,Orlando,Orange,SR 408 WEST,ROSALIND AVE,5280,East,Rear End,3,0,0,1,N,N,N,11000.000000000000000,Clear,Dawn,0,Rear End,W,Injury,Y,Front to Rear,Motor Vehicle in Transport,On Roadway,Non-Junction,N,Not at Intersection,State,Paved,Dry,None, , ,None, , ,N,N, , , , ,0,0,1,0,0,0,0,0,0,1,0,0,1.000000000000000,0.000000000000000,0,0,0,11000,"Mapped, On Network",-81.390971895999996,28.535293806300000,654806.843889000010677,505939.143870000028983,4/4/2019 9:16:13 PM,8272_8254
1298,1299,1,1298,21513,87283003,FHPK18OFF092054,FHP,Long,12/19/2018 0:00:00,05:42 PM,Winter Garden,Orange,STATE ROAD 429,NEW INDEPENDENCE PARKWAY,300,North,Rear End,2,0,0,0,N,N,N,1600.000000000000000,Rain,Dark - Lighted,0,Rear End,S,Property Damage Only,N,Front to Rear,Motor Vehicle in Transport,On Roadway,Entrance/Exit Ramp,Y,Not at Intersection,Turnpike/Toll,Paved,Wet,None, , ,None, , ,N,N, , , , ,0,0,0,0,0,0,0,0,0,0,0,0,0.000000000000000,0.000000000000000,0,1,0,1600,"Mapped, Not On Network",-81.631379999800004,28.479240024300001,631450.343100000056438,499241.301500000001397,12/22/2018 4:11:40 PM,8037_6764
1299,1300,1,1299,21529,87289814,FHPD18OFF128556,FHP,Short,12/18/2018 0:00:00,05:30 PM,Orlando Expwy Auth,Orange,STATE ROAD 408 EB MM18,STATE ROAD 417,0,West,Rear End,4,0,0,0,N,N,N,8500.000000000000000,Clear,Daylight,0,Rear End,E,Property Damage Only,Y,Front to Rear,Motor Vehicle in Transport,On Roadway,Non-Junction,N,Not at Intersection,Turnpike/Toll,Paved,Dry,None, , ,None, , ,N,N, , , , ,0,0,0,0,0,0,0,0,0,0,0,0,0.000000000000000,0.000000000000000,0,1,0,8500,"Mapped, Not On Network",-81.281991300000001,28.542227809400000,665431.610621999949217,506938.909522000001743,12/22/2018 4:11:38 PM,8408_8412
1300,1301,1,1300,21550,88008567,FHPD18OFF128560,FHP,Long,12/18/2018 0:00:00,05:39 PM,Orlando Expwy Auth,Orange,SR-408 (MM19),DEAN ROAD,0,West,Rear End,2,0,0,0,N,N,N,1900.000000000000000,Clear,Daylight,0,Rear End,E,Property Damage Only,N,Angle,Motor Vehicle in Transport,On Roadway,Non-Junction,N,Not at Intersection,Turnpike/Toll,Paved,Dry,None, , ,None, , ,N,Y,Work on Shoulder or Median,Activity Area, ,N,0,0,0,0,0,0,0,0,0,0,0,0,0.000000000000000,0.000000000000000,0,1,0,1900,"Mapped, Not On Network",-81.244429999800005,28.547170024800000,669086.851000000024214,507569.042699999990873,12/22/2018 4:11:40 PM,6269_8009
1301,1302,1,1301,21554,87289818,FHPD18OFF128986,FHP,Long,12/19/2018 0:00:00,06:53 PM,Orlando Expwy Auth,Orange,STATE ROAD 417 SB MM16,BOGGY CREEK RD,0,South,Rear End,4,0,0,1,N,N,N,19000.000000000000000,Cloudy,Dark - Lighted,0,Rear End,S,Injury,Y,Front to Rear,Motor Vehicle in Transport,On Roadway,Non-Junction,N,Not at Intersection,Turnpike/Toll,Paved,Wet,None, , ,None, , ,N,N, , , , ,0,0,1,0,0,0,0,0,1,0,0,0,1.000000000000000,0.000000000000000,0,1,0,19000,"Mapped, Not On Network",-81.309610000099994,28.369410024499999,663153.587199999950826,487691.810200000007171,12/22/2018 4:11:38 PM,11015_8482
1302,1303,1,1302,21555,88006204,FHPD18OFF129239,FHP,Long,12/20/2018 0:00:00,11:50 AM,Orlando Expwy Auth,Orange,STATE RD 408,STATE RD 434,0,West,Other,1,0,0,0,N,N,N,5000.000000000000000,Rain,Daylight,0,Single Vehicle,E,Property Damage Only,N,Other,Other Non-Collision,On Roadway,Non-Junction,N,Not at Intersection,Turnpike/Toll,Paved,Wet,Road Surface Condition, , ,Weather Conditions, , ,N,Y,Work on Shoulder or Median,Activity Area,Y,N,0,0,0,0,0,0,0,0,0,0,0,0,0.000000000000000,0.000000000000000,0,1,0,5000,"Mapped, Not On Network",-81.203940000499998,28.549840025100000,673033.383900000015274,507954.488499999977648,12/22/2018 4:11:41 PM,8041_6970
1303,1304,1,1303,21556,88006203,FHPD18OFF129229,FHP,Long,12/20/2018 0:00:00,11:13 AM,Orlando Expwy Auth,Orange,STATE RD 408,STATE RD 434,0,West,Other,1,0,0,0,N,N,N,3500.000000000000000,Rain,Daylight,0,Single Vehicle,E,Property Damage Only,N,Other,Other Non-Collision,On Roadway,Non-Junction,N,Not at Intersection,Turnpike/Toll,Paved,Wet,Road Surface Condition, , ,Weather Conditions, , ,N,Y,Work on Shoulder or Median,Activity Area,Y,N,0,0,0,0,0,0,0,0,0,0,0,0,0.000000000000000,0.000000000000000,0,1,0,3500,"Mapped, Not On Network",-81.203940000499998,28.549840025100000,673033.383900000015274,507954.488499999977648,12/22/2018 4:11:41 PM,8041_6970
1304,1305,1,1304,21558,88005693,FHPD18OFF128729,FHP,Long,12/19/2018 0:00:00,09:30 AM,Orlando Expwy Auth,Orange,NB SR-417,CURRY FORD RD,10560,North,Unknown,2,0,0,0,N,N,N,3000.000000000000000,Clear,Daylight,0,Unknown,N,Property Damage Only,Y,Other,"Struck by Falling, Shifting Cargo",On Roadway,Non-Junction,N,Not at Intersection,Turnpike/Toll,Paved,Dry,None, , ,None, , ,N,N, , , , ,0,0,0,0,0,0,0,0,0,0,0,0,0.000000000000000,0.000000000000000,0,1,0,3000,"Mapped, Not On Network",-81.245019999500002,28.504170024200000,669135.924899999983609,502793.540199999988545,12/22/2018 4:11:41 PM,6965_8557
1305,1306,1,1305,21568,88005696,FHPD18OFF129618,FHP,Long,12/21/2018 0:00:00,08:30 AM,Orlando Expwy Auth,Orange,WB SR-528,TRADEPORT ROAD,5280,West,Rear End,3,0,0,1,N,N,N,24000.000000000000000,Cloudy,Daylight,0,Rear End,W,Injury,Y,Front to Rear,Motor Vehicle in Transport,On Roadway,Non-Junction,N,Not at Intersection,State,Paved,Wet,None, , ,None, , ,N,N, , , , ,0,0,1,0,0,0,0,1,0,0,0,0,0.000000000000000,0.000000000000000,0,1,0,24000,"Mapped, On Network",-81.340055900199999,28.450765570500000,659981.189021000056528,496660.177919999987353,4/4/2019 9:50:07 PM,11452_8329
1306,1307,1,1306,21569,87289817,FHPD18OFF128871,FHP,Long,12/19/2018 0:00:00,04:27 PM,Orlando Expwy Auth,Orange,STATE ROAD 528 WB MM22,DALLAS BLVD,10560,West,Off Road,1,0,0,0,N,N,N,4000.000000000000000,Cloudy,Daylight,0,Off Road,W,Property Damage Only,Y,Other,Cable Barrier,Median,Non-Junction,N,Not at Intersection,Turnpike/Toll,Paved,Dry,None, , ,None, , ,N,N, , , , ,0,0,0,0,0,0,0,0,0,0,0,0,0.000000000000000,0.000000000000000,0,0,0,4000,"Mapped, Not On Network",-81.117071280000005,28.451618509100001,681769.527787000057288,497244.691664999991190,12/23/2018 2:37:32 PM,6073_8099
1307,1308,1,1307,21589,88006202,FHPD18OFF129181,FHP,Long,12/20/2018 0:00:00,09:15 AM,Orlando Expwy Auth,Orange,STATE RD 417,STATE RD 528,5280,North,Rear End,2,0,0,1,N,N,N,750.000000000000000,Rain,Daylight,0,Rear End,S,Injury,N,Front to Rear,Motor Vehicle in Transport,On Roadway,Non-Junction,N,Not at Intersection,Turnpike/Toll,Paved,Wet,Road Surface Condition, , ,Weather Conditions, , ,N,N, , , , ,0,0,0,0,0,0,0,1,0,0,0,0,0.000000000000000,0.000000000000000,0,1,0,750,"Mapped, Not On Network",-81.229709999600004,28.438150024999999,670796.018599999952130,495496.957700000028126,12/22/2018 4:11:41 PM,7999_8391
1308,1309,1,1308,21596,87289815,FHPD18OFF128613,FHP,Long,12/18/2018 0:00:00,07:45 PM,Orlando Expwy Auth,Orange,STATE ROAD 408 EB MM2,GOOD HOMES RD,50,East,Sideswipe,2,0,0,1,N,N,N,4500.000000000000000,Clear,Dark - Lighted,0,Same Direction Sideswipe,E,Injury,Y,"Sideswipe, Same Direction",Motor Vehicle in Transport,On Roadway,Non-Junction,N,Not at Intersection,Turnpike/Toll,Paved,Dry,None, , ,None, , ,N,N, , , , ,0,0,0,0,0,0,0,0,1,0,0,0,1.000000000000000,0.000000000000000,0,3,0,4500,"Mapped, Not On Network",-81.504737924899999,28.546243768099998,643673.000000000000000,506925.000000000000000,12/22/2018 4:11:38 PM,8156_8150
1309,1310,1,1309,21609,88006201,FHPD18OFF129118,FHP,Long,12/20/2018 0:00:00,07:19 AM,Orlando Expwy Auth,Orange,STATE RD 417 TRANSITION RAMP,STATE RD 408,150,North,Other,1,0,0,0,N,N,N,5000.000000000000000,Rain,Daylight,0,Single Vehicle,S,Property Damage Only,N,Other,Other Non-Collision,On Roadway,Entrance/Exit Ramp,N,Not at Intersection,Turnpike/Toll,Paved,Wet,Road Surface Condition, , ,Weather Conditions, , ,N,Y,Work on Shoulder or Median,Activity Area,N,N,0,0,0,0,0,0,0,0,0,0,0,0,0.000000000000000,0.000000000000000,0,1,0,5000,"Mapped, Not On Network",-81.268979999999999,28.547160049399999,666689.913270000019111,507514.602719000016805,12/22/2018 4:11:41 PM,8412_7015
1310,1311,1,1310,21681,88006211,FHPD18OFF132736,FHP,Long,12/30/2018 0:00:00,06:31 PM,Orlando Expwy Auth,Orange,STATE RD 528,DALLAS BLVD,600,East,Rear End,2,0,0,0,N,N,N,10000.000000000000000,Rain,Dark - Lighted,0,Rear End,W,Property Damage Only,N,Front to Rear,Motor Vehicle in Transport,On Roadway,Non-Junction,N,Not at Intersection,Turnpike/Toll,Paved,Wet,Road Surface Condition, , ,Weather Conditions, , ,N,N, , , , ,0,0,5,0,0,0,0,0,0,0,0,0,0.000000000000000,0.000000000000000,0,0,0,10000,"Mapped, On Network",-81.093124326199998,28.451740631200000,684109.285785999963991,497313.195570999989286,7/30/2019 2:43:06 PM,6322_8112
1311,1312,1,1311,21682,88027251,FHPD18OFF132179,FHP,Long,12/28/2018 0:00:00,07:40 PM,Orlando Expwy Auth,Orange,SR-417,NARCOOSSEE ROAD,100,North,Off Road,1,0,0,0,N,N,N,1000.000000000000000,Clear,Dark - Lighted,0,Off Road,N,Property Damage Only,N,Other,Traffic Sign Support,On Roadway,Entrance/Exit Ramp,N,Not at Intersection,Turnpike/Toll,Paved,Dry,None, , ,None, , ,N,N, , , , ,0,0,3,0,0,0,0,0,0,0,0,0,0.000000000000000,0.000000000000000,0,0,0,1000,"Mapped, On Network",-81.239080887300005,28.403211149299999,669967.034452999942005,491597.193772999977227,7/30/2019 2:12:19 PM,8598_8531
1312,1313,1,1312,21728,88066024,FHPD18OFF131861,FHP,Long,12/27/2018 0:00:00,09:05 PM,Orlando,Orange,STATE ROAD 417 SB,MM7,0, ,Rear End,3,0,0,0,N,Y,N,13000.000000000000000,Clear,Dark - Lighted,0,Rear End,S,Property Damage Only,N,Front to Front,Motor Vehicle in Transport,Off Roadway,Other,N,Not at Intersection,State,Curb,Dry,None, , ,None, , ,N,N, , , , ,0,0,3,0,0,0,0,0,0,0,0,0,0.000000000000000,0.000000000000000,0,1,0,13000,"Mapped, Not On Network",-81.458119999999994,28.355720048799999,648660.917617999948561,485863.593074999982491,1/2/2019 2:57:50 PM,7010_6916
1313,1314,1,1313,21747,88033562,FHPD18OFF126721,FHP,Long,12/14/2018 0:00:00,02:47 AM,Unincorporated,Orange,STATE ROAD-528 EB (EAST WEST EXPRESSWAY),STATE ROAD-520,10560,East,Off Road,1,0,0,0,N,Y,N,120000.000000000000000,Clear,Dark - Not Lighted,0,Off Road,E,Property Damage Only,N,Other,Guardrail Face,Shoulder,Non-Junction,N,Not at Intersection,State,Paved,Dry,None, , ,None, , ,N,N, , , , ,0,0,0,0,0,0,0,0,0,0,0,0,0.000000000000000,0.000000000000000,0,1,0,120000,"Mapped, Not On Network",-80.984569999800001,28.452640024600001,694714.540200000046752,497667.820999999996275,12/31/2018 2:50:06 PM,8091_5943