FID,OBJECTID_1,Join_Count,TARGET_FID,OBJECTID,HSMV_Repor,Agency_Rep,Reporting_,Form_Type,Crash_Date,Crash_Time,City,County,Crash_Stre,Intersecti,Offset_Dis,Offset_Dir,Crash_Type,Vehicles,Non_Motori,Fatalities,Injuries,Alcohol_Re,Distractio,Drug_Relat,Estimated_,Weather_Co,Light_Cond,Street_Num,Crash_Ty_1,Crash_Ty_2,Crash_Seve,Within_Cit,Manner_of_,First_Harm,First_HE_L,First_HE_R,First_HE_W,Type_of_In,Road_Sys_I,Type_of_Sh,Road_Surf_,Contrib_Ci,Contrib__1,Contrib__2,Contrib__3,Contrib__4,Contrib__5,School_Bus,Work_Zone_,Type_of_Wo,Loc_in_Wor,Workers_in,Law_Enforc,Mopeds,Motorcycle,Passengers,Bicyclists,Pedestrian,Fataliti_1,Injuries_U,Possible_I,Non_Incapa,Incapacita,Fataliti_2,Non_Traffi,Transporte,Transpor_1,Transpor_2,Citations,Property_D,Vehicle_Dm,S4_Mapping,S4_Decimal,S4_Decim_1,S4_Albers_,S4_Albers1,S4_Mappi_1,zone_id_st
1314,1315,1,1314,21766,87469136,2018TA017428,Apopka PD,Short,12/20/2018 0:00:00,01:37 PM,Apopka,Orange,SR-429-TOLL,SR-429 CONNECTOR RD RAMP,815,South,Sideswipe,2,0,0,0,N,Y,N,4000.000000000000000,Rain,Daylight,0,Same Direction Sideswipe,N,Property Damage Only,Y,"Sideswipe, Same Direction",Motor Vehicle in Transport,On Roadway,Entrance/Exit Ramp,N,Not at Intersection,Turnpike/Toll,Paved,Wet,None, , ,None, , ,N,N, , , , ,0,0,1,0,0,0,0,0,0,0,0,0,0.000000000000000,0.000000000000000,0,0,0,4000,"Mapped, On Network",-81.558966549900006,28.695567817099999,638049.796528000035323,523398.947216000000481,12/21/2018 3:38:23 PM,5881_5879
1315,1316,1,1315,21768,87469130,2018TA017362,Apopka PD,Long,12/19/2018 0:00:00,05:50 PM,Apopka,Orange,S.R. 429,OCOEE APOPKA RD,272,South,Rear End,2,0,0,0,N,Y,N,6000.000000000000000,Clear,Dark - Lighted,0,Rear End,N,Property Damage Only,Y,Front to Rear,Motor Vehicle in Transport,On Roadway,Non-Junction,N,Not at Intersection,Turnpike/Toll,Paved,Wet,Road Surface Condition, , ,None, , ,N,N, , , , ,0,0,0,0,0,0,0,0,0,0,0,0,0.000000000000000,0.000000000000000,0,0,0,6000,"Mapped, On Network",-81.538447580400003,28.629091828100002,640197.899473999976180,516057.731434000015724,12/21/2018 3:38:23 PM,6295_8444
1316,1317,1,1316,21786,88031049,FHPD18OFF120856,FHP,Long,11/28/2018 0:00:00,02:19 AM,Orlando,Orange,STATE ROAD-528,INNOVATION WAY,2000,East,Off Road,1,0,0,0,N,Y,N,4000.000000000000000,Clear,Dark - Lighted,0,Off Road,W,Property Damage Only,N,Other,Utility Pole/Light Support,Off Roadway,Non-Junction,Y,Not at Intersection,State,Paved,Dry,None, , ,None, , ,N,N, , , , ,0,0,0,0,0,0,0,0,0,0,0,0,0.000000000000000,0.000000000000000,0,0,0,4000,"Mapped, Not On Network",-81.177389480000002,28.451738589100000,675874.928137999959290,497121.640263999986928,12/31/2018 2:50:09 PM,8097_6953
1317,1318,1,1317,21798,88054986,FHPD18OFF130040,FHP,Short,12/22/2018 0:00:00,01:25 AM,Orlando,Orange,STATE ROAD-408 EB (EAST-WEST EXPY),STATE ROAD-551 (GOLDENROD ROAD),500,West,Sideswipe,2,0,0,0,N,N,N,1300.000000000000000,Clear,Dark - Lighted,0,Same Direction Sideswipe,E,Property Damage Only,N,"Sideswipe, Same Direction",Motor Vehicle in Transport,On Roadway,Non-Junction,Y,Not at Intersection,State,Paved,Dry,None, , ,None, , ,N,N, , , , ,0,0,0,0,0,0,0,0,0,0,0,0,0.000000000000000,0.000000000000000,0,1,0,1300,"Mapped, Not On Network",-81.289699999600003,28.539670024799999,664685.168999999994412,506638.351900000008754,12/31/2018 2:50:04 PM,6881_8431
1318,1319,1,1318,21869,87204412,FHPK18OFF092139,FHP,Long,12/20/2018 0:00:00,07:43 AM,Winter Garden,Orange,STATE ROAD 429 SB,NEW INDEPENDENCE PARKWAY,10560,North,Head On,2,0,0,2,N,N,N,70850.000000000000000,Rain,Daylight,0,Head On,NS,Injury,N,Angle,Motor Vehicle in Transport,On Roadway,Non-Junction,N,Not at Intersection,Turnpike/Toll,Paved,Wet,None, , ,None, , ,N,N, , , , ,0,0,0,0,0,0,0,0,1,1,0,0,2.000000000000000,0.000000000000000,0,1,0,70850,"Mapped, Not On Network",-81.631379999800004,28.479240024300001,631450.343100000056438,499241.301500000001397,12/30/2018 3:18:14 PM,8037_6764
1319,1320,1,1319,21910,88908736,2018-00482757,Orlando PD,Long,12/17/2018 0:00:00,11:15 AM,Orlando,Orange,SR 408 EBO,SR 408 EB ENTRANCE RAMP FROM US 441 (S OBT),50,West,Unknown,2,0,0,0,N,N,N,500.000000000000000,Clear,Daylight,0,Unknown, ,Property Damage Only,Y,"Sideswipe, Same Direction",Motor Vehicle in Transport,On Roadway,Non-Junction,N,Not at Intersection,U.S.,Paved,Dry,None, , ,None, , ,N,Y,Work on Shoulder or Median,Activity Area, ,N,0,0,0,0,0,0,0,0,0,0,0,0,0.000000000000000,0.000000000000000,0,0,0,500,"Mapped, On Network",-81.394291526700002,28.535104979400000,654483.128467999980785,505911.323162999993656,3/27/2019 6:21:42 PM,8248_8267
1320,1321,1,1320,21911,88006210,FHPD18OFF132740,FHP,Long,12/30/2018 0:00:00,06:37 PM,Orlando Expwy Auth,Orange,STATE RD 528,DALLAS BLVD,0,West,Unknown,2,0,0,0,N,N,N,11000.000000000000000,Rain,Dark - Lighted,0,Unknown,E,Property Damage Only,N,Other,Other Non-Collision,Off Roadway,Non-Junction,N,Not at Intersection,Turnpike/Toll,Paved,Wet,Road Surface Condition, , ,Weather Conditions, , ,N,N, , , , ,0,0,1,0,0,0,0,0,0,0,0,0,0.000000000000000,0.000000000000000,0,1,0,11000,"Mapped, On Network",-81.098873544000000,28.451470119000000,683548.185016999952495,497269.928993000008631,7/30/2019 2:45:48 PM,8109_6321
1321,1322,1,1321,21913,88009597,FHPK18OFF094266,FHP,Long,12/28/2018 0:00:00,10:45 AM,Unincorporated,Orange,SB SR-429 25 MM,FRANKLIN ST,5280,North,Unknown,2,0,0,0,N,N,N,500.000000000000000,Clear,Daylight,0,Unknown,S,Property Damage Only,N,Other,"Struck by Falling, Shifting Cargo",On Roadway,Non-Junction,N,Not at Intersection,Turnpike/Toll,Paved,Dry,None, , ,None, , ,N,N, , , , ,0,0,0,0,0,0,0,0,0,0,0,0,0.000000000000000,0.000000000000000,0,0,0,500,"Mapped, Not On Network",-81.557392219999997,28.580630969600001,638456.123389999964274,510640.195219999994151,12/31/2018 2:50:13 PM,5993_8395
1322,1323,1,1322,21928,88908735,2018-00494931,Orlando PD,Long,12/27/2018 0:00:00,12:00 PM,Orlando,Orange,SR 408 WBO,SR 408 WBO EXIT RAMP TO I4 WB,2000,East,Unknown,2,0,0,0,N,N,N,500.000000000000000,Cloudy,Daylight,0,Unknown, ,Property Damage Only,Y,"Sideswipe, Same Direction",Motor Vehicle in Transport,On Roadway,Non-Junction,N,Not at Intersection,U.S.,Paved,Dry,None, , ,None, , ,N,Y,Work on Shoulder or Median,Activity Area, ,N,0,0,0,0,0,0,0,0,0,0,0,0,0.000000000000000,0.000000000000000,0,0,0,500,"Mapped, On Network",-81.373297799499994,28.537214713800001,656528.154285000055097,506189.067556000023615,3/27/2019 6:22:57 PM,8313_6737
1323,1324,1,1323,21939,88027252,FHPD18OFF132181,FHP,Long,12/28/2018 0:00:00,07:40 PM,Orlando Expwy Auth,Orange,SR-417,NARCOOSSEE ROAD,1000,North,Off Road,1,0,0,0,N,N,N,5000.000000000000000,Clear,Dark - Lighted,0,Off Road,N,Property Damage Only,N,Other,Traffic Sign Support,On Roadway,Entrance/Exit Ramp,N,Not at Intersection,Turnpike/Toll,Paved,Dry,Obstruction in Roadway, , ,None, , ,N,N, , , , ,0,0,2,0,0,0,0,0,0,0,0,0,0.000000000000000,0.000000000000000,0,0,0,5000,"Mapped, On Network",-81.239119507900000,28.403186492100001,669963.320007000002079,491594.371558999991976,7/30/2019 2:11:52 PM,8598_8531
1324,1325,1,1324,21940,88027250,FHPD18OFF132160,FHP,Long,12/28/2018 0:00:00,07:40 PM,Orlando Expwy Auth,Orange,SR-417,NARCOOSSEE ROAD,1000,North,Off Road,1,0,0,0,N,N,N,1000.000000000000000,Clear,Dark - Lighted,0,Off Road,N,Property Damage Only,N,Other,Traffic Sign Support,On Roadway,Entrance/Exit Ramp,N,Not at Intersection,Turnpike/Toll,Paved,Dry,None, , ,None, , ,N,N, , , , ,0,0,0,0,0,0,0,0,0,0,0,0,0.000000000000000,0.000000000000000,0,0,0,1000,"Mapped, On Network",-81.239064776999996,28.403237367500001,669968.544298000051640,491600.140011999988928,7/30/2019 2:12:46 PM,8598_8531
1325,1326,1,1325,21942,88040172,FHPD18OFF124969,FHP,Long,12/8/2018 0:00:00,11:25 PM,Orlando,Orange,STATE ROAD 408,ALAFAYA TRAIL,50,West,Rear End,4,0,0,0,N,N,N,22300.000000000000000,Clear,Dark - Lighted,0,Rear End,E,Property Damage Only,N,Front to Rear,Motor Vehicle in Transport,On Roadway,Non-Junction,N,Not at Intersection,State,Curb,Dry,None, , ,None, , ,N,N, , , , ,0,0,0,0,0,0,0,0,0,0,0,0,0.000000000000000,0.000000000000000,0,0,0,22300,"Mapped, On Network",-81.204111314399995,28.549803764400000,673016.749366999953054,507950.083281999977771,7/26/2019 4:31:04 PM,8041_6970
1326,1327,1,1326,21944,87947763,2018-00488150,Orlando PD,Long,12/21/2018 0:00:00,08:04 AM,Orlando,Orange,SR408 WBO,CONWAY TOLL PLAZA,100,West,Unknown,2,0,0,0,N,N,N,1000.000000000000000,Cloudy,Daylight,0,Unknown, ,Property Damage Only,Y,"Sideswipe, Same Direction",Motor Vehicle in Transport,On Roadway,Non-Junction,N,Not at Intersection,State,Paved,Dry,None, , ,None, , ,N,N, , , , ,0,0,0,0,0,0,0,0,0,0,0,0,0.000000000000000,0.000000000000000,0,0,0,1000,"Mapped, On Network",-81.328465914199995,28.538719548500001,660902.212049999972805,506450.207562999974471,7/26/2019 2:29:01 PM,6229_6177
1327,1328,1,1327,21946,87252443,FHPD18OFF129945,FHP,Long,12/21/2018 0:00:00,07:10 PM,Orlando Expwy Auth,Orange,STATE ROAD 408 (EAST WEST EXPWY),ROUSE ROAD,100,East,Sideswipe,2,0,0,0,N,N,N,3000.000000000000000,Cloudy,Dark - Lighted,0,Same Direction Sideswipe,E,Property Damage Only,Y,"Sideswipe, Same Direction",Motor Vehicle in Transport,On Roadway,Non-Junction,N,Not at Intersection,Turnpike/Toll,Paved,Dry,None, , ,None, , ,N,N, , , , ,0,0,0,0,0,0,0,0,0,0,0,0,0.000000000000000,0.000000000000000,0,0,0,3000,"Mapped, On Network",-81.218652063500002,28.547615664500000,671602.576307000010274,507675.034587999980431,7/26/2019 4:59:01 PM,8070_6690
1328,1329,1,1328,21975,88006206,FHPD18OFF132374,FHP,Long,12/29/2018 0:00:00,02:20 PM,Orlando Expwy Auth,Orange,STATE RD 528,STATE RD 417,10560,East,Unknown,2,0,0,2,N,N,N,11000.000000000000000,Clear,Daylight,0,Unknown,E,Injury,N,Other,Other Non-Collision,On Roadway,Non-Junction,N,Not at Intersection,Turnpike/Toll,Paved,Dry,None, , ,None, , ,N,N, , , , ,0,0,1,0,0,0,0,2,0,0,0,0,2.000000000000000,0.000000000000000,0,0,0,11000,"Mapped, Not On Network",-81.240149999699995,28.451250024800000,669743.121200000052340,496928.550600000016857,1/8/2019 2:57:50 PM,6666_8074
1329,1330,1,1329,21997,88013649,FHPD18OFF127269,FHP,Long,12/15/2018 0:00:00,08:49 AM,Orlando Expwy Auth,Orange,SR417 EXIT RAMP,SR408,0, ,Off Road,1,0,0,0,N,N,N,4000.000000000000000,Cloudy,Daylight,0,Off Road,S,Property Damage Only,N,Other,Concrete Traffic Barrier,Off Roadway,Non-Junction,N,Not at Intersection,State,Paved,Wet,None, , ,None, , ,N,N, , , , ,0,0,0,0,0,0,0,0,0,0,0,0,0.000000000000000,0.000000000000000,0,1,0,4000,"Mapped, On Network",-81.272207457400000,28.547010990699999,666375.162773999967612,507491.077089000027627,4/22/2019 1:42:54 PM,6258_6879
1330,1331,1,1330,22049,88027125,FHPD18OFF112271,FHP,Long,11/4/2018 0:00:00,01:49 AM,Orlando,Orange,STATE ROAD 417,LANDSTAR BOULEVARD,0,West,Off Road,1,0,0,1,N,N,N,28000.000000000000000,Cloudy,Dark - Lighted,0,Off Road,W,Injury,N,Other,Guardrail End,Shoulder,Non-Junction,N,Not at Intersection,State,Paved,Dry,None, , ,None, , ,N,N, , , , ,0,0,0,0,0,0,0,1,0,0,0,0,1.000000000000000,0.000000000000000,0,0,0,28000,"Mapped, On Network",-81.372903708199999,28.368481059099999,656965.821366999996826,487455.185213999997359,2/12/2019 11:07:15 PM,8486_9176
1331,1332,1,1331,22061,88005667,FHPD18OFF110631,FHP,Long,10/30/2018 0:00:00,05:30 PM,Orlando Expwy Auth,Orange,SB SR-417,BOGGY CREEK RD,0,South,Rear End,2,0,0,0,N,N,N,9000.000000000000000,Clear,Daylight,0,Rear End,S,Property Damage Only,Y,Front to Rear,Motor Vehicle in Transport,On Roadway,Non-Junction,N,Not at Intersection,Turnpike/Toll,Paved,Dry,None, , ,None, , ,N,N, , , , ,0,0,3,0,0,0,0,0,0,0,0,0,0.000000000000000,0.000000000000000,0,1,0,9000,"Mapped, On Network",-81.317099199099999,28.367905710500001,662424.800643000053242,487508.825728000025265,4/17/2019 12:02:17 PM,8482_6618
1332,1333,1,1332,22062,88013621,FHPD18OFF112489,FHP,Long,11/4/2018 0:00:00,05:24 PM,Orlando Expwy Auth,Orange,SR528 EXIT RAMP,SR417,0, ,Off Road,1,0,0,0,N,N,N,4000.000000000000000,Rain,Daylight,0,Off Road,E,Property Damage Only,Y,Other,Guardrail Face,Off Roadway,Non-Junction,N,Not at Intersection,Turnpike/Toll,Paved,Wet,None, , ,None, , ,N,N, , , , ,0,0,0,0,0,0,0,0,0,0,0,0,0.000000000000000,0.000000000000000,0,1,0,4000,"Mapped, On Network",-81.239617241999994,28.451237099099998,669795.215477999998257,496928.280958999996074,4/17/2019 11:35:15 AM,6666_8074
1333,1334,1,1333,22065,88013619,FHPD18OFF112474,FHP,Long,11/4/2018 0:00:00,04:41 PM,Orlando Expwy Auth,Orange,SR408,19MM,0, ,Off Road,2,0,0,1,N,N,N,7000.000000000000000,Rain,Daylight,0,Off Road,W,Injury,Y,Other,Guardrail Face,Off Roadway,Non-Junction,N,Not at Intersection,Turnpike/Toll,Paved,Wet,None, , ,None, , ,N,N, , , , ,0,0,0,0,0,0,0,1,0,0,0,0,0.000000000000000,0.000000000000000,0,0,0,7000,"Mapped, On Network",-81.238100114999995,28.547349797599999,669704.426383999991231,507602.830931000004057,4/17/2019 11:38:06 AM,6308_8005
1334,1335,1,1334,22080,88040182,FHPD18OFF127205,FHP,Long,12/15/2018 0:00:00,12:31 AM,Orlando,Orange,STATE ROAD 528 EB,MM 15,0, ,Off Road,1,0,0,0,N,N,N,3000.000000000000000,Rain,Dark - Lighted,0,Off Road,E,Property Damage Only,N,Other,Guardrail Face,Off Roadway,Non-Junction,N,Not at Intersection,State,Unpaved,Wet,None, , ,None, , ,N,N, , , , ,0,0,0,0,0,0,0,0,0,0,0,0,0.000000000000000,0.000000000000000,0,0,0,3000,"Mapped, On Network",-81.240362811400004,28.451282693100001,669722.243629000033252,496931.712224000017159,4/22/2019 1:39:39 PM,6666_8074
1335,1336,1,1335,22094,88005671,FHPD18OFF111990,FHP,Long,11/3/2018 0:00:00,08:00 AM,Orlando Expwy Auth,Orange,NB SR-417,SR-50,0,South,Sideswipe,2,0,0,0,N,N,N,50.000000000000000,Cloudy,Daylight,0,Same Direction Sideswipe,N,Property Damage Only,Y,"Sideswipe, Same Direction",Motor Vehicle in Transport,On Roadway,Non-Junction,N,Not at Intersection,Turnpike/Toll,Paved,Dry,None, , ,None, , ,N,N, , , , ,0,0,0,0,0,0,0,0,0,0,0,0,0.000000000000000,0.000000000000000,0,0,0,50,"Mapped, On Network",-81.267325218300002,28.563144909300000,666812.143951999954879,509292.956995000015013,4/17/2019 12:06:53 PM,6966_8451
1336,1337,1,1336,22098,88013620,FHPD18OFF112488,FHP,Long,11/4/2018 0:00:00,05:23 PM,Orlando Expwy Auth,Orange,SR417 EXIT RAMP,33MM,0, ,Off Road,1,0,0,2,N,N,N,4000.000000000000000,Rain,Daylight,0,Off Road,N,Injury,Y,Other,Concrete Traffic Barrier,Off Roadway,Non-Junction,N,Not at Intersection,Turnpike/Toll,Paved,Wet,None, , ,None, , ,N,N, , , , ,0,0,1,0,0,0,0,2,0,0,0,0,0.000000000000000,0.000000000000000,0,0,0,4000,"Mapped, On Network",-81.255095352100000,28.544930765200000,668051.065712000010535,507297.193474999978207,4/17/2019 11:41:19 AM,2529_11876
1337,1338,1,1337,22104,88011096,FHPD18OFF109008,FHP,Long,10/26/2018 0:00:00,09:18 AM,Orlando,Orange,STATE ROAD-417 NB (CENTRAL FLORIDA GREENWAY),STATE ROAD-528 (EAST WEST EXPWY),500,South,Rear End,2,0,0,0,N,N,N,2500.000000000000000,Clear,Daylight,0,Rear End,N,Property Damage Only,N,Angle,Motor Vehicle in Transport,On Roadway,Non-Junction,Y,Not at Intersection,State,Paved,Dry,None, , ,None, , ,N,N, , , , ,0,0,0,0,0,0,0,0,0,0,0,0,0.000000000000000,0.000000000000000,0,1,0,2500,"Mapped, On Network",-81.229571232100000,28.439038728600000,670807.363680999958888,495595.933874999987893,2/12/2019 10:10:04 PM,6642_7993
1338,1339,1,1338,22111,88023564,FHPD18OFF112278,FHP,Long,11/4/2018 0:00:00,01:44 AM,Orlando,Orange,STATE ROAD 408 (EAST-WEST EXPY),MILE MARKER 18,200,West,Off Road,1,0,0,1,N,N,N,18000.000000000000000,Clear,Dark - Lighted,0,Off Road,E,Injury,N,Other,Concrete Traffic Barrier,On Roadway,Non-Junction,N,Not at Intersection,Interstate,Paved,Dry,None, , ,None, , ,N,N, , , , ,0,0,0,0,0,0,0,1,0,0,0,0,0.000000000000000,0.000000000000000,0,0,0,18000,"Mapped, On Network",-81.253151980400006,28.547325169699999,668234.889705999987200,507567.265883999993093,4/17/2019 11:54:04 AM,8027_6269
1339,1340,1,1339,22120,87252439,FHPD18OFF129368,FHP,Long,12/20/2018 0:00:00,03:50 PM,Orlando Expwy Auth,Orange,STATE ROAD 417 (CTRL FL GREENEWAY),STATE ROAD 408 (EAST WEST EXPWY),100,North,Rear End,2,0,0,0,N,N,N,2000.000000000000000,Rain,Daylight,0,Rear End,S,Property Damage Only,Y,Angle,Motor Vehicle in Transport,On Roadway,Entrance/Exit Ramp,Y,Not at Intersection,Turnpike/Toll,Paved,Wet,None, , ,Weather Conditions, , ,N,N, , , , ,0,0,0,0,0,0,0,0,0,0,0,0,0.000000000000000,0.000000000000000,0,2,0,2000,"Mapped, Not On Network",-81.258260000199996,28.547800025099999,667734.991799999959767,507608.887600000016391,12/23/2018 2:37:36 PM,11876_8570
1340,1341,1,1340,22131,88005695,FHPD18OFF129203,FHP,Long,12/20/2018 0:00:00,10:00 AM,Orlando Expwy Auth,Orange,WB SR-408,HIAWASSEE ROAD,0,East,Rear End,3,0,0,0,N,N,N,18500.000000000000000,Rain,Daylight,0,Rear End,W,Property Damage Only,Y,Front to Rear,Motor Vehicle in Transport,On Roadway,Non-Junction,N,Not at Intersection,Turnpike/Toll,Paved,Wet,None, , ,None, , ,N,N, , , , ,0,0,1,0,0,0,0,0,0,0,0,0,0.000000000000000,0.000000000000000,0,1,0,18500,"Mapped, On Network",-81.470525154200004,28.548947518399999,647007.399002999998629,507293.272839999990538,3/28/2019 5:26:16 PM,8210_8148
1341,1342,1,1341,22135,87252437,FHPD18OFF129323,FHP,Long,12/20/2018 0:00:00,02:30 PM,Orlando Expwy Auth,Orange,STATE ROAD 417 (CTRL FLA GREENEWAY),STATE ROAD 408 (EAST WEST EXPRESSWAY,100,North,Other,1,0,0,0,N,N,N,10000.000000000000000,Rain,Daylight,0,Single Vehicle,N,Property Damage Only,Y,Other,Motor Vehicle in Transport,Shoulder,Entrance/Exit Ramp,Y,Not at Intersection,Turnpike/Toll,Paved,Wet,None, , ,Weather Conditions, , ,N,N, , , , ,0,0,0,0,0,0,0,0,0,0,0,0,0.000000000000000,0.000000000000000,0,1,0,10000,"Mapped, Not On Network",-81.266559999999998,28.555570049500002,666905.491452999995090,508453.588257999974303,12/23/2018 2:37:36 PM,8570_6966
1342,1343,1,1342,22138,87252431,FHPD18OFF128217,FHP,Short,12/17/2018 0:00:00,06:20 PM,Orlando Expwy Auth,Orange,STATE ROAD 528 (BEACHLINE),STATE ROAD 436 (SEMORAN BV),5280,West,Rear End,2,0,0,0,N,N,N,100.000000000000000,Clear,Daylight,0,Rear End,E,Property Damage Only,Y,Front to Rear,Motor Vehicle in Transport,On Roadway,Non-Junction,N,Not at Intersection,Turnpike/Toll,Paved,Dry,None, , ,None, , ,N,N, , , , ,0,0,0,0,0,0,0,0,0,0,0,0,0.000000000000000,0.000000000000000,0,0,0,100,"Mapped, On Network",-81.325356020599997,28.451300814600000,661416.431722000008449,496750.683313000015914,2/13/2019 12:29:16 PM,8341_6947
1343,1344,1,1343,22148,87252436,FHPD18OFF129014,FHP,Long,12/19/2018 0:00:00,08:06 PM,Orlando Expwy Auth,Orange,STATE ROAD 417 (CTRL FLA GREENEWAY),STATE ROAD 423 (JOHN YOUNG PKWY),500,West,Other,1,0,0,0,N,N,N,5000.000000000000000,Rain,Dark - Lighted,0,Single Vehicle,N,Property Damage Only,Y,Other,Motor Vehicle in Transport,On Roadway,Entrance/Exit Ramp,Y,Not at Intersection,Turnpike/Toll,Paved,Wet,None, , ,Weather Conditions, , ,N,N, , , , ,0,0,0,0,0,0,0,0,0,0,0,0,0.000000000000000,0.000000000000000,0,1,0,5000,"Mapped, Not On Network",-81.399889999999999,28.370710048799999,654321.368327999953181,487646.728668000025209,12/23/2018 2:37:36 PM,8017_6167
1344,1345,1,1344,22231,88013251,FHPD18OFF107387,FHP,Long,10/21/2018 0:00:00,11:22 PM,Unincorporated,Orange,STATE ROAD 528,STATE ROAD 417,10560,East,Other,2,0,0,0,N,Y,N,110000.000000000000000,Clear,Dark - Lighted,0,Parked Vehicle,E,Property Damage Only,N,Front to Rear,Parked Motor Vehicle,On Roadway,Non-Junction,N,Not at Intersection,State,Paved,Dry,None, , ,None, , ,N,N, , , , ,0,0,1,0,0,0,0,0,0,0,0,0,0.000000000000000,0.000000000000000,0,1,0,110000,"Mapped, Not On Network",-81.240149999699995,28.451250024800000,669743.121200000052340,496928.550600000016857,11/11/2019 1:07:11 PM,6666_8074
1345,1346,1,1345,22247,88910599,2018-00448681,Orlando PD,Long,11/21/2018 0:00:00,09:00 AM,Orlando,Orange,STATE ROAD 408 (WESTBOUND),STATE ROAD 436 (SOUTH SEMORAN BLVD),0, ,Unknown,2,0,0,0,N,N,N,500.000000000000000,Clear,Daylight,0,Unknown, ,Property Damage Only,Y,Other,Other Non-Fixed Object,On Roadway,Non-Junction,N,Not at Intersection,Turnpike/Toll,Paved,Dry,None, , ,None, , ,N,N, , , , ,0,0,0,0,0,0,0,0,0,0,0,0,0.000000000000000,0.000000000000000,0,0,0,500,"Mapped, On Network",-81.306489726400002,28.539640706699998,663045.833877000026405,506599.170449999975972,4/22/2019 2:07:43 PM,6883_8376
1346,1347,1,1346,22286,88023528,FHPD18OFF128377,FHP,Long,12/18/2018 0:00:00,08:50 AM,Unincorporated,Seminole,STATE ROAD 417,STATE ROAD 426,300,South,Rear End,3,0,0,0,N,N,N,15000.000000000000000,Clear,Daylight,0,Rear End,S,Property Damage Only,N,Front to Rear,Motor Vehicle in Transport,On Roadway,Non-Junction,N,Not at Intersection,State,Paved,Dry,Work Zone, , ,None, , ,N,N, , , , ,0,0,0,0,0,0,0,0,0,0,0,0,0.000000000000000,0.000000000000000,0,1,0,15000,"Mapped, On Network",-81.257848517599996,28.608942527000000,667624.185123999952339,514398.314147999975830,2/21/2019 3:50:43 PM,6052_8088
1347,1348,1,1347,22295,88008540,FHPD18OFF112991,FHP,Long,11/6/2018 0:00:00,08:08 AM,Orlando Expwy Auth,Orange,SR-408 (MM5),KIRKMAN ROAD,0,West,Rear End,2,0,0,0,N,N,N,2900.000000000000000,Clear,Daylight,0,Rear End,E,Property Damage Only,N,Front to Rear,Motor Vehicle in Transport,On Roadway,Non-Junction,N,Not at Intersection,Turnpike/Toll,Paved,Dry,None, , ,None, , ,N,N, , , , ,0,0,0,0,0,0,0,0,0,0,0,0,0.000000000000000,0.000000000000000,0,1,0,2900,"Mapped, On Network",-81.465932946799995,28.549557541199999,647454.380507000023499,507370.211950000026263,4/17/2019 11:00:29 AM,8146_6068
1348,1349,1,1348,22307,87946728,2018-00491529,Orlando PD,Long,12/24/2018 0:00:00,05:25 AM,Orlando,Orange,SR 417 (SOUTHBOUND),LAKE NONA BLVD (EXIT 19),1000,North,Other,1,0,0,0,N,Y,N,18000.000000000000000,Clear,Dark - Not Lighted,0,Single Vehicle,S,Property Damage Only,Y,"Sideswipe, Same Direction",Motor Vehicle in Transport,On Roadway,Non-Junction,N,Not at Intersection,State,Paved,Dry,None, , ,None, , ,N,N, , , , ,0,0,0,0,0,0,0,0,0,0,0,0,0.000000000000000,0.000000000000000,0,1,0,18000,"Mapped, Not On Network",-81.273309999600002,28.380540024300000,666676.274500000057742,489005.556700000015553,12/26/2018 2:49:43 PM,8502_6701
1349,1350,1,1349,22346,88054668,FHPD18OFF130069,FHP,Long,12/22/2018 0:00:00,05:18 AM,Orlando,Orange,STATE ROAD 408,MM 19 (TOLL BOOTH),0, ,Rear End,2,0,0,0,N,N,N,1100.000000000000000,Clear,Dark - Lighted,0,Rear End,W,Property Damage Only,N,Front to Rear,Motor Vehicle in Transport,On Roadway,Non-Junction,N,Not at Intersection,State,Unpaved,Dry,None, , ,None, , ,N,N, , , , ,0,0,1,0,0,0,0,0,0,0,0,0,0.000000000000000,0.000000000000000,0,0,0,1100,"Mapped, On Network",-81.237113535600002,28.547129366600000,669801.299938000040129,507580.515096999995876,2/7/2019 5:01:30 PM,6303_6305
1350,1351,1,1350,22361,87252444,FHPD18OFF132278,FHP,Long,12/29/2018 0:00:00,05:05 AM,Orlando Expwy Auth,Orange,STATE ROAD 528 (BEACHLINE EXPRESSWAY),INOVATION WAY,5280,East,Off Road,1,0,0,0,N,N,N,9000.000000000000000,"Fog, Smog, Smoke",Dark - Lighted,0,Off Road,W,Property Damage Only,Y,Other,Cable Barrier,Median,Non-Junction,N,Not at Intersection,Turnpike/Toll,Paved,Dry,None, , ,Weather Conditions, , ,N,N, , , , ,0,0,0,0,0,0,0,0,0,0,0,0,0.000000000000000,0.000000000000000,0,1,0,9000,"Mapped, On Network",-81.159536321100006,28.451773559500001,677619.454364000004716,497165.589689999993425,7/26/2019 3:30:12 PM,8099_8097