FID,OBJECTID_1,Join_Count,TARGET_FID,OBJECTID,HSMV_Repor,Agency_Rep,Reporting_,Form_Type,Crash_Date,Crash_Time,City,County,Crash_Stre,Intersecti,Offset_Dis,Offset_Dir,Crash_Type,Vehicles,Non_Motori,Fatalities,Injuries,Alcohol_Re,Distractio,Drug_Relat,Estimated_,Weather_Co,Light_Cond,Street_Num,Crash_Ty_1,Crash_Ty_2,Crash_Seve,Within_Cit,Manner_of_,First_Harm,First_HE_L,First_HE_R,First_HE_W,Type_of_In,Road_Sys_I,Type_of_Sh,Road_Surf_,Contrib_Ci,Contrib__1,Contrib__2,Contrib__3,Contrib__4,Contrib__5,School_Bus,Work_Zone_,Type_of_Wo,Loc_in_Wor,Workers_in,Law_Enforc,Mopeds,Motorcycle,Passengers,Bicyclists,Pedestrian,Fataliti_1,Injuries_U,Possible_I,Non_Incapa,Incapacita,Fataliti_2,Non_Traffi,Transporte,Transpor_1,Transpor_2,Citations,Property_D,Vehicle_Dm,S4_Mapping,S4_Decimal,S4_Decim_1,S4_Albers_,S4_Albers1,S4_Mappi_1,zone_id_st
1351,1352,1,1351,22382,88023570,FHPD18OFF113961,FHP,Long,11/8/2018 0:00:00,07:05 PM,Orlando,Orange,STATE ROAD 417 (GREENWAY EXPY),MM 37,0,North,Unknown,2,0,0,0,N,N,N,2500.000000000000000,Clear,Dark - Lighted,0,Unknown,N,Property Damage Only,N,"Sideswipe, Same Direction",Motor Vehicle in Transport,On Roadway,Non-Junction,N,Not at Intersection,Interstate,Paved,Dry,None, , ,None, , ,N,N, , , , ,0,0,0,0,0,0,0,0,0,0,0,0,0.000000000000000,0.000000000000000,0,0,0,2500,"Mapped, On Network",-81.255953376700006,28.606741965200001,667814.551275999983773,514158.105151999974623,4/17/2019 11:17:03 AM,5988_6758
1352,1353,1,1352,22385,88006205,FHPD18OFF131088,FHP,Long,12/25/2018 0:00:00,11:27 AM,Orlando Expwy Auth,Orange,STATE RD 417,STATE RD 408,100,North,Off Road,1,0,0,1,N,N,N,6000.000000000000000,Clear,Daylight,0,Off Road,N,Injury,N,Other,Impact Attenuator/Crash Cushion,On Roadway,Entrance/Exit Ramp,N,Not at Intersection,Turnpike/Toll,Paved,Dry,None, , ,None, , ,N,Y,Work on Shoulder or Median,Activity Area,N,N,0,0,0,0,0,0,0,1,0,0,0,0,1.000000000000000,0.000000000000000,0,0,0,6000,"Mapped, Not On Network",-81.258260000199996,28.547800025099999,667734.991799999959767,507608.887600000016391,12/26/2018 2:50:05 PM,11876_8570
1353,1354,1,1353,22394,87254721,FHPD18OFF110443,FHP,Long,10/30/2018 0:00:00,09:05 AM,Orlando Expwy Auth,Orange,SR-408 (MM4.5),KIRKMAN RD,0,West,Off Road,1,0,0,1,N,N,N,2800.000000000000000,Clear,Daylight,0,Off Road,E,Injury,N,Other,Guardrail Face,Shoulder,Non-Junction,N,Not at Intersection,Turnpike/Toll,Paved,Dry,None, , ,None, , ,N,N, , , , ,0,0,0,0,0,0,0,1,0,0,0,0,0.000000000000000,0.000000000000000,0,1,0,2800,"Mapped, On Network",-81.455790701900000,28.548639745300001,648446.744197000050917,507288.700208999973256,4/22/2019 1:48:17 PM,8201_8203
1354,1355,1,1354,22411,87289824,FHPD18OFF130966,FHP,Short,12/24/2018 0:00:00,07:21 PM,Orlando Expwy Auth,Orange,STATE ROAD 417 SB MM7,STATE ROAD 536,5280,North,Rear End,2,0,0,0,N,N,N,2500.000000000000000,Clear,Dark - Lighted,0,Rear End,S,Property Damage Only,Y,Front to Rear,Motor Vehicle in Transport,On Roadway,Non-Junction,N,Not at Intersection,Turnpike/Toll,Paved,Dry,None, , ,None, , ,N,N, , , , ,0,0,4,0,0,0,0,0,0,0,0,0,0.000000000000000,0.000000000000000,0,1,0,2500,"Mapped, Not On Network",-81.459656899999999,28.355662838800001,648510.721616999944672,485854.142674000002444,12/26/2018 2:50:06 PM,6889_6071
1355,1356,1,1355,22442,88027249,FHPD18OFF132081,FHP,Long,12/28/2018 0:00:00,04:20 PM,Orlando Expwy Auth,Orange,SR-408,SR-417,0, ,Unknown,2,0,0,1,N,N,N,5000.000000000000000,Clear,Daylight,0,Unknown, ,Injury,N,"Sideswipe, Same Direction",Motor Vehicle in Transport,On Roadway,Non-Junction,N,Not at Intersection,Turnpike/Toll,Paved,Dry,None, , ,None, , ,N,Y,Work on Shoulder or Median,Activity Area,N,N,0,0,0,0,0,0,0,0,1,0,0,0,1.000000000000000,0.000000000000000,0,0,0,5000,"Mapped, On Network",-81.257762488899999,28.547561836200000,667784.154709000024013,507583.522155000013299,7/26/2019 3:09:48 PM,6971_6258
1356,1357,1,1356,22454,87254722,FHPD18OFF110498,FHP,Long,10/30/2018 0:00:00,12:41 PM,Orlando Expwy Auth,Orange,SR-408,GOLDENROD ROAD,10560,East,Rear End,2,0,0,0,N,N,N,2900.000000000000000,Clear,Daylight,0,Rear End,W,Property Damage Only,N,Front to Rear,Motor Vehicle in Transport,On Roadway,Non-Junction,N,Not at Intersection,Turnpike/Toll,Paved,Dry,None, , ,None, , ,N,Y,Work on Shoulder or Median,Activity Area,Y,N,0,0,0,0,0,0,0,0,0,0,0,0,0.000000000000000,0.000000000000000,0,1,0,2900,"Mapped, On Network",-81.267774085900001,28.547419519999998,666807.015677000046708,507546.019935999996960,4/22/2019 2:17:30 PM,6971_6258
1357,1358,1,1357,22470,88013614,FHPD18OFF110881,FHP,Short,10/31/2018 0:00:00,12:30 PM,Orlando Expwy Auth,Orange,SR408,8MM,0, ,Other,2,0,0,0,N,N,N,3100.000000000000000,Clear,Daylight,0,Other,E,Property Damage Only,Y,Front to Rear,Motor Vehicle in Transport,On Roadway,Non-Junction,N,Not at Intersection,Turnpike/Toll,Paved,Dry,None, , ,None, , ,N,N, , , , ,0,0,0,0,0,0,0,0,0,0,0,0,0.000000000000000,0.000000000000000,0,2,0,3100,"Mapped, On Network",-81.416864105900004,28.544638375800002,652256.754364999942482,506923.449307999981102,4/22/2019 2:45:54 PM,6011_8219
1358,1359,1,1358,22499,88013613,FHPD18OFF110429,FHP,Long,10/30/2018 0:00:00,08:48 AM,Orlando Expwy Auth,Orange,SR408,7MM,0, ,Rear End,2,0,0,1,N,N,N,8000.000000000000000,Clear,Daylight,0,Rear End,E,Injury,Y,Front to Rear,Motor Vehicle in Transport,On Roadway,Non-Junction,N,Not at Intersection,Turnpike/Toll,Paved,Dry,None, , ,None, , ,N,N, , , , ,0,0,0,0,0,0,0,1,0,0,0,0,0.000000000000000,0.000000000000000,0,1,0,8000,"Mapped, On Network",-81.427150459499998,28.545809505000001,651249.670691999956034,507032.481441000010818,4/22/2019 3:35:12 PM,6014_8237
1359,1360,1,1359,22507,88028304,FHPD18OFF112949,FHP,Long,11/6/2018 0:00:00,05:08 AM,Orlando,Orange,STATE ROAD 408 EAST,EXIT 19,5,West,Off Road,1,0,0,1,N,Y,N,10000.000000000000000,Clear,Dark - Lighted,0,Off Road,E,Injury,N,Unknown,Impact Attenuator/Crash Cushion,Shoulder,Non-Junction,N,Not at Intersection,State,Paved,Dry,None, , ,None, , ,N,N, , , , ,0,0,0,0,0,0,0,0,1,0,0,0,0.000000000000000,0.000000000000000,0,1,0,10000,"Mapped, On Network",-81.247292518300000,28.547249365999999,668807.170198000036180,507571.608688000007533,2/6/2019 12:37:26 PM,8027_6269
1360,1361,1,1360,22509,88027128,FHPD18OFF112593,FHP,Short,11/5/2018 0:00:00,01:55 AM,Orlando,Orange,SR408 WB ENTRANCE RAMP 22,STATE RAOD 434 (ALAFAYA TRAIL),100,East,Sideswipe,2,0,0,0,N,N,N,6000.000000000000000,Cloudy,Dark - Not Lighted,0,Same Direction Sideswipe,W,Property Damage Only,N,"Sideswipe, Same Direction",Motor Vehicle in Transport,On Roadway,Non-Junction,N,Not at Intersection,State,Paved,Wet,None, , ,None, , ,N,N, , , , ,0,0,0,0,0,0,0,0,0,0,0,0,0.000000000000000,0.000000000000000,0,1,0,6000,"Mapped, On Network",-81.207651308799996,28.549340018799999,672672.296400999999605,507890.762312999984715,2/12/2019 10:43:41 PM,6921_8043
1361,1362,1,1361,22522,87289822,FHPD18OFF130859,FHP,Long,12/24/2018 0:00:00,02:20 PM,Orlando Expwy Auth,Orange,STATE ROAD 408 EB MM5,PINE HILLS RD,0,East,Off Road,1,0,0,0,N,N,N,1000.000000000000000,Cloudy,Daylight,0,Off Road,E,Property Damage Only,Y,Other,Guardrail Face,On Roadway,Non-Junction,N,Not at Intersection,Turnpike/Toll,Paved,Dry,None, , ,None, , ,N,N, , , , ,0,0,0,0,0,0,0,0,0,0,0,0,0.000000000000000,0.000000000000000,0,0,0,1000,"Mapped, Not On Network",-81.439201580000002,28.548259679400001,650067.346970999962650,507280.032535000005737,12/26/2018 2:50:06 PM,6294_5905
1362,1363,1,1362,22524,87947248,2018-00487772,Orlando PD,Long,12/20/2018 0:00:00,11:02 PM,Orlando,Orange,SR 408 EBO,E ANDERSON ST ENTRANCE RAMP,600,West,Other,2,3,0,4,Y,N,N,30000.000000000000000,Clear,Dark - Lighted,0,Parked Vehicle,E,Injury,Y,Front to Rear,Motor Vehicle in Transport,On Roadway,Non-Junction,N,Not at Intersection,State,Paved,Dry,None, , ,None, , ,N,N, , , , ,0,0,0,0,2,0,0,0,3,1,0,0,1.000000000000000,0.000000000000000,3,1,0,30000,"Mapped, On Network",-81.379356113499995,28.535368760899999,655940.934689000016078,505971.521458000002895,4/4/2019 10:15:39 PM,6679_6276
1363,1364,1,1363,22525,88006209,FHPD18OFF132665,FHP,Long,12/30/2018 0:00:00,01:58 PM,Orlando Expwy Auth,Orange,STATE RD 417,INNOVATION WAY,0,South,Other,1,0,0,0,N,N,N,5000.000000000000000,Clear,Daylight,0,Single Vehicle,S,Property Damage Only,N,Other,Other Non-Collision,On Roadway,Non-Junction,N,Not at Intersection,State,Paved,Dry,None, , ,None, , ,N,N, , , , ,0,0,0,0,0,0,0,0,0,0,0,0,0.000000000000000,0.000000000000000,0,0,0,5000,"Mapped, On Network",-81.227633325300005,28.415773417899999,671054.844296999974176,493017.078305999981239,7/26/2019 3:43:51 PM,8514_6174
1364,1365,1,1364,22535,88006208,FHPD18OFF132436,FHP,Long,12/29/2018 0:00:00,05:22 PM,Orlando Expwy Auth,Orange,STATE RD 417,STATE RD 423,500,South,Unknown,2,0,0,0,N,N,N,1500.000000000000000,Clear,Dusk,0,Unknown,N,Property Damage Only,N,"Sideswipe, Same Direction",Motor Vehicle in Transport,On Roadway,Non-Junction,N,Not at Intersection,Turnpike/Toll,Paved,Dry,None, , ,None, , ,N,N, , , , ,0,0,0,0,0,0,0,0,0,0,0,0,0.000000000000000,0.000000000000000,0,0,0,1500,"Mapped, On Network",-81.431171609700002,28.368065917399999,651268.220637000049464,487289.017086000007112,7/26/2019 3:27:40 PM,6959_8287
1365,1366,1,1365,22536,88006207,FHPD18OFF132395,FHP,Long,12/29/2018 0:00:00,03:14 PM,Orlando Expwy Auth,Orange,STATE RD 528,STATE RD 417,10560,East,Unknown,2,0,0,3,N,N,N,10000.000000000000000,Clear,Daylight,0,Unknown, ,Injury,N,Angle,Motor Vehicle in Transport,On Roadway,Non-Junction,N,Not at Intersection,Turnpike/Toll,Paved,Dry,None, , ,None, , ,N,N, , , , ,0,0,3,0,0,0,0,3,0,0,0,0,0.000000000000000,0.000000000000000,0,1,0,10000,"Mapped, On Network",-81.208339924000001,28.451438868899999,672851.181899999966845,497019.501188000023831,7/26/2019 3:28:51 PM,6319_6945
1366,1367,1,1366,22539,87289825,FHPD18OFF131109,FHP,Long,12/25/2018 0:00:00,01:31 PM,Orlando Expwy Auth,Orange,STATE ROAD 417,LEE VISTA BLVD,300,North,Sideswipe,2,0,0,0,N,N,N,2000.000000000000000,Clear,Daylight,0,Same Direction Sideswipe,S,Property Damage Only,Y,"Sideswipe, Same Direction",Motor Vehicle in Transport,On Roadway,Non-Junction,N,Not at Intersection,Turnpike/Toll,Paved,Dry,None, , ,None, , ,N,N, , , , ,0,0,4,0,0,0,0,0,0,0,0,0,0.000000000000000,0.000000000000000,0,1,0,2000,"Mapped, On Network",-81.239874581899997,28.478689021400001,669701.834644000045955,499975.665569000004325,7/26/2019 2:47:05 PM,8383_8546
1367,1368,1,1367,22547,87289827,FHPD18OFF131357,FHP,Long,12/26/2018 0:00:00,12:11 PM,Orlando Expwy Auth,Orange,STATE ROAD 408 WB MM5,JOHN YOUNG PKWY,0,West,Other,2,0,0,0,N,N,N,1000.000000000000000,Clear,Daylight,0,Other,W,Property Damage Only,Y,Other,Thrown or Falling Object,On Roadway,Non-Junction,N,Not at Intersection,Turnpike/Toll,Curb,Dry,None, , ,None, , ,N,N, , , , ,0,0,0,0,0,0,0,0,0,0,0,0,0.000000000000000,0.000000000000000,0,2,0,1000,"Mapped, On Network",-81.421333524299996,28.545959335799999,651817.288446999969892,507060.982620000024326,7/26/2019 2:53:23 PM,6440_8239
1368,1369,1,1368,22554,88008537,FHPD18OFF112636,FHP,Long,11/5/2018 0:00:00,07:13 AM,Orlando Expwy Auth,Orange,SR-408 (MM6),PINE HILLS ROAD,10,West,Rear End,3,0,0,0,N,N,N,4200.000000000000000,Clear,Daylight,0,Rear End,E,Property Damage Only,N,Front to Rear,Motor Vehicle in Transport,On Roadway,Non-Junction,N,Not at Intersection,Turnpike/Toll,Paved,Dry,None, , ,None, , ,N,N, , , , ,0,0,0,0,0,0,0,0,0,0,0,0,0.000000000000000,0.000000000000000,0,1,0,4200,"Mapped, On Network",-81.442081505100006,28.548281161100000,649786.107108999975026,507276.580819000024348,4/17/2019 11:14:35 AM,6294_5905
1369,1370,1,1369,22576,88064817,FHPD18OFF131735,FHP,Long,12/27/2018 0:00:00,02:49 PM,Orlando Expwy Auth,Orange,STATE ROAD 528 WB MM16,STATE ROAD 417,5280,East,Rear End,2,0,0,3,N,N,N,8000.000000000000000,Cloudy,Daylight,0,Rear End,W,Injury,Y,Front to Rear,Motor Vehicle in Transport,On Roadway,Non-Junction,N,Not at Intersection,Turnpike/Toll,Paved,Dry,None, , ,None, , ,N,N, , , , ,0,0,1,0,0,0,0,0,3,0,0,0,3.000000000000000,0.000000000000000,0,1,0,8000,"Mapped, On Network",-81.220215669799998,28.451586934000002,671690.297034000046551,497009.719660000002477,7/26/2019 2:57:26 PM,6320_6667
1370,1371,1,1370,22580,88064815,FHPD18OFF131432,FHP,Short,12/26/2018 0:00:00,03:47 PM,Orlando Expwy Auth,Orange,STATE ROAD 528 WB,STATE ROAD 417,5280,West,Sideswipe,2,0,0,0,N,N,N,2000.000000000000000,Clear,Daylight,0,Same Direction Sideswipe,W,Property Damage Only,Y,"Sideswipe, Same Direction",Motor Vehicle in Transport,On Roadway,Non-Junction,N,Not at Intersection,Turnpike/Toll,Paved,Dry,None, , ,None, , ,N,N, , , , ,0,0,0,0,0,0,0,0,0,0,0,0,0.000000000000000,0.000000000000000,0,0,0,2000,"Mapped, On Network",-81.251927718600001,28.450289820799998,668594.553852000040933,496796.232106000010390,7/26/2019 2:52:38 PM,6663_8065
1371,1372,1,1371,22600,87246726,FHPD18OFF129269,FHP,Long,12/20/2018 0:00:00,12:54 PM,Orlando,Orange,STATE ROAD 528,STATE ROAD 417,0,North,Sideswipe,2,0,0,2,N,N,N,11200.000000000000000,Rain,Daylight,0,Same Direction Sideswipe,E,Injury,Y,"Sideswipe, Same Direction",Motor Vehicle in Transport,On Roadway,Non-Junction,N,Not at Intersection,State,Paved,Wet,None, , ,None, , ,N,N, , , , ,0,0,0,0,0,0,0,2,0,0,0,0,1.000000000000000,0.000000000000000,0,0,0,11200,"Mapped, On Network",-81.237843786499994,28.451262324300000,669968.458346000057645,496934.963012000021990,4/4/2019 10:04:38 PM,8074_8019
1372,1373,1,1372,22607,88013428,FHPD18OFF108476,FHP,Short,10/25/2018 0:00:00,01:02 AM,Orlando,Orange,STATE ROAD 417,MM 9,0, ,Other,1,0,0,0,N,N,N,4000.000000000000000,Clear,Dark - Not Lighted,0,Single Vehicle,N,Property Damage Only,N,Other,Other Non-Collision,On Roadway,Non-Junction,N,Not at Intersection,State,Paved,Dry,Debris, , ,None, , ,N,N, , , , ,0,0,0,0,0,0,0,0,0,0,0,0,0.000000000000000,0.000000000000000,0,0,0,4000,"Mapped, Not On Network",-81.429850000000002,28.369340048800002,651394.525303000002168,487433.180924999993294,1/7/2019 2:49:08 PM,8287_8107
1373,1374,1,1373,22609,85556716,FHPD18OFF131604,FHP,Short,12/27/2018 0:00:00,06:52 AM,Orlando,Orange,SR408 WB ENT RAMP MM21,SR408 WB MM21,10,West,Rear End,2,0,0,0,N,Y,N,998.000000000000000,Clear,Daylight,0,Rear End,W,Property Damage Only,N,Front to Rear,Motor Vehicle in Transport,On Roadway,Non-Junction,N,Not at Intersection,State,Unpaved,Dry,None, , ,None, , ,N,N, , , , ,0,0,2,0,0,0,0,0,0,0,0,0,0.000000000000000,0.000000000000000,0,1,0,998,"Mapped, Not On Network",-81.513270000199995,28.544920024900001,642842.883900000015274,506761.189699999988079,1/6/2019 2:55:59 PM,8150_8116
1374,1375,1,1374,22649,87257871,FHPD18OFF075365,FHP,Short,7/27/2018 0:00:00,09:31 PM,Orlando,Orange,SR 408,OLD WINTER GARDEN ROAD,0, ,Off Road,1,0,0,0,N,N,N,9000.000000000000000,Cloudy,Dark - Lighted,0,Off Road,W,Property Damage Only,N,Other,Tree (standing),Off Roadway,Non-Junction,N,Not at Intersection,State,Paved,Wet,None, , ,None, , ,N,N, , , , ,0,0,0,0,0,0,0,0,0,0,0,0,0.000000000000000,0.000000000000000,0,0,0,9000,"Mapped, On Network",-81.420775184799993,28.545948282299999,651871.830300000030547,507060.895626000012271,1/10/2019 9:33:26 PM,6440_8239
1375,1376,1,1375,22667,87289820,FHPD18OFF129900,FHP,Long,12/21/2018 0:00:00,05:47 PM,Orlando Expwy Auth,Orange,STATE ROAD 408 EB,STATE ROAD 551,0,East,Rear End,2,0,0,0,N,N,N,4000.000000000000000,Clear,Dusk,0,Rear End,E,Property Damage Only,Y,Front to Rear,Motor Vehicle in Transport,On Roadway,Non-Junction,N,Not at Intersection,Turnpike/Toll,Paved,Dry,None, , ,None, , ,N,N, , , , ,0,0,0,0,0,0,0,0,0,0,0,0,0.000000000000000,0.000000000000000,0,1,0,4000,"Mapped, Not On Network",-81.289699999600003,28.539670024799999,664685.168999999994412,506638.351900000008754,12/24/2018 3:43:08 PM,6881_8431
1376,1377,1,1376,22672,87469137,2018TA017412,Apopka PD,Long,12/20/2018 0:00:00,09:36 AM,Apopka,Orange,SR 429 TOLL,BINION RD,500,South,Off Road,1,0,0,0,N,Y,N,5000.000000000000000,Rain,Daylight,0,Off Road,S,Property Damage Only,Y, ,"Other Post, Pole or Support",Off Roadway,Through Roadway,N,Not at Intersection,State,Paved,Wet,Road Surface Condition, , ,None, , ,N,N, , , , ,0,0,0,0,0,0,0,0,0,0,0,0,0.000000000000000,0.000000000000000,0,1,0,5000,"Mapped, Not On Network",-81.549296544699999,28.657164950100000,639077.443932999973185,519153.685821000020951,12/25/2018 8:51:01 PM,6221_5990
1377,1378,1,1377,22676,87252441,FHPD18OFF129904,FHP,Short,12/21/2018 0:00:00,05:50 PM,Orlando Expwy Auth,Orange,STATE ROAD 417,UNIVERSITY BLVD,5280,South,Rear End,3,0,0,0,N,N,N,5100.000000000000000,Clear,Dark - Lighted,0,Rear End,N,Property Damage Only,Y,Angle,Motor Vehicle in Transport,On Roadway,Non-Junction,N,Not at Intersection,Turnpike/Toll,Paved,Dry,None, , ,None, , ,N,N, , , , ,0,0,3,0,0,0,0,0,0,0,0,0,0.000000000000000,0.000000000000000,0,1,0,5100,"Mapped, Not On Network",-81.250079999500002,28.597450024499999,668410.698500000056811,513139.212100000004284,12/24/2018 3:43:11 PM,8588_8118
1378,1379,1,1378,22677,87252432,FHPD18OFF128577,FHP,Long,12/18/2018 0:00:00,06:00 PM,Orlando Expwy Auth,Orange,STATE ROAD 417 (CTRL FLA GREENEWAY),UNIVERSITY BLVD,5280,North,Rear End,2,0,0,0,N,N,N,5000.000000000000000,Clear,Dark - Lighted,0,Rear End,S,Property Damage Only,Y,Front to Rear,Motor Vehicle in Transport,On Roadway,Non-Junction,N,Not at Intersection,Turnpike/Toll,Paved,Dry,None, , ,None, , ,N,Y,Work on Shoulder or Median,Activity Area,N,N,0,0,0,0,0,0,0,0,0,0,0,0,0.000000000000000,0.000000000000000,0,1,0,5000,"Mapped, On Network",-81.257986551800002,28.609206517600001,667610.063857999979518,514427.324870000011288,2/13/2019 12:46:55 PM,6052_8088
1379,1380,1,1379,22705,87252438,FHPD18OFF129368,FHP,Long,12/20/2018 0:00:00,03:55 PM,Orlando Expwy Auth,Orange,STATE ROAD 417 (CTRL FLA GREENWAY),STATE ROAD 408 (EAST WEST EXPWY),100,North,Unknown,2,0,0,1,N,N,N,6000.000000000000000,Rain,Daylight,0,Unknown,S,Injury,Y,"Sideswipe, Same Direction",Motor Vehicle in Transport,On Roadway,Entrance/Exit Ramp,Y,Not at Intersection,Turnpike/Toll,Paved,Wet,None, , ,Weather Conditions, , ,N,N, , , , ,0,0,0,0,0,0,0,1,0,0,0,0,0.000000000000000,0.000000000000000,0,1,0,6000,"Mapped, On Network",-81.262563933099997,28.547506925499999,667315.497964999987744,507567.008030000026338,2/13/2019 12:45:26 PM,6971_6258
1380,1381,1,1380,22715,88037113,FHPD18OFF130203,FHP,Long,12/22/2018 0:00:00,02:32 PM,Orlando,Orange,STATE ROAD 417 SOUTHBOUND OFF RAMP,INTERNATIONAL DR,0, ,Rear End,2,0,0,0,N,Y,N,8000.000000000000000,Clear,Daylight,0,Rear End,S,Property Damage Only,N,Front to Rear,Motor Vehicle in Transport,On Roadway,Entrance/Exit Ramp,N,Not at Intersection,Turnpike/Toll,Paved,Dry,None, , ,None, , ,N,N, , , , ,0,0,1,0,0,0,0,0,0,0,0,0,0.000000000000000,0.000000000000000,0,1,0,8000,"Mapped, Not On Network",-81.474289999999996,28.355640048800002,647079.481655000010505,485822.207634999998845,12/24/2018 3:43:07 PM,8581_7010
1381,1382,1,1381,22727,85507862,FHPD18OFF129265,FHP,Short,12/20/2018 0:00:00,12:48 PM,Orlando,Orange,STATE ROAD 417 ENTRANCE RAMP,STATE ROAD 528,200,North,Rear End,2,0,0,0,N,Y,N,4500.000000000000000,Rain,Daylight,0,Rear End,N,Property Damage Only,N,Front to Rear,Motor Vehicle in Transport,On Roadway,Non-Junction,N,Not at Intersection,State,Paved,Wet,None, , ,None, , ,N,N, , , , ,0,0,5,0,0,0,0,0,0,0,0,0,0.000000000000000,0.000000000000000,0,1,0,4500,"Mapped, Not On Network",-81.229709999600004,28.438150024999999,670796.018599999952130,495496.957700000028126,12/24/2018 3:43:13 PM,7999_8391
1382,1383,1,1382,22728,85507861,FHPD18OFF129210,FHP,Long,12/20/2018 0:00:00,10:09 AM,Orlando,Orange,STATE ROAD 417,UNIVERSITY BOULEVARD,1000,South,Other,1,0,0,0,N,Y,N,10000.000000000000000,Rain,Daylight,0,Single Vehicle,S,Property Damage Only,N,Other,Other Non-Collision,On Roadway,Non-Junction,N,Not at Intersection,State,Paved,Wet,Road Surface Condition, , ,Weather Conditions, , ,N,N, , , , ,0,0,0,0,0,0,0,0,0,0,0,0,0.000000000000000,0.000000000000000,0,0,0,10000,"Mapped, Not On Network",-81.250079999500002,28.597450024499999,668410.698500000056811,513139.212100000004284,12/24/2018 3:43:13 PM,8588_8118
1383,1384,1,1383,22743,87252442,FHPD18OFF129917,FHP,Short,12/21/2018 0:00:00,06:15 PM,Orlando Expwy Auth,Orange,STATE ROAD 417 (CTRL FLA GREENEWAY),STATE ROAD 423 (JOHN YOUNG PKWY),5280,South,Rear End,2,0,0,0,N,N,N,5000.000000000000000,Clear,Dark - Lighted,0,Rear End,S,Property Damage Only,Y,Front to Rear,Motor Vehicle in Transport,On Roadway,Non-Junction,N,Not at Intersection,Turnpike/Toll,Paved,Dry,None, , ,None, , ,N,N, , , , ,0,0,1,0,0,0,0,0,0,0,0,0,0.000000000000000,0.000000000000000,0,1,0,5000,"Mapped, On Network",-81.435803937599999,28.364188134300001,650824.132324000005610,486849.025630999996793,2/13/2019 12:39:29 PM,8292_6975
1384,1385,1,1384,22753,88040183,FHPD18OFF127231,FHP,Long,12/15/2018 0:00:00,03:08 AM,Orlando,Orange,STATE ROAD 528 EB MM 19 EXIT RAMP,MM19,0, ,Off Road,1,0,0,0,N,N,N,10000.000000000000000,Cloudy,Dark - Lighted,0,Off Road,E,Property Damage Only,N,Other,Guardrail Face,Shoulder,Non-Junction,N,Not at Intersection,State,Unpaved,Wet,Road Surface Condition, , ,Weather Conditions, , ,N,N, , , , ,0,0,0,0,0,0,0,0,0,0,0,0,0.000000000000000,0.000000000000000,0,0,0,10000,"Mapped, Not On Network",-81.175799999999995,28.451610049100001,676030.579710999969393,497110.925741999992169,12/24/2018 3:43:01 PM,6945_8095
1385,1386,1,1385,22809,87947364,2018-00490688,Orlando PD,Long,12/23/2018 0:00:00,10:25 AM,Orlando,Orange,SR417 NORTH BOUND,NARCOOSSEE ROAD,0,South,Rear End,2,0,0,1,N,N,N,14000.000000000000000,Clear,Daylight,0,Rear End,N,Injury,Y,Front to Rear,Motor Vehicle in Transport,On Roadway,Entrance/Exit Ramp,Y,Not at Intersection,State,Curb,Dry,None, , ,None, , ,N,N, , , , ,0,0,6,0,0,0,0,0,1,0,0,0,0.000000000000000,0.000000000000000,0,1,0,14000,"Mapped, On Network",-81.249182494600007,28.397527423200000,668993.527054999954998,490944.060462000023108,4/4/2019 9:31:43 PM,8512_8598
1386,1387,1,1386,22825,88045364,FHPD18OFF130443,FHP,Long,12/23/2018 0:00:00,03:47 AM,Orlando,Orange,STATE ROAD 528,DALLAS BOULEVARD,10560,West,Off Road,1,0,0,1,N,N,N,15000.000000000000000,Clear,Dark - Not Lighted,0,Off Road,W,Injury,N,Other,Cable Barrier,Off Roadway,Non-Junction,N,Not at Intersection,State,Unpaved,Dry,None, , ,None, , ,N,N, , , , ,0,0,0,0,0,0,0,1,0,0,0,0,0.000000000000000,0.000000000000000,0,0,0,15000,"Mapped, On Network",-81.128050824499994,28.451584642499999,680696.699279000051320,497215.891437000012957,4/4/2019 9:29:26 PM,6073_8099
1387,1388,1,1387,22863,87947360,2018-00488111,Orlando PD,Long,12/21/2018 0:00:00,07:27 AM,Orlando,Orange,SR 408,I4 EBO,1000,East,Rear End,2,0,0,2,N,N,N,10000.000000000000000,Clear,Daylight,0,Rear End,W,Injury,Y,Front to Rear,Motor Vehicle in Transport,On Roadway,Non-Junction,N,Not at Intersection,State,Paved,Dry,None, , ,None, , ,N,N, , , , ,0,0,0,0,0,0,0,2,0,0,0,0,0.000000000000000,0.000000000000000,0,0,0,10000,"Mapped, On Network",-81.379819805699995,28.535492388800002,655895.364048999967054,505984.285658999986481,4/4/2019 9:56:35 PM,6230_8274
1388,1389,1,1388,22894,87947595,2018-00489456,Orlando PD,Long,12/22/2018 0:00:00,08:55 AM,Orlando,Orange,EW EBO/SR 408,BUMBY AVE,200,West,Unknown,2,0,0,1,N,N,N,8000.000000000000000,Clear,Daylight,0,Unknown, ,Injury,Y,"Sideswipe, Same Direction",Motor Vehicle in Transport,On Roadway,Non-Junction,N,Not at Intersection,Interstate,Paved,Dry,None, , ,None, , ,N,N, , , , ,0,0,0,0,0,0,0,0,1,0,0,0,1.000000000000000,0.000000000000000,0,0,0,8000,"Mapped, On Network",-81.352643374799996,28.538165379700001,658542.725055000046268,506337.756082999985665,4/3/2019 8:42:29 PM,8311_6252