FID,OBJECTID_1,Join_Count,TARGET_FID,OBJECTID,HSMV_Repor,Agency_Rep,Reporting_,Form_Type,Crash_Date,Crash_Time,City,County,Crash_Stre,Intersecti,Offset_Dis,Offset_Dir,Crash_Type,Vehicles,Non_Motori,Fatalities,Injuries,Alcohol_Re,Distractio,Drug_Relat,Estimated_,Weather_Co,Light_Cond,Street_Num,Crash_Ty_1,Crash_Ty_2,Crash_Seve,Within_Cit,Manner_of_,First_Harm,First_HE_L,First_HE_R,First_HE_W,Type_of_In,Road_Sys_I,Type_of_Sh,Road_Surf_,Contrib_Ci,Contrib__1,Contrib__2,Contrib__3,Contrib__4,Contrib__5,School_Bus,Work_Zone_,Type_of_Wo,Loc_in_Wor,Workers_in,Law_Enforc,Mopeds,Motorcycle,Passengers,Bicyclists,Pedestrian,Fataliti_1,Injuries_U,Possible_I,Non_Incapa,Incapacita,Fataliti_2,Non_Traffi,Transporte,Transpor_1,Transpor_2,Citations,Property_D,Vehicle_Dm,S4_Mapping,S4_Decimal,S4_Decim_1,S4_Albers_,S4_Albers1,S4_Mappi_1,zone_id_st
1389,1390,1,1389,22939,83204476,FHPD18OFF129337,FHP,Short,12/20/2018 0:00:00,03:07 PM,Orlando,Orange,STATE ROAD 417,MOSS PARK ROAD,700,North,Off Road,1,0,0,0,N,N,N,3000.000000000000000,Rain,Daylight,0,Off Road,S,Property Damage Only,N,Other,Traffic Signal Support,Off Roadway,Non-Junction,N,Not at Intersection,Interstate,Paved,Wet,None, , ,Weather Conditions, , ,N,N, , , , ,0,0,0,0,0,0,0,0,0,0,0,0,0.000000000000000,0.000000000000000,0,1,0,3000,"Mapped, On Network",-81.227543637500006,28.421119455600000,671050.264402000000700,493610.838263000012375,7/26/2019 4:55:14 PM,8516_8536
1390,1391,1,1390,22944,88012663,FHPD18OFF128626,FHP,Long,12/18/2018 0:00:00,09:10 PM,Orlando,Orange,SR-528-TOLL E,DALLAS BLVD,5280,West,Rear End,3,0,0,1,N,N,N,3000.000000000000000,Clear,Dark - Not Lighted,0,Rear End,E,Injury,N,Front to Rear,Motor Vehicle in Transport,On Roadway,Non-Junction,N,Not at Intersection,State,Paved,Dry,None, , ,None, , ,N,Y,Work on Shoulder or Median,Activity Area,Y,Y,0,0,0,0,0,0,0,1,0,0,0,0,0.000000000000000,0.000000000000000,0,2,0,3000,"Mapped, On Network",-81.116449829000004,28.451357699999999,681830.932865999988280,497217.155198000022210,1/4/2019 3:41:16 PM,8101_6488
1391,1392,1,1391,22969,88012666,FHPD18OFF129303,FHP,Long,12/20/2018 0:00:00,01:50 PM,Orlando,Orange,SR 417,MOSS PARK,1000,West,Off Road,1,0,0,1,N,N,N,40000.000000000000000,Rain,Daylight,0,Off Road,E,Injury,N,Other,Concrete Traffic Barrier,On Roadway,Non-Junction,N,Not at Intersection,State,Curb,Wet,None, , ,None, , ,N,N, , , , ,0,0,0,0,0,0,0,0,1,0,0,0,0.000000000000000,0.000000000000000,0,0,0,40000,"Mapped, On Network",-81.228811498699997,28.411702782900001,670949.831774999969639,492562.532262000022456,4/4/2019 10:07:57 PM,8533_8540
1392,1393,1,1392,22979,88054654,FHPD18OFF127527,FHP,Long,12/15/2018 0:00:00,08:47 PM,Orlando,Orange,STATE ROAD 528,MM16,0,West,Off Road,1,0,0,0,N,Y,N,300.000000000000000,Clear,Dark - Lighted,0,Off Road,E,Property Damage Only,N,Other,Traffic Sign Support,On Roadway,Non-Junction,N,Not at Intersection,State,Unpaved,Dry,None, , ,None, , ,N,Y,Lane Closure,Activity Area,Y,N,0,0,0,0,0,0,0,0,0,0,0,0,0.000000000000000,0.000000000000000,0,0,0,300,"Mapped, On Network",-81.224289999999996,28.451353654900000,671292.730942000052892,496974.848956000001635,7/26/2019 4:38:41 PM,8019_6319
1393,1394,1,1393,23028,88066023,FHPD18OFF131564,FHP,Long,12/26/2018 0:00:00,10:45 PM,Orlando,Orange,STATE ROAD 528,MM27,0, ,Rear End,2,0,0,0,N,N,N,4000.000000000000000,Clear,Dark - Not Lighted,0,Rear End,E,Property Damage Only,N,Other,Other Non-Fixed Object,On Roadway,Non-Junction,N,Not at Intersection,State,Paved,Dry,None, , ,None, , ,N,N, , , , ,0,0,0,0,0,0,0,0,0,0,0,0,0.000000000000000,0.000000000000000,0,0,0,4000,"Mapped, Not On Network",-81.042919999999995,28.452150049099998,689014.082820000010543,497475.317494000017177,1/3/2019 4:21:08 PM,7008_7061
1394,1395,1,1394,23030,88039171,FHPD18OFF131254,FHP,Long,12/26/2018 0:00:00,03:16 AM,Orlando,Orange,STATE ROAD 408 WB,STATE ROAD 436 (SEMORAN BOULEVARD),0, ,Off Road,1,0,0,0,N,N,N,5000.000000000000000,Clear,Dark - Lighted,0,Off Road,N,Property Damage Only,N,Other,Guardrail Face,On Roadway,Entrance/Exit Ramp,N,Not at Intersection,State,Curb,Dry,None, , ,None, , ,N,N, , , , ,0,0,0,0,0,0,0,0,0,0,0,0,0.000000000000000,0.000000000000000,0,0,0,5000,"Mapped, Not On Network",-81.313210000200002,28.539620024700000,662389.691899999976158,506582.556800000020303,1/3/2019 4:21:20 PM,6256_8188
1395,1396,1,1395,23062,84475339,FHPD18OFF117395,FHP,Long,11/17/2018 0:00:00,10:32 PM,Orlando,Orange,SR 408 EAST-WEST EXPY,JOHN YOUNG PKWY,0,West,Sideswipe,2,0,0,0,N,N,N,600.000000000000000,Clear,Dark - Lighted,0,Same Direction Sideswipe,W,Property Damage Only,Y,"Sideswipe, Same Direction",Motor Vehicle in Transport,On Roadway,Non-Junction,N,Not at Intersection,State,Curb,Dry,None, , ,None, , ,N,N, , , , ,0,0,3,0,0,0,0,0,0,0,0,0,0.000000000000000,0.000000000000000,0,0,0,600,"Mapped, On Network",-81.417040416299997,28.544997523999999,652238.703867999953218,506962.965397999971174,7/26/2019 4:22:51 PM,8215_6440
1396,1397,1,1396,23105,87947661,2018-00489304,Orlando PD,Long,12/22/2018 0:00:00,04:27 AM,Orlando,Orange,EW EBO,S MILLS AV,500,West,Off Road,1,0,0,1,N,N,N,10000.000000000000000,Clear,Dark - Lighted,0,Off Road,E,Injury,Y,Angle,Concrete Traffic Barrier,Separator,Non-Junction,N,Not at Intersection,Turnpike/Toll,Paved,Dry,None, , ,None, , ,N,N, , , , ,0,0,0,0,0,0,0,1,0,0,0,0,1.000000000000000,0.000000000000000,0,0,0,10000,"Mapped, On Network",-81.369631432299997,28.537046053299999,656886.563107999972999,506177.973448999982793,3/28/2019 5:32:15 PM,8307_8305
1397,1398,1,1397,23112,87946495,2018-00480341,Orlando PD,Short,12/15/2018 0:00:00,11:50 AM,Orlando,Orange,EW WBO,ANDES AVE,0, ,Rear End,2,0,0,0,N,N,N,1000.000000000000000,Clear,Daylight,0,Rear End,W,Property Damage Only,Y,Front to Rear,Motor Vehicle in Transport,On Roadway,Other,N,Not at Intersection,State,Curb,Dry,None, , ,None, , ,N,N, , , , ,0,0,3,0,0,0,0,0,0,0,0,0,0.000000000000000,0.000000000000000,0,0,0,1000,"Mapped, On Network",-81.319316945400004,28.539968583800000,661792.545314999995753,506608.277533999993466,7/26/2019 4:36:03 PM,8188_6226
1398,1399,1,1398,23118,88908758,2018-00487058,Orlando PD,Long,12/20/2018 0:00:00,11:17 AM,Orlando,Orange,SR 408 EBO,S BUMBY AV,350,West,Off Road,1,0,0,0,N,N,N,5000.000000000000000,Rain,Daylight,0,Off Road,E,Property Damage Only,Y,Other,Other Fixed Object,On Roadway,Non-Junction,N,Not at Intersection,State,Paved,Wet,Road Surface Condition, , ,Weather Conditions, , ,N,N, , , , ,0,0,1,0,0,0,0,0,0,0,0,0,0.000000000000000,0.000000000000000,0,0,0,5000,"Mapped, On Network",-81.352956496399997,28.538160512600001,658512.161669999943115,506336.559224999975413,7/26/2019 4:51:10 PM,8311_6252
1399,1400,1,1399,23128,88064816,FHPD18OFF131715,FHP,Long,12/27/2018 0:00:00,01:39 PM,Orlando Expwy Auth,Orange,STATE ROAD 417,LANDSTAR BLVD,50,South,Other,1,0,0,0,N,N,N,4000.000000000000000,Cloudy,Daylight,0,Single Vehicle,N,Property Damage Only,Y,Other,Motor Vehicle in Transport,Shoulder,Non-Junction,N,Not at Intersection,Turnpike/Toll,Paved,Dry,None, , ,None, , ,N,N, , , , ,0,0,0,0,0,0,0,0,0,0,0,0,0.000000000000000,0.000000000000000,0,0,0,4000,"Mapped, Not On Network",-81.374719999600003,28.368170024400001,656788.925500000012107,487416.867000000027474,1/5/2019 3:18:28 PM,9178_7997
1400,1401,1,1400,23134,88006213,FHPD18OFF133057,FHP,Short,12/31/2018 0:00:00,07:03 PM,Orlando Expwy Auth,Orange,STATE RD 429,WEST RD,5280,South,Sideswipe,2,0,0,0,N,N,N,4500.000000000000000,Clear,Dark - Not Lighted,0,Same Direction Sideswipe,S,Property Damage Only,N,"Sideswipe, Same Direction",Motor Vehicle in Transport,On Roadway,Non-Junction,N,Not at Intersection,Turnpike/Toll,Paved,Dry,None, , ,None, , ,N,N, , , , ,0,0,1,0,0,0,0,0,0,0,0,0,0.000000000000000,0.000000000000000,0,1,0,4500,"Mapped, On Network",-81.551652505899995,28.598654200199999,638976.643588999984786,512652.489995000010822,3/28/2019 5:34:37 PM,8393_6248
1401,1402,1,1401,23135,88006212,FHPD18OFF133012,FHP,Long,12/31/2018 0:00:00,04:33 PM,Orlando Expwy Auth,Orange,STATE RD 417,UNIVERSITY BLVD,5280,North,Rear End,3,0,0,3,N,N,N,22500.000000000000000,Clear,Daylight,0,Rear End,N,Injury,N,Front to Rear,Motor Vehicle in Transport,On Roadway,Non-Junction,N,Not at Intersection,Turnpike/Toll,Paved,Dry,None, , ,None, , ,N,Y,Work on Shoulder or Median,Activity Area,N,N,0,0,1,0,0,0,0,3,0,0,0,0,3.000000000000000,0.000000000000000,0,1,0,22500,"Mapped, On Network",-81.254671387499997,28.605253350400002,667943.330852000042796,513995.612520999973640,3/28/2019 5:36:31 PM,5988_6758
1402,1403,1,1402,23144,87947817,2018-00486793,Orlando PD,Short,12/20/2018 0:00:00,07:35 AM,Orlando,Orange,EW WBO,S BUMBY AVE,0,West,Rear End,3,0,0,0,N,N,N,2800.000000000000000,Rain,Daylight,0,Rear End,W,Property Damage Only,Y,Front to Rear,Motor Vehicle in Transport,On Roadway,Non-Junction,N,Not at Intersection,State,Paved,Wet,None, , ,None, , ,N,N, , , , ,0,0,0,0,0,0,0,0,0,0,0,0,0.000000000000000,0.000000000000000,0,0,0,2800,"Mapped, On Network",-81.351848147599995,28.538380932799999,658619.861534000025131,506363.356534000020474,7/26/2019 4:57:24 PM,6185_8318
1403,1404,1,1403,23161,87945697,2018-00483949,Orlando PD,Short,12/18/2018 0:00:00,08:30 AM,Orlando,Orange,STATE ROAD 408 (EAST-WEST EXPRESS WAY),STATE ROAD 408 (EAST-WEST EXPRESS WAY)  EXIT 11A,100,West,Rear End,2,0,0,0,N,N,N,800.000000000000000,Clear,Daylight,0,Rear End,W,Property Damage Only,Y,Front to Rear,Motor Vehicle in Transport,On Roadway,Non-Junction,N,Not at Intersection,State,Paved,Dry,None,None,None,None, , ,N,N, , , , ,0,0,0,0,0,0,0,0,0,0,0,0,0.000000000000000,0.000000000000000,0,0,0,800,"Mapped, Not On Network",-81.334409999800002,28.538230024899999,660322.977799999993294,506383.293599999975413,1/11/2019 4:21:11 PM,8355_8348
1404,1405,1,1404,23174,88037432,FHPD18OFF120803,FHP,Long,11/27/2018 0:00:00,07:24 PM,Orlando,Orange,SOUTHBOUND SR417,MM15,100,North,Rear End,2,0,0,1,N,Y,N,500.000000000000000,Clear,Dark - Lighted,0,Rear End,S,Injury,N,Front to Rear,Motor Vehicle in Transport,On Roadway,Non-Junction,N,Not at Intersection,State,Paved,Dry,None, , ,None, , ,N,N, , , , ,0,0,0,0,0,0,0,0,1,0,0,0,1.000000000000000,0.000000000000000,0,0,0,500,"Mapped, On Network",-81.356267806899993,28.369217171399999,658591.038213999941945,487571.692750999995042,4/11/2019 6:17:38 PM,8466_7095
1405,1406,1,1405,23235,88007309,FHPD18OFF108752,FHP,Long,10/25/2018 0:00:00,04:00 PM,Orlando,Orange,408 EAST BOUND,417 NORTH BOUND,0, ,Off Road,1,0,0,0,N,N,N,8000.000000000000000,Rain,Dark - Not Lighted,0,Off Road,E,Property Damage Only,N,Other,Other Fixed Object,On Roadway,Non-Junction,Y,Other,State,Paved,Wet,None, , ,Weather Conditions, , ,N,N, , , , ,0,0,0,0,0,0,0,0,0,0,0,0,0.000000000000000,0.000000000000000,0,0,0,8000,"Mapped, Not On Network",-81.277540000000002,28.544720049399999,665860.129043999942951,507225.209027000004426,1/15/2019 5:16:32 PM,6879_6918
1406,1407,1,1406,23254,88006168,FHPD18OFF109477,FHP,Long,10/27/2018 0:00:00,02:29 PM,Orlando Expwy Auth,Orange,STATE RD 408,STATE RD 417,600,East,Unknown,3,0,0,0,N,N,N,3500.000000000000000,Clear,Daylight,0,Unknown,E,Property Damage Only,N,Other,Other Non-Collision,On Roadway,Entrance/Exit Ramp,N,Not at Intersection,State,Paved,Dry,None, , ,None, , ,N,Y,Work on Shoulder or Median,Activity Area,N,N,0,0,1,0,0,0,0,0,0,0,0,0,0.000000000000000,0.000000000000000,0,0,0,3500,"Mapped, On Network",-81.252278709600006,28.547313695500002,668320.180531000019982,507567.891773000010289,4/22/2019 3:53:51 PM,8027_6269
1407,1408,1,1407,23296,88006166,FHPD18OFF109067,FHP,Short,10/26/2018 0:00:00,12:20 PM,Orlando Expwy Auth,Orange,STATE RD 408,STATE RD 50,5280,West,Rear End,2,0,0,0,N,N,N,3000.000000000000000,Rain,Daylight,0,Rear End,W,Property Damage Only,N,Other,Other Non-Collision,On Roadway,Non-Junction,N,Not at Intersection,State,Paved,Wet,Road Surface Condition, , ,Weather Conditions, , ,N,Y,Work on Shoulder or Median,Advance Warning Area,N,N,0,0,1,0,0,0,0,0,0,0,0,0,0.000000000000000,0.000000000000000,0,1,0,3000,"Mapped, On Network",-81.191332914300006,28.555027454400001,674251.124747999943793,508558.409515000006650,4/17/2019 12:48:08 PM,8178_6921
1408,1409,1,1408,23312,88013430,FHPD18OFF108865,FHP,Long,10/25/2018 0:00:00,06:40 PM,Orlando,Orange,SR 408,GOLDENROD ROAD,0, ,Rear End,2,0,0,1,N,N,N,250.000000000000000,Clear,Daylight,0,Rear End,E,Injury,N,Front to Rear,Motor Vehicle in Transport,On Roadway,Non-Junction,N,Not at Intersection,State,Paved,Dry,None, , ,None, , ,N,N, , , , ,0,0,0,0,0,0,0,0,1,0,0,0,1.000000000000000,0.000000000000000,0,1,0,250,"Mapped, On Network",-81.286074101799997,28.540475641099999,665037.244512000004761,506735.586567000020295,4/17/2019 12:39:20 PM,8408_8412
1409,1410,1,1409,23320,87254719,FHPD18OFF108599,FHP,Long,10/25/2018 0:00:00,10:24 AM,Orlando Expwy Auth,Orange,SR-528 (MM24),DALLAS BLVD,80,West,Off Road,1,0,0,1,N,N,N,15000.000000000000000,Cloudy,Daylight,0,Off Road,E,Injury,N,Other,Guardrail End,Shoulder,Non-Junction,N,Not at Intersection,Turnpike/Toll,Paved,Dry,None, , ,None, , ,N,N, , , , ,0,0,0,0,0,0,0,0,1,0,0,0,1.000000000000000,0.000000000000000,0,1,0,15000,"Mapped, On Network",-81.099297997999997,28.451503686199999,683506.620013999985531,497272.679906999983359,4/22/2019 2:01:43 PM,8109_6321
1410,1411,1,1410,23333,88006167,FHPD18OFF109266,FHP,Short,10/26/2018 0:00:00,08:52 PM,Orlando Expwy Auth,Orange,STATE RD 528,STATE RD 15 NARCOOSSEE RD,0,West,Sideswipe,2,0,0,0,N,N,N,2500.000000000000000,Clear,Dark - Lighted,0,Same Direction Sideswipe,E,Property Damage Only,N,"Sideswipe, Same Direction",Motor Vehicle in Transport,On Roadway,Non-Junction,N,Not at Intersection,State,Paved,Dry,None, , ,None, , ,N,N, , , , ,0,0,0,0,0,0,0,0,0,0,0,0,0.000000000000000,0.000000000000000,0,1,0,2500,"Mapped, On Network",-81.273729019499996,28.448424187299999,666468.639641999965534,496541.794392000010703,4/22/2019 3:51:53 PM,6156_8052
1411,1412,1,1411,23336,88007307,FHPD18OFF108441,FHP,Long,10/24/2018 0:00:00,09:30 PM,Orlando,Orange,STATE ROAD 408 WB,MM22,0, ,Rear End,2,0,0,2,N,Y,N,10000.000000000000000,Clear,Dark - Not Lighted,0,Rear End,W,Injury,N,Front to Rear,Motor Vehicle in Transport,On Roadway,Non-Junction,N,Not at Intersection,State,Paved,Dry,None, , ,None, , ,N,Y,Lane Closure,Transition Area,Y,Y,0,0,1,0,0,0,0,2,0,0,0,0,0.000000000000000,0.000000000000000,0,1,0,10000,"Mapped, On Network",-81.191192256700006,28.555675264400001,674263.218286999966949,508630.646700999990571,4/22/2019 3:34:12 PM,8178_6921
1412,1413,1,1412,23384,87945134,2018-00423622,Orlando PD,Long,11/2/2018 0:00:00,06:32 PM,Orlando,Orange,EASTWEST EXPRESSWAY WBO,I4EB,200,East,Other,1,0,0,0,N,N,N,15000.000000000000000,Rain,Dark - Lighted,0,Single Vehicle,W,Property Damage Only,Y,Other,Motor Vehicle in Transport,Separator,Non-Junction,N,Not at Intersection,State,Paved,Wet,None, , ,None, , ,N,N, , , , ,0,0,0,0,0,0,0,0,0,0,0,0,0.000000000000000,0.000000000000000,0,0,0,15000,"Mapped, On Network",-81.373138840600006,28.537213290699999,656543.679497999954037,506189.240227999980561,2/2/2019 11:04:41 PM,8313_6737
1413,1414,1,1413,23392,88036909,FHPD18OFF130741,FHP,Long,12/24/2018 0:00:00,06:33 AM,Orlando,Orange,STATE ROAD 528 WB MM 31,STATE ROAD 520,5280,East,Animal,1,0,0,0,N,N,N,1000.000000000000000,Clear,Daylight,0,Animal,W,Property Damage Only,N,Other,Animal,On Roadway,Non-Junction,N,Not at Intersection,State,Paved,Dry,None, , ,None, , ,N,N, , , , ,0,0,0,0,0,0,0,0,0,0,0,0,0.000000000000000,0.000000000000000,0,0,0,1000,"Mapped, Not On Network",-80.970542910000006,28.452696049099998,696085.056740000029095,497707.642916999990121,1/31/2019 5:01:06 PM,6598_8091
1414,1415,1,1414,23395,87940708,2018-00393874,Orlando PD,Short,10/11/2018 0:00:00,08:08 AM,Orlando,Orange,SR 528 WBO (BEELINE),SR 436 (S SEMORAN BV) EXIT RAMP,50,East,Rear End,2,0,0,0,N,N,N,200.000000000000000,Cloudy,Daylight,0,Rear End,W,Property Damage Only,Y,Front to Rear,Motor Vehicle in Transport,On Roadway,Non-Junction,N,Not at Intersection,Turnpike/Toll,Paved,Dry,None, , ,None, , ,N,N, , , , ,0,0,0,0,0,0,0,0,0,0,0,0,0.000000000000000,0.000000000000000,0,0,0,200,"Mapped, On Network",-81.298464238099996,28.451210247900001,664044.603581000003032,496797.922612000023946,2/12/2019 12:46:09 PM,8183_6664
1415,1416,1,1415,23429,88057087,FHPD18OFF130393,FHP,Long,12/22/2018 0:00:00,11:23 AM,Orlando,Orange,STATE ROAD 528 ( BEACHLINE EXPRESSWAY),MM 25,5280,East,Off Road,1,0,0,0,N,Y,N,4500.000000000000000,Clear,Dark - Lighted,0,Off Road,W,Property Damage Only,N,Other,Cable Barrier,Off Roadway,Non-Junction,N,Not at Intersection,State,Paved,Dry,None, , ,None, , ,N,N, , , , ,0,0,0,0,0,0,0,0,0,0,0,0,0.000000000000000,0.000000000000000,0,0,0,4500,"Mapped, On Network",-81.066990642899995,28.452033988299998,686662.259052000008523,497406.246643999998923,4/22/2019 1:35:28 PM,6322_8112
1416,1417,1,1416,23469,88006196,FHPD18OFF124231,FHP,Long,12/7/2018 0:00:00,09:08 AM,Orlando Expwy Auth,Orange,STATE RD 417,STATE RD 408,100,South,Off Road,2,0,0,3,N,N,N,9000.000000000000000,Clear,Daylight,0,Off Road,S,Injury,N,Angle,Impact Attenuator/Crash Cushion,On Roadway,Non-Junction,N,Not at Intersection,State,Paved,Dry,None, , ,None, , ,N,Y,Work on Shoulder or Median,Activity Area,Y,N,0,0,1,0,0,0,0,0,3,0,0,0,3.000000000000000,0.000000000000000,0,1,0,9000,"Mapped, On Network",-81.268388577099998,28.560045508999998,666715.961094000027515,508946.535141000000294,4/11/2019 6:01:31 PM,8572_8453
1417,1418,1,1417,23474,87443715,2018-00025478,Orlando PD,Short,1/19/2018 0:00:00,06:38 AM,Orlando,Orange,EW WBO,I4 EBO,1000,East,Rear End,2,0,0,0,N,N,N,1500.000000000000000,Clear,Dark - Lighted,0,Rear End, ,Property Damage Only,Y,Front to Rear,Motor Vehicle in Transport,On Roadway,Non-Junction,N,Not at Intersection,State,Paved,Dry,None, , ,None, , ,N,N, , , , ,0,0,0,0,0,0,0,0,0,0,0,0,0.000000000000000,0.000000000000000,0,0,0,1500,"Mapped, On Network",-81.372816029399999,28.537260576800001,656575.089141999953426,506195.162055999971926,4/23/2019 12:31:33 PM,8313_6737
1418,1419,1,1418,23479,87443736,2018-00024913,Orlando PD,Short,1/18/2018 0:00:00,06:29 PM,Orlando,Orange,SR 408 EBO,I4 WBO (SR 400) ENTRANCE RAMP,200,West,Unknown,2,0,0,0,N,Y,N,850.000000000000000,Clear,Dark - Lighted,0,Unknown, ,Property Damage Only,Y,Front to Rear,Motor Vehicle in Transport,On Roadway,Non-Junction,N,Not at Intersection,State,Paved,Dry,None, , ,None, , ,N,N, , , , ,0,0,0,0,0,0,0,0,0,0,0,0,0.000000000000000,0.000000000000000,0,0,0,850,"Mapped, On Network",-81.392287636999995,28.535059127400000,654678.914264000020921,505910.369172999984585,4/23/2019 11:08:40 AM,8248_8267
1419,1420,1,1419,23481,87441162,2018-00025477,Orlando PD,Short,1/19/2018 0:00:00,06:38 AM,Orlando,Orange,EW WBO,I4 EBO,0,East,Rear End,2,0,0,0,N,N,N,1000.000000000000000,Clear,Dark - Lighted,0,Rear End, ,Property Damage Only,Y,Front to Rear,Motor Vehicle in Transport,On Roadway,Non-Junction,N,Not at Intersection,State,Paved,Dry,None, , ,None, , ,N,N, , , , ,0,0,0,0,0,0,0,0,0,0,0,0,0.000000000000000,0.000000000000000,0,0,0,1000,"Mapped, On Network",-81.374375604500003,28.537146402000001,656423.071463000029325,506179.241166999971028,4/23/2019 12:33:15 PM,6737_6230
1420,1421,1,1420,23492,85571470,FHPK18OFF005350,FHP,Long,1/22/2018 0:00:00,07:57 AM,Unincorporated,Orange,STATE ROAD 429 (WESTERN BELTWAY),STATE ROAD 91 (MM 267) SOUTHBOUND,15,North,Rear End,2,0,0,1,N,N,N,28000.000000000000000,Clear,Daylight,0,Rear End, ,Injury,N,Front to Rear,Motor Vehicle in Transport,On Roadway,Entrance/Exit Ramp,N,Not at Intersection,Turnpike/Toll,Paved,Dry,None, , ,None, , ,N,N, , , , ,0,0,0,0,0,0,0,0,1,0,0,0,1.000000000000000,0.000000000000000,0,1,0,28000,"Mapped, On Network",-81.557240613600001,28.541835793000001,638556.262630000011995,506332.909180000016931,3/27/2018 11:06:38 AM,8529_8524
1421,1422,1,1421,23503,84505743,FHPD18OFF012261,FHP,Long,2/6/2018 0:00:00,07:58 AM,Orlando,Orange,SR 528 (BEACHLINE EXPY),SR 417 (GREENWAY),15840,East,Sideswipe,2,0,0,4,N,N,Y,4000.000000000000000,Clear,Daylight,0,Same Direction Sideswipe, ,Injury,N,"Sideswipe, Same Direction",Motor Vehicle in Transport,On Roadway,Non-Junction,N,Not at Intersection,Turnpike/Toll,Paved,Dry,None, , ,None, , ,N,N, , , , ,0,0,3,0,0,0,0,4,0,0,0,0,0.000000000000000,0.000000000000000,0,0,0,4000,"Mapped, On Network",-81.180583224499998,28.451784046699998,675562.718511000042781,497119.546404000022449,4/4/2018 9:04:27 AM,8097_6953
1422,1423,1,1422,23530,87188017,FHPD18OFF049128,FHP,Short,5/17/2018 0:00:00,01:00 PM,Orlando,Orange,EB SR408 EXIT,CHICKASAW TRAIL,100,West,Rear End,2,0,0,0,N,N,N,1000.000000000000000,Rain,Daylight,0,Rear End,E,Property Damage Only,N,Front to Rear,Motor Vehicle in Transport,On Roadway,Entrance/Exit Ramp,N,Not at Intersection,State,Paved,Wet,None, , ,None, , ,N,N, , , , ,0,0,1,0,0,0,0,0,0,0,0,0,0.000000000000000,0.000000000000000,0,0,0,1000,"Mapped, On Network",-81.286796103900002,28.540219288100001,664967.372775000054389,506705.572369000001345,5/24/2018 9:01:53 PM,8408_6232
1423,1424,1,1423,23554,87144801,FHPD18OFF000664,FHP,Long,1/3/2018 0:00:00,08:45 AM,Unincorporated,Orange,STATE ROAD 528 (BEACH LINE),STATE ROAD 520,15840,West,Rear End,3,0,0,0,N,N,N,7250.000000000000000,Rain,Daylight,0,Rear End, ,Property Damage Only,N,Front to Rear,Motor Vehicle in Transport,On Roadway,Non-Junction,N,Not at Intersection,State,Paved,Wet,None, , ,Weather Conditions, , ,N,N, , , , ,0,0,10,0,0,0,0,0,0,0,0,0,0.000000000000000,0.000000000000000,0,0,0,7250,"Mapped, On Network",-81.027885608099993,28.452486582300001,690482.304264000034891,497548.006732999987435,3/19/2018 11:40:22 AM,5943_6937
1424,1425,1,1424,23573,87145196,FHPD18OFF000701,FHP,Long,1/3/2018 0:00:00,10:24 AM,Orlando Expwy Auth,Orange,STATE ROAD 528 EB MM16,STATE ROAD 417,0,East,Sideswipe,2,0,0,0,N,N,N,2200.000000000000000,Rain,Daylight,0,Same Direction Sideswipe, ,Property Damage Only,Y,"Sideswipe, Same Direction",Motor Vehicle in Transport,On Roadway,Non-Junction,N,Not at Intersection,State,Paved,Wet,Road Surface Condition, , ,None, , ,N,N, , , , ,0,0,1,0,0,0,0,0,0,0,0,0,0.000000000000000,0.000000000000000,0,1,0,2200,"Mapped, On Network",-81.222112167600002,28.451357022100002,671505.543811999959871,496980.015942000027280,3/19/2018 12:08:42 PM,8019_6319
1425,1426,1,1425,23575,87145197,FHPD18OFF000776,FHP,Short,1/3/2018 0:00:00,02:04 PM,Orlando Expwy Auth,Orange,STATE ROAD 429 SB MM28,MCCORMICK RD,400,South,Off Road,1,0,0,0,N,N,N,1000.000000000000000,Rain,Daylight,0,Off Road, ,Property Damage Only,Y,Other,Guardrail Face,Shoulder,Non-Junction,N,Not at Intersection,State,Paved,Wet,Road Surface Condition, , ,None, , ,N,N, , , , ,0,0,1,0,0,0,0,0,0,0,0,0,0.000000000000000,0.000000000000000,0,0,0,1000,"Mapped, On Network",-81.536411420400000,28.620542752300000,640415.527539000031538,515112.470755000016652,3/19/2018 12:03:44 PM,8438_6296
1426,1427,1,1426,23610,87116936,FHPD18OFF000218,FHP,Long,1/1/2018 0:00:00,05:25 PM,Orlando Expwy Auth,Orange,SR-408,MM1,60,West,Rear End,2,0,0,0,N,N,N,6600.000000000000000,Cloudy,Dusk,0,Rear End, ,Property Damage Only,N,Front to Rear,Motor Vehicle in Transport,On Roadway,Non-Junction,N,Not at Intersection,State,Paved,Wet,None, , ,Weather Conditions, , ,N,N, , , , ,0,0,2,0,0,0,0,0,0,0,0,0,0.000000000000000,0.000000000000000,0,1,0,6600,"Mapped, On Network",-81.513054457500004,28.544951273399999,642863.859991000033915,506765.083811999997124,3/19/2018 9:51:25 AM,8150_8116
1427,1428,1,1427,23639,85574530,FHPK18OFF001357,FHP,Long,1/5/2018 0:00:00,05:42 PM,Winter Garden,Orange,SR429 (WESTERN BELTWAY) NB,20MM,100,North,Rear End,2,0,0,0,N,Y,N,6000.000000000000000,Cloudy,Dusk,0,Rear End, ,Property Damage Only,N,Front to Rear,Motor Vehicle in Transport,On Roadway,Non-Junction,N,Not at Intersection,Turnpike/Toll,Paved,Dry,None, , ,None, , ,N,N, , , , ,0,0,0,0,0,0,0,0,0,0,0,0,0.000000000000000,0.000000000000000,0,1,0,6000,"Mapped, On Network",-81.608228922899997,28.509428159300001,633647.252938000019640,502636.915391999995336,3/20/2018 12:12:21 PM,6186_6858