FID,OBJECTID_1,Join_Count,TARGET_FID,OBJECTID,HSMV_Repor,Agency_Rep,Reporting_,Form_Type,Crash_Date,Crash_Time,City,County,Crash_Stre,Intersecti,Offset_Dis,Offset_Dir,Crash_Type,Vehicles,Non_Motori,Fatalities,Injuries,Alcohol_Re,Distractio,Drug_Relat,Estimated_,Weather_Co,Light_Cond,Street_Num,Crash_Ty_1,Crash_Ty_2,Crash_Seve,Within_Cit,Manner_of_,First_Harm,First_HE_L,First_HE_R,First_HE_W,Type_of_In,Road_Sys_I,Type_of_Sh,Road_Surf_,Contrib_Ci,Contrib__1,Contrib__2,Contrib__3,Contrib__4,Contrib__5,School_Bus,Work_Zone_,Type_of_Wo,Loc_in_Wor,Workers_in,Law_Enforc,Mopeds,Motorcycle,Passengers,Bicyclists,Pedestrian,Fataliti_1,Injuries_U,Possible_I,Non_Incapa,Incapacita,Fataliti_2,Non_Traffi,Transporte,Transpor_1,Transpor_2,Citations,Property_D,Vehicle_Dm,S4_Mapping,S4_Decimal,S4_Decim_1,S4_Albers_,S4_Albers1,S4_Mappi_1,zone_id_st
1428,1429,1,1428,23715,87152856,FHPD18OFF001308,FHP,Long,1/5/2018 0:00:00,01:38 AM,Ocoee,Orange,STATE ROAD 429,MILE MARKER 24,0, ,Off Road,2,0,0,0,N,N,N,4000.000000000000000,Clear,Dark - Lighted,0,Off Road, ,Property Damage Only,N,Other,Guardrail Face,Off Roadway,Non-Junction,N,Not at Intersection,State,Paved,Dry,None, , ,None, , ,N,N, , , , ,0,0,1,0,0,0,0,0,0,0,0,0,0.000000000000000,0.000000000000000,0,0,0,4000,"Mapped, On Network",-81.556754212900003,28.568417575600002,638545.271870999946259,509285.330103999993298,3/21/2018 9:27:59 AM,8421_8425
1429,1430,1,1429,23731,87145416,FHPD18OFF000722,FHP,Long,1/3/2018 0:00:00,11:31 AM,Unincorporated,Orange,STATE ROAD 528 (BEACHLINE EXPRESSWAY),MILE MARKER 31,100,East,Off Road,1,0,0,0,N,N,N,3000.000000000000000,Rain,Daylight,0,Off Road, ,Property Damage Only,N,Other,Guardrail Face,On Roadway,Non-Junction,N,Not at Intersection,State,Curb,Wet,None, , ,None, , ,N,N, , , , ,0,0,3,0,0,0,0,0,0,0,0,0,0.000000000000000,0.000000000000000,0,0,0,3000,"Mapped, On Network",-80.983141051399997,28.452522091999999,694854.491711999988183,497658.143662000016775,3/21/2018 8:30:51 AM,8083_6824
1430,1431,1,1430,23745,87145203,FHPD18OFF001183,FHP,Long,1/4/2018 0:00:00,05:13 PM,Orlando Expwy Auth,Orange,STATE ROAD 417 NB MM7,STATE ROAD 536,5280,North,Rear End,2,0,0,0,N,N,N,4000.000000000000000,Clear,Daylight,0,Rear End, ,Property Damage Only,Y,Front to Rear,Motor Vehicle in Transport,On Roadway,Non-Junction,N,Not at Intersection,State,Paved,Dry,None, , ,None, , ,N,N, , , , ,0,0,0,0,0,0,0,0,0,0,0,0,0.000000000000000,0.000000000000000,0,0,0,4000,"Mapped, On Network",-81.458660111100002,28.355622906400001,648608.310727000003681,485851.718035999976564,3/19/2018 10:28:24 AM,7010_6916
1431,1432,1,1431,23746,87145202,FHPD18OFF001185,FHP,Short,1/4/2018 0:00:00,05:19 PM,Orlando Expwy Auth,Orange,STATE ROAD 417 NB MM6,STATE ROAD 536,0,North,Rear End,2,0,0,0,N,N,N,6000.000000000000000,Clear,Daylight,0,Rear End, ,Property Damage Only,Y,Front to Rear,Motor Vehicle in Transport,On Roadway,Non-Junction,N,Not at Intersection,State,Paved,Dry,None, , ,None, , ,N,N, , , , ,0,0,0,0,0,0,0,0,0,0,0,0,0.000000000000000,0.000000000000000,0,0,0,6000,"Mapped, On Network",-81.479078464500006,28.357035803399999,646607.943218000000343,485967.597964000015054,3/19/2018 10:31:22 AM,8579_6492
1432,1433,1,1432,23748,87145200,FHPD18OFF001047,FHP,Short,1/4/2018 0:00:00,11:08 AM,Orlando Expwy Auth,Orange,STATE ROAD 408 WB MM17,STATE ROAD 417,0,West,Sideswipe,2,0,0,0,N,N,N,1000.000000000000000,Clear,Daylight,0,Same Direction Sideswipe, ,Property Damage Only,Y,"Sideswipe, Same Direction",Motor Vehicle in Transport,On Roadway,Non-Junction,N,Not at Intersection,State,Paved,Dry,None, , ,None, , ,N,N, , , , ,0,0,0,0,0,0,0,0,0,0,0,0,0.000000000000000,0.000000000000000,0,2,0,1000,"Mapped, On Network",-81.274302576699995,28.546279982900000,666172.397215000004508,507405.390269999974407,3/19/2018 10:38:55 AM,6879_6918
1433,1434,1,1433,23770,87116939,FHPD18OFF000683,FHP,Long,1/3/2018 0:00:00,09:42 AM,Orlando Expwy Auth,Orange,SR-417 NB EXIT,EXIT TO SR-408 WB,5280,East,Off Road,1,0,0,0,N,N,N,2800.000000000000000,Rain,Daylight,0,Off Road, ,Property Damage Only,N,Other,Concrete Traffic Barrier,Shoulder,Entrance/Exit Ramp,N,Not at Intersection,State,Paved,Wet,None, , ,Weather Conditions, , ,N,N, , , , ,0,0,0,0,0,0,0,0,0,0,0,0,0.000000000000000,0.000000000000000,0,1,0,2800,"Mapped, On Network",-81.257215907100004,28.547690491800001,667837.202775000012480,507598.993625000002794,3/21/2018 8:33:38 AM,6971_6258
1434,1435,1,1434,23812,87116945,FHPD18OFF002963,FHP,Long,1/10/2018 0:00:00,07:03 AM,Orlando Expwy Auth,Orange,SR-429,MM24,40,North,Rear End,2,0,0,0,N,N,N,1900.000000000000000,Rain,Daylight,0,Rear End, ,Property Damage Only,N,Angle,Motor Vehicle in Transport,On Roadway,Non-Junction,N,Not at Intersection,State,Paved,Wet,None, , ,Weather Conditions,None, ,N,N, , , , ,0,0,0,0,0,0,0,0,0,0,0,0,0.000000000000000,0.000000000000000,0,2,0,1900,"Mapped, On Network",-81.557328381900007,28.579623863999998,638464.570005999994464,510528.496000999992248,3/26/2018 9:11:46 AM,5993_8395
1435,1436,1,1435,23813,87116944,FHPD18OFF002985,FHP,Long,1/10/2018 0:00:00,07:21 AM,Orlando,Orange,SR-408,MM8,5280,West,Rear End,2,0,0,0,N,N,N,3600.000000000000000,Rain,Dawn,0,Rear End, ,Property Damage Only,N,Front to Rear,Motor Vehicle in Transport,On Roadway,Non-Junction,N,Not at Intersection,State,Paved,Wet,None, , ,Weather Conditions, , ,N,N, , , , ,0,0,0,0,0,0,0,0,0,0,0,0,0.000000000000000,0.000000000000000,0,1,0,3600,"Mapped, On Network",-81.424111040200003,28.545770433200001,651546.530370999942534,507034.339625999971759,3/22/2018 3:53:23 PM,8237_6011
1436,1437,1,1436,23893,85603079,FHPD18OFF002475,FHP,Long,1/8/2018 0:00:00,06:50 PM,Orlando Expwy Auth,Orange,SR-417 TOLL,36MM,0, ,Rear End,2,0,0,0,N,N,N,3500.000000000000000,Clear,Dark - Lighted,0,Rear End, ,Property Damage Only,Y,Front to Rear,Motor Vehicle in Transport,On Roadway,Non-Junction,N,Not at Intersection,State,Paved,Dry,None, , ,None, , ,N,N, , , , ,0,0,0,0,0,0,0,0,0,0,0,0,0.000000000000000,0.000000000000000,0,0,0,3500,"Mapped, On Network",-81.251841048599999,28.591828769300001,668252.747930999961682,512511.264687000017148,3/22/2018 8:15:13 AM,6318_8120
1437,1438,1,1437,23944,87442671,2018-00010825,Orlando PD,Long,1/9/2018 0:00:00,07:30 AM,Orlando,Orange,SR408 (EW WBO),S MILLS AV,0,West,Rear End,2,0,0,1,N,Y,N,1500.000000000000000,Cloudy,Daylight,0,Rear End,W,Injury,Y,Front to Rear,Motor Vehicle in Transport,On Roadway,Entrance/Exit Ramp,N,Not at Intersection,State,Unpaved,Dry,None, , ,None, , ,N,N, , , , ,0,0,1,0,0,0,0,1,0,0,0,0,0.000000000000000,0.000000000000000,0,1,0,1500,"Mapped, On Network",-81.366394089699995,28.537418659699998,657201.796132000046782,506226.092272999987472,3/22/2018 10:56:35 AM,8313_6737
1438,1439,1,1438,24061,87145210,FHPD18OFF003254,FHP,Long,1/10/2018 0:00:00,06:25 PM,Orlando Expwy Auth,Orange,STATE ROAD 417 SB MM27,LEE VISTA BLVD,400,North,Sideswipe,2,0,0,0,N,N,N,5000.000000000000000,Clear,Dark - Lighted,0,Same Direction Sideswipe, ,Property Damage Only,Y,Angle,Motor Vehicle in Transport,On Roadway,Non-Junction,N,Not at Intersection,State,Paved,Dry,None, , ,None, , ,N,N, , , , ,0,0,0,0,0,0,0,0,0,0,0,0,0.000000000000000,0.000000000000000,0,0,0,5000,"Mapped, On Network",-81.239654494600003,28.478687047299999,669723.341479000053369,499975.927767999994103,3/22/2018 3:46:25 PM,8544_8386
1439,1440,1,1439,24065,87442752,2018-00005681,Orlando PD,Long,1/5/2018 0:00:00,08:28 AM,Orlando,Orange,EW WBO,I4 EBO,500,East,Unknown,2,0,0,0,N,N,N,7000.000000000000000,Clear,Daylight,0,Unknown, ,Property Damage Only,Y,"Sideswipe, Same Direction",Motor Vehicle in Transport,On Roadway,Non-Junction,N,Not at Intersection,State,Paved,Dry,None, , ,None, , ,N,N, , , , ,0,0,2,0,0,0,0,0,0,0,0,0,0.000000000000000,0.000000000000000,0,0,0,4500,"Mapped, On Network",-81.378958258699996,28.535727802600000,655978.937232000054792,506012.211972000019159,3/21/2018 8:58:17 AM,6230_8274
1440,1441,1,1440,24086,85507178,FHPK18OFF001321,FHP,Long,1/5/2018 0:00:00,04:04 PM,Unincorporated,Orange,NB STATE ROAD 429 MM 18,STONEYBROOK WEST PARKWAY,5280,South,Rear End,3,0,0,0,N,Y,N,19000.000000000000000,Clear,Daylight,0,Rear End, ,Property Damage Only,N,Angle,Motor Vehicle in Transport,On Roadway,Through Roadway,N,Not at Intersection,State,Paved,Dry,None, , ,None, , ,N,N, , , , ,0,0,1,0,0,0,0,0,0,0,0,0,0.000000000000000,0.000000000000000,0,1,0,19000,"Mapped, On Network",-81.611712137699996,28.505194724100001,633316.132361000054516,502160.259773000027053,6/29/2018 1:39:02 PM,6186_6858
1441,1442,1,1441,24093,87102426,FHPD18OFF011963,FHP,Long,2/5/2018 0:00:00,07:20 AM,Orlando Expwy Auth,Orange,STATE ROAD 528 (BEACHLINE EXPWY),DALLAS BLVD,10560,West,Rollover,1,0,0,0,N,N,N,20000.000000000000000,Cloudy,Daylight,0,Rollover, ,Property Damage Only,N,Other,Overturn/Rollover,Off Roadway,Non-Junction,N,Not at Intersection,State,Paved,Wet,None, , ,Weather Conditions, , ,N,N, , , , ,0,0,0,0,0,0,0,0,0,0,0,0,0.000000000000000,0.000000000000000,0,0,0,20000,"Mapped, On Network",-81.127583700499997,28.451626107900001,680742.239222000003792,497221.558571000001393,4/3/2018 2:44:36 PM,6073_8099
1442,1443,1,1442,24166,87145207,FHPD18OFF003068,FHP,Long,1/10/2018 0:00:00,10:00 AM,Orlando Expwy Auth,Orange,STATE ROAD 417 NB MM16,BOGGY CREEK RD,0,South,Unknown,2,0,0,0,N,N,N,7000.000000000000000,Cloudy,Daylight,0,Unknown, ,Property Damage Only,Y,"Sideswipe, Same Direction",Motor Vehicle in Transport,On Roadway,Non-Junction,N,Not at Intersection,State,Paved,Dry,None, , ,None, , ,N,N, , , , ,0,0,2,0,0,0,0,0,0,0,0,0,0.000000000000000,0.000000000000000,0,0,0,7000,"Mapped, On Network",-81.325990943899996,28.367106978399999,661557.124955000006594,487401.250845999980811,3/26/2018 9:03:39 AM,6324_6854
1443,1444,1,1443,24205,87142003,FHPD18OFF001547,FHP,Short,1/5/2018 0:00:00,06:23 PM,Orlando,Orange,STATE ROAD 528 MM 13 EXIT RAMP,NARCOOSSEE ROAD,0, ,Rear End,2,0,0,0,N,N,N,500.000000000000000,Clear,Dark - Lighted,0,Rear End, ,Property Damage Only,N,Front to Rear,Motor Vehicle in Transport,On Roadway,Non-Junction,N,Not at Intersection,State,Unpaved,Dry,None, , ,None, , ,N,N, , , , ,0,0,0,0,0,0,0,0,0,0,0,0,0.000000000000000,0.000000000000000,0,2,0,500,"Mapped, On Network",-81.270182778700004,28.448453431600001,666815.124531000037678,496552.709374000027310,6/29/2018 1:24:49 PM,6156_8052
1444,1445,1,1444,24212,87145208,FHPD18OFF003179,FHP,Short,1/10/2018 0:00:00,03:51 PM,Orlando Expwy Auth,Orange,STATE ROAD 429 NB MM27,APOPKA RD,200,South,Unknown,2,0,0,0,N,N,N,5000.000000000000000,Cloudy,Daylight,0,Unknown, ,Property Damage Only,Y,Angle,Motor Vehicle in Transport,On Roadway,Non-Junction,N,Not at Intersection,State,Paved,Wet,None, , ,None, , ,N,N, , , , ,0,0,0,0,0,0,0,0,0,0,0,0,0.000000000000000,0.000000000000000,0,1,0,5000,"Mapped, On Network",-81.555607390000006,28.595846193600000,638596.849644999951124,512333.048993000003975,3/22/2018 3:51:13 PM,6089_6220
1445,1446,1,1445,24249,87145204,FHPD18OFF001385,FHP,Long,1/5/2018 0:00:00,10:48 AM,Orlando Expwy Auth,Orange,STATE ROAD 528 EB MM18,NARCOOSSEE RD,5280,East,Unknown,2,0,0,0,N,N,N,30500.000000000000000,Clear,Daylight,0,Unknown, ,Property Damage Only,Y,Other,Motor Vehicle in Transport,On Roadway,Non-Junction,N,Not at Intersection,State,Paved,Dry,None, , ,None, , ,N,N, , , , ,0,0,0,0,0,0,0,0,0,0,0,0,0.000000000000000,0.000000000000000,0,0,0,30500,"Mapped, On Network",-81.253725423199995,28.449478385599999,668420.883330999989994,496702.224979999999050,3/20/2018 11:57:33 AM,8060_6666
1446,1447,1,1446,24328,87441836,2018-00002395,Orlando PD,Long,1/2/2018 0:00:00,09:46 PM,Orlando,Orange,SR 408,ORANGE AVENUE EXIT,1000,East,Sideswipe,2,0,0,0,N,N,N,1000.000000000000000,Clear,Dark - Lighted,0,Same Direction Sideswipe, ,Property Damage Only,Y,"Sideswipe, Same Direction",Motor Vehicle in Transport,On Roadway,Non-Junction,N,Not at Intersection,Turnpike/Toll,Paved,Dry,None,None,None,None,None,None,N,N, , , , ,0,0,1,0,0,0,0,0,0,0,0,0,0.000000000000000,0.000000000000000,0,0,0,1000,"Mapped, On Network",-81.387692603199994,28.535318674100001,655127.004757000016980,505948.685284000006504,3/19/2018 9:58:50 AM,8272_8254
1447,1448,1,1447,24333,87439050,2018-00002390,Orlando PD,Long,1/2/2018 0:00:00,09:42 PM,Orlando,Orange,SR 408 EB,ORANGE AVE (EXIT 10C),500,West,Sideswipe,2,0,0,0,N,N,N,2500.000000000000000,Cloudy,Dark - Lighted,0,Same Direction Sideswipe, ,Property Damage Only,Y,"Sideswipe, Same Direction",Motor Vehicle in Transport,On Roadway,Non-Junction,N,Not at Intersection,State,Unpaved,Wet,None, , ,None, , ,N,N, , , , ,0,0,0,0,0,0,0,0,0,0,0,0,0.000000000000000,0.000000000000000,0,0,0,2500,"Mapped, On Network",-81.379117834699997,28.535441698900001,655964.030148999998346,505980.114402999985032,3/19/2018 9:59:30 AM,6679_6276
1448,1449,1,1448,24360,87116946,FHPD18OFF003051,FHP,Long,1/10/2018 0:00:00,09:13 AM,Orlando Expwy Auth,Orange,SR-429,MM26,5280,North,Off Road,1,0,0,0,N,N,N,2000.000000000000000,Rain,Daylight,0,Off Road, ,Property Damage Only,N,Other,Cable Barrier,Median,Non-Junction,N,Not at Intersection,State,Paved,Wet,None, , ,Weather Conditions, , ,N,N, , , , ,0,0,0,0,0,0,0,0,0,0,0,0,0.000000000000000,0.000000000000000,0,0,0,2000,"Mapped, On Network",-81.537317589899999,28.608380612200001,640354.080519999959506,513760.305457999987993,3/26/2018 9:10:45 AM,7012_8458
1449,1450,1,1449,24375,85564134,FHPD18OFF003360,FHP,Long,1/11/2018 0:00:00,05:45 AM,Orlando,Orange,SR-417 (CENTRAL FLORIDA GREENWAY),SR-528 (BEACHLINE EXPRESSWAY),0, ,Unknown,2,0,0,0,N,N,N,5000.000000000000000,Cloudy,Dawn,0,Unknown, ,Property Damage Only,N,Angle,Motor Vehicle in Transport,Gore,Entrance/Exit Ramp,N,Not at Intersection,State,Paved,Wet,None, , ,None, , ,N,Y,Lane Closure,Activity Area,Y,Y,0,0,0,0,0,0,0,0,0,0,0,0,0.000000000000000,0.000000000000000,0,2,0,5000,"Mapped, On Network",-81.233960844899997,28.451575493800000,670347.126785999978893,496978.240527999994811,3/21/2018 2:29:11 PM,8001_8007
1450,1451,1,1450,24400,87441606,2018-00002530,Orlando PD,Long,1/3/2018 0:00:00,12:20 AM,Orlando,Orange,CENTRAL FLORIDA GREENWAY SBO (417),LAKE NONA BLVD,2600,North,Other,1,0,0,0,N,N,N,7000.000000000000000,Clear,Dark - Not Lighted,0,Single Vehicle, ,Property Damage Only,Y,Angle,Motor Vehicle in Transport,On Roadway,Non-Junction,N,Not at Intersection,State,Paved,Wet,None, , ,None, , ,N,N, , , , ,0,0,0,0,0,0,0,0,0,0,0,0,0.000000000000000,0.000000000000000,0,0,0,2000,"Mapped, On Network",-81.269680196099998,28.382193283599999,667027.154387000016868,489196.972225999983493,1/12/2018 12:54:20 PM,6170_8603
1451,1452,1,1451,24404,85608720,FHPD18OFF001540,FHP,Short,1/5/2018 0:00:00,05:40 PM,Orlando Expwy Auth,Orange,WB SR-408,HIAWASSEE ROAD,0,West,Rear End,2,0,0,0,N,N,N,5500.000000000000000,Clear,Daylight,0,Rear End, ,Property Damage Only,Y,Front to Rear,Motor Vehicle in Transport,On Roadway,Non-Junction,N,Not at Intersection,State,Paved,Dry,None, , ,None, , ,N,N, , , , ,0,0,0,0,0,0,0,0,0,0,0,0,0.000000000000000,0.000000000000000,0,1,0,5500,"Mapped, On Network",-81.482384585299997,28.549110574099998,645849.097569999983534,507287.677752999996301,3/20/2018 11:44:38 AM,8148_6298
1452,1453,1,1452,24407,87145205,FHPD18OFF002601,FHP,Long,1/9/2018 0:00:00,08:27 AM,Orlando Expwy Auth,Orange,STATE ROAD 417 NB MM11,ORANGE BLOSSOM TRAIL,200,North,Rear End,2,0,0,0,N,N,N,7000.000000000000000,Cloudy,Daylight,0,Rear End, ,Property Damage Only,Y,Front to Rear,Motor Vehicle in Transport,On Roadway,Non-Junction,N,Not at Intersection,State,Paved,Dry,None, , ,None, , ,N,N, , , , ,0,0,0,0,0,0,0,0,0,0,0,0,0.000000000000000,0.000000000000000,0,1,0,7000,"Mapped, On Network",-81.412447024000002,28.375358428300000,653082.492719999980181,488137.014193999988493,3/22/2018 9:58:40 AM,8277_8290
1453,1454,1,1453,24415,85558628,FHPK18OFF002670,FHP,Short,1/11/2018 0:00:00,11:46 AM,Winter Garden,Orange,SR-429 (DANIEL WEBSTER WESTRNBELTWAY),CR-535 (WINTER GARDEN VINELAND RD),5280,South,Rear End,2,0,0,0,N,N,N,4500.000000000000000,Clear,Daylight,0,Rear End, ,Property Damage Only,N,Front to Rear,Motor Vehicle in Transport,On Roadway,Non-Junction,N,Not at Intersection,Turnpike/Toll,Paved,Dry,None, , ,None, , ,N,Y,Lane Closure,Activity Area,Y,Y,0,0,3,0,0,0,0,0,0,0,0,0,0.000000000000000,0.000000000000000,0,0,0,4500,"Mapped, Not On Network",-81.609149230000000,28.508442949300001,633559.482482000021264,502525.778977999987546,3/22/2018 11:06:32 AM,6186_6858
1454,1455,1,1454,24461,87441473,2018-00005952,Orlando PD,Long,1/5/2018 0:00:00,12:31 PM,Orlando,Orange,SR 408 EASTBOUND,S SEMORAN BLVD EXIT,100,West,Sideswipe,2,0,0,1,N,N,N,12000.000000000000000,Clear,Daylight,0,Same Direction Sideswipe, ,Injury,Y,"Sideswipe, Same Direction",Motor Vehicle in Transport,On Roadway,Entrance/Exit Ramp,N,Not at Intersection,State,Paved,Dry,None, , ,None, , ,N,N, , , , ,0,0,0,0,0,0,0,0,1,0,0,0,1.000000000000000,0.000000000000000,0,0,0,12000,"Mapped, On Network",-81.324684201200000,28.539097773700000,661270.565301000024192,506500.208617000025697,3/20/2018 12:02:01 PM,8348_7102
1455,1456,1,1455,24502,85608722,FHPD18OFF002452,FHP,Long,1/8/2018 0:00:00,06:15 PM,Orlando Expwy Auth,Orange,NB SR-417,UNIVERSITY BLVD,5280,North,Rear End,2,0,0,0,N,N,N,13000.000000000000000,Clear,Daylight,0,Rear End, ,Property Damage Only,Y,Front to Rear,Motor Vehicle in Transport,On Roadway,Non-Junction,N,Not at Intersection,State,Paved,Dry,None, , ,None, , ,N,N, , , , ,0,0,0,0,0,0,0,0,0,0,0,0,0.000000000000000,0.000000000000000,0,1,0,13000,"Mapped, On Network",-81.256117095099995,28.606953758900001,667798.051938000018708,514181.264574999979232,3/22/2018 8:18:05 AM,5988_6758
1456,1457,1,1456,24503,85608721,FHPD18OFF001586,FHP,Long,1/5/2018 0:00:00,08:10 PM,Orlando Expwy Auth,Orange,EB SR-408 EXIT RAMP,SR-551,5280,East,Off Road,1,0,0,0,N,N,N,7000.000000000000000,Clear,Dark - Lighted,0,Off Road, ,Property Damage Only,N,Other,Utility Pole/Light Support,On Roadway,Entrance/Exit Ramp,N,Not at Intersection,State,Paved,Dry,None, , ,None, , ,N,Y,Lane Closure,Advance Warning Area,N,N,0,0,0,0,0,0,0,0,0,0,0,0,0.000000000000000,0.000000000000000,0,0,0,7000,"Mapped, On Network",-81.288332653599994,28.539790467700001,664818.387002000003122,506654.660193999996409,3/20/2018 11:47:54 AM,6881_8431
1457,1458,1,1457,24523,87116947,FHPD18OFF003114,FHP,Long,1/10/2018 0:00:00,12:56 PM,Orlando Expwy Auth,Orange,SER-417,MM10,60,South,Sideswipe,2,0,0,0,N,N,N,1700.000000000000000,Clear,Daylight,0,Same Direction Sideswipe, ,Property Damage Only,N,"Sideswipe, Same Direction",Motor Vehicle in Transport,On Roadway,Non-Junction,N,Not at Intersection,State,Paved,Dry,None, , ,None, , ,N,N, , , , ,0,0,0,0,0,0,0,0,0,0,0,0,0.000000000000000,0.000000000000000,0,2,0,1700,"Mapped, On Network",-81.432736159599997,28.366979531199998,651117.718980000005104,487165.205686000001151,3/22/2018 4:13:37 PM,8292_6975
1458,1459,1,1458,24524,87116949,FHPD18OFF003390,FHP,Long,1/11/2018 0:00:00,07:41 AM,Orlando Expwy Auth,Orange,SR-408,MM16,40,East,Rear End,3,0,0,0,N,N,N,5000.000000000000000,Clear,Daylight,0,Rear End, ,Property Damage Only,N,Front to Rear,Motor Vehicle in Transport,On Roadway,Non-Junction,N,Not at Intersection,State,Paved,Dry,None, , ,None, , ,N,N, , , , ,0,0,0,0,0,0,0,0,0,0,0,0,0.000000000000000,0.000000000000000,0,1,0,5000,"Mapped, On Network",-81.279348041899993,28.543865857699998,665685.687262000050396,507126.472384999971837,3/21/2018 2:34:21 PM,6918_8406
1459,1460,1,1459,24546,87154735,FHPD18OFF004369,FHP,Short,1/13/2018 0:00:00,08:10 PM,Orlando,Orange,STATE ROAD 417,MM11,0, ,Rear End,2,0,0,0,N,N,N,4500.000000000000000,Clear,Dark - Lighted,0,Rear End, ,Property Damage Only,N,Angle,Motor Vehicle in Transport,On Roadway,Non-Junction,N,Not at Intersection,State,Paved,Dry,None, , ,None, , ,N,N, , , , ,0,0,2,0,0,0,0,0,0,0,0,0,0.000000000000000,0.000000000000000,0,1,0,4500,"Mapped, On Network",-81.412678445599994,28.375167887700002,653060.305195000022650,488115.383099000027869,3/26/2018 10:07:01 AM,8107_8280
1460,1461,1,1460,24556,87145227,FHPD18OFF008031,FHP,Long,1/24/2018 0:00:00,06:02 PM,Orlando Expwy Auth,Orange,STATE ROAD 417 NB MM37,UNIVERSITY BLVD,5280,North,Rear End,2,0,0,0,N,N,N,110.000000000000000,Clear,Dusk,0,Rear End, ,Property Damage Only,Y,Front to Rear,Motor Vehicle in Transport,On Roadway,Non-Junction,N,Not at Intersection,State,Paved,Dry,None, , ,None, , ,N,N, , , , ,0,0,1,0,0,0,0,0,0,0,0,0,0.000000000000000,0.000000000000000,0,0,0,110,"Mapped, On Network",-81.253431434600003,28.603918671500001,668067.630992999998853,513850.121013000025414,1/29/2018 12:02:40 PM,8449_5988
1461,1462,1,1461,24588,87467941,2018TA001257,Apopka PD,Long,1/27/2018 0:00:00,11:34 AM,Apopka,Orange,SR 429-TOLL,CR 437A,300,North,Off Road,1,0,0,2,N,N,N,30000.000000000000000,Clear,Daylight,0,Off Road, ,Injury,Y, ,Ditch,Median,Crossover-Related,N,Not at Intersection,Turnpike/Toll,Paved,Dry,None, , ,None, , ,N,N, , , , ,0,0,1,0,0,0,0,1,0,1,0,0,2.000000000000000,0.000000000000000,0,0,0,20000,"Mapped, On Network",-81.543831207500006,28.638331682200000,639652.198471999960020,517073.184262000024319,1/30/2018 4:31:45 PM,8441_6652
1462,1463,1,1462,24612,85603085,FHPD18OFF010005,FHP,Short,1/30/2018 0:00:00,08:07 AM,Orlando Expwy Auth,Orange,SR-417 TOLL,37MM,0, ,Sideswipe,2,0,0,0,N,N,N,8000.000000000000000,Clear,Daylight,0,Same Direction Sideswipe, ,Property Damage Only,Y,"Sideswipe, Same Direction",Motor Vehicle in Transport,On Roadway,Non-Junction,N,Not at Intersection,State,Paved,Dry,None, , ,None, , ,N,N, , , , ,0,0,0,0,0,0,0,0,0,0,0,0,0.000000000000000,0.000000000000000,0,1,0,8000,"Mapped, On Network",-81.252767376099996,28.603162883900001,668134.302752000046894,513767.651393999985885,4/2/2018 9:21:16 AM,8449_5988
1463,1464,1,1463,24630,87152869,FHPD18OFF004146,FHP,Long,1/13/2018 0:00:00,02:53 AM,Orlando,Orange,STATE ROAD 528 WESTBOUND,MILE MARKER 17,0, ,Off Road,1,0,0,0,N,N,N,15000.000000000000000,Clear,Dark - Lighted,0,Off Road, ,Property Damage Only,N,Other,Guardrail End,Off Roadway,Non-Junction,N,Not at Intersection,State,Paved,Dry,None, , ,None, , ,N,N, , , , ,0,0,0,0,0,0,0,0,0,0,0,0,0.000000000000000,0.000000000000000,0,0,0,15000,"Mapped, On Network",-81.205486862200004,28.451723900499999,673129.269362000050023,497057.463700999971479,3/26/2018 10:35:59 AM,6953_6320
1464,1465,1,1464,24632,87150631,FHPD18OFF004172,FHP,Long,1/13/2018 0:00:00,07:14 AM,Orlando,Orange,STATE ROAD 417 (CENTRAL FLORIDA GREENEWAY),MM 17,0, ,Sideswipe,2,0,0,0,N,Y,N,5000.000000000000000,Cloudy,Daylight,0,Same Direction Sideswipe, ,Property Damage Only,N,"Sideswipe, Same Direction",Motor Vehicle in Transport,On Roadway,Non-Junction,N,Not at Intersection,County,Paved,Dry,None, , ,None, , ,N,N, , , , ,0,0,0,0,0,0,0,0,0,0,0,0,0.000000000000000,0.000000000000000,0,1,0,5000,"Mapped, On Network",-81.298903408699999,28.371562127099999,664195.422985999961384,487953.651824000000488,3/26/2018 10:33:45 AM,6486_8601
1465,1466,1,1465,24664,87145222,FHPD18OFF006124,FHP,Short,1/19/2018 0:00:00,07:33 AM,Orlando Expwy Auth,Orange,STATE ROAD 408 WB MM16,STATE ROAD 551,200,West,Rear End,2,0,0,0,N,N,N,2000.000000000000000,Clear,Daylight,0,Rear End, ,Property Damage Only,Y,Front to Rear,Motor Vehicle in Transport,On Roadway,Non-Junction,N,Not at Intersection,State,Paved,Dry,None, , ,None, , ,N,N, , , , ,0,0,0,0,0,0,0,0,0,0,0,0,0.000000000000000,0.000000000000000,0,0,0,2000,"Mapped, On Network",-81.287541623199999,28.540238751299999,664894.530695999972522,506706.131662999978289,3/27/2018 10:26:47 AM,8406_8427