FID,OBJECTID_1,Join_Count,TARGET_FID,OBJECTID,HSMV_Repor,Agency_Rep,Reporting_,Form_Type,Crash_Date,Crash_Time,City,County,Crash_Stre,Intersecti,Offset_Dis,Offset_Dir,Crash_Type,Vehicles,Non_Motori,Fatalities,Injuries,Alcohol_Re,Distractio,Drug_Relat,Estimated_,Weather_Co,Light_Cond,Street_Num,Crash_Ty_1,Crash_Ty_2,Crash_Seve,Within_Cit,Manner_of_,First_Harm,First_HE_L,First_HE_R,First_HE_W,Type_of_In,Road_Sys_I,Type_of_Sh,Road_Surf_,Contrib_Ci,Contrib__1,Contrib__2,Contrib__3,Contrib__4,Contrib__5,School_Bus,Work_Zone_,Type_of_Wo,Loc_in_Wor,Workers_in,Law_Enforc,Mopeds,Motorcycle,Passengers,Bicyclists,Pedestrian,Fataliti_1,Injuries_U,Possible_I,Non_Incapa,Incapacita,Fataliti_2,Non_Traffi,Transporte,Transpor_1,Transpor_2,Citations,Property_D,Vehicle_Dm,S4_Mapping,S4_Decimal,S4_Decim_1,S4_Albers_,S4_Albers1,S4_Mappi_1,zone_id_st
1466,1467,1,1466,24665,87145213,FHPD18OFF003829,FHP,Long,1/12/2018 0:00:00,10:25 AM,Orlando Expwy Auth,Orange,STATE ROAD 417 NB MM26,LEE VISTA BLVD,5280,South,Sideswipe,2,0,0,0,N,N,N,6000.000000000000000,Cloudy,Daylight,0,Same Direction Sideswipe, ,Property Damage Only,Y,"Sideswipe, Same Direction",Motor Vehicle in Transport,On Roadway,Non-Junction,N,Not at Intersection,State,Paved,Dry,None, , ,None, , ,Y,N, , , , ,0,0,0,0,0,0,0,0,0,0,0,0,0.000000000000000,0.000000000000000,0,1,0,6000,"Mapped, On Network",-81.237101033399995,28.469819307200002,669994.871000000042841,498996.943981999997050,3/22/2018 12:07:00 PM,6173_8544
1467,1468,1,1467,24713,85574537,FHPK18OFF007164,FHP,Long,1/29/2018 0:00:00,11:30 AM,Ocoee,Orange,SR429 (WESTERN BELTWAY) SOUTHBOUND,23MM,0,South,Off Road,1,0,0,0,N,Y,N,4000.000000000000000,Cloudy,Daylight,0,Off Road, ,Property Damage Only,N,Other,Concrete Traffic Barrier,Shoulder,Non-Junction,N,Not at Intersection,Turnpike/Toll,Paved,Dry,None, , ,None, , ,N,N, , , , ,0,0,0,0,0,0,0,0,0,0,0,0,0.000000000000000,0.000000000000000,0,0,0,4000,"Mapped, On Network",-81.558540911099996,28.549335932999998,638412.804214000003412,507163.165281000023242,3/29/2018 1:42:14 PM,8507_8529
1468,1469,1,1468,24718,87160830,FHPD18OFF001944,FHP,Long,1/7/2018 0:00:00,02:30 AM,Unincorporated,Orange,SR-408 TOLL MM6,MM6,0, ,Rear End,2,0,0,0,N,N,N,2500.000000000000000,Clear,Dark - Lighted,0,Rear End, ,Property Damage Only,N,Front to Rear,Motor Vehicle in Transport,On Roadway,Non-Junction,N,Not at Intersection,State,Unpaved,Dry,None, , ,None, , ,N,N, , , , ,0,0,0,0,0,0,0,0,0,0,0,0,0.000000000000000,0.000000000000000,0,0,0,2500,"Mapped, On Network",-81.443023946799997,28.548400248200000,649693.814683999982662,507287.894618000020273,3/20/2018 1:49:41 PM,6489_6994
1469,1470,1,1469,24722,85574535,FHPK18OFF006152,FHP,Long,1/25/2018 0:00:00,02:24 PM,Ocoee,Orange,SR429 (WESTERN BELTWAY) SB,22MM,0,South,Rear End,2,0,0,0,N,Y,N,3000.000000000000000,Clear,Daylight,0,Rear End, ,Property Damage Only,N,Front to Rear,Motor Vehicle in Transport,On Roadway,Non-Junction,N,Not at Intersection,Turnpike/Toll,Paved,Dry,None, , ,None, , ,N,N, , , , ,0,0,1,0,0,0,0,0,0,0,0,0,0.000000000000000,0.000000000000000,0,3,0,3000,"Mapped, On Network",-81.557112047399997,28.540657995800000,638571.407608999987133,506202.382305999984965,3/27/2018 12:09:20 PM,8524_6989
1470,1471,1,1470,24733,87145228,FHPD18OFF008641,FHP,Long,1/26/2018 0:00:00,11:32 AM,Orlando Expwy Auth,Orange,STATE ROAD 417 NB MM33,STATE ROAD 408,0, ,Sideswipe,2,0,0,0,N,N,N,600.000000000000000,Cloudy,Daylight,0,Same Direction Sideswipe, ,Property Damage Only,Y,"Sideswipe, Same Direction",Motor Vehicle in Transport,On Roadway,Non-Junction,N,Not at Intersection,State,Paved,Dry,None, , ,None, , ,N,N, , , , ,0,0,0,0,0,0,0,0,0,0,0,0,0.000000000000000,0.000000000000000,0,1,0,600,"Mapped, On Network",-81.261170321700007,28.550439643699999,667444.331081000040285,507895.644801000016741,1/31/2018 12:21:28 PM,11876_8570
1471,1472,1,1471,24738,85603083,FHPD18OFF007666,FHP,Long,1/23/2018 0:00:00,05:49 PM,Orlando Expwy Auth,Orange,STATE ROAD 417,24MM,0, ,Rear End,4,0,0,1,N,N,N,14000.000000000000000,Clear,Dark - Lighted,0,Rear End, ,Injury,Y,Front to Rear,Motor Vehicle in Transport,On Roadway,Non-Junction,N,Not at Intersection,State,Paved,Dry,None, , ,None, , ,N,N, , , , ,0,0,1,0,0,0,0,0,1,0,0,0,1.000000000000000,0.000000000000000,0,1,0,14000,"Mapped, On Network",-81.229280029600005,28.434766595300001,670846.483085999963805,495122.244843999971636,3/28/2018 9:18:22 AM,7999_8391
1472,1473,1,1472,24739,85603084,FHPD18OFF009586,FHP,Long,1/29/2018 0:00:00,05:08 AM,Orlando Expwy Auth,Orange,SR-408 TOLL,15MM,0, ,Off Road,1,0,0,0,N,N,N,4000.000000000000000,Rain,Dark - Lighted,0,Off Road, ,Property Damage Only,Y,Other,Guardrail Face,Shoulder,Non-Junction,N,Not at Intersection,State,Paved,Wet,None, , ,None, , ,N,N, , , , ,0,0,0,0,0,0,0,0,0,0,0,0,0.000000000000000,0.000000000000000,0,1,0,4000,"Mapped, On Network",-81.300014511599997,28.539740035000001,663677.855193000053987,506624.027874000021257,3/29/2018 2:12:13 PM,6883_8376
1473,1474,1,1473,24740,87102422,FHPD18OFF009645,FHP,Short,1/29/2018 0:00:00,07:40 AM,Unincorporated,Orange,STATE ROAD 417 (GREENEWAY EXPWY),LANDSTAR BLVD,1000,North,Rear End,2,0,0,0,N,N,N,2750.000000000000000,Rain,Daylight,0,Rear End, ,Property Damage Only,N,Front to Rear,Motor Vehicle in Transport,On Roadway,Non-Junction,N,Not at Intersection,State,Paved,Wet,None, , ,Weather Conditions, , ,N,N, , , , ,0,0,0,0,0,0,0,0,0,0,0,0,0.000000000000000,0.000000000000000,0,1,0,2750,"Mapped, On Network",-81.362550149200004,28.369138582100000,657976.824738999945112,487549.808423999988008,3/29/2018 1:58:26 PM,7997_8466
1474,1475,1,1474,24839,87444234,2018-00036940,Orlando PD,Long,1/27/2018 0:00:00,09:42 AM,Orlando,Orange,SR 408 WBO,MILLS AVE (EXIT 11B),1000,East,Other,1,0,0,0,N,N,N,3000.000000000000000,Clear,Daylight,0,Single Vehicle, ,Property Damage Only,Y,Other,Motor Vehicle in Transport,On Roadway,Non-Junction,N,Not at Intersection,State,Paved,Dry,None,None,None,None,None,None,N,N, , , , ,0,0,0,0,0,0,0,0,0,0,0,0,0.000000000000000,0.000000000000000,0,1,0,3000,"Mapped, On Network",-81.355952909699994,28.538289091999999,658219.268528999993578,506344.557423999998719,1/31/2018 11:51:35 AM,6185_8318
1475,1476,1,1475,24842,87444232,2018-00039394,Orlando PD,Long,1/29/2018 0:00:00,08:55 AM,Orlando,Orange,SR528 (BEACHLINE) WEST,SR436 (S SEMORAN BV)  EXIT RAMP,250,East,Rear End,3,0,0,3,N,N,N,13000.000000000000000,Cloudy,Daylight,0,Rear End, ,Injury,Y,Front to Rear,Motor Vehicle in Transport,On Roadway,Non-Junction,N,Not at Intersection,State,Paved,Wet,None, , ,None, , ,N,N, , , , ,0,0,0,0,0,0,0,2,1,0,0,0,1.000000000000000,0.000000000000000,0,0,0,13000,"Mapped, On Network",-81.298944852999995,28.451240626899999,663997.562524999957532,496800.266563999990467,2/1/2018 2:13:38 PM,8183_6664
1476,1477,1,1476,24864,87146332,FHPD18OFF007400,FHP,Long,1/23/2018 0:00:00,03:17 AM,Orlando,Orange,STATE ROAD 528,DALLAS BOULEVARD,20,East,Unknown,2,0,0,0,N,Y,N,200.000000000000000,Cloudy,Dusk,0,Unknown, ,Property Damage Only,N,Front to Rear,Motor Vehicle in Transport,On Roadway,Non-Junction,N,Not at Intersection,State,Paved,Wet,None, , ,None, , ,N,N, , , , ,0,0,1,0,0,0,0,0,0,0,0,0,0.000000000000000,0.000000000000000,0,0,0,200,"Mapped, On Network",-81.094858074699999,28.451691267699999,683939.994921999983490,497303.721694000007119,1/29/2018 11:55:56 AM,6322_8112
1477,1478,1,1477,24867,87116957,FHPD18OFF009125,FHP,Long,1/27/2018 0:00:00,05:04 PM,Orlando,Orange,SR-408,MM20,80,West,Sideswipe,2,0,0,0,N,N,N,2400.000000000000000,Cloudy,Daylight,0,Same Direction Sideswipe, ,Property Damage Only,N,"Sideswipe, Same Direction",Motor Vehicle in Transport,On Roadway,Non-Junction,N,Not at Intersection,State,Paved,Dry,None, , ,None, , ,N,N, , , , ,0,0,2,0,0,0,0,0,0,0,0,0,0.000000000000000,0.000000000000000,0,0,0,2400,"Mapped, On Network",-81.229647595900005,28.547090253000000,670530.338725000037812,507592.529290999984369,1/31/2018 12:28:11 PM,6305_8077
1478,1479,1,1478,24880,87137855,FHPD18OFF007001,FHP,Short,1/21/2018 0:00:00,08:03 PM,Orlando,Orange,STATE ROAD 417 MILE MARKER 34,TREVARTHON ROAD,0,North,Sideswipe,2,0,0,0,N,N,N,3000.000000000000000,Clear,Dark - Lighted,0,Same Direction Sideswipe, ,Property Damage Only,N,Angle,Motor Vehicle in Transport,On Roadway,Non-Junction,N,Not at Intersection,State,Paved,Dry,None, , ,None, , ,N,N, , , , ,0,0,1,0,0,0,0,0,0,0,0,0,0.000000000000000,0.000000000000000,0,1,0,3000,"Mapped, On Network",-81.260171491300000,28.581574765900001,667465.031626999960281,511354.688716000004206,6/29/2018 12:20:11 PM,6046_6317
1479,1480,1,1479,24884,85564136,FHPD18OFF004517,FHP,Long,1/14/2018 0:00:00,12:55 PM,Orlando,Orange,SR-408,KIRKMAN ROAD,0, ,Unknown,2,0,0,1,N,N,N,2500.000000000000000,Clear,Daylight,0,Unknown, ,Injury,N,Other,Other Non-Collision,On Roadway,Non-Junction,N,Not at Intersection,State,Paved,Dry,None, , ,None, , ,N,N, , , , ,0,0,2,0,0,0,0,0,1,0,0,0,1.000000000000000,0.000000000000000,0,0,0,2500,"Mapped, On Network",-81.462169999899999,28.550141888500001,647820.449034000048414,507442.650036000006367,3/22/2018 4:50:26 PM,6068_8208
1480,1481,1,1480,24891,87438269,2018-00034959,Orlando PD,Long,1/25/2018 0:00:00,08:58 PM,Orlando,Orange,S.R. 408,ANDES AVE,2500,West,Rear End,2,0,0,1,N,N,N,10000.000000000000000,Clear,Dark - Lighted,0,Rear End, ,Injury,Y,Front to Rear,Motor Vehicle in Transport,On Roadway,Non-Junction,N,Not at Intersection,State,Paved,Dry,None, , ,None, , ,N,N, , , , ,0,0,1,0,0,0,0,1,0,0,0,0,1.000000000000000,0.000000000000000,0,0,0,10000,"Mapped, On Network",-81.334807294599997,28.538221924500000,660284.203254000050947,506381.555559000000358,1/31/2018 10:59:13 AM,6227_8355
1481,1482,1,1481,24902,87441338,2018-00037047,Orlando PD,Long,1/27/2018 0:00:00,11:37 AM,Orlando,Orange,SR 408,ROSALIND AVE,0, ,Rear End,2,0,0,0,N,N,N,7000.000000000000000,Clear,Daylight,0,Rear End, ,Property Damage Only,Y,Front to Rear,Motor Vehicle in Transport,On Roadway,Non-Junction,N,Not at Intersection,State,Paved,Dry,None, , ,None, , ,N,N, , , , ,0,0,0,0,0,0,0,0,0,0,0,0,0.000000000000000,0.000000000000000,0,0,0,7000,"Mapped, On Network",-81.365218437799996,28.537312803100001,657316.845705999992788,506216.791611000022385,1/31/2018 12:07:35 PM,8309_8313
1482,1483,1,1482,24951,87153579,FHPD18OFF008719,FHP,Long,1/26/2018 0:00:00,03:09 PM,Orlando,Orange,STATE ROAD 417 (CENTRAL FLORIDA GREENEWAY),STATE ROAD 408,300,South,Unknown,3,0,0,1,N,N,N,9000.000000000000000,Cloudy,Daylight,0,Unknown, ,Injury,N,Other,Motor Vehicle in Transport,On Roadway,Entrance/Exit Ramp,N,Not at Intersection,State,Curb,Dry,None, , ,None, , ,N,N, , , , ,0,0,0,0,0,0,0,1,0,0,0,0,1.000000000000000,0.000000000000000,0,0,0,9000,"Mapped, On Network",-81.254254446199994,28.543695979799999,668136.223127000033855,507161.925538000010420,3/28/2018 3:53:16 PM,6251_11709
1483,1484,1,1483,25008,85608729,FHPD18OFF007678,FHP,Short,1/23/2018 0:00:00,06:00 PM,Orlando Expwy Auth,Orange,WB SR-408,SR-436,0,East,Rear End,2,0,0,0,N,N,N,4000.000000000000000,Clear,Dusk,0,Rear End, ,Property Damage Only,Y,Front to Rear,Motor Vehicle in Transport,On Roadway,Non-Junction,N,Not at Intersection,State,Paved,Dry,None, , ,None, , ,N,N, , , , ,0,0,0,0,0,0,0,0,0,0,0,0,0.000000000000000,0.000000000000000,0,1,0,4000,"Mapped, On Network",-81.303776457200001,28.539629256300000,663310.794946999987587,506603.689792999997735,3/28/2018 8:54:18 AM,6883_8376
1484,1485,1,1484,25016,87145229,FHPD18OFF009881,FHP,Short,1/29/2018 0:00:00,05:34 PM,Orlando Expwy Auth,Orange,STATE ROAD 528 EB MM13,NARCOOSSEE RD,100,West,Rear End,4,0,0,0,N,N,N,3000.000000000000000,Cloudy,Daylight,0,Rear End, ,Property Damage Only,Y,Front to Rear,Motor Vehicle in Transport,On Roadway,Non-Junction,N,Not at Intersection,State,Paved,Dry,None, , ,None, , ,N,N, , , , ,0,0,0,0,0,0,0,0,0,0,0,0,0.000000000000000,0.000000000000000,0,1,0,3000,"Mapped, On Network",-81.271227643100005,28.448454297500000,666713.012962999986485,496550.545180000015534,1/31/2018 12:10:27 PM,6156_8052
1485,1486,1,1485,25048,87444077,2018-00034619,Orlando PD,Short,1/25/2018 0:00:00,03:48 PM,Orlando,Orange,SR408 (EW) EAST,SR15 (S CONWAY RD) EXIT RAMP,250,West,Unknown,2,0,0,0,N,N,N,1300.000000000000000,Clear,Daylight,0,Unknown, ,Property Damage Only,Y,"Sideswipe, Same Direction",Motor Vehicle in Transport,On Roadway,Non-Junction,N,Not at Intersection,State,Paved,Dry,None, , ,None, , ,N,N, , , , ,0,0,0,0,0,0,0,0,0,0,0,0,0.000000000000000,0.000000000000000,0,0,0,1300,"Mapped, On Network",-81.335823023499998,28.538305361599999,660184.821859000017866,506388.676058000011835,1/31/2018 11:58:57 AM,6227_8355
1486,1487,1,1486,25069,85603081,FHPD18OFF006647,FHP,Short,1/20/2018 0:00:00,04:40 PM,Orlando Expwy Auth,Orange,SR-408 TOLL,20MM,0, ,Off Road,1,0,0,0,N,N,N,3000.000000000000000,Clear,Daylight,0,Off Road, ,Property Damage Only,Y,Other,Concrete Traffic Barrier,Off Roadway,Non-Junction,N,Not at Intersection,State,Paved,Dry,None, , ,None, , ,N,N, , , , ,0,0,0,0,0,0,0,0,0,0,0,0,0.000000000000000,0.000000000000000,0,0,0,3000,"Mapped, On Network",-81.218856513299997,28.547625770900002,671582.589566000038758,507675.706380999996327,3/26/2018 10:29:09 AM,8077_8070
1487,1488,1,1487,25070,85603082,FHPD18OFF006859,FHP,Long,1/21/2018 0:00:00,11:38 AM,Orlando Expwy Auth,Orange,SR-408 TOLL,20MM,0, ,Unknown,2,0,0,0,N,N,N,3000.000000000000000,Clear,Daylight,0,Unknown, ,Property Damage Only,Y,"Sideswipe, Same Direction",Motor Vehicle in Transport,On Roadway,Non-Junction,N,Not at Intersection,State,Paved,Dry,None, , ,None, , ,N,N, , , , ,0,0,0,0,0,0,0,0,0,0,0,0,0.000000000000000,0.000000000000000,0,0,0,3000,"Mapped, On Network",-81.218846975000005,28.547609420400001,671583.561789999948815,507673.912038000009488,3/27/2018 10:55:42 AM,8077_8070
1488,1489,1,1488,25088,87438888,2018-00034768,Orlando PD,Long,1/25/2018 0:00:00,05:25 PM,Orlando,Orange,EW EBO,S SEMORAN BV,0, ,Unknown,3,0,0,0,N,N,N,7000.000000000000000,Clear,Daylight,0,Unknown, ,Property Damage Only,Y,Angle,Motor Vehicle in Transport,On Roadway,Entrance/Exit Ramp,N,Other,State,Paved,Dry,None, , ,None, , ,N,N, , , , ,0,0,0,0,0,0,0,0,0,0,0,0,0.000000000000000,0.000000000000000,0,0,0,7000,"Mapped, On Network",-81.310550434700005,28.539435137500000,662649.829489000025205,506567.690721000020858,1/31/2018 10:57:02 AM,6301_6218
1489,1490,1,1489,25107,87443191,2018-00015707,Orlando PD,Long,1/12/2018 0:00:00,08:48 AM,Orlando,Orange,EAST-WEST EXPRWY (SR408),S CRYSTAL LAKE DR,0, ,Rear End,2,0,0,0,N,N,N,1500.000000000000000,Cloudy,Daylight,0,Rear End, ,Property Damage Only,Y,Front to Rear,Motor Vehicle in Transport,On Roadway,Non-Junction,N,Not at Intersection,State,Paved,Dry,None, , ,None, , ,N,N, , , , ,0,0,2,0,0,0,0,0,0,0,0,0,0.000000000000000,0.000000000000000,0,1,0,1500,"Mapped, On Network",-81.343428169700005,28.538540160699998,659441.652940000058152,506398.722402999992482,3/26/2018 9:44:42 AM,8353_6185
1490,1491,1,1490,25133,87443620,2018-00030902,Orlando PD,Long,1/23/2018 0:00:00,07:18 AM,Orlando,Orange,SR 408 (EASTBOUND LANES),CONWAY RD,0, ,Rear End,2,0,0,1,N,N,N,3500.000000000000000,Cloudy,Daylight,0,Rear End, ,Injury,Y,Front to Rear,Motor Vehicle in Transport,On Roadway,Non-Junction,N,Not at Intersection,State,Paved,Wet,Road Surface Condition, , ,None, , ,N,N, , , , ,0,0,0,0,0,0,0,0,1,0,0,0,0.000000000000000,0.000000000000000,0,0,0,3500,"Mapped, On Network",-81.332168064200005,28.538253351600002,660541.836266999947838,506390.618384999979753,1/31/2018 10:32:48 AM,8355_8348
1491,1492,1,1491,25239,87102423,FHPD18OFF009703,FHP,Short,1/29/2018 0:00:00,08:50 AM,Unincorporated,Orange,STATE ROAD 408 (EAST WEST EXPRESSWAY),ROUSE ROAD,300,East,Rear End,2,0,0,0,N,N,N,2500.000000000000000,Cloudy,Daylight,0,Rear End, ,Property Damage Only,N,Front to Rear,Motor Vehicle in Transport,On Roadway,Non-Junction,Y,Not at Intersection,State,Paved,Wet,None, , ,Weather Conditions, , ,N,Y,Work on Shoulder or Median,Activity Area,Y,N,0,0,0,0,0,0,0,0,0,0,0,0,0.000000000000000,0.000000000000000,0,1,0,2500,"Mapped, On Network",-81.222355368199999,28.547471653999999,671241.364755999995396,507650.894264000002295,3/29/2018 1:57:11 PM,8057_6045
1492,1493,1,1492,25241,87444294,2018-00039293,Orlando PD,Long,1/29/2018 0:00:00,07:44 AM,Orlando,Orange,SR 528 (BEELINE) WEST,GOLDENROD RD EXIT RAMP,2640,East,Unknown,2,0,0,0,N,N,N,2500.000000000000000,Rain,Daylight,0,Unknown, ,Property Damage Only,Y,Front to Rear,Motor Vehicle in Transport,On Roadway,Non-Junction,N,Not at Intersection,State,Paved,Wet,Road Surface Condition, , ,Weather Conditions, , ,N,N, , , , ,0,0,0,0,0,0,0,0,0,0,0,0,0.000000000000000,0.000000000000000,0,0,0,2500,"Mapped, On Network",-81.272186148200007,28.448634599900000,666618.900068999966606,496568.491265000018757,2/1/2018 2:10:26 PM,8055_6665
1493,1494,1,1493,25247,87116952,FHPD18OFF005353,FHP,Long,1/17/2018 0:00:00,07:50 AM,Orlando Expwy Auth,Orange,SR-528,MM18,20,East,Rear End,2,0,0,0,N,N,N,6400.000000000000000,Clear,Daylight,0,Rear End, ,Property Damage Only,N,Front to Front,Motor Vehicle in Transport,On Roadway,Non-Junction,N,Not at Intersection,State,Paved,Dry,None, , ,None, , ,N,N, , , , ,0,0,1,0,0,0,0,0,0,0,0,0,0.000000000000000,0.000000000000000,0,1,0,6400,"Mapped, On Network",-81.176919660199999,28.451810777799999,675920.655618999968283,497130.706333999987692,3/23/2018 3:38:31 PM,8097_6953
1494,1495,1,1494,25248,87116950,FHPD18OFF004677,FHP,Long,1/15/2018 0:00:00,06:00 AM,Orlando,Orange,SR-408,MM6,40,East,Off Road,1,0,0,0,N,N,N,1800.000000000000000,Clear,Dark - Lighted,0,Off Road, ,Property Damage Only,N,Other,Concrete Traffic Barrier,Shoulder,Non-Junction,N,Not at Intersection,State,Paved,Dry,None, , ,None, , ,N,N, , , , ,0,0,0,0,0,0,0,0,0,0,0,0,0.000000000000000,0.000000000000000,0,0,0,1800,"Mapped, On Network",-81.441307482200003,28.548185330100001,649861.902038999949582,507267.508613999991212,3/22/2018 3:11:12 PM,6294_5905
1495,1496,1,1495,25251,87443226,2018-00015765,Orlando PD,Long,1/12/2018 0:00:00,08:49 AM,Orlando,Orange,EAST-WEST EXPRWY (SR408),S CRYSTAL LAKE DR,50,East,Rear End,2,0,0,0,N,N,N,4000.000000000000000,Cloudy,Daylight,0,Rear End, ,Property Damage Only,Y,Front to Rear,Motor Vehicle in Transport,On Roadway,Non-Junction,N,Not at Intersection,State,Paved,Dry,None, , ,None, , ,N,N, , , , ,0,0,0,0,0,0,0,0,0,0,0,0,0.000000000000000,0.000000000000000,0,1,0,4000,"Mapped, On Network",-81.343196738800003,28.538530396900001,659464.274410999962129,506398.125248000025749,3/26/2018 9:43:53 AM,8353_6185
1496,1497,1,1496,25256,87145212,FHPD18OFF003590,FHP,Long,1/11/2018 0:00:00,04:22 PM,Orlando Expwy Auth,Orange,STATE ROAD 429 MM24,STORY RD,0,South,Other,1,0,0,1,N,N,N,4000.000000000000000,Clear,Daylight,0,Single Vehicle, ,Injury,Y,Other,Other Non-Collision,On Roadway,Non-Junction,N,Not at Intersection,State,Paved,Dry,None, , ,None, , ,N,N, , , , ,0,0,0,0,0,0,0,0,1,0,0,0,1.000000000000000,0.000000000000000,0,0,0,4000,"Mapped, On Network",-81.559590053099996,28.557736211000002,638291.906016999972053,508093.853793999995105,3/21/2018 2:46:42 PM,8498_8500
1497,1498,1,1497,25257,87145217,FHPD18OFF004841,FHP,Long,1/15/2018 0:00:00,04:46 PM,Orlando Expwy Auth,Orange,STATE ROAD 417 NB MM25,STATE ROAD 528,5280,South,Unknown,2,0,0,0,N,N,N,1000.000000000000000,Clear,Daylight,0,Unknown, ,Property Damage Only,Y,Other,"Struck by Falling, Shifting Cargo",On Roadway,Non-Junction,N,Not at Intersection,State,Paved,Dry,None, , ,None, , ,N,N, , , , ,0,0,3,0,0,0,0,0,0,0,0,0,0.000000000000000,0.000000000000000,0,0,0,1000,"Mapped, On Network",-81.229247259999994,28.436536359100000,670845.270098999957554,495318.811049000010826,3/23/2018 2:53:53 PM,6642_7993
1498,1499,1,1498,25259,87442028,2018-00014064,Orlando PD,Long,1/11/2018 0:00:00,08:26 AM,Orlando,Orange,SR-408 WESTBOUND,S SEMORAN BLVD,2000,West,Unknown,2,0,0,0,N,N,N,600.000000000000000,Clear,Daylight,0,Unknown, ,Property Damage Only,Y,"Sideswipe, Same Direction",Motor Vehicle in Transport,On Roadway,Non-Junction,N,Not at Intersection,State,Paved,Dry,None, , ,None, , ,N,N, , , , ,0,0,1,0,0,0,0,0,0,0,0,0,0.000000000000000,0.000000000000000,0,0,0,600,"Mapped, On Network",-81.317160422900002,28.539929032000000,662003.211257999995723,506608.466180999996141,3/21/2018 2:33:34 PM,8188_6226
1499,1500,1,1499,25303,87145214,FHPD18OFF003906,FHP,Long,1/12/2018 0:00:00,01:55 PM,Orlando Expwy Auth,Orange,STATE ROAD 528 WB MM8,BOGGY CREEK RD,5280,East,Off Road,1,0,0,0,N,N,N,4000.000000000000000,Cloudy,Daylight,0,Off Road, ,Property Damage Only,Y,Other,Concrete Traffic Barrier,Shoulder,Non-Junction,N,Not at Intersection,State,Paved,Dry,None, , ,None, , ,N,N, , , , ,0,0,1,0,0,0,0,0,0,0,0,0,0.000000000000000,0.000000000000000,0,1,0,4000,"Mapped, On Network",-81.342582173699995,28.450818989100000,659734.183119000052102,496660.785461999999825,3/22/2018 1:36:06 PM,11452_8329
1500,1501,1,1500,25304,87145211,FHPD18OFF003589,FHP,Long,1/11/2018 0:00:00,04:19 PM,Orlando Expwy Auth,Orange,STATE ROAD 408 WB MM16,CHICKASAW TR,5280,East,Off Road,1,0,0,0,N,N,N,3000.000000000000000,Clear,Daylight,0,Off Road, ,Property Damage Only,Y,Other,Concrete Traffic Barrier,Median,Non-Junction,N,Not at Intersection,State,Paved,Dry,None, , ,None, , ,N,N, , , , ,0,0,0,0,0,0,0,0,0,0,0,0,0.000000000000000,0.000000000000000,0,0,0,3000,"Mapped, On Network",-81.273528636300000,28.546482816000001,666247.464467999991030,507429.581331999972463,3/21/2018 2:48:00 PM,6879_6918
1501,1502,1,1501,25307,85608725,FHPD18OFF004783,FHP,Short,1/15/2018 0:00:00,02:00 PM,Orlando Expwy Auth,Orange,NB SR-417,BOGGY CREEK ROAD,5280,South,Rear End,2,0,0,0,N,N,N,3500.000000000000000,Clear,Daylight,0,Rear End, ,Property Damage Only,Y,Front to Rear,Motor Vehicle in Transport,On Roadway,Non-Junction,N,Not at Intersection,State,Paved,Dry,None, , ,None, , ,N,N, , , , ,0,0,0,0,0,0,0,0,0,0,0,0,0.000000000000000,0.000000000000000,0,1,0,3500,"Mapped, On Network",-81.309629939100006,28.369411652000000,663151.633284999988973,487691.948357000015676,3/23/2018 2:53:26 PM,11015_8482
1502,1503,1,1502,25339,87116955,FHPD18OFF008539,FHP,Short,1/26/2018 0:00:00,05:55 AM,Orlando Expwy Auth,Orange,SR-429,MM24,60,North,Unknown,2,0,0,0,N,N,N,1100.000000000000000,Clear,Dark - Lighted,0,Unknown, ,Property Damage Only,N,Angle,Motor Vehicle in Transport,On Roadway,Non-Junction,N,Not at Intersection,State,Paved,Dry,None, , ,None, , ,N,N, , , , ,0,0,0,0,0,0,0,0,0,0,0,0,0.000000000000000,0.000000000000000,0,0,0,1100,"Mapped, On Network",-81.557344279899993,28.579735170599999,638462.773335000034422,510540.824041999992914,1/31/2018 10:12:36 AM,5993_8395
1503,1504,1,1503,25340,87116954,FHPD18OFF008169,FHP,Long,1/25/2018 0:00:00,08:06 AM,Orlando Expwy Auth,Orange,SR-528,MM26.5,5280,East,Rollover,1,0,0,0,N,N,N,1600.000000000000000,Cloudy,Daylight,0,Rollover, ,Property Damage Only,N,Other,Overturn/Rollover,Shoulder,Non-Junction,N,Not at Intersection,State,Paved,Dry,None, , ,None, , ,N,N, , , , ,0,0,0,0,0,0,0,0,0,0,0,0,0.000000000000000,0.000000000000000,0,0,0,1600,"Mapped, On Network",-81.048241823500007,28.452411369099998,688493.352260999963619,497491.868824000004679,1/31/2018 10:21:50 AM,5943_6937
1504,1505,1,1504,25346,85608732,FHPD18OFF010009,FHP,Long,1/30/2018 0:00:00,08:17 AM,Orlando Expwy Auth,Orange,EB SR-408,TAMPA AVE,0,West,Rear End,2,0,0,0,N,N,N,9500.000000000000000,Cloudy,Daylight,0,Rear End, ,Property Damage Only,Y,Front to Rear,Motor Vehicle in Transport,On Roadway,Non-Junction,N,Not at Intersection,State,Paved,Dry,None, , ,None, , ,N,N, , , , ,0,0,0,0,0,0,0,0,0,0,0,0,0.000000000000000,0.000000000000000,0,1,0,9500,"Mapped, On Network",-81.410472153399994,28.539975994599999,652891.742736999993213,506418.870599000016227,4/2/2018 9:18:00 AM,8213_8169