FID,OBJECTID_1,Join_Count,TARGET_FID,OBJECTID,HSMV_Repor,Agency_Rep,Reporting_,Form_Type,Crash_Date,Crash_Time,City,County,Crash_Stre,Intersecti,Offset_Dis,Offset_Dir,Crash_Type,Vehicles,Non_Motori,Fatalities,Injuries,Alcohol_Re,Distractio,Drug_Relat,Estimated_,Weather_Co,Light_Cond,Street_Num,Crash_Ty_1,Crash_Ty_2,Crash_Seve,Within_Cit,Manner_of_,First_Harm,First_HE_L,First_HE_R,First_HE_W,Type_of_In,Road_Sys_I,Type_of_Sh,Road_Surf_,Contrib_Ci,Contrib__1,Contrib__2,Contrib__3,Contrib__4,Contrib__5,School_Bus,Work_Zone_,Type_of_Wo,Loc_in_Wor,Workers_in,Law_Enforc,Mopeds,Motorcycle,Passengers,Bicyclists,Pedestrian,Fataliti_1,Injuries_U,Possible_I,Non_Incapa,Incapacita,Fataliti_2,Non_Traffi,Transporte,Transpor_1,Transpor_2,Citations,Property_D,Vehicle_Dm,S4_Mapping,S4_Decimal,S4_Decim_1,S4_Albers_,S4_Albers1,S4_Mappi_1,zone_id_st
1505,1506,1,1505,25363,87443109,2018-00012391,Orlando PD,Long,1/10/2018 0:00:00,07:10 AM,Orlando,Orange,SR 408 WB,COSMO DR,0, ,Sideswipe,2,0,0,0,N,N,N,1500.000000000000000,Rain,Dark - Lighted,0,Same Direction Sideswipe, ,Property Damage Only,Y,"Sideswipe, Same Direction",Motor Vehicle in Transport,On Roadway,Non-Junction,N,Not at Intersection,State,Paved,Wet,None, , ,None, , ,N,N, , , , ,0,0,0,0,0,0,0,0,0,0,0,0,0.000000000000000,0.000000000000000,0,0,0,1500,"Mapped, On Network",-81.290085978799993,28.539824173300001,664647.104550000047311,506654.638437999994494,3/26/2018 9:23:05 AM,8427_6883
1506,1507,1,1506,25367,87442522,2018-00003187,Orlando PD,Long,1/3/2018 0:00:00,01:35 PM,Orlando,Orange,SR 408 WBO,SR 400 (I4 WBO EXIT RAMP),350,East,Unknown,3,0,0,1,N,N,N,9500.000000000000000,Rain,Daylight,0,Unknown, ,Injury,Y,Angle,Motor Vehicle in Transport,On Roadway,Non-Junction,N,Not at Intersection,State,Paved,Wet,Road Surface Condition, , ,None, , ,N,N, , , , ,0,0,1,0,0,0,0,1,0,0,0,0,0.000000000000000,0.000000000000000,0,0,0,9500,"Mapped, On Network",-81.382306098399994,28.535350145599999,655652.916377000045031,505963.335293999989517,3/20/2018 10:38:59 AM,8274_8272
1507,1508,1,1507,25369,87153578,FHPD18OFF008098,FHP,Short,1/24/2018 0:00:00,08:48 PM,Unincorporated,Orange,STATE ROAD 528 (BEACHLINE EXPRESSWAY),STATE ROAD 520,0, ,Unknown,2,0,0,0,N,N,N,2000.000000000000000,Clear,Dark - Lighted,0,Unknown, ,Property Damage Only,N,"Sideswipe, Same Direction",Motor Vehicle in Transport,On Roadway,Non-Junction,N,Not at Intersection,State,Curb,Dry,None, , ,None, , ,N,N, , , , ,0,0,2,0,0,0,0,0,0,0,0,0,0.000000000000000,0.000000000000000,0,0,0,2000,"Mapped, On Network",-80.979693222799995,28.452475644300002,695191.526257000048645,497661.235624999972060,3/28/2018 10:24:10 AM,8083_6824
1508,1509,1,1508,25374,87145223,FHPD18OFF007450,FHP,Long,1/23/2018 0:00:00,07:40 AM,Orlando Expwy Auth,Orange,STATE ROAD 417 SB MM14,BOGGY CREEK RD,5280,South,Rear End,2,0,0,2,N,N,N,6000.000000000000000,Cloudy,Daylight,0,Rear End, ,Injury,Y,Front to Rear,Motor Vehicle in Transport,On Roadway,Non-Junction,N,Not at Intersection,State,Paved,Wet,None, , ,None, , ,N,N, , , , ,0,0,1,0,0,0,0,0,2,0,0,0,2.000000000000000,0.000000000000000,0,0,0,6000,"Mapped, On Network",-81.340390232499999,28.368461349699999,660145.639496000017971,487521.168470999982674,1/31/2018 12:15:23 PM,6323_6700
1509,1510,1,1509,25375,87144837,FHPD18OFF009578,FHP,Long,1/29/2018 0:00:00,02:10 AM,Orlando,Orange,STATE ROAD 528 (BEACH LINE),STATE ROAD 417 (GREEN WAY),10560,West,Sideswipe,2,0,0,0,N,N,N,5000.000000000000000,Rain,Dark - Not Lighted,0,Same Direction Sideswipe, ,Property Damage Only,N,"Sideswipe, Same Direction",Motor Vehicle in Transport,On Roadway,Non-Junction,N,Not at Intersection,State,Paved,Wet,Road Surface Condition, , ,Weather Conditions, , ,N,N, , , , ,0,0,0,0,0,0,0,0,0,0,0,0,0.000000000000000,0.000000000000000,0,1,0,5000,"Mapped, On Network",-81.252565493199995,28.450089206400001,668532.724894999992102,496772.569121000007726,1/31/2018 12:30:16 PM,6663_8065
1510,1511,1,1510,25466,85583489,FHPK18OFF005779,FHP,Long,1/23/2018 0:00:00,06:18 PM,Winter Garden,Orange,SB 429 MM 19,STONEYBROOK WEST PARKWAY,5280,North,Rear End,2,0,0,0,N,N,N,1100.000000000000000,Clear,Dusk,0,Rear End, ,Property Damage Only,N,Front to Rear,Motor Vehicle in Transport,On Roadway,Non-Junction,N,Not at Intersection,Turnpike/Toll,Paved,Dry,None, , ,None, , ,N,N, , , , ,0,0,0,0,0,0,0,0,0,0,0,0,0.000000000000000,0.000000000000000,0,1,0,1100,"Mapped, On Network",-81.578597520599999,28.522891123800001,636512.157857000012882,504188.261951999971643,6/29/2018 2:57:36 PM,6989_8464
1511,1512,1,1511,25508,87159872,FHPD18OFF005641,FHP,Long,1/17/2018 0:00:00,08:11 PM,Unincorporated,Orange,STATE ROAD 417 (CENTRAL FLORIDA GREENEWAY),STATE ROAD 528 (BEACHLINE EXPRESSWAY,5280,South,Rear End,2,0,0,0,N,Y,N,11500.000000000000000,Clear,Dark - Not Lighted,0,Rear End, ,Property Damage Only,N,Front to Rear,Motor Vehicle in Transport,On Roadway,Non-Junction,N,Not at Intersection,State,Paved,Dry,None, , ,None, , ,N,N, , , , ,0,0,1,0,0,0,0,0,0,0,0,0,0.000000000000000,0.000000000000000,0,1,0,11500,"Mapped, On Network",-81.233017899800004,28.462241324400001,670412.696594999986701,498164.519046999979764,3/23/2018 3:41:34 PM,6173_8544
1512,1513,1,1512,25555,85516363,FHPK18OFF005512,FHP,Long,1/22/2018 0:00:00,05:46 PM,Unincorporated,Orange,NB STATE ROAD 429 MM 23 EXIT RAMP,TO STATE ROAD 91,0,South,Unknown,2,0,0,0,N,Y,N,8000.000000000000000,Clear,Dusk,0,Unknown, ,Property Damage Only,N,Angle,Motor Vehicle in Transport,On Roadway,Entrance/Exit Ramp,Y,Not at Intersection,State,Paved,Dry,None, , ,None, , ,N,N, , , , ,0,0,4,0,0,0,0,0,0,0,0,0,0.000000000000000,0.000000000000000,0,0,0,8000,"Mapped, On Network",-81.557018253500004,28.537131729999999,638588.324007999966852,505811.028097999980673,6/29/2018 12:13:42 PM,6231_8470
1513,1514,1,1513,25602,85609655,FHPK18OFF004095,FHP,Long,1/16/2018 0:00:00,05:01 PM,Winter Garden,Orange,SR-429 TOLL,SR 429,0, ,Rear End,2,0,0,1,N,N,N,4100.000000000000000,Cloudy,Daylight,0,Rear End, ,Injury,N,Front to Rear,Motor Vehicle in Transport,On Roadway,Non-Junction,N,Not at Intersection,Turnpike/Toll,Paved,Dry,None, , ,None, , ,N,N, , , , ,0,0,1,0,0,0,0,1,0,0,0,0,0.000000000000000,0.000000000000000,0,1,0,4100,"Mapped, On Network",-81.556963772200007,28.537317660999999,638593.235057999962009,505831.778191999997944,3/22/2018 5:16:02 PM,8470_6274
1514,1515,1,1514,25701,87153569,FHPD18OFF005325,FHP,Short,1/17/2018 0:00:00,04:51 AM,Orlando,Orange,STATE ROAD 528 (BEACHLINE EXPRESSWAY),STATE ROAD 417,500,West,Sideswipe,2,0,0,0,N,Y,N,2500.000000000000000,Clear,Dark - Not Lighted,0,Same Direction Sideswipe, ,Property Damage Only,N,"Sideswipe, Same Direction",Motor Vehicle in Transport,On Roadway,Non-Junction,N,Not at Intersection,State,Curb,Dry,None, , ,None, , ,N,Y,Lane Closure,Activity Area,Y,Y,0,0,0,0,0,0,0,0,0,0,0,0,0.000000000000000,0.000000000000000,0,1,0,2500,"Mapped, On Network",-81.218610000400005,28.451559658299999,671847.273506000055932,497010.229970999993384,3/23/2018 3:39:07 PM,6320_6667
1515,1516,1,1515,25730,87443398,2018-00024711,Orlando PD,Long,1/18/2018 0:00:00,04:00 PM,Orlando,Orange,SR 528 BEELINE EASTBOUND,SEMORAN BLVD EXIT RAMP,400,West,Rear End,3,0,0,3,N,N,N,5500.000000000000000,Clear,Daylight,0,Rear End, ,Injury,Y,Front to Rear,Motor Vehicle in Transport,On Roadway,Non-Junction,N,Not at Intersection,State,Paved,Dry,None, , ,None, , ,N,N, , , , ,0,0,2,0,0,0,0,3,0,0,0,0,1.000000000000000,0.000000000000000,0,1,0,5500,"Mapped, On Network",-81.319383765900000,28.451327525600000,661999.996276000048965,496766.323861000011675,3/27/2018 10:03:39 AM,6947_8301
1516,1517,1,1516,25734,87145224,FHPD18OFF007162,FHP,Long,1/22/2018 0:00:00,11:45 AM,Orlando Expwy Auth,Orange,STATE ROAD 417 SB MM32,CURRY FORD RD,5280,North,Unknown,2,0,0,0,N,N,N,1000.000000000000000,Clear,Daylight,0,Unknown, ,Property Damage Only,Y,Other,"Struck by Falling, Shifting Cargo",On Roadway,Non-Junction,N,Not at Intersection,State,Paved,Dry,None, , ,None, , ,N,N, , , , ,0,0,0,0,0,0,0,0,0,0,0,0,0.000000000000000,0.000000000000000,0,1,0,1000,"Mapped, On Network",-81.250709332900001,28.517240951800002,668547.861309000058100,504232.381281999987550,2/1/2018 1:56:12 PM,6968_8555
1517,1518,1,1517,25735,87145220,FHPD18OFF005792,FHP,Long,1/18/2018 0:00:00,10:05 AM,Orlando Expwy Auth,Orange,STATE ROAD 408 EB MM3,GOOD HOMES RD,0,West,Unknown,2,0,0,0,N,N,N,1000.000000000000000,Clear,Daylight,0,Unknown, ,Property Damage Only,Y,Other,"Struck by Falling, Shifting Cargo",On Roadway,Non-Junction,N,Not at Intersection,State,Paved,Dry,None, , ,None, , ,N,N, , , , ,0,0,0,0,0,0,0,0,0,0,0,0,0.000000000000000,0.000000000000000,0,0,0,1000,"Mapped, On Network",-81.509010483500006,28.545449270199999,643257.605429999995977,506828.348921000026166,2/1/2018 1:57:59 PM,8114_8152
1518,1519,1,1518,25761,87152877,FHPD18OFF006079,FHP,Long,1/19/2018 0:00:00,02:19 AM,Orlando,Orange,STATE ROAD 417 SOUTHBOUND,MILE MARKER 6,0, ,Off Road,1,0,0,0,N,N,N,9000.000000000000000,Clear,Dark - Not Lighted,0,Off Road, ,Property Damage Only,N,Other,Other Fixed Object,Off Roadway,Non-Junction,N,Not at Intersection,State,Paved,Dry,None, , ,None, , ,N,N, , , , ,0,0,0,0,0,0,0,0,0,0,0,0,0.000000000000000,0.000000000000000,0,0,0,9000,"Mapped, On Network",-81.474386801199998,28.355618752100000,647070.061763999983668,485819.649038999981713,3/23/2018 4:16:28 PM,8581_7010
1519,1520,1,1519,25767,87137854,FHPD18OFF006961,FHP,Long,1/21/2018 0:00:00,05:11 PM,Orlando,Orange,STATE ROAD 417 MILE MARKER 23,MOSS PARK ROAD,0,South,Off Road,1,0,0,0,N,N,N,4000.000000000000000,Clear,Daylight,0,Off Road, ,Property Damage Only,N,Other,Guardrail Face,Shoulder,Non-Junction,N,Not at Intersection,State,Paved,Dry,None, , ,None, , ,N,N, , , , ,0,0,3,0,0,0,0,0,0,0,0,0,0.000000000000000,0.000000000000000,0,0,0,4000,"Mapped, On Network",-81.227342478699995,28.418097200700000,671077.473532999982126,493275.723882000020240,6/29/2018 12:11:13 PM,8536_8514
1520,1521,1,1520,25803,87443886,2018-00024062,Orlando PD,Short,1/18/2018 0:00:00,07:48 AM,Orlando,Orange,SR408 (EW) EAST,SR527 (S ORANGE AV),250,West,Unknown,2,0,0,0,N,N,N,1300.000000000000000,Clear,Daylight,0,Unknown, ,Property Damage Only,Y,"Sideswipe, Same Direction",Motor Vehicle in Transport,On Roadway,Non-Junction,N,Not at Intersection,State,Paved,Dry,None, , ,None, , ,N,N, , , , ,0,0,0,0,0,0,0,0,0,0,0,0,0.000000000000000,0.000000000000000,0,0,0,1300,"Mapped, On Network",-81.378238538299996,28.535624805400001,656049.459905999945477,506002.270322999975178,3/27/2018 10:06:09 AM,6679_6276
1521,1522,1,1521,25804,87116953,FHPD18OFF007081,FHP,Long,1/22/2018 0:00:00,07:46 AM,Orlando Expwy Auth,Orange,SR-408,MM18,0,West,Unknown,2,0,0,1,N,N,N,4100.000000000000000,Clear,Daylight,0,Unknown, ,Injury,N,Angle,Motor Vehicle in Transport,On Roadway,Non-Junction,N,Not at Intersection,State,Paved,Dry,None, , ,None, , ,N,N, , , , ,0,0,0,0,0,0,0,0,1,0,0,0,1.000000000000000,0.000000000000000,0,0,0,4100,"Mapped, On Network",-81.273672936799997,28.546244443399999,666233.960644999984652,507402.803591999982018,1/31/2018 9:58:41 AM,8412_7015
1522,1523,1,1522,25869,85583487,FHPK18OFF004415,FHP,Long,1/18/2018 0:00:00,07:12 AM,Winter Garden,Orange,SB STATE ROAD 429 MM 19,WINTER GARDEN VINELAND RD,5280,North,Rear End,2,0,0,0,N,N,N,1500.000000000000000,Clear,Daylight,0,Rear End, ,Property Damage Only,N,Front to Rear,Motor Vehicle in Transport,On Roadway,Entrance/Exit Ramp,N,Not at Intersection,Turnpike/Toll,Paved,Dry,None, , ,None, , ,N,N, , , , ,0,0,0,0,0,0,0,0,0,0,0,0,0.000000000000000,0.000000000000000,0,1,0,1500,"Mapped, Not On Network",-81.579820359999999,28.521879639400002,636394.936002000002190,504073.607399999978952,1/19/2018 3:39:22 PM,8462_6231
1523,1524,1,1523,25892,87443026,2018-00004975,Orlando PD,Long,1/4/2018 0:00:00,06:01 PM,Orlando,Orange,SR 528 BEELINE EASTBOUND,TRADEPORT DR EXIT RAMP,500,East,Unknown,3,0,0,1,N,N,N,10000.000000000000000,Clear,Dusk,0,Unknown, ,Injury,Y,Front to Rear,Motor Vehicle in Transport,On Roadway,Non-Junction,N,Not at Intersection,State,Paved,Dry,None, , ,None, , ,N,N, , , , ,0,0,0,0,0,0,0,1,0,0,0,0,0.000000000000000,0.000000000000000,0,0,0,10000,"Mapped, On Network",-81.336924632800006,28.450795322099999,660287.118142000050284,496670.086720000021160,3/19/2018 11:37:53 AM,8331_8341
1524,1525,1,1524,25972,85574534,FHPK18OFF005266,FHP,Long,1/21/2018 0:00:00,05:50 PM,Winter Garden,Orange,SR429 (WESTERN BELTWAY) SB,15MM,5280,South,Rear End,2,0,0,0,N,Y,N,6000.000000000000000,Clear,Dusk,0,Rear End, ,Property Damage Only,N,Front to Rear,Motor Vehicle in Transport,On Roadway,Non-Junction,N,Not at Intersection,Turnpike/Toll,Paved,Dry,None, , ,None, , ,N,N, , , , ,0,0,1,0,0,0,0,0,0,0,0,0,0.000000000000000,0.000000000000000,0,1,0,6000,"Mapped, On Network",-81.632658710000001,28.464124143999999,631357.634245999972336,497560.497010999999475,3/26/2018 11:09:29 AM,8035_9704
1525,1526,1,1525,25990,87145219,FHPD18OFF005630,FHP,Long,1/17/2018 0:00:00,07:15 PM,Orlando Expwy Auth,Orange,STATE ROAD 417 NB MM33,STATE ROAD 408,200,North,Other,1,0,0,0,N,N,N,4000.000000000000000,Clear,Dark - Not Lighted,0,Single Vehicle, ,Property Damage Only,Y,Other,Motor Vehicle in Transport,On Roadway,Non-Junction,N,Not at Intersection,State,Paved,Dry,None, , ,None, , ,N,N, , , , ,0,0,1,0,0,0,0,0,0,0,0,0,0.000000000000000,0.000000000000000,0,0,0,4000,"Mapped, On Network",-81.258853040299996,28.548324788399999,667675.794744999962859,507665.863764000008814,3/23/2018 3:40:24 PM,11876_8570
1526,1527,1,1526,26030,86614409,2018-00025491,Orlando PD,Long,1/19/2018 0:00:00,06:57 AM,Orlando,Orange,SR 408 EAST,SR 527 (S ORANGE AV) EXIT,5280,West,Unknown,2,0,0,0,N,N,N,8000.000000000000000,Clear,Dawn,0,Unknown, ,Property Damage Only,Y,Angle,Motor Vehicle in Transport,On Roadway,Non-Junction,N,Not at Intersection,State,Paved,Dry,None, , ,None, , ,N,N, , , , ,0,0,0,0,0,0,0,0,0,0,0,0,0.000000000000000,0.000000000000000,0,0,0,8000,"Mapped, On Network",-81.385101797299995,28.535058126399999,655380.607473999960348,505925.119250999996439,1/31/2018 11:08:47 AM,6679_6276
1527,1528,1,1527,26067,87102427,FHPD18OFF012265,FHP,Short,2/6/2018 0:00:00,08:00 AM,Orlando Expwy Auth,Orange,STATE ROAD 528 (BEACHLINE EXPWY),MONUMENT PARKWAY,1000,East,Rear End,2,0,0,0,N,N,N,1250.000000000000000,Clear,Daylight,0,Rear End, ,Property Damage Only,N,Front to Rear,Motor Vehicle in Transport,On Roadway,Non-Junction,Y,Not at Intersection,State,Paved,Dry,None, , ,None, , ,N,Y,Work on Shoulder or Median,Before the First Work Zone Warning Sign,Y,N,0,0,1,0,0,0,0,0,0,0,0,0,0.000000000000000,0.000000000000000,0,1,0,1250,"Mapped, On Network",-81.157730462000004,28.451762789299998,677795.950605000020005,497168.460755000007339,4/2/2018 2:33:47 PM,8099_8097
1528,1529,1,1528,26073,85603093,FHPD18OFF013025,FHP,Long,2/8/2018 0:00:00,09:51 AM,Orlando Expwy Auth,Orange,STATE ROAD 417,30MM,0, ,Other,1,0,0,0,N,N,N,2000.000000000000000,Clear,Daylight,0,Single Vehicle, ,Property Damage Only,Y,Other,Thrown or Falling Object,On Roadway,Non-Junction,N,Not at Intersection,State,Paved,Dry,None, , ,None, , ,N,N, , , , ,0,0,0,0,0,0,0,0,0,0,0,0,0.000000000000000,0.000000000000000,0,0,0,2000,"Mapped, On Network",-81.248397142499996,28.510785670600001,668789.671531000058167,503520.699108999979217,4/5/2018 8:27:27 AM,8555_8559
1529,1530,1,1529,26074,85603094,FHPD18OFF013313,FHP,Short,2/9/2018 0:00:00,08:16 AM,Orlando Expwy Auth,Orange,SR-408 TOLL,20MM,0, ,Rear End,2,0,0,0,N,N,N,4000.000000000000000,Clear,Daylight,0,Rear End, ,Property Damage Only,Y,Front to Rear,Motor Vehicle in Transport,On Roadway,Non-Junction,N,Not at Intersection,State,Paved,Dry,None, , ,None, , ,N,N, , , , ,0,0,0,0,0,0,0,0,0,0,0,0,0.000000000000000,0.000000000000000,0,1,0,4000,"Mapped, On Network",-81.218876053200006,28.547894677300000,671580.008327999967150,507705.519366999971680,4/3/2018 4:26:31 PM,6946_8057
1530,1531,1,1530,26093,87048929,2018-00023393,Orlando PD,Long,1/17/2018 0:00:00,07:10 PM,Orlando,Orange,BEELINE WBO (SR 528),SEMORAN BLVD (SR-436),900,East,Rear End,2,0,0,0,N,N,N,500.000000000000000,Clear,Dark - Lighted,0,Rear End, ,Property Damage Only,Y,Front to Rear,Motor Vehicle in Transport,On Roadway,Non-Junction,N,Not at Intersection,State,Unpaved,Dry,None, , ,None, , ,N,N, , , , ,0,0,0,0,0,0,0,0,0,0,0,0,0.000000000000000,0.000000000000000,0,0,0,500,"Mapped, On Network",-81.296179304800006,28.450894340200001,664268.663415999966674,496767.742090000014286,1/31/2018 11:37:09 AM,8183_6664
1531,1532,1,1531,26124,85598830,FHPK18OFF005364,FHP,Short,1/22/2018 0:00:00,08:25 AM,Orlando,Orange,SR-417 TOLL,S.R.91,50,East,Rear End,2,0,0,0,N,N,N,8000.000000000000000,Clear,Daylight,0,Rear End, ,Property Damage Only,N,Front to Rear,Motor Vehicle in Transport,On Roadway,Non-Junction,N,Not at Intersection,Turnpike/Toll,Paved,Dry,None, , ,None, , ,N,Y,Work on Shoulder or Median,Transition Area,Y,N,0,0,0,0,0,0,0,0,0,0,0,0,0.000000000000000,0.000000000000000,0,1,0,8000,"Mapped, On Network",-81.389669452000007,28.368040048800001,655327.185546000022441,487371.393579999974463,7/2/2020 3:31:59 PM,8017_6167
1532,1533,1,1532,26131,83268872,FHPD18OFF003407,FHP,Long,1/11/2018 0:00:00,08:00 AM,Ocoee,Orange,SR 429 MM 27 SB,CLARACONA-OCOEE RD,300,North,Off Road,1,0,0,0,N,N,N,2000.000000000000000,Rain,Daylight,0,Off Road, ,Property Damage Only,N,Other,Guardrail Face,Shoulder,Non-Junction,N,Not at Intersection,State,Paved,Wet,None, , ,None, , ,N,N, , , , ,0,0,0,0,0,0,0,0,0,0,0,0,0.000000000000000,0.000000000000000,0,0,0,2000,"Mapped, On Network",-81.542834037500000,28.601973722499999,639829.931706000003032,513038.187824999971781,6/29/2018 1:32:05 PM,8458_8393
1533,1534,1,1533,26232,87130257,FHPD18OFF010675,FHP,Long,2/1/2018 0:00:00,07:30 AM,Orlando,Orange,SR 408 (EAST-WEST EXPY),SR 551 (GOLDENROD RD.),1000,West,Rear End,5,0,0,1,N,N,N,12000.000000000000000,Clear,Daylight,0,Rear End, ,Injury,N,Front to Rear,Motor Vehicle in Transport,On Roadway,Non-Junction,N,Not at Intersection,State,Paved,Dry,None, , ,None, , ,N,N, , , , ,0,0,1,0,0,0,0,1,0,0,0,0,1.000000000000000,0.000000000000000,0,1,0,12000,"Mapped, On Network",-81.289224114400000,28.539903358400000,664731.066392999957316,506665.280241000000387,4/2/2018 4:32:48 PM,8427_6883
1534,1535,1,1534,26235,85603092,FHPD18OFF012746,FHP,Long,2/7/2018 0:00:00,12:24 PM,Orlando Expwy Auth,Orange,SR-528 TOLL,28MM,0, ,Unknown,2,0,0,0,N,N,N,2000.000000000000000,Clear,Daylight,0,Unknown, ,Property Damage Only,Y,"Sideswipe, Same Direction",Motor Vehicle in Transport,On Roadway,Non-Junction,N,Not at Intersection,State,Paved,Dry,None, , ,None, , ,N,N, , , , ,0,0,0,0,0,0,0,0,0,0,0,0,0.000000000000000,0.000000000000000,0,1,0,2000,"Mapped, On Network",-81.027543644000005,28.452309606600000,690516.193672999972478,497529.163724999991246,4/4/2018 9:35:07 AM,7008_7061
1535,1536,1,1535,26238,85298275,FHPD18OFF012489,FHP,Long,2/6/2018 0:00:00,05:05 PM,Orlando,Orange,STATE ROAD 417 (CENTRAL FLORIDA GREENEWAY),MOSS PARK ROAD,5280,North,Rear End,2,0,0,0,N,Y,N,13000.000000000000000,Clear,Daylight,0,Rear End, ,Property Damage Only,N,Front to Rear,Motor Vehicle in Transport,On Roadway,Non-Junction,N,Not at Intersection,State,Paved,Dry,None, , ,None, , ,N,N, , , , ,0,0,0,0,0,0,0,0,0,0,0,0,0.000000000000000,0.000000000000000,0,1,0,13000,"Mapped, On Network",-81.227620000100003,28.421869308400002,671040.927967000054196,493693.925476000003982,4/2/2018 2:06:45 PM,8516_8536
1536,1537,1,1536,26256,85603086,FHPD18OFF010086,FHP,Long,1/30/2018 0:00:00,12:37 PM,Orlando Expwy Auth,Orange,SR-408 TOLL,18MM,0, ,Off Road,2,0,0,0,N,N,N,4000.000000000000000,Clear,Daylight,0,Off Road, ,Property Damage Only,Y,Other,Concrete Traffic Barrier,Off Roadway,Non-Junction,N,Not at Intersection,State,Paved,Dry,None, , ,None, , ,N,Y,Work on Shoulder or Median,Activity Area,Y,N,0,0,0,0,0,0,0,0,0,0,0,0,0.000000000000000,0.000000000000000,0,0,0,4000,"Mapped, On Network",-81.258127329800004,28.547477777899999,667748.740792999975383,507573.397082999988925,4/2/2018 9:04:46 AM,6971_6258
1537,1538,1,1537,26257,85603087,FHPD18OFF010669,FHP,Short,2/1/2018 0:00:00,07:23 AM,Orlando Expwy Auth,Orange,SR-408 TOLL,21MM,0, ,Rear End,2,0,0,0,N,N,N,5000.000000000000000,Clear,Daylight,0,Rear End, ,Property Damage Only,Y,Front to Rear,Motor Vehicle in Transport,On Roadway,Non-Junction,N,Not at Intersection,State,Paved,Dry,None, , ,None, , ,N,N, , , , ,0,0,0,0,0,0,0,0,0,0,0,0,0.000000000000000,0.000000000000000,0,0,0,5000,"Mapped, On Network",-81.204030000000003,28.549825363800000,673024.633924999972805,507952.661439999996219,4/2/2018 4:31:04 PM,8041_6970
1538,1539,1,1538,26258,85603088,FHPD18OFF010732,FHP,Long,2/1/2018 0:00:00,10:52 AM,Orlando Expwy Auth,Orange,SR-417 TOLL,17MM,0, ,Unknown,2,0,0,0,N,N,N,8000.000000000000000,Clear,Daylight,0,Unknown, ,Property Damage Only,Y,"Sideswipe, Same Direction",Motor Vehicle in Transport,On Roadway,Non-Junction,N,Not at Intersection,State,Paved,Dry,None, , ,None, , ,N,N, , , , ,0,0,0,0,0,0,0,0,0,0,0,0,0.000000000000000,0.000000000000000,0,1,0,8000,"Mapped, On Network",-81.302352100199997,28.370614576700000,663860.460721999988891,487841.061161999998149,4/2/2018 4:30:51 PM,8480_11010
1539,1540,1,1539,26316,87145234,FHPD18OFF011127,FHP,Long,2/2/2018 0:00:00,03:28 PM,Orlando Expwy Auth,Orange,STATE ROAD 417 SB MM22,MOSS PARK RD,100,North,Rear End,2,0,0,0,N,N,N,110.000000000000000,Clear,Daylight,0,Rear End, ,Property Damage Only,Y,Front to Rear,Motor Vehicle in Transport,On Roadway,Non-Junction,N,Not at Intersection,State,Paved,Dry,None, , ,None, , ,N,N, , , , ,0,0,2,0,0,0,0,0,0,0,0,0,0.000000000000000,0.000000000000000,0,1,0,110,"Mapped, On Network",-81.227639699999997,28.414709331200001,671056.877713999943808,492898.920281000027899,4/1/2018 1:44:18 PM,8533_8540
1540,1541,1,1540,26401,87144841,FHPD18OFF010937,FHP,Long,2/1/2018 0:00:00,11:38 PM,Orlando,Orange,STATE ROAD 408,DEAN ROAD,0,East,Off Road,2,0,0,0,N,N,N,15500.000000000000000,Clear,Dark - Not Lighted,0,Off Road, ,Property Damage Only,N,"Sideswipe, Same Direction",Guardrail Face,Shoulder,Non-Junction,N,Not at Intersection,State,Paved,Dry,None, , ,None, , ,N,Y,Work on Shoulder or Median,Activity Area,N,N,0,0,1,0,0,0,0,0,0,0,0,0,0.000000000000000,0.000000000000000,0,0,0,15500,"Mapped, On Network",-81.244584282199995,28.547175942999999,669071.772838999982923,507569.363131000020076,4/2/2018 4:31:34 PM,6269_8009
1541,1542,1,1541,26415,87437378,2018-00027455,Orlando PD,Long,1/20/2018 0:00:00,03:31 PM,Orlando,Orange,SR 408,ROSALIND AVE,0,West,Unknown,2,0,0,0,N,N,N,100.000000000000000,Clear,Daylight,0,Unknown, ,Property Damage Only,Y,"Sideswipe, Same Direction",Motor Vehicle in Transport,On Roadway,Non-Junction,N,Not at Intersection,State,Paved,Dry,None,None, ,None,None, ,N,N, , , , ,0,0,0,0,0,0,0,0,0,0,0,0,0.000000000000000,0.000000000000000,0,0,0,100,"Mapped, On Network",-81.374899104199997,28.536975187300001,656372.358038999955170,506159.142609999980778,3/26/2018 10:03:36 AM,6737_6230
1542,1543,1,1542,26428,87145243,FHPD18OFF013178,FHP,Long,2/8/2018 0:00:00,05:51 PM,Orlando Expwy Auth,Orange,STATE ROAD 408 EB MM18,STATE ROAD 551,0,East,Rear End,2,0,0,0,N,N,N,5000.000000000000000,Clear,Daylight,0,Rear End, ,Property Damage Only,Y,Front to Rear,Motor Vehicle in Transport,On Roadway,Non-Junction,N,Not at Intersection,State,Paved,Dry,None, , ,None, , ,N,N, , , , ,0,0,0,0,0,0,0,0,0,0,0,0,0.000000000000000,0.000000000000000,0,1,0,5000,"Mapped, On Network",-81.281994827800006,28.542188020499999,665431.363555000047199,506934.484211999981198,4/4/2018 11:56:27 AM,8408_8412