FID,OBJECTID_1,Join_Count,TARGET_FID,OBJECTID,HSMV_Repor,Agency_Rep,Reporting_,Form_Type,Crash_Date,Crash_Time,City,County,Crash_Stre,Intersecti,Offset_Dis,Offset_Dir,Crash_Type,Vehicles,Non_Motori,Fatalities,Injuries,Alcohol_Re,Distractio,Drug_Relat,Estimated_,Weather_Co,Light_Cond,Street_Num,Crash_Ty_1,Crash_Ty_2,Crash_Seve,Within_Cit,Manner_of_,First_Harm,First_HE_L,First_HE_R,First_HE_W,Type_of_In,Road_Sys_I,Type_of_Sh,Road_Surf_,Contrib_Ci,Contrib__1,Contrib__2,Contrib__3,Contrib__4,Contrib__5,School_Bus,Work_Zone_,Type_of_Wo,Loc_in_Wor,Workers_in,Law_Enforc,Mopeds,Motorcycle,Passengers,Bicyclists,Pedestrian,Fataliti_1,Injuries_U,Possible_I,Non_Incapa,Incapacita,Fataliti_2,Non_Traffi,Transporte,Transpor_1,Transpor_2,Citations,Property_D,Vehicle_Dm,S4_Mapping,S4_Decimal,S4_Decim_1,S4_Albers_,S4_Albers1,S4_Mappi_1,zone_id_st
1543,1544,1,1543,26433,87145242,FHPD18OFF013129,FHP,Long,2/8/2018 0:00:00,02:58 PM,Orlando Expwy Auth,Orange,STATE ROAD 417 SB MM23,MOSS PARK RD,50,South,Sideswipe,2,0,0,0,N,N,N,3010.000000000000000,Cloudy,Daylight,0,Same Direction Sideswipe, ,Property Damage Only,Y,Angle,Motor Vehicle in Transport,On Roadway,Non-Junction,N,Not at Intersection,State,Paved,Dry,None, , ,None, , ,N,N, , , , ,0,0,0,0,0,0,0,0,0,0,0,0,0.000000000000000,0.000000000000000,0,0,0,3010,"Mapped, On Network",-81.227580232500003,28.415861943700001,671059.813305999967270,493027.023899000021629,4/4/2018 12:00:15 PM,8514_6174
1544,1545,1,1544,26443,87443284,2018-00039295,Orlando PD,Long,1/29/2018 0:00:00,07:44 AM,Orlando,Orange,SR 528 (BEACHLINE W/B),GOLDENROD RD,2500,East,Unknown,4,0,0,1,N,N,N,1350.000000000000000,Rain,Daylight,0,Unknown, ,Injury,Y,Front to Rear,Motor Vehicle in Transport,On Roadway,Non-Junction,N,Not at Intersection,State,Paved,Wet,None, , ,Weather Conditions, , ,N,N, , , , ,0,0,0,0,0,0,0,0,1,0,0,0,0.000000000000000,0.000000000000000,0,0,0,1350,"Mapped, On Network",-81.278533874600001,28.448684468400000,665998.446401000022888,496560.319651999976486,3/28/2018 1:54:00 PM,6665_8172
1545,1546,1,1545,26448,87443218,2018-00042807,Orlando PD,Long,1/31/2018 0:00:00,04:48 PM,Orlando,Orange,FL-408 EBO (EAST-WEST EXPRESSWAY),S TAMPA AVENUE,0,East,Unknown,2,0,0,0,N,N,N,1000.000000000000000,Clear,Daylight,0,Unknown, ,Property Damage Only,Y,Front to Rear,Motor Vehicle in Transport,On Roadway,Non-Junction,N,Not at Intersection,Turnpike/Toll,Unpaved,Dry,None, , ,None, , ,N,N, , , , ,0,0,0,0,0,0,0,0,0,0,0,0,0.000000000000000,0.000000000000000,0,0,0,1000,"Mapped, On Network",-81.407509005199998,28.537795723799999,653186.169473999994807,506182.872494000010192,3/29/2018 2:50:27 PM,8169_8242
1546,1547,1,1546,26454,85609659,FHPK18OFF007903,FHP,Long,2/1/2018 0:00:00,06:18 PM,Orlando,Orange,SR 429,MM 19,0, ,Unknown,3,0,0,0,N,N,N,7050.000000000000000,Cloudy,Daylight,0,Unknown, ,Property Damage Only,N,Front to Front,Motor Vehicle in Transport,On Roadway,Non-Junction,N,Not at Intersection,Turnpike/Toll,Paved,Dry,None, , ,None, , ,N,N, , , , ,0,0,2,0,0,0,0,0,0,0,0,0,0.000000000000000,0.000000000000000,0,0,0,7050,"Mapped, On Network",-81.579020716100004,28.522236273899999,636472.254947999957949,504114.739353000011761,4/2/2018 4:40:39 PM,8462_6231
1547,1548,1,1547,26455,85605678,FHPD18OFF011335,FHP,Long,2/3/2018 0:00:00,03:10 AM,Orlando,Orange,S.R. 408,S.R. 551 (GOLDENROD RD),5280,West,Sideswipe,2,0,0,2,Y,N,N,4000.000000000000000,Clear,Dark - Lighted,0,Opposing Sideswipe,EW,Injury,N,"Sideswipe, Opposite Direction",Motor Vehicle in Transport,On Roadway,Non-Junction,N,Not at Intersection,State,Paved,Dry,None, , ,None, , ,N,N, , , , ,0,0,0,0,0,0,0,2,0,0,0,0,1.000000000000000,0.000000000000000,0,2,0,4000,"Mapped, On Network",-81.294017345599997,28.539500608699999,664264.021900999941863,506610.282293999975082,4/3/2018 9:55:14 AM,6881_8431
1548,1549,1,1548,26482,85603089,FHPD18OFF011940,FHP,Short,2/5/2018 0:00:00,06:14 AM,Orlando Expwy Auth,Orange,SR-417 TOLL,34MM,0, ,Sideswipe,2,0,0,0,N,N,N,3000.000000000000000,Clear,Dark - Lighted,0,Same Direction Sideswipe, ,Property Damage Only,Y,"Sideswipe, Same Direction",Motor Vehicle in Transport,On Roadway,Non-Junction,N,Not at Intersection,State,Paved,Dry,None, , ,None, , ,N,N, , , , ,0,0,0,0,0,0,0,0,0,0,0,0,0.000000000000000,0.000000000000000,0,0,0,3000,"Mapped, On Network",-81.265748159699996,28.569481490000001,666950.496987999998964,509999.910200999991503,4/2/2018 1:04:35 PM,8451_2531
1549,1550,1,1549,26531,87137867,FHPD18OFF010506,FHP,Short,1/31/2018 0:00:00,03:36 PM,Orlando,Orange,STATE ROAD 408 EASTBOUND EXIT RAMP MM 16,STATE ROAD 551 (GOLDENROD ROAD),0, ,Other,2,0,0,0,N,N,N,3000.000000000000000,Clear,Daylight,0,Other, ,Property Damage Only,N,Angle,Motor Vehicle in Transport,On Roadway,Intersection,N,Four-Way Intersection,State,Curb,Dry,None, , ,None, , ,N,N, , , , ,0,0,0,0,0,0,0,0,0,0,0,0,0.000000000000000,0.000000000000000,0,1,0,3000,"Mapped, On Network",-81.280273320099994,28.543355843800001,665596.592838000040501,507067.852940000011586,3/29/2018 5:16:29 PM,6918_8406
1550,1551,1,1550,26554,87441337,2018-00029932,Orlando PD,Long,1/22/2018 0:00:00,01:12 PM,Orlando,Orange,SR 408,ROSALIND AVE,1000,East,Unknown,2,0,0,1,N,N,N,800.000000000000000,Clear,Daylight,0,Unknown, ,Injury,Y,Front to Rear,Motor Vehicle in Transport,On Roadway,Non-Junction,N,Not at Intersection,State,Paved,Dry,None, , ,None, , ,N,N, , , , ,0,0,1,0,0,0,0,0,1,0,0,0,0.000000000000000,0.000000000000000,0,0,0,800,"Mapped, On Network",-81.362561008599997,28.537661843300000,657575.505804999964312,506261.093694999988656,3/27/2018 11:46:24 AM,8309_8313
1551,1552,1,1551,26562,85574538,FHPK18OFF008977,FHP,Short,2/6/2018 0:00:00,06:48 AM,Winter Garden,Orange,SR429 (WESTERN BELTWAY) SB,11MM,5280,South,Other,1,0,0,0,N,N,N,500.000000000000000,Clear,Dawn,0,Single Vehicle, ,Property Damage Only,N,Other,Other Non-Fixed Object,On Roadway,Non-Junction,N,Not at Intersection,Turnpike/Toll,Paved,Dry,None, , ,None, , ,N,N, , , , ,0,0,0,0,0,0,0,0,0,0,0,0,0.000000000000000,0.000000000000000,0,0,0,500,"Mapped, On Network",-81.633726311800004,28.422165265299999,631342.722777000046335,492899.546092999982648,4/2/2018 2:13:41 PM,6253_6224
1552,1553,1,1552,26588,85603090,FHPD18OFF011969,FHP,Short,2/5/2018 0:00:00,07:45 AM,Orlando Expwy Auth,Orange,SR-417 TOLL,34MM,0, ,Rear End,3,0,0,0,N,N,N,7500.000000000000000,Clear,Daylight,0,Rear End, ,Property Damage Only,Y,Front to Rear,Motor Vehicle in Transport,On Roadway,Non-Junction,N,Not at Intersection,State,Paved,Dry,None, , ,None, , ,N,N, , , , ,0,0,0,0,0,0,0,0,0,0,0,0,0.000000000000000,0.000000000000000,0,1,0,7500,"Mapped, On Network",-81.265725363100003,28.569475769699999,666952.736384000047110,509999.324443000019528,4/2/2018 1:03:55 PM,8451_2531
1553,1554,1,1553,26650,87444339,2018-00041103,Orlando PD,Long,1/30/2018 0:00:00,12:40 PM,Orlando,Orange,EW WBO,S TAMPA AV,500,East,Sideswipe,2,0,0,0,N,N,N,3000.000000000000000,Clear,Daylight,0,Same Direction Sideswipe, ,Property Damage Only,Y,"Sideswipe, Same Direction",Motor Vehicle in Transport,On Roadway,Non-Junction,N,Not at Intersection,State,Paved,Dry,None, , ,None, , ,N,N, , , , ,0,0,0,0,0,0,0,0,0,0,0,0,0.000000000000000,0.000000000000000,0,0,0,3000,"Mapped, On Network",-81.403845041500006,28.535708860300002,653548.823167999973521,505958.693452999985311,4/2/2018 10:49:44 AM,8252_8244
1554,1555,1,1554,26656,85604703,FHPD18OFF005636,FHP,Long,1/17/2018 0:00:00,07:50 PM,Orlando,Orange,SR-408,IVEY LANE,200,West,Rear End,2,0,0,1,N,N,N,7000.000000000000000,Clear,Dark - Lighted,0,Rear End, ,Injury,N,Front to Rear,Motor Vehicle in Transport,On Roadway,Non-Junction,N,Not at Intersection,State,Paved,Dry,None, , ,None, , ,N,N, , , , ,0,0,0,0,0,0,0,1,0,0,0,0,1.000000000000000,0.000000000000000,0,0,0,7000,"Mapped, On Network",-81.427040000000005,28.545775364000001,651260.535070999991149,507028.915772999986075,3/23/2018 3:36:37 PM,6014_8237
1555,1556,1,1555,26693,85608730,FHPD18OFF010926,FHP,Long,1/29/2018 0:00:00,06:20 AM,Orlando Expwy Auth,Orange,WB SR-408,SR-551,5280,West,Rear End,2,0,0,0,N,N,N,16000.000000000000000,Rain,Daylight,0,Rear End, ,Property Damage Only,Y,Front to Rear,Motor Vehicle in Transport,On Roadway,Non-Junction,N,Not at Intersection,State,Paved,Wet,None, , ,None, , ,N,N, , , , ,0,0,0,0,0,0,0,0,0,0,0,0,0.000000000000000,0.000000000000000,0,1,0,16000,"Mapped, On Network",-81.287626405400005,28.540207497899999,664886.328670999966562,506702.479517999978270,3/29/2018 2:29:25 PM,8406_8427
1556,1557,1,1556,26705,85564138,FHPD18OFF005862,FHP,Long,1/18/2018 0:00:00,01:45 PM,Orlando Expwy Auth,Orange,SR-408,ROUSE ROAD,0,West,Off Road,1,0,0,0,N,N,N,0.000000000000000,Clear,Daylight,0,Off Road, ,Property Damage Only,N,Other,Guardrail End,On Roadway,Non-Junction,N,Not at Intersection,State,Paved,Dry,None, , ,None, , ,N,N, , , , ,0,0,0,0,0,0,0,0,0,0,0,0,0.000000000000000,0.000000000000000,0,0,0,0,"Mapped, On Network",-81.223300845099999,28.547185605100001,671149.768317000009120,507617.055616000026930,3/23/2018 4:04:18 PM,8077_8070
1557,1558,1,1557,26711,87442768,2018-00017435,Orlando PD,Short,1/13/2018 0:00:00,10:40 AM,Orlando,Orange,BEELINE WBO (SR 528),TRADEPORT DR,500,East,Sideswipe,2,0,0,0,N,N,N,10000.000000000000000,Clear,Daylight,0,Same Direction Sideswipe, ,Property Damage Only,Y,"Sideswipe, Same Direction",Motor Vehicle in Transport,On Roadway,Non-Junction,N,Not at Intersection,State,Paved,Dry,None, , ,None, , ,N,N, , , , ,0,0,0,0,0,0,0,0,0,0,0,0,0.000000000000000,0.000000000000000,0,0,0,10000,"Mapped, On Network",-81.326931943399998,28.451538371300000,661261.855253000045195,496773.719473999983165,3/26/2018 10:00:41 AM,6094_8344
1558,1559,1,1558,26712,87442698,2018-00019092,Orlando PD,Long,1/14/2018 0:00:00,05:05 PM,Orlando,Orange,EW WBO,I4 EBO,0,East,Unknown,2,0,0,0,N,N,N,7000.000000000000000,Clear,Daylight,0,Unknown, ,Property Damage Only,Y,"Sideswipe, Same Direction",Motor Vehicle in Transport,On Roadway,Non-Junction,N,Not at Intersection,State,Paved,Dry,None, , ,None, , ,N,N, , , , ,0,0,1,0,0,0,0,0,0,0,0,0,0.000000000000000,0.000000000000000,0,0,0,7000,"Mapped, On Network",-81.367969288699996,28.537311818900001,657048.236504000029527,506210.945208000019193,3/26/2018 11:30:09 AM,8313_6737
1559,1560,1,1559,26743,87152551,FHPD18OFF004625,FHP,Long,1/14/2018 0:00:00,08:42 PM,Orlando,Orange,STATE ROAD 408 WEST BOUND,MILE MARKER 6,0,East,Rear End,2,0,0,1,N,Y,N,10000.000000000000000,Clear,Dark - Not Lighted,0,Rear End, ,Injury,N,Front to Rear,Motor Vehicle in Transport,On Roadway,Non-Junction,N,Not at Intersection,State,Paved,Dry,None, , ,None, , ,N,N, , , , ,0,0,0,0,0,0,0,0,1,0,0,0,1.000000000000000,0.000000000000000,0,1,0,10000,"Mapped, On Network",-81.432896874899996,28.547352736400001,650685.022462000022642,507192.134024999977555,3/26/2018 11:35:12 AM,5934_6489
1560,1561,1,1560,26754,85573917,FHPK18OFF007151,FHP,Long,1/29/2018 0:00:00,07:45 AM,Unincorporated,Orange,STATE ROAD 528(BEACHLINE),BOGGY CREEK RD(MM 8),25,East,Rear End,4,0,0,4,N,N,N,41000.000000000000000,Rain,Daylight,0,Rear End, ,Injury,N,Front to Rear,Motor Vehicle in Transport,On Roadway,Non-Junction,N,Not at Intersection,Turnpike/Toll,Paved,Wet,Other, , ,None, , ,N,Y,Work on Shoulder or Median,Activity Area,Y,N,0,0,0,0,0,0,0,4,0,0,0,0,0.000000000000000,0.000000000000000,0,5,0,41000,"Mapped, On Network",-81.340765200700005,28.450685910400001,659912.063963999971747,496649.837996000016574,3/29/2018 2:08:29 PM,11452_8329
1561,1562,1,1561,26762,87444288,2018-00039261,Orlando PD,Long,1/29/2018 0:00:00,07:14 AM,Orlando,Orange,SR 417 (CENTRAL FLORIDA GREENEWAY),MOSS PARK RD,2600,North,Rear End,2,0,0,0,N,N,N,5300.000000000000000,Rain,Daylight,0,Rear End, ,Property Damage Only,Y,Front to Rear,Motor Vehicle in Transport,On Roadway,Non-Junction,N,Not at Intersection,State,Paved,Wet,Road Surface Condition, , ,None, , ,N,N, , , , ,0,0,2,0,0,0,0,0,0,0,0,0,0.000000000000000,0.000000000000000,0,0,0,5300,"Mapped, On Network",-81.227304801800003,28.421674387300001,671072.224741999991238,493672.976510000007693,4/1/2018 11:55:00 AM,8540_8538
1562,1563,1,1562,26805,87443770,2018-00038390,Orlando PD,Long,1/28/2018 0:00:00,12:50 PM,Orlando,Orange,SR 408 (WESTBOUND LANE),408 CRYSTAL LAKE OFF RAMP,150,West,Sideswipe,3,0,0,6,N,N,N,18500.000000000000000,Cloudy,Daylight,0,Same Direction Sideswipe, ,Injury,Y,Other,Jackknife,On Roadway,Non-Junction,N,Not at Intersection,State,Paved,Dry,None, , ,None, , ,N,N, , , , ,0,0,9,0,0,0,0,4,2,0,0,0,6.000000000000000,0.000000000000000,0,0,0,18500,"Mapped, On Network",-81.339797001099996,28.538537299800002,659796.225901999976486,506406.049598000012338,3/28/2018 12:16:41 PM,8353_6185
1563,1564,1,1563,26821,87159897,FHPD18OFF011295,FHP,Long,2/2/2018 0:00:00,10:02 PM,Unincorporated,Orange,STATE ROAD 408 (EAST-WEST EXPRESSWAY),PINE HILLS ROAD,1000,West,Off Road,1,0,0,0,N,Y,N,2000.000000000000000,Clear,Dark - Lighted,0,Off Road, ,Property Damage Only,N,Other,Concrete Traffic Barrier,On Roadway,Non-Junction,N,Not at Intersection,State,Curb,Dry,None, , ,None, , ,N,N, , , , ,0,0,0,0,0,0,0,0,0,0,0,0,0.000000000000000,0.000000000000000,0,0,0,2000,"Mapped, On Network",-81.444259004200006,28.548389461199999,649573.250965000013821,507284.196715999976732,4/2/2018 10:53:24 AM,6489_6994
1564,1565,1,1564,26839,85564137,FHPD18OFF005370,FHP,Long,1/17/2018 0:00:00,08:00 AM,Orlando,Orange,SR-528,MONUMENT PARKWAY,0, ,Unknown,3,0,0,0,N,N,N,150.000000000000000,Clear,Daylight,0,Unknown, ,Property Damage Only,N,Front to Rear,Motor Vehicle in Transport,On Roadway,Non-Junction,N,Not at Intersection,State,Paved,Dry,None, , ,None, , ,N,N, , , , ,0,0,0,0,0,0,0,0,0,0,0,0,0.000000000000000,0.000000000000000,0,0,0,150,"Mapped, On Network",-81.153013104099998,28.451573600800000,678257.415938999969512,497158.091578999999911,3/23/2018 3:30:29 PM,8101_6488
1565,1566,1,1565,26872,87442347,2018-00040115,Orlando PD,Long,1/29/2018 0:00:00,06:20 PM,Orlando,Orange,EAST / WEST EXPRESSWAY (SR 408),ANDES AVENUE,500,West,Rear End,3,0,0,1,N,N,N,15300.000000000000000,Clear,Dark - Lighted,0,Rear End, ,Injury,Y,Front to Rear,Motor Vehicle in Transport,On Roadway,Non-Junction,N,Not at Intersection,State,Curb,Dry,None, , ,None, , ,N,N, , , , ,0,0,0,0,0,0,0,1,0,0,0,0,0.000000000000000,0.000000000000000,0,0,0,15300,"Mapped, On Network",-81.320945771500007,28.539721308200001,661634.097553999978118,506577.365708999976050,3/29/2018 2:31:38 PM,7102_6309
1566,1567,1,1566,26974,87102403,FHPD18OFF014194,FHP,Short,2/12/2018 0:00:00,07:10 AM,Orlando Expwy Auth,Orange,STATE ROAD 417 (GREENEWAY EXPRESSWAY),MOSS PARK ROAD,0, ,Sideswipe,2,0,0,0,N,N,N,1000.000000000000000,Cloudy,Daylight,0,Same Direction Sideswipe, ,Property Damage Only,N,"Sideswipe, Same Direction",Motor Vehicle in Transport,On Roadway,Non-Junction,Y,Not at Intersection,State,Paved,Dry,None, , ,None, , ,N,N, , , , ,0,0,0,0,0,0,0,0,0,0,0,0,0.000000000000000,0.000000000000000,0,0,0,1000,"Mapped, On Network",-81.227620000100003,28.414640024899999,671058.976499999989755,492891.268600000010338,4/4/2018 1:54:57 PM,8533_8540
1567,1568,1,1567,26988,87444224,2018-00050601,Orlando PD,Long,2/6/2018 0:00:00,09:33 AM,Orlando,Orange,SR408 (EW EBO),S MILLS AV,0,East,Sideswipe,2,0,0,0,N,N,N,1000.000000000000000,Cloudy,Daylight,0,Same Direction Sideswipe, ,Property Damage Only,Y,"Sideswipe, Same Direction",Motor Vehicle in Transport,On Roadway,Non-Junction,N,Not at Intersection,State,Paved,Dry,None, , ,None, , ,N,N, , , , ,0,0,0,0,0,0,0,0,0,0,0,0,0.000000000000000,0.000000000000000,0,1,0,1000,"Mapped, On Network",-81.364065582500004,28.537135421599999,657429.839249999960884,506199.503005000005942,4/2/2018 2:31:31 PM,8305_8315
1568,1569,1,1568,27014,87102428,FHPD18OFF012305,FHP,Long,2/6/2018 0:00:00,09:05 AM,Orlando Expwy Auth,Orange,STATE ROAD 528 (BEACHLINE EXPRESSWAY),MONUMENT PARKWAY,10560,East,Rear End,2,0,0,1,N,N,N,31000.000000000000000,Clear,Daylight,0,Rear End, ,Injury,N,Front to Rear,Motor Vehicle in Transport,On Roadway,Non-Junction,N,Not at Intersection,State,Paved,Dry,None, , ,None, , ,N,Y,Work on Shoulder or Median,Activity Area,Y,N,0,0,0,0,0,0,0,0,0,1,0,0,1.000000000000000,0.000000000000000,0,0,0,31000,"Mapped, On Network",-81.128418402400001,28.451603346100001,680660.731319000013173,497217.131377000012435,4/2/2018 2:19:45 PM,6073_8099
1569,1570,1,1569,27137,87444690,2018-00048350,Orlando PD,Short,2/4/2018 0:00:00,06:25 PM,Orlando,Orange,EW EBO,S MILLS AV,1500,West,Unknown,3,0,0,0,N,N,N,2400.000000000000000,Rain,Dark - Lighted,0,Unknown, ,Property Damage Only,Y,"Sideswipe, Same Direction",Motor Vehicle in Transport,On Roadway,Non-Junction,N,Not at Intersection,State,Paved,Wet,None, , ,None, , ,N,N, , , , ,0,0,0,0,0,0,0,0,0,0,0,0,0.000000000000000,0.000000000000000,0,0,0,2400,"Mapped, On Network",-81.369061288899999,28.537020981700000,656942.295299999997951,506176.377579000021797,4/3/2018 11:55:44 AM,8307_8305
1570,1571,1,1570,27171,87159898,FHPD18OFF011310,FHP,Long,2/2/2018 0:00:00,11:47 PM,Unincorporated,Orange,STATE ROAD 408 (EAST-WEST EXPRESSWAY),KIRKMAN ROAD,5280,West,Unknown,2,0,0,0,N,Y,N,2200.000000000000000,Clear,Dark - Lighted,0,Unknown, ,Property Damage Only,N,"Sideswipe, Same Direction",Motor Vehicle in Transport,On Roadway,Non-Junction,N,Not at Intersection,State,Curb,Dry,None, , ,None, , ,N,N, , , , ,0,0,1,0,0,0,0,0,0,0,0,0,0.000000000000000,0.000000000000000,0,0,0,2200,"Mapped, On Network",-81.473213269900000,28.548512362099999,646745.926988000050187,507239.574733000015840,4/2/2018 10:51:12 AM,8210_8148
1571,1572,1,1571,27195,87116963,FHPD18OFF011772,FHP,Long,2/4/2018 0:00:00,03:28 PM,Orlando Expwy Auth,Orange,SR-408,MM7,80,East,Off Road,2,0,0,1,N,N,N,5500.000000000000000,Rain,Daylight,0,Off Road, ,Injury,N,Angle,Concrete Traffic Barrier,Median,Non-Junction,N,Not at Intersection,State,Paved,Wet,None, , ,Weather Conditions, , ,N,N, , , , ,0,0,3,0,0,0,0,1,0,0,0,0,0.000000000000000,0.000000000000000,0,2,0,5500,"Mapped, On Network",-81.422074548900000,28.545942168100002,651744.974774000002071,507057.563450000016019,4/3/2018 1:49:35 PM,6440_8239
1572,1573,1,1572,27196,87116962,FHPD18OFF011526,FHP,Long,2/3/2018 0:00:00,06:16 PM,Orlando Expwy Auth,Orange,SR-417,MM26,0,North,Rollover,1,0,0,0,N,N,N,0.000000000000000,Clear,Dark - Lighted,0,Rollover, ,Property Damage Only,N,Other,Overturn/Rollover,On Roadway,Non-Junction,N,Not at Intersection,State,Paved,Dry,None, , ,None, , ,N,N, , , , ,0,0,0,0,0,0,0,0,0,0,0,0,0.000000000000000,0.000000000000000,0,0,0,0,"Mapped, On Network",-81.234666954199994,28.464507289899998,670245.921408999944106,498412.490651000000071,4/3/2018 10:29:50 AM,8546_7092
1573,1574,1,1573,27197,87116961,FHPD18OFF011102,FHP,Long,2/2/2018 0:00:00,02:38 PM,Orlando,Orange,SR-417,MM22,200,North,Other,1,0,0,0,N,N,N,4000.000000000000000,Clear,Daylight,0,Single Vehicle, ,Property Damage Only,N,Other,Jackknife,On Roadway,Non-Junction,N,Not at Intersection,State,Paved,Dry,None, , ,None, , ,N,N, , , , ,0,0,4,0,0,0,0,0,0,0,0,0,0.000000000000000,0.000000000000000,0,0,0,4000,"Mapped, On Network",-81.242285713599998,28.401896838700001,669656.977686000056565,491444.255176000006031,4/2/2018 11:38:53 AM,8596_8510
1574,1575,1,1574,27222,87144850,FHPD18OFF011928,FHP,Long,2/5/2018 0:00:00,02:25 AM,Orlando,Orange,STATE ROAD 417 (GREENWAY),INTERNATIONAL DRIVE S,10560,West,Animal,1,0,0,0,N,N,N,7000.000000000000000,Cloudy,Dark - Lighted,0,Animal, ,Property Damage Only,N,Other,Animal,On Roadway,Non-Junction,N,Not at Intersection,State,Paved,Wet,None, , ,None, , ,N,N, , , , ,0,0,0,0,0,0,0,0,0,0,0,0,0.000000000000000,0.000000000000000,0,0,0,7000,"Mapped, On Network",-81.465340193100005,28.354074226000002,647958.454239999991842,485666.313160000019707,4/4/2018 8:49:42 AM,8581_7010
1575,1576,1,1575,27236,87145245,FHPD18OFF013510,FHP,Long,2/9/2018 0:00:00,06:40 PM,Orlando Expwy Auth,Orange,STATE ROAD 417 SB MM12,LANDSTAR BLVD,0,South,Rear End,2,0,0,1,N,N,N,5000.000000000000000,Clear,Dark - Lighted,0,Rear End, ,Injury,Y,Front to Rear,Motor Vehicle in Transport,On Roadway,Non-Junction,N,Not at Intersection,State,Paved,Dry,None, , ,None, , ,N,N, , , , ,0,0,2,0,0,0,0,1,0,0,0,0,0.000000000000000,0.000000000000000,0,1,0,5000,"Mapped, On Network",-81.371236947499995,28.368505274400000,657128.771274000057019,487461.348209000017960,4/4/2018 12:35:37 PM,8484_8486
1576,1577,1,1576,27250,87173857,FHPD18OFF012299,FHP,Long,2/6/2018 0:00:00,08:53 AM,Orlando Expwy Auth,Orange,EB SR-408,CR-431,5280,East,Rear End,2,0,0,0,N,N,N,3250.000000000000000,Clear,Daylight,0,Rear End, ,Property Damage Only,Y,Front to Rear,Motor Vehicle in Transport,On Roadway,Non-Junction,N,Not at Intersection,State,Paved,Dry,None, , ,None, , ,N,N, , , , ,0,0,0,0,0,0,0,0,0,0,0,0,0.000000000000000,0.000000000000000,0,1,0,3250,"Mapped, On Network",-81.435504884300002,28.548146150200001,650428.547253999975510,507274.929059999994934,4/4/2018 9:01:32 AM,5905_6014
1577,1578,1,1577,27265,87159903,FHPD18OFF011628,FHP,Long,2/4/2018 0:00:00,02:20 AM,Unincorporated,Orange,STATE ROAD 408 (EAST WEST EXPRESSWAY),DEAN ROAD,500,West,Off Road,1,0,0,0,Y,Y,N,7000.000000000000000,Clear,Dark - Lighted,0,Off Road, ,Property Damage Only,N,Other,Impact Attenuator/Crash Cushion,On Roadway,Non-Junction,N,Not at Intersection,State,Paved,Dry,None, , ,None, , ,N,Y,Work on Shoulder or Median,Activity Area,N,N,0,0,0,0,0,0,0,0,0,0,0,0,0.000000000000000,0.000000000000000,0,2,0,7000,"Mapped, On Network",-81.247315160699998,28.547197643299999,668805.087703999946825,507565.816657999996096,4/3/2018 11:18:29 AM,8027_6269
1578,1579,1,1578,27311,87353651,2018TA001863,Seminole Co SO,Long,2/9/2018 0:00:00,07:46 AM,Unincorporated,Seminole,SR 417-TOLL,E SR-426,715,South,Unknown,2,0,0,0,N,N,N,3700.000000000000000,Clear,Daylight,0,Unknown, ,Property Damage Only,N,"Sideswipe, Same Direction",Motor Vehicle in Transport,On Roadway,Entrance/Exit Ramp,N,Not at Intersection,Turnpike/Toll,Paved,Dry,None, , ,None, , ,N,N, , , , ,0,0,0,0,0,0,0,0,0,0,0,0,0.000000000000000,0.000000000000000,0,1,0,3700,"Mapped, On Network",-81.258611083000005,28.611456839900001,667543.566767000011168,514675.817932999983896,2/10/2018 4:12:31 PM,6052_8088
1579,1580,1,1579,27405,87145240,FHPD18OFF012509,FHP,Short,2/6/2018 0:00:00,05:51 PM,Orlando Expwy Auth,Orange,STATE ROAD 417 NB MM24,MOSS PARK RD,100,North,Rear End,2,0,0,0,N,N,N,4000.000000000000000,Clear,Daylight,0,Rear End, ,Property Damage Only,Y,Front to Rear,Motor Vehicle in Transport,On Roadway,Non-Junction,N,Not at Intersection,State,Paved,Dry,None, , ,None, , ,N,N, , , , ,0,0,0,0,0,0,0,0,0,0,0,0,0.000000000000000,0.000000000000000,0,1,0,4000,"Mapped, On Network",-81.227532628000006,28.414972064899999,671066.688545000040904,492928.326582000008784,4/4/2018 9:17:08 AM,8533_8540
1580,1581,1,1580,27434,87443913,2018-00047032,Orlando PD,Short,2/3/2018 0:00:00,03:18 PM,Orlando,Orange,SR 528,NARCOOSSEE RD,200,West,Sideswipe,2,0,0,0,N,N,N,1250.000000000000000,Cloudy,Daylight,0,Same Direction Sideswipe, ,Property Damage Only,Y,"Sideswipe, Same Direction",Motor Vehicle in Transport,On Roadway,Entrance/Exit Ramp,N,Not at Intersection,State,Unpaved,Dry,None, , ,None, , ,N,N, , , , ,0,0,1,0,0,0,0,0,0,0,0,0,0.000000000000000,0.000000000000000,0,0,0,1250,"Mapped, On Network",-81.270891659300005,28.448731560799999,666745.165595000027679,496582.056257000018377,4/3/2018 10:56:56 AM,8055_6665
1581,1582,1,1581,27447,87145244,FHPD18OFF013434,FHP,Short,2/9/2018 0:00:00,03:21 PM,Orlando Expwy Auth,Orange,STATE ROAD 417 NB MM34,STATE ROAD 50,5280,South,Sideswipe,2,0,0,0,N,N,N,1000.000000000000000,Cloudy,Daylight,0,Same Direction Sideswipe, ,Property Damage Only,Y,"Sideswipe, Same Direction",Motor Vehicle in Transport,On Roadway,Non-Junction,N,Not at Intersection,State,Paved,Dry,None, , ,None, , ,N,N, , , , ,0,0,0,0,0,0,0,0,0,0,0,0,0.000000000000000,0.000000000000000,0,0,0,1000,"Mapped, On Network",-81.267831009999995,28.561025139500000,666767.983085999963805,509056.508052000019234,4/4/2018 12:37:32 PM,6966_8451