FID,OBJECTID_1,Join_Count,TARGET_FID,OBJECTID,HSMV_Repor,Agency_Rep,Reporting_,Form_Type,Crash_Date,Crash_Time,City,County,Crash_Stre,Intersecti,Offset_Dis,Offset_Dir,Crash_Type,Vehicles,Non_Motori,Fatalities,Injuries,Alcohol_Re,Distractio,Drug_Relat,Estimated_,Weather_Co,Light_Cond,Street_Num,Crash_Ty_1,Crash_Ty_2,Crash_Seve,Within_Cit,Manner_of_,First_Harm,First_HE_L,First_HE_R,First_HE_W,Type_of_In,Road_Sys_I,Type_of_Sh,Road_Surf_,Contrib_Ci,Contrib__1,Contrib__2,Contrib__3,Contrib__4,Contrib__5,School_Bus,Work_Zone_,Type_of_Wo,Loc_in_Wor,Workers_in,Law_Enforc,Mopeds,Motorcycle,Passengers,Bicyclists,Pedestrian,Fataliti_1,Injuries_U,Possible_I,Non_Incapa,Incapacita,Fataliti_2,Non_Traffi,Transporte,Transpor_1,Transpor_2,Citations,Property_D,Vehicle_Dm,S4_Mapping,S4_Decimal,S4_Decim_1,S4_Albers_,S4_Albers1,S4_Mappi_1,zone_id_st
1582,1583,1,1582,27457,87444028,2018-00049602,Orlando PD,Long,2/5/2018 0:00:00,04:30 PM,Orlando,Orange,EAST-WEST EXPRWY (SR 408),ORANGE AVE,500,West,Unknown,2,0,0,1,N,N,N,15000.000000000000000,Clear,Daylight,0,Unknown, ,Injury,Y,Front to Rear,Parked Motor Vehicle,Shoulder,Non-Junction,N,Not at Intersection,State,Paved,Dry,None, , ,None, , ,N,N, , , , ,0,0,0,0,0,0,0,1,0,0,0,0,1.000000000000000,0.000000000000000,0,1,0,15000,"Mapped, On Network",-81.379172113999999,28.535322931300001,655959.010157000040635,505966.814873000024818,4/2/2018 12:46:09 PM,6679_6276
1583,1584,1,1583,27487,87116964,FHPD18OFF013771,FHP,Long,2/10/2018 0:00:00,04:27 PM,Orlando Expwy Auth,Orange,SR-417,MM28,60,South,Unknown,2,0,0,0,N,N,N,1000.000000000000000,Clear,Daylight,0,Unknown, ,Property Damage Only,N,Other,Motor Vehicle in Transport,On Roadway,Non-Junction,N,Not at Intersection,State,Paved,Dry,None, , ,None, , ,N,N, , , , ,0,0,0,0,0,0,0,0,0,0,0,0,0.000000000000000,0.000000000000000,0,0,0,1000,"Mapped, On Network",-81.242361222200003,28.489356456800000,669432.406038000015542,501154.618864000018220,4/5/2018 9:17:16 AM,6314_6315
1584,1585,1,1584,27496,87145237,FHPD18OFF012143,FHP,Short,2/5/2018 0:00:00,05:24 PM,Orlando Expwy Auth,Orange,STATE ROAD 408 EB MM20,ROUSE RD,200,West,Sideswipe,2,0,0,0,N,N,N,1000.000000000000000,Clear,Daylight,0,Same Direction Sideswipe, ,Property Damage Only,Y,"Sideswipe, Same Direction",Motor Vehicle in Transport,On Roadway,Non-Junction,N,Not at Intersection,State,Paved,Dry,None, , ,None, , ,N,N, , , , ,0,0,0,0,0,0,0,0,0,0,0,0,0.000000000000000,0.000000000000000,0,1,0,1000,"Mapped, On Network",-81.224232847200000,28.547146150000000,671058.870598000008613,507610.626021999982186,4/2/2018 1:33:25 PM,8077_8070
1585,1586,1,1585,27503,87168660,FHPD18OFF009494,FHP,Long,1/28/2018 0:00:00,07:00 PM,Orlando,Orange,STATE ROAD 408 (MILE MARKER 1),CR 526 (OLD WINTER GARDEN ROAD),0,East,Sideswipe,3,0,0,0,N,N,N,4000.000000000000000,Rain,Dark - Lighted,0,Opposing Sideswipe, ,Property Damage Only,N,"Sideswipe, Same Direction",Motor Vehicle in Transport,On Roadway,Non-Junction,N,Not at Intersection,State,Paved,Wet,None, , ,None, , ,N,N, , , , ,0,0,3,0,0,0,0,0,0,0,0,0,0.000000000000000,0.000000000000000,0,0,0,4000,"Mapped, On Network",-81.512714916799993,28.545017038000001,642896.866202999954112,506773.054634000000078,3/29/2018 1:24:48 PM,8150_8116
1586,1587,1,1586,27542,87444818,2018-00049504,Orlando PD,Long,2/5/2018 0:00:00,03:33 PM,Orlando,Orange,SR 408 EAST,SR 15 (E ANDERSON ST) ENTRANCE TO SR 408 E,200,East,Unknown,2,0,0,0,N,N,N,1250.000000000000000,Clear,Daylight,0,Unknown, ,Property Damage Only,Y,Other,Motor Vehicle in Transport,On Roadway,Non-Junction,N,Not at Intersection,State,Paved,Dry,None, , ,None, , ,N,N, , , , ,0,0,0,0,0,0,0,0,0,0,0,0,0.000000000000000,0.000000000000000,0,0,0,1000,"Mapped, On Network",-81.375061400199996,28.536781420400001,656356.968322000000626,506137.291120000008959,4/2/2018 12:33:02 PM,6276_8307
1587,1588,1,1587,27544,87173855,FHPD18OFF011965,FHP,Long,2/5/2018 0:00:00,07:32 AM,Orlando Expwy Auth,Orange,WB SR-408,ROUSE ROAD,5280,East,Rear End,3,0,0,1,N,N,N,14000.000000000000000,Cloudy,Daylight,0,Rear End, ,Injury,Y,Front to Rear,Motor Vehicle in Transport,On Roadway,Non-Junction,N,Not at Intersection,State,Paved,Wet,None, , ,None, , ,N,Y,Work on Shoulder or Median,Activity Area,Y,N,0,0,0,0,0,0,0,0,1,0,0,0,0.000000000000000,0.000000000000000,0,1,0,14000,"Mapped, On Network",-81.215422619999998,28.548262723200001,671916.259942000033334,507753.992924000020139,4/2/2018 1:10:59 PM,6946_8057
1588,1589,1,1588,27559,87159909,FHPD18OFF013877,FHP,Long,2/10/2018 0:00:00,10:32 PM,Unincorporated,Orange,STATE ROAD 417 (CENTRAL FLORIDA GREENEWAY),MILE MARKER 33,400,North,Sideswipe,2,0,0,0,N,N,N,3002.000000000000000,Clear,Dark - Not Lighted,0,Same Direction Sideswipe, ,Property Damage Only,N,"Sideswipe, Same Direction",Motor Vehicle in Transport,On Roadway,Non-Junction,N,Not at Intersection,State,Paved,Dry,None, , ,None, , ,N,N, , , , ,0,0,2,0,0,0,0,0,0,0,0,0,0.000000000000000,0.000000000000000,0,0,0,3002,"Mapped, On Network",-81.259409399899994,28.548865427799999,667620.140339000034146,507724.682517000008374,4/5/2018 9:34:16 AM,11876_8570
1589,1590,1,1589,27578,87151972,FHPD18OFF014494,FHP,Long,2/13/2018 0:00:00,02:05 AM,Orlando,Orange,STATE ROAD 417 SB,MM34,0, ,Other,1,0,0,3,N,Y,N,2000.000000000000000,Clear,Dark - Lighted,0,Single Vehicle, ,Injury,N,Other,Motor Vehicle in Transport,On Roadway,Non-Junction,N,Not at Intersection,State,Unpaved,Dry,None, , ,None, , ,N,N, , , , ,0,0,3,0,0,0,0,3,0,0,0,0,0.000000000000000,0.000000000000000,0,1,0,2000,"Mapped, On Network",-81.265739192400005,28.569452687399998,666951.443256000056863,509996.731710999971256,4/5/2018 9:51:39 PM,8451_2531
1590,1591,1,1590,27586,87173858,FHPD18OFF012367,FHP,Short,2/6/2018 0:00:00,12:25 PM,Orlando Expwy Auth,Orange,EB SR-528,SR-15,15840,West,Rear End,2,0,0,0,N,N,N,8250.000000000000000,Clear,Daylight,0,Rear End, ,Property Damage Only,N,Front to Rear,Motor Vehicle in Transport,On Roadway,Non-Junction,N,Not at Intersection,State,Paved,Dry,None, , ,None, , ,N,N, , , , ,0,0,0,0,0,0,0,0,0,0,0,0,0.000000000000000,0.000000000000000,0,1,0,8250,"Mapped, On Network",-81.315456834900004,28.451365514900001,662383.657050000037998,496778.891280999989249,4/4/2018 8:57:26 AM,8301_8296
1591,1592,1,1591,27591,87102425,FHPD18OFF011405,FHP,Long,2/3/2018 0:00:00,10:40 AM,Orlando Expwy Auth,Orange,STATE ROAD 408 (EAST WEST EXPRESSWAY),STATE ROAD 551 (GOLDENROD ROAD),5280,West,Off Road,1,0,0,2,N,N,N,5000.000000000000000,Cloudy,Daylight,0,Off Road, ,Injury,N,Other,Concrete Traffic Barrier,Shoulder,Non-Junction,N,Not at Intersection,State,Paved,Dry,None, , ,None, , ,N,N, , , , ,0,0,2,0,0,0,0,2,0,0,0,0,3.000000000000000,0.000000000000000,0,0,0,5000,"Mapped, On Network",-81.294039715200000,28.539697123300002,664261.358787999954075,506632.053207000019029,4/3/2018 10:28:39 AM,8427_6883
1592,1593,1,1592,27610,87148621,FHPD18OFF007402,FHP,Long,1/23/2018 0:00:00,03:17 AM,Orlando,Orange,SR 417,INNOVATION WAY,30,North,Other,2,0,0,2,N,Y,N,3200.000000000000000,Cloudy,Dark - Lighted,0,Other, ,Injury,N,Unknown,Fell/Jumped From Motor Vehicle,On Roadway,Non-Junction,N,Not at Intersection,State,Unpaved,Wet,None, , ,None, , ,N,N, , , , ,0,1,0,0,0,0,0,2,0,0,0,0,0.000000000000000,0.000000000000000,1,0,0,3200,"Mapped, On Network",-81.228395006400007,28.427627479300000,670950.800717000034638,494331.543588000000454,3/28/2018 9:45:27 AM,8516_8536
1593,1594,1,1593,27619,87156313,FHPK18OFF007474,FHP,Long,1/30/2018 0:00:00,06:15 PM,Winter Garden,Orange,SR-429 TOLL NB MM 23,STATE ROAD 438,1000,South,Rear End,3,0,0,0,N,N,N,1400.000000000000000,Clear,Dusk,0,Rear End, ,Property Damage Only,N,Front to Rear,Motor Vehicle in Transport,On Roadway,Non-Junction,N,Not at Intersection,Turnpike/Toll,Paved,Dry,None, , ,None, , ,N,N, , , , ,0,0,0,0,0,0,0,0,0,0,0,0,0.000000000000000,0.000000000000000,0,1,0,1400,"Mapped, Not On Network",-81.559340000000006,28.555210049500001,638321.871292999945581,507813.847277999971993,2/3/2018 6:03:41 AM,8498_8500
1594,1595,1,1594,27723,87145235,FHPD18OFF011197,FHP,Short,2/2/2018 0:00:00,06:04 PM,Orlando Expwy Auth,Orange,STATE ROAD 528 EB MM27,STATE ROAD 520,15840,West,Sideswipe,2,0,0,0,N,N,N,210.000000000000000,Clear,Daylight,0,Same Direction Sideswipe, ,Property Damage Only,Y,"Sideswipe, Same Direction",Motor Vehicle in Transport,On Roadway,Non-Junction,N,Not at Intersection,State,Paved,Dry,None, , ,None, , ,N,N, , , , ,0,0,0,0,0,0,0,0,0,0,0,0,0.000000000000000,0.000000000000000,0,0,0,210,"Mapped, On Network",-81.017148409900003,28.452340725399999,691531.901567999972031,497557.151580000005197,4/3/2018 9:47:19 AM,7008_7061
1595,1596,1,1595,27724,87173856,FHPD18OFF011994,FHP,Long,2/5/2018 0:00:00,07:30 AM,Orlando Expwy Auth,Orange,WB SR-408,ROUSE ROAD,5280,East,Rear End,2,0,0,1,N,N,N,8500.000000000000000,Cloudy,Daylight,0,Rear End, ,Injury,Y,Front to Rear,Motor Vehicle in Transport,On Roadway,Non-Junction,N,Not at Intersection,State,Paved,Wet,None, , ,None, , ,N,Y,Work on Shoulder or Median,Activity Area,N,N,0,0,0,0,0,0,0,1,0,0,0,0,0.000000000000000,0.000000000000000,0,1,0,8500,"Mapped, On Network",-81.215415882700000,28.548237077700001,671916.982046999968588,507751.160420999978669,4/2/2018 1:09:34 PM,6946_8057
1596,1597,1,1596,27763,87167469,FHPD18OFF015912,FHP,Long,2/16/2018 0:00:00,11:40 PM,Unincorporated,Orange,STATE ROAD 417 (CENTRAL FLORIDA GREENEWAY),MILE MARKER 14,5280,East,Sideswipe,2,0,0,0,N,Y,N,7000.000000000000000,Clear,Dark - Not Lighted,0,Same Direction Sideswipe, ,Property Damage Only,N,"Sideswipe, Same Direction",Motor Vehicle in Transport,On Roadway,Non-Junction,N,Not at Intersection,State,Paved,Dry,None, , ,None, , ,N,N, , , , ,0,0,4,0,0,0,0,0,0,0,0,0,0.000000000000000,0.000000000000000,0,1,0,7000,"Mapped, On Network",-81.359053996499995,28.369649175700001,658317.527279000030831,487613.819178999983706,4/5/2018 1:55:41 PM,6700_8484
1597,1598,1,1597,27776,87167298,FHPD18OFF015180,FHP,Long,2/14/2018 0:00:00,10:00 PM,Orlando,Orange,STATE ROAD 528,MM10,0, ,Unknown,2,0,0,0,N,N,N,100.000000000000000,"Fog, Smog, Smoke",Dark - Lighted,0,Unknown, ,Property Damage Only,N,"Sideswipe, Same Direction",Motor Vehicle in Transport,On Roadway,Non-Junction,N,Not at Intersection,State,Paved,Dry,None, , ,None, , ,N,N, , , , ,0,1,0,0,0,0,0,0,0,0,0,0,0.000000000000000,0.000000000000000,0,0,0,100,"Mapped, On Network",-81.321184716399998,28.451567251299998,661823.423074000049382,496789.115563000028487,4/5/2018 1:36:25 PM,7054_6094
1598,1599,1,1598,27810,87437788,2018-00058244,Orlando PD,Long,2/15/2018 0:00:00,01:51 PM,Orlando,Orange,STATE ROAD 408 WESTBOUND,INTERSTATE 4 WESTBOUND,0, ,Off Road,1,0,0,1,N,N,N,5000.000000000000000,Clear,Daylight,0,Off Road, ,Injury,Y,Other,Concrete Traffic Barrier,Separator,Non-Junction,N,Not at Intersection,State,Paved,Dry,None, , ,None, , ,N,N, , , , ,0,0,0,0,0,0,0,1,0,0,0,0,0.000000000000000,0.000000000000000,0,0,0,5000,"Mapped, On Network",-81.374659680400001,28.537028999000000,656395.609863999998197,506165.615145999996457,4/5/2018 4:01:38 PM,6737_6230
1599,1600,1,1599,27836,87445067,2018-00061217,Orlando PD,Short,2/13/2018 0:00:00,01:51 PM,Orlando,Orange,SR 408 WBO,INTERSTATE 4 WBO INTERCHANGE,400,East,Rear End,2,0,0,0,N,N,N,1600.000000000000000,Cloudy,Daylight,0,Rear End, ,Property Damage Only,Y,Front to Rear,Motor Vehicle in Transport,On Roadway,Non-Junction,N,Not at Intersection,State,Paved,Dry,None, , ,None, , ,N,N, , , , ,0,0,0,0,0,0,0,0,0,0,0,0,0.000000000000000,0.000000000000000,0,2,0,1600,"Mapped, On Network",-81.381782227599999,28.535366059699999,655704.034180999966338,505966.188437999982852,4/6/2018 11:44:13 AM,6230_8274
1600,1601,1,1600,27866,87181443,FHPD18OFF015277,FHP,Long,2/15/2018 0:00:00,08:24 AM,Orlando Expwy Auth,Orange,STATE ROAD 408,20.5 MM,0, ,Rear End,2,0,0,0,N,N,N,5000.000000000000000,Clear,Daylight,0,Rear End, ,Property Damage Only,Y,Front to Rear,Motor Vehicle in Transport,On Roadway,Non-Junction,N,Not at Intersection,State,Paved,Dry,None, , ,None, , ,N,Y,Work on Shoulder or Median,Activity Area,Y,N,0,0,0,0,0,0,0,0,0,0,0,0,0.000000000000000,0.000000000000000,0,1,0,5000,"Mapped, On Network",-81.204042100199999,28.549830678199999,673023.439174999948591,507953.224693000025582,4/5/2018 4:19:48 PM,8041_6970
1601,1602,1,1601,27869,87181444,FHPD18OFF016926,FHP,Short,2/20/2018 0:00:00,06:26 AM,Orlando Expwy Auth,Orange,SR-408 TOLL,18MM,0, ,Unknown,2,0,0,0,N,N,N,200.000000000000000,Clear,Dark - Lighted,0,Unknown, ,Property Damage Only,Y,"Sideswipe, Same Direction",Motor Vehicle in Transport,On Roadway,Non-Junction,N,Not at Intersection,State,Paved,Dry,None, , ,None, , ,N,N, , , , ,0,0,0,0,0,0,0,0,0,0,0,0,0.000000000000000,0.000000000000000,0,0,0,200,"Mapped, On Network",-81.278249076999998,28.544452148200001,665791.552435999969020,507193.935742000001483,4/5/2018 10:37:32 PM,6918_8406
1602,1603,1,1602,27870,87181445,FHPD18OFF017019,FHP,Short,2/20/2018 0:00:00,10:52 AM,Orlando Expwy Auth,Orange,SR408,SR417,0, ,Rear End,2,0,0,0,N,N,N,4000.000000000000000,Clear,Daylight,0,Rear End, ,Property Damage Only,Y,Front to Rear,Motor Vehicle in Transport,On Roadway,Non-Junction,N,Not at Intersection,State,Paved,Dry,Work Zone, , ,None, , ,N,Y,Work on Shoulder or Median,Advance Warning Area,Y,N,0,0,0,0,0,0,0,0,0,0,0,0,0.000000000000000,0.000000000000000,0,0,0,4000,"Mapped, On Network",-81.253767104199994,28.547658367899999,668174.007628999999724,507602.922420000017155,4/9/2018 10:56:12 AM,8013_8024
1603,1604,1,1603,27936,87151978,FHPD18OFF016567,FHP,Long,2/19/2018 0:00:00,01:06 AM,Orlando,Orange,STATE ROAD 417,MM 11,0, ,Rear End,2,0,0,0,N,Y,N,2000.000000000000000,Clear,Dark - Lighted,0,Rear End, ,Property Damage Only,N,Front to Rear,Motor Vehicle in Transport,On Roadway,Non-Junction,N,Not at Intersection,State,Unpaved,Dry,None, , ,None, , ,N,N, , , , ,0,0,4,0,0,0,0,0,0,0,0,0,0.000000000000000,0.000000000000000,0,1,0,2000,"Mapped, On Network",-81.402383903499995,28.371659965399999,654075.249225000035949,487747.059018999978434,4/9/2018 9:56:46 AM,8017_6167
1604,1605,1,1604,27937,87151977,FHPD18OFF016557,FHP,Short,2/18/2018 0:00:00,10:58 PM,Orlando,Orange,STATE ROAD 417 (SOUTHBOUND)MM,MM 11,0, ,Sideswipe,2,0,0,0,N,Y,N,700.000000000000000,Clear,Dark - Lighted,0,Same Direction Sideswipe, ,Property Damage Only,N,"Sideswipe, Same Direction",Motor Vehicle in Transport,On Roadway,Non-Junction,N,Not at Intersection,State,Unpaved,Dry,None, , ,None, , ,N,N, , , , ,0,0,0,0,0,0,0,0,0,0,0,0,0.000000000000000,0.000000000000000,0,1,0,700,"Mapped, On Network",-81.410429664500001,28.374922304300000,653280.793965999968350,488092.732267000013962,6/29/2018 12:22:32 PM,8283_8277
1605,1606,1,1605,27943,87116965,FHPD18OFF014768,FHP,Long,2/13/2018 0:00:00,06:15 PM,Orlando Expwy Auth,Orange,SR-408 EB EXIT 18 RAMP,SR-417,5280,West,Unknown,2,0,0,0,N,N,N,2400.000000000000000,Clear,Dusk,0,Unknown, ,Property Damage Only,N,Other,Motor Vehicle in Transport,On Roadway,Entrance/Exit Ramp,N,Not at Intersection,State,Paved,Dry,None, , ,None, , ,N,N, , , , ,0,0,0,0,0,0,0,0,0,0,0,0,0.000000000000000,0.000000000000000,0,0,0,2400,"Mapped, On Network",-81.270178800099998,28.547085044599999,666573.051396999973804,507503.682983000006061,4/5/2018 9:51:00 PM,8412_7015
1606,1607,1,1606,27975,87145252,FHPD18OFF015464,FHP,Short,2/15/2018 0:00:00,07:08 PM,Orlando Expwy Auth,Orange,STATE ROAD 408 WB OFF RAMP,STATE ROAD 417,5280,East,Sideswipe,2,0,0,0,N,N,N,2000.000000000000000,Clear,Dark - Lighted,0,Same Direction Sideswipe, ,Property Damage Only,Y,"Sideswipe, Same Direction",Motor Vehicle in Transport,On Roadway,Non-Junction,N,Not at Intersection,State,Paved,Dry,None, , ,None, , ,N,N, , , , ,0,0,5,0,0,0,0,0,0,0,0,0,0.000000000000000,0.000000000000000,0,0,0,2000,"Mapped, On Network",-81.253508100000005,28.547652367500000,668199.310463999980129,507602.819492999988142,4/5/2018 4:23:15 PM,8013_8024
1607,1608,1,1607,27976,87145251,FHPD18OFF015242,FHP,Long,2/15/2018 0:00:00,08:06 AM,Orlando Expwy Auth,Orange,STATE ROAD 417 SB MM37,UNIVERSITY BLVD,0,North,Sideswipe,2,0,0,0,N,N,N,1000.000000000000000,Clear,Daylight,0,Same Direction Sideswipe, ,Property Damage Only,Y,"Sideswipe, Same Direction",Motor Vehicle in Transport,On Roadway,Non-Junction,N,Not at Intersection,State,Paved,Dry,None, , ,None, , ,N,N, , , , ,0,0,0,0,0,0,0,0,0,0,0,0,0.000000000000000,0.000000000000000,0,0,0,1000,"Mapped, On Network",-81.250092099699998,28.597455336500001,668409.504485000041313,513139.775541000009980,4/5/2018 4:23:23 PM,8588_8118
1608,1609,1,1608,27978,85603097,FHPD18OFF015272,FHP,Long,2/15/2018 0:00:00,09:04 AM,Orlando Expwy Auth,Orange,SR-408 TOLL,20.5MM,0, ,Rear End,2,0,0,1,N,N,N,5000.000000000000000,Clear,Daylight,0,Rear End, ,Injury,Y,Front to Rear,Motor Vehicle in Transport,On Roadway,Non-Junction,N,Not at Intersection,State,Paved,Dry,None, , ,None, , ,N,Y,Work on Shoulder or Median,Activity Area,Y,N,0,0,1,0,0,0,0,0,1,0,0,0,2.000000000000000,0.000000000000000,0,1,0,5000,"Mapped, On Network",-81.211369707700001,28.548446692500001,672311.500745999976061,507783.361993000027724,4/6/2018 12:33:28 PM,6690_8041
1609,1610,1,1609,27984,87102431,FHPD18OFF015947,FHP,Long,2/17/2018 0:00:00,06:20 AM,Orlando Expwy Auth,Orange,STATE ROAD 417 (GREENEWAY EXPRESSWAY),LANDSTAR BV,5280,East,Rear End,2,0,0,0,N,N,N,1000.000000000000000,"Fog, Smog, Smoke",Dark - Not Lighted,0,Rear End, ,Property Damage Only,N,Front to Rear,Motor Vehicle in Transport,On Roadway,Non-Junction,N,Not at Intersection,State,Paved,Dry,None, , ,Weather Conditions, , ,N,N, , , , ,0,0,0,0,0,0,0,0,0,0,0,0,0.000000000000000,0.000000000000000,0,0,0,1000,"Mapped, On Network",-81.350525309099993,28.369112893099999,659152.890871000010520,487572.169737000018358,4/10/2018 11:28:14 AM,6700_8484
1610,1611,1,1610,28009,87151965,FHPD18OFF013584,FHP,Long,2/9/2018 0:00:00,11:08 PM,Orlando,Orange,STATE ROAD 417,MM 31,0, ,Rollover,1,0,0,0,N,Y,N,2500.000000000000000,Clear,Dark - Lighted,0,Rollover, ,Property Damage Only,N,Other,Overturn/Rollover,Off Roadway,Non-Junction,N,Not at Intersection,State,Unpaved,Dry,None, , ,None, , ,N,N, , , , ,0,0,0,0,0,0,0,0,0,0,0,0,0.000000000000000,0.000000000000000,0,0,0,2500,"Mapped, On Network",-81.251100670499994,28.528325067099999,668482.204226000001654,505462.180753000022378,4/5/2018 8:38:20 AM,6968_8555
1611,1612,1,1611,28013,87168333,FHPD18OFF014173,FHP,Long,2/12/2018 0:00:00,03:47 AM,Ocoee,Orange,STATE ROAD 429 (DANIEL WEBSTER WESTERN EXPY),MM24,0, ,Rear End,2,0,0,2,N,N,N,14000.000000000000000,Clear,Dark - Lighted,0,Rear End, ,Injury,N,Front to Rear,Motor Vehicle in Transport,On Roadway,Non-Junction,N,Not at Intersection,County,Paved,Dry,None, , ,None, , ,N,N, , , , ,0,0,0,0,0,0,0,0,0,2,0,0,2.000000000000000,0.000000000000000,0,1,0,14000,"Mapped, On Network",-81.557179010699997,28.575098689499999,638489.105004000011832,510026.337826000002678,4/5/2018 9:43:56 PM,8395_8429
1612,1613,1,1612,28021,87445003,2018-00054849,Orlando PD,Short,2/9/2018 0:00:00,06:26 AM,Orlando,Orange,SR 408 WBO,S MILLS AV,200,West,Sideswipe,2,0,0,0,N,N,N,600.000000000000000,Clear,Dawn,0,Same Direction Sideswipe, ,Property Damage Only,Y,Angle,Motor Vehicle in Transport,On Roadway,Non-Junction,N,Not at Intersection,State,Paved,Dry,None, , ,None, , ,N,N, , , , ,0,0,0,0,0,0,0,0,0,0,0,0,0.000000000000000,0.000000000000000,0,0,0,600,"Mapped, On Network",-81.360074149900001,28.538191215000001,657817.079890999943018,506325.066981000010855,4/5/2018 8:55:33 AM,8309_8313
1613,1614,1,1613,28022,87445072,2018-00061459,Orlando PD,Short,2/13/2018 0:00:00,04:20 PM,Orlando,Orange,SR 408 EBO,SR 408 EXIT RAMP TO US 441 (S ORANGE BLOSSOM TR),300,West,Unknown,2,0,0,0,N,Y,N,1000.000000000000000,Rain,Daylight,0,Unknown, ,Property Damage Only,Y,Front to Rear,Motor Vehicle in Transport,On Roadway,Non-Junction,N,Not at Intersection,State,Paved,Wet,Road Surface Condition, , ,Weather Conditions, , ,N,N, , , , ,0,0,0,0,0,0,0,0,0,0,0,0,0.000000000000000,0.000000000000000,0,0,0,1000,"Mapped, On Network",-81.400806140900002,28.535091461099999,653847.013127999962308,505896.394854000012856,4/5/2018 11:19:05 AM,8169_8242
1614,1615,1,1614,28067,87444824,2018-00062398,Orlando PD,Short,2/14/2018 0:00:00,08:35 AM,Orlando,Orange,SR 408,S MILLS AV,5280,East,Rear End,2,0,0,0,N,N,N,200.000000000000000,Cloudy,Daylight,0,Rear End, ,Property Damage Only,Y,Front to Rear,Motor Vehicle in Transport,On Roadway,Non-Junction,N,Not at Intersection,State,Paved,Dry,None, , ,None, , ,N,N, , , , ,0,0,0,0,0,0,0,0,0,0,0,0,0.000000000000000,0.000000000000000,0,0,0,200,"Mapped, On Network",-81.347746137800002,28.538489620200000,659020.144585000001825,506384.033672999998089,4/5/2018 1:05:17 PM,6185_8318
1615,1616,1,1615,28071,85564139,FHPD18OFF015253,FHP,Long,2/15/2018 0:00:00,08:20 AM,Orlando Expwy Auth,Orange,SR-408,SR-434 (ALAFAYA TRAIL),5280,West,Rear End,2,0,0,2,N,N,N,25000.000000000000000,"Fog, Smog, Smoke",Daylight,0,Rear End, ,Injury,N,Front to Rear,Motor Vehicle in Transport,On Roadway,Non-Junction,N,Not at Intersection,State,Paved,Dry,None, , ,None, , ,N,Y,Work on Shoulder or Median,Activity Area,Y,N,0,0,0,0,0,0,0,0,1,1,0,0,2.000000000000000,0.000000000000000,0,1,0,25000,"Mapped, On Network",-81.203937993899999,28.549830391499999,673033.604065999970771,507953.423353000020143,4/5/2018 3:58:38 PM,8041_6970
1616,1617,1,1616,28083,87176369,FHPD18OFF016222,FHP,Long,2/17/2018 0:00:00,09:18 PM,Orlando,Orange,STATE ROAD 417 EXIT RAMP 33A,STATE ROAD 408,0,North,Off Road,1,0,0,0,N,N,N,10000.000000000000000,Clear,Dark - Lighted,0,Off Road, ,Property Damage Only,N,Other,Impact Attenuator/Crash Cushion,Shoulder,Non-Junction,N,Not at Intersection,State,Unpaved,Dry,Work Zone, , ,None, , ,N,Y,Work on Shoulder or Median,Activity Area,N,N,0,0,0,0,0,0,0,0,0,0,0,0,0.000000000000000,0.000000000000000,0,1,0,10000,"Mapped, On Network",-81.257658083600006,28.546752487700001,667796.347083000000566,507493.888264000008348,4/10/2018 10:51:56 AM,8568_11875
1617,1618,1,1617,28102,87444585,2018-00052014,Orlando PD,Long,2/7/2018 0:00:00,08:38 AM,Orlando,Orange,SR-408 (EAST-WEST EXPRESSWAY) WESTBOUND,ANDES AVE OVERPASS,1000,West,Rear End,2,0,0,0,N,N,N,5000.000000000000000,Clear,Daylight,0,Rear End, ,Property Damage Only,Y,Front to Rear,Motor Vehicle in Transport,On Roadway,Non-Junction,N,Not at Intersection,State,Paved,Dry,None, , ,None, , ,N,N, , , , ,0,0,0,0,0,0,0,0,0,0,0,0,0.000000000000000,0.000000000000000,0,0,0,5000,"Mapped, On Network",-81.322645999200006,28.539726370800000,661468.068686999962665,506574.321607000019867,4/4/2018 10:00:35 AM,6307_6229
1618,1619,1,1618,28103,87468004,2018TC016030,Apopka PD,Short,2/13/2018 0:00:00,12:50 PM,Apopka,Orange,SR-429-TOLL,S SR-451-TOLL,662,South,Other,1,0,0,0,N,Y,N,100.000000000000000,Clear,Daylight,0,Single Vehicle, ,Property Damage Only,Y, ,Other Non-Fixed Object,On Roadway,Through Roadway,N,Not at Intersection,State,Paved,Dry,Debris, , ,None, , ,N,N, , , , ,0,0,0,0,0,0,0,0,0,0,0,0,0.000000000000000,0.000000000000000,0,0,0,100,"Mapped, On Network",-81.543842807399997,28.641835532799998,639643.316891000024043,517462.204178999993019,2/16/2018 4:08:46 PM,8339_6255
1619,1620,1,1619,28138,87445320,2018-00063085,Orlando PD,Short,2/14/2018 0:00:00,05:30 PM,Orlando,Orange,SR 408,S ORANGE BLOSSOM TR EXIT,100,East,Rear End,2,0,0,0,N,N,N,5500.000000000000000,Clear,Daylight,0,Rear End, ,Property Damage Only,Y,Front to Rear,Motor Vehicle in Transport,On Roadway,Through Roadway,N,Not at Intersection,State,Paved,Dry,None, , ,None, , ,N,N, , , , ,0,0,0,0,0,0,0,0,0,0,0,0,0.000000000000000,0.000000000000000,0,0,0,5500,"Mapped, On Network",-81.393297286999996,28.535212038400001,654579.963822999969125,505925.262240000010934,4/5/2018 1:06:20 PM,8272_8254