FID,OBJECTID_1,Join_Count,TARGET_FID,OBJECTID,HSMV_Repor,Agency_Rep,Reporting_,Form_Type,Crash_Date,Crash_Time,City,County,Crash_Stre,Intersecti,Offset_Dis,Offset_Dir,Crash_Type,Vehicles,Non_Motori,Fatalities,Injuries,Alcohol_Re,Distractio,Drug_Relat,Estimated_,Weather_Co,Light_Cond,Street_Num,Crash_Ty_1,Crash_Ty_2,Crash_Seve,Within_Cit,Manner_of_,First_Harm,First_HE_L,First_HE_R,First_HE_W,Type_of_In,Road_Sys_I,Type_of_Sh,Road_Surf_,Contrib_Ci,Contrib__1,Contrib__2,Contrib__3,Contrib__4,Contrib__5,School_Bus,Work_Zone_,Type_of_Wo,Loc_in_Wor,Workers_in,Law_Enforc,Mopeds,Motorcycle,Passengers,Bicyclists,Pedestrian,Fataliti_1,Injuries_U,Possible_I,Non_Incapa,Incapacita,Fataliti_2,Non_Traffi,Transporte,Transpor_1,Transpor_2,Citations,Property_D,Vehicle_Dm,S4_Mapping,S4_Decimal,S4_Decim_1,S4_Albers_,S4_Albers1,S4_Mappi_1,zone_id_st
1620,1621,1,1620,28163,87145249,FHPD18OFF015116,FHP,Long,2/14/2018 0:00:00,05:39 PM,Orlando Expwy Auth,Orange,STATE ROAD 417 SB MM17,BOGGY CREEK RD,0,South,Rear End,2,0,0,0,N,N,N,7000.000000000000000,Clear,Daylight,0,Rear End, ,Property Damage Only,Y,Front to Rear,Motor Vehicle in Transport,On Roadway,Non-Junction,N,Not at Intersection,State,Paved,Dry,None, , ,None, , ,N,N, , , , ,0,0,0,0,0,0,0,0,0,0,0,0,0.000000000000000,0.000000000000000,0,2,0,7000,"Mapped, On Network",-81.309658400700002,28.369396715800001,663148.886013000039384,487690.229244999994989,4/5/2018 3:54:17 PM,11015_8482
1621,1622,1,1621,28183,87116966,FHPD18OFF014807,FHP,Long,2/13/2018 0:00:00,06:51 PM,Orlando Expwy Auth,Orange,SR-408 EB EXIT RAMP  18,SR-417,5280,West,Rear End,4,0,0,0,N,N,N,7100.000000000000000,Clear,Dusk,0,Rear End, ,Property Damage Only,N,Front to Rear,Motor Vehicle in Transport,On Roadway,Entrance/Exit Ramp,N,Not at Intersection,State,Paved,Dry,None, , ,None, , ,N,N, , , , ,0,0,0,0,0,0,0,0,0,0,0,0,0.000000000000000,0.000000000000000,0,1,0,7100,"Mapped, On Network",-81.253007896800000,28.547500859199999,668248.522813000017777,507587.085795000020880,4/5/2018 9:50:42 PM,8013_8024
1622,1623,1,1622,28244,85608727,FHPD18OFF006270,FHP,Long,1/19/2018 0:00:00,03:12 PM,Orlando Expwy Auth,Orange,EB SR-408,SR-551,5280,East,Off Road,1,0,0,1,N,N,N,10000.000000000000000,Clear,Daylight,0,Off Road, ,Injury,Y,Other,Concrete Traffic Barrier,Shoulder,Non-Junction,N,Not at Intersection,State,Paved,Dry,None, , ,None, , ,N,N, , , , ,0,0,1,0,0,0,0,0,1,0,0,0,1.000000000000000,0.000000000000000,0,0,0,10000,"Mapped, On Network",-81.278604644100000,28.543872973100001,665758.254671999951825,507128.864300000015646,3/27/2018 10:29:31 AM,8408_8412
1623,1624,1,1623,28251,87443676,2018-00039444,Orlando PD,Long,1/29/2018 0:00:00,09:30 AM,Orlando,Orange,SR-408,S. ORANGE AVE,0, ,Sideswipe,2,0,0,0,N,N,N,1000.000000000000000,Rain,Daylight,0,Same Direction Sideswipe, ,Property Damage Only,Y,"Sideswipe, Same Direction",Motor Vehicle in Transport,On Roadway,Non-Junction,N,Not at Intersection,State,Curb,Wet,Road Surface Condition, , ,Weather Conditions, , ,N,N, , , , ,0,0,0,0,0,0,0,0,0,0,0,0,0.000000000000000,0.000000000000000,0,1,0,1000,"Mapped, On Network",-81.378127812000002,28.535739246700000,656060.001944000017829,506015.206757000007201,3/28/2018 1:46:28 PM,6679_6276
1624,1625,1,1624,28255,87443730,2018-00060812,Orlando PD,Long,2/13/2018 0:00:00,08:30 AM,Orlando,Orange,SR528 (BEACHLINE WESTBOUND),SR436 (S. SEMORAN BLVD.),0, ,Rear End,2,0,0,1,N,N,N,400.000000000000000,Clear,Daylight,0,Rear End, ,Injury,Y,Front to Rear,Motor Vehicle in Transport,On Roadway,Entrance/Exit Ramp,Y,Not at Intersection,State,Unpaved,Dry,None, , ,None, , ,N,N, , , , ,0,0,0,0,0,0,0,1,0,0,0,0,0.000000000000000,0.000000000000000,0,0,0,400,"Mapped, On Network",-81.308469650600003,28.451563626999999,663065.986601999960840,496815.774063999997452,4/5/2018 11:06:26 AM,8199_6602
1625,1626,1,1625,28275,87145247,FHPD18OFF014773,FHP,Short,2/13/2018 0:00:00,06:27 PM,Orlando Expwy Auth,Orange,STATE ROAD 408 WB MM16,CHICKASAW TR,100,East,Sideswipe,2,0,0,0,N,N,N,1000.000000000000000,Clear,Dark - Lighted,0,Same Direction Sideswipe, ,Property Damage Only,Y,"Sideswipe, Same Direction",Motor Vehicle in Transport,On Roadway,Non-Junction,N,Not at Intersection,State,Paved,Dry,None, , ,None, , ,N,N, , , , ,0,0,0,0,0,0,0,0,0,0,0,0,0.000000000000000,0.000000000000000,0,1,0,1000,"Mapped, On Network",-81.281592528000004,28.542634524200000,665469.551423000055365,506984.925005000026431,4/5/2018 9:49:43 PM,6918_8406
1626,1627,1,1626,28343,87145246,FHPD18OFF014330,FHP,Long,2/12/2018 0:00:00,02:53 PM,Orlando Expwy Auth,Orange,STATE ROAD 417 SB MM15,BOGGY CREEK RD,0,South,Rear End,2,0,0,0,N,N,N,5000.000000000000000,Clear,Daylight,0,Rear End, ,Property Damage Only,Y,Front to Rear,Motor Vehicle in Transport,On Roadway,Non-Junction,N,Not at Intersection,State,Paved,Dry,None, , ,None, , ,N,N, , , , ,0,0,1,0,0,0,0,0,0,0,0,0,0.000000000000000,0.000000000000000,0,1,0,5000,"Mapped, On Network",-81.309610000099994,28.369340444399999,663153.755775999976322,487684.084695999976248,4/5/2018 9:37:50 PM,11015_8482
1627,1628,1,1627,28364,87173862,FHPD18OFF015625,FHP,Short,2/16/2018 0:00:00,10:27 AM,Orlando Expwy Auth,Orange,WB SR-408,CR-431,5280,East,Sideswipe,2,0,0,0,N,N,N,14000.000000000000000,Clear,Daylight,0,Same Direction Sideswipe, ,Property Damage Only,N,"Sideswipe, Same Direction",Motor Vehicle in Transport,On Roadway,Non-Junction,N,Not at Intersection,State,Paved,Dry,None, , ,None, , ,N,N, , , , ,0,0,0,0,0,0,0,0,0,0,0,0,0.000000000000000,0.000000000000000,0,1,0,14000,"Mapped, On Network",-81.431537853300000,28.546657367000002,650819.324011999997310,507117.689442000002600,4/5/2018 2:54:39 PM,5934_6489
1628,1629,1,1628,28365,87173861,FHPD18OFF015426,FHP,Long,2/15/2018 0:00:00,05:29 PM,Orlando Expwy Auth,Orange,SB SR-417,SR-50,5280,South,Rear End,3,0,0,3,N,N,N,23000.000000000000000,Clear,Daylight,0,Rear End, ,Injury,N,Front to Rear,Motor Vehicle in Transport,On Roadway,Non-Junction,N,Not at Intersection,State,Paved,Dry,None, , ,None, , ,N,N, , , , ,0,0,1,0,0,0,0,0,3,0,0,0,3.000000000000000,0.000000000000000,0,1,0,23000,"Mapped, On Network",-81.264841522200001,28.574633222599999,667026.310335000045598,510573.861124999995809,4/5/2018 4:22:21 PM,8563_8572
1629,1630,1,1629,28366,87173859,FHPD18OFF015113,FHP,Short,2/14/2018 0:00:00,05:30 PM,Orlando Expwy Auth,Orange,EB SR-408,.SR-551,5280,East,Rear End,2,0,0,0,N,N,N,10000.000000000000000,Clear,Daylight,0,Rear End, ,Property Damage Only,N,Front to Rear,Motor Vehicle in Transport,On Roadway,Non-Junction,N,Not at Intersection,State,Paved,Dry,None, , ,None, , ,N,N, , , , ,0,0,0,0,0,0,0,0,0,0,0,0,0.000000000000000,0.000000000000000,0,1,0,10000,"Mapped, On Network",-81.289700184500006,28.539677934400000,664685.131636000005528,506639.229700999974739,4/5/2018 3:53:14 PM,6881_8431
1630,1631,1,1630,28368,87173860,FHPD18OFF015126,FHP,Long,2/14/2018 0:00:00,06:10 PM,Orlando Expwy Auth,Orange,NB SR-417,CURRY FORD RD,5280,North,Sideswipe,2,0,0,0,N,N,N,17000.000000000000000,Clear,Daylight,0,Same Direction Sideswipe, ,Property Damage Only,N,Front to Rear,Motor Vehicle in Transport,On Roadway,Non-Junction,N,Not at Intersection,State,Paved,Dry,None, , ,None, , ,N,N, , , , ,0,0,0,0,0,0,0,0,0,0,0,0,0.000000000000000,0.000000000000000,0,0,0,17000,"Mapped, On Network",-81.245025094400006,28.504184868799999,669135.390430000028573,502795.177245000028051,4/5/2018 3:52:57 PM,6965_8557
1631,1632,1,1631,28370,85603096,FHPD18OFF015244,FHP,Short,2/15/2018 0:00:00,08:07 AM,Orlando Expwy Auth,Orange,SR-408 TOLL,2MM,0, ,Rear End,2,0,0,0,N,N,N,6000.000000000000000,Cloudy,Daylight,0,Rear End, ,Property Damage Only,Y,Front to Rear,Motor Vehicle in Transport,On Roadway,Non-Junction,N,Not at Intersection,State,Paved,Dry,None, , ,None, , ,N,N, , , , ,0,0,0,0,0,0,0,0,0,0,0,0,0.000000000000000,0.000000000000000,0,1,0,6000,"Mapped, On Network",-81.508108400599994,28.545500049400001,643345.572406999999657,506835.766926000011154,4/5/2018 4:23:05 PM,8114_8152
1632,1633,1,1632,28405,87444729,2018-00054860,Orlando PD,Long,2/9/2018 0:00:00,06:34 AM,Orlando,Orange,SR 408 WBO,N CRYSTAL LAKE DR EXIT RAMP,500,East,Rear End,2,0,0,0,N,N,N,3000.000000000000000,Cloudy,Daylight,0,Rear End, ,Property Damage Only,Y,Front to Rear,Motor Vehicle in Transport,On Roadway,Non-Junction,N,Not at Intersection,State,Curb,Dry,None, , ,None, , ,N,N, , , , ,0,0,1,0,0,0,0,0,0,0,0,0,0.000000000000000,0.000000000000000,0,1,0,3000,"Mapped, On Network",-81.337702972900004,28.538563048400000,660000.635830000042915,506413.321854999987409,4/5/2018 8:41:45 AM,6177_8353
1633,1634,1,1633,28418,87116968,FHPD18OFF016540,FHP,Long,2/18/2018 0:00:00,09:11 PM,Orlando Expwy Auth,Orange,SR-417,MM38,0,South,Rollover,1,0,0,1,N,N,N,6000.000000000000000,Clear,Dark - Lighted,0,Rollover, ,Injury,N,Other,Overturn/Rollover,Median,Non-Junction,N,Not at Intersection,State,Paved,Dry,None, , ,None, , ,N,N, , , , ,0,0,0,0,0,0,0,1,0,0,0,0,0.000000000000000,0.000000000000000,0,0,0,6000,"Mapped, On Network",-81.257974037699995,28.609914429900002,667609.536984000005759,514505.949943999992684,4/10/2018 1:02:17 PM,5988_6758
1634,1635,1,1634,28419,87116967,FHPD18OFF015770,FHP,Long,2/16/2018 0:00:00,04:24 PM,Orlando Expwy Auth,Orange,SR-417,MM34.5,60,South,Rear End,2,0,0,1,N,N,N,3200.000000000000000,Clear,Daylight,0,Rear End, ,Injury,N,Front to Rear,Motor Vehicle in Transport,On Roadway,Non-Junction,N,Not at Intersection,State,Paved,Dry,None, , ,None, , ,N,N, , , , ,0,0,0,0,0,0,0,1,0,0,0,0,0.000000000000000,0.000000000000000,0,1,0,3200,"Mapped, On Network",-81.265442374800003,28.570905001500002,666976.841080000041984,510158.622251999971922,4/5/2018 2:58:21 PM,8451_2531
1635,1636,1,1635,28421,87102430,FHPD18OFF015944,FHP,Long,2/17/2018 0:00:00,06:05 AM,Orlando Expwy Auth,Orange,STATE ROAD 408 (EAST WEST EXPRESSWAY),ECONLOCKHATCHEE ROAD,500,West,Rear End,2,0,0,0,N,N,N,13000.000000000000000,"Fog, Smog, Smoke",Dark - Lighted,0,Rear End, ,Property Damage Only,N,Front to Rear,Motor Vehicle in Transport,On Roadway,Non-Junction,Y,Not at Intersection,State,Paved,Dry,None, , ,Weather Conditions, , ,N,Y,Work on Shoulder or Median,Activity Area,N,N,0,0,1,0,0,0,0,0,0,0,0,0,0.000000000000000,0.000000000000000,0,1,0,13000,"Mapped, On Network",-81.258166081400006,28.547551910199999,667744.774220000021160,507581.543731999990996,4/10/2018 11:31:13 AM,6971_6258
1636,1637,1,1636,28468,85603095,FHPD18OFF014906,FHP,Long,2/14/2018 0:00:00,07:54 AM,Orlando Expwy Auth,Orange,SR-408 TOLL,20MM,0, ,Rear End,2,0,0,1,N,N,N,4000.000000000000000,Cloudy,Daylight,0,Rear End, ,Injury,Y,Front to Rear,Motor Vehicle in Transport,On Roadway,Non-Junction,N,Not at Intersection,State,Paved,Dry,None, , ,None, , ,N,Y,Work on Shoulder or Median,Activity Area,Y,N,0,0,1,0,0,0,0,0,1,0,0,0,1.000000000000000,0.000000000000000,0,1,0,4000,"Mapped, On Network",-81.218850000000003,28.547625364000002,671583.226510999957100,507675.675547000020742,4/5/2018 3:53:27 PM,8077_8070
1637,1638,1,1637,28481,87442871,2018-00050566,Orlando PD,Long,2/6/2018 0:00:00,09:07 AM,Orlando,Orange,408 WEST BOUND,CRYSTAL LAKE DR EXIT,30,East,Rear End,2,0,0,0,N,N,N,3000.000000000000000,Clear,Daylight,0,Rear End, ,Property Damage Only,Y,Front to Rear,Motor Vehicle in Transport,On Roadway,Non-Junction,N,Not at Intersection,Turnpike/Toll,Paved,Dry,None, , ,None, , ,N,N, , , , ,0,0,0,0,0,0,0,0,0,0,0,0,0.000000000000000,0.000000000000000,0,0,0,3000,"Mapped, On Network",-81.339135900399995,28.538494385400000,659860.882000999990851,506402.677780999976676,4/4/2018 9:14:12 AM,6177_8353
1638,1639,1,1638,28486,87444993,2018-00060922,Orlando PD,Long,2/13/2018 0:00:00,10:02 AM,Orlando,Orange,SR528 (BEACHLINE) EAST,SR15 (NARCOOSSEE RD) EXIT RAMP,1000,West,Unknown,2,0,0,0,N,N,N,2000.000000000000000,Clear,Daylight,0,Unknown, ,Property Damage Only,Y,Angle,Motor Vehicle in Transport,On Roadway,Non-Junction,N,Not at Intersection,State,Paved,Dry,None, , ,None, , ,N,N, , , , ,0,0,1,0,0,0,0,0,0,0,0,0,0.000000000000000,0.000000000000000,0,0,0,2000,"Mapped, On Network",-81.273569904599995,28.448429683299999,666484.175672000041232,496542.748444000026211,4/5/2018 11:24:16 AM,6156_8052
1639,1640,1,1639,28493,87444247,2018-00063096,Orlando PD,Short,2/14/2018 0:00:00,05:40 PM,Orlando,Orange,BEELINE EBO (SR528),S SEMORAN BV (SR436),1000,West,Sideswipe,2,0,0,0,N,N,N,2900.000000000000000,Clear,Daylight,0,Same Direction Sideswipe, ,Property Damage Only,Y,"Sideswipe, Same Direction",Motor Vehicle in Transport,On Roadway,Non-Junction,N,Not at Intersection,State,Paved,Dry,None, , ,None, , ,N,N, , , , ,0,0,0,0,0,0,0,0,0,0,0,0,0.000000000000000,0.000000000000000,0,0,0,2900,"Mapped, On Network",-81.313900718200003,28.539442090700000,662322.678023000014946,506561.331342999998014,4/5/2018 1:15:07 PM,6301_6218
1640,1641,1,1640,28494,87443794,2018-00056712,Orlando PD,Short,2/10/2018 0:00:00,12:10 PM,Orlando,Orange,BEELINE EBO  (SR 528),TRADEPORT DR,500,East,Unknown,2,0,0,0,N,N,N,1000.000000000000000,Clear,Daylight,0,Unknown, ,Property Damage Only,Y,"Sideswipe, Same Direction",Motor Vehicle in Transport,On Roadway,Non-Junction,N,Not at Intersection,State,Paved,Dry,None, , ,None, , ,N,N, , , , ,0,0,0,0,0,0,0,0,0,0,0,0,0.000000000000000,0.000000000000000,0,0,0,1000,"Mapped, On Network",-81.331797394099993,28.451247806100000,660787.085500000044703,496731.159018000005744,4/5/2018 10:30:39 AM,8331_8341
1641,1642,1,1641,28499,87442307,2018-00048556,Orlando PD,Short,2/4/2018 0:00:00,10:50 PM,Orlando,Orange,S.R. 408,S. ORANGE AVE,5000,West,Rear End,2,0,0,0,N,N,N,10000.000000000000000,Clear,Dark - Lighted,0,Rear End, ,Property Damage Only,Y,Front to Rear,Motor Vehicle in Transport,On Roadway,Non-Junction,N,Not at Intersection,County,Paved,Wet,Work Zone, , ,Weather Conditions, , ,N,N, , , , ,0,0,1,0,0,0,0,0,0,0,0,0,0.000000000000000,0.000000000000000,0,0,0,10000,"Mapped, On Network",-81.381566838099999,28.535109817599999,655725.670897000003606,505938.184311999997590,4/3/2018 2:09:59 PM,6679_6276
1642,1643,1,1642,28512,87444287,2018-00069624,Orlando PD,Long,2/19/2018 0:00:00,07:49 AM,Orlando,Orange,SR 408,S MILLS AV,5280,West,Rear End,4,0,0,3,N,N,N,20000.000000000000000,Clear,Daylight,0,Rear End, ,Injury,Y,Front to Rear,Motor Vehicle in Transport,On Roadway,Non-Junction,N,Not at Intersection,State,Paved,Dry,None, , ,None, , ,N,N, , , , ,0,0,0,0,0,0,0,3,0,0,0,0,0.000000000000000,0.000000000000000,0,0,0,20000,"Mapped, On Network",-81.380216817100006,28.535392571399999,655856.831936000031419,505972.379052000003867,4/9/2018 9:18:38 AM,6230_8274
1643,1644,1,1643,28520,87443613,2018-00050380,Orlando PD,Short,2/6/2018 0:00:00,06:35 AM,Orlando,Orange,EW EBO,S CRYSTAL LAKE DR,400,East,Rear End,2,0,0,0,N,N,N,600.000000000000000,Clear,Daylight,0,Rear End, ,Property Damage Only,Y,Front to Rear,Motor Vehicle in Transport,On Roadway,Non-Junction,N,Not at Intersection,U.S.,Curb,Dry,None, , ,None, , ,N,N, , , , ,0,0,0,0,0,0,0,0,0,0,0,0,0.000000000000000,0.000000000000000,0,0,0,600,"Mapped, On Network",-81.344810899799995,28.538200939500001,659307.447046000044793,506358.150251000013668,4/2/2018 3:48:36 PM,6252_6227
1644,1645,1,1644,28528,87445198,2018-00062494,Orlando PD,Short,2/14/2018 0:00:00,09:42 AM,Orlando,Orange,SR 408 WEST,I-4 EAST EXIT RAMP,100,East,Rear End,3,0,0,0,N,N,N,2800.000000000000000,Clear,Daylight,0,Rear End, ,Property Damage Only,Y,Front to Rear,Motor Vehicle in Transport,On Roadway,Non-Junction,N,Not at Intersection,State,Paved,Dry,None, , ,None, , ,N,N, , , , ,0,0,1,0,0,0,0,0,0,0,0,0,0.000000000000000,0.000000000000000,0,0,0,2800,"Mapped, On Network",-81.375581586300001,28.536893445200000,656305.908780999947339,506148.648023999994621,4/5/2018 3:48:36 PM,6737_6230
1645,1646,1,1645,28549,87173863,FHPD18OFF016964,FHP,Long,2/20/2018 0:00:00,08:17 AM,Orlando Expwy Auth,Orange,SB SR-429,WEST ROAD,5280,South,Rear End,2,0,0,0,N,N,N,12000.000000000000000,Clear,Daylight,0,Rear End, ,Property Damage Only,N,Front to Rear,Motor Vehicle in Transport,On Roadway,Non-Junction,N,Not at Intersection,State,Paved,Dry,None, , ,None, , ,N,N, , , , ,0,0,1,0,0,0,0,0,0,0,0,0,0.000000000000000,0.000000000000000,0,1,0,12000,"Mapped, On Network",-81.551425808499999,28.598724944200001,638998.612011000048369,512660.784287000016775,4/5/2018 10:39:06 PM,8393_6248
1646,1647,1,1646,28557,87181446,FHPD18OFF017263,FHP,Long,2/21/2018 0:00:00,06:37 AM,Orlando Expwy Auth,Orange,SR-528 TOLL,21MM,0, ,Off Road,1,0,0,0,N,N,N,4000.000000000000000,Clear,Dark - Not Lighted,0,Off Road, ,Property Damage Only,Y,Other,Guardrail Face,Off Roadway,Non-Junction,N,Not at Intersection,State,Paved,Dry,None, , ,None, , ,N,N, , , , ,0,0,0,0,0,0,0,0,0,0,0,0,0.000000000000000,0.000000000000000,0,1,0,4000,"Mapped, On Network",-81.124446801199994,28.451400049099998,681049.361149000003934,497203.605593000014778,4/6/2018 3:24:45 PM,8101_6488
1647,1648,1,1647,28582,87445124,2018-00072738,Orlando PD,Long,2/21/2018 0:00:00,10:34 AM,Orlando,Orange,SR 408 W (MILLS AVE) EXIT RAMP,SR 15 (E SOUTH ST),10,East,Unknown,2,0,0,0,N,N,N,250.000000000000000,Clear,Daylight,0,Unknown, ,Property Damage Only,Y,Front to Rear,Motor Vehicle in Transport,On Roadway,Entrance/Exit Ramp,N,Not at Intersection,State,Paved,Dry,None, , ,None, , ,N,N, , , , ,0,0,0,0,0,0,0,0,0,0,0,0,0.000000000000000,0.000000000000000,0,0,0,250,"Mapped, On Network",-81.374999733300001,28.536761917300002,656363.036033999989741,506135.253886000020429,4/6/2018 3:25:12 PM,6276_8307
1648,1649,1,1648,28607,85564141,FHPD18OFF017320,FHP,Long,2/21/2018 0:00:00,09:05 AM,Orlando,Orange,SR-408,ROUSE ROAD,100,East,Rear End,2,0,0,2,N,Y,N,7500.000000000000000,Clear,Daylight,0,Rear End, ,Injury,N,Front to Rear,Motor Vehicle in Transport,On Roadway,Non-Junction,N,Not at Intersection,State,Paved,Dry,None, , ,None, , ,N,Y,Work on Shoulder or Median,Activity Area,Y,N,0,0,0,0,0,0,0,2,0,0,0,0,0.000000000000000,0.000000000000000,0,0,0,7500,"Mapped, On Network",-81.223024613099994,28.547209278099999,671176.679114999948069,507620.291399999987334,4/6/2018 3:31:39 PM,8077_8070
1649,1650,1,1649,28713,87173864,FHPD18OFF017960,FHP,Long,2/22/2018 0:00:00,06:46 PM,Orlando Expwy Auth,Orange,NB SR-417,UNIVERSITY BLVD,0,South,Rear End,2,0,0,1,N,N,N,18000.000000000000000,Clear,Dark - Lighted,0,Rear End, ,Injury,Y,"Sideswipe, Same Direction",Motor Vehicle in Transport,On Roadway,Non-Junction,N,Not at Intersection,State,Paved,Dry,None, , ,None, , ,N,N, , , , ,0,0,2,0,0,0,0,0,1,0,0,0,3.000000000000000,0.000000000000000,0,1,0,18000,"Mapped, On Network",-81.253090846000006,28.590428113700000,668134.237837999942712,512353.034780999994837,4/11/2018 9:26:14 AM,6318_8120
1650,1651,1,1650,28716,87442775,2018-00068653,Orlando PD,Short,2/18/2018 0:00:00,11:42 AM,Orlando,Orange,EW WBO,S MILLS AV,1000,East,Rear End,2,0,0,0,N,N,N,1500.000000000000000,Clear,Daylight,0,Rear End, ,Property Damage Only,Y,Front to Rear,Motor Vehicle in Transport,On Roadway,Non-Junction,N,Not at Intersection,State,Paved,Dry,None, , ,None, , ,N,N, , , , ,0,0,0,0,0,0,0,0,0,0,0,0,0.000000000000000,0.000000000000000,0,0,0,1500,"Mapped, On Network",-81.361062947999997,28.538005160499999,657720.970032999990508,506302.342341999989003,4/10/2018 12:32:51 PM,8309_8313
1651,1652,1,1651,28718,87442107,2018-00065432,Orlando PD,Long,2/16/2018 0:00:00,08:20 AM,Orlando,Orange,EW WBO,CRYSTAL LAKE DR,400,East,Rear End,3,0,0,0,N,Y,N,17000.000000000000000,Clear,Daylight,0,Rear End, ,Property Damage Only,Y,Front to Rear,Motor Vehicle in Transport,On Roadway,Non-Junction,N,Not at Intersection,State,Paved,Dry,None, , ,None, , ,N,N, , , , ,0,0,0,0,0,0,0,0,0,0,0,0,0.000000000000000,0.000000000000000,0,0,0,17000,"Mapped, On Network",-81.339235356000003,28.538511473400000,659851.129698000033386,506404.365474999998696,4/5/2018 3:13:26 PM,6177_8353
1652,1653,1,1652,28719,87052550,2018-00070231,Orlando PD,Short,2/19/2018 0:00:00,04:37 PM,Orlando,Orange,SR 408 EB,INTERSTATE 4,200, ,Unknown,2,0,0,0,N,N,N,3000.000000000000000,Clear,Daylight,0,Unknown, ,Property Damage Only,Y,Front to Rear,Motor Vehicle in Transport,On Roadway,Non-Junction,N,Not at Intersection,State,Paved,Dry,None, , ,None, , ,N,N, , , , ,0,0,1,0,0,0,0,0,0,0,0,0,0.000000000000000,0.000000000000000,0,0,0,3000,"Mapped, On Network",-81.391225482699994,28.535152373799999,654782.413675999967381,505922.916506999987178,4/9/2018 10:34:49 AM,8267_6679
1653,1654,1,1653,28729,87173866,FHPD18OFF018322,FHP,Long,2/23/2018 0:00:00,05:55 PM,Orlando Expwy Auth,Orange,NB SR-417,SR-535,10560,North,Rear End,2,0,0,0,N,N,N,50.000000000000000,Clear,Daylight,0,Rear End, ,Property Damage Only,Y,Front to Rear,Motor Vehicle in Transport,On Roadway,Non-Junction,N,Not at Intersection,State,Paved,Dry,None, , ,None, , ,N,N, , , , ,0,0,1,0,0,0,0,0,0,0,0,0,0.000000000000000,0.000000000000000,0,0,0,50,"Mapped, On Network",-81.467261426199997,28.353828533500000,647771.092366000055335,485635.171369999996386,4/11/2018 1:50:40 PM,8581_7010
1654,1655,1,1654,28741,87181756,FHPD18OFF017087,FHP,Short,2/20/2018 0:00:00,03:00 PM,Orlando,Orange,SR-417 CENTRAL FLORIDA GREENWAY,SR-408,400,South,Other,2,0,0,0,N,N,N,1000.000000000000000,Clear,Daylight,0,Parked Vehicle, ,Property Damage Only,N,Other,Motor Vehicle in Transport,On Roadway,Non-Junction,N,Not at Intersection,State,Paved,Dry,None, , ,None, , ,N,N, , , , ,0,0,0,0,0,0,0,0,0,0,0,0,0.000000000000000,0.000000000000000,0,0,0,1000,"Mapped, On Network",-81.250489769300003,28.517532678700000,668568.582193000009283,504265.249430000025313,4/5/2018 10:25:38 PM,8553_6689
1655,1656,1,1655,28753,85204529,FHPD18OFF010405,FHP,Long,1/31/2018 0:00:00,10:38 AM,Unincorporated,Orange,STATE ROAD 528 (BEACHLINE EXPRESSWAY),STATE ROAD 520,5280,East,Off Road,1,0,0,0,N,N,N,115000.000000000000000,Cloudy,Daylight,0,Off Road, ,Property Damage Only,N,Other,Tree (standing),Off Roadway,Non-Junction,N,Not at Intersection,State,Paved,Dry,None, , ,None, , ,N,N, , , , ,0,0,0,0,0,0,0,0,0,0,0,0,0.000000000000000,0.000000000000000,0,0,0,115000,"Mapped, On Network",-80.974029567900004,28.452500254899999,695744.888965000049211,497677.538404999999329,4/2/2018 4:25:12 PM,8083_6824
1656,1657,1,1656,28772,87186249,FHPD18OFF018673,FHP,Short,2/24/2018 0:00:00,06:03 PM,Orlando Expwy Auth,Orange,STATE ROAD 528 WB MM24,DALLAS BLVD,50,West,Rear End,2,0,0,0,N,N,N,2000.000000000000000,Clear,Dusk,0,Rear End, ,Property Damage Only,Y,Front to Rear,Motor Vehicle in Transport,On Roadway,Non-Junction,N,Not at Intersection,State,Paved,Dry,None, , ,None, , ,N,N, , , , ,0,0,1,0,0,0,0,0,0,0,0,0,0.000000000000000,0.000000000000000,0,0,0,2000,"Mapped, Not On Network",-81.097349469999997,28.451586739100001,683696.811520999995992,497286.382186000002548,4/6/2018 5:39:47 PM,8109_6321
1657,1658,1,1657,28780,87164522,FHPD18OFF018723,FHP,Short,2/24/2018 0:00:00,08:44 PM,Unincorporated,Orange,STATE ROAD 417 (CENTRAL FLORIDA GREENEWAY),COUNTY ROAD 423 (JOHN YOUNG PARKWAY),15840,South,Rear End,2,0,0,0,N,Y,N,2000.000000000000000,Clear,Dark - Lighted,0,Rear End, ,Property Damage Only,N,Front to Rear,Motor Vehicle in Transport,On Roadway,Non-Junction,N,Not at Intersection,State,Paved,Dry,None, , ,None, , ,N,N, , , , ,0,0,0,0,0,0,0,0,0,0,0,0,0.000000000000000,0.000000000000000,0,1,0,2000,"Mapped, On Network",-81.468798745699999,28.353855664600001,647620.659759999951348,485635.095892000012100,4/11/2018 2:05:40 PM,8581_7010