FID,OBJECTID_1,Join_Count,TARGET_FID,OBJECTID,HSMV_Repor,Agency_Rep,Reporting_,Form_Type,Crash_Date,Crash_Time,City,County,Crash_Stre,Intersecti,Offset_Dis,Offset_Dir,Crash_Type,Vehicles,Non_Motori,Fatalities,Injuries,Alcohol_Re,Distractio,Drug_Relat,Estimated_,Weather_Co,Light_Cond,Street_Num,Crash_Ty_1,Crash_Ty_2,Crash_Seve,Within_Cit,Manner_of_,First_Harm,First_HE_L,First_HE_R,First_HE_W,Type_of_In,Road_Sys_I,Type_of_Sh,Road_Surf_,Contrib_Ci,Contrib__1,Contrib__2,Contrib__3,Contrib__4,Contrib__5,School_Bus,Work_Zone_,Type_of_Wo,Loc_in_Wor,Workers_in,Law_Enforc,Mopeds,Motorcycle,Passengers,Bicyclists,Pedestrian,Fataliti_1,Injuries_U,Possible_I,Non_Incapa,Incapacita,Fataliti_2,Non_Traffi,Transporte,Transpor_1,Transpor_2,Citations,Property_D,Vehicle_Dm,S4_Mapping,S4_Decimal,S4_Decim_1,S4_Albers_,S4_Albers1,S4_Mappi_1,zone_id_st
1658,1659,1,1658,28787,87444640,2018-00075539,Orlando PD,Long,2/23/2018 0:00:00,08:32 AM,Orlando,Orange,SR 408 EBO,S MILLS AV EXIT RAMP,700,West,Unknown,2,0,0,1,N,N,N,11000.000000000000000,Clear,Daylight,0,Unknown, ,Injury,Y,Angle,Motor Vehicle in Transport,On Roadway,Non-Junction,N,Not at Intersection,State,Paved,Dry,None, , ,None, , ,N,N, , , , ,0,0,0,0,0,0,0,1,0,0,0,0,0.000000000000000,0.000000000000000,0,0,0,11000,"Mapped, On Network",-81.370559349499999,28.536958039700000,656796.163178000017069,506166.268567999999505,4/11/2018 1:34:05 PM,8307_8305
1659,1660,1,1659,28788,87444605,2018-00075425,Orlando PD,Short,2/23/2018 0:00:00,06:58 AM,Orlando,Orange,SR 417 SBO,LAKE NONA BV EXIT RAMP,2000,North,Rear End,2,0,0,0,N,N,N,2200.000000000000000,Clear,Daylight,0,Rear End, ,Property Damage Only,Y,Angle,Motor Vehicle in Transport,On Roadway,Non-Junction,N,Not at Intersection,State,Paved,Dry,None, , ,None, , ,N,N, , , , ,0,0,1,0,0,0,0,0,0,0,0,0,0.000000000000000,0.000000000000000,0,0,0,2200,"Mapped, On Network",-81.264652979700003,28.383720465200000,667514.977221000008285,489377.430357999983244,4/11/2018 1:37:59 PM,6170_8603
1660,1661,1,1660,28819,87445345,2018-00071103,Orlando PD,Short,2/20/2018 0:00:00,09:00 AM,Orlando,Orange,SR 408,SR 441,15,East,Rear End,2,0,0,0,N,N,N,5000.000000000000000,Clear,Daylight,0,Rear End, ,Property Damage Only,Y,Front to Rear,Motor Vehicle in Transport,On Roadway,Non-Junction,N,Not at Intersection,Interstate,Curb,Dry,None, , ,None, , ,N,N, , , , ,0,0,0,0,0,0,0,0,0,0,0,0,0.000000000000000,0.000000000000000,0,0,0,5000,"Mapped, On Network",-81.396948684400002,28.535103298999999,654223.663120000041090,505905.655825999972876,3/20/2018 4:01:46 PM,8242_8248
1661,1662,1,1661,28824,87135991,FHPD18OFF017647,FHP,Long,2/22/2018 0:00:00,04:49 AM,Orlando,Orange,SR-528 (BEACHLINE EXPRESSWAY),SR-520,400,East,Rollover,1,0,0,1,N,N,N,7000.000000000000000,Clear,Dark - Lighted,0,Rollover, ,Injury,N,Other,Overturn/Rollover,Off Roadway,Non-Junction,N,Not at Intersection,State,Curb,Dry,None, , ,None, , ,N,N, , , , ,0,0,0,0,0,0,0,1,0,0,0,0,0.000000000000000,0.000000000000000,0,0,0,7000,"Mapped, On Network",-80.971498316300000,28.452569370599999,695992.044021000037901,497691.285061999980826,4/11/2018 9:30:43 AM,8083_6824
1662,1663,1,1662,28847,87468031,2018TA002434,Apopka PD,Long,2/22/2018 0:00:00,06:33 AM,Apopka,Orange,SR-429-TOLL,SR 414-TOLL,8366,North,Off Road,1,0,0,1,N,N,N,22000.000000000000000,Clear,Dawn,0,Off Road, ,Injury,Y, ,Guardrail Face,Shoulder,Through Roadway,N,Not at Intersection,Turnpike/Toll,Paved,Dry,None, , ,None, , ,N,N, , , , ,0,0,0,0,0,0,0,0,1,0,0,0,0.000000000000000,0.000000000000000,1,0,0,20000,"Mapped, On Network",-81.559755188599993,28.678171963800001,638011.125618000049144,521465.919402000028640,2/28/2018 4:50:31 PM,6116_5880
1663,1664,1,1663,28849,87168342,FHPD18OFF016569,FHP,Long,2/19/2018 0:00:00,01:21 AM,Orlando,Orange,STATE ROAD 417 (CENTRAL FLORIDA GREENWAY),MM34,0, ,Rear End,2,0,0,2,N,Y,N,10000.000000000000000,"Fog, Smog, Smoke",Dark - Lighted,0,Rear End, ,Injury,N,Front to Rear,Motor Vehicle in Transport,On Roadway,Non-Junction,N,Not at Intersection,County,Paved,Dry,Work Zone, , ,Weather Conditions, , ,N,Y,Lane Closure,Activity Area,Y,N,0,0,4,0,0,0,0,2,0,0,0,0,0.000000000000000,0.000000000000000,0,1,0,10000,"Mapped, On Network",-81.266503494899993,28.566297198899999,666884.602487000054680,509644.728751000016928,4/9/2018 10:00:16 AM,8451_2531
1664,1665,1,1664,28854,87145270,FHPD18OFF015109,FHP,Long,2/14/2018 0:00:00,05:25 PM,Orlando,Orange,SR-417 TOLL,JOHN YOUNG PARKWAY,200,North,Rear End,2,0,0,2,N,N,N,6000.000000000000000,Clear,Daylight,0,Rear End, ,Injury,N,Front to Rear,Motor Vehicle in Transport,On Roadway,Non-Junction,N,Not at Intersection,State,Paved,Dry,None, , ,None, , ,N,N, , , , ,0,0,0,0,0,0,0,2,0,0,0,0,0.000000000000000,0.000000000000000,0,0,0,6000,"Mapped, On Network",-81.424925237400004,28.373049714499999,651867.559510000050068,487855.124071999976877,4/5/2018 12:32:35 PM,8287_8107
1665,1666,1,1665,28856,87145254,FHPD18OFF017173,FHP,Long,2/20/2018 0:00:00,06:08 PM,Orlando Expwy Auth,Orange,STATE ROAD 417 NB MM32,STATE ROAD 408,5280,South,Sideswipe,2,0,0,0,N,N,N,7000.000000000000000,Clear,Daylight,0,Same Direction Sideswipe, ,Property Damage Only,Y,"Sideswipe, Same Direction",Motor Vehicle in Transport,On Roadway,Non-Junction,N,Not at Intersection,State,Paved,Dry,None, , ,None, , ,N,N, , , , ,0,0,0,0,0,0,0,0,0,0,0,0,0.000000000000000,0.000000000000000,0,0,0,7000,"Mapped, On Network",-81.251192188800005,28.539092236999998,668446.614718999946490,506657.442304999975022,4/9/2018 11:05:32 AM,6689_11878
1666,1667,1,1666,28866,87102433,FHPD18OFF017038,FHP,Long,2/20/2018 0:00:00,12:00 PM,Orlando Expwy Auth,Orange,STATE ROAD 528 (BEACHLINE EXPRESSWAY),DALLAS BV,5280,West,Off Road,1,0,0,0,N,N,N,1000.000000000000000,Clear,Daylight,0,Off Road, ,Property Damage Only,N,Other,Cable Barrier,Median,Non-Junction,N,Not at Intersection,State,Paved,Dry,None, , ,None, , ,N,N, , , , ,0,0,0,0,0,0,0,0,0,0,0,0,0.000000000000000,0.000000000000000,0,0,0,1000,"Mapped, On Network",-81.099986166400001,28.451466034900001,683439.471060000010766,497266.917691999988165,4/5/2018 10:28:10 PM,6488_8109
1667,1668,1,1667,28871,87443841,2018-00062915,Orlando PD,Long,2/19/2018 0:00:00,03:20 PM,Orlando,Orange,SR 408 W (EAST WEST EXPRESSWAY),SR 400 (INTERSTATE 4 WEST),1000,East,Unknown,2,0,0,0,N,N,N,1000.000000000000000,Clear,Daylight,0,Unknown, ,Property Damage Only,Y,"Sideswipe, Same Direction",Motor Vehicle in Transport,On Roadway,Non-Junction,N,Not at Intersection,State,Paved,Dry,None, , ,None, , ,N,N, , , , ,0,0,2,0,0,0,0,0,0,0,0,0,0.000000000000000,0.000000000000000,0,0,0,1000,"Mapped, On Network",-81.377814725199997,28.536079017900001,656089.772033000015654,506053.581972000014503,4/9/2018 9:11:18 AM,6737_6230
1668,1669,1,1668,28873,87443530,2018-00062323,Orlando PD,Long,2/14/2018 0:00:00,07:54 AM,Orlando,Orange,EW WBO,S ROSALIND AV,0,West,Rear End,5,0,0,2,N,N,N,18000.000000000000000,Clear,Dawn,0,Rear End, ,Injury,Y,Front to Rear,Motor Vehicle in Transport,On Roadway,Non-Junction,N,Not at Intersection,State,Paved,Dry,None, , ,None, , ,N,N, , , , ,0,0,0,0,0,0,0,1,1,0,0,0,1.000000000000000,0.000000000000000,0,0,0,18000,"Mapped, On Network",-81.365939195099998,28.537366273899998,657246.339303000015207,506221.224718999990728,4/5/2018 12:37:33 PM,8309_8313
1669,1670,1,1669,28874,87442156,2018-00070150,Orlando PD,Long,2/19/2018 0:00:00,03:30 PM,Orlando,Orange,SR 408,SR 441,200,West,Other,2,0,0,0,N,N,N,3000.000000000000000,Clear,Daylight,0,Backed Into, ,Property Damage Only,Y,Other,Motor Vehicle in Transport,On Roadway,Non-Junction,N,Not at Intersection,Turnpike/Toll,Paved,Dry,Work Zone, , ,None, , ,N,N, , , , ,0,0,0,0,0,0,0,0,0,0,0,0,0.000000000000000,0.000000000000000,0,0,0,3000,"Mapped, On Network",-81.401788722800006,28.535350928300002,653750.457616999978200,505923.181525999971200,4/9/2018 9:13:54 AM,8252_8244
1670,1671,1,1670,28883,87176774,FHPK18OFF014409,FHP,Short,2/26/2018 0:00:00,03:06 PM,Winter Garden,Orange,STATE ROAD 429 NB,MILE MARKER 17,0, ,Unknown,2,0,0,0,N,N,N,200.000000000000000,Clear,Daylight,0,Unknown, ,Property Damage Only,N,Other,"Struck by Falling, Shifting Cargo",On Roadway,Non-Junction,N,Not at Intersection,Turnpike/Toll,Paved,Dry,None, , ,None, , ,N,N, , , , ,0,0,0,0,0,0,0,0,0,0,0,0,0.000000000000000,0.000000000000000,0,0,0,200,"Mapped, On Network",-81.621004792500003,28.493932279500001,632432.557441000011750,500892.180692999972962,4/11/2018 9:25:54 PM,6764_6763
1671,1672,1,1671,28931,87145260,FHPD18OFF018581,FHP,Short,2/24/2018 0:00:00,01:31 PM,Orlando Expwy Auth,Orange,STATE ROAD 429 SB MM26,WEST RD,100,South,Sideswipe,2,0,0,0,N,N,N,600.000000000000000,Clear,Daylight,0,Same Direction Sideswipe, ,Property Damage Only,Y,"Sideswipe, Same Direction",Motor Vehicle in Transport,On Roadway,Non-Junction,N,Not at Intersection,State,Paved,Dry,None, , ,None, , ,N,N, , , , ,0,0,0,0,0,0,0,0,0,0,0,0,0.000000000000000,0.000000000000000,0,1,0,600,"Mapped, On Network",-81.544291581099998,28.601447002499999,639688.852820000029169,512976.870501000026707,4/10/2018 2:15:10 PM,8458_8393
1672,1673,1,1672,28932,87145258,FHPD18OFF018154,FHP,Short,2/23/2018 0:00:00,10:47 AM,Orlando Expwy Auth,Orange,STATE ROAD 429 NB,PLANT ST,0,South,Unknown,2,0,0,0,N,N,N,510.000000000000000,Cloudy,Daylight,0,Unknown, ,Property Damage Only,Y,"Sideswipe, Same Direction",Motor Vehicle in Transport,On Roadway,Non-Junction,N,Not at Intersection,State,Paved,Dry,None, , ,None, , ,N,N, , , , ,0,0,0,0,0,0,0,0,0,0,0,0,0.000000000000000,0.000000000000000,0,0,0,510,"Mapped, On Network",-81.556903353999999,28.567869976800001,638531.917204999946989,509224.239616999984719,4/11/2018 1:51:57 PM,8421_8425
1673,1674,1,1673,28933,87167308,FHPD18OFF017222,FHP,Long,2/20/2018 0:00:00,10:10 PM,Orlando,Orange,STATE ROAD 417,MM10,500,South,Rear End,2,0,0,0,N,Y,N,10000.000000000000000,Clear,Dark - Lighted,0,Rear End, ,Property Damage Only,N,Front to Rear,Motor Vehicle in Transport,On Roadway,Non-Junction,N,Not at Intersection,State,Paved,Dry,None, , ,None, , ,N,N, , , , ,0,0,0,0,0,0,0,0,0,0,0,0,0.000000000000000,0.000000000000000,0,1,0,10000,"Mapped, On Network",-81.415569769300006,28.375362654800000,652777.099235999980010,488131.078422999999020,4/5/2018 10:35:13 PM,8107_8280
1674,1675,1,1674,28935,87444251,2018-00071099,Orlando PD,Short,2/20/2018 0:00:00,08:55 AM,Orlando,Orange,SR 408 W(EAST WEST EXPRESSWAY),S. CRYSTAL LAKE DR,800,East,Sideswipe,2,0,0,0,N,N,N,1000.000000000000000,Clear,Daylight,0,Same Direction Sideswipe, ,Property Damage Only,Y,"Sideswipe, Same Direction",Motor Vehicle in Transport,On Roadway,Non-Junction,N,Not at Intersection,State,Paved,Dry,None, , ,None, , ,N,N, , , , ,0,0,0,0,0,0,0,0,0,0,0,0,0.000000000000000,0.000000000000000,0,0,0,1000,"Mapped, On Network",-81.337414923200001,28.538480868000001,660028.959512999979779,506404.804730999981984,4/9/2018 10:47:41 AM,6177_8353
1675,1676,1,1675,28950,85542314,FHPK18OFF012653,FHP,Long,2/20/2018 0:00:00,08:25 AM,Winter Garden,Orange,SR 429 (DANIEL WEBSTER WESTERN  BELTWAY),MM20,0,North,Rear End,2,0,0,1,N,N,N,1000.000000000000000,Cloudy,Daylight,0,Rear End, ,Injury,N,Front to Rear,Motor Vehicle in Transport,On Roadway,Non-Junction,N,Not at Intersection,Turnpike/Toll,Paved,Dry,None, , ,None, , ,N,N, , , , ,0,0,0,0,0,0,0,1,0,0,0,0,0.000000000000000,0.000000000000000,0,1,0,1000,"Mapped, On Network",-81.574215379699993,28.525571433700001,636934.276194000034593,504494.281193999981042,4/9/2018 11:21:47 AM,8462_6231
1676,1677,1,1676,29053,87181447,FHPD18OFF017314,FHP,Long,2/21/2018 0:00:00,12:00 AM,Orlando Expwy Auth,Orange,SR-408 TOLL,20MM,0, ,Rear End,5,0,0,4,N,N,N,17000.000000000000000,Clear,Daylight,0,Rear End, ,Injury,Y,Front to Rear,Motor Vehicle in Transport,On Roadway,Non-Junction,N,Not at Intersection,State,Paved,Dry,None, , ,None, , ,N,N, , , , ,0,0,1,0,0,0,0,1,3,0,0,0,3.000000000000000,0.000000000000000,0,2,0,17000,"Mapped, On Network",-81.218850000000003,28.547641307500001,671583.186580999987200,507677.445716999995057,4/6/2018 3:20:57 PM,8077_8070
1677,1678,1,1677,29054,87181448,FHPD18OFF017680,FHP,Long,2/22/2018 0:00:00,12:00 AM,Orlando Expwy Auth,Orange,SR-408 TOLL,20MM,0, ,Rear End,2,0,0,0,N,N,N,8000.000000000000000,Clear,Daylight,0,Rear End, ,Property Damage Only,Y,Front to Rear,Motor Vehicle in Transport,On Roadway,Non-Junction,N,Not at Intersection,State,Paved,Dry,None, , ,None, , ,N,N, , , , ,0,0,0,0,0,0,0,0,0,0,0,0,0.000000000000000,0.000000000000000,0,1,0,8000,"Mapped, On Network",-81.218844430100006,28.547595585800000,671583.844905999954790,507672.381621000007726,4/6/2018 3:47:19 PM,8077_8070
1678,1679,1,1678,29070,87102435,FHPD18OFF016949,FHP,Long,2/20/2018 0:00:00,07:45 AM,Orlando Expwy Auth,Orange,STATE ROAD 528 (BEACHLINE EXPWY),STATE ROAD 417 (GREENEWAY EXPWY),1000,East,Sideswipe,2,0,0,0,N,N,N,25000.000000000000000,Clear,Daylight,0,Same Direction Sideswipe, ,Property Damage Only,N,"Sideswipe, Same Direction",Motor Vehicle in Transport,On Roadway,Non-Junction,N,Not at Intersection,State,Paved,Dry,None, , ,None, , ,N,N, , , , ,0,0,0,0,0,0,0,0,0,0,0,0,0.000000000000000,0.000000000000000,0,0,0,25000,"Mapped, On Network",-81.240180107499995,28.451266196199999,669740.138812000048347,496930.280227000010200,4/5/2018 10:27:18 PM,6666_8074
1679,1680,1,1679,29099,87145239,FHPD18OFF012410,FHP,Long,2/6/2018 0:00:00,02:17 PM,Orlando Expwy Auth,Orange,STATE ROAD 528 EB MM26,DALLAS BLVD,5280,West,Unknown,2,0,0,0,N,N,N,1000.000000000000000,Clear,Daylight,0,Unknown, ,Property Damage Only,Y,Angle,"Struck by Falling, Shifting Cargo",On Roadway,Non-Junction,N,Not at Intersection,State,Paved,Dry,None, , ,None, , ,N,N, , , , ,0,0,3,0,0,0,0,0,0,0,0,0,0.000000000000000,0.000000000000000,0,0,0,1000,"Mapped, On Network",-81.111471751200000,28.451317933199999,682317.492177000036463,497224.127090999973007,4/4/2018 9:15:50 AM,8101_6488
1680,1681,1,1680,29120,87135987,FHPD18OFF016560,FHP,Long,2/19/2018 0:00:00,12:01 AM,Orlando,Orange,SR-417 (CENTRAL FLORIDA GREENEWAY),LANDSTAR BOULEVARD,100,West,Rear End,2,0,0,0,N,Y,N,4000.000000000000000,Clear,Dark - Lighted,0,Rear End, ,Property Damage Only,N,"Sideswipe, Same Direction",Motor Vehicle in Transport,On Roadway,Non-Junction,N,Not at Intersection,State,Unpaved,Dry,None, , ,None, , ,N,N, , , , ,0,0,0,0,0,0,0,0,0,0,0,0,0.000000000000000,0.000000000000000,0,0,0,4000,"Mapped, On Network",-81.374816799900003,28.368142001199999,656779.524758000043221,487413.553970000008121,4/9/2018 10:24:38 AM,9178_7997
1681,1682,1,1681,29135,87445042,2018-00064388,Orlando PD,Short,2/15/2018 0:00:00,02:36 PM,Orlando,Orange,SR408 (EW EBO),SR527 (S ORANGE AVE),250,West,Angle,2,0,0,0,N,N,N,2200.000000000000000,Clear,Daylight,0,Right Angle, ,Property Damage Only,Y,Front to Rear,Motor Vehicle in Transport,On Roadway,Non-Junction,N,Not at Intersection,State,Paved,Dry,Obstruction in Roadway, , ,None, , ,N,N, , , , ,0,0,1,0,0,0,0,0,0,0,0,0,0.000000000000000,0.000000000000000,0,0,0,2200,"Mapped, On Network",-81.378772207599994,28.535529250100002,655997.573484999942593,505990.552744999993593,4/6/2018 12:14:34 PM,6679_6276
1682,1683,1,1682,29145,87442223,2018-00059621,Orlando PD,Long,2/12/2018 0:00:00,01:15 PM,Orlando,Orange,EW EBO,S MILLS AV,3000,West,Unknown,2,0,0,1,N,N,N,2000.000000000000000,Clear,Daylight,0,Unknown, ,Injury,Y,"Sideswipe, Same Direction",Motor Vehicle in Transport,On Roadway,Non-Junction,N,Not at Intersection,Turnpike/Toll,Paved,Dry,None, , ,None, , ,N,N, , , , ,0,0,0,0,0,0,0,0,0,1,0,0,1.000000000000000,0.000000000000000,0,0,0,2000,"Mapped, On Network",-81.364266966599999,28.537153132200000,657410.132689999998547,506201.049037999997381,4/6/2018 11:19:28 AM,8305_8315
1683,1684,1,1683,29146,87442807,2018-00074043,Orlando PD,Short,2/22/2018 0:00:00,08:45 AM,Orlando,Orange,SR408,I4WBO,0, ,Rear End,2,0,0,0,N,N,N,600.000000000000000,Clear,Daylight,0,Rear End, ,Property Damage Only,Y,Front to Rear,Motor Vehicle in Transport,On Roadway,Non-Junction,N,Not at Intersection,Interstate,Paved,Dry,None, , ,None, , ,N,N, , , , ,0,0,0,0,0,0,0,0,0,0,0,0,0.000000000000000,0.000000000000000,0,0,0,600,"Mapped, On Network",-81.379290437300000,28.535647693700000,655946.689592999988236,506002.627908999973442,3/28/2018 12:32:12 PM,6230_8274
1684,1685,1,1684,29150,87102434,FHPD18OFF016702,FHP,Long,2/19/2018 0:00:00,12:45 PM,Orlando Expwy Auth,Orange,SR-417 (GREENEWAY EXPWY),BOGGY CREEK RD,5280,West,Rear End,2,0,0,1,N,Y,N,30000.000000000000000,Clear,Daylight,0,Rear End, ,Injury,Y,Front to Rear,Motor Vehicle in Transport,On Roadway,Entrance/Exit Ramp,Y,Not at Intersection,State,Paved,Dry,None, , ,None, , ,N,N, , , , ,0,0,0,0,0,0,0,0,1,0,0,0,1.000000000000000,0.000000000000000,0,0,0,30000,"Mapped, On Network",-81.325765491799999,28.367356770299999,661578.572449999977835,487429.463618999987375,4/6/2018 5:40:53 PM,6618_6299
1685,1686,1,1685,29184,85583420,FHPD18OFFD00005,FHP,Long,2/22/2018 0:00:00,02:40 AM,Orlando,Orange,STATE ROAD 528 (BEACHLINE EXPRESSWAY),BOGGY CREEK ROAD,200,West,Rear End,2,0,0,0,N,N,N,9000.000000000000000,Clear,Dark - Lighted,0,Rear End, ,Property Damage Only,N,Front to Rear,Motor Vehicle in Transport,On Roadway,Non-Junction,N,Not at Intersection,Turnpike/Toll,Paved,Dry,None, , ,None, , ,N,Y,Lane Closure,Activity Area,Y,Y,0,0,0,0,0,0,0,0,0,0,0,0,0.000000000000000,0.000000000000000,0,0,0,9000,"Mapped, On Network",-81.343391402500004,28.450545854000001,659655.755319999996573,496628.754885000002105,4/9/2018 11:55:46 AM,8327_8331
1686,1687,1,1686,29197,87445605,2018-00074057,Orlando PD,Short,2/22/2018 0:00:00,08:39 AM,Orlando,Orange,SR 408 WEST,I-4 WEST ENTRANCE RAMP,300,East,Rear End,2,0,0,0,N,N,N,1400.000000000000000,Clear,Daylight,0,Rear End, ,Property Damage Only,Y,Front to Rear,Motor Vehicle in Transport,On Roadway,Entrance/Exit Ramp,N,Not at Intersection,State,Paved,Dry,None, , ,None, , ,N,N, , , , ,0,0,0,0,0,0,0,0,0,0,0,0,0.000000000000000,0.000000000000000,0,0,0,1400,"Mapped, On Network",-81.379775876699995,28.535527635400001,655899.570488999946974,505988.290274000028148,4/11/2018 10:13:47 AM,6230_8274
1687,1688,1,1687,29207,81956419,FHPD18OFF018157,FHP,Short,2/23/2018 0:00:00,11:00 AM,Orlando,Orange,SR-417 TOLL,SR 91,500,East,Other,1,0,0,0,N,N,N,750.000000000000000,Clear,Daylight,0,Single Vehicle, ,Property Damage Only,N,Unknown,Other Non-Fixed Object,On Roadway,Non-Junction,Y,Not at Intersection,State,Paved,Dry,Debris, , ,None, , ,N,N, , , , ,0,0,0,0,0,0,0,0,0,0,0,0,0.000000000000000,0.000000000000000,0,0,0,750,"Mapped, Not On Network",-81.389470000000003,28.368280048799999,655346.127642999985255,487398.454223999986425,4/11/2018 1:54:29 PM,7090_8283
1688,1689,1,1688,29235,87181467,FHPD18OFF026855,FHP,Short,3/19/2018 0:00:00,07:27 AM,Orlando Expwy Auth,Orange,SR-408 TOLL,22MM,0, ,Rear End,2,0,0,0,N,N,N,2000.000000000000000,Clear,Daylight,0,Rear End, ,Property Damage Only,Y,Front to Rear,Motor Vehicle in Transport,On Roadway,Non-Junction,N,Not at Intersection,State,Paved,Dry,None, , ,None, , ,N,N, , , , ,0,0,0,0,0,0,0,0,0,0,0,0,0.000000000000000,0.000000000000000,0,1,0,2000,"Mapped, On Network",-81.191286702100001,28.559921923699999,674243.256858999957331,509101.930068999994546,4/19/2018 1:48:55 PM,8178_6921
1689,1690,1,1689,29243,87445070,2018-00069495,Orlando PD,Long,2/19/2018 0:00:00,04:34 AM,Orlando,Orange,SR 408 EBO,S BUMBY,1500,West,Rear End,2,0,0,2,N,N,N,50000.000000000000000,Clear,Dark - Lighted,0,Rear End, ,Injury,Y,Front to Rear,Motor Vehicle in Transport,On Roadway,Acceleration/Deceleration Lane,N,Not at Intersection,State,Paved,Dry,None, , ,None, , ,N,N, , , , ,0,0,0,0,0,0,0,2,0,0,0,0,0.000000000000000,0.000000000000000,0,2,0,50000,"Mapped, On Network",-81.360926106099996,28.537818336600001,657734.776098000002094,506281.885202999983449,4/9/2018 9:34:39 AM,8315_8311
1690,1691,1,1690,29270,84505744,FHPD18OFF014541,FHP,Long,2/13/2018 0:00:00,07:39 AM,Orlando,Orange,BEACHLINE EXPY (SR 528),DALLAS BLVD,10560,West,Off Road,1,0,0,0,N,N,N,3000.000000000000000,"Fog, Smog, Smoke",Daylight,0,Off Road, ,Property Damage Only,N,Other,Traffic Sign Support,Median,Non-Junction,N,Not at Intersection,State,Paved,Dry,None, , ,None, , ,N,Y,Intermittent or Moving Work,Transition Area,N,N,0,0,0,0,0,0,0,0,0,0,0,0,0.000000000000000,0.000000000000000,0,0,0,3000,"Mapped, On Network",-81.133401003499998,28.451634642799998,680173.752177000045776,497209.275696999975480,2/23/2018 3:28:56 PM,6073_8099
1691,1692,1,1691,29295,87442385,2018-00069589,Orlando PD,Long,2/19/2018 0:00:00,07:08 AM,Orlando,Orange,SR 408 WEST (EAST WEST EXPRESSWAY),SR 400 WEST (INTERSTATE 4 WEST),1000,East,Rear End,2,0,0,4,N,N,N,6000.000000000000000,Clear,Daylight,0,Rear End, ,Injury,Y,Front to Rear,Motor Vehicle in Transport,On Roadway,Entrance/Exit Ramp,N,Not at Intersection,State,Paved,Dry,None, , ,None, , ,N,N, , , , ,0,0,2,0,0,0,0,3,1,0,0,0,1.000000000000000,0.000000000000000,0,0,0,6000,"Mapped, On Network",-81.377671880600005,28.536128346500000,656103.604040000005625,506059.355623000010382,4/9/2018 9:12:30 AM,6737_6230
1692,1693,1,1692,29303,87175020,FHPD18OFF018449,FHP,Long,2/24/2018 0:00:00,01:31 AM,Orlando,Orange,STATE ROAD 417 SOUTHBOUND MILE MARKER 20,COUNTY ROAD 15 (NARCOOSSEE ROAD),5280,North,Rear End,2,0,0,0,N,N,N,2500.000000000000000,Clear,Dark - Not Lighted,0,Rear End, ,Property Damage Only,N,Front to Rear,Motor Vehicle in Transport,On Roadway,Non-Junction,N,Not at Intersection,State,Paved,Dry,None, , ,None, , ,N,N, , , , ,0,0,0,0,0,0,0,0,0,0,0,0,0.000000000000000,0.000000000000000,0,0,0,2500,"Mapped, On Network",-81.256514987700001,28.389349376900000,668296.829235999961384,490020.084787000028882,6/29/2018 12:26:25 PM,6855_6170
1693,1694,1,1693,29307,87181449,FHPD18OFF018525,FHP,Long,2/24/2018 0:00:00,11:03 AM,Orlando Expwy Auth,Orange,SR-528 TOLL,19MM,0, ,Unknown,4,0,0,0,N,N,N,5200.000000000000000,Clear,Daylight,0,Unknown, ,Property Damage Only,Y,Front to Rear,Motor Vehicle in Transport,On Roadway,Non-Junction,N,Not at Intersection,State,Paved,Dry,None, , ,None, , ,N,N, , , , ,0,0,6,0,0,0,0,0,0,0,0,0,0.000000000000000,0.000000000000000,0,0,0,5200,"Mapped, On Network",-81.175806513300003,28.451607185800000,676029.950508999987505,497110.593256000021938,4/11/2018 2:07:03 PM,6945_8095
1694,1695,1,1694,29332,85564144,FHPD18OFF024247,FHP,Long,3/12/2018 0:00:00,04:20 PM,Orlando,Orange,SR-417,CURRY FORD ROAD,0,North,Other,1,0,0,0,N,N,N,5000.000000000000000,Clear,Daylight,0,Single Vehicle, ,Property Damage Only,N,Other,"Struck by Falling, Shifting Cargo",On Roadway,Non-Junction,N,Not at Intersection,State,Paved,Dry,None, , ,None, , ,N,N, , , , ,0,0,0,0,0,0,0,0,0,0,0,0,0.000000000000000,0.000000000000000,0,0,0,5000,"Mapped, On Network",-81.249669503700005,28.513764648999999,668658.023740999982692,503848.677739000006113,4/19/2018 9:51:34 AM,8555_8559
1695,1696,1,1695,29335,87186252,FHPD18OFF019294,FHP,Short,2/26/2018 0:00:00,05:51 PM,Orlando Expwy Auth,Orange,STATE ROAD 417 NB,UNIVERSITY BLVD,0,South,Rear End,2,0,0,0,N,N,N,2000.000000000000000,Clear,Dusk,0,Rear End, ,Property Damage Only,Y,Front to Rear,Motor Vehicle in Transport,On Roadway,Non-Junction,N,Not at Intersection,State,Paved,Dry,None, , ,None, , ,N,N, , , , ,0,0,0,0,0,0,0,0,0,0,0,0,0.000000000000000,0.000000000000000,0,1,0,2000,"Mapped, On Network",-81.250546350600004,28.593726807100001,668374.405412000021897,512724.816684000019450,4/12/2018 7:59:08 AM,6318_8120
1696,1697,1,1696,29376,87116970,FHPD18OFF019166,FHP,Long,2/26/2018 0:00:00,12:32 PM,Orlando Expwy Auth,Orange,SR-417,MM35,5280,South,Rear End,2,0,0,0,N,N,N,2000.000000000000000,Clear,Daylight,0,Rear End, ,Property Damage Only,N,Front to Rear,Motor Vehicle in Transport,On Roadway,Non-Junction,N,Not at Intersection,State,Paved,Dry,None, , ,None, , ,N,N, , , , ,0,0,0,0,0,0,0,0,0,0,0,0,0.000000000000000,0.000000000000000,0,1,0,2000,"Mapped, On Network",-81.264167151400002,28.575818711299998,667089.215940000023693,510706.944289000006393,4/11/2018 9:30:49 PM,2531_6046