FID,OBJECTID_1,Join_Count,TARGET_FID,OBJECTID,HSMV_Repor,Agency_Rep,Reporting_,Form_Type,Crash_Date,Crash_Time,City,County,Crash_Stre,Intersecti,Offset_Dis,Offset_Dir,Crash_Type,Vehicles,Non_Motori,Fatalities,Injuries,Alcohol_Re,Distractio,Drug_Relat,Estimated_,Weather_Co,Light_Cond,Street_Num,Crash_Ty_1,Crash_Ty_2,Crash_Seve,Within_Cit,Manner_of_,First_Harm,First_HE_L,First_HE_R,First_HE_W,Type_of_In,Road_Sys_I,Type_of_Sh,Road_Surf_,Contrib_Ci,Contrib__1,Contrib__2,Contrib__3,Contrib__4,Contrib__5,School_Bus,Work_Zone_,Type_of_Wo,Loc_in_Wor,Workers_in,Law_Enforc,Mopeds,Motorcycle,Passengers,Bicyclists,Pedestrian,Fataliti_1,Injuries_U,Possible_I,Non_Incapa,Incapacita,Fataliti_2,Non_Traffi,Transporte,Transpor_1,Transpor_2,Citations,Property_D,Vehicle_Dm,S4_Mapping,S4_Decimal,S4_Decim_1,S4_Albers_,S4_Albers1,S4_Mappi_1,zone_id_st
1697,1698,1,1697,29377,87116969,FHPD18OFF019034,FHP,Long,2/26/2018 0:00:00,05:42 AM,Orlando Expwy Auth,Orange,SR-417,MM9,0,South,Unknown,2,0,0,0,N,N,N,4000.000000000000000,Clear,Dark - Lighted,0,Unknown, ,Property Damage Only,N,Angle,Motor Vehicle in Transport,On Roadway,Non-Junction,N,Not at Intersection,State,Paved,Dry,None, , ,None, , ,N,N, , , , ,0,0,0,0,0,0,0,0,0,0,0,0,0.000000000000000,0.000000000000000,0,3,0,4000,"Mapped, On Network",-81.434613628199997,28.364903324099998,650938.896791000035591,486930.856802000023890,4/11/2018 9:32:00 PM,6959_8287
1698,1699,1,1698,29468,85547433,FHPK18OFF015442,FHP,Long,3/2/2018 0:00:00,12:20 PM,Winter Garden,Orange,STATE ROAD 429,EXIT RAMP 19,0, ,Off Road,1,0,0,0,N,N,N,5000.000000000000000,Clear,Daylight,0,Off Road, ,Property Damage Only,N,Unknown,Utility Pole/Light Support,Off Roadway,Entrance/Exit Ramp,Y,Not at Intersection,State,Unpaved,Dry,None, , ,None, , ,N,N, , , , ,0,0,0,0,0,0,0,0,0,0,0,0,0.000000000000000,0.000000000000000,0,0,0,5000,"Mapped, On Network",-81.590810000000005,28.515645307400000,635335.167895999969915,503360.359961999987718,4/11/2018 5:05:41 PM,8494_8462
1699,1700,1,1699,29484,87186254,FHPD18OFF019633,FHP,Long,2/27/2018 0:00:00,05:57 PM,Orlando Expwy Auth,Orange,STATE ROAD 417 NB MM34,STATE ROAD 50,300,North,Unknown,3,0,0,0,N,N,N,5000.000000000000000,Clear,Daylight,0,Unknown, ,Property Damage Only,Y,Front to Rear,Motor Vehicle in Transport,On Roadway,Non-Junction,N,Not at Intersection,State,Paved,Dry,None, , ,None, , ,N,N, , , , ,0,0,0,0,0,0,0,0,0,0,0,0,0.000000000000000,0.000000000000000,0,1,0,5000,"Mapped, On Network",-81.265717631599998,28.569436633399999,666953.587470000027679,509994.995941000001039,4/11/2018 10:32:22 PM,8451_2531
1700,1701,1,1700,29485,87186253,FHPD18OFF019345,FHP,Short,2/26/2018 0:00:00,09:10 PM,Orlando Expwy Auth,Orange,STATE ROAD 417 NB MM29,CURRY FORD RD,0,North,Rear End,2,0,0,0,N,N,N,2000.000000000000000,Clear,Dark - Lighted,0,Rear End, ,Property Damage Only,Y,Front to Rear,Motor Vehicle in Transport,On Roadway,Non-Junction,N,Not at Intersection,State,Paved,Dry,None, , ,None, , ,N,N, , , , ,0,0,1,0,0,0,0,0,0,0,0,0,0.000000000000000,0.000000000000000,0,1,0,2000,"Mapped, On Network",-81.249362523800002,28.513584302100000,668688.451924000051804,503829.322947999986354,4/12/2018 7:56:41 AM,8557_8553
1701,1702,1,1701,29486,87186250,FHPD18OFF019170,FHP,Short,2/26/2018 0:00:00,12:40 PM,Orlando Expwy Auth,Orange,STATE ROAD 528 WB MM29,STATE ROAD 520,5280,West,Other,1,0,0,0,N,N,N,100.000000000000000,Clear,Daylight,0,Single Vehicle, ,Property Damage Only,Y,Other,Other Non-Collision,On Roadway,Non-Junction,N,Not at Intersection,State,Paved,Dry,None, , ,None, , ,N,N, , , , ,0,0,0,0,0,0,0,0,0,0,0,0,0.000000000000000,0.000000000000000,0,0,0,100,"Mapped, On Network",-81.002279985800001,28.452595254900000,692984.108814000035636,497620.648915000027046,4/11/2018 9:30:07 PM,8091_5943
1702,1703,1,1702,29504,87181458,FHPD18OFF024040,FHP,Short,3/12/2018 0:00:00,07:31 AM,Orlando Expwy Auth,Orange,SR-408 TOLL,19MM,0, ,Rear End,2,0,0,0,N,N,N,2000.000000000000000,Cloudy,Daylight,0,Rear End,W,Property Damage Only,Y,Front to Rear,Motor Vehicle in Transport,On Roadway,Non-Junction,N,Not at Intersection,State,Paved,Dry,None, , ,None, , ,N,N, , , , ,0,0,0,0,0,0,0,0,0,0,0,0,0.000000000000000,0.000000000000000,0,1,0,2000,"Mapped, On Network",-81.240715370700002,28.547347904700000,669449.089374999981374,507596.903578000026755,4/19/2018 9:30:57 AM,6308_8005
1703,1704,1,1703,29505,87181460,FHPD18OFF024141,FHP,Short,3/12/2018 0:00:00,12:27 PM,Orlando Expwy Auth,Orange,SR408 ENTRANCE RAMP,SR434,10,East,Unknown,2,0,0,0,N,N,N,2500.000000000000000,Cloudy,Daylight,0,Unknown, ,Property Damage Only,Y,"Sideswipe, Same Direction",Motor Vehicle in Transport,On Roadway,Non-Junction,N,Not at Intersection,State,Paved,Wet,None, , ,None, , ,N,N, , , , ,0,0,0,0,0,0,0,0,0,0,0,0,0.000000000000000,0.000000000000000,0,1,0,2500,"Mapped, On Network",-81.204016644800006,28.549835705900001,673025.911783999996260,507953.839254999998957,4/17/2018 4:46:13 PM,8041_6970
1704,1705,1,1704,29551,87186264,FHPD18OFF023218,FHP,Long,3/9/2018 0:00:00,05:37 PM,Orlando Expwy Auth,Orange,STATE ROAD 528 EB MM14,NARCOOSSEE RD,0,East,Rear End,2,0,0,0,N,N,N,3000.000000000000000,Clear,Daylight,0,Rear End, ,Property Damage Only,Y,Front to Rear,Motor Vehicle in Transport,On Roadway,Non-Junction,N,Not at Intersection,State,Paved,Dry,None, , ,None, , ,N,N, , , , ,0,0,0,0,0,0,0,0,0,0,0,0,0.000000000000000,0.000000000000000,0,0,0,3000,"Mapped, On Network",-81.260018711499995,28.448431859599999,667808.460881000035442,496572.347155000024941,4/17/2018 3:25:48 PM,8052_8060
1705,1706,1,1705,29559,84482990,FHPK18OFF002788,FHP,Long,1/11/2018 0:00:00,06:10 PM,Orlando,Orange,STATE ROAD 408 EB,STATE ROAD 417 SB,0, ,Rear End,2,0,0,0,N,N,N,150.000000000000000,Clear,Dark - Lighted,0,Rear End, ,Property Damage Only,N,Front to Rear,Motor Vehicle in Transport,On Roadway,Non-Junction,N,Not at Intersection,State,Paved,Dry,None, , ,None, , ,N,N, , , , ,0,0,1,0,0,0,0,0,0,0,0,0,0.000000000000000,0.000000000000000,0,0,0,150,"Mapped, On Network",-81.270179679999998,28.547078929800001,666572.980524000013247,507503.002165000012610,3/22/2018 4:30:20 PM,8412_7015
1706,1707,1,1706,29571,87162931,FHPD18OFF021509,FHP,Long,3/5/2018 0:00:00,12:17 AM,Orlando,Orange,SR-408,MM16,5280,West,Unknown,2,0,0,0,N,N,N,1500.000000000000000,Clear,Dark - Lighted,0,Unknown, ,Property Damage Only,N,Front to Rear,Motor Vehicle in Transport,On Roadway,Non-Junction,N,Not at Intersection,State,Paved,Dry,None, , ,None, , ,N,N, , , , ,0,0,0,0,0,0,0,0,0,0,0,0,0.000000000000000,0.000000000000000,0,0,0,1500,"Mapped, On Network",-81.285689769300006,28.540718732799998,665074.177508000051603,506763.402882999973372,4/13/2018 8:50:00 PM,8406_8427
1707,1708,1,1707,29575,86615193,2018-00094462,Orlando PD,Short,3/8/2018 0:00:00,08:20 AM,Orlando,Orange,S.R. 408 WESTBOUND,MILLS AVE,500,East,Rear End,2,0,0,0,N,N,N,1500.000000000000000,Clear,Daylight,0,Rear End, ,Property Damage Only,Y,Front to Rear,Motor Vehicle in Transport,On Roadway,Non-Junction,N,Not at Intersection,State,Paved,Dry,None, , ,None, , ,N,N, , , , ,0,0,0,0,0,0,0,0,0,0,0,0,0.000000000000000,0.000000000000000,0,1,0,1500,"Mapped, On Network",-81.362645681600000,28.537581735800000,657567.428054000018165,506252.022462000022642,4/18/2018 8:53:10 AM,8309_8313
1708,1709,1,1708,29581,87444618,2018-00101479,Orlando PD,Long,3/13/2018 0:00:00,08:51 AM,Orlando,Orange,EW WBO,CRYSTAL LAKE AVE,2000,East,Rear End,2,0,0,0,N,N,N,8000.000000000000000,Clear,Daylight,0,Rear End, ,Property Damage Only,Y,Front to Rear,Motor Vehicle in Transport,On Roadway,Non-Junction,N,Not at Intersection,State,Paved,Dry,None, , ,None, , ,N,N, , , , ,0,0,0,0,0,0,0,0,0,0,0,0,0.000000000000000,0.000000000000000,0,0,0,8000,"Mapped, On Network",-81.333101436299998,28.538423250499999,660450.288858999963850,506407.510542000003625,4/19/2018 10:35:42 AM,6177_8353
1709,1710,1,1709,29610,87181452,FHPD18OFF020498,FHP,Long,3/2/2018 0:00:00,12:00 AM,Orlando Expwy Auth,Orange,SR-417 TOLL,24MM,0, ,Off Road,1,0,0,1,N,N,N,5000.000000000000000,Clear,Daylight,0,Off Road, ,Injury,Y,Other,Guardrail Face,Off Roadway,Non-Junction,N,Not at Intersection,State,Paved,Dry,None, , ,None, , ,N,N, , , , ,0,0,0,0,0,0,0,1,0,0,0,0,0.000000000000000,0.000000000000000,0,1,0,5000,"Mapped, On Network",-81.228416557700001,28.428154427100001,670947.379026000038721,494390.002472999971360,4/16/2018 10:08:21 AM,8516_8536
1710,1711,1,1710,29625,87186263,FHPD18OFF023133,FHP,Long,3/9/2018 0:00:00,03:37 PM,Orlando Expwy Auth,Orange,STATE ROAD 528 WB,STATE ROAD 417,5280,East,Off Road,1,0,0,0,N,N,N,2000.000000000000000,Clear,Daylight,0,Off Road, ,Property Damage Only,Y,Other,Guardrail Face,Median,Non-Junction,N,Not at Intersection,State,Paved,Dry,None, , ,None, , ,N,N, , , , ,0,0,0,0,0,0,0,0,0,0,0,0,0.000000000000000,0.000000000000000,0,0,0,2000,"Mapped, On Network",-81.207717924600004,28.451546008899999,672911.695063999970444,497032.773148000007495,4/18/2018 9:57:59 AM,6953_6320
1711,1712,1,1711,29630,87443314,2018-00092705,Orlando PD,Long,3/7/2018 0:00:00,06:26 AM,Orlando,Orange,STATE ROAD 408 (EAST/WEST EXPRESSWAY),STATE ROAD 400 (INTERSTATE4),5280,East,Rear End,2,0,0,0,N,N,N,5000.000000000000000,Clear,Dusk,0,Rear End, ,Property Damage Only,Y,Front to Rear,Motor Vehicle in Transport,On Roadway,Non-Junction,N,Not at Intersection,Interstate,Paved,Wet,None, , ,None, , ,N,N, , , , ,0,0,1,0,0,0,0,0,0,0,0,0,0.000000000000000,0.000000000000000,0,0,0,5000,"Mapped, On Network",-81.366511398699998,28.537314617900002,657190.588045999989845,506214.295788999996148,4/16/2018 12:04:46 PM,8313_6737
1712,1713,1,1712,29644,87445711,2018-00079651,Orlando PD,Short,2/26/2018 0:00:00,08:30 AM,Orlando,Orange,SR 408 WBO,S CRYSTAL LAKE DR,50,East,Rear End,3,0,0,0,N,N,N,4500.000000000000000,Clear,Daylight,0,Rear End, ,Property Damage Only,Y,Front to Rear,Motor Vehicle in Transport,On Roadway,Non-Junction,N,Not at Intersection,State,Curb,Dry,None, , ,None, , ,N,N, , , , ,0,0,0,0,0,0,0,0,0,0,0,0,0.000000000000000,0.000000000000000,0,1,0,4500,"Mapped, On Network",-81.343146634899995,28.538514195899999,659469.205585999996401,506396.431874000001699,4/11/2018 11:54:24 AM,8353_6185
1713,1714,1,1713,29655,87102437,FHPD18OFF020370,FHP,Short,3/1/2018 0:00:00,07:06 PM,Orlando Expwy Auth,Orange,STATE ROAD 528 (BEACHLINE EXPRESSWAY),DALLAS BLVD,15840,West,Sideswipe,2,0,0,0,N,N,N,550.000000000000000,Clear,Dark - Not Lighted,0,Same Direction Sideswipe, ,Property Damage Only,Y,"Sideswipe, Same Direction",Motor Vehicle in Transport,On Roadway,Non-Junction,N,Not at Intersection,Turnpike/Toll,Paved,Dry,None, , ,None, , ,N,Y,Work on Shoulder or Median,Activity Area,Y,N,0,0,0,0,0,0,0,0,0,0,0,0,0.000000000000000,0.000000000000000,0,3,0,550,"Mapped, On Network",-81.100466932900005,28.451637946300000,683392.042038999963552,497284.899323999998160,4/11/2018 4:27:34 PM,8112_6073
1714,1715,1,1714,29736,87145259,FHPD18OFF018158,FHP,Short,2/23/2018 0:00:00,11:13 AM,Orlando Expwy Auth,Orange,STATE ROAD 429 MM26,WEST RD,200,North,Other,1,0,0,0,N,N,N,1000.000000000000000,Clear,Daylight,0,Single Vehicle, ,Property Damage Only,Y,Other,"Struck by Falling, Shifting Cargo",On Roadway,Non-Junction,N,Not at Intersection,State,Paved,Dry,None, , ,None, , ,N,N, , , , ,0,0,0,0,0,0,0,0,0,0,0,0,0.000000000000000,0.000000000000000,0,0,0,1000,"Mapped, On Network",-81.542701080499995,28.601737009200001,639843.430975000024773,513012.163378999975976,4/11/2018 1:54:01 PM,8389_8460
1715,1716,1,1715,29788,87167295,FHPD18OFF014838,FHP,Short,2/14/2018 0:00:00,12:03 AM,Orlando,Orange,STATE ROAD 417 NB OFF RAMP,US 441 ( SOUTH ORANGE BLOSSOM TRAIL),0, ,Other,2,0,0,0,N,Y,N,1000.000000000000000,Clear,Dark - Lighted,0,Other, ,Property Damage Only,N,Front to Rear,Motor Vehicle in Transport,On Roadway,Intersection-Related,N,Not at Intersection,State,Curb,Dry,None, , ,None, , ,N,N, , , , ,0,0,0,0,0,0,0,0,0,0,0,0,0.000000000000000,0.000000000000000,0,1,0,1000,"Mapped, On Network",-81.404373620399994,28.372444805800001,653878.827399999951012,487830.103538999974262,4/5/2018 3:53:40 PM,8017_6167
1716,1717,1,1716,29798,87181451,FHPD18OFF019424,FHP,Short,2/27/2018 0:00:00,08:39 AM,Orlando Expwy Auth,Orange,SR-408 TOLL,20MM,0, ,Rear End,2,0,0,0,N,N,N,4000.000000000000000,Clear,Daylight,0,Rear End, ,Property Damage Only,Y,Front to Rear,Motor Vehicle in Transport,On Roadway,Non-Junction,N,Not at Intersection,State,Paved,Dry,Work Zone, , ,None, , ,N,Y,Work on Shoulder or Median,Activity Area,Y,N,0,0,0,0,0,0,0,0,0,0,0,0,0.000000000000000,0.000000000000000,0,1,0,4000,"Mapped, On Network",-81.219359342999994,28.547785264100000,671533.096482999972068,507692.307214999978896,4/12/2018 9:40:41 AM,6946_8057
1717,1718,1,1717,29810,87175024,FHPD18OFF020391,FHP,Long,3/1/2018 0:00:00,07:42 PM,Orlando,Orange,STATE ROAD 417 NORTHBOUND MILE MARKER 10,STATE ROAD 423 (JOHN YOUNG PARKWAY),0,South,Unknown,2,0,0,0,N,N,N,6500.000000000000000,Clear,Dark - Lighted,0,Unknown, ,Property Damage Only,N,Angle,Motor Vehicle in Transport,On Roadway,Non-Junction,N,Not at Intersection,State,Paved,Dry,None, , ,None, , ,N,N, , , , ,0,0,1,0,0,0,0,0,0,0,0,0,0.000000000000000,0.000000000000000,0,1,0,6500,"Mapped, On Network",-81.417684222299997,28.375237472500000,652570.610861000022851,488112.846572000009473,6/29/2018 12:28:59 PM,8107_8280
1718,1719,1,1718,29811,87175017,FHPD18OFF018037,FHP,Long,2/23/2018 0:00:00,02:04 AM,Orlando,Orange,STATE ROAD 417 NORTHBOUND MILE MARKER 10,STATE ROAD 423 (JOHN YOUNG PARKWAY),0,North,Head On,2,0,0,4,Y,N,N,10000.000000000000000,Clear,Dark - Lighted,0,Head On, ,Injury,N,Front to Front,Motor Vehicle in Transport,On Roadway,Non-Junction,N,Not at Intersection,State,Paved,Dry,None, , ,None, , ,N,N, , , , ,0,0,2,0,0,0,0,2,0,2,0,0,2.000000000000000,0.000000000000000,0,1,0,10000,"Mapped, On Network",-81.430778907600001,28.368798515200002,651304.931982000009157,487371.159624000021722,6/29/2018 12:30:16 PM,8292_6975
1719,1720,1,1719,29831,87445287,2018-00082435,Orlando PD,Long,2/28/2018 0:00:00,01:35 AM,Orlando,Orange,SR 408 EASTBOUND,S BUMBY AVE,5280,West,Unknown,4,0,0,1,N,N,N,15000.000000000000000,Clear,Dark - Lighted,0,Unknown, ,Injury,Y,Front to Rear,Motor Vehicle in Transport,On Roadway,Non-Junction,N,Not at Intersection,State,Paved,Dry,Work Zone, , ,None, , ,N,Y,Lane Shift/Crossover,Transition Area,Y,N,0,0,2,0,0,0,0,1,0,0,0,0,1.000000000000000,0.000000000000000,0,0,0,15000,"Mapped, On Network",-81.360028947499998,28.538041017000001,657821.850785000016913,506308.484946999989916,4/12/2018 8:26:36 PM,8315_8311
1720,1721,1,1720,29924,85564145,FHPD18OFF024862,FHP,Long,3/14/2018 0:00:00,08:45 AM,Orlando,Orange,SR-528,CR-15 (NARCOOSSEE RD),0, ,Rear End,2,0,0,0,N,N,N,2000.000000000000000,Clear,Daylight,0,Rear End, ,Property Damage Only,N,Front to Rear,Motor Vehicle in Transport,On Roadway,Non-Junction,N,Not at Intersection,State,Paved,Dry,None, , ,None, , ,N,N, , , , ,0,0,2,0,0,0,0,0,0,0,0,0,0.000000000000000,0.000000000000000,0,2,0,2000,"Mapped, On Network",-81.264468951699996,28.448630824100000,667373.071309000020847,496584.781037000007927,4/19/2018 12:14:18 PM,8065_8055
1721,1722,1,1721,29960,87173879,FHPD18OFF023162,FHP,Short,3/9/2018 0:00:00,04:05 PM,Orlando Expwy Auth,Orange,SB SR-417,BOGGY CREEK ROAD,0,South,Unknown,3,0,0,0,N,N,N,16000.000000000000000,Clear,Daylight,0,Unknown, ,Property Damage Only,Y,"Sideswipe, Same Direction",Motor Vehicle in Transport,On Roadway,Non-Junction,N,Not at Intersection,State,Paved,Dry,None, , ,None, , ,N,N, , , , ,0,0,0,0,0,0,0,0,0,0,0,0,0.000000000000000,0.000000000000000,0,0,0,16000,"Mapped, Not On Network",-81.309610000099994,28.369410024499999,663153.587199999950826,487691.810200000007171,4/17/2018 2:20:52 PM,11015_8482
1722,1723,1,1722,29961,87173878,FHPD18OFF023123,FHP,Long,3/9/2018 0:00:00,03:12 PM,Orlando Expwy Auth,Orange,SB SR-429,WEST ROAD,0,South,Sideswipe,2,0,0,0,N,N,N,350.000000000000000,Clear,Daylight,0,Opposing Sideswipe, ,Property Damage Only,N,Other,Cargo/Equipment Loss or Shift,On Roadway,Non-Junction,N,Not at Intersection,State,Paved,Dry,None, , ,None, , ,N,N, , , , ,0,0,0,0,0,0,0,0,0,0,0,0,0.000000000000000,0.000000000000000,0,0,0,350,"Mapped, On Network",-81.545386200199999,28.601008576400002,639582.996005999972112,512926.063448000000790,4/17/2018 2:22:26 PM,8458_8393
1723,1724,1,1723,29990,87116971,FHPD18OFF019403,FHP,Long,2/27/2018 0:00:00,07:41 AM,Orlando Expwy Auth,Orange,SR-417,MM16,5280,South,Sideswipe,2,0,0,0,N,N,N,1000.000000000000000,Clear,Daylight,0,Opposing Sideswipe, ,Property Damage Only,N,Other,Cargo/Equipment Loss or Shift,On Roadway,Non-Junction,N,Not at Intersection,State,Paved,Dry,None, , ,None, , ,N,N, , , , ,0,0,0,0,0,0,0,0,0,0,0,0,0.000000000000000,0.000000000000000,0,1,0,1000,"Mapped, On Network",-81.340389282700002,28.368154938899998,660146.466255999985151,487487.149388000019826,4/12/2018 8:06:01 AM,7095_6630
1724,1725,1,1724,30023,87177322,FHPD18OFF021245,FHP,Long,3/4/2018 0:00:00,01:50 AM,Orlando,Orange,STATE ROAD 408,MM 18,0, ,Off Road,1,0,0,1,N,Y,N,15000.000000000000000,Clear,Dark - Lighted,0,Off Road, ,Injury,N,Other,Guardrail Face,On Roadway,Non-Junction,N,Not at Intersection,State,Paved,Dry,None, , ,None, , ,N,N, , , , ,0,0,0,0,0,0,0,0,1,0,0,0,1.000000000000000,0.000000000000000,0,0,0,15000,"Mapped, On Network",-81.257451488100003,28.547269508500001,667815.241421999991871,507551.740891000023112,4/16/2018 11:20:02 AM,8033_8027
1725,1726,1,1725,30027,87445248,2018-00086533,Orlando PD,Short,3/2/2018 0:00:00,04:44 PM,Orlando,Orange,SR417,LAKE NONA BLVD.,5280,South,Rear End,2,0,0,0,N,N,N,3500.000000000000000,Clear,Daylight,0,Rear End, ,Property Damage Only,Y,Front to Rear,Motor Vehicle in Transport,On Roadway,Non-Junction,N,Not at Intersection,State,Paved,Dry,None, , ,None, , ,N,N, , , , ,0,0,0,0,0,0,0,0,0,0,0,0,0.000000000000000,0.000000000000000,0,0,0,3500,"Mapped, On Network",-81.273324609100001,28.380496236399999,666674.953416000003926,489000.663348999980371,4/11/2018 5:24:01 PM,8502_6701
1726,1727,1,1726,30029,87445060,2018-00086526,Orlando PD,Short,3/2/2018 0:00:00,04:45 PM,Orlando,Orange,SR417,LAKE NONA BLVD,0,East,Rear End,2,0,0,0,N,N,N,600.000000000000000,Clear,Daylight,0,Rear End, ,Property Damage Only,Y,Front to Rear,Motor Vehicle in Transport,On Roadway,Non-Junction,N,Not at Intersection,State,Paved,Dry,None, , ,None, , ,N,N, , , , ,0,0,0,0,0,0,0,0,0,0,0,0,0.000000000000000,0.000000000000000,0,0,0,600,"Mapped, On Network",-81.282008674599993,28.377219791400002,665833.789631000021473,488618.130467000009958,4/11/2018 5:24:18 PM,8600_8520
1727,1728,1,1727,30058,87182681,FHPD18OFF024972,FHP,Long,3/14/2018 0:00:00,03:10 PM,Orlando Expwy Auth,Orange,STATE ROAD 417 (GREENEWAY EXPRESSWAY),STATE ROAD 423 (JOHN YOUNG PWKY),500,North,Off Road,1,0,0,0,N,N,N,7500.000000000000000,Clear,Daylight,0,Off Road,N,Property Damage Only,Y,Other,Guardrail Face,Shoulder,Non-Junction,N,Not at Intersection,State,Paved,Dry,None, , ,None, , ,N,N, , , , ,0,0,1,0,0,0,0,0,0,0,0,0,0.000000000000000,0.000000000000000,0,1,0,7500,"Mapped, On Network",-81.424401092099998,28.373637322299999,651917.455702999955975,487921.438327000010759,4/19/2018 12:40:13 PM,8290_8292
1728,1729,1,1728,30089,87168467,FHPD18OFF019744,FHP,Long,2/28/2018 0:00:00,06:42 AM,Orlando,Orange,STATE ROAD 408 EXIT RAMP,STATE ROAD 551 (GOLDENROD ROAD),0, ,Rear End,2,0,0,1,N,Y,N,3000.000000000000000,Clear,Daylight,0,Rear End, ,Injury,N,Front to Rear,Motor Vehicle in Transport,On Roadway,Intersection,N,Y-Intersection,State,Paved,Dry,None, , ,None, , ,N,N, , , , ,0,0,0,0,0,0,0,1,0,0,0,0,0.000000000000000,0.000000000000000,0,1,0,3000,"Mapped, On Network",-81.280258114600002,28.543333143400002,665598.133104000007734,507065.365287000022363,4/11/2018 4:51:10 PM,6918_8406
1729,1730,1,1729,30103,87446086,2018-00105198,Orlando PD,Long,3/15/2018 0:00:00,05:25 PM,Orlando,Orange,SR-528,SR-551 (S GOLDENROD RD),2000, ,Rear End,2,0,0,0,N,N,N,2001.000000000000000,Clear,Daylight,0,Rear End, ,Property Damage Only,Y,Front to Rear,Motor Vehicle in Transport,On Roadway,Non-Junction,N,Not at Intersection,State,Paved,Dry,None, , ,None, , ,N,N, , , , ,0,0,0,0,0,0,0,0,0,0,0,0,0.000000000000000,0.000000000000000,0,0,0,2001,"Mapped, On Network",-81.281018208500001,28.448441949300001,665756.258635999984108,496528.036429000028875,4/19/2018 11:42:02 AM,8176_6156
1730,1731,1,1730,30144,87733509,2018-00102956,Orlando PD,Long,3/14/2018 0:00:00,08:28 AM,Orlando,Orange,SR408 WEST,S ROSALIND AVE EXIT RAMP,500,East,Unknown,2,0,0,0,N,N,N,5000.000000000000000,Clear,Daylight,0,Unknown, ,Property Damage Only,Y,Front to Rear,Motor Vehicle in Transport,On Roadway,Non-Junction,N,Not at Intersection,State,Paved,Dry,None, , ,None, , ,N,N, , , , ,0,0,0,0,0,0,0,0,0,0,0,0,0.000000000000000,0.000000000000000,0,0,0,5000,"Mapped, On Network",-81.364274008300001,28.537332830000000,657409.018574999994598,506220.986279000004288,4/19/2018 11:05:14 AM,8309_8313
1731,1732,1,1731,30190,87173869,FHPD18OFF020359,FHP,Long,3/1/2018 0:00:00,06:42 PM,Orlando Expwy Auth,Orange,EB SR-408,SR-551,5280,East,Rear End,2,0,0,1,N,N,N,20000.000000000000000,Clear,Dark - Lighted,0,Rear End, ,Injury,Y,Front to Rear,Motor Vehicle in Transport,On Roadway,Non-Junction,N,Not at Intersection,State,Paved,Dry,None, , ,None, , ,N,Y,Lane Shift/Crossover,Activity Area,N,N,0,0,0,0,0,0,0,0,1,0,0,0,1.000000000000000,0.000000000000000,0,0,0,20000,"Mapped, On Network",-81.289209903699998,28.539885554200001,664732.497425999958068,506663.333962999982759,4/11/2018 4:27:20 PM,8427_6883
1732,1733,1,1732,30192,87173865,FHPD18OFF018313,FHP,Long,2/23/2018 0:00:00,05:42 PM,Orlando Expwy Auth,Orange,NB SR-417,CURRY FORD RD,5280,South,Off Road,1,0,0,1,N,N,N,250.000000000000000,Clear,Daylight,0,Off Road,N,Injury,Y,Other,Concrete Traffic Barrier,On Roadway,Non-Junction,N,Not at Intersection,State,Paved,Dry,None, , ,None, , ,N,N, , , , ,0,1,0,0,0,0,0,0,0,1,0,0,1.000000000000000,0.000000000000000,0,0,0,250,"Mapped, On Network",-81.244519364499993,28.503198368000000,669187.235173000022769,502686.751494000025559,4/9/2018 12:49:27 PM,6965_8557
1733,1734,1,1733,30243,87116976,FHPD18OFF021536,FHP,Long,3/5/2018 0:00:00,06:46 AM,Orlando Expwy Auth,Orange,SR-417,MM17,40,North,Sideswipe,2,0,0,0,N,N,N,2600.000000000000000,Clear,Daylight,0,Same Direction Sideswipe, ,Property Damage Only,N,"Sideswipe, Same Direction",Motor Vehicle in Transport,On Roadway,Non-Junction,N,Not at Intersection,State,Paved,Dry,None, , ,None, , ,N,N, , , , ,0,0,0,0,0,0,0,0,0,0,0,0,0.000000000000000,0.000000000000000,0,1,0,2600,"Mapped, On Network",-81.297007463599996,28.371963628600000,664379.859203999978490,488002.293967999983579,4/17/2018 10:00:04 AM,6486_8601
1734,1735,1,1734,30244,87116975,FHPD18OFF020533,FHP,Long,3/2/2018 0:00:00,10:16 AM,Orlando Expwy Auth,Orange,SR-417,MM12,60,North,Rear End,2,0,0,1,N,N,N,2800.000000000000000,Clear,Daylight,0,Rear End, ,Injury,N,Front to Rear,Motor Vehicle in Transport,On Roadway,Non-Junction,N,Not at Intersection,State,Paved,Dry,None, , ,None, , ,N,N, , , , ,0,0,0,0,0,0,0,0,1,0,0,0,1.000000000000000,0.000000000000000,0,1,0,2800,"Mapped, On Network",-81.386804886500002,28.368006341299999,655607.417898999992758,487373.585407999984454,4/16/2018 9:43:20 AM,6167_9178