FID,OBJECTID_1,Join_Count,TARGET_FID,OBJECTID,HSMV_Repor,Agency_Rep,Reporting_,Form_Type,Crash_Date,Crash_Time,City,County,Crash_Stre,Intersecti,Offset_Dis,Offset_Dir,Crash_Type,Vehicles,Non_Motori,Fatalities,Injuries,Alcohol_Re,Distractio,Drug_Relat,Estimated_,Weather_Co,Light_Cond,Street_Num,Crash_Ty_1,Crash_Ty_2,Crash_Seve,Within_Cit,Manner_of_,First_Harm,First_HE_L,First_HE_R,First_HE_W,Type_of_In,Road_Sys_I,Type_of_Sh,Road_Surf_,Contrib_Ci,Contrib__1,Contrib__2,Contrib__3,Contrib__4,Contrib__5,School_Bus,Work_Zone_,Type_of_Wo,Loc_in_Wor,Workers_in,Law_Enforc,Mopeds,Motorcycle,Passengers,Bicyclists,Pedestrian,Fataliti_1,Injuries_U,Possible_I,Non_Incapa,Incapacita,Fataliti_2,Non_Traffi,Transporte,Transpor_1,Transpor_2,Citations,Property_D,Vehicle_Dm,S4_Mapping,S4_Decimal,S4_Decim_1,S4_Albers_,S4_Albers1,S4_Mappi_1,zone_id_st
1735,1736,1,1735,30245,87116972,FHPD18OFF019811,FHP,Short,2/28/2018 0:00:00,09:41 AM,Orlando Expwy Auth,Orange,SR-408,MM6,80,West,Rear End,2,0,0,0,N,N,N,1600.000000000000000,Clear,Daylight,0,Rear End, ,Property Damage Only,N,Front to Rear,Motor Vehicle in Transport,On Roadway,Non-Junction,N,Not at Intersection,State,Paved,Dry,None, , ,None, , ,N,N, , , , ,0,0,0,0,0,0,0,0,0,0,0,0,0.000000000000000,0.000000000000000,0,1,0,1600,"Mapped, On Network",-81.446416935399995,28.548196442300000,649362.998633999959566,507258.399894999980461,4/11/2018 4:54:26 PM,8205_6294
1736,1737,1,1736,30275,87173900,FHPD18OFF034332,FHP,Short,4/7/2018 0:00:00,07:35 PM,Orlando Expwy Auth,Orange,WB SR-528,SR-15,5280,East,Unknown,2,0,0,0,N,N,N,12000.000000000000000,Cloudy,Dark - Lighted,0,Unknown, ,Property Damage Only,Y,"Sideswipe, Same Direction",Motor Vehicle in Transport,On Roadway,Non-Junction,N,Not at Intersection,State,Paved,Wet,None, , ,None, , ,N,Y,Lane Shift/Crossover,Advance Warning Area,N,N,0,0,0,0,0,0,0,0,0,0,0,0,0.000000000000000,0.000000000000000,0,0,0,12000,"Mapped, On Network",-81.258418324100006,28.448516703799999,667964.649080000002868,496585.243980999977794,4/23/2018 2:28:29 PM,8060_6666
1737,1738,1,1737,30291,87201747,FHPD18OFF032149,FHP,Long,4/2/2018 0:00:00,04:00 PM,Orlando,Orange,SR 528,SR 520,300,West,Unknown,2,0,0,0,N,N,N,2000.000000000000000,Cloudy,Daylight,0,Unknown, ,Property Damage Only,N,Other,Motor Vehicle in Transport,On Roadway,Non-Junction,N,Not at Intersection,State,Unpaved,Wet,None, , ,None, , ,N,N, , , , ,0,0,0,0,0,0,0,0,0,0,0,0,0.000000000000000,0.000000000000000,0,0,0,2000,"Mapped, On Network",-80.985904271099997,28.452656122299999,694584.116822000010870,497666.420092999993358,4/24/2018 6:59:30 PM,8091_5943
1738,1739,1,1738,30311,87443889,2018-00088655,Orlando PD,Long,3/4/2018 0:00:00,08:05 AM,Orlando,Orange,SR 408,ANDERSON STREET,0,East,Unknown,2,0,0,0,N,N,N,3000.000000000000000,Clear,Daylight,0,Unknown, ,Property Damage Only,Y,"Sideswipe, Same Direction",Motor Vehicle in Transport,On Roadway,Entrance/Exit Ramp,N,Not at Intersection,State,Paved,Dry,None, , ,None, , ,N,N, , , , ,0,0,0,0,0,0,0,0,0,0,0,0,0.000000000000000,0.000000000000000,0,1,0,3000,"Mapped, On Network",-81.374799674000002,28.536645830400001,656382.845728000043891,506122.780597999983002,4/11/2018 7:21:17 PM,6276_8307
1739,1740,1,1739,30338,87468178,2018TA004790,Apopka PD,Long,4/9/2018 0:00:00,08:12 AM,Apopka,Orange,SR 429-TOLL,OCOEE APOPKA RD,1058,South,Unknown,2,0,0,1,N,N,N,0.000000000000000,Cloudy,Daylight,0,Unknown, ,Injury,Y, ,Other Non-Fixed Object,On Roadway,Through Roadway,N,Not at Intersection,Turnpike/Toll,Paved,Wet,Debris, , ,None, , ,N,N, , , , ,0,1,0,0,0,0,0,1,0,0,0,0,0.000000000000000,0.000000000000000,0,0,0,0,"Mapped, On Network",-81.542265812300002,28.634905544700000,639812.499184999964200,516695.813660999992862,4/10/2018 3:40:29 PM,8444_8441
1740,1741,1,1740,30394,87166845,FHPD18OFF030950,FHP,Long,3/30/2018 0:00:00,07:56 AM,Orlando Expwy Auth,Orange,SR-408,MM14,0,East,Rear End,4,0,0,4,N,Y,N,8100.000000000000000,Clear,Daylight,0,Rear End, ,Injury,N,Front to Rear,Motor Vehicle in Transport,On Roadway,Non-Junction,N,Not at Intersection,State,Paved,Dry,None, , ,None, , ,N,N, , , , ,0,0,0,0,0,0,0,4,0,0,0,0,0.000000000000000,0.000000000000000,0,1,0,8100,"Mapped, On Network",-81.302788067099996,28.539599799299999,663407.376402999972925,506602.530078999989200,4/20/2018 12:19:30 PM,6883_8376
1741,1742,1,1741,30395,87166844,FHPD18OFF029827,FHP,Long,3/27/2018 0:00:00,08:41 AM,Orlando Expwy Auth,Orange,SR-417,MM15,80,North,Rear End,2,0,0,1,N,N,N,2800.000000000000000,Clear,Daylight,0,Rear End, ,Injury,N,Front to Rear,Motor Vehicle in Transport,On Roadway,Non-Junction,N,Not at Intersection,State,Paved,Dry,None, , ,None, , ,N,N, , , , ,0,0,1,0,0,0,0,1,0,0,0,0,0.000000000000000,0.000000000000000,0,1,0,2800,"Mapped, On Network",-81.336542828899994,28.368096838200000,660522.783177000004798,487488.818836999998894,4/20/2018 12:21:38 PM,6299_6323
1742,1743,1,1742,30403,87116973,FHPD18OFF020157,FHP,Long,3/1/2018 0:00:00,08:52 AM,Orlando Expwy Auth,Orange,SR-528,MM19,80,West,Rear End,2,0,0,2,N,N,N,13600.000000000000000,Clear,Daylight,0,Rear End, ,Injury,N,Front to Rear,Motor Vehicle in Transport,On Roadway,Non-Junction,N,Not at Intersection,State,Paved,Dry,None, , ,None, , ,N,N, , , , ,0,0,3,0,0,0,0,1,0,1,0,0,1.000000000000000,0.000000000000000,0,0,0,13600,"Mapped, On Network",-81.182905841500002,28.451579587600001,675336.269944999949075,497091.657762999995612,4/11/2018 4:27:06 PM,6945_8095
1743,1744,1,1743,30409,87197700,FHPD18OFF028188,FHP,Long,3/22/2018 0:00:00,05:24 PM,Unincorporated,Orange,STATE ROAD 417(CENTRAL FLORIDA GREENEWAY),STATE ROAD 408 (EAST WEST EXPRESSWAY,300,East,Rear End,3,0,0,0,N,Y,N,4501.000000000000000,Clear,Daylight,0,Rear End, ,Property Damage Only,N,Front to Rear,Motor Vehicle in Transport,On Roadway,Entrance/Exit Ramp,N,Not at Intersection,State,Curb,Dry,None, , ,None, , ,N,N, , , , ,0,0,0,0,0,0,0,0,0,0,0,0,0.000000000000000,0.000000000000000,0,1,0,4501,"Mapped, On Network",-81.253978953800001,28.543455609100000,668163.716339000035077,507135.836646999989171,4/20/2018 11:52:23 AM,6251_11709
1744,1745,1,1744,30418,87173899,FHPD18OFF034313,FHP,Long,4/7/2018 0:00:00,08:35 PM,Orlando Expwy Auth,Orange,WB SR-528,SR-15,5280,East,Rear End,2,0,0,0,N,N,N,13500.000000000000000,Cloudy,Dark - Lighted,0,Rear End, ,Property Damage Only,Y,Front to Rear,Motor Vehicle in Transport,On Roadway,Non-Junction,N,Not at Intersection,State,Paved,Wet,None, , ,None, , ,N,Y,Lane Shift/Crossover,Advance Warning Area,N,N,0,0,0,0,0,0,0,0,0,0,0,0,0.000000000000000,0.000000000000000,0,0,0,13500,"Mapped, On Network",-81.270315243400006,28.448626482100000,666801.754026000038721,496571.636439999972936,4/23/2018 2:28:40 PM,8055_6665
1745,1746,1,1745,30426,87166849,FHPD18OFF034716,FHP,Long,4/9/2018 0:00:00,07:06 AM,Orlando Expwy Auth,Orange,SR-408,CHICKASAW TRAIL,80,East,Off Road,1,0,0,0,N,N,N,1600.000000000000000,Cloudy,Dawn,0,Off Road, ,Property Damage Only,N,Other,Concrete Traffic Barrier,Median,Non-Junction,N,Not at Intersection,State,Paved,Wet,None, , ,Weather Conditions, , ,N,N, , , , ,0,0,0,0,0,0,0,0,0,0,0,0,0.000000000000000,0.000000000000000,0,0,0,1600,"Mapped, On Network",-81.285720433600005,28.540722881899999,665071.173228000057861,506763.797635999973863,4/23/2018 2:29:32 PM,8406_8427
1746,1747,1,1746,30443,87197730,FHPD18OFF032220,FHP,Long,4/2/2018 0:00:00,06:28 PM,Unincorporated,Orange,STATE ROAD 417 (CENTRAL FLORIDA GREENEWAY),UNIVERSITY BOULEVARD,300,North,Rollover,1,0,0,1,N,N,N,2000.000000000000000,Clear,Daylight,0,Rollover, ,Injury,N,Other,Overturn/Rollover,On Roadway,Entrance/Exit Ramp,N,Not at Intersection,State,Paved,Dry,None, , ,None, , ,N,N, , , , ,0,1,0,0,0,0,0,0,0,1,0,0,1.000000000000000,0.000000000000000,0,0,0,2000,"Mapped, On Network",-81.251418484100000,28.601676067200000,668269.615035000024363,513605.507304000027943,4/9/2018 9:42:26 AM,8449_5988
1747,1748,1,1747,30450,87164532,FHPD18OFF021205,FHP,Long,3/3/2018 0:00:00,09:53 PM,Unincorporated,Orange,STATE ROAD 417 (CENTRAL FLORIDA GREENEWAY),LANDSTAR BOULEVARD,100,South,Unknown,2,0,0,0,N,Y,N,14000.000000000000000,Clear,Dark - Lighted,0,Unknown, ,Property Damage Only,N,"Sideswipe, Same Direction",Motor Vehicle in Transport,On Roadway,Non-Junction,N,Not at Intersection,State,Paved,Dry,None, , ,None, , ,N,N, , , , ,0,0,4,0,0,0,0,0,0,0,0,0,0.000000000000000,0.000000000000000,0,2,0,14000,"Mapped, On Network",-81.371256374200001,28.368503359200002,657126.875894999946468,487461.095060000021476,4/9/2018 11:44:10 AM,8484_8486
1748,1749,1,1748,30457,87173888,FHPD18OFF028329,FHP,Short,3/23/2018 0:00:00,06:55 AM,Orlando Expwy Auth,Orange,WB SR-528,DALLAS BLVD,5280,West,Unknown,3,0,0,0,N,N,N,4100.000000000000000,Clear,Daylight,0,Unknown, ,Property Damage Only,Y,Other,Other Non-Fixed Object,On Roadway,Non-Junction,N,Not at Intersection,State,Paved,Dry,None, , ,None, , ,N,N, , , , ,0,0,0,0,0,0,0,0,0,0,0,0,0.000000000000000,0.000000000000000,0,0,0,4100,"Mapped, On Network",-81.111476579799998,28.451500324200001,682316.545904000056908,497244.366182000027038,4/20/2018 3:15:37 PM,6073_8099
1749,1750,1,1749,30461,87444067,2018-00110011,Orlando PD,Long,3/20/2018 0:00:00,08:34 AM,Orlando,Orange,STATE ROAD 408 WEST,INTERSTATE 4 WEST EXIT 10A,100,East,Rear End,2,0,0,0,N,N,N,3000.000000000000000,Clear,Daylight,0,Rear End, ,Property Damage Only,Y,Front to Rear,Motor Vehicle in Transport,On Roadway,Entrance/Exit Ramp,Y,Not at Intersection,State,Paved,Dry,None, , ,None, , ,N,N, , , , ,0,0,1,0,0,0,0,0,0,0,0,0,0.000000000000000,0.000000000000000,0,1,0,3000,"Mapped, On Network",-81.380382281899998,28.535434414899999,655840.575808999943547,505976.681676000007428,4/21/2018 1:27:22 PM,6230_8274
1750,1751,1,1750,30468,87166848,FHPD18OFF034453,FHP,Long,4/8/2018 0:00:00,10:22 AM,Orlando Expwy Auth,Orange,SR-417,MM10,40,North,Other,2,0,0,0,N,N,N,2000.000000000000000,Clear,Daylight,0,Parked Vehicle, ,Property Damage Only,N,"Sideswipe, Same Direction",Parked Motor Vehicle,Shoulder,Non-Junction,N,Not at Intersection,State,Paved,Dry,None, , ,None, , ,N,N, , , , ,0,0,0,0,0,0,0,0,0,0,0,0,0.000000000000000,0.000000000000000,0,1,0,2000,"Mapped, On Network",-81.425365560200007,28.372815049600000,651825.041964999982156,487828.169356999977026,4/23/2018 2:29:41 PM,8287_8107
1751,1752,1,1751,30469,87166847,FHPD18OFF033989,FHP,Long,4/7/2018 0:00:00,09:18 AM,Orlando Expwy Auth,Orange,SR-528,DALLAS BLVD,5280,West,Unknown,2,0,0,0,N,N,N,800.000000000000000,Clear,Daylight,0,Unknown, ,Property Damage Only,N,"Sideswipe, Same Direction",Motor Vehicle in Transport,On Roadway,Non-Junction,N,Not at Intersection,State,Paved,Dry,None, , ,None, , ,N,N, , , , ,0,0,0,0,0,0,0,0,0,0,0,0,0.000000000000000,0.000000000000000,0,0,0,800,"Mapped, On Network",-81.099991152000001,28.451473595700001,683438.964128999970853,497267.745674000005238,4/23/2018 2:29:48 PM,6488_8109
1752,1753,1,1752,30470,87171438,FHPK18OFF022847,FHP,Long,3/29/2018 0:00:00,08:00 AM,Winter Garden,Orange,NB SR-429 MM19,STONEBROOK WEST PKWY,0,South,Rear End,3,0,0,1,N,N,N,15500.000000000000000,Cloudy,Daylight,0,Rear End, ,Injury,N,Front to Rear,Motor Vehicle in Transport,On Roadway,Non-Junction,N,Not at Intersection,Interstate,Unpaved,Dry,None, , ,None, , ,N,N, , , , ,0,0,3,0,0,0,0,1,0,0,0,0,0.000000000000000,0.000000000000000,0,1,0,15500,"Mapped, On Network",-81.608243094399995,28.509364481999999,633646.005884999991395,502629.818117999995593,4/16/2018 2:18:25 PM,6186_6858
1753,1754,1,1753,30472,87182684,FHPD18OFF025479,FHP,Short,3/15/2018 0:00:00,05:00 PM,Orlando Expwy Auth,Orange,STATTE ROAD 408 (EAST WEST EXPWY),GOOD HOMES ROAD,2000,West,Sideswipe,2,0,0,0,N,N,N,350.000000000000000,Clear,Daylight,0,Same Direction Sideswipe, ,Property Damage Only,Y,"Sideswipe, Same Direction",Motor Vehicle in Transport,On Roadway,Entrance/Exit Ramp,N,Not at Intersection,State,Paved,Dry,None, , ,None, , ,N,N, , , , ,0,0,1,0,0,0,0,0,0,0,0,0,0.000000000000000,0.000000000000000,0,1,0,350,"Mapped, On Network",-81.511160045500006,28.545293995600002,643048.066462000017054,506806.869753999984823,4/19/2018 10:52:10 AM,8150_8116
1754,1755,1,1754,30479,87201741,FHPD18OFF030404,FHP,Long,3/28/2018 0:00:00,06:00 PM,Orlando,Orange,SR-408 TOLL,SR 436,10,West,Rear End,2,0,0,5,N,N,N,16000.000000000000000,Clear,Daylight,0,Rear End, ,Injury,N,Front to Front,Motor Vehicle in Transport,On Roadway,Non-Junction,N,Not at Intersection,State,Paved,Dry,None, , ,None, , ,N,N, , , , ,0,0,4,0,0,0,0,5,0,0,0,0,0.000000000000000,0.000000000000000,0,0,0,16000,"Mapped, On Network",-81.308109626999993,28.539330900100001,662888.411955000017770,506561.318391999986488,4/25/2018 10:24:05 AM,6301_6218
1755,1756,1,1755,30513,87734425,2018-00136793,Orlando PD,Long,4/6/2018 0:00:00,06:02 PM,Orlando,Orange,EW EBO,S ORANGE BLOSSOM TL,100,West,Rear End,2,0,0,0,N,N,N,2000.000000000000000,Clear,Daylight,0,Rear End, ,Property Damage Only,Y,Front to Rear,Motor Vehicle in Transport,On Roadway,Non-Junction,N,Not at Intersection,State,Paved,Dry,None, , ,None, , ,N,N, , , , ,0,0,0,0,0,0,0,0,0,0,0,0,0.000000000000000,0.000000000000000,0,0,0,2000,"Mapped, On Network",-81.400183510000005,28.535092918800000,653907.809174000052735,505897.838563000026625,4/30/2018 2:29:48 PM,8169_8242
1756,1757,1,1756,30514,87734581,2018-00134669,Orlando PD,Short,4/5/2018 0:00:00,10:41 AM,Orlando,Orange,SR 408 WBO,SR 436 (SEMORAN BV) ON RAMP,1900,West,Sideswipe,2,0,0,0,N,N,N,1000.000000000000000,Clear,Daylight,0,Same Direction Sideswipe, ,Property Damage Only,Y,Angle,Motor Vehicle in Transport,On Roadway,Non-Junction,N,Not at Intersection,State,Paved,Dry,None, , ,None, , ,N,N, , , , ,0,0,0,0,0,0,0,0,0,0,0,0,0.000000000000000,0.000000000000000,0,0,0,1000,"Mapped, On Network",-81.318866187200001,28.539933433000002,661836.643788999994285,506605.331768999982160,5/1/2018 10:04:38 AM,8188_6226
1757,1758,1,1757,30517,87446269,2018-00136035,Orlando PD,Short,4/6/2018 0:00:00,08:22 AM,Orlando,Orange,BEELINE EBO (SR 528),S SEMORAN BV,1000,East,Rear End,2,0,0,0,N,N,N,1200.000000000000000,Clear,Daylight,0,Rear End, ,Property Damage Only,Y,Front to Rear,Motor Vehicle in Transport,On Roadway,Non-Junction,N,Not at Intersection,Turnpike/Toll,Paved,Dry,None, , ,None, , ,N,N, , , , ,0,0,3,0,0,0,0,0,0,0,0,0,0.000000000000000,0.000000000000000,0,0,0,1200,"Mapped, On Network",-81.305810823900003,28.451376405600001,663326.269084000028670,496800.661743999982718,4/30/2018 1:56:49 PM,8296_8190
1758,1759,1,1758,30522,87201739,FHPD18OFF032111,FHP,Long,4/2/2018 0:00:00,04:00 PM,Orlando,Orange,SR 528,SR 520,100,West,Unknown,2,0,0,2,N,N,N,4000.000000000000000,Cloudy,Daylight,0,Unknown, ,Injury,N,Front to Rear,Motor Vehicle in Transport,On Roadway,Non-Junction,N,Not at Intersection,State,Unpaved,Wet,None, , ,None, , ,N,N, , , , ,0,0,1,0,0,0,0,1,1,0,0,0,0.000000000000000,0.000000000000000,0,1,0,4000,"Mapped, On Network",-80.984731729700002,28.452645184200001,694698.722594000049867,497668.007327000028454,4/24/2018 6:59:41 PM,8091_5943
1759,1760,1,1759,30530,87189993,FHPD18OFF032139,FHP,Short,4/2/2018 0:00:00,04:45 PM,Orlando,Orange,STATE ROAD 528 (BEACHLINE EXPRESSWAY),STATE ROAD 520,0, ,Rear End,2,0,0,0,N,Y,N,2750.000000000000000,Rain,Daylight,0,Rear End, ,Property Damage Only,N,Front to Rear,Motor Vehicle in Transport,On Roadway,Non-Junction,N,Not at Intersection,State,Curb,Wet,None, , ,None, , ,N,N, , , , ,0,0,0,0,0,0,0,0,0,0,0,0,0.000000000000000,0.000000000000000,0,0,0,2750,"Mapped, On Network",-80.984588661000004,28.452639715200000,694712.717548000044189,497667.742053999972995,4/24/2018 6:53:54 PM,8091_5943
1760,1761,1,1760,30542,87116974,FHPD18OFF020188,FHP,Long,3/1/2018 0:00:00,10:46 AM,Orlando Expwy Auth,Orange,SR-417,MM36,0,North,Unknown,2,0,0,1,N,N,N,2800.000000000000000,Clear,Daylight,0,Unknown, ,Injury,N,Angle,Motor Vehicle in Transport,On Roadway,Non-Junction,N,Not at Intersection,State,Paved,Dry,None, , ,None, , ,N,N, , , , ,0,0,4,0,0,0,0,0,1,0,0,0,1.000000000000000,0.000000000000000,0,1,0,2800,"Mapped, On Network",-81.252485427699995,28.591543170000001,668190.565960000036284,512478.153622000012547,4/11/2018 4:26:54 PM,8118_8456
1761,1762,1,1761,30547,85574546,FHPK18OFF015729,FHP,Long,3/3/2018 0:00:00,09:24 AM,Winter Garden,Orange,SR429 (WESTERN BELTWAY) SB,16MM,5280,South,Rollover,1,0,0,0,N,Y,N,8000.000000000000000,Clear,Daylight,0,Rollover, ,Property Damage Only,N,Other,Overturn/Rollover,Median,Non-Junction,N,Not at Intersection,Turnpike/Toll,Paved,Dry,None, , ,None, , ,N,N, , , , ,0,0,0,0,0,0,0,0,0,0,0,0,0.000000000000000,0.000000000000000,0,0,0,8000,"Mapped, On Network",-81.629137160699997,28.484448248200000,631658.355896999943070,499823.812208999996074,4/16/2018 10:19:51 AM,6859_8039
1762,1763,1,1762,30548,85564142,FHPD18OFF020162,FHP,Long,3/1/2018 0:00:00,09:20 AM,Orlando Expwy Auth,Orange,SR-417,SR-408,0, ,Unknown,2,0,0,0,N,N,N,20000.000000000000000,Clear,Daylight,0,Unknown, ,Property Damage Only,N,"Sideswipe, Same Direction",Other Non-Fixed Object,On Roadway,Non-Junction,N,Not at Intersection,State,Paved,Dry,Debris, , ,None, , ,N,Y,Work on Shoulder or Median,Activity Area,N,N,0,0,0,0,0,0,0,0,0,0,0,0,0.000000000000000,0.000000000000000,0,0,0,20000,"Mapped, On Network",-81.257858060000004,28.547396375300000,667775.232145000016317,507564.943771000020206,4/11/2018 2:10:28 PM,11876_8570
1763,1764,1,1763,30558,87197617,FHPD18OFF032121,FHP,Short,4/2/2018 0:00:00,04:10 PM,Orlando,Orange,STATE ROAD 417 SB EXIT RAMP,US 441,200,West,Other,2,0,0,0,N,Y,N,800.000000000000000,Clear,Daylight,0,Other, ,Property Damage Only,N,Front to Rear,Motor Vehicle in Transport,On Roadway,Non-Junction,N,Not at Intersection,State,Curb,Dry,None, , ,None, , ,N,N, , , , ,0,0,4,0,0,0,0,0,0,0,0,0,0.000000000000000,0.000000000000000,0,0,0,800,"Mapped, On Network",-81.411830117099996,28.375298278399999,653142.962275999947451,488131.601866999990307,4/24/2018 6:57:54 PM,8277_8290
1764,1765,1,1764,30587,87444410,2018-00133634,Orlando PD,Long,4/4/2018 0:00:00,05:30 PM,Orlando,Orange,EW EBO,ORANGE BLOSSOM TRL EXIT RAMP,200,East,Unknown,4,0,0,2,N,N,N,22000.000000000000000,Clear,Daylight,0,Unknown, ,Injury,Y,Front to Rear,Motor Vehicle in Transport,On Roadway,Non-Junction,N,Not at Intersection,State,Paved,Dry,None, , ,None, , ,N,N, , , , ,0,0,1,0,0,0,0,1,1,0,0,0,0.000000000000000,0.000000000000000,0,0,0,22000,"Mapped, On Network",-81.399204065399999,28.535064622200000,654003.517489999998361,505896.713837000017520,5/1/2018 8:45:54 AM,8242_8248
1765,1766,1,1765,30614,87153625,FHPD18OFF020637,FHP,Short,3/2/2018 0:00:00,02:29 PM,Orlando,Orange,STATE ROAD 417 (CENTRAL FLORIDA GREENEWAY),LANDSTAR BOULEVARD,300,West,Rear End,2,0,0,0,N,Y,N,500.000000000000000,Clear,Daylight,0,Rear End, ,Property Damage Only,N,Front to Rear,Motor Vehicle in Transport,On Roadway,Entrance/Exit Ramp,N,Not at Intersection,State,Curb,Dry,None, , ,None, , ,N,N, , , , ,0,0,0,0,0,0,0,0,0,0,0,0,0.000000000000000,0.000000000000000,0,1,0,500,"Mapped, On Network",-81.361029489200007,28.369265881600001,658125.239794999943115,487567.124832000001334,4/11/2018 5:27:22 PM,7997_8466
1766,1767,1,1766,30625,87173898,FHPD18OFF034195,FHP,Short,4/7/2018 0:00:00,04:15 PM,Orlando Expwy Auth,Orange,NB SR-417,SR-423,10560,South,Rear End,2,0,0,0,N,N,N,6000.000000000000000,Cloudy,Daylight,0,Rear End, ,Property Damage Only,Y,Front to Rear,Motor Vehicle in Transport,On Roadway,Non-Junction,N,Not at Intersection,State,Paved,Dry,None, , ,None, , ,N,N, , , , ,0,0,3,0,0,0,0,0,0,0,0,0,0.000000000000000,0.000000000000000,0,0,0,6000,"Mapped, On Network",-81.443869674900000,28.358920131300000,650047.398796000052243,486247.723687999998219,4/30/2018 2:33:18 PM,6959_8287
1767,1768,1,1767,30647,87733831,2018-00128166,Orlando PD,Long,3/31/2018 0:00:00,10:46 PM,Orlando,Orange,SR 408 EBO,ORANGE AVE EXIT RAMP,1000,West,Rear End,5,0,0,4,N,N,N,25500.000000000000000,Clear,Dark - Lighted,0,Rear End, ,Injury,Y,Front to Rear,Motor Vehicle in Transport,On Roadway,Non-Junction,N,Not at Intersection,State,Paved,Dry,None, , ,None, , ,N,N, , , , ,0,0,5,0,0,0,0,3,1,0,0,0,1.000000000000000,0.000000000000000,0,1,0,25500,"Mapped, On Network",-81.380778727899994,28.535126983900000,655802.588526000035927,505941.724904000002425,4/24/2018 1:52:21 PM,6679_6276
1768,1769,1,1768,30650,87186259,FHPD18OFF021128,FHP,Long,3/3/2018 0:00:00,06:08 PM,Orlando Expwy Auth,Orange,STATE ROAD 417 NB MM8,HUNTERS VISTA BLVD,300,North,Rear End,2,0,0,1,N,N,N,4000.000000000000000,Clear,Dusk,0,Rear End, ,Injury,Y,Front to Rear,Motor Vehicle in Transport,On Roadway,Non-Junction,N,Not at Intersection,State,Paved,Dry,None, , ,None, , ,N,N, , , , ,0,0,1,0,0,0,0,0,1,0,0,0,1.000000000000000,0.000000000000000,0,1,0,4000,"Mapped, On Network",-81.451296147099995,28.357236868000001,649324.888745000003837,486045.788820000016131,4/16/2018 10:57:52 AM,6916_6959
1769,1770,1,1769,30651,87186257,FHPD18OFF020755,FHP,Long,3/2/2018 0:00:00,05:34 PM,Orlando Expwy Auth,Orange,STATE ROAD 417 NB MM37,ALOMA AVE,5280,South,Rear End,2,0,0,1,N,N,N,1500.000000000000000,Clear,Daylight,0,Rear End, ,Injury,Y,Front to Rear,Motor Vehicle in Transport,On Roadway,Non-Junction,N,Not at Intersection,State,Paved,Dry,None, , ,None, , ,N,N, , , , ,0,0,0,0,0,0,0,0,1,0,0,0,1.000000000000000,0.000000000000000,0,1,0,1500,"Mapped, On Network",-81.254662352099999,28.605212502899999,667944.313544000033289,513991.096941000025254,4/11/2018 5:22:53 PM,5988_6758
1770,1771,1,1770,30654,87173870,FHPD18OFF020761,FHP,Long,3/2/2018 0:00:00,05:42 PM,Orlando Expwy Auth,Orange,EB SR-408,DEAN ROAD,5280,West,Rear End,2,0,0,1,N,N,N,600.000000000000000,Clear,Daylight,0,Rear End, ,Injury,Y,Front to Rear,Motor Vehicle in Transport,On Roadway,Non-Junction,N,Not at Intersection,State,Paved,Dry,None, , ,None, , ,N,N, , , , ,0,0,0,0,0,0,0,1,0,0,0,0,0.000000000000000,0.000000000000000,0,1,0,600,"Mapped, On Network",-81.260978536200000,28.547294308200001,667470.813770000007935,507546.839214999985415,4/16/2018 9:46:26 AM,8412_7015
1771,1772,1,1771,30670,87733704,2018-00110293,Orlando PD,Long,3/19/2018 0:00:00,12:45 PM,Orlando,Orange,SR 408 WBO,SR 408 EXIT RAMP TO US 441 (S ORANGE BLOSSOM TR),200,East,Other,1,0,0,1,N,N,N,500.000000000000000,Clear,Daylight,0,Single Vehicle, ,Injury,Y,Other,Other Non-Collision,On Roadway,Non-Junction,N,Not at Intersection,State,Paved,Dry,Work Zone, , ,None, , ,N,N, , , , ,0,1,0,0,0,0,0,0,0,1,0,0,1.000000000000000,0.000000000000000,0,0,0,500,"Mapped, On Network",-81.393026918100006,28.535213607300001,654606.361401999951340,505925.994635000010021,4/19/2018 1:33:24 PM,8272_8254
1772,1773,1,1772,30675,87733911,2018-00135767,Orlando PD,Long,4/6/2018 0:00:00,02:09 AM,Orlando,Orange,SR 408 EBO,MILLS AVE,500,West,Other,1,0,0,1,Y,Y,N,5000.000000000000000,Clear,Dark - Lighted,0,Single Vehicle, ,Injury,Y,Other,Motor Vehicle in Transport,On Roadway,Non-Junction,N,Not at Intersection,State,Paved,Dry,None, , ,None, , ,N,N, , , , ,0,0,0,0,0,0,0,1,0,0,0,0,0.000000000000000,0.000000000000000,0,0,0,5000,"Mapped, On Network",-81.374068804600000,28.537010095799999,656453.351874000043608,506164.744998999987729,4/30/2018 2:14:12 PM,6276_8307
1773,1774,1,1773,30705,87173901,FHPD18OFF034548,FHP,Long,4/8/2018 0:00:00,03:30 PM,Orlando Expwy Auth,Orange,WB SR-528,SR-15,5280,East,Off Road,1,0,0,2,N,N,N,12000.000000000000000,Cloudy,Daylight,0,Off Road, ,Injury,Y,Other,Guardrail Face,Shoulder,Non-Junction,N,Not at Intersection,State,Paved,Wet,None, , ,None, , ,N,N, , , , ,0,0,2,0,0,0,0,0,2,0,0,0,2.000000000000000,0.000000000000000,0,1,0,12000,"Mapped, On Network",-81.255563947300004,28.449137176000001,668242.058936999994330,496660.340211000002455,4/23/2018 10:01:31 AM,6663_8065