FID,OBJECTID_1,Join_Count,TARGET_FID,OBJECTID,HSMV_Repor,Agency_Rep,Reporting_,Form_Type,Crash_Date,Crash_Time,City,County,Crash_Stre,Intersecti,Offset_Dis,Offset_Dir,Crash_Type,Vehicles,Non_Motori,Fatalities,Injuries,Alcohol_Re,Distractio,Drug_Relat,Estimated_,Weather_Co,Light_Cond,Street_Num,Crash_Ty_1,Crash_Ty_2,Crash_Seve,Within_Cit,Manner_of_,First_Harm,First_HE_L,First_HE_R,First_HE_W,Type_of_In,Road_Sys_I,Type_of_Sh,Road_Surf_,Contrib_Ci,Contrib__1,Contrib__2,Contrib__3,Contrib__4,Contrib__5,School_Bus,Work_Zone_,Type_of_Wo,Loc_in_Wor,Workers_in,Law_Enforc,Mopeds,Motorcycle,Passengers,Bicyclists,Pedestrian,Fataliti_1,Injuries_U,Possible_I,Non_Incapa,Incapacita,Fataliti_2,Non_Traffi,Transporte,Transpor_1,Transpor_2,Citations,Property_D,Vehicle_Dm,S4_Mapping,S4_Decimal,S4_Decim_1,S4_Albers_,S4_Albers1,S4_Mappi_1,zone_id_st
1774,1775,1,1774,30722,87186387,FHPD18OFF034666,FHP,Long,4/8/2018 0:00:00,11:05 PM,Orlando,Orange,SR 417 NB,MM 17,0, ,Off Road,2,0,0,0,N,N,N,8500.000000000000000,Clear,Dark - Lighted,0,Off Road, ,Property Damage Only,N,Other,Guardrail Face,On Roadway,Non-Junction,N,Not at Intersection,State,Curb,Dry,None, , ,None, , ,N,N, , , , ,0,0,0,0,0,0,0,0,0,0,0,0,0.000000000000000,0.000000000000000,0,0,0,8500,"Mapped, On Network",-81.312494486800006,28.368589028500001,662873.480190000031143,487594.502473999978974,5/2/2018 8:53:48 AM,8480_11010
1775,1776,1,1775,30723,87186290,FHPD18OFF033721,FHP,Long,4/6/2018 0:00:00,04:06 PM,Orlando Expwy Auth,Orange,STATE ROAD 417 NB MM8,HUNTERS VISTA BLVD,0,South,Rear End,2,0,0,0,N,N,N,1010.000000000000000,Clear,Daylight,0,Rear End, ,Property Damage Only,Y,Front to Rear,Motor Vehicle in Transport,On Roadway,Non-Junction,N,Not at Intersection,State,Paved,Dry,None, , ,None, , ,N,N, , , , ,0,0,0,0,0,0,0,0,0,0,0,0,0.000000000000000,0.000000000000000,0,0,0,1010,"Mapped, On Network",-81.461435150599996,28.354981449099999,648338.345373000018299,485774.903356000024360,4/23/2018 2:29:16 PM,7010_6916
1776,1777,1,1776,30737,87182685,FHPD18OFF025533,FHP,Long,3/15/2018 0:00:00,06:10 PM,Orlando Expwy Auth,Orange,STATE ROAD 417 (GREENEWAY EXPRESSWAY),STATE ROAD 527A (BOGGY CREEK RD),2000,West,Sideswipe,3,0,0,1,N,N,N,17500.000000000000000,Clear,Daylight,0,Same Direction Sideswipe,S,Injury,Y,Front to Rear,Motor Vehicle in Transport,On Roadway,Non-Junction,N,Not at Intersection,State,Paved,Dry,None, , ,None, , ,N,N, , , , ,0,0,8,0,0,0,0,0,0,1,0,0,1.000000000000000,0.000000000000000,0,1,0,17500,"Mapped, On Network",-81.315805406500004,28.368127214200001,662550.796054000034928,487536.173368000017945,4/19/2018 10:51:03 AM,8482_6618
1777,1778,1,1777,30751,87445809,2018-00125480,Orlando PD,Long,3/29/2018 0:00:00,11:37 PM,Orlando,Orange,EW WBO,S ORANGE BLOSSOM TL,0,East,Rear End,3,0,0,0,N,N,N,4000.000000000000000,Clear,Dark - Lighted,0,Rear End, ,Property Damage Only,Y,Front to Rear,Motor Vehicle in Transport,On Roadway,Non-Junction,N,Not at Intersection,State,Paved,Dry,None, , ,None, , ,N,Y,Lane Closure,Advance Warning Area,N,Y,0,0,0,0,0,0,0,0,0,0,0,0,0.000000000000000,0.000000000000000,0,0,0,4000,"Mapped, On Network",-81.393629482400002,28.535281480500000,654547.362270000041462,505932.286701000004541,4/25/2018 11:08:35 AM,8272_8254
1778,1779,1,1778,30755,87145294,FHPD18OFF020527,FHP,Long,3/2/2018 0:00:00,09:50 AM,Orlando,Orange,SR-417 TOLL,LANDSTAR BLVD,5280,South,Rear End,2,0,0,1,N,N,N,6000.000000000000000,Clear,Daylight,0,Rear End, ,Injury,N,Front to Rear,Motor Vehicle in Transport,On Roadway,Non-Junction,N,Not at Intersection,State,Paved,Dry,None, , ,None, , ,N,N, , , , ,0,1,0,0,0,0,0,0,1,0,0,0,1.000000000000000,0.000000000000000,0,1,0,6000,"Mapped, On Network",-81.383481151100000,28.368273040799998,655931.849022999987938,487410.091390000015963,4/16/2018 10:02:10 AM,9176_7090
1779,1780,1,1779,30774,85564150,FHPD18OFF034744,FHP,Long,4/9/2018 0:00:00,08:00 AM,Orlando Expwy Auth,Orange,SR-408,DORSCHER ROAD,250,West,Rear End,3,0,0,1,N,Y,N,15000.000000000000000,Cloudy,Daylight,0,Rear End, ,Injury,N,Front to Rear,Motor Vehicle in Transport,On Roadway,Non-Junction,N,Not at Intersection,State,Paved,Wet,None, , ,None, , ,N,N, , , , ,0,0,0,0,0,0,0,0,1,0,0,0,0.000000000000000,0.000000000000000,0,2,0,15000,"Mapped, On Network",-81.475768204900007,28.548199688400000,646497.177946000010706,507199.748077999975067,4/23/2018 2:30:12 PM,8144_8146
1780,1781,1,1780,30782,87441576,2018-00132930,Orlando PD,Long,4/4/2018 0:00:00,09:07 AM,Orlando,Orange,SR 408 WB,S ROSALIND AVE,1300,West,Rear End,2,0,0,2,N,N,N,9000.000000000000000,Clear,Daylight,0,Rear End, ,Injury,Y,Front to Rear,Motor Vehicle in Transport,On Roadway,Non-Junction,N,Not at Intersection,State,Paved,Dry,None, , ,None, , ,N,N, , , , ,0,0,2,0,0,0,0,2,0,0,0,0,0.000000000000000,0.000000000000000,0,0,0,9000,"Mapped, On Network",-81.369850479700006,28.537253942100001,656864.681395999970846,506200.599173000024166,5/1/2018 8:54:56 AM,8313_6737
1781,1782,1,1781,30783,87444481,2018-00138232,Orlando PD,Short,4/7/2018 0:00:00,05:28 PM,Orlando,Orange,EW EBO,S BUMBY AV,1000,West,Sideswipe,2,0,0,0,N,Y,N,1200.000000000000000,Clear,Daylight,0,Same Direction Sideswipe, ,Property Damage Only,Y,"Sideswipe, Same Direction",Motor Vehicle in Transport,On Roadway,Non-Junction,N,Not at Intersection,State,Paved,Dry,None,None,None,None,None,None,N,N, , , , ,0,0,2,0,0,0,0,0,0,0,0,0,0.000000000000000,0.000000000000000,0,0,0,1200,"Mapped, On Network",-81.360738015799996,28.537762327300001,657753.275510999956168,506276.059598999971058,4/30/2018 2:46:05 PM,8315_8311
1782,1783,1,1782,30784,87445786,2018-00131235,Orlando PD,Long,4/3/2018 0:00:00,08:08 AM,Orlando,Orange,BEELINE WBO (SR 528),S GOLDENROD RD,200,West,Rear End,2,0,0,2,N,N,N,14000.000000000000000,Clear,Daylight,0,Rear End, ,Injury,Y,Front to Rear,Motor Vehicle in Transport,On Roadway,Non-Junction,N,Not at Intersection,Turnpike/Toll,Paved,Dry,None, , ,None, , ,N,N, , , , ,0,0,0,0,0,0,1,1,0,1,0,0,1.000000000000000,0.000000000000000,0,1,0,12000,"Mapped, On Network",-81.287499970499994,28.449505502000001,665120.228513999958523,496632.170001999998931,4/30/2018 10:51:50 AM,8180_8183
1783,1784,1,1783,30787,87181459,FHPD18OFF024060,FHP,Long,3/12/2018 0:00:00,08:23 AM,Orlando Expwy Auth,Orange,SR-417 TOLL,26MM,0, ,Rear End,2,0,0,0,N,N,N,3100.000000000000000,Cloudy,Daylight,0,Rear End,S,Property Damage Only,Y,Front to Rear,Motor Vehicle in Transport,On Roadway,Non-Junction,N,Not at Intersection,State,Paved,Dry,None, , ,None, , ,N,N, , , , ,0,0,0,0,0,0,0,0,0,0,0,0,0.000000000000000,0.000000000000000,0,1,0,3100,"Mapped, On Network",-81.235138779500005,28.465469259799999,670197.424243999994360,498518.262769000022672,4/19/2018 9:29:18 AM,8546_7092
1784,1785,1,1784,30788,87181461,FHPD18OFF024453,FHP,Short,3/13/2018 0:00:00,09:23 AM,Orlando Expwy Auth,Orange,SR-417 TOLL,17MM,0, ,Rear End,2,0,0,0,N,N,N,2500.000000000000000,Clear,Daylight,0,Rear End,S,Property Damage Only,Y,Front to Rear,Motor Vehicle in Transport,On Roadway,Non-Junction,N,Not at Intersection,State,Paved,Dry,None, , ,None, , ,N,N, , , , ,0,0,0,0,0,0,0,0,0,0,0,0,0.000000000000000,0.000000000000000,0,1,0,2500,"Mapped, On Network",-81.302496319400007,28.370838061099999,663845.813820000039414,487865.566101000003982,4/18/2018 12:02:35 PM,8601_11015
1785,1786,1,1785,30792,87173897,FHPD18OFF032593,FHP,Long,4/3/2018 0:00:00,05:55 PM,Orlando Expwy Auth,Orange,EB SR-408,TAMPA  AVE,0,West,Rear End,3,0,0,3,N,N,N,30000.000000000000000,Clear,Daylight,0,Rear End, ,Injury,Y,Front to Rear,Motor Vehicle in Transport,On Roadway,Non-Junction,N,Not at Intersection,State,Paved,Dry,None, , ,None, , ,N,N, , , , ,0,0,2,0,0,0,0,0,3,0,0,0,3.000000000000000,0.000000000000000,0,1,0,30000,"Mapped, On Network",-81.410297292899998,28.539909907100000,652908.971125000040047,506411.891429000010248,4/20/2018 3:10:26 PM,8213_8169
1786,1787,1,1786,30796,87173890,FHPD18OFF029708,FHP,Long,3/26/2018 0:00:00,06:19 PM,Orlando Expwy Auth,Orange,EB SR-408,SR-50,5280,West,Off Road,1,0,0,0,N,N,N,10000.000000000000000,Cloudy,Daylight,0,Off Road, ,Property Damage Only,Y,Other,Guardrail Face,Shoulder,Non-Junction,N,Not at Intersection,State,Paved,Wet,None, , ,None, , ,N,N, , , , ,0,0,0,0,0,0,0,0,0,0,0,0,0.000000000000000,0.000000000000000,0,1,0,10000,"Mapped, On Network",-81.191386216300003,28.553851463400001,674248.895306000020355,508427.724296999978833,4/20/2018 12:04:03 PM,6970_8174
1787,1788,1,1787,30797,87446538,2018-00125428,Orlando PD,Long,3/29/2018 0:00:00,11:01 PM,Orlando,Orange,SR 408 EAST/WEST EXPRESS WAY WBO,INTERSTATE 4 WBO EXIT RAMP,0,West,Sideswipe,2,0,0,0,N,N,N,550.000000000000000,Clear,Dark - Lighted,0,Same Direction Sideswipe, ,Property Damage Only,Y,"Sideswipe, Same Direction",Motor Vehicle in Transport,On Roadway,Through Roadway,N,Not at Intersection,State,Paved,Dry,None, , ,None, , ,N,Y,Lane Shift/Crossover,Transition Area,Y,Y,0,0,2,0,0,0,0,0,0,0,0,0,0.000000000000000,0.000000000000000,0,0,0,550,"Mapped, On Network",-81.381191243600000,28.535330916600000,655761.825884000048973,505963.512074000027496,4/30/2018 9:02:26 AM,6230_8274
1788,1789,1,1788,30820,87182682,FHPD18OFF025003,FHP,Long,3/14/2018 0:00:00,04:40 PM,Orlando Expwy Auth,Orange,STATE ROAD 408 (EAST WEST EXPWY),HIAWASSEE ROAD,500,West,Sideswipe,2,0,0,0,N,N,N,1500.000000000000000,Clear,Daylight,0,Same Direction Sideswipe, ,Property Damage Only,Y,"Sideswipe, Same Direction",Motor Vehicle in Transport,On Roadway,Non-Junction,N,Not at Intersection,State,Paved,Dry,None, , ,None, , ,N,N, , , , ,0,0,1,0,0,0,0,0,0,0,0,0,0.000000000000000,0.000000000000000,0,0,0,1500,"Mapped, On Network",-81.477496741300001,28.548552250299998,646327.604972000000998,507235.439882999984547,4/19/2018 1:12:36 PM,8210_8148
1789,1790,1,1789,30832,87166830,FHPD18OFF024835,FHP,Long,3/14/2018 0:00:00,07:21 AM,Orlando Expwy Auth,Orange,SR-429,MM27.5,20,North,Rear End,2,0,0,0,N,N,N,3400.000000000000000,Clear,Dawn,0,Rear End, ,Property Damage Only,N,Front to Rear,Motor Vehicle in Transport,On Roadway,Non-Junction,N,Not at Intersection,State,Paved,Dry,None, , ,None, , ,N,N, , , , ,0,0,1,0,0,0,0,0,0,0,0,0,0.000000000000000,0.000000000000000,0,1,0,3400,"Mapped, On Network",-81.537101559400000,28.611840441300000,640367.488399000023492,514144.881914999976289,4/20/2018 10:54:27 AM,7012_8458
1790,1791,1,1790,30854,87181480,FHPD18OFF035152,FHP,Long,4/10/2018 0:00:00,08:40 AM,Orlando Expwy Auth,Orange,SR-429 TOLL,32.5MM,0, ,Off Road,1,0,0,1,N,N,N,5000.000000000000000,Cloudy,Daylight,0,Off Road, ,Injury,Y,Other,Guardrail Face,Off Roadway,Non-Junction,N,Not at Intersection,State,Paved,Wet,None, , ,None, , ,N,N, , , , ,0,0,0,0,0,0,0,0,1,0,0,0,1.000000000000000,0.000000000000000,0,1,0,5000,"Mapped, On Network",-81.559263458800004,28.684163851200001,638045.910837000003085,522132.163429000007454,4/20/2018 12:58:22 PM,6116_5880
1791,1792,1,1791,30864,87186272,FHPD18OFF026204,FHP,Short,3/17/2018 0:00:00,12:39 PM,Orlando Expwy Auth,Orange,STATE ROAD 417 SB MM13,LANDSTAR BLVD,5280,North,Rear End,2,0,0,0,N,N,N,2500.000000000000000,Clear,Daylight,0,Rear End, ,Property Damage Only,Y,Front to Rear,Motor Vehicle in Transport,On Roadway,Non-Junction,N,Not at Intersection,State,Paved,Dry,None, , ,None, , ,N,N, , , , ,0,0,1,0,0,0,0,0,0,0,0,0,0.000000000000000,0.000000000000000,0,2,0,2500,"Mapped, On Network",-81.358629317300000,28.369628497899999,658359.109043000033125,487612.412976999999955,4/20/2018 2:37:44 PM,6700_8484
1792,1793,1,1792,30875,87182680,FHPD18OFF024452,FHP,Long,3/13/2018 0:00:00,09:20 AM,Orlando Expwy Auth,Orange,STATE ROAD 417 (GREENWAY EXPWY),STATE ROAD 527A (BOGGY CRK RD),5280,East,Rear End,2,0,0,0,N,N,N,10000.000000000000000,Clear,Daylight,0,Rear End,S,Property Damage Only,Y,Front to Rear,Motor Vehicle in Transport,On Roadway,Non-Junction,N,Not at Intersection,State,Paved,Dry,None, , ,None, , ,N,N, , , , ,0,0,0,0,0,0,0,0,0,0,0,0,0.000000000000000,0.000000000000000,0,1,0,10000,"Mapped, On Network",-81.284360161400002,28.376560926100002,665605.450362000032328,488539.909765999997035,4/18/2018 11:59:54 AM,8478_6486
1793,1794,1,1793,30876,87186269,FHPD18OFF024522,FHP,Long,3/13/2018 0:00:00,01:27 PM,Orlando Expwy Auth,Orange,STATE ROAD 417 NB MM12,STATE ROAD 91,0,South,Sideswipe,2,0,0,0,N,N,N,1000.000000000000000,Clear,Daylight,0,Same Direction Sideswipe, ,Property Damage Only,Y,"Sideswipe, Same Direction",Motor Vehicle in Transport,On Roadway,Non-Junction,N,Not at Intersection,State,Paved,Dry,None, , ,None, , ,N,N, , , , ,0,0,0,0,0,0,0,0,0,0,0,0,0.000000000000000,0.000000000000000,0,0,0,1000,"Mapped, On Network",-81.391358687099995,28.368208117599998,655161.584329999983311,487386.558090000005905,4/19/2018 11:30:47 AM,8017_6167
1794,1795,1,1794,30899,87446072,2018-00093220,Orlando PD,Long,3/7/2018 0:00:00,12:48 PM,Orlando,Orange,SR408 WEST,I4 (SR400) EAST ENTRANCE RAMP,100,East,Rear End,2,0,0,1,N,N,N,5500.000000000000000,Clear,Daylight,0,Rear End, ,Injury,Y,Front to Rear,Motor Vehicle in Transport,On Roadway,Non-Junction,N,Not at Intersection,State,Paved,Dry,None, , ,None, , ,N,N, , , , ,0,0,0,0,0,0,0,1,0,0,0,0,0.000000000000000,0.000000000000000,0,2,0,5500,"Mapped, On Network",-81.387045206500005,28.535345810500001,655190.158444999950007,505953.037842000019737,4/16/2018 10:13:54 AM,8272_8254
1795,1796,1,1795,30922,87186277,FHPD18OFF027515,FHP,Long,3/20/2018 0:00:00,07:36 PM,Orlando Expwy Auth,Orange,STATE ROAD 528 WB MM17,STATE ROAD 417,5280,East,Off Road,1,0,0,0,N,N,N,4000.000000000000000,Cloudy,Dusk,0,Off Road, ,Property Damage Only,Y,Other,Concrete Traffic Barrier,Shoulder,Non-Junction,N,Not at Intersection,State,Paved,Wet,Road Surface Condition, , ,None, , ,N,N, , , , ,0,0,4,0,0,0,0,0,0,0,0,0,0.000000000000000,0.000000000000000,0,0,0,4000,"Mapped, On Network",-81.210113257000003,28.451606191800000,672677.469151000026613,497034.156215999973938,4/18/2018 1:20:33 PM,6953_6320
1796,1797,1,1796,30981,87173739,FHPD18OFF033946,FHP,Long,4/7/2018 0:00:00,04:27 AM,Ocoee,Orange,STATE ROAD 429,PLANT STREET,5280,South,Rollover,1,0,0,0,N,N,N,15000.000000000000000,Cloudy,Dark - Lighted,0,Rollover, ,Property Damage Only,N,Other,Overturn/Rollover,Median,Non-Junction,N,Not at Intersection,State,Paved,Dry,None, , ,None, , ,N,N, , , , ,0,0,2,0,0,0,0,0,0,0,0,0,0.000000000000000,0.000000000000000,0,0,0,15000,"Mapped, On Network",-81.557286506400004,28.585600172800000,638455.511256000027061,511192.148589999997057,4/29/2018 4:13:40 PM,6089_6220
1797,1798,1,1797,30998,87186268,FHPD18OFF024455,FHP,Short,3/13/2018 0:00:00,09:28 AM,Orlando Expwy Auth,Orange,STATE ROAD 528 WB MM12,STATE ROAD 551,0, ,Rear End,2,0,0,0,N,N,N,3000.000000000000000,Clear,Daylight,0,Rear End, ,Property Damage Only,Y,Front to Rear,Motor Vehicle in Transport,On Roadway,Non-Junction,N,Not at Intersection,State,Paved,Dry,None, , ,None, , ,N,N, , , , ,0,0,0,0,0,0,0,0,0,0,0,0,0.000000000000000,0.000000000000000,0,1,0,3000,"Mapped, On Network",-81.289511005300000,28.449819248000001,664922.935486000031233,496662.683083000010811,4/19/2018 11:33:00 AM,8183_6664
1798,1799,1,1798,31013,87186258,FHPD18OFF020766,FHP,Long,3/2/2018 0:00:00,05:48 PM,Orlando Expwy Auth,Orange,STATE ROAD 417 NB MM7,HUNTERS VISTA BLVD,400,North,Rear End,2,0,0,0,N,N,N,4000.000000000000000,Clear,Dusk,0,Rear End, ,Property Damage Only,Y,Front to Rear,Motor Vehicle in Transport,On Roadway,Non-Junction,N,Not at Intersection,State,Paved,Dry,None, , ,None, , ,N,N, , , , ,0,0,0,0,0,0,0,0,0,0,0,0,0.000000000000000,0.000000000000000,0,1,0,4000,"Mapped, On Network",-81.450316554699995,28.357657233699999,649419.737729000044055,486094.444289000006393,4/11/2018 5:22:14 PM,6975_6889
1799,1800,1,1799,31019,87186256,FHPD18OFF020618,FHP,Long,3/2/2018 0:00:00,01:49 PM,Orlando Expwy Auth,Orange,STATE ROAD 417 SB MM37,UNIVERSITY BLVD,0,South,Sideswipe,2,0,0,0,N,N,N,1000.000000000000000,Clear,Daylight,0,Same Direction Sideswipe, ,Property Damage Only,Y,"Sideswipe, Same Direction",Motor Vehicle in Transport,On Roadway,Non-Junction,N,Not at Intersection,State,Paved,Dry,None, , ,None, , ,N,N, , , , ,0,0,0,0,0,0,0,0,0,0,0,0,0.000000000000000,0.000000000000000,0,0,0,1000,"Mapped, On Network",-81.250445166800006,28.594790639100001,668381.646284000016749,512843.151776999991853,4/16/2018 9:05:57 AM,8588_8118
1800,1801,1,1800,31040,87186276,FHPD18OFF027071,FHP,Long,3/19/2018 0:00:00,05:01 PM,Orlando Expwy Auth,Orange,STATE ROAD 417 NB,LEE VISTA  BLVD,0,South,Sideswipe,2,0,0,0,N,N,N,4000.000000000000000,Cloudy,Daylight,0,Same Direction Sideswipe, ,Property Damage Only,Y,"Sideswipe, Same Direction",Motor Vehicle in Transport,On Roadway,Non-Junction,N,Not at Intersection,State,Paved,Dry,None, , ,None, , ,N,N, , , , ,0,0,2,0,0,0,0,0,0,0,0,0,0.000000000000000,0.000000000000000,0,0,0,4000,"Mapped, On Network",-81.237044888699998,28.469596222300002,670000.911687999963760,498972.298124000022653,4/19/2018 1:37:50 PM,6173_8544
1801,1802,1,1801,31045,87182949,FHPD18OFF026433,FHP,Long,3/17/2018 0:00:00,08:00 PM,Ocoee,Orange,SR 429,SR 438 PLANT ST,500,South,Rear End,2,0,0,2,N,N,N,13000.000000000000000,Clear,Dark - Lighted,0,Rear End, ,Injury,N,Front to Rear,Motor Vehicle in Transport,On Roadway,Entrance/Exit Ramp,N,Not at Intersection,State,Paved,Dry,None, , ,None, , ,N,N, , , , ,0,0,3,0,0,0,0,2,0,0,0,0,2.000000000000000,0.000000000000000,0,0,0,13000,"Mapped, On Network",-81.557100066000004,28.572347132800001,638502.864412999944761,509720.974790000007488,4/20/2018 7:27:22 PM,8429_8423
1802,1803,1,1802,31057,87182678,FHPD18OFF024068,FHP,Short,3/12/2018 0:00:00,08:45 AM,Orlando Expwy Auth,Orange,STATE ROAD 417 (GREENEWAY EXPWY),LAKE UNDERHILL ROAD,5280,North,Unknown,2,0,0,0,N,N,N,1000.000000000000000,Rain,Daylight,0,Unknown,N,Property Damage Only,Y,Other,"Struck by Falling, Shifting Cargo",On Roadway,Non-Junction,N,Not at Intersection,State,Paved,Wet,None, , ,Weather Conditions, , ,N,N, , , , ,0,0,1,0,0,0,0,0,0,0,0,0,0.000000000000000,0.000000000000000,0,2,0,1000,"Mapped, On Network",-81.254437835299996,28.544192754000001,668117.088958999956958,507216.682781999988947,4/19/2018 9:26:29 AM,6035_2529
1803,1804,1,1803,31072,87181478,FHPD18OFF035109,FHP,Short,4/10/2018 0:00:00,07:06 AM,Orlando Expwy Auth,Orange,SR-408 TOLL,4MM,0, ,Unknown,2,0,0,0,N,N,N,7000.000000000000000,Cloudy,Daylight,0,Unknown, ,Property Damage Only,Y,"Sideswipe, Same Direction",Motor Vehicle in Transport,On Roadway,Non-Junction,N,Not at Intersection,State,Paved,Wet,None, , ,None, , ,N,N, , , , ,0,0,0,0,0,0,0,0,0,0,0,0,0.000000000000000,0.000000000000000,0,0,0,7000,"Mapped, On Network",-81.469520118099993,28.549212901899999,647104.923919999971986,507324.752562000008766,4/20/2018 1:10:34 PM,8210_8148
1804,1805,1,1804,31104,87182683,FHPD18OFF025048,FHP,Long,3/14/2018 0:00:00,05:40 PM,Orlando Expwy Auth,Orange,STATE ROAD 408 (EAST WEST EXPWY),COUNTY ROAD 431 (PINE HILLS RD),5280,East,Rear End,2,0,0,1,N,N,N,100.000000000000000,Clear,Daylight,0,Rear End, ,Injury,Y,Front to Rear,Motor Vehicle in Transport,On Roadway,Non-Junction,N,Not at Intersection,State,Paved,Dry,None, , ,None, , ,N,Y,Work on Shoulder or Median,Activity Area,Y,N,0,0,0,0,0,0,0,1,0,0,0,0,1.000000000000000,0.000000000000000,0,2,0,100,"Mapped, On Network",-81.439196450099999,28.548375564299999,650067.580609000055119,507292.909846999973524,4/19/2018 12:31:25 PM,6489_6994
1805,1806,1,1805,31107,87181473,FHPD18OFF031005,FHP,Long,3/30/2018 0:00:00,11:12 AM,Orlando Expwy Auth,Orange,SR-417 TOLL,10MM,0, ,Unknown,2,0,0,0,N,N,N,4000.000000000000000,Clear,Daylight,0,Unknown, ,Property Damage Only,Y,"Sideswipe, Same Direction",Motor Vehicle in Transport,On Roadway,Non-Junction,N,Not at Intersection,State,Paved,Dry,None, , ,None, , ,N,N, , , , ,0,0,0,0,0,0,0,0,0,0,0,0,0.000000000000000,0.000000000000000,0,0,0,4000,"Mapped, On Network",-81.417712362399996,28.375283483699999,652567.751949000055902,488117.897667000012007,4/20/2018 2:30:38 PM,8107_8280
1806,1807,1,1806,31108,87181474,FHPD18OFF032343,FHP,Long,4/3/2018 0:00:00,03:09 AM,Orlando Expwy Auth,Orange,SR-408 TOLL,16MM,0, ,Rear End,2,0,0,0,N,N,N,5000.000000000000000,Clear,Daylight,0,Rear End, ,Property Damage Only,Y,Front to Rear,Motor Vehicle in Transport,On Roadway,Non-Junction,N,Not at Intersection,State,Paved,Dry,None, , ,None, , ,N,N, , , , ,0,0,0,0,0,0,0,0,0,0,0,0,0.000000000000000,0.000000000000000,0,1,0,5000,"Mapped, On Network",-81.284307923699998,28.541275235499999,665207.743066999944858,506828.161917000019457,4/20/2018 2:27:52 PM,6918_8406
1807,1808,1,1807,31114,87048730,2018-00140172,Orlando PD,Short,4/9/2018 0:00:00,07:42 AM,Orlando,Orange,SR 408 (EW WBO),CRYSTAL LAKE DR EXIT RAMP,100,East,Rear End,2,0,0,1,N,N,N,700.000000000000000,Cloudy,Daylight,0,Rear End, ,Injury,Y,Front to Rear,Motor Vehicle in Transport,On Roadway,Non-Junction,N,Not at Intersection,State,Paved,Wet,None, , ,None, , ,N,N, , , , ,0,0,0,0,0,0,0,1,0,0,0,0,0.000000000000000,0.000000000000000,0,0,0,700,"Mapped, On Network",-81.339185286900005,28.538504546599999,659856.035307000041939,506403.701905999972951,5/1/2018 3:59:47 PM,6177_8353
1808,1809,1,1808,31116,87206734,FHPD18OFF031615,FHP,Long,3/31/2018 0:00:00,11:46 PM,Orlando,Orange,STATE ROAD-417,LEE VISTA ROAD,0,South,Rear End,2,0,0,1,N,Y,N,4500.000000000000000,Clear,Dawn,0,Rear End, ,Injury,N,Front to Rear,Motor Vehicle in Transport,On Roadway,Non-Junction,N,Not at Intersection,State,Paved,Dry,None, , ,None, , ,N,N, , , , ,0,0,0,0,0,0,0,1,0,0,0,0,0.000000000000000,0.000000000000000,0,0,0,4500,"Mapped, On Network",-81.239340832300002,28.477502377299999,669756.930563000030816,499845.081767999974545,4/26/2018 11:02:45 PM,8544_8386
1809,1810,1,1809,31118,87166835,FHPD18OFF027241,FHP,Long,3/20/2018 0:00:00,07:02 AM,Orlando Expwy Auth,Orange,SR-528,MM14,5280,East,Off Road,1,0,0,0,N,N,N,2800.000000000000000,Cloudy,Dawn,0,Off Road, ,Property Damage Only,N,Other,Concrete Traffic Barrier,Shoulder,Non-Junction,N,Not at Intersection,State,Paved,Dry,None, , ,None, , ,N,Y,Work on Shoulder or Median,Activity Area, ,N,0,0,0,0,0,0,0,0,0,0,0,0,0.000000000000000,0.000000000000000,0,0,0,2800,"Mapped, Not On Network",-81.248084919999997,28.451354479100001,668967.445445999968797,496922.815811000007670,4/20/2018 2:44:59 PM,6663_8065
1810,1811,1,1810,31130,87166833,FHPD18OFF025687,FHP,Long,3/16/2018 0:00:00,07:57 AM,Orlando Expwy Auth,Orange,SR-417,MM11,5280,North,Rear End,2,0,0,2,N,Y,N,6700.000000000000000,Clear,Dawn,0,Rear End, ,Injury,N,Front to Rear,Motor Vehicle in Transport,On Roadway,Non-Junction,N,Not at Intersection,State,Paved,Dry,None, , ,None, , ,N,N, , , , ,0,0,0,0,0,0,0,2,0,0,0,0,0.000000000000000,0.000000000000000,0,1,0,6700,"Mapped, On Network",-81.428565284100003,28.370420587100000,651517.667065000045113,487555.775666999979876,4/20/2018 3:31:25 PM,8287_8107
1811,1812,1,1811,31131,87166832,FHPD18OFF025669,FHP,Long,3/16/2018 0:00:00,06:41 AM,Orlando Expwy Auth,Orange,SR-417,MM9,5280,North,Unknown,2,0,0,0,N,N,N,2000.000000000000000,Clear,Dark - Lighted,0,Unknown, ,Property Damage Only,N,Angle,Motor Vehicle in Transport,On Roadway,Non-Junction,N,Not at Intersection,State,Paved,Dry,None, , ,None, , ,N,N, , , , ,0,0,0,0,0,0,0,0,0,0,0,0,0.000000000000000,0.000000000000000,0,1,0,2000,"Mapped, On Network",-81.431001278899998,28.368589060500000,651283.668747000047006,487347.450152000004891,4/20/2018 3:33:04 PM,8292_6975
1812,1813,1,1812,31132,87166831,FHPD18OFF025206,FHP,Long,3/15/2018 0:00:00,06:43 AM,Orlando Expwy Auth,Orange,SR-417,MM26,0,North,Rear End,4,0,0,3,N,N,N,13100.000000000000000,Clear,Dark - Lighted,0,Rear End, ,Injury,N,Front to Rear,Motor Vehicle in Transport,On Roadway,Non-Junction,N,Not at Intersection,State,Paved,Dry,None, , ,None, , ,N,N, , , , ,0,0,0,0,0,0,0,3,0,0,0,0,0.000000000000000,0.000000000000000,0,2,0,13100,"Mapped, On Network",-81.233538953199997,28.462464138300000,670361.228353000013158,498188.115236999990884,4/19/2018 11:43:21 AM,8546_7092