FID,OBJECTID_1,Join_Count,TARGET_FID,OBJECTID,HSMV_Repor,Agency_Rep,Reporting_,Form_Type,Crash_Date,Crash_Time,City,County,Crash_Stre,Intersecti,Offset_Dis,Offset_Dir,Crash_Type,Vehicles,Non_Motori,Fatalities,Injuries,Alcohol_Re,Distractio,Drug_Relat,Estimated_,Weather_Co,Light_Cond,Street_Num,Crash_Ty_1,Crash_Ty_2,Crash_Seve,Within_Cit,Manner_of_,First_Harm,First_HE_L,First_HE_R,First_HE_W,Type_of_In,Road_Sys_I,Type_of_Sh,Road_Surf_,Contrib_Ci,Contrib__1,Contrib__2,Contrib__3,Contrib__4,Contrib__5,School_Bus,Work_Zone_,Type_of_Wo,Loc_in_Wor,Workers_in,Law_Enforc,Mopeds,Motorcycle,Passengers,Bicyclists,Pedestrian,Fataliti_1,Injuries_U,Possible_I,Non_Incapa,Incapacita,Fataliti_2,Non_Traffi,Transporte,Transpor_1,Transpor_2,Citations,Property_D,Vehicle_Dm,S4_Mapping,S4_Decimal,S4_Decim_1,S4_Albers_,S4_Albers1,S4_Mappi_1,zone_id_st
1813,1814,1,1813,31134,87166828,FHPD18OFF024448,FHP,Long,3/13/2018 0:00:00,09:04 AM,Orlando Expwy Auth,Orange,SR-417,MM16,0,North,Pedestrian,1,1,0,1,N,N,N,800.000000000000000,Clear,Daylight,0,Pedestrian, ,Injury,N,Other,Pedestrian,On Roadway,Non-Junction,N,Not at Intersection,State,Paved,Dry,None, , ,None, , ,N,N, , , , ,0,0,0,0,1,0,0,0,0,1,0,0,1.000000000000000,0.000000000000000,0,0,0,800,"Mapped, On Network",-81.327945330399999,28.367577877100000,661364.854244000045583,487449.391209000023082,4/18/2018 12:21:25 PM,6618_6299
1814,1815,1,1814,31137,85547442,FHPK18OFF023427,FHP,Long,3/31/2018 0:00:00,06:30 AM,Winter Garden,Orange,STATE ROAD 429,21.5 MM,0, ,Rear End,2,0,0,0,N,N,N,7000.000000000000000,Clear,Dark - Lighted,0,Rear End, ,Property Damage Only,N,Front to Rear,Motor Vehicle in Transport,On Roadway,Entrance/Exit Ramp,Y,Not at Intersection,State,Paved,Dry,None, , ,None, , ,N,N, , , , ,0,0,1,0,0,0,0,0,0,0,0,0,0.000000000000000,0.000000000000000,0,0,0,7000,"Mapped, On Network",-81.562162100199998,28.529839418600002,638102.036491999984719,504991.390222000016365,4/24/2018 6:45:44 PM,6231_8470
1815,1816,1,1815,31153,87192272,FHPD18OFF032608,FHP,Short,4/3/2018 0:00:00,06:15 PM,Orlando,Orange,SR-408 TOLL,DEAN ROAD,200,East,Rear End,2,0,0,0,N,Y,N,2500.000000000000000,Clear,Daylight,0,Rear End, ,Property Damage Only,N,Front to Rear,Motor Vehicle in Transport,On Roadway,Non-Junction,N,Not at Intersection,State,Unpaved,Dry,None, , ,None, , ,N,N, , , , ,0,0,1,0,0,0,0,0,0,0,0,0,0.000000000000000,0.000000000000000,0,0,0,2500,"Mapped, On Network",-81.243552772000001,28.547128130800001,669172.603756000055000,507566.305815000028815,4/30/2018 10:12:55 AM,6269_8009
1816,1817,1,1816,31193,87171439,FHPK18OFF022896,FHP,Long,3/29/2018 0:00:00,12:00 PM,Winter Garden,Orange,NB SR-429 AT MM19 TOLL ENTRANCE,CR-535,50,North,Rear End,2,0,0,0,N,Y,N,3100.000000000000000,Clear,Daylight,0,Rear End, ,Property Damage Only,N,Front to Rear,Motor Vehicle in Transport,On Roadway,Entrance/Exit Ramp,Y,Other,State,Paved,Dry,None, , ,None, , ,N,N, , , , ,0,0,1,0,0,0,0,0,0,0,0,0,0.000000000000000,0.000000000000000,0,2,0,3100,"Mapped, On Network",-81.590857180399993,28.515597135699998,635330.664299999945797,503354.921189000015147,4/26/2018 11:01:06 PM,8494_8462
1817,1818,1,1817,31221,87468131,2018TA004109,Apopka PD,Long,3/27/2018 0:00:00,09:14 AM,Apopka,Orange,SR-429-TOLL,OCOEE APOPKA RD,979,South,Rear End,2,0,0,0,N,N,N,11000.000000000000000,Clear,Daylight,0,Rear End, ,Property Damage Only,Y,"Sideswipe, Same Direction",Motor Vehicle in Transport,On Roadway,Through Roadway,N,Not at Intersection,Turnpike/Toll,Paved,Dry,None, , ,None, , ,N,N, , , , ,0,0,3,0,0,0,0,0,0,0,0,0,0.000000000000000,0.000000000000000,0,0,0,11000,"Mapped, On Network",-81.537423246600000,28.627373922200000,640301.650172000052407,515868.983104999992065,3/29/2018 4:09:20 PM,6295_8444
1818,1819,1,1818,31225,87102438,FHPD18OFF022804,FHP,Long,3/8/2018 0:00:00,05:00 PM,Orlando Expwy Auth,Orange,SR 417 (GREENEWAY EXPRESSWAY),UNIVERSITY BLVD,5280,North,Rear End,3,0,0,2,N,N,N,8500.000000000000000,Clear,Daylight,0,Rear End, ,Injury,N,Front to Rear,Motor Vehicle in Transport,On Roadway,Non-Junction,N,Not at Intersection,State,Paved,Dry,None, , ,None, , ,N,N, , , , ,0,0,1,0,0,0,0,1,1,0,0,0,2.000000000000000,0.000000000000000,0,1,0,8500,"Mapped, On Network",-81.255498799899996,28.587357570000002,667906.817611000034958,512006.885180999990553,4/18/2018 9:23:17 AM,6317_6318
1819,1820,1,1819,31230,87444555,2018-00096833,Orlando PD,Long,3/9/2018 0:00:00,08:50 PM,Orlando,Orange,EW EBO (STATE ROAD 408),S ORANGE AVE,200,East,Unknown,2,0,0,5,N,N,N,10000.000000000000000,Clear,Dark - Lighted,0,Unknown, ,Injury,Y,Angle,Motor Vehicle in Transport,On Roadway,Non-Junction,N,Not at Intersection,State,Unpaved,Dry,None, , ,None, , ,N,N, , , , ,0,0,6,0,0,0,0,5,0,0,0,0,0.000000000000000,0.000000000000000,0,0,0,10000,"Mapped, On Network",-81.377730599299994,28.535790955900001,656098.666990999947302,506021.772930999984965,4/18/2018 10:09:27 AM,6679_6276
1820,1821,1,1820,31248,87166850,FHPD18OFF035209,FHP,Long,4/10/2018 0:00:00,11:35 AM,Orlando Expwy Auth,Orange,SR-417,MM27,5280,South,Sideswipe,2,0,0,0,N,N,N,2000.000000000000000,Rain,Daylight,0,Same Direction Sideswipe, ,Property Damage Only,N,"Sideswipe, Same Direction",Motor Vehicle in Transport,On Roadway,Non-Junction,N,Not at Intersection,State,Paved,Wet,None, , ,Weather Conditions, , ,N,N, , , , ,0,0,0,0,0,0,0,0,0,0,0,0,0.000000000000000,0.000000000000000,0,1,0,2000,"Mapped, On Network",-81.238199667100005,28.473158557900000,669879.223832000046968,499365.290997000003699,4/20/2018 12:00:15 PM,6173_8544
1821,1822,1,1821,31251,87186071,FHPD18OFF030206,FHP,Long,3/28/2018 0:00:00,08:35 AM,Orlando,Orange,STATE ROAD 408,MM16,0, ,Unknown,4,0,0,2,N,Y,N,4200.000000000000000,Clear,Daylight,0,Unknown, ,Injury,N,Front to Rear,Motor Vehicle in Transport,On Roadway,Non-Junction,N,Not at Intersection,State,Unpaved,Dry,None, , ,None, , ,N,N, , , , ,0,0,3,0,0,0,0,2,0,0,0,0,0.000000000000000,0.000000000000000,0,1,0,4200,"Mapped, On Network",-81.282748204900003,28.541820049399998,665358.703557000029832,506892.007389999984298,4/26/2018 10:59:17 PM,8408_8412
1822,1823,1,1822,31323,87173887,FHPD18OFF027461,FHP,Short,3/20/2018 0:00:00,04:40 PM,Orlando Expwy Auth,Orange,WB SR-408,HIAWASSEE ROAD,0,East,Rear End,2,0,0,0,N,N,N,1450.000000000000000,Rain,Daylight,0,Rear End, ,Property Damage Only,Y,Front to Rear,Motor Vehicle in Transport,On Roadway,Non-Junction,N,Not at Intersection,State,Paved,Wet,None, , ,None, , ,N,N, , , , ,0,0,0,0,0,0,0,0,0,0,0,0,0.000000000000000,0.000000000000000,0,1,0,1450,"Mapped, On Network",-81.468878532800005,28.549240652000002,647167.503573999973014,507329.119530000025406,4/19/2018 2:32:25 PM,6930_8210
1823,1824,1,1823,31324,87173886,FHPD18OFF027454,FHP,Short,3/20/2018 0:00:00,03:40 PM,Orlando Expwy Auth,Orange,WB SR-408,HIAWASSEE ROAD,0,West,Off Road,1,0,0,0,N,N,N,6000.000000000000000,Severe Crosswinds,Daylight,0,Off Road, ,Property Damage Only,Y,Other,Guardrail Face,On Roadway,Non-Junction,N,Not at Intersection,State,Paved,Wet,None, , ,Weather Conditions, , ,N,N, , , , ,0,0,0,0,0,0,0,0,0,0,0,0,0.000000000000000,0.000000000000000,0,0,0,6000,"Mapped, On Network",-81.462690316099994,28.550219488500002,647769.469738999963738,507450.220587000017986,4/19/2018 2:34:32 PM,8203_6930
1824,1825,1,1824,31331,87446037,2018-00093201,Orlando PD,Long,3/7/2018 0:00:00,12:33 PM,Orlando,Orange,SR 408 WEST,S TAMPA AV ENTRANCE RAMP,500,East,Other,1,0,0,1,N,N,N,750.000000000000000,Cloudy,Daylight,0,Single Vehicle, ,Injury,Y,Other,Other Non-Fixed Object,On Roadway,Non-Junction,N,Not at Intersection,State,Paved,Dry,Obstruction in Roadway, , ,None, , ,N,N, , , , ,0,0,0,0,0,0,0,1,0,0,0,0,0.000000000000000,0.000000000000000,0,0,0,750,"Mapped, On Network",-81.407026284699995,28.537583139799999,653233.802058000001125,506160.260216000024229,4/16/2018 11:48:14 AM,8252_8244
1825,1826,1,1825,31348,87186291,FHPD18OFF034723,FHP,Long,4/9/2018 0:00:00,07:22 AM,Orlando Expwy Auth,Orange,STATE ROAD 417 SB MM26,STATE ROAD 528,5280,North,Rear End,4,0,0,4,N,Y,N,13000.000000000000000,Cloudy,Daylight,0,Rear End, ,Injury,Y,Front to Rear,Motor Vehicle in Transport,On Roadway,Non-Junction,N,Not at Intersection,State,Paved,Dry,None, , ,None, , ,N,N, , , , ,0,0,1,0,0,0,0,4,0,0,0,0,0.000000000000000,0.000000000000000,0,0,0,13000,"Mapped, On Network",-81.235939515499993,28.466893063699999,670115.641056000022218,498674.591302999993786,4/20/2018 12:25:50 PM,8546_7092
1826,1827,1,1826,31349,87186288,FHPD18OFF033130,FHP,Long,4/5/2018 0:00:00,07:36 AM,Orlando Expwy Auth,Orange,STATE ROAD 408 EB MM5,HIAWASSEE RD,0,West,Rear End,2,0,0,1,N,N,N,2500.000000000000000,Clear,Daylight,0,Rear End, ,Injury,Y,Front to Rear,Motor Vehicle in Transport,On Roadway,Non-Junction,N,Not at Intersection,State,Paved,Dry,None, , ,None, , ,N,N, , , , ,0,1,1,0,0,0,0,0,1,0,0,0,0.000000000000000,0.000000000000000,0,1,0,2500,"Mapped, On Network",-81.484154936099998,28.548920129999999,645676.675499000004493,507263.003978000022471,4/20/2018 12:31:36 PM,6788_8144
1827,1828,1,1827,31362,85547443,FHPK18OFF023433,FHP,Long,3/31/2018 0:00:00,06:35 AM,Winter Garden,Orange,STATE ROAD 429,21.5 MM,0, ,Rear End,2,0,0,0,N,N,N,7000.000000000000000,Clear,Dark - Lighted,0,Rear End, ,Property Damage Only,N,Front to Rear,Motor Vehicle in Transport,On Roadway,Non-Junction,N,Not at Intersection,State,Paved,Dry,None, , ,None, , ,N,N, , , , ,0,0,0,0,0,0,0,0,0,0,0,0,0.000000000000000,0.000000000000000,0,1,0,7000,"Mapped, On Network",-81.562162100199998,28.529860680199999,638101.989814999978989,504993.750989999971353,4/24/2018 6:45:30 PM,6231_8470
1828,1829,1,1828,31373,87446097,2018-00091103,Orlando PD,Long,3/6/2018 0:00:00,05:20 AM,Orlando,Orange,SR 408 WBO,I4 WBO,0, ,Rear End,3,0,0,0,N,N,N,9000.000000000000000,Clear,Dark - Lighted,0,Rear End, ,Property Damage Only,Y,Front to Rear,Motor Vehicle in Transport,On Roadway,Entrance/Exit Ramp,Y,Not at Intersection,State,Paved,Dry,None, , ,None, , ,N,N, , , , ,0,0,2,0,0,0,0,0,0,0,0,0,0.000000000000000,0.000000000000000,0,0,0,9000,"Mapped, On Network",-81.382074876000004,28.535441698900001,655675.279115000041202,505973.979929000022821,4/17/2018 10:19:29 AM,8274_8272
1829,1830,1,1829,31402,87442887,2018-00103007,Orlando PD,Long,3/14/2018 0:00:00,08:52 AM,Orlando,Orange,528 BEACHLINE EXPRESSWAY (SR 528 - EASTBOUND),SOUTH GOLDENROD ROAD (SR 551),5280,West,Unknown,3,0,0,2,N,N,N,8600.000000000000000,Clear,Daylight,0,Unknown, ,Injury,Y,Front to Rear,Motor Vehicle in Transport,On Roadway,Through Roadway,N,Not at Intersection,State,Paved,Dry,None, , ,Glare, , ,N,N, , , , ,0,0,0,0,0,0,0,2,0,0,0,0,0.000000000000000,0.000000000000000,0,0,0,8600,"Mapped, On Network",-81.304861504100003,28.451395031299999,663418.994299000012688,496804.757291999994777,4/19/2018 11:11:14 AM,8296_8190
1830,1831,1,1830,31442,87173881,FHPD18OFF025534,FHP,Long,3/15/2018 0:00:00,06:10 PM,Orlando Expwy Auth,Orange,WB SR-408,GOOD HOMES ROAD,0,East,Rear End,3,0,0,0,N,N,N,7000.000000000000000,Clear,Daylight,0,Rear End, ,Property Damage Only,Y,Front to Rear,Motor Vehicle in Transport,On Roadway,Non-Junction,N,Not at Intersection,State,Paved,Dry,None, , ,None, , ,N,Y,Lane Closure,Activity Area,Y,N,0,0,0,0,0,0,0,0,0,0,0,0,0.000000000000000,0.000000000000000,0,1,0,7000,"Mapped, On Network",-81.498192563399996,28.547176689200001,644309.993105000001378,507041.535772999981418,4/19/2018 12:08:31 PM,6300_8156
1831,1832,1,1831,31451,87446036,2018-00093217,Orlando PD,Long,3/7/2018 0:00:00,12:47 PM,Orlando,Orange,SR 408 WEST,S TAMPA AV ENTRANCE RAMP,500,East,Rear End,2,0,0,1,N,N,N,5000.000000000000000,Cloudy,Daylight,0,Rear End, ,Injury,Y,Angle,Motor Vehicle in Transport,On Roadway,Non-Junction,N,Not at Intersection,State,Paved,Dry,Obstruction in Roadway, , ,None, , ,N,N, , , , ,0,0,0,0,0,0,0,1,0,0,0,0,0.000000000000000,0.000000000000000,0,1,0,5000,"Mapped, On Network",-81.406817858899998,28.537437229599998,653254.494977000053041,506144.487642999971285,4/16/2018 11:51:56 AM,8252_8244
1832,1833,1,1832,31470,87173871,FHPD18OFF020806,FHP,Long,3/2/2018 0:00:00,03:40 PM,Orlando Expwy Auth,Orange,EB SR-408,SR-551,0,East,Sideswipe,3,0,0,0,N,N,N,18000.000000000000000,Clear,Daylight,0,Same Direction Sideswipe, ,Property Damage Only,N,"Sideswipe, Same Direction",Motor Vehicle in Transport,On Roadway,Non-Junction,N,Not at Intersection,State,Paved,Dry,None, , ,None, , ,N,N, , , , ,0,0,0,0,0,0,0,0,0,0,0,0,0.000000000000000,0.000000000000000,0,0,0,18000,"Mapped, On Network",-81.281412129600000,28.542499645700001,665487.495804999954998,506970.337972000008449,4/11/2018 5:17:25 PM,8408_8412
1833,1834,1,1833,31482,87186292,FHPD18OFF034756,FHP,Long,4/9/2018 0:00:00,08:28 AM,Orlando Expwy Auth,Orange,STATE ROAD 417 SB MM22,NARCOOSSEE RD,5280,North,Sideswipe,2,0,0,0,N,N,N,1500.000000000000000,Cloudy,Daylight,0,Opposing Sideswipe, ,Property Damage Only,Y,Other,Other Non-Fixed Object,On Roadway,Non-Junction,N,Not at Intersection,State,Paved,Dry,None, , ,None, , ,N,N, , , , ,0,0,0,0,0,0,0,0,0,0,0,0,0.000000000000000,0.000000000000000,0,0,0,1500,"Mapped, On Network",-81.232912424399998,28.407199651799999,670560.156741000013426,492053.551489999983460,4/20/2018 12:23:35 PM,6174_8596
1834,1835,1,1834,31491,87121040,FHPD18OFF025102,FHP,Short,3/14/2018 0:00:00,07:05 PM,Orlando,Orange,SR 417,LEE VISTA BLVD,200,North,Unknown,2,0,0,0,N,N,N,3000.000000000000000,Clear,Dark - Lighted,0,Unknown, ,Property Damage Only,N,"Sideswipe, Same Direction",Motor Vehicle in Transport,On Roadway,Non-Junction,N,Not at Intersection,State,Paved,Dry,None, , ,None, , ,N,N, , , , ,0,0,0,0,0,0,0,0,0,0,0,0,0.000000000000000,0.000000000000000,0,0,0,3000,"Mapped, On Network",-81.240590988299999,28.482719925000001,669621.827271000016481,500421.644058000005316,4/19/2018 12:15:54 PM,8386_6314
1835,1836,1,1835,31525,87443313,2018-00088783,Orlando PD,Long,3/4/2018 0:00:00,10:50 AM,Orlando,Orange,STATE ROAD 408  (EAST/WEST EXPRESSWAY),STATE ROAD 400 (INTERSTATE 4 EXIT RAMP),0, ,Rear End,3,0,0,2,N,N,N,5500.000000000000000,Clear,Daylight,0,Rear End, ,Injury,Y,Front to Rear,Motor Vehicle in Transport,On Roadway,Entrance/Exit Ramp,Y,Not at Intersection,State,Paved,Dry,None, , ,None, , ,N,N, , , , ,0,0,2,0,0,0,0,2,0,0,0,0,0.000000000000000,0.000000000000000,0,0,0,5500,"Mapped, On Network",-81.379381867199996,28.535577651400001,655937.926900999969803,505994.661291000025813,4/11/2018 7:18:16 PM,6230_8274
1836,1837,1,1836,31543,87156320,FHPK18OFF023026,FHP,Long,3/29/2018 0:00:00,06:05 PM,Winter Garden,Orange,SR-429 TOLL SB MM 19,STATE ROAD 535,400,South,Rear End,3,0,0,0,N,Y,N,18000.000000000000000,Clear,Daylight,0,Rear End, ,Property Damage Only,N,Front to Rear,Motor Vehicle in Transport,On Roadway,Non-Junction,N,Not at Intersection,Turnpike/Toll,Paved,Dry,None, , ,None, , ,N,N, , , , ,0,0,0,0,0,0,0,0,0,0,0,0,0.000000000000000,0.000000000000000,0,1,0,18000,"Mapped, Not On Network",-81.590810000000005,28.515680049299998,635335.092520999955013,503364.217531999980565,4/2/2018 6:01:06 AM,8494_8462
1837,1838,1,1837,31577,87446090,2018-00105265,Orlando PD,Long,3/15/2018 0:00:00,06:00 PM,Orlando,Orange,SR-528,SR-436 (S SEMORAN BV),800,East,Unknown,2,0,0,0,N,N,N,5000.000000000000000,Clear,Daylight,0,Unknown,E,Property Damage Only,Y,Angle,Motor Vehicle in Transport,On Roadway,Non-Junction,N,Not at Intersection,State,Paved,Dry,None, , ,None, , ,N,N, , , , ,0,0,0,0,0,0,0,0,0,0,0,0,0.000000000000000,0.000000000000000,0,0,0,5000,"Mapped, On Network",-81.307365131599994,28.451336584400000,663174.473942999960855,496792.922278999991249,4/19/2018 10:57:28 AM,8296_8190
1838,1839,1,1838,31605,87173875,FHPD18OFF022090,FHP,Short,3/6/2018 0:00:00,05:50 PM,Orlando Expwy Auth,Orange,WB SR-408,SR-423,0,West,Sideswipe,2,0,0,0,N,N,N,6000.000000000000000,Clear,Daylight,0,Same Direction Sideswipe, ,Property Damage Only,N,"Sideswipe, Same Direction",Motor Vehicle in Transport,On Roadway,Non-Junction,N,Not at Intersection,State,Paved,Dry,None, , ,None, , ,N,N, , , , ,0,0,0,0,0,0,0,0,0,0,0,0,0.000000000000000,0.000000000000000,0,1,0,6000,"Mapped, On Network",-81.410620377100003,28.540338228700001,652876.424772999947891,506458.785975000006147,4/13/2018 9:05:46 PM,8217_8215
1839,1840,1,1839,31657,87186262,FHPD18OFF022067,FHP,Long,3/6/2018 0:00:00,05:06 PM,Orlando Expwy Auth,Orange,STATE ROAD 429 NB MM24,PLANT ST,0,South,Rear End,2,0,0,1,N,N,N,6000.000000000000000,Clear,Daylight,0,Rear End, ,Injury,Y,Front to Rear,Motor Vehicle in Transport,On Roadway,Non-Junction,N,Not at Intersection,State,Paved,Dry,None, , ,None, , ,N,N, , , , ,0,0,1,0,0,0,0,0,1,0,0,0,1.000000000000000,0.000000000000000,0,0,0,6000,"Mapped, On Network",-81.556862387099997,28.568145744999999,638535.309769000043161,509254.938454999995884,4/17/2018 10:18:48 AM,8421_8425
1840,1841,1,1840,31661,87173877,FHPD18OFF022462,FHP,Short,3/7/2018 0:00:00,05:22 PM,Orlando Expwy Auth,Orange,EB SR-408,SR-551,5280,East,Rear End,2,0,0,0,N,N,N,14000.000000000000000,Clear,Daylight,0,Rear End, ,Property Damage Only,Y,Front to Rear,Motor Vehicle in Transport,On Roadway,Non-Junction,N,Not at Intersection,State,Paved,Dry,None, , ,None, , ,N,N, , , , ,0,0,0,0,0,0,0,0,0,0,0,0,0.000000000000000,0.000000000000000,0,1,0,14000,"Mapped, On Network",-81.278425686700004,28.544000702400002,665775.414897999959067,507143.431614000000991,4/16/2018 10:47:58 AM,8408_8412
1841,1842,1,1841,31664,87186260,FHPD18OFF021598,FHP,Short,3/5/2018 0:00:00,09:04 AM,Orlando Expwy Auth,Orange,STATE ROAD 417 NB MM30,CURRY FORD RD,5280,South,Sideswipe,2,0,0,0,N,N,N,1000.000000000000000,Clear,Daylight,0,Same Direction Sideswipe, ,Property Damage Only,Y,"Sideswipe, Same Direction",Motor Vehicle in Transport,On Roadway,Non-Junction,N,Not at Intersection,State,Paved,Dry,None, , ,None, , ,N,N, , , , ,0,0,0,0,0,0,0,0,0,0,0,0,0.000000000000000,0.000000000000000,0,0,0,1000,"Mapped, On Network",-81.243945850000003,28.501774979299999,669246.786057000048459,502529.966980000026524,4/11/2018 7:34:18 PM,6965_8557
1842,1843,1,1842,31681,87182687,FHPD18OFF027594,FHP,Long,3/21/2018 0:00:00,07:10 AM,Orlando Expwy Auth,Orange,STATE ROAD 417 (GREENEWAY EXPWY),STATE ROAD 552 (CURRY FORD ROAD),5280,North,Rear End,3,0,0,2,N,N,N,7000.000000000000000,Clear,Daylight,0,Rear End,S,Injury,Y,Front to Rear,Motor Vehicle in Transport,On Roadway,Non-Junction,N,Not at Intersection,State,Paved,Dry,None, , ,None, , ,N,N, , , , ,0,0,1,0,0,0,0,2,0,0,0,0,2.000000000000000,0.000000000000000,0,0,0,7000,"Mapped, On Network",-81.250651322899998,28.517070787200002,668553.948031999985687,504213.614500999974553,4/20/2018 12:44:51 PM,6968_8555
1843,1844,1,1843,31733,87444267,2018-00110631,Orlando PD,Short,3/19/2018 0:00:00,05:25 PM,Orlando,Orange,SR 528,NARCOOSSEE RD,0, ,Rear End,2,0,0,0,N,N,N,800.000000000000000,Clear,Daylight,0,Rear End,E,Property Damage Only,Y,Front to Rear,Motor Vehicle in Transport,On Roadway,Non-Junction,N,Not at Intersection,Interstate,Unpaved,Dry,None, , ,None, , ,N,N, , , , ,0,0,0,0,0,0,0,0,0,0,0,0,0.000000000000000,0.000000000000000,0,1,0,800,"Mapped, On Network",-81.270842251900007,28.448429447300001,666750.736413000035100,496548.619689000013750,3/27/2018 4:26:29 PM,6156_8052
1844,1845,1,1844,31791,85564146,FHPD18OFF025243,FHP,Long,3/15/2018 0:00:00,08:20 AM,Orlando Expwy Auth,Orange,SR-417,INNOVATION WAY,1000,South,Head On,5,0,0,7,N,N,N,55000.000000000000000,Clear,Daylight,0,Head On,S,Injury,N,Angle,Other Non-Collision,On Roadway,Non-Junction,N,Not at Intersection,State,Paved,Dry,None, , ,None, , ,N,N, , , , ,0,0,2,0,0,0,0,4,1,2,0,0,2.000000000000000,0.000000000000000,0,0,0,55000,"Mapped, On Network",-81.227111686399994,28.417601053599999,671101.272756000049412,493221.144758999987971,4/19/2018 11:01:20 AM,8533_8540
1845,1846,1,1845,31809,87171440,FHPK18OFF024762,FHP,Long,4/5/2018 0:00:00,08:45 AM,Winter Garden,Orange,NB SR-429 AT END OF MM20,END OF MM20,500,South,Rear End,3,0,0,0,N,N,N,12000.000000000000000,Clear,Daylight,0,Rear End, ,Property Damage Only,N,Front to Rear,Motor Vehicle in Transport,On Roadway,Non-Junction,N,Not at Intersection,Interstate,Paved,Dry,None, , ,None, , ,N,N, , , , ,0,0,0,0,0,0,0,0,0,0,0,0,0.000000000000000,0.000000000000000,0,2,0,12000,"Mapped, On Network",-81.590816513299998,28.515680049299998,635334.456368000013754,503364.205101999978069,4/16/2018 1:57:47 PM,8494_8462
1846,1847,1,1846,31894,87202774,FHPD18OFF034691,FHP,Long,4/9/2018 0:00:00,03:44 AM,Orlando,Orange,WESTBOUND SR417,MM7,0,East,Off Road,1,0,0,1,N,Y,N,2000.000000000000000,Rain,Dark - Lighted,0,Off Road, ,Injury,N,Other,Concrete Traffic Barrier,On Roadway,Non-Junction,N,Not at Intersection,State,Paved,Wet,"Rut, Holes, Bumps", , ,Weather Conditions, , ,N,N, , , , ,0,0,0,0,0,0,0,1,0,0,0,0,0.000000000000000,0.000000000000000,0,0,0,2000,"Mapped, On Network",-81.418467019800005,28.545510703100000,652098.216370000038296,507017.027135999989696,4/20/2018 5:26:38 PM,8215_6440
1847,1848,1,1847,31914,87446066,2018-00092811,Orlando PD,Short,3/7/2018 0:00:00,07:55 AM,Orlando,Orange,SR 528 WEST,S GOLDENROD RD ENTRANCE RAMP,100,East,Rear End,2,0,0,0,N,N,N,2000.000000000000000,Cloudy,Daylight,0,Rear End, ,Property Damage Only,Y,Angle,Motor Vehicle in Transport,On Roadway,Non-Junction,N,Not at Intersection,State,Paved,Wet,None, , ,None, , ,N,N, , , , ,0,0,0,0,0,0,0,0,0,0,0,0,0.000000000000000,0.000000000000000,0,0,0,2000,"Mapped, On Network",-81.280265603800004,28.448681098100000,665829.221397000015713,496556.211164999986067,4/16/2018 11:27:50 AM,6665_8172
1848,1849,1,1848,31926,87733772,2018-00106917,Orlando PD,Short,3/16/2018 0:00:00,09:55 PM,Orlando,Orange,STATE ROAD 408 WESTBOUND,INTERSTATE 400,0, ,Unknown,2,0,0,0,N,N,N,500.000000000000000,Clear,Dark - Lighted,0,Unknown, ,Property Damage Only,Y,"Sideswipe, Same Direction",Motor Vehicle in Transport,On Roadway,Non-Junction,N,Not at Intersection,Turnpike/Toll,Paved,Dry,Work Zone, , ,None, , ,N,N, , , , ,0,0,2,0,0,0,0,0,0,0,0,0,0.000000000000000,0.000000000000000,0,0,0,500,"Mapped, On Network",-81.380362918399996,28.535436553600000,655842.461584000033326,505976.959306999982800,4/19/2018 12:59:16 PM,6230_8274
1849,1850,1,1849,31930,87181475,FHPD18OFF032969,FHP,Long,4/4/2018 0:00:00,05:21 PM,Orlando Expwy Auth,Orange,SR-408 TOLL,18MM,0, ,Rear End,2,0,0,0,N,N,N,3000.000000000000000,Clear,Daylight,0,Rear End, ,Property Damage Only,Y,Front to Rear,Motor Vehicle in Transport,On Roadway,Non-Junction,N,Not at Intersection,State,Paved,Dry,None, , ,None, , ,N,N, , , , ,0,0,0,0,0,0,0,0,0,0,0,0,0.000000000000000,0.000000000000000,0,2,0,3000,"Mapped, On Network",-81.270713525900007,28.546938300400001,666521.203438999946229,507486.234361000009812,4/20/2018 3:18:16 PM,8412_7015
1850,1851,1,1850,31941,87053419,2018-00143348,Orlando PD,Long,4/11/2018 0:00:00,09:10 AM,Orlando,Orange,SR 408 WEST,S. CRYSTAL LAKE DRIVE EXIT RAMP,800,West,Rear End,3,0,0,0,N,N,N,4900.000000000000000,Cloudy,Daylight,0,Rear End, ,Property Damage Only,Y,Front to Rear,Motor Vehicle in Transport,On Roadway,Non-Junction,N,Not at Intersection,State,Paved,Dry,None, , ,None, , ,N,N, , , , ,0,0,0,0,0,0,0,0,0,0,0,0,0.000000000000000,0.000000000000000,0,0,0,4900,"Mapped, On Network",-81.341998498799995,28.538583075100000,659581.150716000003740,506406.495883999974467,5/7/2018 8:39:40 AM,8353_6185
1851,1852,1,1851,31945,87734848,2018-00145575,Orlando PD,Long,4/12/2018 0:00:00,04:42 PM,Orlando,Orange,EW WBO,I4 WBO,0,East,Rear End,4,0,0,0,N,N,N,3000.000000000000000,Clear,Daylight,0,Rear End, ,Property Damage Only,Y,Front to Rear,Motor Vehicle in Transport,On Roadway,Non-Junction,N,Not at Intersection,State,Paved,Dry,None, , ,None, , ,N,N, , , , ,0,0,0,0,0,0,0,0,0,0,0,0,0.000000000000000,0.000000000000000,0,0,0,3000,"Mapped, On Network",-81.376238952999998,28.536563221000002,656242.498970999964513,506110.616831000021193,5/7/2018 9:03:39 AM,6737_6230