FID,OBJECTID_1,Join_Count,TARGET_FID,OBJECTID,HSMV_Repor,Agency_Rep,Reporting_,Form_Type,Crash_Date,Crash_Time,City,County,Crash_Stre,Intersecti,Offset_Dis,Offset_Dir,Crash_Type,Vehicles,Non_Motori,Fatalities,Injuries,Alcohol_Re,Distractio,Drug_Relat,Estimated_,Weather_Co,Light_Cond,Street_Num,Crash_Ty_1,Crash_Ty_2,Crash_Seve,Within_Cit,Manner_of_,First_Harm,First_HE_L,First_HE_R,First_HE_W,Type_of_In,Road_Sys_I,Type_of_Sh,Road_Surf_,Contrib_Ci,Contrib__1,Contrib__2,Contrib__3,Contrib__4,Contrib__5,School_Bus,Work_Zone_,Type_of_Wo,Loc_in_Wor,Workers_in,Law_Enforc,Mopeds,Motorcycle,Passengers,Bicyclists,Pedestrian,Fataliti_1,Injuries_U,Possible_I,Non_Incapa,Incapacita,Fataliti_2,Non_Traffi,Transporte,Transpor_1,Transpor_2,Citations,Property_D,Vehicle_Dm,S4_Mapping,S4_Decimal,S4_Decim_1,S4_Albers_,S4_Albers1,S4_Mappi_1,zone_id_st
1852,1853,1,1852,31953,87166826,FHPD18OFF023060,FHP,Long,3/9/2018 0:00:00,12:50 PM,Orlando Expwy Auth,Orange,SR-528,MM19,80,East,Sideswipe,2,0,0,0,N,N,N,3400.000000000000000,Clear,Daylight,0,Same Direction Sideswipe, ,Property Damage Only,N,Angle,Motor Vehicle in Transport,On Roadway,Non-Junction,N,Not at Intersection,State,Paved,Dry,None, , ,None, , ,N,N, , , , ,0,0,1,0,0,0,0,0,0,0,0,0,0.000000000000000,0.000000000000000,0,1,0,3400,"Mapped, On Network",-81.170210013000002,28.451792421200000,676576.371173999970779,497143.699178999988362,4/17/2018 4:42:16 PM,8097_6953
1853,1854,1,1853,31954,87166825,FHPD18OFF022623,FHP,Long,3/8/2018 0:00:00,08:48 AM,Orlando Expwy Auth,Orange,SR-528,MM20,60,East,Off Road,1,0,0,0,N,N,N,2200.000000000000000,Clear,Daylight,0,Off Road, ,Property Damage Only,N,Other,Cable Barrier,Median,Non-Junction,N,Not at Intersection,State,Paved,Dry,None, , ,None, , ,N,N, , , , ,0,0,0,0,0,0,0,0,0,0,0,0,0.000000000000000,0.000000000000000,0,1,0,2200,"Mapped, On Network",-81.153910300000007,28.451754575900001,678169.277989999973215,497176.160481000028085,4/17/2018 11:35:11 AM,6073_8099
1854,1855,1,1854,31974,87733589,2018-00110108,Orlando PD,Short,3/19/2018 0:00:00,10:34 AM,Orlando,Orange,SR 408 WEST,SR 436 (S SEMORAN BV) ENTRANCE RAMP,500,West,Rear End,2,0,0,0,N,N,N,400.000000000000000,Cloudy,Daylight,0,Rear End,W,Property Damage Only,Y,Other,Other Non-Fixed Object,On Roadway,Non-Junction,N,Not at Intersection,State,Paved,Dry,Debris, , ,None, , ,N,N, , , , ,0,0,0,0,0,0,0,0,0,0,0,0,0.000000000000000,0.000000000000000,0,0,0,400,"Mapped, On Network",-81.314975584999999,28.539702041799998,662217.095302999950945,506587.907520000007935,4/21/2018 11:59:44 AM,6256_8188
1855,1856,1,1855,32004,87116979,FHPD18OFF022278,FHP,Long,3/7/2018 0:00:00,09:04 AM,Orlando Expwy Auth,Orange,SR-408,MM1,80,East,Unknown,2,0,0,0,N,N,N,3000.000000000000000,Clear,Daylight,0,Unknown, ,Property Damage Only,N,Other,Motor Vehicle in Transport,On Roadway,Non-Junction,N,Not at Intersection,State,Paved,Dry,None, , ,None, , ,N,N, , , , ,0,0,0,0,0,0,0,0,0,0,0,0,0.000000000000000,0.000000000000000,0,0,0,3000,"Mapped, On Network",-81.510663484199995,28.545338334899999,643096.452252999995835,506812.771693999995477,4/16/2018 9:58:01 AM,8150_8116
1856,1857,1,1856,32041,87142464,FHPD18OFF036483,FHP,Short,4/13/2018 0:00:00,04:45 PM,Orlando Expwy Auth,Orange,STATE RD 417,BOGGY CREEK RD,100,South,Rear End,2,0,0,0,N,N,N,1250.000000000000000,Clear,Daylight,0,Rear End, ,Property Damage Only,N,Front to Rear,Motor Vehicle in Transport,On Roadway,Non-Junction,N,Not at Intersection,State,Paved,Dry,None, , ,None, , ,N,N, , , , ,0,0,2,0,0,0,0,0,0,0,0,0,0.000000000000000,0.000000000000000,0,1,0,1250,"Mapped, On Network",-81.309996950100000,28.369333329800000,663115.930476999958046,487682.469069999991916,4/20/2018 12:10:54 PM,11015_8482
1857,1858,1,1857,32068,87166853,FHPD18OFF036677,FHP,Long,4/14/2018 0:00:00,07:07 AM,Orlando Expwy Auth,Orange,SR-528,MM19,5280,East,Off Road,1,0,0,0,N,N,N,5000.000000000000000,Clear,Dawn,0,Off Road, ,Property Damage Only,N,Other,Guardrail Face,Shoulder,Non-Junction,N,Not at Intersection,State,Paved,Dry,None, , ,None, , ,N,N, , , , ,0,0,1,0,0,0,0,0,0,0,0,0,0.000000000000000,0.000000000000000,0,1,0,5000,"Mapped, On Network",-81.160066474399997,28.451829397499999,677567.504930999944918,497170.595787000027485,4/20/2018 12:08:02 PM,8099_8097
1858,1859,1,1858,32069,87166851,FHPD18OFF036208,FHP,Long,4/13/2018 0:00:00,05:36 AM,Orlando Expwy Auth,Orange,SR-528,MM28.5,40,East,Off Road,1,0,0,0,N,N,N,6000.000000000000000,Clear,Dark - Not Lighted,0,Off Road, ,Property Damage Only,N,Other,Tree (standing),Shoulder,Non-Junction,N,Not at Intersection,State,Paved,Dry,None, , ,None, , ,N,N, , , , ,0,0,0,0,0,0,0,0,0,0,0,0,0.000000000000000,0.000000000000000,0,0,0,6000,"Mapped, On Network",-81.016170319799997,28.452586301400000,691626.817644999944605,497586.729107999999542,4/20/2018 12:09:07 PM,5943_6937
1859,1860,1,1859,32084,87173876,FHPD18OFF022115,FHP,Short,3/6/2018 0:00:00,06:53 PM,Orlando Expwy Auth,Orange,EB SR-408,HIAWASSEE ROAD,0,East,Unknown,2,0,0,0,N,N,N,10500.000000000000000,Clear,Dark - Lighted,0,Unknown, ,Property Damage Only,N,Angle,Motor Vehicle in Transport,On Roadway,Non-Junction,N,Not at Intersection,State,Paved,Dry,None, , ,None, , ,N,N, , , , ,0,0,0,0,0,0,0,0,0,0,0,0,0.000000000000000,0.000000000000000,0,1,0,10500,"Mapped, On Network",-81.477631753500006,28.548317568700000,646314.955666000023484,507209.112887999974191,4/17/2018 10:30:14 AM,8144_8146
1860,1861,1,1860,32098,87733941,2018-00121133,Orlando PD,Long,3/27/2018 0:00:00,09:12 AM,Orlando,Orange,SR 408 WEST,INTERSTATE 4 (SR 400 EAST ENTRANCE RAMP),1000,East,Rear End,2,0,0,1,N,N,N,8000.000000000000000,Clear,Daylight,0,Rear End, ,Injury,Y,Angle,Motor Vehicle in Transport,On Roadway,Non-Junction,N,Not at Intersection,State,Paved,Dry,None, , ,None, , ,N,N, , , , ,0,0,0,0,0,0,0,1,0,0,0,0,0.000000000000000,0.000000000000000,0,1,0,8000,"Mapped, On Network",-81.370650535699994,28.537261305299999,656786.541031999979168,506199.750447999977041,4/25/2018 9:52:46 AM,8313_6737
1861,1862,1,1861,32099,87197000,FHPD18OFF033942,FHP,Long,4/7/2018 0:00:00,04:01 AM,Orlando,Orange,STATE ROAD 408 WB MM 24,CHALLENGER PARKWAY,0,West,Off Road,1,0,0,0,N,N,N,10000.000000000000000,Clear,Dark - Lighted,0,Off Road, ,Property Damage Only,N,Other,Guardrail Face,Shoulder,Non-Junction,N,Not at Intersection,State,Unpaved,Dry,None, , ,None, , ,N,N, , , , ,0,0,0,0,0,0,0,0,0,0,0,0,0.000000000000000,0.000000000000000,0,0,0,10000,"Mapped, On Network",-81.191124961200003,28.554509921000001,674272.735800000024028,508501.411885000008624,6/29/2018 12:44:13 PM,6970_8174
1862,1863,1,1862,32143,87445384,2018-00106701,Orlando PD,Short,3/16/2018 0:00:00,06:50 PM,Orlando,Orange,STATE ROAD 408 EASTBOUND,ANDES AVENUE,250,West,Rear End,2,0,0,0,N,N,N,1000.000000000000000,Clear,Daylight,0,Rear End,E,Property Damage Only,Y,Front to Rear,Motor Vehicle in Transport,On Roadway,Non-Junction,N,Not at Intersection,Turnpike/Toll,Paved,Dry,None, , ,None, , ,N,N, , , , ,0,0,2,0,0,0,0,0,0,0,0,0,0.000000000000000,0.000000000000000,0,0,0,1000,"Mapped, On Network",-81.320237657600003,28.539732503400000,661703.213435000041500,506580.111303000012413,4/19/2018 12:57:55 PM,7102_6309
1863,1864,1,1863,32171,87116977,FHPD18OFF021886,FHP,Long,3/6/2018 0:00:00,07:36 AM,Orlando Expwy Auth,Orange,SR-408,MM20,80,East,Rear End,2,0,0,0,N,N,N,5400.000000000000000,Clear,Daylight,0,Rear End, ,Property Damage Only,N,Front to Rear,Motor Vehicle in Transport,On Roadway,Intersection,N,Not at Intersection,State,Paved,Dry,None, , ,None, , ,N,Y,Work on Shoulder or Median,Activity Area,Y,N,0,0,0,0,0,0,0,0,0,0,0,0,0.000000000000000,0.000000000000000,0,0,0,5400,"Mapped, On Network",-81.218792382199993,28.547829427100002,671588.340934999985620,507698.459071999997832,4/13/2018 8:58:12 PM,6946_8057
1864,1865,1,1864,32177,87443910,2018-00093487,Orlando PD,Long,3/7/2018 0:00:00,04:08 PM,Orlando,Orange,S.R 528 WEST,TRADEPORT DR3,5280,East,Rear End,2,0,0,1,N,N,N,400.000000000000000,Clear,Daylight,0,Rear End, ,Injury,Y,Angle,Motor Vehicle in Transport,On Roadway,Non-Junction,N,Not at Intersection,State,Paved,Dry,None,None,None,None,None,None,N,N, , , , ,0,0,1,0,0,0,0,1,0,0,0,0,0.000000000000000,0.000000000000000,0,0,0,400,"Mapped, On Network",-81.316993836699993,28.451602534500001,662232.883595000021160,496801.938175000017509,4/16/2018 11:18:56 AM,7054_6094
1865,1866,1,1865,32193,87173906,FHPD18OFF036516,FHP,Short,4/13/2018 0:00:00,05:58 PM,Orlando Expwy Auth,Orange,NB SR-417,UNIVERSITY BLVD,0,North,Sideswipe,2,0,0,0,N,N,N,3500.000000000000000,Clear,Daylight,0,Same Direction Sideswipe, ,Property Damage Only,Y,"Sideswipe, Same Direction",Motor Vehicle in Transport,On Roadway,Non-Junction,N,Not at Intersection,State,Paved,Dry,None, , ,None, , ,N,N, , , , ,0,0,0,0,0,0,0,0,0,0,0,0,0.000000000000000,0.000000000000000,0,0,0,3500,"Mapped, On Network",-81.252435913799999,28.602677568800001,668167.849423000006936,513714.488736000028439,4/20/2018 12:16:35 PM,8449_5988
1866,1867,1,1866,32204,87444477,2018-00109975,Orlando PD,Long,3/20/2018 0:00:00,08:03 AM,Orlando,Orange,STATE ROAD 408 WEST,INTERSTATE 4 WEST EXIT 10A,100,East,Rear End,2,0,0,0,N,N,N,5000.000000000000000,Clear,Daylight,0,Rear End, ,Property Damage Only,Y,Front to Rear,Motor Vehicle in Transport,On Roadway,Entrance/Exit Ramp,Y,Not at Intersection,State,Paved,Dry,None, , ,None, , ,N,N, , , , ,0,0,0,0,0,0,0,0,0,0,0,0,0.000000000000000,0.000000000000000,0,1,0,5000,"Mapped, On Network",-81.380301441200004,28.535443171299999,655848.449136000010185,505977.821628000005148,4/19/2018 2:45:07 PM,6230_8274
1867,1868,1,1867,32215,87173872,FHPD18OFF021759,FHP,Short,3/5/2018 0:00:00,05:10 PM,Orlando Expwy Auth,Orange,NB SR-417,SR-423,5280,South,Rear End,2,0,0,0,N,N,N,15000.000000000000000,Clear,Daylight,0,Rear End, ,Property Damage Only,N,Front to Rear,Motor Vehicle in Transport,On Roadway,Non-Junction,N,Not at Intersection,State,Paved,Dry,None, , ,None, , ,N,N, , , , ,0,0,2,0,0,0,0,0,0,0,0,0,0.000000000000000,0.000000000000000,0,1,0,15000,"Mapped, On Network",-81.437792035399994,28.362108292900000,650634.487816000008024,486614.052696000027936,4/16/2018 11:58:16 AM,6959_8287
1868,1869,1,1868,32217,87186261,FHPD18OFF021781,FHP,Long,3/5/2018 0:00:00,05:55 PM,Orlando Expwy Auth,Orange,STATE ROAD 417 EB MM17,STATE ROAD 551,0,East,Rear End,2,0,0,0,N,N,N,1000.000000000000000,Clear,Daylight,0,Rear End, ,Property Damage Only,Y,Front to Rear,Motor Vehicle in Transport,On Roadway,Non-Junction,N,Not at Intersection,State,Paved,Dry,None, , ,None, , ,N,N, , , , ,0,0,0,0,0,0,0,0,0,0,0,0,0.000000000000000,0.000000000000000,0,1,0,1000,"Mapped, On Network",-81.282014285399995,28.542621302699999,665428.403199999942444,506982.549157999979798,4/11/2018 7:33:56 PM,6918_8406
1869,1870,1,1869,32269,87166837,FHPD18OFF028013,FHP,Long,3/22/2018 0:00:00,09:48 AM,Orlando Expwy Auth,Orange,SR-417,MM25,5280,South,Rear End,2,0,0,0,N,N,N,3600.000000000000000,Clear,Daylight,0,Rear End,N,Property Damage Only,N,Front to Rear,Motor Vehicle in Transport,Shoulder,Non-Junction,N,Not at Intersection,State,Paved,Dry,None, , ,None, , ,N,N, , , , ,0,0,0,0,0,0,0,0,0,0,0,0,0.000000000000000,0.000000000000000,0,2,0,3600,"Mapped, On Network",-81.229005238900001,28.434901873099999,670873.002636000048369,495137.868116999976337,4/20/2018 12:05:29 PM,6642_7993
1870,1871,1,1870,32270,87166836,FHPD18OFF027977,FHP,Short,3/22/2018 0:00:00,08:16 AM,Orlando Expwy Auth,Orange,SR-417,SR-528,0,South,Rear End,2,0,0,0,N,N,N,1800.000000000000000,Clear,Daylight,0,Rear End,N,Property Damage Only,N,Front to Rear,Motor Vehicle in Transport,On Roadway,Non-Junction,N,Not at Intersection,State,Paved,Dry,None, , ,None, , ,N,N, , , , ,0,0,0,0,0,0,0,0,0,0,0,0,0.000000000000000,0.000000000000000,0,0,0,1800,"Mapped, On Network",-81.230317617099999,28.447103877400000,670714.301639999961480,496489.756288999982644,4/20/2018 12:06:43 PM,7993_7091
1871,1872,1,1871,32273,87108706,FHPD18OFF033458,FHP,Long,4/5/2018 0:00:00,11:54 PM,Orlando,Orange,STATE ROAD 408,STATE ROAD 417,10,West,Rear End,3,0,0,1,N,N,N,6500.000000000000000,Clear,Dark - Lighted,0,Rear End, ,Injury,N,Other,Motor Vehicle in Transport,On Roadway,Non-Junction,N,Not at Intersection,Turnpike/Toll,Paved,Dry,None, , ,None, , ,N,Y,Lane Closure,Activity Area,Y,Y,0,0,0,0,0,0,0,1,0,0,0,0,0.000000000000000,0.000000000000000,0,1,0,6500,"Mapped, On Network",-81.273658765799993,28.546478551700002,666234.769498000037856,507428.826914999983273,4/26/2018 11:58:33 PM,6879_6918
1872,1873,1,1872,32294,87173892,FHPD18OFF030012,FHP,Short,3/27/2018 0:00:00,05:12 PM,Orlando Expwy Auth,Orange,EB SR-408,SR-551,5280,East,Rear End,2,0,0,0,N,N,N,7500.000000000000000,Cloudy,Daylight,0,Rear End, ,Property Damage Only,Y,Front to Rear,Motor Vehicle in Transport,On Roadway,Non-Junction,N,Not at Intersection,State,Paved,Dry,None, , ,None, , ,N,N, , , , ,0,0,0,0,0,0,0,0,0,0,0,0,0.000000000000000,0.000000000000000,0,1,0,7500,"Mapped, On Network",-81.276790365099998,28.544816143599999,665933.086617999942973,507237.494645999977365,4/18/2018 1:42:36 PM,8412_7015
1873,1874,1,1873,32295,87186279,FHPD18OFF029456,FHP,Short,3/26/2018 0:00:00,08:32 AM,Orlando Expwy Auth,Orange,STATE ROAD 417 NB MM13,LANDSTAR BV,0,South,Rear End,2,0,0,0,N,N,N,1500.000000000000000,Clear,Daylight,0,Rear End, ,Property Damage Only,Y,Front to Rear,Motor Vehicle in Transport,On Roadway,Non-Junction,N,Not at Intersection,State,Paved,Dry,None, , ,None, , ,N,N, , , , ,0,0,0,0,0,0,0,0,0,0,0,0,0.000000000000000,0.000000000000000,0,1,0,1500,"Mapped, On Network",-81.375109089500000,28.368478717599999,656750.143155999947339,487450.331525999994483,4/18/2018 1:11:11 PM,8486_9176
1874,1875,1,1874,32339,87445635,2018-00082740,Orlando PD,Short,2/28/2018 0:00:00,08:24 AM,Orlando,Orange,SR 408 E,S ORANGE AVE EXIT RAMP,100,West,Unknown,2,0,0,0,N,N,N,300.000000000000000,Clear,Daylight,0,Unknown, ,Property Damage Only,Y,Angle,Motor Vehicle in Transport,On Roadway,Non-Junction,N,Not at Intersection,State,Paved,Dry,None, , ,None, , ,N,N, , , , ,0,0,0,0,0,0,0,0,0,0,0,0,0.000000000000000,0.000000000000000,0,0,0,300,"Mapped, On Network",-81.377767459699996,28.535817201099999,656095.005662000039592,506024.610401000012644,4/12/2018 8:19:32 PM,6679_6276
1875,1876,1,1875,32340,87445219,2018-00082027,Orlando PD,Short,2/27/2018 0:00:00,05:59 PM,Orlando,Orange,SR 417 SBO,LAKE NONA BLVD EXIT RAMP,1320,South,Unknown,2,0,0,0,N,N,N,6000.000000000000000,Cloudy,Dusk,0,Unknown, ,Property Damage Only,Y,Angle,Motor Vehicle in Transport,On Roadway,Non-Junction,N,Not at Intersection,State,Paved,Dry,None, , ,None, , ,N,N, , , , ,0,0,1,0,0,0,0,0,0,0,0,0,0.000000000000000,0.000000000000000,0,0,0,5000,"Mapped, On Network",-81.283447838100003,28.376987538800002,665693.622848000028171,488589.241862000024412,4/12/2018 9:09:50 AM,8478_6486
1876,1877,1,1876,32342,87445022,2018-00082167,Orlando PD,Long,2/27/2018 0:00:00,08:26 PM,Orlando,Orange,SR 408 EBO,ORANGE BLOSSOM TRL ENTRANCE RAMP,500,East,Unknown,2,0,0,3,N,N,N,1800.000000000000000,Clear,Dark - Lighted,0,Unknown, ,Injury,Y,Front to Rear,Motor Vehicle in Transport,On Roadway,Non-Junction,N,Not at Intersection,State,Paved,Dry,None, , ,None, , ,N,N, , , , ,0,0,2,0,0,0,0,3,0,0,0,0,0.000000000000000,0.000000000000000,0,0,0,1800,"Mapped, On Network",-81.392844122599996,28.535114691600000,654624.443450000020675,505915.389345999981742,4/12/2018 9:11:25 AM,8248_8267
1877,1878,1,1877,32391,87441084,2018-00080592,Orlando PD,Long,2/26/2018 0:00:00,08:34 PM,Orlando,Orange,SR 408 WBO,ROSALIND AVE,200,East,Unknown,2,0,0,0,N,N,N,1500.000000000000000,Clear,Dark - Lighted,0,Unknown, ,Property Damage Only,Y,Other,Motor Vehicle in Transport,On Roadway,Non-Junction,N,Not at Intersection,State,Paved,Dry,None, , ,None, , ,N,N, , , , ,0,0,0,0,0,0,0,0,0,0,0,0,0.000000000000000,0.000000000000000,0,0,0,1500,"Mapped, On Network",-81.375170635900005,28.536896922099999,656346.028734000050463,506149.888279000006150,4/11/2018 1:57:28 PM,6737_6230
1878,1879,1,1878,32407,87186281,FHPD18OFF029816,FHP,Long,3/27/2018 0:00:00,08:14 AM,Orlando Expwy Auth,Orange,STATE ROAD 408 WB MM20,ROUSE RD,0,West,Rear End,3,0,0,1,N,N,N,8000.000000000000000,Clear,Daylight,0,Rear End, ,Injury,Y,Front to Rear,Motor Vehicle in Transport,On Roadway,Non-Junction,N,Not at Intersection,State,Paved,Dry,None, , ,None, , ,N,N, , , , ,0,0,2,0,0,0,0,0,1,0,0,0,1.000000000000000,0.000000000000000,0,1,0,8000,"Mapped, On Network",-81.228749127300006,28.547388798499998,670617.316139000002295,507627.647534999996424,4/18/2018 2:06:49 PM,6045_6306
1879,1880,1,1879,32422,87181470,FHPD18OFF030355,FHP,Short,3/28/2018 0:00:00,04:28 PM,Orlando Expwy Auth,Orange,SR-417 TOLL,29MM,0, ,Rear End,2,0,0,0,N,N,N,5000.000000000000000,Clear,Daylight,0,Rear End, ,Property Damage Only,Y,Front to Rear,Motor Vehicle in Transport,On Roadway,Non-Junction,N,Not at Intersection,State,Paved,Dry,None, , ,None, , ,N,N, , , , ,0,0,0,0,0,0,0,0,0,0,0,0,0.000000000000000,0.000000000000000,0,1,0,5000,"Mapped, On Network",-81.243432276299998,28.497779291899999,669306.868828000035137,502087.453575999999885,4/18/2018 1:52:31 PM,8559_6030
1880,1881,1,1880,32464,87186278,FHPD18OFF028374,FHP,Long,3/23/2018 0:00:00,09:54 AM,Orlando Expwy Auth,Orange,STATE ROAD 408 WB MM3,GOOD HOMES RD,5280,East,Sideswipe,2,0,0,3,N,N,N,7000.000000000000000,Clear,Daylight,0,Same Direction Sideswipe, ,Injury,Y,Angle,Motor Vehicle in Transport,On Roadway,Non-Junction,N,Not at Intersection,State,Paved,Dry,None, , ,None, , ,N,Y,Work on Shoulder or Median,Transition Area,N,N,0,0,1,0,0,0,0,0,3,0,0,0,3.000000000000000,0.000000000000000,0,0,0,7000,"Mapped, On Network",-81.495759618299999,28.547690578400001,644546.386920999968424,507103.416866999992635,4/18/2018 1:37:44 PM,6298_6300
1881,1882,1,1881,32481,87734354,2018-00125752,Orlando PD,Long,3/30/2018 0:00:00,06:38 AM,Orlando,Orange,SR 408 WBO,I4 WBO (SR 400) EXIT RAMP,0,East,Rear End,3,0,0,0,N,Y,N,2750.000000000000000,Clear,Dawn,0,Rear End, ,Property Damage Only,Y,Angle,Motor Vehicle in Transport,On Roadway,Non-Junction,N,Not at Intersection,State,Paved,Dry,None, , ,None, , ,N,N, , , , ,0,0,2,0,0,0,0,0,0,0,0,0,0.000000000000000,0.000000000000000,0,2,0,2750,"Mapped, On Network",-81.377453943899994,28.536203473600001,656124.707687000045553,506068.149679999973159,4/30/2018 9:12:29 AM,6737_6230
1882,1883,1,1882,32482,87734432,2018-00127446,Orlando PD,Long,3/31/2018 0:00:00,10:29 AM,Orlando,Orange,SR 408 EBO,SR 436 (SEMORAN BV) EXIT RAMP,100,West,Unknown,2,0,0,0,N,N,N,10000.000000000000000,Cloudy,Daylight,0,Unknown, ,Property Damage Only,Y,Angle,Motor Vehicle in Transport,On Roadway,Non-Junction,N,Not at Intersection,State,Paved,Dry,None, , ,None, , ,N,N, , , , ,0,0,0,0,0,0,0,0,0,0,0,0,0.000000000000000,0.000000000000000,0,0,0,10000,"Mapped, On Network",-81.307647318400001,28.539630179700001,662932.827962000039406,506595.532876999990549,4/24/2018 1:27:24 PM,8376_6256
1883,1884,1,1883,32491,87733671,2018-00139124,Orlando PD,Short,4/8/2018 0:00:00,10:18 AM,Orlando,Orange,SR 408 WB,ANDES AV,500,West,Unknown,2,0,0,0,N,N,N,3000.000000000000000,Cloudy,Daylight,0,Unknown, ,Property Damage Only,Y,Angle,Motor Vehicle in Transport,On Roadway,Non-Junction,N,Not at Intersection,State,Paved,Dry,None, , ,None, , ,N,N, , , , ,0,0,2,0,0,0,0,0,0,0,0,0,0.000000000000000,0.000000000000000,0,0,0,3000,"Mapped, On Network",-81.321128581099998,28.539842579799998,661615.954783999943174,506590.442602999974042,5/2/2018 9:06:47 AM,8188_6226
1884,1885,1,1884,32494,87734823,2018-00144162,Orlando PD,Long,4/11/2018 0:00:00,07:33 PM,Orlando,Orange,SR 408,SR 441,500,East,Unknown,4,0,0,0,N,N,N,4500.000000000000000,Clear,Dark - Lighted,0,Unknown, ,Property Damage Only,Y,Front to Rear,Motor Vehicle in Transport,On Roadway,Non-Junction,N,Not at Intersection,State,Paved,Dry,None, , ,None, , ,N,N, , , , ,0,0,0,0,0,0,0,0,0,0,0,0,0.000000000000000,0.000000000000000,0,0,0,4500,"Mapped, On Network",-81.398157397899993,28.535131740099999,654105.566558000049554,505906.322386000014376,5/7/2018 8:52:38 AM,8242_8248
1885,1886,1,1885,32509,87445758,2018-00085803,Orlando PD,Short,3/2/2018 0:00:00,07:01 AM,Orlando,Orange,SR 408 W,I4 EBO (SR 400) EXIT RAMP,500,East,Rear End,3,0,0,0,N,Y,N,900.000000000000000,Clear,Daylight,0,Rear End, ,Property Damage Only,Y,Front to Rear,Motor Vehicle in Transport,On Roadway,Non-Junction,N,Not at Intersection,State,Paved,Dry,None, , ,None, , ,N,N, , , , ,0,0,0,0,0,0,0,0,0,0,0,0,0.000000000000000,0.000000000000000,0,0,0,900,"Mapped, On Network",-81.373210265400004,28.537248478900000,656536.621851000003517,506192.998609000002034,4/16/2018 9:07:53 AM,8313_6737
1886,1887,1,1886,32531,87181468,FHPD18OFF029790,FHP,Long,3/27/2018 0:00:00,07:02 AM,Orlando Expwy Auth,Orange,SR-408 TOLL,20MM,0, ,Unknown,4,0,0,1,N,N,N,11000.000000000000000,Clear,Daylight,0,Unknown, ,Injury,Y,Front to Rear,Motor Vehicle in Transport,On Roadway,Non-Junction,N,Not at Intersection,State,Paved,Dry,None, , ,None, , ,N,Y,Work on Shoulder or Median,Advance Warning Area,Y,N,0,0,0,0,0,0,0,0,0,1,0,0,1.000000000000000,0.000000000000000,0,0,0,11000,"Mapped, On Network",-81.219714628500000,28.547743709399999,671498.512329000048339,507686.911222000024281,4/18/2018 1:57:07 PM,6946_8057
1887,1888,1,1887,32532,87181469,FHPD18OFF029836,FHP,Long,3/27/2018 0:00:00,09:27 AM,Orlando Expwy Auth,Orange,SR-417 TOLL,15MM,0, ,Rear End,2,0,0,1,N,N,N,4500.000000000000000,Clear,Daylight,0,Rear End, ,Injury,Y,Front to Rear,Motor Vehicle in Transport,On Roadway,Non-Junction,N,Not at Intersection,State,Paved,Dry,None, , ,None, , ,N,N, , , , ,0,0,0,0,0,0,0,1,0,0,0,0,0.000000000000000,0.000000000000000,0,0,0,4500,"Mapped, On Network",-81.341794213499995,28.368491342199999,660008.260735000018030,487521.537496000004467,4/18/2018 1:55:26 PM,6323_6700
1888,1889,1,1888,32533,87181471,FHPD18OFF030474,FHP,Short,3/28/2018 0:00:00,08:34 PM,Orlando Expwy Auth,Orange,SR-417 TOLL,11MM,0, ,Unknown,2,0,0,0,N,N,N,3500.000000000000000,Clear,Dark - Lighted,0,Unknown, ,Property Damage Only,Y,"Sideswipe, Same Direction",Motor Vehicle in Transport,On Roadway,Non-Junction,N,Not at Intersection,State,Paved,Dry,None, , ,None, , ,N,N, , , , ,0,0,0,0,0,0,0,0,0,0,0,0,0.000000000000000,0.000000000000000,0,1,0,3500,"Mapped, On Network",-81.406447967500000,28.373527703000001,653673.435755999991670,487946.071065999974962,4/18/2018 1:50:56 PM,8283_8277
1889,1890,1,1889,32534,87182690,FHPD18OFF030020,FHP,Long,3/27/2018 0:00:00,05:20 PM,Orlando Expwy Auth,Orange,STATE ROAD 408 (EAST WEST EXPWY),STATE ROAD 423 (JOHN YOUNG PKWY),0, ,Rear End,3,0,0,0,N,N,N,6000.000000000000000,Clear,Daylight,0,Rear End, ,Property Damage Only,Y,Front to Rear,Motor Vehicle in Transport,On Roadway,Non-Junction,Y,Not at Intersection,State,Paved,Dry,None, , ,None, , ,N,N, , , , ,0,0,0,0,0,0,0,0,0,0,0,0,0.000000000000000,0.000000000000000,0,0,0,6000,"Mapped, On Network",-81.413664551599993,28.542682509700001,652573.717148000025190,506712.835931000008713,4/18/2018 1:45:57 PM,8217_8215
1890,1891,1,1890,32564,87186280,FHPD18OFF029700,FHP,Short,3/26/2018 0:00:00,06:02 PM,Orlando Expwy Auth,Orange,STATE ROAD 417 NB MM36,UNIVERSITY BLVD,5280,South,Rear End,2,0,0,0,N,N,N,1000.000000000000000,Clear,Daylight,0,Rear End, ,Property Damage Only,Y,Front to Rear,Motor Vehicle in Transport,On Roadway,Non-Junction,N,Not at Intersection,State,Paved,Dry,None, , ,None, , ,N,N, , , , ,0,0,1,0,0,0,0,0,0,0,0,0,0.000000000000000,0.000000000000000,0,1,0,1000,"Mapped, On Network",-81.252767173799995,28.590715319499999,668165.116725999978371,512385.626451999996789,4/18/2018 1:05:42 PM,6318_8120