FID,OBJECTID_1,Join_Count,TARGET_FID,OBJECTID,HSMV_Repor,Agency_Rep,Reporting_,Form_Type,Crash_Date,Crash_Time,City,County,Crash_Stre,Intersecti,Offset_Dis,Offset_Dir,Crash_Type,Vehicles,Non_Motori,Fatalities,Injuries,Alcohol_Re,Distractio,Drug_Relat,Estimated_,Weather_Co,Light_Cond,Street_Num,Crash_Ty_1,Crash_Ty_2,Crash_Seve,Within_Cit,Manner_of_,First_Harm,First_HE_L,First_HE_R,First_HE_W,Type_of_In,Road_Sys_I,Type_of_Sh,Road_Surf_,Contrib_Ci,Contrib__1,Contrib__2,Contrib__3,Contrib__4,Contrib__5,School_Bus,Work_Zone_,Type_of_Wo,Loc_in_Wor,Workers_in,Law_Enforc,Mopeds,Motorcycle,Passengers,Bicyclists,Pedestrian,Fataliti_1,Injuries_U,Possible_I,Non_Incapa,Incapacita,Fataliti_2,Non_Traffi,Transporte,Transpor_1,Transpor_2,Citations,Property_D,Vehicle_Dm,S4_Mapping,S4_Decimal,S4_Decim_1,S4_Albers_,S4_Albers1,S4_Mappi_1,zone_id_st
1891,1892,1,1891,32592,87186295,FHPD18OFF035606,FHP,Long,4/11/2018 0:00:00,12:37 PM,Orlando Expwy Auth,Orange,STATE ROAD 528 WB MM9,VIA FLORA,0,East,Rear End,2,0,0,0,N,N,N,5000.000000000000000,Clear,Daylight,0,Rear End, ,Property Damage Only,Y,Front to Rear,Motor Vehicle in Transport,On Roadway,Non-Junction,N,Not at Intersection,State,Paved,Dry,None, , ,None, , ,N,N, , , , ,0,0,0,0,0,0,0,0,0,0,0,0,0.000000000000000,0.000000000000000,0,2,0,5000,"Mapped, On Network",-81.340884966800004,28.450678923500000,659900.376640000031330,496648.809808999998495,4/20/2018 1:38:39 PM,11452_8329
1892,1893,1,1892,32623,87182693,FHPD18OFF030407,FHP,Long,3/28/2018 0:00:00,06:00 PM,Orlando Expwy Auth,Orange,STATE ROAD 417 (GREENEWAY EXPWY),STATE ROAD 423 (JOHN YOUNG PARKWAY),1000,West,Rear End,2,0,0,0,N,N,N,7000.000000000000000,Clear,Daylight,0,Rear End, ,Property Damage Only,N,Front to Rear,Motor Vehicle in Transport,On Roadway,Non-Junction,N,Not at Intersection,State,Paved,Dry,None, , ,None, , ,N,N, , , , ,0,0,0,0,0,0,0,0,0,0,0,0,0.000000000000000,0.000000000000000,0,1,0,7000,"Mapped, On Network",-81.428492070000004,28.370541361600001,651524.547585000051185,487569.334909999975935,4/20/2018 1:20:26 PM,8287_8107
1893,1894,1,1893,32631,87181464,FHPD18OFF026210,FHP,Long,3/17/2018 0:00:00,12:50 PM,Orlando Expwy Auth,Orange,SR-408 TOLL,4MM,0, ,Other,1,0,0,1,N,N,N,2000.000000000000000,Clear,Daylight,0,Single Vehicle, ,Injury,Y,Other,Motor Vehicle in Transport,On Roadway,Non-Junction,N,Not at Intersection,State,Paved,Dry,None, , ,None, , ,N,N, , , , ,0,1,0,0,0,0,0,1,0,0,0,0,0.000000000000000,0.000000000000000,0,0,0,2000,"Mapped, On Network",-81.483287334200000,28.548921476099999,645761.383527999976650,507264.882235999975819,4/20/2018 2:40:15 PM,6788_8144
1894,1895,1,1894,32671,87181462,FHPD18OFF026112,FHP,Short,3/17/2018 0:00:00,06:56 AM,Orlando Expwy Auth,Orange,SR-417 TOLL,30MM,0, ,Unknown,2,0,0,0,N,N,N,500.000000000000000,Clear,Daylight,0,Unknown, ,Property Damage Only,Y,"Sideswipe, Same Direction",Motor Vehicle in Transport,On Roadway,Non-Junction,N,Not at Intersection,State,Paved,Dry,None, , ,None, , ,N,N, , , , ,0,0,0,0,0,0,0,0,0,0,0,0,0.000000000000000,0.000000000000000,0,0,0,500,"Mapped, On Network",-81.249900028599995,28.514073450100000,668634.744569999980740,503882.461245000013150,4/20/2018 2:06:14 PM,8555_8559
1895,1896,1,1895,32672,87181463,FHPD18OFF026121,FHP,Long,3/17/2018 0:00:00,07:14 AM,Orlando Expwy Auth,Orange,SR-528 TOLL,29MM,0, ,Off Road,1,0,0,0,N,N,N,5000.000000000000000,Clear,Dark - Not Lighted,0,Off Road, ,Property Damage Only,Y,Other,Guardrail Face,Off Roadway,Non-Junction,N,Not at Intersection,State,Paved,Dry,None, , ,None, , ,N,N, , , , ,0,0,0,0,0,0,0,0,0,0,0,0,0.000000000000000,0.000000000000000,0,1,0,5000,"Mapped, On Network",-81.010050757299993,28.452411663600000,692225.270769000053406,497581.827168999996502,4/20/2018 2:03:19 PM,7061_8083
1896,1897,1,1896,32681,85423717,FHPD18OFF030688,FHP,Long,3/29/2018 0:00:00,02:12 PM,Orlando,Orange,STATE ROAD 417 (CENTRAL FLORIDA GREENEWAY),STATE ROAD 91 (FLORIDA TURNPIKE),500,East,Other,2,0,0,0,N,N,N,500.000000000000000,Clear,Daylight,0,Parked Vehicle, ,Property Damage Only,N,Rear to Rear,Motor Vehicle in Transport,Gore,Non-Junction,Y,Not at Intersection,State,Paved,Dry,None, , ,None, , ,N,Y,Lane Closure,Termination Area,Y,Y,0,0,0,0,0,0,0,0,0,0,0,0,0.000000000000000,0.000000000000000,0,1,0,500,"Mapped, On Network",-81.392027470200006,28.368278086899998,655096.013424000004306,487392.943253999983426,4/26/2018 11:00:20 PM,8017_6167
1897,1898,1,1897,32722,87181465,FHPD18OFF026557,FHP,Short,3/18/2018 0:00:00,09:59 AM,Orlando Expwy Auth,Orange,SR-417 TOLL,9MM,0, ,Off Road,1,0,0,0,N,N,N,4000.000000000000000,Clear,Daylight,0,Off Road, ,Property Damage Only,N,Other,Guardrail Face,Off Roadway,Non-Junction,N,Not at Intersection,State,Paved,Dry,None, , ,None, , ,N,N, , , , ,0,0,0,0,0,0,0,0,0,0,0,0,0.000000000000000,0.000000000000000,0,0,0,4000,"Mapped, On Network",-81.432076888699996,28.367585632200001,651180.794838999980129,487233.845432000001892,4/20/2018 2:12:52 PM,8292_6975
1898,1899,1,1898,32723,87181466,FHPD18OFF026584,FHP,Short,3/18/2018 0:00:00,11:45 AM,Orlando Expwy Auth,Orange,SR528,17MM,0, ,Rear End,2,0,0,0,N,N,N,6000.000000000000000,Clear,Daylight,0,Rear End, ,Property Damage Only,Y,Front to Rear,Motor Vehicle in Transport,On Roadway,Non-Junction,N,Not at Intersection,State,Paved,Dry,None, , ,None, , ,N,N, , , , ,0,0,0,0,0,0,0,0,0,0,0,0,0.000000000000000,0.000000000000000,0,1,0,6000,"Mapped, On Network",-81.269017006699997,28.547423980700000,666685.650992000009865,507543.826599000021815,4/20/2018 2:01:19 PM,6971_6258
1899,1900,1,1899,32747,87162932,FHPD18OFF022171,FHP,Long,3/6/2018 0:00:00,09:50 PM,Orlando,Orange,SR-417 TOLL,MM10,15840,South,Unknown,2,0,0,1,N,N,N,6300.000000000000000,Clear,Dark - Lighted,0,Unknown, ,Injury,N,Angle,Motor Vehicle in Transport,On Roadway,Non-Junction,N,Not at Intersection,State,Unpaved,Dry,None, , ,None, , ,N,N, , , , ,0,0,0,0,0,0,0,0,1,0,0,0,1.000000000000000,0.000000000000000,0,1,0,6300,"Mapped, On Network",-81.427537605799998,28.371318866999999,651616.091011999989860,487657.610555000021122,4/18/2018 8:44:19 AM,8287_8107
1900,1901,1,1900,32749,87180295,FHPD18OFF027937,FHP,Long,3/22/2018 0:00:00,12:22 AM,Unincorporated,Orange,STATE ROAD 408 (EAST-WEST EXPRESSWAY),STATE ROAD 551 (GOLDENROD ROAD),5280,West,Off Road,1,0,0,1,N,N,N,800.000000000000000,Clear,Dark - Lighted,0,Off Road, ,Injury,N,Other,Other Fixed Object,On Roadway,Non-Junction,N,Not at Intersection,State,Paved,Dry,None, , ,None, , ,N,N, , , , ,0,0,0,0,0,0,0,0,1,0,0,0,1.000000000000000,0.000000000000000,0,0,0,800,"Mapped, On Network",-81.302064004800002,28.539634393099998,663477.992372000007890,506607.917855000006966,4/17/2018 4:56:56 PM,6883_8376
1901,1902,1,1901,32752,87182688,FHPD18OFF028483,FHP,Long,3/23/2018 0:00:00,03:00 PM,Orlando Expwy Auth,Orange,STATE ROAD 417 (GREENEWAY EXPWY),STATE ROAD 552 (CURRY FORD RD),500,South,Other,1,0,0,0,N,N,N,10000.000000000000000,Clear,Daylight,0,Single Vehicle, ,Property Damage Only,Y,Other,Other Non-Collision,On Roadway,Non-Junction,Y,Not at Intersection,State,Paved,Dry,None, , ,None, , ,N,N, , , , ,0,0,0,0,0,0,0,0,0,0,0,0,0.000000000000000,0.000000000000000,0,0,0,10000,"Mapped, On Network",-81.247403691000002,28.508706330700001,668891.854676999966614,503291.999094999977387,4/18/2018 1:47:07 PM,8555_8559
1902,1903,1,1902,32753,87173893,FHPD18OFF030013,FHP,Long,3/27/2018 0:00:00,05:13 PM,Orlando Expwy Auth,Orange,WB SR-408,ROUSE ROAD,0,East,Rear End,2,0,0,0,N,N,N,5000.000000000000000,Cloudy,Daylight,0,Rear End, ,Property Damage Only,N,Front to Rear,Motor Vehicle in Transport,On Roadway,Non-Junction,N,Not at Intersection,State,Paved,Dry,None, , ,None, , ,N,Y,Work on Shoulder or Median,Activity Area,Y,N,0,0,0,0,0,0,0,0,0,0,0,0,0.000000000000000,0.000000000000000,0,0,0,5000,"Mapped, On Network",-81.216841958200007,28.548067422399999,671778.173427999950945,507729.180226000025868,4/18/2018 1:39:18 PM,6946_8057
1903,1904,1,1903,32754,87173891,FHPD18OFF029926,FHP,Long,3/27/2018 0:00:00,01:30 PM,Orlando Expwy Auth,Orange,NB SR-429,WEST ROAD,5280,South,Unknown,2,0,0,0,N,N,N,18000.000000000000000,Cloudy,Daylight,0,Unknown, ,Property Damage Only,Y,"Sideswipe, Same Direction",Motor Vehicle in Transport,On Roadway,Non-Junction,N,Not at Intersection,State,Paved,Dry,None, , ,None, , ,N,N, , , , ,0,0,0,0,0,0,0,0,0,0,0,0,0.000000000000000,0.000000000000000,0,0,0,18000,"Mapped, On Network",-81.556922475400000,28.593841230700001,638472.912168000009842,512107.887002000003122,4/18/2018 1:45:02 PM,6089_6220
1904,1905,1,1904,32785,87181472,FHPD18OFF030759,FHP,Long,3/29/2018 0:00:00,05:02 PM,Orlando Expwy Auth,Orange,SR-417 TOLL,10MM,0, ,Rear End,2,0,0,0,N,N,N,3000.000000000000000,Clear,Daylight,0,Rear End, ,Property Damage Only,Y,Front to Rear,Motor Vehicle in Transport,On Roadway,Non-Junction,N,Not at Intersection,State,Paved,Dry,None, , ,None, , ,N,N, , , , ,0,0,0,0,0,0,0,0,0,0,0,0,0.000000000000000,0.000000000000000,0,1,0,3000,"Mapped, On Network",-81.418813377399999,28.375142150700000,652460.408392000012100,488099.950545000028796,4/20/2018 1:24:56 PM,8107_8280
1905,1906,1,1905,32810,87173889,FHPD18OFF028373,FHP,Short,3/23/2018 0:00:00,09:50 AM,Orlando Expwy Auth,Orange,WB SR-528,DALLAS BLVD,0,West,Rear End,2,0,0,0,N,N,N,11000.000000000000000,Clear,Daylight,0,Rear End, ,Property Damage Only,Y,Front to Rear,Motor Vehicle in Transport,On Roadway,Non-Junction,N,Not at Intersection,State,Paved,Dry,None, , ,None, , ,N,N, , , , ,0,0,1,0,0,0,0,0,0,0,0,0,0.000000000000000,0.000000000000000,0,1,0,11000,"Mapped, On Network",-81.101629126199995,28.451612286100001,683278.540497999987565,497279.380050999985542,4/18/2018 1:30:51 PM,8112_6073
1906,1907,1,1906,32820,87166843,FHPD18OFF029785,FHP,Long,3/27/2018 0:00:00,06:44 AM,Orlando Expwy Auth,Orange,SR-408,MM20,40,East,Unknown,3,0,0,1,N,N,N,6600.000000000000000,Clear,Dawn,0,Unknown, ,Injury,N,Front to Rear,Motor Vehicle in Transport,On Roadway,Non-Junction,N,Not at Intersection,State,Paved,Dry,None, , ,None, , ,N,N, , , , ,0,0,0,0,0,0,0,1,0,0,0,0,0.000000000000000,0.000000000000000,0,3,0,6600,"Mapped, On Network",-81.227252692700006,28.547359922199998,670763.492975999950431,507627.726321000023745,4/18/2018 1:23:55 PM,6045_6306
1907,1908,1,1907,32821,87166842,FHPD18OFF029498,FHP,Long,3/26/2018 0:00:00,10:50 AM,Orlando Expwy Auth,Orange,SR-417,MM27,0,North,Rear End,2,0,0,1,N,N,N,5400.000000000000000,Cloudy,Daylight,0,Rear End, ,Injury,N,Front to Rear,Motor Vehicle in Transport,On Roadway,Non-Junction,N,Not at Intersection,State,Paved,Dry,None, , ,None, , ,N,N, , , , ,0,0,4,0,0,0,0,1,0,0,0,0,0.000000000000000,0.000000000000000,0,1,0,5400,"Mapped, On Network",-81.240911258899999,28.482445487600000,669591.220723000005819,500390.473472999990918,4/18/2018 1:27:37 PM,6895_8383
1908,1909,1,1908,32824,87445213,2018-00114840,Orlando PD,Short,3/22/2018 0:00:00,05:50 PM,Orlando,Orange,SR 528 (BEELINE) WBO,GOLDENROD RD,500,West,Other,1,0,0,0,N,N,N,500.000000000000000,Clear,Daylight,0,Single Vehicle, ,Property Damage Only,Y,Angle,Motor Vehicle in Transport,On Roadway,Non-Junction,N,Not at Intersection,Interstate,Paved,Dry,Obstruction in Roadway, , ,None, , ,N,N, , , , ,0,0,1,0,0,0,0,0,0,0,0,0,0.000000000000000,0.000000000000000,0,0,0,500,"Mapped, On Network",-81.284810231500003,28.449118502499999,665384.027861000038683,496594.987296000006609,4/12/2018 3:08:53 PM,8172_8180
1909,1910,1,1909,32847,85583430,FHPK18OFF019750,FHP,Long,3/18/2018 0:00:00,12:20 AM,Winter Garden,Orange,STATE ROAD 429 (DANIEL WEBSTER BELTWAY),STATE ROAD 91( FLORIDAS TURNPIKE),300,North,Off Road,1,0,0,1,Y,N,N,5000.000000000000000,Clear,Dark - Lighted,0,Off Road, ,Injury,N,Other,Guardrail Face,Off Roadway,Entrance/Exit Ramp,N,Not at Intersection,Turnpike/Toll,Paved,Dry,None, , ,None, , ,N,N, , , , ,0,0,0,0,0,0,1,1,0,0,0,0,0.000000000000000,0.000000000000000,0,6,0,5000,"Mapped, On Network",-81.559354199900000,28.561071279699998,638307.602644999977201,508464.615394000022206,4/17/2018 4:41:07 PM,8500_8421
1910,1911,1,1910,32873,87446511,2018-00111363,Orlando PD,Short,3/20/2018 0:00:00,08:30 AM,Orlando,Orange,SR 408 WEST,INTERSTATE 4 (SR 400 WEST ENTRANCE RAMP),1000,East,Rear End,2,0,0,0,N,N,N,1500.000000000000000,Cloudy,Daylight,0,Rear End, ,Property Damage Only,Y,Angle,Motor Vehicle in Transport,On Roadway,Entrance/Exit Ramp,N,Not at Intersection,State,Paved,Dry,None, , ,None, , ,N,N, , , , ,0,0,0,0,0,0,0,0,0,0,0,0,0.000000000000000,0.000000000000000,0,0,0,1500,"Mapped, On Network",-81.377737711899996,28.536117428800001,656097.201528999954462,506058.006707000022288,4/19/2018 2:03:22 PM,6737_6230
1911,1912,1,1911,32879,87166841,FHPD18OFF029406,FHP,Long,3/26/2018 0:00:00,05:36 AM,Orlando Expwy Auth,Orange,SR-417,MM29,5280,North,Sideswipe,2,0,0,2,N,N,N,5600.000000000000000,Clear,Dark - Lighted,0,Same Direction Sideswipe, ,Injury,N,Angle,Motor Vehicle in Transport,On Roadway,Non-Junction,N,Not at Intersection,State,Paved,Dry,None, , ,None, , ,N,N, , , , ,0,0,2,0,0,0,0,1,1,0,0,0,1.000000000000000,0.000000000000000,0,1,0,5600,"Mapped, On Network",-81.245506315399993,28.504608139300000,669087.337534000049345,502841.122128000017256,4/18/2018 1:29:15 PM,8559_6030
1912,1913,1,1912,32894,85564147,FHPD18OFF028248,FHP,Long,3/22/2018 0:00:00,12:00 AM,Orlando Expwy Auth,Orange,SR-429,OCOEE-APOPKA RD,200,North,Unknown,2,0,0,1,N,N,N,10500.000000000000000,Clear,Dark - Lighted,0,Unknown, ,Injury,N,"Sideswipe, Same Direction",Motor Vehicle in Transport,On Roadway,Non-Junction,N,Not at Intersection,State,Paved,Dry,None, , ,None, , ,N,N, , , , ,0,0,2,0,0,0,0,1,0,0,0,0,0.000000000000000,0.000000000000000,0,0,0,10500,"Mapped, On Network",-81.552678851200000,28.598259446899998,638877.347912000026554,512606.670582999999169,4/20/2018 2:15:55 PM,8393_6248
1913,1914,1,1913,32910,85547434,FHPK18OFF018069,FHP,Long,3/12/2018 0:00:00,07:20 AM,Winter Garden,Orange,STATE ROAD 429,24MM,0, ,Rear End,2,0,0,0,N,Y,N,6000.000000000000000,Clear,Daylight,0,Rear End, ,Property Damage Only,N,Front to Rear,Motor Vehicle in Transport,On Roadway,Non-Junction,N,Not at Intersection,State,Paved,Dry,None, , ,None, , ,N,N, , , , ,0,0,0,0,0,0,0,0,0,0,0,0,0.000000000000000,0.000000000000000,0,1,0,6000,"Mapped, On Network",-81.556998825700006,28.569064641400001,638519.968783000018448,509356.703113000025041,4/19/2018 9:15:11 AM,8429_8423
1914,1915,1,1914,32918,87186297,FHPD18OFF035640,FHP,Long,4/11/2018 0:00:00,02:09 PM,Orlando Expwy Auth,Orange,STATE ROAD 417 SB MM29,CURRY FORD RD,0,South,Other,1,0,0,0,N,N,N,4000.000000000000000,Clear,Daylight,0,Single Vehicle, ,Property Damage Only,Y,Other,Motor Vehicle in Transport,Median,Non-Junction,N,Not at Intersection,State,Paved,Dry,None, , ,None, , ,N,N, , , , ,0,0,0,0,0,0,0,0,0,0,0,0,0.000000000000000,0.000000000000000,0,1,0,4000,"Mapped, On Network",-81.244919263400007,28.503528537800001,669147.355777999968268,502722.536834999977145,4/20/2018 1:18:32 PM,8559_6030
1915,1916,1,1915,32919,87186296,FHPD18OFF035591,FHP,Short,4/11/2018 0:00:00,11:57 AM,Orlando Expwy Auth,Orange,STATE ROAD 528 WB MM9,VIA FLORA,0,East,Rear End,2,0,0,0,N,N,N,2000.000000000000000,Clear,Daylight,0,Rear End, ,Property Damage Only,Y,Front to Rear,Motor Vehicle in Transport,On Roadway,Non-Junction,N,Not at Intersection,State,Paved,Dry,None, , ,None, , ,N,N, , , , ,0,0,0,0,0,0,0,0,0,0,0,0,0.000000000000000,0.000000000000000,0,1,0,2000,"Mapped, On Network",-81.340808595499993,28.450685275000001,659907.824760999996215,496649.675989000010304,4/20/2018 1:37:02 PM,11452_8329
1916,1917,1,1916,32934,87186282,FHPD18OFF030189,FHP,Short,3/28/2018 0:00:00,07:55 AM,Orlando Expwy Auth,Orange,STATE ROAD 429 SB MM26,WEST RD,0,North,Rear End,2,0,0,0,N,N,N,3000.000000000000000,Clear,Daylight,0,Rear End, ,Property Damage Only,Y,Front to Rear,Motor Vehicle in Transport,On Roadway,Non-Junction,N,Not at Intersection,State,Paved,Dry,None, , ,None, , ,N,N, , , , ,0,0,0,0,0,0,0,0,0,0,0,0,0.000000000000000,0.000000000000000,0,1,0,3000,"Mapped, On Network",-81.539101557999999,28.603850692000002,640190.029820000054315,513253.858363999985158,4/18/2018 2:05:21 PM,8458_8393
1917,1918,1,1917,32949,87183316,FHPD18OFF029160,FHP,Short,3/25/2018 0:00:00,11:40 AM,Kissimmee,Osceola,SR-417 NORTHBOUND,SR-536,5280,North,Sideswipe,2,0,0,0,N,Y,N,800.000000000000000,Clear,Daylight,0,Same Direction Sideswipe, ,Property Damage Only,N,Front to Rear,Motor Vehicle in Transport,On Roadway,Non-Junction,N,Not at Intersection,State,Paved,Dry,None, , ,None, , ,N,N, , , , ,0,0,3,0,0,0,0,0,0,0,0,0,0.000000000000000,0.000000000000000,0,0,0,800,"Mapped, On Network",-81.469452389599994,28.353989371600001,647556.419806999969296,485648.629458000010345,4/1/2018 4:44:57 PM,8581_7010
1918,1919,1,1918,32964,85570466,FHPK18OFF019342,FHP,Long,3/16/2018 0:00:00,06:07 PM,Winter Garden,Orange,STATE ROAD 429,MM15,0, ,Rear End,2,0,0,1,N,N,N,6000.000000000000000,Cloudy,Daylight,0,Rear End, ,Injury,N,Front to Rear,Motor Vehicle in Transport,On Roadway,Non-Junction,N,Not at Intersection,Turnpike/Toll,Paved,Dry,None, , ,None, , ,N,N, , , , ,0,0,0,0,0,0,0,0,1,0,0,0,1.000000000000000,0.000000000000000,0,1,0,6000,"Mapped, On Network",-81.631439431299995,28.473624259499999,631456.514772000024095,498617.638827999995556,4/19/2018 12:51:57 PM,8048_8037
1919,1920,1,1919,32993,87734061,2018-00121091,Orlando PD,Long,3/27/2018 0:00:00,08:43 AM,Orlando,Orange,SR 528,EXIT RAMP TO S EMORAN BV,1000,East,Unknown,4,0,0,2,N,N,N,6000.000000000000000,Clear,Daylight,0,Unknown, ,Injury,Y,Other,Motor Vehicle in Transport,On Roadway,Non-Junction,N,Not at Intersection,State,Paved,Dry,None, , ,None, , ,N,N, , , , ,0,0,6,0,0,0,0,1,1,0,0,0,0.000000000000000,0.000000000000000,0,0,0,6000,"Mapped, On Network",-81.296815688999999,28.450927035500001,664206.394244999974035,496770.008594000013545,4/25/2018 10:09:23 AM,8183_6664
1920,1921,1,1920,32995,87733793,2018-00121107,Orlando PD,Short,3/27/2018 0:00:00,08:54 AM,Orlando,Orange,SR 528,EXIT RAMP TO S SEMORAN BV,1500,East,Rear End,2,0,0,0,N,N,N,500.000000000000000,Clear,Daylight,0,Rear End, ,Property Damage Only,Y,Front to Rear,Motor Vehicle in Transport,On Roadway,Non-Junction,N,Not at Intersection,State,Paved,Dry,None, , ,None, , ,N,N, , , , ,0,0,0,0,0,0,0,0,0,0,0,0,0.000000000000000,0.000000000000000,0,0,0,500,"Mapped, On Network",-81.295161309099996,28.450720875300000,664368.567836000001989,496750.664347000012640,4/25/2018 10:15:02 AM,8183_6664
1921,1922,1,1921,33027,87166860,FHPD18OFF037747,FHP,Long,4/17/2018 0:00:00,06:40 AM,Orlando Expwy Auth,Orange,SR-408,MM7,0,East,Rear End,2,0,0,1,N,N,N,5600.000000000000000,Clear,Dawn,0,Rear End, ,Injury,N,Angle,Motor Vehicle in Transport,On Roadway,Non-Junction,N,Not at Intersection,State,Paved,Dry,None, , ,None, , ,N,N, , , , ,0,0,1,0,0,0,0,1,0,0,0,0,0.000000000000000,0.000000000000000,0,1,0,5600,"Mapped, On Network",-81.418608617100006,28.545546388799998,652084.307829999946989,507020.699902000022121,4/20/2018 12:38:29 PM,8215_6440
1922,1923,1,1922,33038,87733667,2018-00112803,Orlando PD,Short,3/21/2018 0:00:00,09:03 AM,Orlando,Orange,SR408 WEST,I4 (SR400)  EAST,100,East,Rollover,2,0,0,0,N,N,N,2000.000000000000000,Clear,Daylight,0,Rollover, ,Property Damage Only,Y,Front to Rear,Overturn/Rollover,On Roadway,Non-Junction,N,Not at Intersection,State,Paved,Dry,None, , ,None, , ,N,N, , , , ,0,0,0,0,0,0,0,0,0,0,0,0,0.000000000000000,0.000000000000000,0,0,0,2000,"Mapped, On Network",-81.374774192900006,28.537043819600001,656384.393017000053078,506167.022600999975111,4/21/2018 1:49:53 PM,6737_6230
1923,1924,1,1923,33071,87182697,FHPD18OFF035627,FHP,Long,4/11/2018 0:00:00,01:35 PM,Orlando Expwy Auth,Orange,STATE ROAD 408 (EAST WEST EXPRESSWAY),INTERSTATE 4 (STATE ROAD 400),500,West,Rear End,2,0,0,0,N,N,N,500.000000000000000,Clear,Daylight,0,Rear End, ,Property Damage Only,Y,Front to Rear,Motor Vehicle in Transport,On Roadway,Non-Junction,Y,Not at Intersection,State,Paved,Dry,None, , ,None, , ,N,N, , , , ,0,0,0,0,0,0,0,0,0,0,0,0,0.000000000000000,0.000000000000000,0,0,0,500,"Mapped, On Network",-81.385307730500003,28.535089326700000,655360.424822999979369,505928.156979000021238,4/20/2018 1:32:42 PM,6679_6276
1924,1925,1,1924,33106,87182692,FHPD18OFF030363,FHP,Long,3/28/2018 0:00:00,04:40 PM,Orlando Expwy Auth,Orange,STATE ROAD 408 (EAST WEST EXPRESSWAY),STATE ROAD 551 (GOLDENROD ROAD),500,East,Unknown,2,0,0,0,N,N,N,250.000000000000000,Clear,Daylight,0,Unknown, ,Property Damage Only,N,Other,"Struck by Falling, Shifting Cargo",On Roadway,Non-Junction,N,Not at Intersection,State,Paved,Dry,None, , ,None, , ,N,N, , , , ,0,0,0,0,0,0,0,0,0,0,0,0,0.000000000000000,0.000000000000000,0,0,0,250,"Mapped, On Network",-81.279412315499997,28.543834928399999,665679.487411999958567,507122.899863000027835,4/20/2018 1:21:39 PM,6918_8406
1925,1926,1,1925,33125,87166859,FHPD18OFF037431,FHP,Long,4/16/2018 0:00:00,09:39 AM,Orlando Expwy Auth,Orange,SR-408,MM14,5280,East,Unknown,3,0,0,2,N,N,N,11000.000000000000000,Clear,Daylight,0,Unknown, ,Injury,N,Angle,Motor Vehicle in Transport,On Roadway,Non-Junction,N,Not at Intersection,State,Paved,Dry,None, , ,None, , ,N,N, , , , ,0,0,0,0,0,0,0,2,0,0,0,0,0.000000000000000,0.000000000000000,0,1,0,11000,"Mapped, On Network",-81.304243562600007,28.539612325400000,663265.226218000054359,506600.812650999985635,4/20/2018 12:41:38 PM,6883_8376
1926,1927,1,1926,33142,85609668,FHPK18OFF016085,FHP,Long,3/4/2018 0:00:00,05:04 PM,Winter Garden,Orange,SR-429 TOLL,MM 17,0, ,Sideswipe,2,0,0,0,N,N,N,7500.000000000000000,Cloudy,Daylight,0,Same Direction Sideswipe, ,Property Damage Only,N,Other,Motor Vehicle in Transport,On Roadway,Non-Junction,N,Other,Turnpike/Toll,Paved,Dry,None, , ,None, , ,N,N, , , , ,0,0,0,0,0,0,0,0,0,0,0,0,0.000000000000000,0.000000000000000,0,1,0,7500,"Mapped, On Network",-81.628898324600002,28.484747447299998,631681.050956999999471,499857.482692999998108,4/11/2018 7:30:01 PM,6859_8039
1927,1928,1,1927,33157,87445166,2018-00097176,Orlando PD,Long,3/10/2018 0:00:00,02:51 AM,Orlando,Orange,EW WBO,I4 EBO EXIT RAMP 10B,0,East,Other,1,0,0,0,N,Y,N,45000.000000000000000,Clear,Dark - Lighted,0,Single Vehicle, ,Property Damage Only,Y,Unknown,Motor Vehicle in Transport,On Roadway,Entrance/Exit Ramp,N,Not at Intersection,State,Paved,Dry,None, , ,None, , ,N,N, , , , ,0,0,0,0,0,0,0,0,0,0,0,0,0.000000000000000,0.000000000000000,0,0,0,30000,"Mapped, On Network",-81.375748334299999,28.536798235599999,656289.851299999980256,506137.730257000017446,4/18/2018 10:50:37 AM,6737_6230
1928,1929,1,1928,33158,87445738,2018-00106553,Orlando PD,Long,3/17/2018 0:00:00,05:04 PM,Orlando,Orange,EW WBO,I4 WBO,0,West,Unknown,2,0,0,0,N,N,N,750.000000000000000,Clear,Daylight,0,Unknown, ,Property Damage Only,Y,"Sideswipe, Same Direction",Motor Vehicle in Transport,On Roadway,Non-Junction,N,Not at Intersection,Interstate,Paved,Dry,None, , ,None, , ,N,N, , , , ,0,0,4,0,0,0,0,0,0,0,0,0,0.000000000000000,0.000000000000000,0,0,0,750,"Mapped, On Network",-81.379684492400003,28.535536113199999,655908.474028000026010,505989.421215999987908,3/27/2018 3:30:01 PM,6230_8274
1929,1930,1,1929,33160,87446407,2018-00105965,Orlando PD,Long,3/16/2018 0:00:00,08:13 AM,Orlando,Orange,SR 408 WBO,SR 400 (I4 WBO) ENTRANCE RAMP,250,East,Rear End,3,0,0,2,N,N,N,8000.000000000000000,Clear,Daylight,0,Rear End, ,Injury,Y,Front to Rear,Motor Vehicle in Transport,On Roadway,Non-Junction,N,Not at Intersection,State,Paved,Dry,None, , ,None, , ,N,Y,Intermittent or Moving Work,Transition Area,N,N,0,0,0,0,0,0,0,2,0,0,0,0,0.000000000000000,0.000000000000000,0,0,0,8000,"Mapped, On Network",-81.379758587799998,28.535525634900001,655901.263446999946609,505988.104041000013240,4/19/2018 12:51:06 PM,6230_8274