FID,OBJECTID_1,Join_Count,TARGET_FID,OBJECTID,HSMV_Repor,Agency_Rep,Reporting_,Form_Type,Crash_Date,Crash_Time,City,County,Crash_Stre,Intersecti,Offset_Dis,Offset_Dir,Crash_Type,Vehicles,Non_Motori,Fatalities,Injuries,Alcohol_Re,Distractio,Drug_Relat,Estimated_,Weather_Co,Light_Cond,Street_Num,Crash_Ty_1,Crash_Ty_2,Crash_Seve,Within_Cit,Manner_of_,First_Harm,First_HE_L,First_HE_R,First_HE_W,Type_of_In,Road_Sys_I,Type_of_Sh,Road_Surf_,Contrib_Ci,Contrib__1,Contrib__2,Contrib__3,Contrib__4,Contrib__5,School_Bus,Work_Zone_,Type_of_Wo,Loc_in_Wor,Workers_in,Law_Enforc,Mopeds,Motorcycle,Passengers,Bicyclists,Pedestrian,Fataliti_1,Injuries_U,Possible_I,Non_Incapa,Incapacita,Fataliti_2,Non_Traffi,Transporte,Transpor_1,Transpor_2,Citations,Property_D,Vehicle_Dm,S4_Mapping,S4_Decimal,S4_Decim_1,S4_Albers_,S4_Albers1,S4_Mappi_1,zone_id_st
1930,1931,1,1930,33215,87733554,2018-00106656,Orlando PD,Short,3/16/2018 0:00:00,06:20 PM,Orlando,Orange,SR 408 WBO EXIT RAMP,I4 WBO ENTRANCE RAMP,1000,East,Rear End,2,0,0,0,N,Y,N,1000.000000000000000,Clear,Daylight,0,Rear End, ,Property Damage Only,Y,Front to Rear,Motor Vehicle in Transport,On Roadway,Entrance/Exit Ramp,N,Not at Intersection,State,Paved,Dry,Work Zone, , ,None, , ,N,N, , , , ,0,0,1,0,0,0,0,0,0,0,0,0,0.000000000000000,0.000000000000000,0,0,0,1000,"Mapped, On Network",-81.378303671300003,28.535916630599999,656042.410795000032522,506034.536674999981187,4/19/2018 12:42:26 PM,6737_6230
1931,1932,1,1931,33217,84537078,FHPK18OFF024344,FHP,Long,4/3/2018 0:00:00,03:15 PM,Winter Garden,Orange,STATE ROAD 429,FLORIDA TURNPIKE,0,North,Off Road,1,0,0,1,N,N,N,5000.000000000000000,Cloudy,Daylight,0,Off Road, ,Injury,N,Other,Guardrail Face,On Roadway,Non-Junction,N,Not at Intersection,Turnpike/Toll,Paved,Dry,None, , ,None, , ,N,N, , , , ,0,0,0,0,0,0,0,1,0,0,0,0,0.000000000000000,0.000000000000000,0,0,0,5000,"Mapped, On Network",-81.559672104200004,28.558689682000001,638281.799908000044525,508199.562896999996156,4/20/2018 5:37:01 PM,8498_8500
1932,1933,1,1932,33223,87182731,FHPD18OFF050478,FHP,Long,5/20/2018 0:00:00,05:10 PM,Orlando Expwy Auth,Orange,STATE ROAD 528 (BEACHLINE EXPRESSWAY),STATE ROAD 417 (GREENEWAY EXPRESSWAY,500,South,Unknown,2,0,0,0,N,N,N,5500.000000000000000,Rain,Daylight,0,Unknown,E,Property Damage Only,Y,"Sideswipe, Same Direction",Motor Vehicle in Transport,On Roadway,Non-Junction,Y,Not at Intersection,State,Paved,Wet,None, , ,Weather Conditions, , ,N,N, , , , ,0,0,2,0,0,0,0,0,0,0,0,0,0.000000000000000,0.000000000000000,0,1,0,5500,"Mapped, Not On Network",-81.224289999999996,28.451360049100000,671292.714959000004455,496975.558900000003632,5/30/2018 2:12:34 PM,8019_6319
1933,1934,1,1933,33224,87175271,FHPD18OFF038121,FHP,Long,4/18/2018 0:00:00,07:30 AM,Orlando,Orange,STATE ROAD 408,STATE ROAD 434,0,West,Rear End,3,0,0,0,N,N,N,2500.000000000000000,Clear,Daylight,0,Rear End, ,Property Damage Only,N,Front to Rear,Motor Vehicle in Transport,On Roadway,Non-Junction,N,Not at Intersection,State,Paved,Dry,None, , ,None, , ,N,N, , , , ,0,0,0,0,0,0,0,0,0,0,0,0,0.000000000000000,0.000000000000000,0,0,0,2500,"Mapped, On Network",-81.204162371199999,28.550037770500001,673011.175401999964379,507975.951294000027701,5/12/2018 12:03:55 PM,6921_8043
1934,1935,1,1934,33234,87203320,FHPD18OFF037774,FHP,Long,4/17/2018 0:00:00,07:38 AM,Orlando,Orange,STATE ROAD 408 (EAST-WEST EXPY),MM 21,0, ,Rear End,2,0,0,0,N,Y,N,300.000000000000000,Clear,Daylight,0,Rear End, ,Property Damage Only,N,Front to Rear,Motor Vehicle in Transport,On Roadway,Non-Junction,N,Not at Intersection,County,Paved,Dry,None, , ,None, , ,N,N, , , , ,0,0,0,0,0,0,0,0,0,0,0,0,0.000000000000000,0.000000000000000,0,0,0,300,"Mapped, On Network",-81.204328012800005,28.550008071299999,672995.078187000006437,507972.287163999979384,5/12/2018 12:07:59 PM,6921_8043
1935,1936,1,1935,33236,84537077,FHPK18OFF023030,FHP,Long,3/29/2018 0:00:00,06:00 PM,Winter Garden,Orange,SR-429 TOLL,MM 20,0, ,Rear End,2,0,0,0,N,N,N,1000.000000000000000,Cloudy,Daylight,0,Rear End, ,Property Damage Only,N,Front to Rear,Motor Vehicle in Transport,On Roadway,Non-Junction,N,Not at Intersection,Turnpike/Toll,Unpaved,Dry,None, , ,None, , ,N,N, , , , ,0,0,0,0,0,0,0,0,0,0,0,0,0.000000000000000,0.000000000000000,0,0,0,1000,"Mapped, On Network",-81.564589110000000,28.529259659400001,637866.294369000010192,504922.333207999996375,4/26/2018 10:59:34 PM,8524_6989
1936,1937,1,1936,33250,87446144,2018-00095015,Orlando PD,Long,3/8/2018 0:00:00,03:53 PM,Orlando,Orange,SR 417 SBO,LAKE NONA BLVD,5280,North,Unknown,3,0,0,3,N,N,N,32000.000000000000000,Clear,Daylight,0,Unknown, ,Injury,Y,Angle,Motor Vehicle in Transport,On Roadway,Non-Junction,N,Not at Intersection,State,Paved,Dry,None, , ,None, , ,N,N, , , , ,0,0,0,0,0,0,0,0,3,0,0,0,0.000000000000000,0.000000000000000,0,1,0,32000,"Mapped, On Network",-81.253827863599994,28.392590600199998,668551.555354999960400,490385.804433999990579,4/18/2018 9:32:30 AM,6855_6170
1937,1938,1,1937,33278,85568004,FHPK18OFF023041,FHP,Long,3/29/2018 0:00:00,06:40 PM,Orlando Expwy Auth,Orange,SR 429 SB,MM 20,0, ,Rear End,3,0,0,0,N,N,N,1500.000000000000000,Clear,Daylight,0,Rear End, ,Property Damage Only,N,Front to Rear,Motor Vehicle in Transport,On Roadway,Non-Junction,N,Not at Intersection,Turnpike/Toll,Paved,Dry,None, , ,None, , ,N,N, , , , ,0,0,2,0,0,0,0,0,0,0,0,0,0.000000000000000,0.000000000000000,0,1,0,1500,"Mapped, On Network",-81.577894798299994,28.523405059300000,636579.666933999978937,504246.674540999985766,4/18/2018 1:36:06 PM,6989_8464
1938,1939,1,1938,33299,87186284,FHPD18OFF030995,FHP,Short,3/30/2018 0:00:00,10:08 AM,Orlando Expwy Auth,Orange,STATE ROAD 417 SB ENT RAMP,US 441,10,South,Rear End,2,0,0,0,N,N,N,1000.000000000000000,Clear,Daylight,0,Rear End, ,Property Damage Only,Y,Front to Rear,Motor Vehicle in Transport,On Roadway,Entrance/Exit Ramp,N,Not at Intersection,State,Curb,Dry,None, , ,None, , ,N,N, , , , ,0,0,0,0,0,0,0,0,0,0,0,0,0.000000000000000,0.000000000000000,0,1,0,1000,"Mapped, On Network",-81.402590730300005,28.372135348200000,654053.910355000058189,487799.415657999983523,4/20/2018 2:25:11 PM,7090_8283
1939,1940,1,1939,33302,87173908,FHPD18OFF036941,FHP,Long,4/14/2018 0:00:00,08:25 PM,Orlando Expwy Auth,Orange,EB SR-408,SR-551,0,West,Sideswipe,2,0,0,1,N,N,N,13000.000000000000000,Clear,Dark - Lighted,0,Same Direction Sideswipe, ,Injury,Y,"Sideswipe, Same Direction",Motor Vehicle in Transport,On Roadway,Non-Junction,N,Not at Intersection,State,Paved,Dry,None, , ,None, , ,N,N, , , , ,0,0,0,0,0,0,0,1,0,0,0,0,0.000000000000000,0.000000000000000,0,0,0,13000,"Mapped, On Network",-81.292702791400004,28.539556429099999,664392.243459000019357,506619.297772000019904,4/20/2018 1:14:01 PM,6881_8431
1940,1941,1,1940,33306,87173905,FHPD18OFF036455,FHP,Long,4/13/2018 0:00:00,04:30 PM,Orlando Expwy Auth,Orange,WB SR-528,SR-15,58080,East,Unknown,3,0,0,0,N,N,N,3000.000000000000000,Cloudy,Daylight,0,Unknown, ,Property Damage Only,Y,"Sideswipe, Same Direction",Motor Vehicle in Transport,On Roadway,Non-Junction,N,Not at Intersection,State,Paved,Dry,None, , ,None, , ,N,N, , , , ,0,0,0,0,0,0,0,0,0,0,0,0,0.000000000000000,0.000000000000000,0,0,0,3000,"Mapped, On Network",-81.095274302700005,28.451713394300000,683899.263680999982171,497305.219992000027560,4/20/2018 1:27:54 PM,6322_8112
1941,1942,1,1941,33315,87444312,2018-00145672,Orlando PD,Short,4/12/2018 0:00:00,05:50 PM,Orlando,Orange,EAST WEST EAST BOUND,CONWAY ROAD,0, ,Rear End,2,0,0,0,N,N,N,3000.000000000000000,Clear,Daylight,0,Rear End, ,Property Damage Only,Y,Front to Rear,Motor Vehicle in Transport,On Roadway,Non-Junction,N,Not at Intersection,Interstate,Paved,Dry,None,None,None,None,None,None,N,N, , , , ,0,0,0,0,0,0,0,0,0,0,0,0,0.000000000000000,0.000000000000000,0,0,0,3000,"Mapped, On Network",-81.331488532999998,28.538172671300000,660608.383150000008754,506383.096380000002682,5/7/2018 9:07:28 AM,8355_8348
1942,1943,1,1942,33336,87733545,2018-00106464,Orlando PD,Long,3/16/2018 0:00:00,03:54 PM,Orlando,Orange,SR 408 EASTBOUND,US 441 (ORANGE BLOSSOM TRAIL) ENTRANCE RAMP,500,West,Rear End,3,0,0,2,N,N,N,14000.000000000000000,Clear,Daylight,0,Rear End, ,Injury,Y,Other,Motor Vehicle in Transport,On Roadway,Non-Junction,N,Not at Intersection,State,Paved,Dry,None, , ,None, , ,N,N, , , , ,0,0,1,0,0,0,0,2,0,0,0,0,0.000000000000000,0.000000000000000,0,1,0,14000,"Mapped, On Network",-81.401433329599996,28.535115746999999,653785.711770999943838,505897.800409000017680,4/19/2018 12:45:40 PM,8169_8242
1943,1944,1,1943,33344,87446297,2018-00096326,Orlando PD,Long,3/9/2018 0:00:00,01:35 PM,Orlando,Orange,SR 408 WBO,SR 408 EXIT RAMP TO I4 WBO,200,East,Rear End,4,0,0,3,N,Y,N,12000.000000000000000,Clear,Daylight,0,Rear End, ,Injury,Y,Front to Rear,Motor Vehicle in Transport,On Roadway,Entrance/Exit Ramp,N,Not at Intersection,U.S.,Paved,Dry,Work Zone, , ,None, , ,N,N, , , , ,0,0,1,0,0,0,0,3,0,0,0,0,0.000000000000000,0.000000000000000,0,1,0,12000,"Mapped, On Network",-81.393194299699999,28.535048627799998,654590.404040000052191,505907.331194999977015,4/9/2018 12:02:56 PM,8248_8267
1944,1945,1,1944,33350,87186286,FHPD18OFF032334,FHP,Short,4/3/2018 0:00:00,08:11 AM,Orlando Expwy Auth,Orange,STATE ROAD 408 WB MM20,ROUSE RD,200,West,Rear End,3,0,0,0,N,N,N,1500.000000000000000,Clear,Daylight,0,Rear End, ,Property Damage Only,Y,Front to Rear,Motor Vehicle in Transport,On Roadway,Non-Junction,N,Not at Intersection,State,Paved,Dry,None, , ,None, , ,N,N, , , , ,0,0,0,0,0,0,0,0,0,0,0,0,0.000000000000000,0.000000000000000,0,1,0,1500,"Mapped, On Network",-81.224370589000003,28.547408526000002,671044.766320000053383,507639.454258000012487,4/20/2018 2:20:21 PM,8057_6045
1945,1946,1,1945,33359,87446147,2018-00149428,Orlando PD,Long,4/15/2018 0:00:00,09:30 AM,Orlando,Orange,SR417,LAKE NONA BLVD,5280,South,Other,1,0,0,1,N,N,N,65000.000000000000000,Clear,Daylight,0,Single Vehicle, ,Injury,Y,Other,Other Non-Collision,Shoulder,Non-Junction,N,Not at Intersection,State,Paved,Dry,None, , ,None, , ,N,N, , , , ,0,0,1,0,0,0,0,1,0,0,0,0,0.000000000000000,0.000000000000000,0,0,0,50000,"Mapped, On Network",-81.288784267099999,28.374959021599999,665176.727821000036784,488352.529168999986723,5/6/2018 5:40:24 PM,8478_6486
1946,1947,1,1946,33379,85552015,FHPK18OFF021565,FHP,Long,3/24/2018 0:00:00,12:11 PM,Unincorporated,Orange,SB STATE ROAD 429 MM 21,STATE ROAD 91,10560,South,Rollover,2,0,0,0,N,N,N,15000.000000000000000,Clear,Daylight,0,Rollover, ,Property Damage Only,N,Unknown,Overturn/Rollover,On Roadway,Through Roadway,N,Not at Intersection,State,Paved,Dry,None, , ,None, , ,N,N, , , , ,0,0,0,0,0,0,0,0,0,0,0,0,0.000000000000000,0.000000000000000,0,5,0,15000,"Mapped, On Network",-81.575565827500000,28.524983303500001,636803.674623999977484,504426.384436999971513,6/29/2018 12:40:45 PM,6989_8464
1947,1948,1,1947,33416,87733901,2018-00140360,Orlando PD,Long,4/9/2018 0:00:00,11:49 AM,Orlando,Orange,SR 408 EBO,CONWAY RD EXIT RAMP,100,West,Unknown,2,0,0,0,N,N,N,1500.000000000000000,Cloudy,Daylight,0,Unknown, ,Property Damage Only,Y,Front to Rear,Motor Vehicle in Transport,On Roadway,Non-Junction,N,Not at Intersection,State,Paved,Dry,None, , ,None, , ,N,N, , , , ,0,0,0,0,0,0,0,0,0,0,0,0,0.000000000000000,0.000000000000000,0,0,0,1500,"Mapped, On Network",-81.335618262099999,28.538185298500000,660205.103923000046052,506375.777501999982633,5/2/2018 10:22:42 AM,6227_8355
1948,1949,1,1948,33433,87175033,FHPD18OFF023376,FHP,Long,3/10/2018 0:00:00,01:59 AM,Orlando,Orange,STATE ROAD 408 EASTBOUND MILE MARKER 22,STATE ROAD 50 (EAST COLONIAL DRIVE),5280,East,Sideswipe,2,0,0,0,N,N,N,7000.000000000000000,Clear,Dark - Lighted,0,Same Direction Sideswipe, ,Property Damage Only,N,"Sideswipe, Same Direction",Motor Vehicle in Transport,On Roadway,Non-Junction,N,Not at Intersection,State,Paved,Dry,None, , ,None, , ,N,N, , , , ,0,0,0,0,0,0,0,0,0,0,0,0,0.000000000000000,0.000000000000000,0,0,0,7000,"Mapped, On Network",-81.191058654599999,28.554827486200001,674278.405906999949366,508536.817650999990292,6/29/2018 1:19:20 PM,6970_8174
1949,1950,1,1949,33442,87173896,FHPD18OFF032190,FHP,Short,4/2/2018 0:00:00,05:24 PM,Orlando Expwy Auth,Orange,EB SR-408,ROUSE ROAD,5280,West,Rear End,2,0,0,0,N,N,N,12500.000000000000000,Clear,Daylight,0,Rear End, ,Property Damage Only,Y,Front to Rear,Motor Vehicle in Transport,On Roadway,Non-Junction,N,Not at Intersection,State,Paved,Dry,None, , ,None, , ,N,N, , , , ,0,0,0,0,0,0,0,0,0,0,0,0,0.000000000000000,0.000000000000000,0,1,0,12500,"Mapped, On Network",-81.231186555099995,28.547143519999999,670379.948792999959551,507595.068138999980874,4/20/2018 2:49:42 PM,6303_6305
1950,1951,1,1950,33443,87173895,FHPD18OFF032159,FHP,Short,4/2/2018 0:00:00,05:23 PM,Orlando Expwy Auth,Orange,EB SR-408,ROUSE RD,5280,West,Rear End,3,0,0,0,N,N,N,7500.000000000000000,Clear,Daylight,0,Rear End, ,Property Damage Only,Y,Front to Rear,Motor Vehicle in Transport,On Roadway,Non-Junction,N,Not at Intersection,State,Paved,Dry,None, , ,None, , ,N,N, , , , ,0,0,0,0,0,0,0,0,0,0,0,0,0.000000000000000,0.000000000000000,0,1,0,7500,"Mapped, On Network",-81.230801777600007,28.547136943400002,670417.533133000019006,507595.181678000022657,4/20/2018 2:52:49 PM,6305_8077
1951,1952,1,1951,33455,87166861,FHPD18OFF037773,FHP,Long,4/17/2018 0:00:00,07:40 AM,Orlando Expwy Auth,Orange,SR-408,MM8,5280,West,Rear End,2,0,0,1,N,N,N,1600.000000000000000,Clear,Daylight,0,Rear End, ,Injury,N,Front to Front,Motor Vehicle in Transport,On Roadway,Non-Junction,N,Not at Intersection,State,Paved,Dry,None, , ,None, , ,N,N, , , , ,0,0,0,0,0,0,0,1,0,0,0,0,0.000000000000000,0.000000000000000,0,1,0,1600,"Mapped, On Network",-81.432160415200002,28.546805010100002,650758.196043999982066,507132.816391000000294,4/20/2018 12:36:16 PM,5905_6014
1952,1953,1,1952,33537,87733614,2018-00146558,Orlando PD,Long,4/13/2018 0:00:00,09:47 AM,Orlando,Orange,SR 408 WBO,SR 436 (S SEMORAN BV),1000,West,Rear End,2,0,0,4,N,N,N,20000.000000000000000,Clear,Daylight,0,Rear End, ,Injury,Y,Front to Rear,Motor Vehicle in Transport,On Roadway,Non-Junction,N,Not at Intersection,State,Paved,Dry,None, , ,None, , ,N,N, , , , ,0,0,3,0,0,0,0,4,0,0,0,0,3.000000000000000,0.000000000000000,0,1,0,20000,"Mapped, On Network",-81.310084201799995,28.539624352499999,662694.895921000046656,506589.692287000012584,5/7/2018 9:40:20 AM,6256_8188
1953,1954,1,1953,33566,87166856,FHPD18OFF037053,FHP,Long,4/15/2018 0:00:00,08:23 AM,Orlando Expwy Auth,Orange,SR-417,MM6,5280,North,Rear End,2,0,0,1,N,N,N,400.000000000000000,Clear,Daylight,0,Rear End, ,Injury,N,Front to Rear,Motor Vehicle in Transport,On Roadway,Non-Junction,N,Not at Intersection,State,Paved,Dry,None, , ,None, , ,N,N, , , , ,0,0,0,0,0,0,0,0,1,0,0,0,1.000000000000000,0.000000000000000,0,1,0,400,"Mapped, On Network",-81.463174449999997,28.354804058900001,648168.625452999956906,485751.705627000017557,4/23/2018 2:30:58 PM,6071_8579
1954,1955,1,1954,33567,87166858,FHPD18OFF037389,FHP,Long,4/16/2018 0:00:00,07:43 AM,Orlando Expwy Auth,Orange,SR-417,MM26,5280,South,Other,2,0,0,0,N,N,N,100.000000000000000,Clear,Daylight,0,Other, ,Property Damage Only,N,Other,Thrown or Falling Object,On Roadway,Non-Junction,N,Not at Intersection,State,Paved,Dry,None, , ,Weather Conditions, , ,N,N, , , , ,0,0,0,0,0,0,0,0,0,0,0,0,0.000000000000000,0.000000000000000,0,1,0,100,"Mapped, On Network",-81.233707356200000,28.463405762499999,670342.427712999982759,498292.293110999977216,4/23/2018 2:30:37 PM,6173_8544
1955,1956,1,1955,33568,87166857,FHPD18OFF037117,FHP,Short,4/15/2018 0:00:00,01:02 PM,Orlando Expwy Auth,Orange,SR-417,MM32,5280,North,Sideswipe,2,0,0,0,N,N,N,4200.000000000000000,Clear,Daylight,0,Same Direction Sideswipe, ,Property Damage Only,N,"Sideswipe, Same Direction",Motor Vehicle in Transport,On Roadway,Non-Junction,N,Not at Intersection,State,Paved,Dry,None, , ,None, , ,N,N, , , , ,0,0,2,0,0,0,0,0,0,0,0,0,0.000000000000000,0.000000000000000,0,1,0,4200,"Mapped, On Network",-81.251326169799995,28.538640207800000,668434.651273000054061,506606.962616999982856,4/23/2018 2:30:49 PM,7071_6968
1956,1957,1,1956,33570,87166854,FHPD18OFF036687,FHP,Long,4/14/2018 0:00:00,07:08 AM,Orlando Expwy Auth,Orange,SR-528,MM19,5280,East,Rear End,2,0,0,4,N,N,N,7600.000000000000000,Clear,Dawn,0,Rear End, ,Injury,N,Front to Rear,Motor Vehicle in Transport,On Roadway,Non-Junction,N,Not at Intersection,County,Paved,Dry,None, , ,None, , ,N,N, , , , ,0,0,2,0,0,0,0,4,0,0,0,0,0.000000000000000,0.000000000000000,0,1,0,7600,"Mapped, On Network",-81.174993338799993,28.451818668200001,676108.876344999996945,497135.894074000010733,4/20/2018 3:41:21 PM,8097_6953
1957,1958,1,1957,33582,87181476,FHPD18OFF033359,FHP,Long,4/5/2018 0:00:00,05:37 PM,Orlando Expwy Auth,Orange,SR-408 TOLL,7MM,0, ,Rear End,2,0,0,1,N,N,N,400.000000000000000,Clear,Daylight,0,Rear End, ,Injury,Y,Front to Rear,Motor Vehicle in Transport,On Roadway,Non-Junction,N,Not at Intersection,State,Paved,Dry,None, , ,None, , ,N,N, , , , ,0,0,0,0,0,0,0,1,0,0,0,0,0.000000000000000,0.000000000000000,0,2,0,400,"Mapped, On Network",-81.427045897599996,28.545770049400002,651259.971548000001349,507028.313667999987956,4/23/2018 2:30:25 PM,6014_8237
1958,1959,1,1958,33606,87186300,FHPD18OFF037482,FHP,Long,4/16/2018 0:00:00,12:28 PM,Orlando Expwy Auth,Orange,STATE ROAD 408 EB,WOODBURY RD,50,East,Rear End,2,0,0,1,N,N,N,1500.000000000000000,Clear,Daylight,0,Rear End, ,Injury,Y,Front to Rear,Motor Vehicle in Transport,On Roadway,Non-Junction,N,Not at Intersection,State,Paved,Dry,None, , ,None, , ,N,N, , , , ,0,0,0,0,0,0,0,1,0,0,0,0,0.000000000000000,0.000000000000000,0,2,0,1500,"Mapped, On Network",-81.194555040200001,28.551865092700002,673944.545121000031941,508200.140076000010595,4/20/2018 1:22:25 PM,8041_6970
1959,1960,1,1959,33634,87734057,2018-00122770,Orlando PD,Long,3/28/2018 0:00:00,08:52 AM,Orlando,Orange,SR 408 WEST,S ROSALIND AV EXIT RAMP,50,West,Rear End,2,0,0,1,N,Y,N,6500.000000000000000,Clear,Daylight,0,Rear End, ,Injury,Y,Front to Rear,Motor Vehicle in Transport,On Roadway,Non-Junction,N,Not at Intersection,State,Curb,Dry,None, , ,None, , ,N,N, , , , ,0,0,3,0,0,0,0,1,0,0,0,0,0.000000000000000,0.000000000000000,0,1,0,6500,"Mapped, On Network",-81.366836994600007,28.537321386100000,657158.778628999949433,506214.368222000019159,4/25/2018 10:25:15 AM,8313_6737
1960,1961,1,1960,33661,87182704,FHPD18OFF038357,FHP,Long,4/18/2018 0:00:00,05:45 PM,Orlando Expwy Auth,Orange,STATE ROAD 408 (EAST WEST EXPRESSWAY),ROUSE ROAD,100,West,Rear End,2,0,0,0,N,N,N,10000.000000000000000,Clear,Daylight,0,Rear End, ,Property Damage Only,Y,Front to Rear,Motor Vehicle in Transport,On Roadway,Non-Junction,Y,Not at Intersection,State,Paved,Dry,None, , ,None, , ,N,N, , , , ,0,0,1,0,0,0,0,0,0,0,0,0,0.000000000000000,0.000000000000000,0,0,0,10000,"Mapped, On Network",-81.224095854400005,28.547384853299999,671071.649245999986306,507637.429822999984026,4/20/2018 3:06:42 PM,8057_6045
1961,1962,1,1961,33664,87186302,FHPD18OFF038111,FHP,Short,4/18/2018 0:00:00,07:22 AM,Orlando Expwy Auth,Orange,STATE ROAD 408 WB MM17,STATE ROAD 551,0,East,Rear End,3,0,0,0,N,N,N,2500.000000000000000,Clear,Daylight,0,Rear End, ,Property Damage Only,Y,Front to Rear,Motor Vehicle in Transport,On Roadway,Non-Junction,N,Not at Intersection,State,Paved,Dry,None, , ,None, , ,N,N, , , , ,0,1,2,0,0,0,0,0,0,0,0,0,0.000000000000000,0.000000000000000,0,0,0,2500,"Mapped, On Network",-81.281627526600005,28.542638788200001,665466.123702000011690,506985.323090000019874,4/20/2018 3:04:47 PM,6918_8406
1962,1963,1,1962,33684,85564151,FHPD18OFF035526,FHP,Long,4/11/2018 0:00:00,08:50 AM,Orlando Expwy Auth,Orange,SR-408,SR-551 (GOLDENROD ROAD),0,West,Rear End,2,0,0,0,N,Y,N,1000.000000000000000,Clear,Daylight,0,Rear End, ,Property Damage Only,N,Front to Rear,Motor Vehicle in Transport,On Roadway,Non-Junction,N,Not at Intersection,State,Paved,Wet,None, , ,None, , ,N,N, , , , ,0,0,0,0,0,0,0,0,0,0,0,0,0.000000000000000,0.000000000000000,0,1,0,1000,"Mapped, On Network",-81.297804816400003,28.539628478800001,663893.888728999998420,506616.368704999971669,4/20/2018 1:51:43 PM,6883_8376
1963,1964,1,1963,33688,87172331,FHPD18OFF032352,FHP,Long,4/3/2018 0:00:00,08:45 AM,Orlando,Orange,SR-408 (EAST-WEST EXPRESSWAY),SR-435 (KIRKMAN ROAD),10,East,Rear End,2,0,0,0,N,N,N,1300.000000000000000,Clear,Daylight,0,Rear End, ,Property Damage Only,N,Front to Rear,Motor Vehicle in Transport,On Roadway,Non-Junction,N,Not at Intersection,State,Paved,Dry,None, , ,None, , ,N,N, , , , ,0,0,0,0,0,0,0,0,0,0,0,0,0.000000000000000,0.000000000000000,0,1,0,1300,"Mapped, On Network",-81.452958160899996,28.548193834399999,648724.330524999997579,507244.899793000018690,4/26/2018 11:51:44 PM,8205_6294
1964,1965,1,1964,33697,87734792,2018-00147839,Orlando PD,Long,4/14/2018 0:00:00,03:30 AM,Orlando,Orange,SR408,CONWAY RD,500,West,Rear End,2,0,0,0,N,Y,N,5000.000000000000000,Clear,Dark - Lighted,0,Rear End, ,Property Damage Only,Y,"Sideswipe, Same Direction",Motor Vehicle in Transport,On Roadway,Non-Junction,N,Not at Intersection,State,Paved,Dry,None, , ,None, , ,N,N, , , , ,0,0,0,0,0,0,0,0,0,0,0,0,0.000000000000000,0.000000000000000,0,0,0,5000,"Mapped, On Network",-81.336520401800001,28.538267162000000,660116.817778000026010,506382.963531000015792,5/7/2018 10:14:24 AM,6227_8355
1965,1966,1,1965,33703,87186299,FHPD18OFF037406,FHP,Long,4/16/2018 0:00:00,08:30 AM,Orlando Expwy Auth,Orange,STATE ROAD 528 WB MM21,DALLAS BLVD,0,West,Rear End,3,0,0,0,N,N,N,5100.000000000000000,Clear,Daylight,0,Rear End, ,Property Damage Only,Y,Front to Rear,Motor Vehicle in Transport,On Roadway,Non-Junction,N,Not at Intersection,State,Paved,Dry,None, , ,None, , ,N,N, , , , ,0,0,3,0,0,0,0,0,0,0,0,0,0.000000000000000,0.000000000000000,0,1,0,5100,"Mapped, On Network",-81.103946726600000,28.451586046300001,683052.134910000022501,497271.144888999988325,4/20/2018 12:01:07 PM,6073_8099
1966,1967,1,1966,33747,87734760,2018-00148040,Orlando PD,Long,4/14/2018 0:00:00,08:45 AM,Orlando,Orange,EW EBO,I4 EBO,1000,West,Unknown,2,0,0,0,N,N,N,5500.000000000000000,Clear,Daylight,0,Unknown, ,Property Damage Only,Y,Front to Rear,Motor Vehicle in Transport,On Roadway,Non-Junction,N,Not at Intersection,State,Paved,Dry,None, , ,None, , ,N,N, , , , ,0,0,0,0,0,0,0,0,0,0,0,0,0.000000000000000,0.000000000000000,0,0,0,5500,"Mapped, On Network",-81.391751592099993,28.535046707900001,654731.287770000053570,505910.097418999997899,5/5/2018 8:32:42 PM,8267_6679
1967,1968,1,1967,33754,87446562,2018-00151947,Orlando PD,Long,4/17/2018 0:00:00,08:17 AM,Orlando,Orange,SR408 (EW WBO),ANDES AVE,0,West,Rear End,2,0,0,0,N,Y,N,2000.000000000000000,Cloudy,Daylight,0,Rear End, ,Property Damage Only,Y,Front to Rear,Motor Vehicle in Transport,On Roadway,Non-Junction,N,Not at Intersection,State,Paved,Dry,None, , ,None, , ,N,N, , , , ,0,0,1,0,0,0,0,0,0,0,0,0,0.000000000000000,0.000000000000000,0,1,0,2000,"Mapped, On Network",-81.322357613099996,28.539703754500000,661496.282334999996237,506572.422033999988344,5/12/2018 11:22:04 AM,6307_6229
1968,1969,1,1968,33770,87173802,FHPD18OFF023270,FHP,Long,3/9/2018 0:00:00,07:00 PM,Orlando,Orange,SR-417 WESTBOUND ENTRANCE RAMP,SR-15 (NARCOOSSEE ROAD),100,West,Rear End,2,0,0,0,N,Y,N,4000.000000000000000,Clear,Dark - Lighted,0,Rear End, ,Property Damage Only,N,Front to Rear,Motor Vehicle in Transport,On Roadway,Entrance/Exit Ramp,Y,Four-Way Intersection,State,Unpaved,Dry,None, , ,None, , ,N,N, , , , ,0,0,0,0,0,0,0,0,0,0,0,0,0.000000000000000,0.000000000000000,0,1,0,4000,"Mapped, On Network",-81.249899568800004,28.397308996400000,668923.959257000009529,490918.244743000017479,4/18/2018 10:01:45 AM,8510_6855