FID,OBJECTID_1,Join_Count,TARGET_FID,OBJECTID,HSMV_Repor,Agency_Rep,Reporting_,Form_Type,Crash_Date,Crash_Time,City,County,Crash_Stre,Intersecti,Offset_Dis,Offset_Dir,Crash_Type,Vehicles,Non_Motori,Fatalities,Injuries,Alcohol_Re,Distractio,Drug_Relat,Estimated_,Weather_Co,Light_Cond,Street_Num,Crash_Ty_1,Crash_Ty_2,Crash_Seve,Within_Cit,Manner_of_,First_Harm,First_HE_L,First_HE_R,First_HE_W,Type_of_In,Road_Sys_I,Type_of_Sh,Road_Surf_,Contrib_Ci,Contrib__1,Contrib__2,Contrib__3,Contrib__4,Contrib__5,School_Bus,Work_Zone_,Type_of_Wo,Loc_in_Wor,Workers_in,Law_Enforc,Mopeds,Motorcycle,Passengers,Bicyclists,Pedestrian,Fataliti_1,Injuries_U,Possible_I,Non_Incapa,Incapacita,Fataliti_2,Non_Traffi,Transporte,Transpor_1,Transpor_2,Citations,Property_D,Vehicle_Dm,S4_Mapping,S4_Decimal,S4_Decim_1,S4_Albers_,S4_Albers1,S4_Mappi_1,zone_id_st
1969,1970,1,1969,33781,87186285,FHPD18OFF032137,FHP,Long,4/2/2018 0:00:00,04:45 PM,Orlando Expwy Auth,Orange,STATE ROAD 528 EB MM13,NARCOOSSEE RD,200,West,Sideswipe,2,0,0,1,N,N,N,1500.000000000000000,Clear,Daylight,0,Same Direction Sideswipe, ,Injury,Y,"Sideswipe, Same Direction",Motor Vehicle in Transport,On Roadway,Non-Junction,N,Not at Intersection,State,Paved,Dry,None, , ,None, , ,N,N, , , , ,0,0,0,0,0,0,0,1,0,0,0,0,0.000000000000000,0.000000000000000,0,0,0,1500,"Mapped, On Network",-81.265472443500002,28.448418765200000,667275.527466999948956,496559.060920000018086,4/20/2018 2:21:42 PM,8052_8060
1970,1971,1,1970,33784,87166846,FHPD18OFF032314,FHP,Long,4/3/2018 0:00:00,07:37 AM,Orlando Expwy Auth,Orange,SR-408,MM19,40,East,Rear End,2,0,0,2,N,N,N,5000.000000000000000,Clear,Daylight,0,Rear End, ,Injury,N,Front to Rear,Motor Vehicle in Transport,On Roadway,Non-Junction,N,Not at Intersection,State,Paved,Dry,None, , ,None, , ,N,Y,Work on Shoulder or Median,Advance Warning Area,Y,N,0,0,0,0,0,0,0,2,0,0,0,0,0.000000000000000,0.000000000000000,0,1,0,5000,"Mapped, On Network",-81.243893903900002,28.547410452499999,669138.596384000033140,507596.906860999995843,4/20/2018 2:33:11 PM,8005_8013
1971,1972,1,1971,33785,87186287,FHPD18OFF032387,FHP,Long,4/3/2018 0:00:00,10:16 AM,Orlando Expwy Auth,Orange,STATE ROAD 528 EB MM28,STATE ROAD 520,10560,West,Rear End,2,0,0,0,N,N,N,3000.000000000000000,Clear,Daylight,0,Rear End, ,Property Damage Only,Y,Front to Rear,Motor Vehicle in Transport,On Roadway,Non-Junction,N,Not at Intersection,State,Paved,Dry,None, , ,None, , ,N,N, , , , ,0,0,0,0,0,0,0,0,0,0,0,0,0.000000000000000,0.000000000000000,0,0,0,3000,"Mapped, On Network",-81.016894011199994,28.452335297699999,691556.775201000040397,497557.150428999972064,4/20/2018 2:17:30 PM,7008_7061
1972,1973,1,1972,33804,87182695,FHPD18OFF033733,FHP,Short,4/6/2018 0:00:00,04:25 PM,Orlando Expwy Auth,Orange,STATE ROAD 417 (GREENEWAY EXPRESSWAY),STATE ROAD 536 (EPCOT CTR DR),1500,South,Rear End,2,0,0,0,N,N,N,1000.000000000000000,Clear,Daylight,0,Rear End, ,Property Damage Only,Y,Front to Rear,Motor Vehicle in Transport,On Roadway,Non-Junction,N,Not at Intersection,State,Paved,Dry,None, , ,None, , ,N,N, , , , ,0,0,0,0,0,0,0,0,0,0,0,0,0.000000000000000,0.000000000000000,0,1,0,1000,"Mapped, On Network",-81.476084604099995,28.356203806100002,646902.666333999950439,485881.209120000014082,4/23/2018 2:30:03 PM,8581_7010
1973,1974,1,1973,33807,87734585,2018-00140224,Orlando PD,Short,4/9/2018 0:00:00,08:19 AM,Orlando,Orange,SR 408 WBO,SR 436 (S SEMORAN BV) ON RAMP,0,West,Rear End,2,0,0,0,N,N,N,1300.000000000000000,Cloudy,Daylight,0,Rear End, ,Property Damage Only,Y,Front to Rear,Motor Vehicle in Transport,On Roadway,Non-Junction,N,Not at Intersection,State,Paved,Wet,Road Surface Condition, , ,None, , ,N,N, , , , ,0,0,0,0,0,0,0,0,0,0,0,0,0.000000000000000,0.000000000000000,0,0,0,1300,"Mapped, On Network",-81.316798746399996,28.539837374000001,662038.748083999962546,506599.057931000017561,5/2/2018 10:19:20 AM,8188_6226
1974,1975,1,1974,33860,87142463,FHPD18OFF036445,FHP,Short,4/13/2018 0:00:00,04:11 PM,Orlando Expwy Auth,Orange,STATE RD 417,BOGGY CREEK RD,100,South,Rear End,2,0,0,0,N,N,N,1250.000000000000000,Clear,Daylight,0,Rear End, ,Property Damage Only,N,Front to Rear,Motor Vehicle in Transport,On Roadway,Non-Junction,N,Not at Intersection,State,Paved,Dry,None, , ,None, , ,N,N, , , , ,0,0,0,0,0,0,0,0,0,0,0,0,0.000000000000000,0.000000000000000,0,0,0,1250,"Mapped, On Network",-81.310014786099998,28.369358549899999,663114.125069999950938,487685.231212000013329,4/20/2018 12:12:11 PM,11015_8482
1975,1976,1,1975,33868,87166838,FHPD18OFF029099,FHP,Long,3/25/2018 0:00:00,06:00 AM,Orlando Expwy Auth,Orange,SR-408,MM1,0,West,Off Road,1,0,0,0,N,N,N,2400.000000000000000,Clear,Dark - Lighted,0,Off Road, ,Property Damage Only,N,Other,Guardrail Face,Median,Non-Junction,N,Not at Intersection,State,Paved,Dry,None, , ,None, , ,N,N, , , , ,0,0,0,0,0,0,0,0,0,0,0,0,0.000000000000000,0.000000000000000,0,0,0,2400,"Mapped, On Network",-81.517050692400005,28.543631399399999,642476.609743000008166,506610.669690000009723,4/20/2018 3:14:14 PM,8116_6273
1976,1977,1,1976,33873,87190540,FHPD18OFF024383,FHP,Long,3/13/2018 0:00:00,04:55 AM,Unincorporated,Orange,STATE ROAD 429 DANIEL WEBSTER WESTERN BELTWAY,CLARCONA OCOEE ROAD,5280,North,Unknown,2,0,0,0,N,N,N,10000.000000000000000,Clear,Dark - Lighted,0,Unknown, ,Property Damage Only,N,"Sideswipe, Same Direction",Motor Vehicle in Transport,On Roadway,Non-Junction,N,Not at Intersection,State,Paved,Dry,None, , ,None, , ,N,N, , , , ,0,0,0,0,0,0,0,0,0,0,0,0,0.000000000000000,0.000000000000000,0,0,0,10000,"Mapped, On Network",-81.537684832799997,28.606189114999999,640323.102314000017941,513516.261011000024155,4/9/2018 10:49:28 AM,7012_8458
1977,1978,1,1977,33919,87173883,FHPD18OFF025923,FHP,Long,3/16/2018 0:00:00,05:23 PM,Orlando Expwy Auth,Orange,WB SR-408,HIAWASSEE ROAD,0,East,Sideswipe,3,0,0,0,N,N,N,13000.000000000000000,Clear,Daylight,0,Same Direction Sideswipe, ,Property Damage Only,Y,"Sideswipe, Same Direction",Motor Vehicle in Transport,On Roadway,Non-Junction,N,Not at Intersection,State,Paved,Dry,None, , ,None, , ,N,N, , , , ,0,0,1,0,0,0,0,0,0,0,0,0,0.000000000000000,0.000000000000000,0,0,0,13000,"Mapped, On Network",-81.468746428599999,28.549294850999999,647180.278372999979183,507335.402170000015758,4/19/2018 12:36:02 PM,6930_8210
1978,1979,1,1978,33959,87173884,FHPD18OFF025954,FHP,Short,3/16/2018 0:00:00,06:10 PM,Orlando Expwy Auth,Orange,EB SR-528,TRADEPORT DR,0,West,Rear End,2,0,0,0,N,N,N,3000.000000000000000,Clear,Daylight,0,Rear End, ,Property Damage Only,Y,Front to Rear,Motor Vehicle in Transport,On Roadway,Non-Junction,N,Not at Intersection,State,Paved,Dry,None, , ,None, , ,N,N, , , , ,0,0,1,0,0,0,0,0,0,0,0,0,0.000000000000000,0.000000000000000,0,0,0,3000,"Mapped, On Network",-81.340701433299998,28.450506105300001,659918.726178999990225,496630.008526000019629,4/19/2018 12:34:16 PM,8327_8331
1979,1980,1,1979,33978,87468047,2018TA002792,Apopka PD,Long,3/1/2018 0:00:00,11:35 AM,Apopka,Orange,SR 429-TOLL,SR 414-TOLL,1000,South,Sideswipe,2,0,0,0,N,N,N,5000.000000000000000,Cloudy,Daylight,0,Same Direction Sideswipe, ,Property Damage Only,Y,"Sideswipe, Same Direction",Motor Vehicle in Transport,On Roadway,Through Roadway,N,Not at Intersection,Turnpike/Toll,Paved,Dry,None, , ,None, , ,N,N, , , , ,0,0,0,0,0,0,0,0,0,0,0,0,0.000000000000000,0.000000000000000,0,0,0,5000,"Mapped, On Network",-81.543116064700001,28.643333405300002,639710.900616000057198,517629.929661999980453,3/3/2018 3:24:21 PM,6652_8320
1980,1981,1,1980,34014,87181454,FHPD18OFF021545,FHP,Long,3/5/2018 0:00:00,07:18 AM,Orlando Expwy Auth,Orange,SR-408 TOLL,20MM,0, ,Unknown,2,0,0,1,N,N,N,10000.000000000000000,Clear,Daylight,0,Unknown, ,Injury,Y,"Sideswipe, Same Direction",Motor Vehicle in Transport,On Roadway,Non-Junction,N,Not at Intersection,State,Paved,Dry,None, , ,None, , ,N,N, , , , ,0,0,0,0,0,0,0,0,1,0,0,0,1.000000000000000,0.000000000000000,0,1,0,10000,"Mapped, On Network",-81.218859884599993,28.547620049399999,671582.274735999992117,507675.063719999976456,4/13/2018 8:47:01 PM,8077_8070
1981,1982,1,1981,34015,87181455,FHPD18OFF021661,FHP,Long,3/5/2018 0:00:00,12:43 PM,Orlando Expwy Auth,Orange,SR417,11MM,0, ,Unknown,2,0,0,0,N,N,N,1500.000000000000000,Clear,Daylight,0,Unknown, ,Property Damage Only,Y,"Sideswipe, Same Direction",Motor Vehicle in Transport,On Roadway,Non-Junction,N,Not at Intersection,State,Paved,Dry,None, , ,None, , ,N,N, , , , ,0,0,0,0,0,0,0,0,0,0,0,0,0.000000000000000,0.000000000000000,0,2,0,1500,"Mapped, On Network",-81.399889999999999,28.370692653999999,654321.409057999961078,487644.797285999986343,4/13/2018 8:46:45 PM,8017_6167
1982,1983,1,1982,34016,87181456,FHPD18OFF021904,FHP,Long,3/6/2018 0:00:00,08:15 AM,Orlando Expwy Auth,Orange,SR-408 TOLL,5MM,0, ,Rear End,2,0,0,0,N,N,N,5000.000000000000000,Clear,Daylight,0,Rear End, ,Property Damage Only,Y,Front to Rear,Motor Vehicle in Transport,On Roadway,Non-Junction,N,Not at Intersection,State,Paved,Dry,None, , ,None, , ,N,N, , , , ,0,0,0,0,0,0,0,0,0,0,0,0,0.000000000000000,0.000000000000000,0,1,0,5000,"Mapped, On Network",-81.463625801199996,28.549926928100000,647678.800297999987379,507415.857660999987274,4/17/2018 10:56:47 AM,6068_8208
1983,1984,1,1983,34017,87181457,FHPD18OFF022973,FHP,Long,3/9/2018 0:00:00,07:08 AM,Orlando Expwy Auth,Orange,SR-408 TOLL,SR551,300,West,Unknown,2,0,0,0,N,N,N,2000.000000000000000,Clear,Daylight,0,Unknown, ,Property Damage Only,Y,"Sideswipe, Same Direction",Motor Vehicle in Transport,On Roadway,Non-Junction,N,Not at Intersection,State,Paved,Dry,None, , ,None, , ,N,N, , , , ,0,0,0,0,0,0,0,0,0,0,0,0,0.000000000000000,0.000000000000000,0,0,0,2000,"Mapped, On Network",-81.282759999999996,28.541820049399998,665357.551868999958970,506891.982009000028484,4/17/2018 4:51:36 PM,8408_8412
1984,1985,1,1984,34023,87734402,2018-00124923,Orlando PD,Short,3/29/2018 0:00:00,04:08 PM,Orlando,Orange,408 EBO,ORANGE BLOSSOM TRL,0, ,Sideswipe,2,0,0,0,N,N,N,1500.000000000000000,Clear,Daylight,0,Same Direction Sideswipe, ,Property Damage Only,Y,"Sideswipe, Same Direction",Motor Vehicle in Transport,On Roadway,Non-Junction,N,Not at Intersection,State,Paved,Dry,None, , ,None, , ,N,N, , , , ,0,0,0,0,0,0,0,0,0,0,0,0,0.000000000000000,0.000000000000000,0,0,0,1500,"Mapped, On Network",-81.394358972800006,28.535064040799998,654476.638475000043400,505906.638519999978598,4/25/2018 11:29:56 AM,8248_8267
1985,1986,1,1985,34043,87443013,2018-00106875,Orlando PD,Short,3/16/2018 0:00:00,09:21 PM,Orlando,Orange,EW WBO,CRYSTAL LAKE DRIVE OFF-RAMP,0,East,Rear End,2,0,0,0,N,N,N,5000.000000000000000,Clear,Dark - Lighted,0,Rear End, ,Property Damage Only,Y,Front to Rear,Motor Vehicle in Transport,On Roadway,Non-Junction,N,Not at Intersection,Turnpike/Toll,Paved,Dry,Work Zone, , ,None, , ,N,Y,Lane Closure,Advance Warning Area, ,Y,0,0,0,0,0,0,0,0,0,0,0,0,0.000000000000000,0.000000000000000,0,2,0,5000,"Mapped, On Network",-81.334664515300005,28.538514412100000,660297.442965000052936,506414.331822999985889,4/19/2018 1:14:31 PM,6177_8353
1986,1987,1,1986,34132,87173882,FHPD18OFF025875,FHP,Short,3/16/2018 0:00:00,04:25 PM,Orlando Expwy Auth,Orange,WB SR-408,SR-435,0,East,Sideswipe,2,0,0,0,N,N,N,3000.000000000000000,Clear,Daylight,0,Same Direction Sideswipe, ,Property Damage Only,Y,"Sideswipe, Same Direction",Motor Vehicle in Transport,On Roadway,Non-Junction,N,Not at Intersection,State,Paved,Dry,None, , ,None, , ,N,N, , , , ,0,0,0,0,0,0,0,0,0,0,0,0,0.000000000000000,0.000000000000000,0,0,0,3000,"Mapped, On Network",-81.455388573400000,28.548600112900001,648486.098033000016585,507285.109990000026301,4/19/2018 12:37:42 PM,8201_8203
1987,1988,1,1987,34140,87102439,FHPD18OFF022825,FHP,Short,3/8/2018 0:00:00,05:30 PM,Orlando Expwy Auth,Orange,STATE ROAD 408 (EAST WEST EXPRESSWAY),HIAWASSEE ROAD,1000,East,Rear End,2,0,0,0,N,N,N,100.000000000000000,Clear,Daylight,0,Rear End, ,Property Damage Only,N,Front to Rear,Motor Vehicle in Transport,On Roadway,Non-Junction,N,Not at Intersection,State,Paved,Dry,None, , ,None, , ,N,Y,Work on Shoulder or Median,Activity Area,Y,N,0,0,0,0,0,0,0,0,0,0,0,0,0.000000000000000,0.000000000000000,0,1,0,100,"Mapped, On Network",-81.472126611299998,28.548667424700000,646851.673594000050798,507258.966532999998890,4/16/2018 12:36:18 PM,8210_8148
1988,1989,1,1988,34153,87734484,2018-00132053,Orlando PD,Long,4/3/2018 0:00:00,05:43 PM,Orlando,Orange,SR 408 EBO,EXIT RAMP TO S TAMPA AV.,50,West,Sideswipe,2,0,0,2,N,N,N,3000.000000000000000,Clear,Daylight,0,Same Direction Sideswipe, ,Injury,Y,Angle,Motor Vehicle in Transport,On Roadway,Entrance/Exit Ramp,N,Not at Intersection,State,Paved,Dry,None, , ,None, , ,N,N, , , , ,0,0,1,0,0,0,0,2,0,0,0,0,0.000000000000000,0.000000000000000,0,0,0,3000,"Mapped, On Network",-81.407674631500001,28.537789992299999,653170.009953000000678,506181.896073999989312,4/30/2018 10:07:01 AM,8213_8169
1989,1990,1,1989,34211,87186271,FHPD18OFF025945,FHP,Long,3/16/2018 0:00:00,05:59 PM,Orlando Expwy Auth,Orange,STATE ROAD 417 SB MM8,HUNTERS VISTA BLVD,10,South,Rear End,2,0,0,0,N,N,N,4000.000000000000000,Clear,Daylight,0,Rear End, ,Property Damage Only,Y,Front to Rear,Motor Vehicle in Transport,On Roadway,Non-Junction,N,Not at Intersection,State,Paved,Dry,None, , ,None, , ,N,N, , , , ,0,0,8,0,0,0,0,0,0,0,0,0,0.000000000000000,0.000000000000000,0,1,0,4000,"Mapped, On Network",-81.452398405599993,28.357210048900001,649217.138077000039630,486040.582875000021886,4/19/2018 1:08:51 PM,6975_6889
1990,1991,1,1990,34223,87445927,2018-00101436,Orlando PD,Long,3/13/2018 0:00:00,08:18 AM,Orlando,Orange,SR 408 WBO,S CRYSTAL LAKE DR,500,East,Rear End,4,0,0,0,N,N,N,2400.000000000000000,Clear,Daylight,0,Rear End, ,Property Damage Only,Y,Front to Rear,Motor Vehicle in Transport,On Roadway,Non-Junction,N,Not at Intersection,State,Paved,Dry,None, , ,None, , ,N,N, , , , ,0,0,0,0,0,0,0,0,0,0,0,0,0.000000000000000,0.000000000000000,0,1,0,2400,"Mapped, On Network",-81.341899894199997,28.538483993300002,659591.016152000054717,506395.702396999986377,4/18/2018 12:07:54 PM,8353_6185
1991,1992,1,1991,34240,87181453,FHPD18OFF020915,FHP,Long,3/3/2018 0:00:00,06:09 AM,Orlando Expwy Auth,Orange,SR-528 TOLL,22MM,0, ,Unknown,2,0,0,0,N,N,N,2000.000000000000000,Clear,Dark - Not Lighted,0,Unknown, ,Property Damage Only,Y,"Sideswipe, Same Direction",Motor Vehicle in Transport,On Roadway,Non-Junction,N,Not at Intersection,State,Paved,Dry,None, , ,None, , ,N,N, , , , ,0,0,0,0,0,0,0,0,0,0,0,0,0.000000000000000,0.000000000000000,0,0,0,2000,"Mapped, On Network",-81.106969761700000,28.451593164999998,682756.707620000001043,497264.999881999974605,4/16/2018 10:48:53 AM,6073_8099
1992,1993,1,1992,34263,87734852,2018-00144863,Orlando PD,Long,4/12/2018 0:00:00,08:05 AM,Orlando,Orange,EAST/WEST EXPRWY,CONWAY RD,100,West,Rear End,3,0,0,3,N,Y,N,8750.000000000000000,Clear,Daylight,0,Rear End, ,Injury,Y,Front to Rear,Motor Vehicle in Transport,On Roadway,Non-Junction,N,Not at Intersection,State,Paved,Dry,None, , ,None, , ,N,N, , , , ,0,0,1,0,0,0,0,2,1,0,0,0,0.000000000000000,0.000000000000000,0,1,0,8750,"Mapped, On Network",-81.334425351899995,28.538565538600000,660320.673371999990195,506420.513246999995317,5/7/2018 9:12:36 AM,6177_8353
1993,1994,1,1993,34353,87102440,FHPD18OFF022848,FHP,Short,3/8/2018 0:00:00,06:10 PM,Orlando Expwy Auth,Orange,SR 408 (EAST WEST EXPRESSWAY),SR 417 (GREENEWAY EXPRESSWAY),2000,East,Rear End,2,0,0,0,N,N,N,2000.000000000000000,Clear,Dark - Lighted,0,Rear End, ,Property Damage Only,N,Angle,Motor Vehicle in Transport,On Roadway,Non-Junction,N,Not at Intersection,State,Paved,Dry,None, , ,None, , ,N,N, , , , ,0,0,1,0,0,0,0,0,0,0,0,0,0.000000000000000,0.000000000000000,0,0,0,2000,"Mapped, On Network",-81.264559194200004,28.547287768800000,667121.228999000042677,507538.351742999977432,4/16/2018 12:34:00 PM,8412_7015
1994,1995,1,1994,34362,87734583,2018-00132933,Orlando PD,Long,4/4/2018 0:00:00,09:08 AM,Orlando,Orange,SR 408 WBO,S CONWAY RD ENTRANCE TO SR 408 WBO,250,East,Unknown,2,0,0,0,N,N,N,2500.000000000000000,Clear,Daylight,0,Unknown, ,Property Damage Only,Y,Front to Rear,Motor Vehicle in Transport,On Roadway,Non-Junction,N,Not at Intersection,State,Paved,Dry,None, , ,None, , ,N,N, , , , ,0,0,1,0,0,0,0,0,0,0,0,0,0.000000000000000,0.000000000000000,0,0,0,2500,"Mapped, On Network",-81.330566528999995,28.538446845700001,660697.753457000013441,506415.486789999995381,4/30/2018 11:49:21 AM,6229_6177
1995,1996,1,1995,34367,87205996,FHPK18OFF026442,FHP,Short,4/11/2018 0:00:00,07:30 AM,Orlando,Orange,STATE ROAD 408 (EAST WEST EXPY) WB,MM 1,0, ,Unknown,2,0,0,0,N,N,N,750.000000000000000,Cloudy,Daylight,0,Unknown, ,Property Damage Only,N,"Sideswipe, Same Direction",Motor Vehicle in Transport,On Roadway,Non-Junction,N,Not at Intersection,Turnpike/Toll,Paved,Wet,None, , ,None, , ,N,N, , , , ,0,0,3,0,0,0,0,0,0,0,0,0,0.000000000000000,0.000000000000000,0,3,0,750,"Mapped, On Network",-81.515738221000007,28.544106446899999,642603.701264000032097,506665.997216999996454,5/3/2018 8:30:57 PM,6225_8114
1996,1997,1,1996,34370,87197013,FHPD18OFF036657,FHP,Long,4/14/2018 0:00:00,03:41 AM,Orlando,Orange,STATE ROAD 528 EB MM29,STATE ROAD 520,10560,West,Off Road,1,0,0,0,N,N,N,10000.000000000000000,Clear,Dark - Not Lighted,0,Off Road, ,Property Damage Only,N,Other,Guardrail Face,Off Roadway,Non-Junction,N,Not at Intersection,State,Unpaved,Dry,None, , ,None, , ,N,N, , , , ,0,0,1,0,0,0,0,0,0,0,0,0,0.000000000000000,0.000000000000000,0,0,0,10000,"Mapped, On Network",-81.007532378799993,28.452437445000001,692471.288895000005141,497590.659974000009242,4/20/2018 6:16:33 PM,7061_8083
1997,1998,1,1997,34388,87186301,FHPD18OFF037840,FHP,Long,4/17/2018 0:00:00,11:44 AM,Orlando Expwy Auth,Orange,STATE ROAD 528 EB MM22,DALLAS BLVD,5280,West,Off Road,1,0,0,1,N,N,N,4000.000000000000000,Clear,Daylight,0,Off Road, ,Injury,Y,Other,Guardrail End,On Roadway,Non-Junction,N,Not at Intersection,State,Paved,Dry,None, , ,None, , ,N,Y,Lane Shift/Crossover,Activity Area,N,N,0,0,0,0,0,0,0,0,1,0,0,0,1.000000000000000,0.000000000000000,0,0,0,4000,"Mapped, On Network",-81.098345712099999,28.451426031299999,683599.879554999992251,497266.247927999997046,4/20/2018 12:52:41 PM,8109_6321
1998,1999,1,1998,34422,87734685,2018-00143367,Orlando PD,Short,4/11/2018 0:00:00,09:30 AM,Orlando,Orange,SR 408 WEST,S MILLS AV. (EXIT RAMP),600,West,Sideswipe,2,0,0,0,N,N,N,1400.000000000000000,Clear,Daylight,0,Same Direction Sideswipe, ,Property Damage Only,Y,Angle,Motor Vehicle in Transport,On Roadway,Non-Junction,N,Not at Intersection,State,Paved,Dry,None, , ,None, , ,N,N, , , , ,0,0,0,0,0,0,0,0,0,0,0,0,0.000000000000000,0.000000000000000,0,0,0,1400,"Mapped, On Network",-81.361251833899999,28.537930775200000,657702.702840000041761,506293.688563000003342,5/7/2018 8:47:39 AM,8309_8313
1999,2000,1,1999,34424,87166840,FHPD18OFF029161,FHP,Long,3/25/2018 0:00:00,11:43 AM,Orlando Expwy Auth,Orange,SR-417,MM28,5280,South,Sideswipe,2,0,0,0,N,N,N,4100.000000000000000,Clear,Daylight,0,Same Direction Sideswipe, ,Property Damage Only,N,Angle,Motor Vehicle in Transport,On Roadway,Non-Junction,N,Not at Intersection,State,Paved,Dry,None, , ,None, , ,N,N, , , , ,0,0,0,0,0,0,0,0,0,0,0,0,0.000000000000000,0.000000000000000,0,1,0,4100,"Mapped, On Network",-81.240608826900001,28.482743575499999,669620.025787999969907,500424.230929000012111,4/20/2018 3:12:38 PM,8386_6314
2000,2001,1,2000,34438,87186273,FHPD18OFF026350,FHP,Long,3/17/2018 0:00:00,06:31 PM,Orlando Expwy Auth,Orange,STATE ROAD 408 EB MM5,KIRKMAN RD,400,West,Other,1,0,0,1,N,N,N,5000.000000000000000,Clear,Daylight,0,Single Vehicle, ,Injury,Y,Other,Motor Vehicle in Transport,On Roadway,Non-Junction,N,Not at Intersection,State,Paved,Dry,None, , ,None, , ,N,N, , , , ,0,0,0,0,0,0,0,0,0,1,0,0,1.000000000000000,0.000000000000000,0,0,0,5000,"Mapped, On Network",-81.461371561299998,28.550198367899998,647898.276853000046685,507450.525915000005625,4/20/2018 1:55:31 PM,6068_8208
2001,2002,1,2001,34459,87446450,2018-00125839,Orlando PD,Short,3/30/2018 0:00:00,08:03 AM,Orlando,Orange,408 W,CRYSTAL LAKE DR,0, ,Rear End,2,0,0,0,N,N,N,4000.000000000000000,Clear,Daylight,0,Rear End, ,Property Damage Only,Y,Front to Rear,Motor Vehicle in Transport,On Roadway,Non-Junction,N,Not at Intersection,U.S.,Paved,Dry,None, , ,None, , ,N,N, , , , ,0,0,1,0,0,0,0,0,0,0,0,0,0.000000000000000,0.000000000000000,0,0,0,4000,"Mapped, On Network",-81.340782304499996,28.538514195899999,659700.071120999986306,506401.408936999971047,4/24/2018 12:57:58 PM,8353_6185
2002,2003,1,2002,34460,87445915,2018-00120963,Orlando PD,Long,3/27/2018 0:00:00,07:05 AM,Orlando,Orange,408 WBO,SR 400,800,West,Unknown,2,0,0,0,N,N,N,1200.000000000000000,Clear,Dawn,0,Unknown, ,Property Damage Only,Y,Angle,Motor Vehicle in Transport,On Roadway,Non-Junction,N,Not at Intersection,Turnpike/Toll,Paved,Dry,None, , ,None, , ,N,N, , , , ,0,0,0,0,0,0,0,0,0,0,0,0,0.000000000000000,0.000000000000000,0,0,0,1200,"Mapped, On Network",-81.386008913400005,28.535298646800001,655291.462269000010565,505949.946164000022691,4/25/2018 9:51:34 AM,8274_8272
2003,2004,1,2003,34461,87171443,FHPK18OFF026703,FHP,Short,4/12/2018 0:00:00,08:45 AM,Winter Garden,Orange,SR-429 TOLL,CR-535,800,North,Other,2,0,0,0,N,N,N,3000.000000000000000,Clear,Daylight,0,Parked Vehicle, ,Property Damage Only,N,Rear to Rear,Parked Motor Vehicle,Off Roadway,Shared-Use Path or Trail,N,Not at Intersection,State,Unpaved,Dry,None, , ,None, , ,N,N, , , , ,0,0,0,0,0,0,0,0,0,0,0,0,0.000000000000000,0.000000000000000,0,1,0,3000,"Mapped, On Network",-81.590814856799994,28.515667246500001,635334.645934000029229,503362.786702000012156,5/3/2018 8:41:38 PM,8494_8462
2004,2005,1,2004,34470,87166862,FHPD18OFF037789,FHP,Long,4/17/2018 0:00:00,08:17 AM,Orlando Expwy Auth,Orange,SR-408,MM7,40,West,Rear End,4,0,0,1,N,N,N,9200.000000000000000,Clear,Daylight,0,Rear End, ,Injury,N,Front to Rear,Motor Vehicle in Transport,On Roadway,Non-Junction,N,Not at Intersection,State,Paved,Dry,None, , ,None, , ,N,N, , , , ,0,0,0,0,0,0,0,1,0,0,0,0,0.000000000000000,0.000000000000000,0,1,0,9200,"Mapped, On Network",-81.428137784900002,28.545740098000000,651153.428906999994069,507022.763797999999952,4/20/2018 12:46:24 PM,6014_8237
2005,2006,1,2005,34478,87186267,FHPD18OFF024261,FHP,Long,3/12/2018 0:00:00,04:55 PM,Orlando Expwy Auth,Orange,STATE ROAD 417 NB MM9,HUNTERS VISTA BLVD,200,North,Sideswipe,3,0,0,2,N,N,N,12000.000000000000000,Clear,Daylight,0,Same Direction Sideswipe, ,Injury,Y,"Sideswipe, Same Direction",Motor Vehicle in Transport,On Roadway,Non-Junction,N,Not at Intersection,State,Paved,Dry,None, , ,None, , ,N,N, , , , ,0,0,1,0,0,0,0,2,0,0,0,0,0.000000000000000,0.000000000000000,0,1,0,12000,"Mapped, On Network",-81.453648877999996,28.356712999300001,649095.968753000022843,485982.867327000014484,4/19/2018 9:41:36 AM,6916_6959
2006,2007,1,2006,34560,87468209,2018TA004843,Apopka PD,Long,4/10/2018 0:00:00,08:35 AM,Apopka,Orange,SR 429,OCOEE APOPKA RD,750,South,Sideswipe,2,0,0,0,N,N,N,4000.000000000000000,Cloudy,Dawn,0,Same Direction Sideswipe, ,Property Damage Only,Y,"Sideswipe, Same Direction",Motor Vehicle in Transport,On Roadway,Through Roadway,N,Not at Intersection,State,Paved,Wet,None, , ,None, , ,N,N, , , , ,0,0,0,0,0,0,0,0,0,0,0,0,0.000000000000000,0.000000000000000,0,0,0,4000,"Mapped, On Network",-81.540233790800002,28.631784332599999,640017.660367000033148,516353.209960000007413,4/23/2018 9:44:10 AM,8444_8441