FID,OBJECTID_1,Join_Count,TARGET_FID,OBJECTID,HSMV_Repor,Agency_Rep,Reporting_,Form_Type,Crash_Date,Crash_Time,City,County,Crash_Stre,Intersecti,Offset_Dis,Offset_Dir,Crash_Type,Vehicles,Non_Motori,Fatalities,Injuries,Alcohol_Re,Distractio,Drug_Relat,Estimated_,Weather_Co,Light_Cond,Street_Num,Crash_Ty_1,Crash_Ty_2,Crash_Seve,Within_Cit,Manner_of_,First_Harm,First_HE_L,First_HE_R,First_HE_W,Type_of_In,Road_Sys_I,Type_of_Sh,Road_Surf_,Contrib_Ci,Contrib__1,Contrib__2,Contrib__3,Contrib__4,Contrib__5,School_Bus,Work_Zone_,Type_of_Wo,Loc_in_Wor,Workers_in,Law_Enforc,Mopeds,Motorcycle,Passengers,Bicyclists,Pedestrian,Fataliti_1,Injuries_U,Possible_I,Non_Incapa,Incapacita,Fataliti_2,Non_Traffi,Transporte,Transpor_1,Transpor_2,Citations,Property_D,Vehicle_Dm,S4_Mapping,S4_Decimal,S4_Decim_1,S4_Albers_,S4_Albers1,S4_Mappi_1,zone_id_st
2007,2008,1,2007,34610,87205800,FHPD18OFF035457,FHP,Long,4/11/2018 0:00:00,01:40 AM,Orlando,Orange,STATE ROAD 417,MM17,0, ,Off Road,1,0,0,1,N,N,N,10000.000000000000000,Rain,Dark - Lighted,0,Off Road, ,Injury,N,Other,Guardrail End,Off Roadway,Non-Junction,N,Not at Intersection,State,Unpaved,Wet,Road Surface Condition, , ,Weather Conditions, , ,N,N, , , , ,0,0,0,0,0,0,0,0,1,0,0,0,1.000000000000000,0.000000000000000,0,0,0,10000,"Mapped, On Network",-81.312677548699995,28.368599746499999,662855.551214999984950,487595.302275000023656,4/20/2018 5:17:19 PM,8480_11010
2008,2009,1,2008,34617,87194404,FHPD18OFF026722,FHP,Short,3/18/2018 0:00:00,05:55 PM,Orlando,Orange,SR-417,SR-528 (BEACHLINE EXPY),5280,South,Off Road,1,0,0,0,N,N,N,500.000000000000000,Clear,Daylight,0,Off Road, ,Property Damage Only,N,Other,Other Fixed Object,On Roadway,Non-Junction,N,Not at Intersection,State,Paved,Dry,None, , ,None, , ,N,N, , , , ,0,0,0,0,0,0,0,0,0,0,0,0,0.000000000000000,0.000000000000000,0,0,0,500,"Mapped, On Network",-81.229084074300005,28.435762437899999,670863.150204999954440,495233.242165000003297,4/21/2018 11:43:53 AM,6642_7993
2009,2010,1,2009,34618,87194402,FHPD18OFF026420,FHP,Long,3/17/2018 0:00:00,09:10 PM,Orlando,Orange,SR-417,CR-423 S JOHN YOUNG PKWY,0,North,Rear End,2,0,0,0,N,N,N,1500.000000000000000,Clear,Dark - Lighted,0,Rear End, ,Property Damage Only,N,Other,Motor Vehicle in Transport,On Roadway,Non-Junction,N,Not at Intersection,State,Paved,Dry,None, , ,None, , ,N,N, , , , ,0,0,3,0,0,0,0,0,0,0,0,0,0.000000000000000,0.000000000000000,0,1,0,1500,"Mapped, On Network",-81.417438068699994,28.375592069900001,652593.858405999955721,488152.722568000026513,4/20/2018 8:19:38 PM,8277_8290
2010,2011,1,2010,34623,87444886,2018-00106604,Orlando PD,Long,3/16/2018 0:00:00,05:30 PM,Orlando,Orange,STATE ROAD 417 OR CENTRAL FL GRNWY WBO,BOGGY CREEK ROAD,250,North,Rear End,2,0,0,7,N,Y,N,20000.000000000000000,Clear,Daylight,0,Rear End, ,Injury,Y,Front to Rear,Motor Vehicle in Transport,On Roadway,Entrance/Exit Ramp,N,Not at Intersection,State,Paved,Dry,None, , ,None, , ,N,N, , , , ,0,0,5,0,0,0,0,7,0,0,0,0,0.000000000000000,0.000000000000000,0,0,0,20000,"Mapped, On Network",-81.301974424099996,28.370945060600000,663896.592859999975190,487878.563043000001926,4/19/2018 12:19:54 PM,8601_11015
2011,2012,1,2011,34732,87733989,2018-00153392,Orlando PD,Long,4/18/2018 0:00:00,07:48 AM,Orlando,Orange,SR408,ROSALIND AVE,0, ,Rear End,3,0,0,1,N,N,N,16000.000000000000000,Clear,Daylight,0,Rear End, ,Injury,Y,Front to Rear,Motor Vehicle in Transport,On Roadway,Non-Junction,N,Not at Intersection,State,Paved,Dry,None, , ,None, , ,N,N, , , , ,0,0,0,0,0,0,0,1,0,0,0,0,0.000000000000000,0.000000000000000,0,0,0,16000,"Mapped, On Network",-81.375801985099997,28.536670277999999,656284.914823999977671,506123.411521999980323,5/12/2018 11:19:56 AM,6737_6230
2012,2013,1,2012,34735,87444041,2018-00142976,Orlando PD,Long,4/11/2018 0:00:00,01:37 AM,Orlando,Orange,408 EAST/WEST EXPRESSWAY WBO,INTERSTATE 4 EASTBOUND EXIT,0, ,Off Road,2,0,0,2,N,N,N,15000.000000000000000,Rain,Dark - Lighted,0,Off Road, ,Injury,Y,Unknown,Guardrail End,Off Roadway,Entrance/Exit Ramp,N,Not at Intersection,Interstate,Paved,Wet,None, , ,None, , ,N,N, , , , ,0,0,0,0,0,0,0,2,0,0,0,0,1.000000000000000,0.000000000000000,0,0,0,15000,"Mapped, On Network",-81.375757314699996,28.536784601299999,656289.006609000032768,506136.197764999989886,5/4/2018 2:33:32 PM,6737_6230
2013,2014,1,2013,34764,87186304,FHPD18OFF038470,FHP,Short,4/19/2018 0:00:00,07:38 AM,Orlando Expwy Auth,Orange,STATE ROAD 417 SB MM17,BOGGY CREEK RD,0,South,Rear End,2,0,0,0,N,N,N,2000.000000000000000,Clear,Daylight,0,Rear End, ,Property Damage Only,Y,Front to Rear,Motor Vehicle in Transport,On Roadway,Non-Junction,N,Not at Intersection,State,Paved,Dry,None, , ,None, , ,N,N, , , , ,0,0,0,0,0,0,0,0,0,0,0,0,0.000000000000000,0.000000000000000,0,1,0,2000,"Mapped, On Network",-81.317702393900007,28.367746072300001,662366.194764000014402,487489.817503000027500,4/23/2018 9:49:46 AM,8482_6618
2014,2015,1,2014,34775,87439428,2018-00153566,Orlando PD,Long,4/18/2018 0:00:00,10:08 AM,Orlando,Orange,SR408 WB,MERCADO AVE,100,West,Rear End,2,0,0,0,N,N,N,7000.000000000000000,Clear,Daylight,0,Rear End, ,Property Damage Only,Y,Front to Rear,Motor Vehicle in Transport,On Roadway,Non-Junction,N,Not at Intersection,State,Paved,Dry,None, , ,None, , ,N,N, , , , ,0,0,0,0,0,0,0,0,0,0,0,0,0.000000000000000,0.000000000000000,0,0,0,7000,"Mapped, On Network",-81.314632432500005,28.539628894500002,662250.778852000017650,506580.515745999990031,5/12/2018 11:28:34 AM,6256_8188
2015,2016,1,2015,34796,87182702,FHPD18OFF037981,FHP,Long,4/17/2018 0:00:00,05:25 PM,Orlando Expwy Auth,Orange,STATE ROAD 417 (GREENEWAY EXPRESSWAY),STATE ROAD 536 (EPCOT CTR DRIVE),10560,East,Rear End,2,0,0,0,N,N,N,4000.000000000000000,Clear,Daylight,0,Rear End, ,Property Damage Only,N,Front to Rear,Motor Vehicle in Transport,On Roadway,Non-Junction,N,Not at Intersection,State,Paved,Dry,None, , ,None, , ,N,N, , , , ,0,0,0,0,0,0,0,0,0,0,0,0,0.000000000000000,0.000000000000000,0,4,0,4000,"Mapped, On Network",-81.444731416200000,28.358715305000000,649963.584385999944061,486223.234132000012323,4/20/2018 12:50:48 PM,6959_8287
2016,2017,1,2016,34815,87182698,FHPD18OFF035716,FHP,Short,4/11/2018 0:00:00,05:07 PM,Orlando Expwy Auth,Orange,STATE ROAD 408 (EAST WEST EXPRESSWAY),STATE ROAD 551 (GOLDENROD ROAD),1000,West,Unknown,2,0,0,0,N,N,N,1750.000000000000000,Clear,Daylight,0,Unknown, ,Property Damage Only,Y,Front to Rear,Motor Vehicle in Transport,On Roadway,Non-Junction,N,Not at Intersection,State,Paved,Dry,None, , ,None, , ,N,Y,Work on Shoulder or Median,Activity Area,Y,N,0,0,1,0,0,0,0,0,0,0,0,0,0.000000000000000,0.000000000000000,0,1,0,1750,"Mapped, On Network",-81.289374964700002,28.539660263500000,664716.930291999946348,506637.965819999983069,4/20/2018 1:31:34 PM,6881_8431
2017,2018,1,2017,34838,87142468,FHPD18OFF038226,FHP,Long,4/18/2018 0:00:00,12:35 PM,Orlando Expwy Auth,Orange,STATE RD 528,STATE RD 520,21120,West,Rear End,2,0,0,1,N,N,N,7500.000000000000000,Clear,Daylight,0,Rear End, ,Injury,N,Front to Rear,Motor Vehicle in Transport,On Roadway,Non-Junction,N,Not at Intersection,State,Paved,Dry,None, , ,None, , ,N,N, , , , ,0,0,0,0,0,0,0,1,0,0,0,0,0.000000000000000,0.000000000000000,0,1,0,7500,"Mapped, On Network",-81.042007576100005,28.452325886499999,689102.774286999949254,497496.978545000019949,4/23/2018 9:57:08 AM,5943_6937
2018,2019,1,2018,34848,87171449,FHPK18OFF026011,FHP,Long,4/17/2018 0:00:00,06:45 AM,Winter Garden,Orange,SR-429 TOLL,MM21,500,South,Rollover,1,0,0,1,N,N,N,10000.000000000000000,Clear,Daylight,0,Rollover, ,Injury,N,Other,Overturn/Rollover,Off Roadway,Non-Junction,N,Not at Intersection,State,Paved,Dry,None, , ,None, , ,N,N, , , , ,0,0,0,0,0,0,0,0,1,0,0,0,1.000000000000000,0.000000000000000,0,0,0,10000,"Mapped, On Network",-81.564526988899999,28.529048321900000,637872.824449999956414,504898.987324999994598,5/7/2018 11:40:41 AM,6231_8470
2019,2020,1,2019,34857,87442252,2018-00108123,Orlando PD,Long,3/17/2018 0:00:00,06:28 PM,Orlando,Orange,CENTRAL FL GRNWY SBO (SR417),NARCOSSEE ROAD,0,South,Unknown,2,0,0,1,N,N,N,3500.000000000000000,Clear,Daylight,0,Unknown, ,Injury,Y,Angle,Motor Vehicle in Transport,On Roadway,Non-Junction,N,Y-Intersection,State,Paved,Dry,None, , ,None, , ,N,N, , , , ,0,0,1,0,0,0,0,1,0,0,0,0,0.000000000000000,0.000000000000000,0,1,0,3500,"Mapped, On Network",-81.249284212700005,28.397820090400000,668982.857055000029504,490976.333151000028010,4/20/2018 6:58:23 PM,8596_8510
2020,2021,1,2020,34860,87182689,FHPD18OFF028691,FHP,Long,3/23/2018 0:00:00,09:00 PM,Orlando Expwy Auth,Orange,STATE ROAD 408 (EAST WEST EXPWY),BUMBY AVENUE,100,West,Rear End,2,0,0,0,N,N,N,550.000000000000000,Clear,Dark - Lighted,0,Rear End, ,Property Damage Only,Y,"Sideswipe, Same Direction",Motor Vehicle in Transport,On Roadway,Entrance/Exit Ramp,Y,Not at Intersection,State,Paved,Dry,None, , ,None, , ,N,N, , , , ,0,0,0,0,0,0,0,0,0,0,0,0,0.000000000000000,0.000000000000000,0,2,0,550,"Mapped, On Network",-81.334984800399994,28.538443359799999,660266.339212000020780,506405.766859999974258,4/23/2018 2:29:55 PM,6177_8353
2021,2022,1,2021,34902,87445527,2018-00083194,Orlando PD,Long,2/28/2018 0:00:00,02:37 PM,Orlando,Orange,SR 408 WEST,I4 WEST ENTRANCE RAMP,1000,East,Rear End,2,0,0,1,N,N,N,13500.000000000000000,Cloudy,Daylight,0,Rear End, ,Injury,Y,Angle,Motor Vehicle in Transport,On Roadway,Entrance/Exit Ramp,N,Not at Intersection,State,Curb,Dry,None, , ,None, , ,N,N, , , , ,0,0,1,0,0,0,0,1,0,0,0,0,0.000000000000000,0.000000000000000,0,0,0,13500,"Mapped, On Network",-81.377926678300000,28.535980014500002,656079.073801000020467,506042.357061000016984,4/12/2018 10:40:27 AM,6737_6230
2022,2023,1,2022,34915,87108711,FHPK18OFF028011,FHP,Long,4/17/2018 0:00:00,08:29 AM,Ocoee,Orange,STATE ROAD 429,STATE ROAD 91,500,South,Rear End,2,0,0,0,N,N,N,1000.000000000000000,Clear,Daylight,0,Rear End, ,Property Damage Only,N,Front to Rear,Motor Vehicle in Transport,On Roadway,Non-Junction,N,Not at Intersection,Turnpike/Toll,Unpaved,Dry,None, , ,None, , ,N,N, , , , ,0,0,0,0,0,0,0,0,0,0,0,0,0.000000000000000,0.000000000000000,0,0,0,1000,"Mapped, On Network",-81.557073511699997,28.540172727400002,638576.238052999950014,506148.575529000023380,4/23/2018 2:50:57 PM,8524_6989
2023,2024,1,2023,34917,82024716,FHPD18OFF038234,FHP,Long,4/18/2018 0:00:00,12:56 PM,Unincorporated,Orange,SR-528 TOLL (EASTBOUND),SR-417,5280,East,Sideswipe,2,0,0,0,N,N,N,1100.000000000000000,Clear,Daylight,0,Same Direction Sideswipe, ,Property Damage Only,N,Angle,Motor Vehicle in Transport,On Roadway,Non-Junction,N,Not at Intersection,Turnpike/Toll,Paved,Dry,None, , ,None, , ,N,N, , , , ,0,0,0,0,0,0,0,0,0,0,0,0,0.000000000000000,0.000000000000000,0,1,0,1100,"Mapped, On Network",-81.201743047899996,28.451450500400000,673495.807314999983646,497035.406409999995958,4/23/2018 9:39:51 AM,6945_8095
2024,2025,1,2024,34921,87186303,FHPD18OFF038444,FHP,Long,4/19/2018 0:00:00,05:50 AM,Orlando Expwy Auth,Orange,STATE ROAD 417 SB MM14,LANDSTAR BLVD,5280,North,Sideswipe,2,0,0,0,N,N,N,4000.000000000000000,Clear,Dawn,0,Same Direction Sideswipe, ,Property Damage Only,Y,"Sideswipe, Same Direction",Motor Vehicle in Transport,On Roadway,Non-Junction,N,Not at Intersection,State,Paved,Dry,None, , ,None, , ,Y,N, , , , ,0,0,0,0,0,0,0,0,0,0,0,0,0.000000000000000,0.000000000000000,0,0,0,4000,"Mapped, On Network",-81.352244939599998,28.369302319700001,658984.262962999986485,487589.589257000014186,4/23/2018 9:51:30 AM,6700_8484
2025,2026,1,2025,35006,87735144,2018-00153444,Orlando PD,Long,4/18/2018 0:00:00,08:30 AM,Orlando,Orange,SR 408 EAST,S TAMPA AV EXIT RAMP,1000,West,Rear End,2,0,0,1,N,N,N,11500.000000000000000,Clear,Daylight,0,Rear End, ,Injury,Y,Front to Rear,Motor Vehicle in Transport,On Roadway,Non-Junction,N,Not at Intersection,State,Curb,Dry,None, , ,None, , ,N,N, , , , ,0,0,0,0,0,0,0,1,0,0,0,0,0.000000000000000,0.000000000000000,0,1,0,11500,"Mapped, On Network",-81.410329556500002,28.539938979900001,652905.752944999956526,506415.053253000020050,5/1/2018 5:58:41 PM,8213_8169
2026,2027,1,2026,35131,86612919,2018-00142261,Orlando PD,Long,4/10/2018 0:00:00,02:50 PM,Orlando,Orange,SR 408,I-4 EB OFF RAMP,0, ,Unknown,2,0,0,0,N,N,N,1500.000000000000000,Clear,Daylight,0,Unknown, ,Property Damage Only,Y,"Sideswipe, Same Direction",Motor Vehicle in Transport,On Roadway,Non-Junction,N,Not at Intersection,State,Paved,Dry,None, , ,None, , ,N,N, , , , ,0,0,0,0,0,0,0,0,0,0,0,0,0.000000000000000,0.000000000000000,0,0,0,1500,"Mapped, On Network",-81.375112497600000,28.536969517199999,656351.534184999996796,506158.069421999971382,5/1/2018 2:57:16 PM,6737_6230
2027,2028,1,2027,35166,87733963,2018-00124928,Orlando PD,Short,3/29/2018 0:00:00,04:05 PM,Orlando,Orange,SR 408 EBO,SR 408 EXIT RAMP TO US 441 (S ORANGE BLOSSOM TR),250,West,Rear End,2,0,0,0,N,N,N,1000.000000000000000,Clear,Daylight,0,Rear End, ,Property Damage Only,Y,Front to Rear,Motor Vehicle in Transport,On Roadway,Non-Junction,N,Not at Intersection,State,Paved,Dry,None, , ,None, , ,N,N, , , , ,0,0,1,0,0,0,0,0,0,0,0,0,0.000000000000000,0.000000000000000,0,0,0,1000,"Mapped, On Network",-81.400595464099993,28.535064040799998,653867.649754000012763,505893.784045999986120,4/25/2018 12:14:37 PM,8169_8242
2028,2029,1,2028,35204,87182701,FHPD18OFF037932,FHP,Long,4/17/2018 0:00:00,03:45 PM,Orlando Expwy Auth,Orange,STATE ROAD 528 (BEACHLINE EXPRESSWAY),STATE ROAD 15 (NARCOOSEE ROAD),1000,East,Rear End,2,0,0,0,N,N,N,2000.000000000000000,Clear,Daylight,0,Rear End, ,Property Damage Only,Y,Front to Rear,Motor Vehicle in Transport,On Roadway,Non-Junction,N,Not at Intersection,State,Paved,Dry,None, , ,None, , ,N,N, , , , ,0,0,0,0,0,0,0,0,0,0,0,0,0.000000000000000,0.000000000000000,0,2,0,2000,"Mapped, On Network",-81.260615004100003,28.448425618200002,667750.203639999963343,496570.359315000008792,4/20/2018 1:44:36 PM,8052_8060
2029,2030,1,2029,35205,87733994,2018-00149838,Orlando PD,Long,4/15/2018 0:00:00,04:25 PM,Orlando,Orange,EW WBO,SR 400,3000,East,Unknown,2,0,0,1,N,N,N,16000.000000000000000,Clear,Daylight,0,Unknown, ,Injury,Y,Front to Rear,Parked Motor Vehicle,Shoulder,Non-Junction,N,Not at Intersection,Turnpike/Toll,Paved,Dry,None, , ,None, , ,N,N, , , , ,0,0,0,0,0,0,0,0,1,0,0,0,0.000000000000000,0.000000000000000,0,0,0,16000,"Mapped, On Network",-81.372816100899996,28.537267224099999,656575.066434000036679,506195.899962999974377,5/7/2018 10:35:06 AM,8313_6737
2030,2031,1,2030,35209,87182707,FHPD18OFF038707,FHP,Long,4/19/2018 0:00:00,05:20 PM,Orlando Expwy Auth,Orange,STATE ROAD 408 (EAST WEST EXPRESSWAY),STATE ROAD 423 (JOHN YOUNG PKWY),1000,West,Rear End,2,0,0,0,N,N,N,3000.000000000000000,Clear,Daylight,0,Rear End, ,Property Damage Only,Y,Front to Rear,Motor Vehicle in Transport,On Roadway,Non-Junction,N,Not at Intersection,State,Paved,Dry,None, , ,None, , ,N,N, , , , ,0,0,0,0,0,0,0,0,0,0,0,0,0.000000000000000,0.000000000000000,0,1,0,3000,"Mapped, On Network",-81.416288927899998,28.544581651800002,652313.047274000011384,506918.327893999987282,4/23/2018 9:53:41 AM,8217_8215
2031,2032,1,2031,35212,87142469,FHPD18OFF038273,FHP,Long,4/18/2018 0:00:00,02:35 PM,Orlando Expwy Auth,Orange,STATE RD 417,BARRY DEASE RD,100,North,Other,1,0,0,0,N,N,N,8000.000000000000000,Clear,Daylight,0,Single Vehicle, ,Property Damage Only,N,Other,Other Non-Collision,On Roadway,Non-Junction,N,Not at Intersection,State,Paved,Dry,None, , ,Physical Obstruction(s), , ,N,N, , , , ,0,0,0,0,0,0,0,0,0,0,0,0,0.000000000000000,0.000000000000000,0,0,0,8000,"Mapped, On Network",-81.251364533399993,28.539703565700002,668428.273297999985516,506724.941904000006616,4/23/2018 9:55:25 AM,6035_11878
2032,2033,1,2032,35275,87166864,FHPD18OFF042610,FHP,Long,4/30/2018 0:00:00,03:34 PM,Orlando Expwy Auth,Orange,SR-408 EXIT 21,ALAFAYA TRAIL,10,West,Other,2,0,0,0,N,N,N,2000.000000000000000,Clear,Daylight,0,Other, ,Property Damage Only,N,Angle,Motor Vehicle in Transport,On Roadway,Non-Junction,N,Not at Intersection,State,Curb,Dry,None, , ,None, , ,N,N, , , , ,0,0,1,0,0,0,0,0,0,0,0,0,0.000000000000000,0.000000000000000,0,1,0,2000,"Mapped, On Network",-81.204022567999999,28.549835705900001,673025.333492000005208,507953.826141000026837,5/10/2018 11:36:46 PM,8041_6970
2033,2034,1,2033,35286,87217772,FHPD18OFF047384,FHP,Long,5/13/2018 0:00:00,04:45 AM,Orlando,Orange,STATE ROAD 417,MM17,0, ,Off Road,1,0,0,0,N,N,N,3000.000000000000000,Clear,Dark - Lighted,0,Off Road,S,Property Damage Only,N,Other,Fence,Off Roadway,Non-Junction,N,Not at Intersection,State,Paved,Dry,None, , ,None, , ,N,N, , , , ,0,0,0,0,0,0,0,0,0,0,0,0,0.000000000000000,0.000000000000000,0,0,0,3000,"Mapped, On Network",-81.302369549800005,28.370618050899999,663858.745776999974623,487841.409569000010379,5/24/2018 8:49:24 PM,8480_11010
2034,2035,1,2034,35293,85436008,FHPD18OFF042358,FHP,Long,4/29/2018 0:00:00,09:35 PM,Orlando,Orange,STATE ROAD 528(BEACHLINE EXPY),STATE ROAD 417(CENTRAL FLORIDA PKWY),10560,East,Rear End,2,0,0,1,N,Y,N,7500.000000000000000,Clear,Dark - Lighted,0,Rear End,W,Injury,N,Front to Rear,Motor Vehicle in Transport,On Roadway,Non-Junction,Y,Not at Intersection,Interstate,Paved,Dry,None, , ,None, , ,N,N, , , , ,0,0,0,0,0,0,0,1,0,0,0,0,0.000000000000000,0.000000000000000,0,1,0,7500,"Mapped, On Network",-81.239993681599998,28.451453073600000,669757.892254999955185,496951.436776000016835,5/15/2018 3:43:51 PM,8007_6663
2035,2036,1,2035,35306,87734955,2018-00159777,Orlando PD,Long,4/22/2018 0:00:00,09:48 PM,Orlando,Orange,SR 408 EAST/WEST EXPRESS WAY EBO,INTERSTATE 4 EBO,0,East,Unknown,2,0,0,0,N,N,N,1000.000000000000000,Clear,Dark - Lighted,0,Unknown, ,Property Damage Only,Y,Front to Rear,Motor Vehicle in Transport,On Roadway,Through Roadway,N,Not at Intersection,State,Paved,Dry,None, , ,None, , ,N,Y,Lane Closure,Transition Area,Y,Y,0,0,0,0,0,0,0,0,0,0,0,0,0.000000000000000,0.000000000000000,0,0,0,1000,"Mapped, On Network",-81.384970916300006,28.535116926800001,655393.249410000047646,505931.918961999996100,5/14/2018 9:32:35 AM,6679_6276
2036,2037,1,2036,35328,87736240,2018-00178024,Orlando PD,Short,5/5/2018 0:00:00,09:37 AM,Orlando,Orange,SR 408 WEST,US 441 (N. ORANGE BLOSSOM TR. EXIT),100,East,Unknown,2,0,0,0,N,N,N,1800.000000000000000,Clear,Daylight,0,Unknown, ,Property Damage Only,Y,Angle,Motor Vehicle in Transport,On Roadway,Entrance/Exit Ramp,N,Not at Intersection,State,Paved,Dry,None, , ,None, , ,N,N, , , , ,0,0,0,0,0,0,0,0,0,0,0,0,0.000000000000000,0.000000000000000,0,0,0,1800,"Mapped, On Network",-81.393179661100007,28.535291750399999,654591.262755000032485,505934.355590999999549,5/22/2018 11:56:56 AM,8272_8254
2037,2038,1,2037,35352,85265864,FHPD18OFF046232,FHP,Long,5/10/2018 0:00:00,09:00 AM,Orlando,Orange,EB SR-408 (EAST/WEST EXPRESSWAY),US HIGHWAY 441 (ORANGE BLOSSOM TRL),400,East,Rear End,3,0,0,3,N,N,N,11000.000000000000000,Clear,Daylight,0,Rear End, ,Injury,Y,Front to Rear,Motor Vehicle in Transport,On Roadway,Non-Junction,N,Not at Intersection,Turnpike/Toll,Paved,Dry,None, , ,None, , ,N,Y,Intermittent or Moving Work,Activity Area,Y,N,0,0,0,0,0,0,0,3,0,0,0,0,0.000000000000000,0.000000000000000,0,1,0,11000,"Mapped, On Network",-81.395841824100003,28.535110024900000,654331.731374999973923,505908.684982999984641,5/25/2018 2:35:25 PM,8242_8248
2038,2039,1,2038,35369,87176804,FHPK18OFF034615,FHP,Long,5/11/2018 0:00:00,06:26 PM,Winter Garden,Orange,STATE ROAD 429 NB,MILE MARKER 20,0, ,Rear End,3,0,0,5,N,N,N,27000.000000000000000,Clear,Daylight,0,Rear End,N,Injury,N,Front to Rear,Motor Vehicle in Transport,On Roadway,Non-Junction,N,Not at Intersection,Turnpike/Toll,Paved,Dry,None, , ,None, , ,N,N, , , , ,0,0,2,0,0,0,0,4,0,1,0,0,1.000000000000000,0.000000000000000,0,1,0,27000,"Mapped, On Network",-81.563373608000006,28.529392113200000,637984.706220999942161,504939.385340999986511,5/25/2018 4:29:11 PM,6231_8470
2039,2040,1,2039,35374,87142486,FHPD18OFF049351,FHP,Short,5/17/2018 0:00:00,05:25 PM,Orlando Expwy Auth,Orange,STATE RD 417 TRANSITION RAMP,STATE RD 408,60,North,Rear End,2,0,0,0,N,N,N,7000.000000000000000,Rain,Daylight,0,Rear End,S,Property Damage Only,N,Front to Rear,Motor Vehicle in Transport,On Roadway,Non-Junction,N,Not at Intersection,State,Paved,Wet,Other, , ,Weather Conditions, , ,N,N, , , , ,0,0,0,0,0,0,0,0,0,0,0,0,0.000000000000000,0.000000000000000,0,0,0,7000,"Mapped, On Network",-81.258511627399997,28.547665477700001,667710.756245999946259,507593.402727000007872,5/24/2018 1:51:45 PM,8568_11875
2040,2041,1,2040,35375,87142483,FHPD18OFF048754,FHP,Long,5/16/2018 0:00:00,02:02 PM,Orlando Expwy Auth,Orange,STATE RD 528,STATE RD 417 TRANSITION RAMP,0,West,Other,1,0,0,0,N,N,N,4000.000000000000000,Rain,Daylight,0,Single Vehicle,W,Property Damage Only,N,Other,Other Non-Collision,On Roadway,Non-Junction,N,Not at Intersection,State,Paved,Wet,Road Surface Condition, , ,Weather Conditions, , ,N,Y,Work on Shoulder or Median,Activity Area,Y,N,0,0,3,0,0,0,0,0,0,0,0,0,0.000000000000000,0.000000000000000,0,1,0,4000,"Mapped, On Network",-81.238735864899994,28.451496468999999,669880.700467000016943,496959.007090000028256,5/24/2018 1:53:51 PM,8007_6663
2041,2042,1,2041,35392,87733696,2018-00164142,Orlando PD,Long,4/25/2018 0:00:00,05:10 PM,Orlando,Orange,SR-528,TRADEPORT RD,2400,East,Rear End,4,0,0,2,N,N,N,4.000000000000000,Clear,Daylight,0,Rear End, ,Injury,Y,Front to Rear,Motor Vehicle in Transport,On Roadway,Non-Junction,N,Not at Intersection,State,Paved,Dry,None, , ,None, , ,N,N, , , , ,0,0,1,0,0,0,0,1,1,0,0,0,2.000000000000000,0.000000000000000,0,0,0,4,"Mapped, On Network",-81.325878064299999,28.451362261100002,661365.267842000001110,496756.399160999979358,5/14/2018 12:12:50 PM,8341_6947
2042,2043,1,2042,35401,87212425,FHPD18OFF044309,FHP,Long,5/4/2018 0:00:00,11:21 PM,Orlando,Orange,EASTBOUND SR408,SR436 (SEMORAN BLVD.),10560,East,Unknown,2,0,0,1,N,Y,N,10000.000000000000000,Clear,Dark - Lighted,0,Unknown,E,Injury,N,"Sideswipe, Same Direction",Motor Vehicle in Transport,On Roadway,Non-Junction,N,Not at Intersection,State,Paved,Dry,None, , ,None, , ,N,N, , , , ,0,0,1,0,0,0,0,1,0,0,0,0,0.000000000000000,0.000000000000000,0,1,0,10000,"Mapped, On Network",-81.313087319000005,28.539620024700000,662401.670951999956742,506582.817847999976948,5/14/2018 10:20:37 PM,6256_8188
2043,2044,1,2043,35413,87173914,FHPD18OFF042812,FHP,Long,5/1/2018 0:00:00,07:43 AM,Orlando Expwy Auth,Orange,EB SR-408,ROUSE ROAD,5280,West,Rear End,2,0,0,2,N,N,N,11500.000000000000000,Cloudy,Daylight,0,Rear End, ,Injury,Y,Front to Rear,Motor Vehicle in Transport,On Roadway,Non-Junction,N,Not at Intersection,State,Paved,Dry,None, , ,None, , ,N,Y,Work on Shoulder or Median,Activity Area,Y,N,0,0,1,0,0,0,0,0,2,0,0,0,2.000000000000000,0.000000000000000,0,1,0,11500,"Mapped, On Network",-81.239954227699997,28.547150024400000,669523.895759999984875,507576.596692999999505,5/10/2018 11:36:16 PM,8009_6303
2044,2045,1,2044,35439,87735457,2018-00161669,Orlando PD,Long,4/24/2018 0:00:00,05:46 AM,Orlando,Orange,EW EBO,I4 EBO,500,West,Unknown,3,0,0,0,N,N,N,13500.000000000000000,Clear,Dark - Lighted,0,Unknown, ,Property Damage Only,Y,Front to Rear,Motor Vehicle in Transport,On Roadway,Non-Junction,N,Not at Intersection,State,Unpaved,Wet,None, , ,None, , ,N,N, , , , ,0,0,1,0,0,0,0,0,0,0,0,0,0.000000000000000,0.000000000000000,0,0,0,13500,"Mapped, On Network",-81.385166709600000,28.535124005899998,655374.113721000030637,505932.299477999971714,5/5/2018 8:30:12 PM,6679_6276