FID,OBJECTID_1,Join_Count,TARGET_FID,OBJECTID,HSMV_Repor,Agency_Rep,Reporting_,Form_Type,Crash_Date,Crash_Time,City,County,Crash_Stre,Intersecti,Offset_Dis,Offset_Dir,Crash_Type,Vehicles,Non_Motori,Fatalities,Injuries,Alcohol_Re,Distractio,Drug_Relat,Estimated_,Weather_Co,Light_Cond,Street_Num,Crash_Ty_1,Crash_Ty_2,Crash_Seve,Within_Cit,Manner_of_,First_Harm,First_HE_L,First_HE_R,First_HE_W,Type_of_In,Road_Sys_I,Type_of_Sh,Road_Surf_,Contrib_Ci,Contrib__1,Contrib__2,Contrib__3,Contrib__4,Contrib__5,School_Bus,Work_Zone_,Type_of_Wo,Loc_in_Wor,Workers_in,Law_Enforc,Mopeds,Motorcycle,Passengers,Bicyclists,Pedestrian,Fataliti_1,Injuries_U,Possible_I,Non_Incapa,Incapacita,Fataliti_2,Non_Traffi,Transporte,Transpor_1,Transpor_2,Citations,Property_D,Vehicle_Dm,S4_Mapping,S4_Decimal,S4_Decim_1,S4_Albers_,S4_Albers1,S4_Mappi_1,zone_id_st
2045,2046,1,2045,35456,87142476,FHPD18OFF041458,FHP,Short,4/27/2018 0:00:00,11:29 AM,Orlando Expwy Auth,Orange,STATE RD 528,DALLAS BLVD,10560,West,Rear End,2,0,0,0,N,N,N,4000.000000000000000,Clear,Daylight,0,Rear End, ,Property Damage Only,N,Front to Rear,Motor Vehicle in Transport,On Roadway,Non-Junction,N,Not at Intersection,State,Paved,Dry,None, , ,None, , ,N,N, , , , ,0,0,1,0,0,0,0,0,0,0,0,0,0.000000000000000,0.000000000000000,0,1,0,4000,"Mapped, On Network",-81.127911585600003,28.451578718899999,680710.320976000046358,497215.550711999996565,5/14/2018 1:46:46 PM,6073_8099
2046,2047,1,2046,35519,85609686,FHPK18OFF031706,FHP,Long,4/30/2018 0:00:00,02:52 PM,Winter Garden,Orange,SR-429 TOLL,MM 18,0, ,Other,2,0,0,0,N,N,N,7000.000000000000000,Cloudy,Daylight,0,Other, ,Property Damage Only,N,"Sideswipe, Same Direction",Motor Vehicle in Transport,On Roadway,Non-Junction,N,Not at Intersection,Turnpike/Toll,Paved,Dry,None, , ,None, , ,N,N, , , , ,0,0,0,0,0,0,0,0,0,0,0,0,0.000000000000000,0.000000000000000,0,2,0,7000,"Mapped, On Network",-81.606187508600001,28.511234006999999,633842.756614999962039,502841.297566999972332,5/11/2018 10:49:21 AM,6186_6858
2047,2048,1,2047,35521,87446093,2018-00177257,Orlando PD,Long,5/4/2018 0:00:00,07:35 PM,Orlando,Orange,SR 417,NARCOOSEE RD,0,South,Unknown,2,0,0,0,N,N,N,100.000000000000000,Clear,Daylight,0,Unknown,E,Property Damage Only,Y,"Sideswipe, Same Direction",Motor Vehicle in Transport,On Roadway,Entrance/Exit Ramp,Y,T-Intersection,Turnpike/Toll,Paved,Dry,None, , ,None, , ,N,N, , , , ,0,0,0,0,0,0,0,0,0,0,0,0,0.000000000000000,0.000000000000000,0,0,0,100,"Mapped, On Network",-81.244643828700006,28.400232708800001,669430.562156999949366,491254.334175999974832,5/14/2018 10:15:28 PM,8512_8598
2048,2049,1,2048,35571,87229893,FHPD18OFF050442,FHP,Short,5/20/2018 0:00:00,04:00 PM,Orlando Expwy Auth,Orange,STATE ROAD 408 WB MM16,CHICKASAW TR,200,East,Sideswipe,2,0,0,0,N,N,N,2000.000000000000000,Cloudy,Daylight,0,Same Direction Sideswipe,W,Property Damage Only,Y,"Sideswipe, Same Direction",Motor Vehicle in Transport,On Roadway,Non-Junction,N,Not at Intersection,State,Paved,Wet,Road Surface Condition, , ,None, , ,N,N, , , , ,0,0,1,0,0,0,0,0,0,0,0,0,0.000000000000000,0.000000000000000,0,1,0,2000,"Mapped, On Network",-81.276895902400000,28.545087819799999,665922.115921000018716,507267.430922000028659,5/24/2018 2:08:43 PM,6879_6918
2049,2050,1,2049,35576,87217781,FHPD18OFF050554,FHP,Long,5/20/2018 0:00:00,10:50 PM,Orlando,Orange,STATE ROAD 408,MM 19,0, ,Rear End,3,0,0,1,N,Y,N,1750.000000000000000,Clear,Dark - Lighted,0,Rear End,E,Injury,N,Front to Rear,Motor Vehicle in Transport,On Roadway,Non-Junction,N,Not at Intersection,State,Curb,Wet,None, , ,None, , ,N,N, , , , ,0,0,0,0,0,0,0,0,1,0,0,0,1.000000000000000,0.000000000000000,0,2,0,1750,"Mapped, On Network",-81.237110000000001,28.547258488299999,669801.323877000017092,507594.858947000000626,5/24/2018 10:06:40 PM,6306_6308
2050,2051,1,2050,35577,87217780,FHPD18OFF050556,FHP,Long,5/20/2018 0:00:00,12:00 AM,Orlando,Orange,STATE ROAD 528,MM 19,0, ,Unknown,2,0,0,0,N,Y,N,6500.000000000000000,Clear,Dark - Lighted,0,Unknown,E,Property Damage Only,N,Front to Rear,Motor Vehicle in Transport,On Roadway,Non-Junction,N,Not at Intersection,State,Paved,Wet,None, , ,None, , ,N,N, , , , ,0,0,0,0,0,0,0,0,0,0,0,0,0.000000000000000,0.000000000000000,0,0,0,6500,"Mapped, On Network",-81.175784240100000,28.451610049100001,676032.119778999942355,497110.961019999987911,5/24/2018 10:07:10 PM,6945_8095
2051,2052,1,2051,35599,88910495,2018-00486907,Orlando PD,Long,12/20/2018 0:00:00,08:55 AM,Orlando,Orange,SR408 (EAST WEST EXPRESSWAY),ROSALIND EXIT,0, ,Unknown,2,0,0,0,N,N,N,2000.000000000000000,Clear,Daylight,0,Unknown,W,Property Damage Only,Y,Front to Rear,Motor Vehicle in Transport,On Roadway,Non-Junction,N,Not at Intersection,State,Paved,Dry,None, , ,None, , ,N,N, , , , ,0,0,0,0,0,0,0,0,0,0,0,0,0.000000000000000,0.000000000000000,0,0,0,2000,"Mapped, On Network",-81.364933089199994,28.537387260399999,657344.532369000022300,506225.654110000003129,4/22/2019 3:19:37 PM,8309_8313
2052,2053,1,2052,35615,87181498,FHPD18OFF046061,FHP,Short,5/9/2018 0:00:00,05:45 PM,Orlando Expwy Auth,Orange,SR-417 TOLL,28MM,0, ,Sideswipe,2,0,0,0,N,N,N,8000.000000000000000,Clear,Daylight,0,Same Direction Sideswipe,S,Property Damage Only,Y,"Sideswipe, Same Direction",Motor Vehicle in Transport,On Roadway,Non-Junction,N,Not at Intersection,State,Paved,Dry,None, , ,None, , ,N,N, , , , ,0,0,2,0,0,0,0,0,0,0,0,0,0.000000000000000,0.000000000000000,0,1,0,8000,"Mapped, On Network",-81.242405589300006,28.489744230599999,669427.108975999988616,501197.575856000010390,5/21/2018 11:59:21 PM,6314_6315
2053,2054,1,2053,35629,87142477,FHPD18OFF043208,FHP,Long,5/2/2018 0:00:00,09:24 AM,Orlando Expwy Auth,Orange,STATE RD 528,STATE RD 417,5280,West,Unknown,2,0,0,0,N,N,N,500.000000000000000,Clear,Daylight,0,Unknown, ,Property Damage Only,N,"Sideswipe, Same Direction",Motor Vehicle in Transport,On Roadway,Non-Junction,N,Not at Intersection,State,Paved,Dry,None, , ,None, , ,N,N, , , , ,0,0,0,0,0,0,0,0,0,0,0,0,0.000000000000000,0.000000000000000,0,0,0,500,"Mapped, On Network",-81.231725184699997,28.451521456599998,670565.733755999943241,496977.144170999992639,5/10/2018 11:28:03 PM,8001_8007
2054,2055,1,2054,35633,87182716,FHPD18OFF044250,FHP,Long,5/4/2018 0:00:00,07:25 PM,Orlando Expwy Auth,Orange,STATE ROAD 528 (BEACHLINE EXPRESSWAY),STATE ROAD 417 (GREENEWAY EXPRESSWAY,2500,West,Sideswipe,2,0,0,0,N,N,N,6000.000000000000000,Clear,Dark - Lighted,0,Same Direction Sideswipe,E,Property Damage Only,Y,"Sideswipe, Same Direction",Motor Vehicle in Transport,On Roadway,Non-Junction,N,Not at Intersection,State,Paved,Dry,None, , ,None, , ,N,N, , , , ,0,0,9,0,0,0,0,0,0,0,0,0,0.000000000000000,0.000000000000000,0,2,0,6000,"Mapped, On Network",-81.235550614399997,28.451297748799998,670192.463369000004604,496943.918586999992840,5/22/2018 11:32:25 AM,8074_8019
2055,2056,1,2055,35634,87182718,FHPD18OFF045300,FHP,Short,5/7/2018 0:00:00,05:25 PM,Orlando Expwy Auth,Orange,STATE ROAD 408 (EAST WEST EXPRESSWAY),GOOD HOMES RD,50,East,Rear End,2,0,0,0,N,N,N,1500.000000000000000,Clear,Daylight,0,Rear End,E,Property Damage Only,Y,Angle,Motor Vehicle in Transport,On Roadway,Entrance/Exit Ramp,Y,Not at Intersection,State,Paved,Dry,None, , ,None, , ,N,N, , , , ,0,0,3,0,0,0,0,0,0,0,0,0,0.000000000000000,0.000000000000000,0,4,0,1500,"Mapped, Not On Network",-81.504737924899999,28.546243768099998,643673.000000000000000,506925.000000000000000,5/23/2018 11:09:14 AM,8156_8150
2056,2057,1,2056,35651,87173915,FHPD18OFF042861,FHP,Short,5/1/2018 0:00:00,09:20 AM,Orlando Expwy Auth,Orange,WB SR-528 EXIT RAMP,SR-15,15840,East,Rear End,2,0,0,0,N,N,N,10500.000000000000000,Cloudy,Daylight,0,Rear End, ,Property Damage Only,Y,Front to Rear,Motor Vehicle in Transport,On Roadway,Non-Junction,N,Not at Intersection,State,Paved,Dry,None, , ,None, , ,N,N, , , , ,0,0,1,0,0,0,0,0,0,0,0,0,0.000000000000000,0.000000000000000,0,1,0,10500,"Mapped, On Network",-81.260711251100005,28.448819198599999,667739.827026000013575,496613.849205999984406,5/14/2018 9:08:52 PM,8065_8055
2057,2058,1,2057,35674,87204624,FHPD18OFF049970,FHP,Long,5/19/2018 0:00:00,09:42 AM,Orlando Expwy Auth,Orange,SR-417,MM33,5280,North,Sideswipe,2,0,0,0,N,N,N,3000.000000000000000,Cloudy,Daylight,0,Same Direction Sideswipe,S,Property Damage Only,N,Angle,Motor Vehicle in Transport,On Roadway,Non-Junction,N,Not at Intersection,State,Paved,Dry,None, , ,None, , ,N,N, , , , ,0,0,1,0,0,0,0,0,0,0,0,0,0.000000000000000,0.000000000000000,0,1,0,3000,"Mapped, On Network",-81.267519972100004,28.563429613400000,666792.431195999961346,509324.145866999984719,5/24/2018 2:11:28 PM,8572_8453
2058,2059,1,2058,35675,87204622,FHPD18OFF049905,FHP,Long,5/19/2018 0:00:00,02:53 AM,Orlando Expwy Auth,Orange,SR-408,MM14,20,West,Rear End,2,0,0,0,N,N,N,2600.000000000000000,Cloudy,Dark - Lighted,0,Rear End,E,Property Damage Only,N,Front to Rear,Motor Vehicle in Transport,On Roadway,Non-Junction,N,Not at Intersection,State,Paved,Wet,None, , ,None, , ,N,N, , , , ,0,0,0,0,0,0,0,0,0,0,0,0,0.000000000000000,0.000000000000000,0,1,0,2600,"Mapped, On Network",-81.307645454500005,28.539432237800000,662933.489871999947354,506573.559478999988642,5/24/2018 2:12:00 PM,6301_6218
2059,2060,1,2059,35676,87204621,FHPD18OFF049493,FHP,Long,5/18/2018 0:00:00,07:20 AM,Orlando Expwy Auth,Orange,SR-417 SB  RAMP,SR-528 EB,5280,West,Off Road,1,0,0,0,N,N,N,2300.000000000000000,Cloudy,Daylight,0,Off Road,S,Property Damage Only,N,Other,Guardrail Face,Shoulder,Entrance/Exit Ramp,N,Not at Intersection,State,Paved,Wet,Road Surface Condition, , ,Weather Conditions, , ,N,N, , , , ,0,0,0,0,0,0,0,0,0,0,0,0,0.000000000000000,0.000000000000000,0,3,0,2300,"Mapped, On Network",-81.230450509700006,28.448778742700000,670697.137467000051402,496675.422290000016801,5/24/2018 2:12:30 PM,7991_7999
2060,2061,1,2060,35680,87445861,2018-00199075,Orlando PD,Long,5/20/2018 0:00:00,08:44 AM,Orlando,Orange,SR 408 WBO,SR 400 (INTERSTATE 4),0,West,Other,1,0,0,0,N,N,N,2000.000000000000000,Rain,Daylight,0,Single Vehicle,W,Property Damage Only,Y,Other,Motor Vehicle in Transport,On Roadway,Non-Junction,N,Not at Intersection,State,Paved,Wet,Work Zone,"Rut, Holes, Bumps",Road Surface Condition,Weather Conditions, , ,N,Y,Work on Shoulder or Median,Activity Area,N,N,0,0,1,0,0,0,0,0,0,0,0,0,0.000000000000000,0.000000000000000,0,0,0,2000,"Mapped, On Network",-81.383184383900002,28.535344936300000,655567.165172999957576,505960.936369000002742,5/29/2018 2:36:02 PM,8274_8272
2061,2062,1,2061,35682,87735568,2018-00166519,Orlando PD,Short,4/27/2018 0:00:00,08:29 AM,Orlando,Orange,SR 408 WEST,SR 527 (S ROSALIND AV EXIT RAMP),100,West,Rear End,2,0,0,0,N,N,N,1100.000000000000000,Clear,Daylight,0,Rear End, ,Property Damage Only,Y,Angle,Motor Vehicle in Transport,On Roadway,Non-Junction,N,Not at Intersection,State,Paved,Dry,None, , ,None, , ,N,N, , , , ,0,0,0,0,0,0,0,0,0,0,0,0,0.000000000000000,0.000000000000000,0,0,0,1100,"Mapped, On Network",-81.366244710900006,28.537366365400000,657216.506492999964394,506220.597583999973722,5/14/2018 1:30:12 PM,8313_6737
2062,2063,1,2062,35685,87445654,2018-00164185,Orlando PD,Short,4/25/2018 0:00:00,05:45 PM,Orlando,Orange,CENTRAL FL GRNWY SBO (SR417),BOGGY CREEK RD (SR527A),0, ,Rear End,2,0,0,0,N,N,N,1000.000000000000000,Clear,Daylight,0,Rear End, ,Property Damage Only,Y,Front to Rear,Motor Vehicle in Transport,On Roadway,Entrance/Exit Ramp,N,Not at Intersection,State,Paved,Dry,None, , ,None, , ,N,N, , , , ,0,0,0,0,0,0,0,0,0,0,0,0,0.000000000000000,0.000000000000000,0,0,0,1000,"Mapped, On Network",-81.309324899200007,28.369497875800000,663181.256326999980956,487702.172802000015508,5/5/2018 10:35:32 AM,11015_8482
2063,2064,1,2063,35692,87179731,FHPD18OFF044435,FHP,Long,5/5/2018 0:00:00,11:48 AM,Apopka,Orange,STATE ROAD 429 NORTHBOUND,MILE MARKER 28,0, ,Other,1,0,1,0,N,N,N,20000.000000000000000,Clear,Daylight,0,Single Vehicle,N,Fatality,N,Other,Other Non-Collision,Off Roadway,Non-Junction,N,Not at Intersection,State,Paved,Dry,None, , ,None, , ,N,N, , , , ,0,0,0,0,0,1,0,0,0,0,1,0,1.000000000000000,0.000000000000000,0,0,0,20000,"Mapped, On Network",-81.536225508399994,28.619360794500000,640436.290208999998868,514981.597002000024077,5/23/2018 9:46:56 AM,6295_8444
2064,2065,1,2064,35709,87142471,FHPD18OFF039011,FHP,Long,4/20/2018 0:00:00,03:13 PM,Orlando Expwy Auth,Orange,STATE RD 417,ORANGE AVE,300,North,Unknown,5,0,0,5,N,N,N,27250.000000000000000,Clear,Daylight,0,Unknown,N,Injury,N,Other,Other Non-Collision,On Roadway,Non-Junction,N,Not at Intersection,State,Paved,Dry,None, , ,None, , ,N,N, , , , ,0,0,5,0,0,0,1,1,2,2,0,0,5.000000000000000,0.000000000000000,0,0,0,27250,"Mapped, On Network",-81.381405930499994,28.368104666299999,656135.200941000017338,487395.705183000012767,5/7/2018 2:34:25 PM,6167_9178
2065,2066,1,2065,35715,87186314,FHPD18OFF042668,FHP,Short,4/30/2018 0:00:00,05:35 PM,Orlando Expwy Auth,Orange,STATE ROAD 408 EB MM19,DEAN RD,100,East,Rear End,2,0,0,0,N,N,N,2000.000000000000000,Clear,Daylight,0,Rear End, ,Property Damage Only,Y,Front to Rear,Motor Vehicle in Transport,On Roadway,Non-Junction,N,Not at Intersection,State,Paved,Dry,None, , ,None, , ,N,N, , , , ,0,0,0,0,0,0,0,0,0,0,0,0,0.000000000000000,0.000000000000000,0,1,0,2000,"Mapped, On Network",-81.244741487400006,28.547171997500001,669056.433789000031538,507568.582058000029065,5/10/2018 11:40:05 PM,6269_8009
2066,2067,1,2066,35716,87186313,FHPD18OFF042219,FHP,Short,4/29/2018 0:00:00,01:09 PM,Orlando Expwy Auth,Orange,STATE ROAD 417 SB MM30,CURRY FORD RD,0,North,Unknown,2,0,0,0,N,N,N,1000.000000000000000,Clear,Daylight,0,Unknown, ,Property Damage Only,Y,Other,Motor Vehicle in Transport,On Roadway,Non-Junction,N,Not at Intersection,State,Paved,Dry,None, , ,None, , ,N,N, , , , ,0,0,3,0,0,0,0,0,0,0,0,0,0.000000000000000,0.000000000000000,0,0,0,1000,"Mapped, On Network",-81.246081745900000,28.506495700399999,669026.451834999956191,503049.439544999971986,5/10/2018 11:40:45 PM,6965_8557
2067,2068,1,2067,35717,87186311,FHPD18OFF041483,FHP,Long,4/27/2018 0:00:00,01:09 PM,Orlando Expwy Auth,Orange,STATE ROAD 417 SB OFF RAMP,STATE ROAD 528 WB,200,West,Other,1,0,0,0,N,N,N,2000.000000000000000,Clear,Daylight,0,Single Vehicle, ,Property Damage Only,Y,Other,Motor Vehicle in Transport,Off Roadway,Non-Junction,N,Not at Intersection,State,Paved,Dry,None, , ,None, , ,N,Y,Work on Shoulder or Median,Activity Area,N,N,0,0,0,0,0,0,0,0,0,0,0,0,0.000000000000000,0.000000000000000,0,0,0,2000,"Mapped, On Network",-81.233870879600005,28.451547349100000,670355.988451999961399,496975.312907000014093,5/10/2018 11:41:06 PM,8001_8007
2068,2069,1,2068,35730,87219822,FHPD18OFF042383,FHP,Short,4/29/2018 0:00:00,11:30 PM,Orlando,Orange,STATE ROAD 408,ECONLOCKHATCHEE TRL,45,East,Rear End,4,0,0,0,N,Y,N,12500.000000000000000,Clear,Dark - Lighted,0,Rear End, ,Property Damage Only,N,Front to Rear,Motor Vehicle in Transport,On Roadway,Non-Junction,N,Not at Intersection,County,Unpaved,Dry,None, , ,None, , ,N,N, , , , ,0,0,7,0,0,0,0,0,0,0,0,0,0.000000000000000,0.000000000000000,0,2,0,12500,"Mapped, On Network",-81.252491572099999,28.547338217000000,668299.336871000006795,507570.151198000006843,5/11/2018 11:02:42 AM,8027_6269
2069,2070,1,2069,35773,87445835,2018-00152204,Orlando PD,Long,4/17/2018 0:00:00,11:55 AM,Orlando,Orange,SR 417 (NORTHBOUND),EXIT 22 (NARCOOSSEE RD),1000,West,Other,1,0,0,2,N,N,N,11000.000000000000000,Clear,Daylight,0,Single Vehicle, ,Injury,Y,Other,Motor Vehicle in Transport,On Roadway,Non-Junction,N,Not at Intersection,State,Paved,Dry,None, , ,None, , ,N,N, , , , ,0,0,1,0,0,0,0,0,2,0,0,0,0.000000000000000,0.000000000000000,2,0,0,10000,"Mapped, On Network",-81.251297111300005,28.395261111000000,668792.389533999958076,490687.822854000027291,5/12/2018 12:02:54 PM,5900_8512
2070,2071,1,2070,35797,87445529,2018-00143286,Orlando PD,Long,4/11/2018 0:00:00,08:28 AM,Orlando,Orange,EW WBO (SR 408),CONWAY RD,0,West,Rear End,2,0,0,1,N,Y,N,3900.000000000000000,Clear,Daylight,0,Rear End, ,Injury,Y,Front to Rear,Motor Vehicle in Transport,On Roadway,Non-Junction,N,Not at Intersection,State,Paved,Wet,Road Surface Condition, , ,None,None,None,N,N, , , , ,0,0,0,0,0,0,0,1,0,0,0,0,0.000000000000000,0.000000000000000,0,1,0,3900,"Mapped, On Network",-81.331781366100003,28.538419510699999,660579.196263000019826,506409.884093999979086,5/7/2018 8:49:12 AM,6229_6177
2071,2072,1,2071,35818,87119063,FHPK18OFF030554,FHP,Long,4/26/2018 0:00:00,03:03 PM,Winter Garden,Orange,STATE ROAD 429 SOUTHBOUND,MILE MARKER 23,0, ,Other,2,0,0,0,N,N,N,3000.000000000000000,Clear,Daylight,0,Other, ,Property Damage Only,N,Angle,Motor Vehicle in Transport,On Roadway,Non-Junction,N,Not at Intersection,Turnpike/Toll,Paved,Dry,None, , ,None, , ,N,N, , , , ,0,0,0,0,0,0,0,0,0,0,0,0,0.000000000000000,0.000000000000000,0,3,0,3000,"Mapped, On Network",-81.558471680300002,28.564363406300000,638386.523359999991953,508831.858840000000782,5/14/2018 12:28:52 PM,8429_8423
2072,2073,1,2072,35824,87182706,FHPD18OFF038708,FHP,Long,4/19/2018 0:00:00,05:20 PM,Orlando Expwy Auth,Orange,STATE ROAD 429 (DANIEL WBSTR BELTWY),WEST ROAD,500,South,Unknown,2,0,0,0,N,N,N,6000.000000000000000,Clear,Daylight,0,Unknown, ,Property Damage Only,Y,Other,Other Non-Fixed Object,On Roadway,Non-Junction,Y,Not at Intersection,State,Paved,Dry,None, , ,None, , ,N,N, , , , ,0,0,0,0,0,0,0,0,0,0,0,0,0.000000000000000,0.000000000000000,0,0,0,6000,"Mapped, On Network",-81.545099523000005,28.600883985399999,639611.248919000034221,512912.786710000014864,5/7/2018 12:39:36 PM,8389_8460
2073,2074,1,2073,35845,87468230,2018TA005698,Apopka PD,Long,4/26/2018 0:00:00,12:18 PM,Apopka,Orange,SR-429-TOLL,LUST RD,100,North,Rear End,2,0,0,0,N,Y,N,100.000000000000000,Clear,Daylight,0,Rear End, ,Property Damage Only,Y,Front to Rear,Motor Vehicle in Transport,On Roadway,Non-Junction,N,Not at Intersection,Turnpike/Toll,Paved,Dry,None, , ,None, , ,N,N, , , , ,0,0,0,0,0,0,0,0,0,0,0,0,0.000000000000000,0.000000000000000,0,0,0,100,"Mapped, On Network",-81.555788901400007,28.669541597900000,638416.925790000008419,520515.328781999996863,5/2/2018 3:07:29 PM,5880_6221
2074,2075,1,2074,35871,87734738,2018-00170098,Orlando PD,Long,4/29/2018 0:00:00,10:24 PM,Orlando,Orange,SR 408,S CRYSTAL LAKE RD,0, ,Unknown,2,0,0,0,N,N,N,1000.000000000000000,Clear,Dark - Lighted,0,Unknown, ,Property Damage Only,Y,"Sideswipe, Same Direction",Motor Vehicle in Transport,On Roadway,Non-Junction,N,Not at Intersection,State,Paved,Dry,None, , ,None, , ,N,N, , , , ,0,0,0,0,0,0,0,0,0,0,0,0,0.000000000000000,0.000000000000000,0,0,0,1000,"Mapped, On Network",-81.343712535300000,28.538247744100001,659414.585471000056714,506365.657105999998748,5/11/2018 10:33:32 AM,6252_6227
2075,2076,1,2075,35884,87182727,FHPD18OFF050042,FHP,Long,5/19/2018 0:00:00,01:30 PM,Orlando Expwy Auth,Orange,STATE ROAD 417 (GREENEWAY EXPRESSWAY),LANDSTAR BV,2500,South,Rear End,2,0,0,0,N,N,N,1000.000000000000000,Rain,Daylight,0,Rear End,S,Property Damage Only,Y,Front to Rear,Motor Vehicle in Transport,On Roadway,Non-Junction,N,Not at Intersection,State,Paved,Wet,None, , ,Weather Conditions, , ,N,N, , , , ,0,0,0,0,0,0,0,0,0,0,0,0,0.000000000000000,0.000000000000000,0,0,0,1000,"Mapped, Not On Network",-81.374719999600003,28.368170024400001,656788.925500000012107,487416.867000000027474,5/29/2018 11:06:52 AM,9178_7997
2076,2077,1,2076,35900,87207490,FHPD18OFF039563,FHP,Long,4/22/2018 0:00:00,05:02 AM,Orlando,Orange,EASTBOUND STATE ROAD 408,MILE MARKER 15,0, ,Unknown,2,0,0,1,N,N,N,2000.000000000000000,Clear,Daylight,0,Unknown, ,Injury,N,Front to Rear,Motor Vehicle in Transport,On Roadway,Non-Junction,N,Not at Intersection,State,Curb,Dry,None, , ,None, , ,N,N, , , , ,0,0,0,0,0,0,0,1,0,0,0,0,0.000000000000000,0.000000000000000,0,1,0,2000,"Mapped, On Network",-81.300005507700007,28.539386570600001,663679.593786000041291,506584.802246999985073,5/14/2018 9:48:30 AM,6235_6881
2077,2078,1,2077,35944,87226125,FHPK18OFF033141,FHP,Long,5/5/2018 0:00:00,07:36 PM,Winter Garden,Orange,SR-429 TOLL,MM 19,0, ,Rear End,2,0,0,0,N,N,N,2000.000000000000000,Cloudy,Dusk,0,Rear End,N,Property Damage Only,N,Front to Rear,Motor Vehicle in Transport,On Roadway,Non-Junction,N,Not at Intersection,Turnpike/Toll,Paved,Wet,None, , ,None, , ,N,N, , , , ,0,0,0,0,0,0,0,0,0,0,0,0,0.000000000000000,0.000000000000000,0,1,0,2000,"Mapped, On Network",-81.578916453800005,28.522743000599998,636481.332791000022553,504171.203487000020687,5/23/2018 9:55:34 AM,6989_8464
2078,2079,1,2078,35950,87204294,FHPD18OFF049434,FHP,Long,5/18/2018 0:00:00,12:32 AM,Orlando Expwy Auth,Orange,STATE ROAD 417  SOUTHBOUND OFF RAMP,STATE ROAD 528   EASTBOUND ON RAMP,0, ,Off Road,1,0,0,0,N,N,N,15000.000000000000000,Cloudy,Dark - Not Lighted,0,Off Road,S,Property Damage Only,N,Other,Guardrail Face,Off Roadway,Entrance/Exit Ramp,N,Not at Intersection,State,Unpaved,Wet,Road Surface Condition, , ,None, , ,N,N, , , , ,0,0,0,0,0,0,0,0,0,0,0,0,0.000000000000000,0.000000000000000,0,0,0,15000,"Mapped, On Network",-81.230571613999999,28.448905857700002,670684.985646000015549,496689.269833999976981,5/23/2018 2:41:53 PM,7991_7999
2079,2080,1,2079,35959,87735084,2018-00154838,Orlando PD,Short,4/19/2018 0:00:00,07:00 AM,Orlando,Orange,SR 408 W,S CRYSTAL LAKE DR. EXIT RAMP,100,East,Rear End,2,0,0,0,N,N,N,1900.000000000000000,Clear,Daylight,0,Rear End, ,Property Damage Only,Y,Front to Rear,Motor Vehicle in Transport,On Roadway,Non-Junction,N,Not at Intersection,State,Paved,Dry,None, , ,None, , ,N,N, , , , ,0,0,0,0,0,0,0,0,0,0,0,0,0.000000000000000,0.000000000000000,0,0,0,1900,"Mapped, On Network",-81.338978981799997,28.538543712900001,659876.086141000036150,506408.485296999977436,5/7/2018 1:15:46 PM,6177_8353
2080,2081,1,2080,35998,87735080,2018-00151988,Orlando PD,Short,4/20/2018 0:00:00,08:40 AM,Orlando,Orange,EW WBO,I4 WBO,0,West,Rear End,3,0,0,0,N,N,N,3500.000000000000000,Clear,Daylight,0,Rear End, ,Property Damage Only,Y,Front to Rear,Motor Vehicle in Transport,On Roadway,Entrance/Exit Ramp,N,Not at Intersection,State,Paved,Dry,None,None, ,None, , ,N,N, , , , ,0,0,0,0,0,0,0,0,0,0,0,0,0.000000000000000,0.000000000000000,0,0,0,3500,"Mapped, On Network",-81.380641533900004,28.535417759700000,655815.299491000012495,505974.294582000002265,5/5/2018 8:35:31 PM,6230_8274
2081,2082,1,2081,36021,87207482,FHPD18OFF039188,FHP,Long,4/20/2018 0:00:00,11:09 PM,Orlando,Orange,STATE ROAD 408 EASTBOUND,MILE MARKER 15,0, ,Sideswipe,2,0,0,0,N,N,N,1500.000000000000000,Clear,Dark - Lighted,0,Same Direction Sideswipe, ,Property Damage Only,N,Angle,Motor Vehicle in Transport,On Roadway,Non-Junction,N,Not at Intersection,State,Curb,Dry,None, , ,None, , ,N,N, , , , ,0,0,0,0,0,0,0,0,0,0,0,0,0.000000000000000,0.000000000000000,0,0,0,1500,"Mapped, On Network",-81.299996383800007,28.539552783900000,663680.080539999995381,506603.276289000001270,5/7/2018 1:48:04 PM,6235_6881
2082,2083,1,2082,36042,87736164,2018-00188185,Orlando PD,Long,5/12/2018 0:00:00,11:50 AM,Orlando,Orange,SR 528 WEST,S SEMORAN BV ENTRANCE RAMP,10,West,Off Road,2,0,0,0,N,N,N,4000.000000000000000,Rain,Daylight,0,Off Road,W,Property Damage Only,Y,Front to Rear,Tree (standing),On Roadway,Non-Junction,Y,Not at Intersection,State,Paved,Wet,Road Surface Condition,None,None,Weather Conditions,None,None,N,N, , , , ,0,0,1,0,0,0,0,0,0,0,0,0,0.000000000000000,0.000000000000000,0,1,0,4000,"Mapped, On Network",-81.300260921299994,28.451452133400000,663868.438089999952354,496820.933284000027925,5/30/2018 5:19:09 PM,8183_6664