FID,OBJECTID_1,Join_Count,TARGET_FID,OBJECTID,HSMV_Repor,Agency_Rep,Reporting_,Form_Type,Crash_Date,Crash_Time,City,County,Crash_Stre,Intersecti,Offset_Dis,Offset_Dir,Crash_Type,Vehicles,Non_Motori,Fatalities,Injuries,Alcohol_Re,Distractio,Drug_Relat,Estimated_,Weather_Co,Light_Cond,Street_Num,Crash_Ty_1,Crash_Ty_2,Crash_Seve,Within_Cit,Manner_of_,First_Harm,First_HE_L,First_HE_R,First_HE_W,Type_of_In,Road_Sys_I,Type_of_Sh,Road_Surf_,Contrib_Ci,Contrib__1,Contrib__2,Contrib__3,Contrib__4,Contrib__5,School_Bus,Work_Zone_,Type_of_Wo,Loc_in_Wor,Workers_in,Law_Enforc,Mopeds,Motorcycle,Passengers,Bicyclists,Pedestrian,Fataliti_1,Injuries_U,Possible_I,Non_Incapa,Incapacita,Fataliti_2,Non_Traffi,Transporte,Transpor_1,Transpor_2,Citations,Property_D,Vehicle_Dm,S4_Mapping,S4_Decimal,S4_Decim_1,S4_Albers_,S4_Albers1,S4_Mappi_1,zone_id_st
2083,2084,1,2083,36103,87736486,2018-00190330,Orlando PD,Long,5/14/2018 0:00:00,08:37 AM,Orlando,Orange,SR 528 EBO ENTRANCE RAMP,SR 436 (S SEMORAN BV),1000,South,Off Road,1,0,0,0,N,N,N,100.000000000000000,Rain,Daylight,0,Off Road,S,Property Damage Only,Y,Other,Other Fixed Object,On Roadway,Entrance/Exit Ramp,N,Not at Intersection,State,Unpaved,Wet,Road Surface Condition, , ,Weather Conditions, , ,N,N, , , , ,0,0,0,0,0,0,0,0,0,0,0,0,0.000000000000000,0.000000000000000,0,0,0,100,"Mapped, On Network",-81.317388686499996,28.451292552599998,662195.046515999943949,496766.681226000015158,5/30/2018 5:15:57 PM,6947_8301
2084,2085,1,2084,36121,87135837,FHPD18OFF040308,FHP,Long,4/24/2018 0:00:00,07:54 AM,Orlando,Orange,SR 417,26.5 MM,0, ,Sideswipe,2,0,0,0,N,N,N,18000.000000000000000,Clear,Daylight,0,Same Direction Sideswipe,N,Property Damage Only,N,Front to Rear,Motor Vehicle in Transport,On Roadway,Non-Junction,N,Not at Intersection,State,Paved,Dry,None, , ,None, , ,N,N, , , , ,0,0,0,0,0,0,0,0,0,0,0,0,1.000000000000000,0.000000000000000,0,0,0,18000,"Mapped, Not On Network",-81.233029999999999,28.462220049199999,670411.567277000052854,498162.130354999972042,11/10/2019 1:47:55 PM,6173_8544
2085,2086,1,2085,36140,85599940,FHPD18OFF049506,FHP,Short,5/18/2018 0:00:00,07:51 AM,Orlando Expwy Auth,Orange,STATE ROAD 408,MILE MARKER 7,0, ,Rear End,2,0,0,0,N,N,N,501.000000000000000,Clear,Daylight,0,Rear End,E,Property Damage Only,Y,Front to Rear,Motor Vehicle in Transport,On Roadway,Non-Junction,N,Not at Intersection,State,Paved,Dry,None, , ,None, , ,N,N, , , , ,0,0,0,0,0,0,0,0,0,0,0,0,0.000000000000000,0.000000000000000,0,1,0,501,"Mapped, On Network",-81.420516125800006,28.545812701500001,651897.439719000016339,507046.371044999978039,5/23/2018 2:24:37 PM,8237_6011
2086,2087,1,2086,36217,87736862,2018-00193247,Orlando PD,Short,5/16/2018 0:00:00,08:06 AM,Orlando,Orange,SR 408 EBO,PINE HILLS ENTRANCE RAMP,0,East,Rear End,2,0,0,0,N,Y,N,2000.000000000000000,Cloudy,Daylight,0,Rear End,E,Property Damage Only,Y,Front to Rear,Motor Vehicle in Transport,On Roadway,Non-Junction,N,Not at Intersection,State,Paved,Dry,None, , ,None, , ,N,N, , , , ,0,0,0,0,0,0,0,0,0,0,0,0,0.000000000000000,0.000000000000000,0,0,0,2000,"Mapped, On Network",-81.446240423899994,28.548224523199998,649380.168324999976903,507261.874723999993876,5/30/2018 3:25:19 PM,8205_6294
2087,2088,1,2087,36220,87736631,2018-00193217,Orlando PD,Short,5/16/2018 0:00:00,07:39 AM,Orlando,Orange,SR 408 WBO,S MILLS AV EXIT RAMP,500,East,Sideswipe,2,0,0,0,N,N,N,1000.000000000000000,Clear,Daylight,0,Same Direction Sideswipe,W,Property Damage Only,Y,"Sideswipe, Same Direction",Motor Vehicle in Transport,On Roadway,Non-Junction,N,Not at Intersection,State,Paved,Dry,None, , ,None, , ,N,N, , , , ,0,0,0,0,0,0,0,0,0,0,0,0,0.000000000000000,0.000000000000000,0,0,0,1000,"Mapped, On Network",-81.362744752500006,28.537624534399999,657557.652496000053361,506256.567477000004146,5/30/2018 3:34:43 PM,8309_8313
2088,2089,1,2088,36262,87468323,2018TA007019,Apopka PD,Long,5/21/2018 0:00:00,01:39 PM,Apopka,Orange,SR 429-TOLL,SR 414-TOLL,1500,North,Rear End,2,0,0,1,N,Y,N,10100.000000000000000,Clear,Daylight,0,Rear End,N,Injury,Y,Front to Rear,Motor Vehicle in Transport,On Roadway,Through Roadway,N,Not at Intersection,Turnpike/Toll,Paved,Dry,None, , ,None, , ,N,N, , , , ,0,0,3,0,0,0,0,1,0,0,0,0,1.000000000000000,0.000000000000000,0,1,0,10100,"Mapped, On Network",-81.558487757999998,28.674753600300001,638142.244993999949656,521088.816379000025336,5/26/2018 4:31:05 PM,5881_6875
2089,2090,1,2089,36264,87182723,FHPD18OFF047911,FHP,Long,5/14/2018 0:00:00,12:15 PM,Orlando Expwy Auth,Orange,STATE ROAD 408 (EAST WEST EXPRESSWAY),DORSCHER ROAD,0, ,Off Road,1,0,0,0,N,N,N,10000.000000000000000,Rain,Daylight,0,Off Road,W,Property Damage Only,Y,Other,Bridge Pier or Support,Shoulder,Non-Junction,N,Not at Intersection,State,Paved,Wet,None, , ,Weather Conditions, , ,N,Y,Work on Shoulder or Median,Activity Area,N,N,0,0,0,0,0,0,0,0,0,0,0,0,0.000000000000000,0.000000000000000,0,1,0,10000,"Mapped, On Network",-81.483614008700002,28.549137466800001,645728.998171000042930,507288.213251999986824,5/23/2018 3:26:08 PM,8148_6298
2090,2091,1,2090,36279,87229892,FHPD18OFF050108,FHP,Long,5/19/2018 0:00:00,04:56 PM,Orlando Expwy Auth,Orange,STATE ROAD 408 WB MM6,PINE HILLS RD,5280,West,Off Road,1,0,0,0,N,N,N,3000.000000000000000,Rain,Daylight,0,Off Road,W,Property Damage Only,Y,Other,Concrete Traffic Barrier,Median,Non-Junction,N,Not at Intersection,State,Paved,Water (standing/moving),Road Surface Condition, , ,Weather Conditions, , ,N,N, , , , ,0,0,0,0,0,0,0,0,0,0,0,0,0.000000000000000,0.000000000000000,0,0,0,3000,"Mapped, On Network",-81.434615124700002,28.548132034100000,650515.454296999960206,507275.168968999991193,5/29/2018 6:16:28 PM,5934_6489
2091,2092,1,2091,36295,87142484,FHPD18OFF049253,FHP,Long,5/17/2018 0:00:00,04:32 PM,Orlando Expwy Auth,Orange,STATE RD 417 TRANSITION RAMP,STATE RD 408,60,North,Other,1,0,0,0,N,N,N,4000.000000000000000,Rain,Daylight,0,Single Vehicle,S,Property Damage Only,N,Other,Other Non-Collision,On Roadway,Non-Junction,N,Not at Intersection,State,Paved,Wet,Other,Road Surface Condition, ,Weather Conditions, , ,N,Y,Work on Shoulder or Median,Activity Area,N,N,0,0,0,0,0,0,0,0,0,0,0,0,0.000000000000000,0.000000000000000,0,0,0,4000,"Mapped, On Network",-81.261623603999993,28.547495164200001,667407.336684999987483,507567.740952000021935,5/24/2018 1:12:45 PM,6971_6258
2092,2093,1,2092,36345,87204630,FHPD18OFF051089,FHP,Short,5/22/2018 0:00:00,12:31 PM,Orlando Expwy Auth,Orange,SR-408 EXIT RAMP,ALAFAYA TRAIL,40,West,Rear End,2,0,0,0,N,N,N,1800.000000000000000,Clear,Daylight,0,Rear End,E,Property Damage Only,N,Front to Rear,Motor Vehicle in Transport,On Roadway,Entrance/Exit Ramp,N,Not at Intersection,State,Paved,Dry,None, , ,None, , ,N,N, , , , ,0,0,1,0,0,0,0,0,0,0,0,0,0.000000000000000,0.000000000000000,0,1,0,1800,"Mapped, On Network",-81.204039432299993,28.549815599500000,673023.737605000031181,507951.556442999979481,5/24/2018 1:14:46 PM,8041_6970
2093,2094,1,2093,36351,85564157,FHPD18OFF051989,FHP,Long,5/24/2018 0:00:00,05:20 PM,Orlando Expwy Auth,Orange,SR-417,SR-50 (COLONIAL DRIVE),0,South,Rear End,2,0,0,0,N,Y,N,2500.000000000000000,Clear,Daylight,0,Rear End,N,Property Damage Only,N,Front to Rear,Motor Vehicle in Transport,On Roadway,Non-Junction,N,Not at Intersection,State,Paved,Dry,None, , ,None, , ,N,N, , , , ,0,0,0,0,0,0,0,0,0,0,0,0,0.000000000000000,0.000000000000000,0,1,0,2500,"Mapped, Not On Network",-81.412760000199995,28.375160024800000,653052.347999999998137,488114.342699999979232,5/30/2018 10:14:01 AM,8107_8280
2094,2095,1,2094,36373,87173917,FHPD18OFF043945,FHP,Short,5/4/2018 0:00:00,07:40 AM,Ocoee,Orange,SB SR-429,WEST ROAD,5280,North,Rear End,2,0,0,0,N,N,N,7000.000000000000000,Clear,Daylight,0,Rear End,S,Property Damage Only,Y,Front to Rear,Motor Vehicle in Transport,On Roadway,Non-Junction,N,Not at Intersection,State,Paved,Dry,None, , ,None, , ,N,N, , , , ,0,0,0,0,0,0,0,0,0,0,0,0,0.000000000000000,0.000000000000000,0,1,0,7000,"Mapped, Not On Network",-81.537179530000003,28.609480169699999,640365.114530000020750,513882.661788999976125,5/22/2018 10:59:31 AM,8460_6069
2095,2096,1,2095,36374,87173916,FHPD18OFF043621,FHP,Short,5/3/2018 0:00:00,09:09 AM,Orlando Expwy Auth,Orange,NB SR-417,CURRY FORD RD,10560,North,Rear End,3,0,0,0,N,N,N,750.000000000000000,Cloudy,Daylight,0,Rear End,N,Property Damage Only,Y,Other,Other Non-Collision,On Roadway,Non-Junction,N,Not at Intersection,State,Paved,Dry,None, , ,None, , ,N,N, , , , ,0,0,0,0,0,0,0,0,0,0,0,0,0.000000000000000,0.000000000000000,0,0,0,750,"Mapped, On Network",-81.250254479700004,28.515199657400000,668597.338173000025563,504006.730189999972936,5/10/2018 11:39:24 PM,6968_8555
2096,2097,1,2096,36376,85599943,FHPD18OFF050976,FHP,Long,5/22/2018 0:00:00,06:26 AM,Orlando Expwy Auth,Orange,STATE ROAD 417,MILE MARKER 34,0, ,Other,1,0,0,0,N,N,N,3000.000000000000000,Cloudy,Daylight,0,Single Vehicle,S,Property Damage Only,Y,Other,Motor Vehicle in Transport,On Roadway,Non-Junction,N,Not at Intersection,State,Paved,Wet,None, , ,None, , ,N,N, , , , ,0,0,0,0,0,0,0,0,0,0,0,0,0.000000000000000,0.000000000000000,0,1,0,3000,"Mapped, On Network",-81.267438255000002,28.563674470799999,666799.806019000010565,509351.508781999989878,5/24/2018 1:35:23 PM,8572_8453
2097,2098,1,2097,36377,85599941,FHPD18OFF050615,FHP,Long,5/21/2018 0:00:00,07:58 AM,Orlando Expwy Auth,Orange,STATE ROAD 408,STATE ROAD 417,0, ,Off Road,1,0,0,0,N,Y,N,3000.000000000000000,Rain,Daylight,0,Off Road,E,Property Damage Only,Y,Other,Concrete Traffic Barrier,On Roadway,Entrance/Exit Ramp,N,Not at Intersection,State,Paved,Wet,None, , ,None, , ,N,N, , , , ,0,0,1,0,0,0,0,0,0,0,0,0,0.000000000000000,0.000000000000000,0,1,0,3000,"Mapped, On Network",-81.262809587500001,28.547276286300001,667292.081818999955431,507540.868027999997139,5/24/2018 1:42:01 PM,8412_7015
2098,2099,1,2098,36378,85599939,FHPD18OFF049495,FHP,Long,5/18/2018 0:00:00,07:26 AM,Orlando Expwy Auth,Orange,STATE ROAD 408,STATE ROAD 417,0, ,Unknown,2,0,0,0,N,N,N,5000.000000000000000,Cloudy,Daylight,0,Unknown, ,Property Damage Only,Y,Angle,Motor Vehicle in Transport,On Roadway,Non-Junction,N,Not at Intersection,State,Paved,Wet,None, , ,None, , ,N,Y,Work on Shoulder or Median,Transition Area,Y,N,0,0,0,0,0,0,0,0,0,0,0,0,0.000000000000000,0.000000000000000,0,1,0,5000,"Mapped, On Network",-81.252666932099999,28.547557165200001,668281.673789000022225,507594.079108999983873,5/24/2018 1:46:18 PM,8013_8024
2099,2100,1,2099,36394,87135836,FHPD18OFF038954,FHP,Long,4/20/2018 0:00:00,12:47 PM,Orlando,Orange,STATE ROAD 408,MM 20,0, ,Other,1,0,0,0,N,N,N,2000.000000000000000,Clear,Daylight,0,Single Vehicle,E,Property Damage Only,N,Other,Motor Vehicle in Transport,On Roadway,Non-Junction,N,Not at Intersection,State,Paved,Dry,None, , ,None, , ,N,Y,Work on Shoulder or Median,Activity Area,Y,N,0,0,0,0,0,0,0,0,0,0,0,0,0.000000000000000,0.000000000000000,0,1,0,2000,"Mapped, On Network",-81.216073333699995,28.547966093599999,671853.471659000031650,507719.624185999971814,5/14/2018 8:58:14 AM,8070_6690
2100,2101,1,2100,36422,87142480,FHPD18OFF045542,FHP,Long,5/8/2018 0:00:00,12:09 PM,Orlando Expwy Auth,Orange,STATE RD 417,LANDSTAR BLVD,5280,South,Head On,2,0,0,2,N,N,N,13000.000000000000000,Clear,Daylight,0,Head On,NS,Injury,N,Front to Front,Motor Vehicle in Transport,On Roadway,Non-Junction,N,Not at Intersection,State,Paved,Dry,None, , ,None, , ,N,N, , , , ,0,0,3,0,0,0,0,1,1,0,0,0,1.000000000000000,0.000000000000000,0,1,0,13000,"Mapped, On Network",-81.360465695299993,28.369551505499999,658179.698742000036873,487600.018311000021640,5/21/2018 11:44:33 PM,6700_8484
2101,2102,1,2101,36423,87142479,FHPD18OFF045484,FHP,Long,5/8/2018 0:00:00,09:05 AM,Orlando Expwy Auth,Orange,STATE RD 417,STATE RD 91,0,North,Unknown,3,0,0,0,N,N,N,7000.000000000000000,Clear,Daylight,0,Unknown,S,Property Damage Only,N,Front to Rear,Motor Vehicle in Transport,On Roadway,Non-Junction,N,Not at Intersection,State,Paved,Dry,None, , ,None, , ,N,Y,Work on Shoulder or Median,Activity Area,Y,N,0,0,0,0,0,0,0,0,0,0,0,0,0.000000000000000,0.000000000000000,0,0,0,7000,"Mapped, On Network",-81.383880738000002,28.368000954399999,655893.410758999991231,487379.051894999982323,5/10/2018 11:37:31 PM,6167_9178
2102,2103,1,2102,36489,87186320,FHPD18OFF045660,FHP,Long,5/8/2018 0:00:00,04:41 PM,Orlando Expwy Auth,Orange,STATE ROAD 528 EB MM29,STATE ROAD 520,5280,West,Unknown,3,0,0,0,N,N,N,3500.000000000000000,Clear,Daylight,0,Unknown,E,Property Damage Only,Y,Other,Other Non-Collision,On Roadway,Non-Junction,N,Not at Intersection,State,Paved,Dry,None, , ,None, , ,N,N, , , , ,0,0,1,0,0,0,0,0,0,0,0,0,0.000000000000000,0.000000000000000,0,0,0,3500,"Mapped, On Network",-81.015103369700000,28.452550635600002,691731.172316999989562,497585.293043999990914,5/24/2018 9:48:02 AM,8091_5943
2103,2104,1,2103,36491,87186316,FHPD18OFF044791,FHP,Long,5/6/2018 0:00:00,09:02 AM,Orlando Expwy Auth,Orange,STATE ROAD 408 WB MM3,HIAWASSEE RD,0,West,Off Road,1,0,0,0,N,N,N,3000.000000000000000,Rain,Daylight,0,Off Road,W,Property Damage Only,Y,Other,Guardrail Face,On Roadway,Non-Junction,N,Not at Intersection,State,Paved,Water (standing/moving),None, , ,None, , ,N,N, , , , ,0,0,0,0,0,0,0,0,0,0,0,0,0.000000000000000,0.000000000000000,0,0,0,3000,"Mapped, On Network",-81.481129240200005,28.549012161299999,645971.890177999972366,507279.254107000015210,5/10/2018 11:30:41 PM,8210_8148
2104,2105,1,2104,36493,85599934,FHPD18OFF042673,FHP,Long,4/30/2018 0:00:00,05:00 PM,Orlando Expwy Auth,Orange,STATE ROAD 408,MILE MARKER 19,0, ,Rear End,3,0,0,1,N,N,N,3000.000000000000000,Clear,Daylight,0,Rear End,E,Injury,Y,Front to Rear,Motor Vehicle in Transport,On Roadway,Non-Junction,N,Not at Intersection,State,Paved,Dry,None, , ,None, , ,N,Y,Work on Shoulder or Median,Activity Area,N,N,0,0,2,0,0,0,0,0,1,0,0,0,0.000000000000000,0.000000000000000,0,2,0,3000,"Mapped, On Network",-81.240452636399993,28.547341122799999,669474.758421999984421,507596.724708999972790,5/10/2018 11:39:04 PM,6308_8005
2105,2106,1,2105,36501,87214885,FHPK18OFF037596,FHP,Short,5/22/2018 0:00:00,11:40 AM,Winter Garden,Orange,STATE ROAD 429 (WESTERN BELTWAY),MILE MARKER 12,0, ,Sideswipe,2,0,0,0,N,Y,N,1700.000000000000000,Clear,Daylight,0,Same Direction Sideswipe,N,Property Damage Only,N,"Sideswipe, Same Direction",Motor Vehicle in Transport,On Roadway,Non-Junction,N,Not at Intersection,Turnpike/Toll,Paved,Dry,None, , ,None, , ,N,N, , , , ,0,0,5,0,0,0,0,0,0,0,0,0,0.000000000000000,0.000000000000000,0,1,0,1700,"Mapped, On Network",-81.636349248900004,28.434699802899999,631059.637768000015058,494286.415166000020690,5/30/2018 6:47:12 PM,6244_9706
2106,2107,1,2106,36523,87736302,2018-00182257,Orlando PD,Long,5/8/2018 0:00:00,11:09 AM,Orlando,Orange,SR 408 EAST EXIT RAMP,E ANDERSON ST,100,West,Rear End,2,0,0,0,N,N,N,800.000000000000000,Clear,Daylight,0,Rear End,E,Property Damage Only,Y,Front to Rear,Motor Vehicle in Transport,On Roadway,Entrance/Exit Ramp,N,Not at Intersection,State,Curb,Dry,None, , ,None, , ,N,N, , , , ,0,0,0,0,0,0,0,0,0,0,0,0,0.000000000000000,0.000000000000000,0,0,0,800,"Mapped, On Network",-81.374724917600005,28.536775742600000,656389.838376999949105,506137.360265999974217,5/21/2018 11:44:52 PM,6276_8307
2107,2108,1,2107,36532,87733976,2018-00193189,Orlando PD,Long,5/16/2018 0:00:00,07:20 AM,Orlando,Orange,SR 408  (WESTBOUND),ROSALIND AVE EXIT RAMP,200,East,Rear End,2,0,0,1,N,N,N,1100.000000000000000,Cloudy,Daylight,0,Rear End,W,Injury,Y,Front to Rear,Motor Vehicle in Transport,On Roadway,Non-Junction,N,Not at Intersection,State,Paved,Dry,None, , ,None, , ,N,N, , , , ,0,0,0,0,0,0,0,1,0,0,0,0,0.000000000000000,0.000000000000000,0,1,0,1100,"Mapped, On Network",-81.372473092899995,28.537193974800001,656608.733397000003606,506188.480776000011247,5/29/2018 1:44:21 PM,8313_6737
2108,2109,1,2108,36564,87734830,2018-00151871,Orlando PD,Long,4/17/2018 0:00:00,07:07 AM,Orlando,Orange,BEELINE WBO (SR 528),NARCOOSSEE RD,300,West,Rear End,2,0,0,0,N,N,N,11000.000000000000000,Clear,Daylight,0,Rear End,W,Property Damage Only,Y,Angle,Motor Vehicle in Transport,On Roadway,Non-Junction,N,Not at Intersection,Interstate,Paved,Dry,None, , ,None, , ,N,N, , , , ,0,0,1,0,0,0,0,0,0,0,0,0,0.000000000000000,0.000000000000000,0,1,0,11000,"Mapped, On Network",-81.265682823800006,28.448698181299999,667254.280041999998502,496589.628289000014775,5/11/2018 2:55:43 PM,8065_8055
2109,2110,1,2109,36565,87734008,2018-00161381,Orlando PD,Long,4/23/2018 0:00:00,10:35 PM,Orlando,Orange,SR 408,CONWAY RD ON RAMP,500,West,Sideswipe,2,0,0,0,N,N,N,18000.000000000000000,Rain,Dark - Lighted,0,Same Direction Sideswipe,E,Property Damage Only,Y,Front to Rear,Motor Vehicle in Transport,On Roadway,Non-Junction,N,Not at Intersection,State,Paved,Wet,Road Surface Condition, , ,Weather Conditions, , ,N,N, , , , ,0,0,0,0,0,0,0,0,0,0,0,0,0.000000000000000,0.000000000000000,0,0,0,18000,"Mapped, On Network",-81.339387963600004,28.538228035500001,659836.907407999970019,506372.573794000025373,5/12/2018 11:16:25 AM,6227_8355
2110,2111,1,2110,36571,85599942,FHPD18OFF050698,FHP,Long,5/21/2018 0:00:00,11:37 AM,Orlando Expwy Auth,Orange,STATE ROAD 528,MILE MARKER 23,0, ,Off Road,1,0,0,1,N,N,N,3000.000000000000000,Rain,Daylight,0,Off Road,E,Injury,Y,Other,Concrete Traffic Barrier,On Roadway,Non-Junction,N,Not at Intersection,State,Paved,Wet,None, , ,None, , ,N,N, , , , ,0,0,0,0,0,0,0,0,0,1,0,0,1.000000000000000,0.000000000000000,0,1,0,3000,"Mapped, On Network",-81.109920364999994,28.451335888700001,682469.046286999946460,497229.673330000019632,5/24/2018 1:39:03 PM,8101_6488
2111,2112,1,2111,36597,87142487,FHPD18OFF050866,FHP,Long,5/21/2018 0:00:00,06:05 PM,Orlando Expwy Auth,Orange,STATAE RD 417,MOSS PARK RD,20,South,Rear End,3,0,0,0,N,N,N,6000.000000000000000,Rain,Daylight,0,Rear End,S,Property Damage Only,N,Front to Rear,Motor Vehicle in Transport,On Roadway,Non-Junction,N,Not at Intersection,State,Paved,Wet,Road Surface Condition, , ,Weather Conditions, , ,N,N, , , , ,0,0,0,0,0,0,0,0,0,0,0,0,0.000000000000000,0.000000000000000,0,1,0,6000,"Mapped, On Network",-81.227513018500005,28.416310130900001,671065.264733999967575,493076.933225999993738,5/24/2018 1:07:16 PM,8536_8514
2112,2113,1,2112,36625,87142478,FHPD18OFF045449,FHP,Short,5/8/2018 0:00:00,07:43 AM,Orlando Expwy Auth,Orange,STATE RD 417,STATE RD 408,1,North,Unknown,2,0,0,0,N,N,N,2500.000000000000000,Clear,Daylight,0,Unknown,S,Property Damage Only,N,"Sideswipe, Same Direction",Motor Vehicle in Transport,On Roadway,Non-Junction,N,Not at Intersection,State,Paved,Dry,None, , ,None, , ,N,N, , , , ,0,0,1,0,0,0,0,0,0,0,0,0,0.000000000000000,0.000000000000000,0,1,0,2500,"Mapped, On Network",-81.261727254600004,28.550920165299999,667388.771110999980010,507947.788589000003412,5/10/2018 11:38:02 PM,11876_8570
2113,2114,1,2113,36651,87229888,FHPD18OFF047499,FHP,Short,5/13/2018 0:00:00,01:34 PM,Orlando Expwy Auth,Orange,STATE ROAD 417 NB MM10,JOHN YOUNG PKWY,100,North,Rear End,2,0,0,0,N,N,N,2000.000000000000000,Cloudy,Daylight,0,Rear End,N,Property Damage Only,Y,"Sideswipe, Same Direction",Motor Vehicle in Transport,On Roadway,Non-Junction,N,Not at Intersection,State,Paved,Dry,None, , ,None, , ,N,N, , , , ,0,0,5,0,0,0,0,0,0,0,0,0,0.000000000000000,0.000000000000000,0,1,0,2000,"Mapped, On Network",-81.424978961199997,28.373042397599999,651862.322528999997303,487854.201928999973461,5/23/2018 2:46:49 PM,8287_8107
2114,2115,1,2114,36656,87186321,FHPD18OFF046536,FHP,Long,5/11/2018 0:00:00,06:00 AM,Orlando Expwy Auth,Orange,STATE ROAD 417 SB MM8,JOUNG YOUNG PKWY,5280,South,Rear End,2,0,0,0,N,N,N,6000.000000000000000,Clear,Dawn,0,Rear End,S,Property Damage Only,Y,Front to Rear,Motor Vehicle in Transport,On Roadway,Non-Junction,N,Not at Intersection,State,Curb,Dry,None, , ,None, , ,N,N, , , , ,0,0,0,0,0,0,0,0,0,0,0,0,0.000000000000000,0.000000000000000,0,1,0,6000,"Mapped, On Network",-81.431976124499997,28.367703664299999,651190.376688000047579,487247.156108999974094,5/23/2018 2:48:15 PM,8292_6975
2115,2116,1,2115,36666,87204629,FHPD18OFF050986,FHP,Long,5/22/2018 0:00:00,06:47 AM,Orlando Expwy Auth,Orange,SR-417,MM36,40,North,Rear End,2,0,0,1,N,N,N,5000.000000000000000,Cloudy,Dawn,0,Rear End,S,Injury,N,Front to Rear,Motor Vehicle in Transport,On Roadway,Non-Junction,N,Not at Intersection,State,Paved,Wet,None, , ,Weather Conditions, , ,N,N, , , , ,0,0,0,0,0,0,0,0,1,0,0,0,1.000000000000000,0.000000000000000,0,1,0,5000,"Mapped, Not On Network",-81.254620869999997,28.588716639600001,667989.143369000055827,512159.687478000007104,5/24/2018 1:20:05 PM,8456_6789
2116,2117,1,2116,36667,87204628,FHPD18OFF050728,FHP,Long,5/21/2018 0:00:00,01:11 PM,Orlando Expwy Auth,Orange,SR-528,MM23,0,East,Off Road,1,0,0,0,N,N,N,3200.000000000000000,Rain,Daylight,0,Off Road,W,Property Damage Only,N,Other,Concrete Traffic Barrier,On Roadway,Non-Junction,N,Not at Intersection,State,Paved,Wet,None, , ,Weather Conditions, , ,N,Y,Work on Shoulder or Median,Activity Area,N,N,0,0,0,0,0,0,0,0,0,0,0,0,0.000000000000000,0.000000000000000,0,0,0,3200,"Mapped, On Network",-81.104791918999993,28.451586995000000,682969.540873000049032,497269.310470000025816,5/24/2018 1:23:58 PM,6073_8099
2117,2118,1,2117,36669,87204626,FHPD18OFF050333,FHP,Long,5/20/2018 0:00:00,10:37 AM,Orlando Expwy Auth,Orange,SR-417,SR-50,40,North,Unknown,2,0,0,1,N,N,N,3600.000000000000000,Rain,Daylight,0,Unknown,N,Injury,N,Front to Rear,Motor Vehicle in Transport,On Roadway,Non-Junction,N,Not at Intersection,State,Paved,Wet,None, , ,Weather Conditions, , ,N,N, , , , ,0,0,0,0,0,0,0,1,0,0,0,0,0.000000000000000,0.000000000000000,0,2,0,3600,"Mapped, On Network",-81.265788034699995,28.570600201000001,666943.850055000046268,510124.032459000009112,5/24/2018 1:29:13 PM,8563_8572
2118,2119,1,2118,36670,87204625,FHPD18OFF050291,FHP,Long,5/20/2018 0:00:00,07:15 AM,Orlando Expwy Auth,Orange,SR-417,JOHNYOUNG PARKWAY,40,South,Off Road,1,0,0,1,N,N,N,6000.000000000000000,Rain,Dawn,0,Off Road,N,Injury,N,Other,Guardrail Face,Shoulder,Non-Junction,N,Not at Intersection,State,Paved,Wet,None, , ,None, , ,N,N, , , , ,0,0,1,0,0,0,0,1,0,0,0,0,0.000000000000000,0.000000000000000,0,0,0,6000,"Mapped, On Network",-81.426022086000003,28.372419415000000,651761.753555999952368,487782.900481000018772,5/24/2018 1:32:04 PM,8287_8107
2119,2120,1,2119,36679,87736726,2018-00206065,Orlando PD,Short,5/25/2018 0:00:00,08:20 AM,Orlando,Orange,SR408,S MILLS AVE,100,East,Sideswipe,2,0,0,0,N,N,N,2001.000000000000000,Clear,Daylight,0,Same Direction Sideswipe,E,Property Damage Only,Y,Front to Rear,Motor Vehicle in Transport,On Roadway,Non-Junction,N,Not at Intersection,State,Paved,Dry,None, , ,None, , ,N,N, , , , ,0,0,0,0,0,0,0,0,0,0,0,0,0.000000000000000,0.000000000000000,0,0,0,2001,"Mapped, On Network",-81.363964394600004,28.537436833400001,657439.004436000017449,506233.180160999996588,5/30/2018 5:43:52 PM,8309_8313
2120,2121,1,2120,36704,85564156,FHPD18OFF051898,FHP,Long,5/24/2018 0:00:00,01:30 PM,Orlando Expwy Auth,Orange,SR-528,SR-417,1000,East,Other,1,0,0,1,N,N,N,10000.000000000000000,Cloudy,Daylight,0,Single Vehicle,E,Injury,N,Other,Other Non-Collision,On Roadway,Non-Junction,N,Not at Intersection,State,Paved,Dry,None, , ,None, , ,N,N, , , , ,0,0,0,0,0,0,0,0,1,0,0,0,0.000000000000000,0.000000000000000,0,0,0,10000,"Mapped, On Network",-81.235821030200000,28.451451817999999,670165.654315000050701,496960.432191999978386,5/29/2018 12:00:34 PM,8007_6663
2121,2122,1,2121,36736,87229885,FHPD18OFF046601,FHP,Short,5/11/2018 0:00:00,09:24 AM,Orlando Expwy Auth,Orange,STATE ROAD 417 SB MM28,LEE VISTA BLVD,5280,North,Sideswipe,2,0,0,0,N,N,N,2000.000000000000000,Clear,Daylight,0,Same Direction Sideswipe,S,Property Damage Only,Y,"Sideswipe, Same Direction",Motor Vehicle in Transport,On Roadway,Non-Junction,N,Not at Intersection,State,Paved,Dry,None, , ,None, , ,N,N, , , , ,0,0,0,0,0,0,0,0,0,0,0,0,0.000000000000000,0.000000000000000,0,1,0,2000,"Mapped, On Network",-81.238872960300000,28.474588869900000,669809.885165999992751,499522.623041999991983,5/23/2018 1:50:19 PM,8383_8546