FID,OBJECTID_1,Join_Count,TARGET_FID,OBJECTID,HSMV_Repor,Agency_Rep,Reporting_,Form_Type,Crash_Date,Crash_Time,City,County,Crash_Stre,Intersecti,Offset_Dis,Offset_Dir,Crash_Type,Vehicles,Non_Motori,Fatalities,Injuries,Alcohol_Re,Distractio,Drug_Relat,Estimated_,Weather_Co,Light_Cond,Street_Num,Crash_Ty_1,Crash_Ty_2,Crash_Seve,Within_Cit,Manner_of_,First_Harm,First_HE_L,First_HE_R,First_HE_W,Type_of_In,Road_Sys_I,Type_of_Sh,Road_Surf_,Contrib_Ci,Contrib__1,Contrib__2,Contrib__3,Contrib__4,Contrib__5,School_Bus,Work_Zone_,Type_of_Wo,Loc_in_Wor,Workers_in,Law_Enforc,Mopeds,Motorcycle,Passengers,Bicyclists,Pedestrian,Fataliti_1,Injuries_U,Possible_I,Non_Incapa,Incapacita,Fataliti_2,Non_Traffi,Transporte,Transpor_1,Transpor_2,Citations,Property_D,Vehicle_Dm,S4_Mapping,S4_Decimal,S4_Decim_1,S4_Albers_,S4_Albers1,S4_Mappi_1,zone_id_st
2122,2123,1,2122,36754,87166868,FHPD18OFF046733,FHP,Long,5/11/2018 0:00:00,03:07 PM,Orlando Expwy Auth,Orange,SR-417,MM28,0,North,Off Road,1,0,0,1,N,N,N,3200.000000000000000,Clear,Daylight,0,Off Road,S,Injury,N,Other,Guardrail Face,Shoulder,Non-Junction,N,Not at Intersection,State,Paved,Dry,None, , ,None, , ,N,N, , , , ,0,0,0,0,0,0,0,1,0,0,0,0,0.000000000000000,0.000000000000000,0,1,0,3200,"Mapped, On Network",-81.243639556800005,28.494541392500000,669294.658602999988943,501727.501965000003111,5/24/2018 11:52:58 AM,8559_6030
2123,2124,1,2123,36760,87229886,FHPD18OFF047038,FHP,Long,5/12/2018 0:00:00,08:34 AM,Orlando Expwy Auth,Orange,STATE ROAD 417 SB MM26,LEE VISTA BLVD,5280,South,Rear End,2,0,0,1,N,Y,N,6000.000000000000000,Cloudy,Daylight,0,Rear End,S,Injury,Y,Front to Rear,Motor Vehicle in Transport,On Roadway,Non-Junction,N,Not at Intersection,State,Paved,Dry,None, , ,None, , ,N,N, , , , ,0,0,2,0,0,0,0,1,0,0,0,0,0.000000000000000,0.000000000000000,0,1,0,6000,"Mapped, On Network",-81.238044264500004,28.471440114100002,669898.681117999949493,499174.834895999985747,5/23/2018 1:48:37 PM,8546_7092
2124,2125,1,2124,36767,87166866,FHPD18OFF043947,FHP,Long,5/4/2018 0:00:00,07:45 AM,Orlando Expwy Auth,Orange,SR-408,MM18,5280,East,Rear End,3,0,0,0,N,N,N,4700.000000000000000,Clear,Daylight,0,Rear End,W,Property Damage Only,N,Front to Rear,Motor Vehicle in Transport,On Roadway,Non-Junction,N,Not at Intersection,State,Paved,Dry,None, , ,None, , ,N,Y,Work on Shoulder or Median,Advance Warning Area,Y,N,0,0,0,0,0,0,0,0,0,0,0,0,0.000000000000000,0.000000000000000,0,2,0,4700,"Mapped, On Network",-81.242037204499994,28.547355594300001,669320.012363999965601,507594.869751000020187,5/10/2018 11:39:34 PM,8005_8013
2125,2126,1,2125,36795,87186315,FHPD18OFF044788,FHP,Long,5/6/2018 0:00:00,08:58 AM,Orlando Expwy Auth,Orange,STATE ROAD 408 EB MM4,POWERS DR,0,West,Off Road,1,0,0,1,N,N,N,2000.000000000000000,Rain,Daylight,0,Off Road,E,Injury,Y,Other,Guardrail Face,Median,Non-Junction,N,Not at Intersection,State,Paved,Water (standing/moving),Road Surface Condition, , ,Weather Conditions, , ,N,N, , , , ,0,0,5,0,0,0,0,0,1,0,0,0,1.000000000000000,0.000000000000000,0,0,0,2000,"Mapped, On Network",-81.469997739999997,28.549084279399999,647058.583056999952532,507309.514301999995951,5/10/2018 11:31:13 PM,8210_8148
2126,2127,1,2126,36796,87186318,FHPD18OFF045147,FHP,Long,5/7/2018 0:00:00,11:51 AM,Orlando Expwy Auth,Orange,STATE ROAD 417 NB,STATE ROAD 528,0,North,Rear End,2,0,0,3,N,N,N,6000.000000000000000,Clear,Daylight,0,Rear End,N,Injury,Y,Front to Rear,Motor Vehicle in Transport,On Roadway,Non-Junction,N,Not at Intersection,State,Paved,Dry,None, , ,None, , ,N,N, , , , ,0,0,2,0,0,0,0,0,3,0,0,0,3.000000000000000,0.000000000000000,0,2,0,6000,"Mapped, On Network",-81.229817258500006,28.440712527599999,670779.143356999964453,495781.232988999981899,5/10/2018 11:29:53 PM,6642_7993
2127,2128,1,2127,36809,87220234,FHPD18OFF051684,FHP,Long,5/23/2018 0:00:00,11:34 PM,Orlando,Orange,SR 417 NB,INTERNATIONAL DRIVE,0, ,Rear End,2,0,0,0,N,N,N,20000.000000000000000,Clear,Dark - Not Lighted,0,Rear End,N,Property Damage Only,N,Front to Rear,Motor Vehicle in Transport,On Roadway,Non-Junction,N,Not at Intersection,State,Paved,Dry,None, , ,None, , ,N,N, , , , ,0,0,1,0,0,0,0,0,0,0,0,0,0.000000000000000,0.000000000000000,0,1,0,20000,"Mapped, On Network",-81.475973387699995,28.356450361699999,646912.984168000053614,485908.807744999998249,5/24/2018 2:36:06 PM,6071_8579
2128,2129,1,2128,36817,87228116,FHPD18OFF047639,FHP,Long,5/13/2018 0:00:00,07:00 PM,Orlando,Orange,STATE ROAD 528 EB,MM16,0, ,Rollover,1,0,0,4,N,N,N,20000.000000000000000,Rain,Daylight,0,Rollover,E,Injury,N,Other,Overturn/Rollover,Off Roadway,Non-Junction,N,Not at Intersection,County,Paved,Wet,None, , ,Weather Conditions, , ,N,N, , , , ,0,0,4,0,0,0,2,0,0,4,0,0,4.000000000000000,0.000000000000000,0,0,0,20000,"Mapped, On Network",-81.239640730600001,28.451212737900001,669792.980680000036955,496925.524777000013273,5/24/2018 8:47:08 PM,6666_8074
2129,2130,1,2129,36818,87229887,FHPD18OFF047406,FHP,Long,5/13/2018 0:00:00,07:51 AM,Orlando Expwy Auth,Orange,STATE ROAD 417 SB MM27,LEE VISTA BLVD,5280,South,Off Road,1,0,0,0,N,N,N,4000.000000000000000,Cloudy,Daylight,0,Off Road,S,Property Damage Only,Y,Other,Guardrail Face,Median,Non-Junction,N,Not at Intersection,State,Paved,Dry,None, , ,None, , ,N,N, , , , ,0,0,0,0,0,0,0,0,0,0,0,0,0.000000000000000,0.000000000000000,0,1,0,4000,"Mapped, On Network",-81.238895418200002,28.474723109500001,669807.357231999980286,499537.478318999987096,5/23/2018 1:47:43 PM,8383_8546
2130,2131,1,2130,36826,87142485,FHPD18OFF049345,FHP,Long,5/17/2018 0:00:00,04:40 PM,Orlando Expwy Auth,Orange,STATE TRD 417 TRANSITION RAMP,STATE RD 408,60,North,Other,1,0,0,0,N,N,N,5000.000000000000000,Rain,Daylight,0,Single Vehicle,S,Property Damage Only,N,Other,Other Non-Collision,On Roadway,Non-Junction,N,Not at Intersection,State,Paved,Wet,Road Surface Condition, , ,Weather Conditions, , ,N,Y,Lane Closure,Activity Area,N,N,0,0,0,0,0,0,0,0,0,0,0,0,0.000000000000000,0.000000000000000,0,0,0,5000,"Mapped, On Network",-81.261704740300004,28.547503080500000,667399.395362999988720,507568.443942999991123,5/24/2018 1:11:33 PM,6971_6258
2131,2132,1,2131,36854,85591773,FHPK18OFF031553,FHP,Long,4/30/2018 0:00:00,12:46 AM,Winter Garden,Orange,SR 429 (DANIEL WEBSTER WESTERN WAY),MM13,5280,South,Rear End,2,0,0,0,N,N,N,3000.000000000000000,Clear,Dark - Not Lighted,0,Rear End, ,Property Damage Only,N,Other,Other Non-Collision,On Roadway,Non-Junction,N,Not at Intersection,Turnpike/Toll,Paved,Dry,None, , ,None, , ,N,N, , , , ,0,0,0,0,0,0,0,0,0,0,0,0,0.000000000000000,0.000000000000000,0,0,0,3000,"Mapped, On Network",-81.640592608600002,28.441286812700000,630630.881367999943905,495009.867886000021826,5/11/2018 10:45:50 AM,6244_9706
2132,2133,1,2132,36954,87181502,FHPD18OFF048409,FHP,Long,5/15/2018 0:00:00,04:21 PM,Orlando Expwy Auth,Orange,SR417,16MM,0, ,Pedestrian,1,1,0,1,N,N,N,0.000000000000000,Rain,Daylight,0,Pedestrian,S,Injury,Y,Other,Pedestrian,On Roadway,Non-Junction,N,Not at Intersection,State,Paved,Wet,None, , ,None, , ,N,N, , , , ,0,0,0,0,1,0,0,0,1,0,0,0,1.000000000000000,0.000000000000000,0,0,0,0,"Mapped, On Network",-81.332051975100001,28.367916381299999,660962.415587999974377,487478.278250999981537,5/23/2018 2:37:23 PM,6618_6299
2133,2134,1,2133,36955,87181504,FHPD18OFF048943,FHP,Long,5/16/2018 0:00:00,08:27 PM,Orlando Expwy Auth,Orange,SR-429-TOLL N,36MM,0, ,Off Road,1,0,0,1,N,N,N,10000.000000000000000,Rain,Dark - Not Lighted,0,Off Road,N,Injury,Y,Other,Concrete Traffic Barrier,Off Roadway,Non-Junction,N,Not at Intersection,State,Paved,Wet,None, , ,None, , ,N,N, , , , ,0,0,0,0,0,0,0,0,1,0,0,0,1.000000000000000,0.000000000000000,0,0,0,10000,"Mapped, Not On Network",-81.552229999999994,28.598160049600001,638921.372586000012234,512596.503732000011951,5/23/2018 2:27:20 PM,6220_8389
2134,2135,1,2134,36963,87733651,2018-00190241,Orlando PD,Short,5/14/2018 0:00:00,07:29 AM,Orlando,Orange,EW EBO,S GOLDENROD RD,10560,West,Sideswipe,2,0,0,1,N,N,N,15000.000000000000000,Rain,Daylight,0,Same Direction Sideswipe,E,Injury,Y,"Sideswipe, Same Direction",Motor Vehicle in Transport,On Roadway,Non-Junction,N,Other,State,Paved,Wet,Other, , ,Weather Conditions, , ,N,N, , , , ,0,0,0,0,0,0,0,1,0,0,0,0,0.000000000000000,0.000000000000000,0,0,0,15000,"Mapped, On Network",-81.291493561199999,28.450174095500000,664728.326335999998264,496697.824015000020154,5/29/2018 2:16:52 PM,8183_6664
2135,2136,1,2135,37029,87205640,FHPD18OFF045037,FHP,Long,5/7/2018 0:00:00,04:10 AM,Orlando,Orange,STATE ROAD 408 (EAST-WEST EXPRESSWAY),MILE MARKER 21,0, ,Rear End,2,0,0,2,N,N,N,4000.000000000000000,Clear,Dark - Lighted,0,Rear End,E,Injury,N,Front to Rear,Motor Vehicle in Transport,On Roadway,Non-Junction,N,Not at Intersection,State,Paved,Dry,None, , ,None, , ,N,N, , , , ,0,0,1,0,0,0,0,2,0,0,0,0,0.000000000000000,0.000000000000000,0,0,0,4000,"Mapped, On Network",-81.204049631000004,28.549820049499999,673022.730678000021726,507952.027933000004850,5/22/2018 9:55:57 PM,8041_6970
2136,2137,1,2136,37048,85599945,FHPD18OFF051785,FHP,Long,5/24/2018 0:00:00,09:12 AM,Orlando Expwy Auth,Orange,STATE ROAD 417,MILE MARKER 14.5,0, ,Rear End,2,0,0,1,N,N,N,2500.000000000000000,Clear,Daylight,0,Rear End,S,Injury,Y,Front to Rear,Motor Vehicle in Transport,On Roadway,Non-Junction,N,Not at Intersection,State,Paved,Dry,None, , ,None, , ,N,N, , , , ,0,0,0,0,0,0,0,0,1,0,0,0,0.000000000000000,0.000000000000000,0,2,0,2500,"Mapped, On Network",-81.353807019399994,28.369068566599999,658832.052095000050031,487560.355669000011403,5/30/2018 2:08:59 PM,8466_7095
2137,2138,1,2137,37062,87734650,2018-00165428,Orlando PD,Short,4/26/2018 0:00:00,02:21 PM,Orlando,Orange,EW EBO,S MILLS AV,0, ,Sideswipe,2,0,0,0,N,N,N,2500.000000000000000,Clear,Daylight,0,Same Direction Sideswipe, ,Property Damage Only,Y,"Sideswipe, Same Direction",Motor Vehicle in Transport,On Roadway,Non-Junction,N,Not at Intersection,State,Paved,Dry,None, , ,None, , ,N,N, , , , ,0,0,1,0,0,0,0,0,0,0,0,0,0.000000000000000,0.000000000000000,0,0,0,2500,"Mapped, On Network",-81.368334059899993,28.537065981500000,657013.200386999989860,506182.889427000016440,5/11/2018 3:23:35 PM,8307_8305
2138,2139,1,2138,37068,87181496,FHPD18OFF045310,FHP,Long,5/7/2018 0:00:00,05:56 PM,Orlando Expwy Auth,Orange,SR-408 TOLL,2MM,0, ,Unknown,2,0,0,0,N,N,N,6000.000000000000000,Clear,Daylight,0,Unknown, ,Property Damage Only,Y,Angle,Motor Vehicle in Transport,On Roadway,Non-Junction,N,Not at Intersection,State,Paved,Dry,None, , ,None, , ,N,Y,Work on Shoulder or Median,Advance Warning Area,N,N,0,0,0,0,0,0,0,0,0,0,0,0,0.000000000000000,0.000000000000000,0,0,0,6000,"Mapped, On Network",-81.508099262000002,28.545431070900001,643346.619502000045031,506828.126056000008248,5/21/2018 11:41:16 PM,8114_8152
2139,2140,1,2139,37091,87205633,FHPD18OFF041335,FHP,Long,4/27/2018 0:00:00,11:55 PM,Orlando,Orange,STATE ROAD 417,MILE MARKER 7,300,South,Rear End,2,0,0,1,N,N,N,2100.000000000000000,Clear,Dark - Lighted,0,Rear End,N,Injury,N,Front to Rear,Motor Vehicle in Transport,On Roadway,Non-Junction,N,Not at Intersection,State,Curb,Dry,None, , ,None, , ,N,N, , , , ,0,1,0,0,0,0,0,0,1,0,0,0,1.000000000000000,0.000000000000000,0,2,0,2100,"Mapped, On Network",-81.463904853399995,28.354360706100000,648098.195306999958120,485701.008975000004284,5/14/2018 2:20:10 PM,8581_7010
2140,2141,1,2140,37122,87181499,FHPD18OFF046391,FHP,Long,5/10/2018 0:00:00,04:56 PM,Orlando Expwy Auth,Orange,SR429,33MM,0, ,Off Road,1,0,0,1,N,N,N,7000.000000000000000,Clear,Daylight,0,Off Road,N,Injury,Y,Other,Guardrail Face,Off Roadway,Non-Junction,N,Not at Intersection,State,Paved,Dry,None, , ,None, , ,N,N, , , , ,0,0,0,0,0,0,0,0,1,0,0,0,1.000000000000000,0.000000000000000,0,1,0,7000,"Mapped, On Network",-81.558780700900002,28.685076651399999,638090.981573999975808,522234.445967999985442,5/24/2018 11:09:12 AM,5881_5879
2141,2142,1,2141,37123,87181500,FHPD18OFF046414,FHP,Long,5/10/2018 0:00:00,04:56 PM,Orlando Expwy Auth,Orange,SR429,33MM,0, ,Sideswipe,2,0,0,0,N,N,N,1000.000000000000000,Clear,Daylight,0,Same Direction Sideswipe,N,Property Damage Only,Y,"Sideswipe, Same Direction",Motor Vehicle in Transport,On Roadway,Non-Junction,N,Not at Intersection,State,Paved,Dry,None, , ,None, , ,N,N, , , , ,0,0,0,0,0,0,0,0,0,0,0,0,0.000000000000000,0.000000000000000,0,1,0,1000,"Mapped, On Network",-81.558744869799995,28.685014744699998,638094.611798999947496,522227.641484000021592,5/24/2018 11:08:44 AM,5881_5879
2142,2143,1,2142,37124,87181501,FHPD18OFF046435,FHP,Long,5/10/2018 0:00:00,06:22 PM,Orlando Expwy Auth,Orange,SR-417 TOLL,28MM,0, ,Rear End,2,0,0,0,N,N,N,7000.000000000000000,Clear,Daylight,0,Rear End,N,Property Damage Only,Y,"Sideswipe, Same Direction",Motor Vehicle in Transport,On Roadway,Non-Junction,N,Not at Intersection,State,Paved,Dry,None, , ,None, , ,N,N, , , , ,0,0,0,0,0,0,0,0,0,0,0,0,0.000000000000000,0.000000000000000,0,1,0,7000,"Mapped, On Network",-81.242430314499998,28.489829220000001,669424.482580999960192,501206.958067999978084,5/22/2018 2:38:41 PM,6314_6315
2143,2144,1,2143,37180,87444058,2018-00176993,Orlando PD,Short,5/4/2018 0:00:00,04:10 PM,Orlando,Orange,SR 408 EAST,SR 408 EAST/ CONWAY RD,0,West,Rear End,2,0,0,0,N,N,N,10000.000000000000000,Clear,Daylight,0,Rear End,E,Property Damage Only,Y,Front to Rear,Motor Vehicle in Transport,On Roadway,Entrance/Exit Ramp,N,Not at Intersection,State,Paved,Dry,None, , ,None, , ,N,N, , , , ,0,0,0,0,0,0,0,0,0,0,0,0,0.000000000000000,0.000000000000000,0,0,0,10000,"Mapped, On Network",-81.335446875700001,28.538258151299999,660221.664207999943756,506384.228000000002794,5/22/2018 11:44:57 AM,6227_8355
2144,2145,1,2144,37181,87205657,FHPD18OFF049415,FHP,Long,5/17/2018 0:00:00,11:17 PM,Orlando,Orange,STATE ROAD 408 (EAST-WEST EXPRESSWAY),MILE MARKER 16,200,West,Unknown,2,0,0,1,N,N,N,12000.000000000000000,Cloudy,Dark - Lighted,0,Unknown,E,Injury,N,Other,Motor Vehicle in Transport,On Roadway,Non-Junction,N,Not at Intersection,State,Paved,Wet,None, , ,None, , ,N,N, , , , ,0,0,0,0,0,0,0,1,0,0,0,0,0.000000000000000,0.000000000000000,0,1,0,12000,"Mapped, On Network",-81.282740300100002,28.541820049399998,665359.475390000035986,506892.024401000002399,5/24/2018 9:02:17 PM,8408_8412
2145,2146,1,2145,37189,87734877,2018-00197032,Orlando PD,Long,5/18/2018 0:00:00,06:52 PM,Orlando,Orange,STATE ROAD 408,STATE ROAD 423,100,East,Rear End,2,0,0,1,N,N,N,2100.000000000000000,Clear,Daylight,0,Rear End,E,Injury,Y,"Sideswipe, Same Direction",Motor Vehicle in Transport,On Roadway,Non-Junction,N,Not at Intersection,State,Paved,Dry,None,None,None,None,None,None,N,N, , , , ,0,0,0,0,0,0,0,1,0,0,0,0,0.000000000000000,0.000000000000000,1,0,0,2100,"Mapped, On Network",-81.410974742700006,28.540350872800001,652841.793356999987736,506459.463239000004251,5/29/2018 1:20:42 PM,8213_8169
2146,2147,1,2146,37233,87205836,FHPD18OFF043128,FHP,Long,5/2/2018 0:00:00,12:00 AM,Orlando,Orange,STATE ROAD 417 (CENTRAL FLORIDA GREENEWAY),MM34,0, ,Off Road,1,0,0,0,N,Y,N,3500.000000000000000,Clear,Dark - Lighted,0,Off Road,N,Property Damage Only,N,Other,Guardrail Face,On Roadway,Non-Junction,N,Not at Intersection,State,Paved,Dry,None, , ,None, , ,N,N, , , , ,0,0,0,0,0,0,0,0,0,0,0,0,0.000000000000000,0.000000000000000,0,1,0,3500,"Mapped, On Network",-81.264841017799995,28.573217752800002,667029.845946999965236,510416.705088999995496,5/21/2018 6:48:36 PM,2531_6046
2147,2148,1,2147,37241,84894165,FHPD18OFF029814,FHP,Long,3/27/2018 0:00:00,08:12 AM,Orlando,Orange,SR528 WB,SR417,0,West,Rear End,2,0,0,2,N,N,N,1025.000000000000000,Clear,Daylight,0,Rear End,W,Injury,N,Front to Rear,Motor Vehicle in Transport,On Roadway,Non-Junction,N,Not at Intersection,State,Unpaved,Dry,None, , ,None, , ,N,Y,Work on Shoulder or Median,Activity Area,Y,N,0,0,0,0,0,0,0,1,1,0,0,0,0.000000000000000,0.000000000000000,0,1,0,1025,"Mapped, On Network",-81.218618602700005,28.451572508600002,671846.400697999983095,497011.637761000019964,5/10/2018 10:50:18 PM,6320_6667
2148,2149,1,2148,37251,87181484,FHPD18OFF040547,FHP,Short,4/24/2018 0:00:00,05:05 PM,Orlando Expwy Auth,Orange,SR-417 TOLL,34MM,0, ,Rear End,3,0,0,0,N,N,N,8000.000000000000000,Clear,Daylight,0,Rear End, ,Property Damage Only,Y,Front to Rear,Motor Vehicle in Transport,On Roadway,Non-Junction,N,Not at Intersection,State,Paved,Dry,None, , ,None, , ,N,N, , , , ,0,0,0,0,0,0,0,0,0,0,0,0,0.000000000000000,0.000000000000000,0,1,0,8000,"Mapped, On Network",-81.265709262000001,28.569478669900001,666954.300965999951586,509999.681294000009075,5/10/2018 11:27:20 PM,8451_2531
2149,2150,1,2149,37252,87181485,FHPD18OFF040596,FHP,Short,4/24/2018 0:00:00,08:47 PM,Orlando Expwy Auth,Orange,SR-408 TOLL,16MM,0, ,Sideswipe,2,0,0,0,N,N,N,4000.000000000000000,Clear,Dark - Lighted,0,Same Direction Sideswipe, ,Property Damage Only,Y,"Sideswipe, Same Direction",Motor Vehicle in Transport,On Roadway,Non-Junction,N,Not at Intersection,State,Paved,Dry,None, , ,None, , ,N,N, , , , ,0,0,0,0,0,0,0,0,0,0,0,0,0.000000000000000,0.000000000000000,0,1,0,4000,"Mapped, On Network",-81.282750184500003,28.541815738099999,665358.520815999945626,506891.524450999975670,5/10/2018 11:26:43 PM,8408_8412
2150,2151,1,2150,37253,87181486,FHPD18OFF040841,FHP,Long,4/25/2018 0:00:00,04:34 PM,Orlando Expwy Auth,Orange,SR-417 TOLL,37MM,0, ,Rear End,3,0,0,1,N,N,N,10000.000000000000000,Clear,Daylight,0,Rear End, ,Injury,Y,Front to Rear,Motor Vehicle in Transport,On Roadway,Non-Junction,N,Not at Intersection,State,Paved,Dry,None, , ,None, , ,N,N, , , , ,0,0,0,0,0,0,0,1,0,0,0,0,0.000000000000000,0.000000000000000,0,1,0,10000,"Mapped, On Network",-81.256649999999993,28.607552815199998,667744.570038000005297,514246.619258999999147,5/10/2018 11:25:39 PM,5988_6758
2151,2152,1,2151,37254,87181489,FHPD18OFF041238,FHP,Long,4/26/2018 0:00:00,05:40 PM,Orlando Expwy Auth,Orange,SR-417 TOLL,16MM,0, ,Rear End,2,0,0,0,N,N,N,5500.000000000000000,Clear,Daylight,0,Rear End, ,Property Damage Only,Y,Front to Rear,Motor Vehicle in Transport,On Roadway,Non-Junction,N,Not at Intersection,State,Paved,Dry,None, , ,None, , ,N,N, , , , ,0,0,0,0,0,0,0,0,0,0,0,0,0.000000000000000,0.000000000000000,0,1,0,5500,"Mapped, On Network",-81.318430000000006,28.367372775100002,662295.937385000055656,487446.822264000016730,5/10/2018 11:25:12 PM,11007_8480
2152,2153,1,2152,37256,87182729,FHPD18OFF050448,FHP,Long,5/20/2018 0:00:00,04:10 PM,Orlando Expwy Auth,Orange,STATE ROAD 408 (EAST WEST EXPRESSWAY),STATE ROAD 551 (GOLDENROD RD),0,East,Rear End,2,0,0,1,N,N,N,20000.000000000000000,Rain,Daylight,0,Rear End,E,Injury,Y,Front to Rear,Motor Vehicle in Transport,On Roadway,Entrance/Exit Ramp,Y,Not at Intersection,State,Paved,Wet,None, , ,Weather Conditions, , ,N,N, , , , ,0,0,0,0,0,0,0,0,1,0,0,0,0.000000000000000,0.000000000000000,0,1,0,20000,"Mapped, On Network",-81.292439596500003,28.539517706000002,664418.037119999993593,506615.562717000022531,5/29/2018 11:04:22 AM,6881_8431
2153,2154,1,2153,37259,85599944,FHPD18OFF051733,FHP,Long,5/24/2018 0:00:00,07:26 AM,Orlando Expwy Auth,Orange,STATE ROAD 408,MILE MARKER 20.5,0, ,Unknown,3,0,0,1,N,N,N,9500.000000000000000,Clear,Daylight,0,Unknown,W,Injury,Y,Front to Rear,Motor Vehicle in Transport,On Roadway,Non-Junction,N,Not at Intersection,State,Paved,Dry,None, , ,None, , ,N,Y,Work on Shoulder or Median,Activity Area,Y,N,0,0,2,0,0,0,0,0,0,1,0,0,1.000000000000000,0.000000000000000,0,1,0,9500,"Mapped, On Network",-81.218409564100000,28.547908608200000,671625.518916000030003,507708.093534999992698,5/30/2018 2:05:53 PM,6946_8057
2154,2155,1,2154,37278,87166870,FHPD18OFF048760,FHP,Long,5/16/2018 0:00:00,02:20 PM,Orlando Expwy Auth,Orange,SR-528,MM16,20,West,Sideswipe,2,0,0,0,N,N,N,4000.000000000000000,Rain,Daylight,0,Same Direction Sideswipe,E,Property Damage Only,N,"Sideswipe, Same Direction",Motor Vehicle in Transport,On Roadway,Non-Junction,N,Not at Intersection,State,Paved,Wet,None, , ,None, , ,N,Y,Work on Shoulder or Median,Activity Area,Y,N,0,0,1,0,0,0,0,0,0,0,0,0,0.000000000000000,0.000000000000000,0,1,0,4000,"Mapped, On Network",-81.240303342199994,28.451254322699999,669728.125581000000238,496928.692372000019532,5/24/2018 2:08:52 PM,6666_8074
2155,2156,1,2155,37286,87220423,FHPD18OFF042738,FHP,Long,4/30/2018 0:00:00,08:22 PM,Orlando,Orange,SR-417 TOLL,MM6,300,North,Other,1,0,0,1,N,N,N,5600.000000000000000,Clear,Daylight,0,Single Vehicle,N,Injury,N,Other,Motor Vehicle in Transport,Off Roadway,Non-Junction,N,Not at Intersection,State,Paved,Dry,None, , ,None, , ,N,N, , , , ,0,0,0,0,0,0,0,0,1,0,0,0,1.000000000000000,0.000000000000000,0,0,0,5600,"Mapped, On Network",-81.481711799600006,28.356954780100001,646350.558047999977134,485953.338186000008136,5/11/2018 10:48:12 AM,8579_6492
2156,2157,1,2156,37315,87735798,2018-00166598,Orlando PD,Long,4/27/2018 0:00:00,09:40 AM,Orlando,Orange,SR 408 WEST,INTERSTATE 4 (SR 400 WEST ENTRANCE RAMP),100,East,Rear End,2,0,0,0,N,N,N,8500.000000000000000,Clear,Daylight,0,Rear End, ,Property Damage Only,Y,Front to Rear,Motor Vehicle in Transport,On Roadway,Entrance/Exit Ramp,N,Not at Intersection,State,Curb,Dry,None, , ,None, , ,N,N, , , , ,0,0,0,0,0,0,0,0,0,0,0,0,0.000000000000000,0.000000000000000,0,1,0,8500,"Mapped, On Network",-81.380483596999994,28.535426501100002,655830.701202000025660,505975.592796000011731,5/14/2018 1:35:56 PM,6230_8274
2157,2158,1,2157,37319,87181482,FHPD18OFF040141,FHP,Long,4/23/2018 0:00:00,05:12 PM,Orlando Expwy Auth,Orange,SR417,23MM,0, ,Rear End,2,0,0,0,N,N,N,6000.000000000000000,Cloudy,Daylight,0,Rear End, ,Property Damage Only,Y,Front to Rear,Motor Vehicle in Transport,On Roadway,Non-Junction,N,Not at Intersection,State,Paved,Dry,None, , ,None, , ,N,N, , , , ,0,0,0,0,0,0,0,0,0,0,0,0,0.000000000000000,0.000000000000000,0,0,0,6000,"Mapped, On Network",-81.231480877400003,28.408504720400000,670696.853278000024147,492201.593250999983866,5/14/2018 10:37:22 AM,6174_8596
2158,2159,1,2158,37328,87119073,FHPK18OFF036622,FHP,Long,5/18/2018 0:00:00,09:34 PM,Winter Garden,Orange,STATE ROAD 429 SOUTHBOUND,MILE MARKER 12,0, ,Off Road,1,0,0,0,N,N,N,10000.000000000000000,Rain,Dark - Not Lighted,0,Off Road, ,Property Damage Only,N,Other,Guardrail Face,Shoulder,Non-Junction,N,Not at Intersection,Turnpike/Toll,Paved,Wet,None, , ,None, , ,N,N, , , , ,0,0,0,0,0,0,0,0,0,0,0,0,0.000000000000000,0.000000000000000,0,0,0,10000,"Mapped, On Network",-81.635658951799996,28.432418285299999,631131.967543000006117,494034.377896999998484,5/30/2018 6:53:51 PM,6244_9706
2159,2160,1,2159,37355,87182705,FHPD18OFF038745,FHP,Long,4/19/2018 0:00:00,05:15 PM,Orlando Expwy Auth,Orange,STATE ROAD 417 (GREENEWAY EXPRESSWAY),BOGGY CREEK ROAD,5280,West,Rear End,2,0,0,1,N,Y,N,2000.000000000000000,Clear,Daylight,0,Rear End, ,Injury,Y,Front to Rear,Motor Vehicle in Transport,On Roadway,Non-Junction,N,Not at Intersection,State,Paved,Dry,None, , ,None, , ,N,N, , , , ,0,0,6,0,0,0,0,1,0,0,0,0,1.000000000000000,0.000000000000000,0,0,0,2000,"Mapped, On Network",-81.335095403699995,28.367994260800000,660664.585418000002392,487480.488340999989305,5/7/2018 1:07:43 PM,6299_6323
2160,2161,1,2160,37389,87181503,FHPD18OFF048924,FHP,Long,5/16/2018 0:00:00,07:34 PM,Orlando Expwy Auth,Orange,SR417,36MM,0, ,Off Road,1,0,0,0,N,N,N,5000.000000000000000,Rain,Daylight,0,Off Road,S,Property Damage Only,Y,Other,Concrete Traffic Barrier,Off Roadway,Non-Junction,N,Not at Intersection,State,Paved,Wet,None, , ,None, , ,N,N, , , , ,0,0,0,0,0,0,0,0,0,0,0,0,0.000000000000000,0.000000000000000,0,1,0,5000,"Mapped, On Network",-81.250117642999996,28.594725601800000,668413.771343000000343,512836.643694000027608,5/23/2018 2:28:29 PM,8120_8585