FID,OBJECTID_1,Join_Count,TARGET_FID,OBJECTID,HSMV_Repor,Agency_Rep,Reporting_,Form_Type,Crash_Date,Crash_Time,City,County,Crash_Stre,Intersecti,Offset_Dis,Offset_Dir,Crash_Type,Vehicles,Non_Motori,Fatalities,Injuries,Alcohol_Re,Distractio,Drug_Relat,Estimated_,Weather_Co,Light_Cond,Street_Num,Crash_Ty_1,Crash_Ty_2,Crash_Seve,Within_Cit,Manner_of_,First_Harm,First_HE_L,First_HE_R,First_HE_W,Type_of_In,Road_Sys_I,Type_of_Sh,Road_Surf_,Contrib_Ci,Contrib__1,Contrib__2,Contrib__3,Contrib__4,Contrib__5,School_Bus,Work_Zone_,Type_of_Wo,Loc_in_Wor,Workers_in,Law_Enforc,Mopeds,Motorcycle,Passengers,Bicyclists,Pedestrian,Fataliti_1,Injuries_U,Possible_I,Non_Incapa,Incapacita,Fataliti_2,Non_Traffi,Transporte,Transpor_1,Transpor_2,Citations,Property_D,Vehicle_Dm,S4_Mapping,S4_Decimal,S4_Decim_1,S4_Albers_,S4_Albers1,S4_Mappi_1,zone_id_st
2161,2162,1,2161,37398,87205833,FHPD18OFF042014,FHP,Long,4/28/2018 0:00:00,08:00 PM,Orlando,Orange,STATE ROAD 528 (BEACHLINE EXPY),MM17,0, ,Off Road,1,0,0,1,N,N,N,15000.000000000000000,Clear,Dusk,0,Off Road,W,Injury,N,Other,Tree (standing),Off Roadway,Non-Junction,N,Not at Intersection,State,Paved,Dry,None, , ,None, , ,N,N, , , , ,0,0,0,0,0,0,0,0,1,0,0,0,1.000000000000000,0.000000000000000,0,0,0,15000,"Mapped, On Network",-81.197190300499997,28.451765748700002,673939.911115000024438,497080.513350999972317,5/14/2018 10:53:38 AM,8097_6953
2162,2163,1,2162,37419,87213175,FHPD18OFF049451,FHP,Long,5/18/2018 0:00:00,03:15 AM,Orlando,Orange,SR 408 (EAST-WEST EXPY),MILE MARKER 6,100,East,Off Road,1,0,0,0,N,N,N,9900.000000000000000,Cloudy,Dark - Not Lighted,0,Off Road,W,Property Damage Only,N,Other,Guardrail Face,Off Roadway,Non-Junction,N,Not at Intersection,State,Paved,Wet,None, , ,None, , ,N,N, , , , ,0,0,0,0,0,0,0,0,0,0,0,0,0.000000000000000,0.000000000000000,0,1,0,9900,"Mapped, Not On Network",-81.443049999999999,28.548240049400000,649691.639772000024095,507270.054693999991287,5/29/2018 2:00:29 PM,8205_6294
2163,2164,1,2163,37441,87182708,FHPD18OFF039115,FHP,Long,4/20/2018 0:00:00,06:10 PM,Orlando Expwy Auth,Orange,STATE ROAD 417 (GREENEWAY EXPRESSWAY),STATE ROAD 408 (EAST WEST EXPRESSWAY,500,South,Off Road,2,0,0,0,N,N,N,10000.000000000000000,Clear,Daylight,0,Off Road, ,Property Damage Only,Y,Other,Impact Attenuator/Crash Cushion,On Roadway,Entrance/Exit Ramp,Y,Not at Intersection,State,Paved,Dry,None, , ,None, , ,N,Y,Work on Shoulder or Median,Activity Area,N,N,0,0,0,0,0,0,0,0,0,0,0,0,0.000000000000000,0.000000000000000,0,1,0,10000,"Mapped, On Network",-81.257222755399994,28.546453363200001,667839.589743999997154,507461.622426000016276,5/7/2018 1:30:18 PM,8568_11875
2164,2165,1,2164,37446,87211736,FHPD18OFF041758,FHP,Long,4/28/2018 0:00:00,06:39 AM,Orlando,Orange,STATE ROAD 408 (WB RAMP,CHICKASAW TRAIL,0, ,Pedestrian,1,1,0,1,N,N,N,100.000000000000000,Clear,Daylight,0,Pedestrian,W,Injury,N,Other,Pedestrian,On Roadway,Non-Junction,N,Not at Intersection,State,Unpaved,Dry,None, , ,None, , ,N,N, , , , ,0,0,1,0,1,0,0,1,0,0,0,0,1.000000000000000,0.000000000000000,0,1,0,100,"Mapped, On Network",-81.284644569899996,28.541282370699999,665174.854897000011988,506828.230160999984946,5/12/2018 11:43:51 AM,6918_8406
2165,2166,1,2165,37458,87219823,FHPD18OFF042373,FHP,Long,4/29/2018 0:00:00,10:00 PM,Orlando,Orange,STATE ROAD 408,DEAN RD,200,East,Rear End,2,0,0,1,N,Y,N,19000.000000000000000,Clear,Dark - Lighted,0,Rear End,E,Injury,N,Front to Rear,Motor Vehicle in Transport,On Roadway,Non-Junction,N,Not at Intersection,State,Unpaved,Dry,None, , ,None, , ,N,N, , , , ,0,0,1,0,0,0,0,0,1,0,0,0,1.000000000000000,0.000000000000000,0,2,0,19000,"Mapped, On Network",-81.239697447099999,28.547072373300001,669549.159726000041701,507568.536518000008073,5/11/2018 11:01:15 AM,8009_6303
2166,2167,1,2166,37488,87229891,FHPD18OFF050043,FHP,Long,5/19/2018 0:00:00,01:51 PM,Orlando Expwy Auth,Orange,STATE ROAD 528 EB MM24,DALLAS BLVD,5280,West,Off Road,1,0,0,1,N,N,N,3000.000000000000000,Rain,Daylight,0,Off Road,E,Injury,Y,Other,Concrete Traffic Barrier,On Roadway,Non-Junction,N,Not at Intersection,State,Paved,Water (standing/moving),Road Surface Condition, , ,Weather Conditions, , ,N,Y,Lane Shift/Crossover,Activity Area,N,N,0,0,2,0,0,0,0,1,0,0,0,0,0.000000000000000,0.000000000000000,0,0,0,3000,"Mapped, On Network",-81.103181515299994,28.451410678799999,683127.368232000037096,497253.431236999982502,5/29/2018 6:26:02 PM,6488_8109
2167,2168,1,2167,37489,87229894,FHPD18OFF050874,FHP,Short,5/21/2018 0:00:00,06:32 PM,Orlando Expwy Auth,Orange,STATE ROAD 417 NB MM37,UNIVERSITY BLVD,0,South,Unknown,2,0,0,0,N,N,N,600.000000000000000,Cloudy,Daylight,0,Unknown,S,Property Damage Only,Y,Front to Rear,Motor Vehicle in Transport,On Roadway,Non-Junction,N,Not at Intersection,State,Paved,Wet,Road Surface Condition, , ,None, , ,N,N, , , , ,0,0,0,0,0,0,0,0,0,0,0,0,0.000000000000000,0.000000000000000,0,1,0,600,"Mapped, On Network",-81.251596835499996,28.592124461400001,668275.850238000042737,512544.625999999989290,5/30/2018 3:24:55 PM,6318_8120
2168,2169,1,2168,37518,87220113,FHPD18OFF048921,FHP,Short,5/16/2018 0:00:00,07:29 PM,Ocoee,Orange,STATE ROAD 429 (MM24),PLANT STREET,100,South,Off Road,1,0,0,0,N,Y,N,400.000000000000000,Cloudy,Dusk,0,Off Road,N,Property Damage Only,N,Other,Utility Pole/Light Support,Off Roadway,Non-Junction,N,Not at Intersection,State,Paved,Wet,None, , ,None, , ,N,N, , , , ,0,0,0,0,0,0,0,0,0,0,0,0,0.000000000000000,0.000000000000000,0,0,0,400,"Mapped, On Network",-81.556751448300005,28.571594694900000,638538.551402000011876,509638.103075999999419,5/24/2018 2:48:25 PM,8421_8425
2169,2170,1,2169,37524,85564155,FHPD18OFF051553,FHP,Long,5/23/2018 0:00:00,03:50 PM,Orlando Expwy Auth,Orange,SR-429,FULLERS CROSS ROAD,0,South,Rear End,2,0,0,2,N,Y,N,10000.000000000000000,Clear,Daylight,0,Rear End,N,Injury,N,Front to Rear,Motor Vehicle in Transport,On Roadway,Non-Junction,N,Not at Intersection,State,Paved,Dry,None, , ,None, , ,N,N, , , , ,0,0,0,0,0,0,0,1,1,0,0,0,0.000000000000000,0.000000000000000,0,1,0,10000,"Mapped, On Network",-81.557351808700005,28.592369551400001,638434.246913000009954,511943.650971000024583,5/30/2018 4:13:07 PM,6089_6220
2170,2171,1,2170,37606,87736798,2018-00200749,Orlando PD,Short,5/21/2018 0:00:00,02:55 PM,Orlando,Orange,SR 408,S MILLS AVE,1200,West,Sideswipe,2,0,0,0,N,N,N,6500.000000000000000,Cloudy,Daylight,0,Same Direction Sideswipe,E,Property Damage Only,Y,"Sideswipe, Same Direction",Motor Vehicle in Transport,On Roadway,Non-Junction,N,Not at Intersection,Interstate,Paved,Wet,None, , ,None, , ,N,N, , , , ,0,0,0,0,0,0,0,0,0,0,0,0,0.000000000000000,0.000000000000000,0,0,0,6500,"Mapped, On Network",-81.367985127599994,28.537039835400002,657047.334535000030883,506180.713696999999229,5/28/2018 4:21:27 PM,8305_8315
2171,2172,1,2171,37631,87135845,FHPD18OFF043603,FHP,Long,5/3/2018 0:00:00,08:10 AM,Orlando,Orange,SR 408 EXIT RP,GOLDENROD RD,0, ,Unknown,2,0,0,1,N,N,N,250.000000000000000,Clear,Daylight,0,Unknown,W,Injury,N,Front to Rear,Motor Vehicle in Transport,On Roadway,Entrance/Exit Ramp,Y,Not at Intersection,State,Curb,Dry,None, , ,None, , ,N,N, , , , ,0,0,0,0,0,0,0,1,0,0,0,0,0.000000000000000,0.000000000000000,0,1,0,250,"Mapped, On Network",-81.289274602000006,28.540034497699999,664725.816512000048533,506679.732125999988057,5/14/2018 9:31:50 PM,8427_6883
2172,2173,1,2172,37712,87182725,FHPD18OFF049739,FHP,Long,5/18/2018 0:00:00,04:50 PM,Orlando Expwy Auth,Orange,STATE ROAD 408 (EAST WEST EXPRESSWAY),STATE ROAD 417 (GREENEWAY EXPWY),100,West,Rear End,3,0,0,2,N,Y,N,18000.000000000000000,Cloudy,Daylight,0,Rear End,E,Injury,Y,Front to Rear,Motor Vehicle in Transport,On Roadway,Non-Junction,N,Not at Intersection,State,Paved,Dry,None, , ,None, , ,N,Y,Work on Shoulder or Median,Activity Area,Y,N,0,0,3,0,0,0,0,2,0,0,0,0,2.000000000000000,0.000000000000000,0,1,0,18000,"Mapped, On Network",-81.258843058699995,28.547294545900002,667679.312407999997959,507551.499292999971658,5/29/2018 11:18:26 AM,7015_8033
2173,2174,1,2173,37721,87735053,2018-00161714,Orlando PD,Long,4/24/2018 0:00:00,06:40 AM,Orlando,Orange,EW WBO,I4 EBO,400,East,Rear End,2,0,0,1,N,N,N,1650.000000000000000,Clear,Daylight,0,Rear End, ,Injury,Y,Front to Rear,Motor Vehicle in Transport,On Roadway,Non-Junction,N,Not at Intersection,State,Paved,Wet,None, , ,None, , ,N,N, , , , ,0,0,0,0,0,0,0,1,0,0,0,0,0.000000000000000,0.000000000000000,0,0,0,1650,"Mapped, On Network",-81.373635675599999,28.537214294100000,656495.162713999976404,506188.318120000010822,5/5/2018 8:34:07 PM,8313_6737
2174,2175,1,2174,37785,87734171,2018-00176945,Orlando PD,Long,5/4/2018 0:00:00,03:40 PM,Orlando,Orange,WB SR 408,I-4,0, ,Unknown,2,0,0,0,N,N,N,1000.000000000000000,Clear,Daylight,0,Unknown, ,Property Damage Only,Y,"Sideswipe, Same Direction",Motor Vehicle in Transport,On Roadway,Non-Junction,N,Not at Intersection,State,Paved,Dry,None, , ,None, , ,N,N, , , , ,0,0,0,0,0,0,0,0,0,0,0,0,0.000000000000000,0.000000000000000,0,0,0,1000,"Mapped, On Network",-81.379382317799994,28.535614351700001,655937.796295000007376,505998.735228999983519,5/22/2018 11:23:20 AM,6230_8274
2175,2176,1,2175,37789,87204278,FHPD18OFF042374,FHP,Long,4/29/2018 0:00:00,10:17 PM,Orlando,Orange,STATE ROAD 408 (EAST-WEST EXPY),MILE MARKER 19,0, ,Off Road,1,0,0,1,N,Y,N,15000.000000000000000,Clear,Dark - Lighted,0,Off Road,E,Injury,N,Other,Impact Attenuator/Crash Cushion,On Roadway,Entrance/Exit Ramp,N,Not at Intersection,State,Paved,Dry,None, , ,None, , ,N,Y,Intermittent or Moving Work,Before the First Work Zone Warning Sign,N,N,0,0,0,0,0,0,0,0,0,1,0,0,1.000000000000000,0.000000000000000,0,0,0,15000,"Mapped, On Network",-81.247293108299999,28.547189123500001,668807.261923999991268,507564.918791999982204,5/12/2018 12:06:58 PM,8027_6269
2176,2177,1,2176,37809,87173913,FHPD18OFF040690,FHP,Long,4/25/2018 0:00:00,08:00 AM,Orlando Expwy Auth,Orange,WB SR-408,SR-551,5280,East,Rear End,3,0,0,0,N,N,N,16500.000000000000000,Clear,Daylight,0,Rear End, ,Property Damage Only,Y,Front to Rear,Motor Vehicle in Transport,On Roadway,Non-Junction,N,Not at Intersection,State,Paved,Dry,None, , ,None, , ,N,N, , , , ,0,0,0,0,0,0,0,0,0,0,0,0,0.000000000000000,0.000000000000000,0,1,0,16500,"Mapped, On Network",-81.278450258099994,28.544218677100002,665772.481558999978006,507167.580119999998715,5/4/2018 12:30:34 PM,6918_8406
2177,2178,1,2177,37816,87736441,2018-00181185,Orlando PD,Short,5/7/2018 0:00:00,04:40 PM,Orlando,Orange,SR-528,NARCOOSSEE RD,0,East,Rear End,2,0,0,0,N,N,N,900.000000000000000,Clear,Daylight,0,Rear End,E,Property Damage Only,Y,Front to Rear,Motor Vehicle in Transport,On Roadway,Non-Junction,N,Not at Intersection,State,Paved,Dry,None, , ,None, , ,N,N, , , , ,0,0,0,0,0,0,0,0,0,0,0,0,0.000000000000000,0.000000000000000,0,0,0,900,"Mapped, On Network",-81.270326947399994,28.448631185699998,666800.598694000043906,496572.133348000003025,5/22/2018 9:51:21 PM,8055_6665
2178,2179,1,2178,37830,87173919,FHPD18OFF046550,FHP,Long,5/11/2018 0:00:00,06:00 AM,Orlando Expwy Auth,Orange,SB SR-417,SR-423,5280,South,Sideswipe,2,0,0,0,N,N,N,4500.000000000000000,Clear,Dawn,0,Same Direction Sideswipe,S,Property Damage Only,Y,"Sideswipe, Same Direction",Motor Vehicle in Transport,On Roadway,Non-Junction,N,Not at Intersection,State,Paved,Dry,None, , ,None, , ,N,N, , , , ,0,0,0,0,0,0,0,0,0,0,0,0,0.000000000000000,0.000000000000000,0,0,0,4500,"Mapped, On Network",-81.430556673100000,28.368609296999999,651327.104231999954209,487350.603133999975398,5/24/2018 2:00:10 PM,6959_8287
2179,2180,1,2179,37831,87173918,FHPD18OFF046275,FHP,Long,5/10/2018 0:00:00,11:20 AM,Orlando Expwy Auth,Orange,EB SR-408,GOOD HOMES ROAD,0,East,Sideswipe,2,0,0,1,N,N,N,22000.000000000000000,Cloudy,Daylight,0,Same Direction Sideswipe,E,Injury,Y,"Sideswipe, Same Direction",Motor Vehicle in Transport,On Roadway,Non-Junction,N,Not at Intersection,State,Paved,Dry,None, , ,None, , ,N,Y,Work on Shoulder or Median,Activity Area,Y,N,0,0,0,0,0,0,0,0,1,0,0,0,1.000000000000000,0.000000000000000,0,1,0,22000,"Mapped, On Network",-81.505163359299999,28.545958602300001,643632.100861000013538,506892.496571999974549,5/24/2018 11:06:21 AM,8114_8152
2180,2181,1,2180,37848,87186309,FHPD18OFF040770,FHP,Long,4/25/2018 0:00:00,12:29 PM,Orlando Expwy Auth,Orange,STATE ROAD 417 SB MM34,STATE ROAD 50,0,North,Sideswipe,2,0,0,0,N,N,N,2100.000000000000000,Clear,Daylight,0,Same Direction Sideswipe, ,Property Damage Only,Y,"Sideswipe, Same Direction",Motor Vehicle in Transport,On Roadway,Non-Junction,N,Not at Intersection,State,Paved,Dry,None, , ,None, , ,N,N, , , , ,0,0,0,0,0,0,0,0,0,0,0,0,0.000000000000000,0.000000000000000,0,1,0,2100,"Mapped, On Network",-81.264982808100001,28.573800949799999,667014.569048000033945,510481.149396000022534,5/10/2018 11:22:39 PM,8563_8572
2181,2182,1,2181,37867,87468260,2018TA006087,Apopka PD,Long,5/3/2018 0:00:00,03:03 PM,Apopka,Orange,SR-429-TOLL,OCOEE APOPKA RD,1965,South,Rear End,3,0,0,0,N,N,N,4500.000000000000000,Clear,Daylight,0,Rear End,S,Property Damage Only,Y,Front to Rear,Motor Vehicle in Transport,On Roadway,Through Roadway,N,Not at Intersection,Turnpike/Toll,Paved,Dry,Debris, , ,None, , ,N,N, , , , ,0,0,0,0,0,0,0,0,0,0,0,0,0.000000000000000,0.000000000000000,0,0,0,4500,"Mapped, On Network",-81.542335918099994,28.634483935300000,639806.592639000038616,516648.864829000027385,5/9/2018 4:06:41 PM,8434_8438
2182,2183,1,2182,37874,87735930,2018-00181879,Orlando PD,Long,5/8/2018 0:00:00,06:25 AM,Orlando,Orange,SR 408 EBO,US 441 (S ORANGE BLOSSOM TL) EXIT RAMP,1000,West,Rear End,2,0,0,1,N,N,N,2000.000000000000000,Clear,Dawn,0,Rear End,E,Injury,Y,Angle,Motor Vehicle in Transport,On Roadway,Non-Junction,N,Not at Intersection,State,Paved,Dry,None, , ,None, , ,N,N, , , , ,0,0,1,0,0,0,0,1,0,0,0,0,0.000000000000000,0.000000000000000,0,2,0,2000,"Mapped, On Network",-81.404400728799999,28.535758541200000,653494.444849999970756,505963.067158000019845,5/22/2018 1:44:06 PM,8169_8242
2183,2184,1,2183,37875,87736154,2018-00182272,Orlando PD,Long,5/8/2018 0:00:00,11:20 AM,Orlando,Orange,SR 408 WBO,SR 436 (S SEMORAN BV) ENTRANCE RAMP,2500,West,Unknown,2,0,0,0,N,N,N,250.000000000000000,Cloudy,Daylight,0,Unknown, ,Property Damage Only,Y,Other,Other Non-Fixed Object,On Roadway,Non-Junction,N,Not at Intersection,State,Paved,Dry,None, , ,None, , ,N,N, , , , ,0,0,0,0,0,0,0,0,0,0,0,0,0.000000000000000,0.000000000000000,0,0,0,250,"Mapped, On Network",-81.315758977100003,28.539737433399999,662140.516459999955259,506590.171471000008751,5/22/2018 1:50:15 PM,8188_6226
2184,2185,1,2184,37903,87735197,2018-00154647,Orlando PD,Long,4/19/2018 0:00:00,03:10 AM,Orlando,Orange,SR408,S CRYSTAL LAKE DR,0,East,Rear End,2,0,0,0,N,N,N,5000.000000000000000,Clear,Dark - Lighted,0,Rear End, ,Property Damage Only,Y,Front to Rear,Motor Vehicle in Transport,On Roadway,Non-Junction,N,Not at Intersection,State,Paved,Dry,None, , ,None, , ,N,N, , , , ,0,0,0,0,0,0,0,0,0,0,0,0,0.000000000000000,0.000000000000000,0,0,0,5000,"Mapped, On Network",-81.339234834999999,28.538466073399999,659851.289359000045806,506399.325812999974005,5/14/2018 8:48:38 AM,6177_8353
2185,2186,1,2185,37906,87734485,2018-00161223,Orlando PD,Long,4/23/2018 0:00:00,08:29 PM,Orlando,Orange,SR408,S CRYSTAL LAKE DR,0,West,Rear End,2,0,0,0,N,N,N,5000.000000000000000,Clear,Dark - Lighted,0,Rear End, ,Property Damage Only,Y,Front to Rear,Motor Vehicle in Transport,On Roadway,Non-Junction,N,Not at Intersection,State,Paved,Dry,None, , ,None, , ,N,N, , , , ,0,0,1,0,0,0,0,0,0,0,0,0,0.000000000000000,0.000000000000000,0,0,0,5000,"Mapped, On Network",-81.347842050200001,28.538393066299999,659011.009793999954127,506373.111810999980662,5/7/2018 3:09:31 PM,6185_8318
2186,2187,1,2186,37911,87166867,FHPD18OFF044190,FHP,Long,5/4/2018 0:00:00,05:21 PM,Orlando Expwy Auth,Orange,SR-408,MM6,0,East,Rear End,2,0,0,0,N,N,N,4600.000000000000000,Clear,Daylight,0,Rear End,W,Property Damage Only,N,Front to Rear,Motor Vehicle in Transport,Shoulder,Non-Junction,N,Not at Intersection,State,Paved,Dry,None, , ,None, , ,N,N, , , , ,0,0,0,0,0,0,0,0,0,0,0,0,0.000000000000000,0.000000000000000,0,1,0,4600,"Mapped, On Network",-81.449571265599999,28.548212204700000,649054.979097999981605,507253.775377999991179,5/22/2018 11:05:54 AM,8205_6294
2187,2188,1,2187,37912,87166863,FHPD18OFF042499,FHP,Long,4/30/2018 0:00:00,10:59 AM,Orlando Expwy Auth,Orange,SR-417,MM23,20,South,Unknown,2,0,0,0,N,N,N,1000.000000000000000,Clear,Daylight,0,Unknown,N,Property Damage Only,N,Other,"Struck by Falling, Shifting Cargo",On Roadway,Non-Junction,N,Not at Intersection,State,Paved,Dry,None, , ,None, , ,N,N, , , , ,0,0,0,0,0,0,0,0,0,0,0,0,0.000000000000000,0.000000000000000,0,0,0,1000,"Mapped, On Network",-81.227857878899997,28.413940127000000,671037.469930000021122,492813.037072999984957,5/14/2018 11:09:12 AM,8533_8540
2188,2189,1,2188,37923,85599933,FHPD18OFF041110,FHP,Short,4/26/2018 0:00:00,12:36 PM,Orlando Expwy Auth,Orange,STATE ROAD 408,STATE ROAD 417,0,East,Unknown,2,0,0,0,N,N,N,4000.000000000000000,Clear,Daylight,0,Unknown, ,Property Damage Only,Y,Angle,Motor Vehicle in Transport,On Roadway,Non-Junction,N,Not at Intersection,State,Unpaved,Dry,None, , ,None, , ,N,Y,Work on Shoulder or Median,Activity Area,Y,N,0,0,0,0,0,0,0,0,0,0,0,0,0.000000000000000,0.000000000000000,0,1,0,4000,"Mapped, On Network",-81.271673913599997,28.547041685400000,666427.180631999974139,507495.637713000003714,5/10/2018 11:24:53 PM,6258_6879
2189,2190,1,2189,37925,87445682,2018-00182723,Orlando PD,Short,5/8/2018 0:00:00,05:05 PM,Orlando,Orange,SR 528 (BEACHLINE EXPY),SR 436 EXIT,300, ,Rear End,2,0,0,0,N,N,N,8000.000000000000000,Clear,Daylight,0,Rear End,E,Property Damage Only,Y,Front to Rear,Motor Vehicle in Transport,On Roadway,Non-Junction,N,Not at Intersection,State,Paved,Dry,None, , ,None, , ,N,N, , , , ,0,0,0,0,0,0,0,0,0,0,0,0,0.000000000000000,0.000000000000000,0,0,0,8000,"Mapped, On Network",-81.299729120999999,28.451421618200001,663920.481344999978319,496818.683241999999154,5/21/2018 11:52:11 PM,8183_6664
2190,2191,1,2190,37952,87202366,FHPD18OFF040263,FHP,Long,4/24/2018 0:00:00,02:47 AM,Ocoee,Orange,NB STATE ROAD 429,MILE MARKER 24,5280,South,Off Road,1,0,0,0,N,N,N,8000.000000000000000,Cloudy,Dark - Lighted,0,Off Road, ,Property Damage Only,N,Other,Concrete Traffic Barrier,Shoulder,Non-Junction,N,Not at Intersection,State,Paved,Wet,None, , ,None, , ,N,N, , , , ,0,0,0,0,0,0,0,0,0,0,0,0,0.000000000000000,0.000000000000000,0,0,0,8000,"Mapped, On Network",-81.556761428000002,28.568422930899999,638544.555735999951139,509285.910765999986324,5/14/2018 11:26:30 AM,8421_8425
2191,2192,1,2191,37953,87186307,FHPD18OFF038940,FHP,Long,4/20/2018 0:00:00,11:50 AM,Orlando Expwy Auth,Orange,STATE ROAD 417 NB,ORANGE BLOSSOM TRAIL,0, ,Unknown,4,0,0,0,N,N,N,7000.000000000000000,Clear,Daylight,0,Unknown, ,Property Damage Only,Y,Front to Rear,Motor Vehicle in Transport,On Roadway,Non-Junction,N,Not at Intersection,State,Paved,Dry,None, , ,None, , ,N,N, , , , ,0,0,2,0,0,0,0,0,0,0,0,0,0.000000000000000,0.000000000000000,0,2,0,7000,"Mapped, On Network",-81.404388193499997,28.372696565999998,653876.813737999997102,487858.027014999999665,5/7/2018 1:32:20 PM,8283_8277
2192,2193,1,2192,37957,87181495,FHPD18OFF044250,FHP,Short,5/4/2018 0:00:00,07:31 PM,Orlando Expwy Auth,Orange,SR-417 TOLL,7.5MM,0, ,Sideswipe,2,0,0,0,N,N,N,3000.000000000000000,Clear,Daylight,0,Same Direction Sideswipe,N,Property Damage Only,Y,"Sideswipe, Same Direction",Motor Vehicle in Transport,On Roadway,Non-Junction,N,Not at Intersection,State,Paved,Dry,None, , ,None, , ,N,N, , , , ,0,0,0,0,0,0,0,0,0,0,0,0,0.000000000000000,0.000000000000000,0,1,0,3000,"Mapped, On Network",-81.224294907800001,28.451360049100000,671292.235364999971353,496975.548101999971550,5/10/2018 11:32:13 PM,8019_6319
2193,2194,1,2193,37970,87736094,2018-00187286,Orlando PD,Short,5/11/2018 0:00:00,06:30 PM,Orlando,Orange,EW WBO,S CRYSTAL LAKE DR,40,East,Rear End,2,0,0,0,N,N,N,1400.000000000000000,Clear,Daylight,0,Rear End,W,Property Damage Only,Y,"Sideswipe, Same Direction",Motor Vehicle in Transport,On Roadway,Non-Junction,Y,Not at Intersection,Turnpike/Toll,Paved,Dry,None, , ,None, , ,N,N, , , , ,0,0,1,0,0,0,0,0,0,0,0,0,0.000000000000000,0.000000000000000,0,0,0,1400,"Mapped, On Network",-81.343445973300007,28.538469807900000,659440.082808000035584,506390.873658000025898,5/25/2018 4:56:36 PM,8353_6185
2194,2195,1,2194,37971,87736100,2018-00190229,Orlando PD,Short,5/14/2018 0:00:00,07:10 AM,Orlando,Orange,SR408 EASTBOUND,S MILLS AVENUE EXIT RAMP,0, ,Rear End,2,0,0,0,N,N,N,1000.000000000000000,Rain,Daylight,0,Rear End,W,Property Damage Only,Y,Front to Rear,Motor Vehicle in Transport,On Roadway,Non-Junction,N,Not at Intersection,State,Paved,Wet,None, , ,None, , ,N,N, , , , ,0,0,0,0,0,0,0,0,0,0,0,0,0.000000000000000,0.000000000000000,0,0,0,1000,"Mapped, On Network",-81.367973029699996,28.537047637000001,657048.497367999982089,506181.605133000004571,5/30/2018 3:44:34 PM,8305_8315
2195,2196,1,2195,37994,87735667,2018-00182583,Orlando PD,Long,5/10/2018 0:00:00,03:20 PM,Orlando,Orange,SR 408,SR 400,0, ,Unknown,2,0,0,0,N,N,N,1501.000000000000000,Clear,Daylight,0,Unknown,E,Property Damage Only,Y,Other,"Struck by Falling, Shifting Cargo",On Roadway,Non-Junction,N,Not at Intersection,State,Paved,Dry,None, , ,None, , ,N,Y,Work on Shoulder or Median,Activity Area,Y,N,0,0,0,0,0,0,0,0,0,0,0,0,0.000000000000000,0.000000000000000,0,0,0,1501,"Mapped, On Network",-81.383930636900004,28.535087661999999,655494.900578000000678,505930.824589999974705,5/25/2018 3:33:47 PM,6679_6276
2196,2197,1,2196,38001,87190188,FHPK18OFF028487,FHP,Long,4/19/2018 0:00:00,07:34 AM,Winter Garden,Orange,SR-429 (DANIEL WEBSTER WESTN BELTWAY),SR-438 (E PLANT ST),0,South,Rear End,2,0,0,2,N,N,N,5000.000000000000000,Clear,Daylight,0,Rear End, ,Injury,N,Front to Rear,Motor Vehicle in Transport,On Roadway,Non-Junction,N,Not at Intersection,State,Paved,Dry,None, , ,None, , ,N,N, , , , ,0,0,0,0,0,0,0,1,0,1,0,0,1.000000000000000,0.000000000000000,0,1,0,5000,"Mapped, On Network",-81.557175053799995,28.568152620500001,638504.771477999980561,509255.097099000005983,5/14/2018 8:32:24 AM,8429_8423
2197,2198,1,2197,38012,87734803,2018-00161347,Orlando PD,Long,4/23/2018 0:00:00,10:30 PM,Orlando,Orange,SR408,CONWAY RD,500,East,Rear End,6,0,0,6,N,N,N,17000.000000000000000,Rain,Dark - Lighted,0,Rear End, ,Injury,Y,Front to Rear,Motor Vehicle in Transport,On Roadway,Non-Junction,N,Not at Intersection,State,Paved,Water (standing/moving),Road Surface Condition, , ,Weather Conditions, , ,N,N, , , , ,0,0,0,0,0,0,0,5,1,0,0,0,0.000000000000000,0.000000000000000,0,0,0,17000,"Mapped, On Network",-81.329713417700006,28.538357916399999,660781.269410999957472,506407.416818000026979,5/7/2018 3:31:48 PM,8355_8348
2198,2199,1,2198,38014,87173912,FHPD18OFF040341,FHP,Short,4/24/2018 0:00:00,07:30 AM,Orlando Expwy Auth,Orange,NB SR-417,SR-50,10560,South,Rear End,2,0,0,0,N,N,N,7000.000000000000000,Cloudy,Daylight,0,Rear End, ,Property Damage Only,Y,Front to Rear,Motor Vehicle in Transport,On Roadway,Non-Junction,N,Not at Intersection,State,Paved,Wet,None, , ,None, , ,N,N, , , , ,0,0,2,0,0,0,0,0,0,0,0,0,0.000000000000000,0.000000000000000,0,0,0,7000,"Mapped, On Network",-81.267153475100002,28.563735012599999,666827.457596999942325,509358.846813999989536,5/10/2018 11:22:05 PM,6966_8451