FID,OBJECTID_1,Join_Count,TARGET_FID,OBJECTID,HSMV_Repor,Agency_Rep,Reporting_,Form_Type,Crash_Date,Crash_Time,City,County,Crash_Stre,Intersecti,Offset_Dis,Offset_Dir,Crash_Type,Vehicles,Non_Motori,Fatalities,Injuries,Alcohol_Re,Distractio,Drug_Relat,Estimated_,Weather_Co,Light_Cond,Street_Num,Crash_Ty_1,Crash_Ty_2,Crash_Seve,Within_Cit,Manner_of_,First_Harm,First_HE_L,First_HE_R,First_HE_W,Type_of_In,Road_Sys_I,Type_of_Sh,Road_Surf_,Contrib_Ci,Contrib__1,Contrib__2,Contrib__3,Contrib__4,Contrib__5,School_Bus,Work_Zone_,Type_of_Wo,Loc_in_Wor,Workers_in,Law_Enforc,Mopeds,Motorcycle,Passengers,Bicyclists,Pedestrian,Fataliti_1,Injuries_U,Possible_I,Non_Incapa,Incapacita,Fataliti_2,Non_Traffi,Transporte,Transpor_1,Transpor_2,Citations,Property_D,Vehicle_Dm,S4_Mapping,S4_Decimal,S4_Decim_1,S4_Albers_,S4_Albers1,S4_Mappi_1,zone_id_st
2199,2200,1,2199,38044,87223948,FHPD18OFF048925,FHP,Short,5/16/2018 0:00:00,07:37 PM,Orlando,Orange,STATE ROAD 408,MILE MARKER 4 / EB,5280,West,Off Road,1,0,0,0,N,N,N,4000.000000000000000,Rain,Dusk,0,Off Road,E,Property Damage Only,N,Other,Guardrail Face,Off Roadway,Non-Junction,N,Not at Intersection,State,Paved,Wet,None, , ,None, , ,N,N, , , , ,0,0,0,0,0,0,0,0,0,0,0,0,0.000000000000000,0.000000000000000,0,0,0,4000,"Mapped, On Network",-81.464925097600002,28.549666334899999,647552.535837000003085,507384.314412000006996,5/29/2018 1:52:45 PM,6068_8208
2200,2201,1,2200,38046,87142474,FHPD18OFF040723,FHP,Short,4/25/2018 0:00:00,09:40 AM,Orlando Expwy Auth,Orange,STATE RD 417,ECONLOCKHATCHEE TRL,300,South,Sideswipe,2,0,0,0,N,N,N,1000.000000000000000,Clear,Daylight,0,Same Direction Sideswipe, ,Property Damage Only,N,"Sideswipe, Same Direction",Motor Vehicle in Transport,On Roadway,Non-Junction,N,Not at Intersection,State,Paved,Dry,None, , ,None, , ,N,N, , , , ,0,0,0,0,0,0,0,0,0,0,0,0,0.000000000000000,0.000000000000000,0,1,0,1000,"Mapped, On Network",-81.259600258600003,28.582261011000000,667519.093308000010438,511432.120287999976426,5/10/2018 11:24:14 PM,6046_6317
2201,2202,1,2201,38050,87733548,2018-00159604,Orlando PD,Long,4/22/2018 0:00:00,06:35 PM,Orlando,Orange,EW WBO,S SEMORAN BV (SR-435),0, ,Unknown,2,0,0,0,N,N,N,1100.000000000000000,Clear,Daylight,0,Unknown,W,Property Damage Only,Y,"Sideswipe, Same Direction",Motor Vehicle in Transport,On Roadway,Non-Junction,N,Not at Intersection,Turnpike/Toll,Paved,Dry,None, , ,None, , ,N,N, , , , ,0,0,0,0,0,0,0,0,0,0,0,0,0.000000000000000,0.000000000000000,0,0,0,1100,"Mapped, On Network",-81.310575297599996,28.539679781699999,662646.809277000022121,506594.800479999976233,5/11/2018 3:25:00 PM,6256_8188
2202,2203,1,2202,38080,87204623,FHPD18OFF049952,FHP,Long,5/19/2018 0:00:00,08:03 AM,Orlando Expwy Auth,Orange,SR-408,DEAN ROAD,60,West,Off Road,1,0,0,1,N,Y,N,4200.000000000000000,Cloudy,Daylight,0,Off Road,E,Injury,N,Other,Guardrail End,Off Roadway,Non-Junction,N,Not at Intersection,State,Paved,Dry,None, , ,None, , ,N,N, , , , ,0,0,0,0,0,0,0,1,0,0,0,0,0.000000000000000,0.000000000000000,0,1,0,4200,"Mapped, On Network",-81.245046914599996,28.547187779500000,669026.574029000010341,507569.667940000013914,5/23/2018 1:51:38 PM,6269_8009
2203,2204,1,2203,38081,87211577,FHPD18OFF050566,FHP,Long,5/21/2018 0:00:00,12:01 AM,Orlando,Orange,STATE ROAD 417,NORTHBOUND LANE MM8,5280,South,Unknown,2,0,0,1,N,Y,N,2800.000000000000000,Cloudy,Dark - Lighted,0,Unknown, ,Injury,N,Angle,Motor Vehicle in Transport,On Roadway,Non-Junction,N,Not at Intersection,State,Unpaved,Wet,None, , ,None, , ,N,N, , , , ,0,0,2,0,0,0,0,0,1,0,0,0,1.000000000000000,0.000000000000000,0,1,0,2800,"Mapped, On Network",-81.442350600200001,28.359695377700000,650194.191790999961086,486336.882726999989245,5/24/2018 10:00:45 PM,8292_6975
2204,2205,1,2204,38085,87181491,FHPD18OFF042649,FHP,Long,4/30/2018 0:00:00,05:03 PM,Orlando Expwy Auth,Orange,SR-408 TOLL,19MM,0, ,Rear End,3,0,0,3,N,N,N,9000.000000000000000,Clear,Daylight,0,Rear End,E,Injury,Y,Front to Rear,Motor Vehicle in Transport,On Roadway,Non-Junction,N,Not at Intersection,State,Paved,Dry,None, , ,None, , ,N,N, , , , ,0,0,0,0,0,0,0,1,2,0,0,0,2.000000000000000,0.000000000000000,0,2,0,9000,"Mapped, On Network",-81.237119815499995,28.547128671599999,669800.688520999974571,507580.424194000021089,5/10/2018 11:32:43 PM,6303_6305
2205,2206,1,2205,38086,87181497,FHPD18OFF045686,FHP,Long,5/8/2018 0:00:00,05:29 PM,Orlando Expwy Auth,Orange,SR-417 TOLL,37MM,0, ,Rear End,2,0,0,0,N,N,N,5000.000000000000000,Clear,Daylight,0,Rear End,N,Property Damage Only,Y,Front to Rear,Motor Vehicle in Transport,On Roadway,Non-Junction,N,Not at Intersection,State,Paved,Dry,None, , ,None, , ,N,N, , , , ,0,0,0,0,0,0,0,0,0,0,0,0,0.000000000000000,0.000000000000000,0,1,0,5000,"Mapped, On Network",-81.256649999999993,28.607535580699999,667744.612613999983296,514244.705756000010297,5/10/2018 11:32:03 PM,5988_6758
2206,2207,1,2206,38087,87214879,FHPK18OFF033263,FHP,Long,5/6/2018 0:00:00,12:00 AM,Winter Garden,Orange,STATE ROAD 429,MILE MARKER 20,0, ,Off Road,1,0,0,0,N,N,N,5000.000000000000000,Rain,Daylight,0,Off Road,S,Property Damage Only,N,Other,Guardrail Face,On Roadway,Non-Junction,N,Not at Intersection,Turnpike/Toll,Paved,Wet,None, , ,None, , ,N,N, , , , ,0,0,0,0,0,0,0,0,0,0,0,0,0.000000000000000,0.000000000000000,0,0,0,5000,"Mapped, On Network",-81.577780000000004,28.523110049400000,636591.521938999998383,504214.138490999990609,5/21/2018 11:21:39 PM,8462_6231
2207,2208,1,2207,38088,87214880,FHPK18OFF033260,FHP,Long,5/6/2018 0:00:00,08:58 AM,Winter Garden,Orange,STATE ROAD 429,MILE MARKER 12.5,0, ,Other,1,0,0,0,N,N,N,6000.000000000000000,Rain,Daylight,0,Single Vehicle,S,Property Damage Only,N,Other,Other Non-Collision,On Roadway,Non-Junction,N,Not at Intersection,Interstate,Paved,Wet,None, , ,None, , ,N,N, , , , ,0,0,0,0,0,0,0,0,0,0,0,0,0.000000000000000,0.000000000000000,0,1,0,6000,"Mapped, On Network",-81.636439999999993,28.434835523600000,631050.478559999959543,494301.315033000020776,5/21/2018 11:21:24 PM,6244_9706
2208,2209,1,2208,38089,87214881,FHPK18OFF033276,FHP,Long,5/6/2018 0:00:00,10:20 AM,Winter Garden,Orange,STATE ROAD 429,MILE MARKER 12.5,0, ,Other,1,0,0,0,N,N,N,6000.000000000000000,Rain,Daylight,0,Single Vehicle,S,Property Damage Only,N,Other,Other Non-Collision,On Roadway,Non-Junction,N,Not at Intersection,Interstate,Paved,Wet,None, , ,None, , ,N,N, , , , ,0,0,1,0,0,0,0,0,0,0,0,0,0.000000000000000,0.000000000000000,0,2,0,6000,"Mapped, On Network",-81.636479261999995,28.434921837200001,631046.457245000055991,494310.825392999977339,5/21/2018 11:21:11 PM,6244_9706
2209,2210,1,2209,38090,87173920,FHPD18OFF046597,FHP,Short,5/11/2018 0:00:00,08:30 AM,Orlando Expwy Auth,Orange,NB SR-417 EXIT RAMP,SR-600,5,South,Rear End,2,0,0,0,N,N,N,1000.000000000000000,Clear,Daylight,0,Rear End,N,Property Damage Only,Y,Front to Rear,Motor Vehicle in Transport,On Roadway,Entrance/Exit Ramp,N,Not at Intersection,State,Paved,Dry,None, , ,None, , ,N,N, , , , ,0,0,0,0,0,0,0,0,0,0,0,0,0.000000000000000,0.000000000000000,0,1,0,1000,"Mapped, Not On Network",-81.412760000199995,28.375160024800000,653052.347999999998137,488114.342699999979232,5/24/2018 1:58:19 PM,8107_8280
2210,2211,1,2210,38107,87173911,FHPD18OFF040297,FHP,Long,4/24/2018 0:00:00,07:30 AM,Orlando Expwy Auth,Orange,NB SR-417,SR-50,10560,South,Rear End,2,0,0,0,N,N,N,9000.000000000000000,Cloudy,Daylight,0,Rear End, ,Property Damage Only,Y,Front to Rear,Motor Vehicle in Transport,On Roadway,Non-Junction,N,Not at Intersection,State,Paved,Wet,None, , ,None, , ,N,N, , , , ,0,0,0,0,0,0,0,0,0,0,0,0,0.000000000000000,0.000000000000000,0,0,0,9000,"Mapped, On Network",-81.267267399500000,28.563484866900001,666816.951739000040106,509330.827040000003763,5/10/2018 11:22:19 PM,6966_8451
2211,2212,1,2211,38122,87182717,FHPD18OFF044943,FHP,Long,5/6/2018 0:00:00,05:05 PM,Orlando Expwy Auth,Orange,STATE ROAD 429 (DANIEL WEBSTER BELTWAY),WEST ROAD,1000,North,Rear End,2,0,0,0,N,N,N,15000.000000000000000,Cloudy,Daylight,0,Rear End,S,Property Damage Only,Y,Front to Rear,Motor Vehicle in Transport,On Roadway,Non-Junction,N,Not at Intersection,State,Paved,Wet,None, , ,Weather Conditions, , ,N,N, , , , ,0,0,1,0,0,0,0,0,0,0,0,0,0.000000000000000,0.000000000000000,0,1,0,15000,"Mapped, On Network",-81.537979815499995,28.604818667100002,640297.354123999946751,513363.521071000024676,5/10/2018 11:31:53 PM,8460_6069
2212,2213,1,2212,38150,87736439,2018-00180521,Orlando PD,Long,5/7/2018 0:00:00,07:30 AM,Orlando,Orange,SR-408,ROSALIND AVE,0,East,Unknown,2,0,0,0,N,N,N,2000.000000000000000,Clear,Daylight,0,Unknown,W,Property Damage Only,Y,Front to Rear,Motor Vehicle in Transport,On Roadway,Non-Junction,N,Not at Intersection,State,Paved,Dry,None, , ,None, , ,N,N, , , , ,0,0,1,0,0,0,0,0,0,0,0,0,0.000000000000000,0.000000000000000,0,1,0,2000,"Mapped, On Network",-81.375838523400006,28.536827041199999,656280.976502000004984,506140.741125000000466,5/23/2018 11:42:26 AM,6737_6230
2213,2214,1,2213,38158,87142470,FHPD18OFF038931,FHP,Short,4/20/2018 0:00:00,11:15 AM,Orlando Expwy Auth,Orange,STATE RD 528,STATE RD 520,10560,West,Angle,2,0,0,0,N,N,N,2500.000000000000000,Clear,Daylight,0,Right Angle, ,Property Damage Only,N,Other,Motor Vehicle in Transport,On Roadway,Non-Junction,N,Not at Intersection,State,Paved,Dry,None, , ,None, , ,N,N, , , , ,0,0,0,0,0,0,0,0,0,0,0,0,0.000000000000000,0.000000000000000,0,0,0,2500,"Mapped, On Network",-81.016757509700000,28.452334647099999,691570.115454999962822,497557.400941999978386,5/6/2018 9:52:55 PM,7008_7061
2214,2215,1,2214,38188,87444222,2018-00161385,Orlando PD,Long,4/23/2018 0:00:00,10:40 PM,Orlando,Orange,EW EBO,CONWAY EXITE RAMP,10,East,Rear End,2,0,0,2,N,N,N,8500.000000000000000,Rain,Dark - Lighted,0,Rear End, ,Injury,Y,Front to Rear,Motor Vehicle in Transport,On Roadway,Non-Junction,N,Not at Intersection,State,Paved,Water (standing/moving),Road Surface Condition, , ,Weather Conditions, , ,N,N, , , , ,0,0,0,0,0,0,0,2,0,0,0,0,0.000000000000000,0.000000000000000,0,0,0,8500,"Mapped, On Network",-81.334714766700003,28.538279222800000,660293.100644999998622,506388.112699999997858,5/7/2018 3:32:29 PM,6227_8355
2215,2216,1,2215,38202,87142472,FHPD18OFF040021,FHP,Long,4/23/2018 0:00:00,01:52 PM,Orlando Expwy Auth,Orange,STATE RD 417,STATE RD 528,5280,South,Other,1,0,0,1,N,N,N,7000.000000000000000,Cloudy,Daylight,0,Single Vehicle, ,Injury,N,Other,Other Non-Collision,On Roadway,Non-Junction,N,Not at Intersection,State,Paved,Dry,None, , ,None, , ,N,N, , , , ,0,0,0,0,0,0,0,0,1,0,0,0,1.000000000000000,0.000000000000000,0,0,0,7000,"Mapped, On Network",-81.228558191499999,28.431690602800000,670924.710001999977976,494782.307639000006020,5/6/2018 9:51:06 PM,8538_6642
2216,2217,1,2216,38244,87181494,FHPD18OFF043806,FHP,Short,5/3/2018 0:00:00,05:56 PM,Orlando Expwy Auth,Orange,SR-417 TOLL,34MM,0, ,Rear End,2,0,0,0,N,N,N,6000.000000000000000,Clear,Daylight,0,Rear End,N,Property Damage Only,Y,Front to Rear,Motor Vehicle in Transport,On Roadway,Non-Junction,N,Not at Intersection,State,Paved,Dry,None, , ,None, , ,N,N, , , , ,0,0,0,0,0,0,0,0,0,0,0,0,0.000000000000000,0.000000000000000,0,1,0,6000,"Mapped, On Network",-81.265758339599998,28.569491600399999,666949.478374000056647,510001.010705000022426,5/10/2018 11:32:25 PM,8451_2531
2217,2218,1,2217,38245,87182719,FHPD18OFF045682,FHP,Short,5/8/2018 0:00:00,05:15 PM,Orlando Expwy Auth,Orange,STATE ROAD 408 (EAST WEST EXPRESSWAY),STATE ROAD 417 (GREENEWAY EXPRESSWAY,1000,West,Rear End,2,0,0,0,N,N,N,2000.000000000000000,Clear,Daylight,0,Rear End,E,Property Damage Only,Y,Front to Rear,Motor Vehicle in Transport,On Roadway,Non-Junction,Y,Not at Intersection,State,Paved,Dry,None, , ,None, , ,N,Y,Work on Shoulder or Median,Activity Area,Y,N,0,0,0,0,0,0,0,0,0,0,0,0,0.000000000000000,0.000000000000000,0,1,0,2000,"Mapped, On Network",-81.280209818200007,28.543340459900001,665602.830836000037380,507066.281654999998864,5/10/2018 11:31:42 PM,6918_8406
2218,2219,1,2218,38300,87735635,2018-00187057,Orlando PD,Short,5/11/2018 0:00:00,03:30 PM,Orlando,Orange,SR 408 EAST EXIT RAMP 13,CONWAY RD,25,North,Unknown,2,0,0,0,N,N,N,2000.000000000000000,Clear,Daylight,0,Unknown,S,Property Damage Only,Y,"Sideswipe, Same Direction",Motor Vehicle in Transport,On Roadway,Entrance/Exit Ramp,N,Not at Intersection,State,Paved,Dry,None, , ,None, , ,N,N, , , , ,0,0,2,0,0,0,0,0,0,0,0,0,0.000000000000000,0.000000000000000,0,0,0,2000,"Mapped, On Network",-81.331362406400004,28.538253576199999,660620.504397999960929,506392.345790999999736,5/25/2018 5:52:53 PM,8355_8348
2219,2220,1,2219,38328,87736233,2018-00190372,Orlando PD,Long,5/14/2018 0:00:00,09:10 AM,Orlando,Orange,S.R. 528 BEELINE- WEST,S.R. 551 / GOLDENROD ROAD,0, ,Unknown,2,0,0,0,N,N,N,5000.000000000000000,Rain,Daylight,0,Unknown,W,Property Damage Only,Y,Front to Rear,Motor Vehicle in Transport,On Roadway,Non-Junction,N,Not at Intersection,State,Paved,Wet,None, , ,None, , ,N,N, , , , ,0,0,0,0,0,0,0,0,0,0,0,0,0.000000000000000,0.000000000000000,0,0,0,5000,"Mapped, On Network",-81.285336188100004,28.449235575300001,665332.342709999997169,496606.854044999985490,5/30/2018 3:41:30 PM,8172_8180
2220,2221,1,2220,38332,87142482,FHPD18OFF048431,FHP,Short,5/15/2018 0:00:00,04:53 PM,Orlando Expwy Auth,Orange,STATE RD 417 ENTRANCE RAMP,STATE RD 15,5280,North,Rear End,2,0,0,0,N,N,N,550.000000000000000,Rain,Daylight,0,Rear End,N,Property Damage Only,N,Front to Rear,Motor Vehicle in Transport,On Roadway,Non-Junction,N,Not at Intersection,State,Paved,Wet,Road Surface Condition, , ,Weather Conditions, , ,N,N, , , , ,0,0,0,0,0,0,0,0,0,0,0,0,0.000000000000000,0.000000000000000,0,1,0,550,"Mapped, Not On Network",-81.233599999999996,28.406330049000001,670495.104643000056967,491955.492205000016838,5/24/2018 2:05:12 PM,8598_8531
2221,2222,1,2221,38352,87736412,2018-00196202,Orlando PD,Long,5/18/2018 0:00:00,08:17 AM,Orlando,Orange,SR 408 (EAST/WEST EXPRESSWAY),SR 400,300,West,Unknown,3,0,0,2,N,N,N,1800.000000000000000,Cloudy,Daylight,0,Unknown,E,Injury,Y,Front to Rear,Motor Vehicle in Transport,On Roadway,Non-Junction,N,Not at Intersection,Interstate,Paved,Wet,None, , ,None, , ,N,N, , , , ,0,0,0,0,0,0,0,2,0,0,0,0,0.000000000000000,0.000000000000000,0,0,0,1800,"Mapped, On Network",-81.384291315300004,28.535306343100000,655459.165594000020064,505954.357719000021461,5/23/2018 7:43:11 PM,8274_8272
2222,2223,1,2222,38364,87212708,FHPD18OFF039666,FHP,Long,4/22/2018 0:00:00,01:55 PM,Unincorporated,Orange,STATE ROAD 528 EB,MM31,0, ,Off Road,4,0,0,1,N,N,N,16500.000000000000000,Rain,Daylight,0,Off Road, ,Injury,N,Other,Guardrail Face,On Roadway,Non-Junction,N,Not at Intersection,County,Paved,Wet,None, , ,Weather Conditions, , ,N,N, , , , ,0,0,5,0,0,0,0,0,0,1,0,0,1.000000000000000,0.000000000000000,0,1,0,16500,"Mapped, On Network",-80.978571758699999,28.452644204100000,695300.652686999994330,497682.634729999990668,5/14/2018 9:46:48 AM,6598_8091
2223,2224,1,2223,38421,87736067,2018-00187380,Orlando PD,Short,5/11/2018 0:00:00,07:40 PM,Orlando,Orange,SR 408,S SEMORAN BLVD,0,West,Unknown,2,0,0,0,N,N,N,1400.000000000000000,Clear,Daylight,0,Unknown, ,Property Damage Only,Y,Angle,Motor Vehicle in Transport,On Roadway,Non-Junction,N,Not at Intersection,State,Paved,Dry,None, , ,None, , ,N,N, , , , ,0,0,1,0,0,0,0,0,0,0,0,0,0.000000000000000,0.000000000000000,0,0,0,1400,"Mapped, On Network",-81.313203950200005,28.539609394900001,662390.308370999991894,506581.389449000009336,5/24/2018 2:47:15 PM,6256_8188
2224,2225,1,2224,38449,87186399,FHPD18OFF037735,FHP,Long,4/17/2018 0:00:00,02:42 AM,Orlando,Orange,SR 528 WB,MM 20,0, ,Unknown,2,0,0,0,N,N,N,12000.000000000000000,Clear,Dark - Lighted,0,Unknown, ,Property Damage Only,N,Front to Rear,Motor Vehicle in Transport,On Roadway,Non-Junction,N,Not at Intersection,State,Paved,Dry,None, , ,None, , ,N,N, , , , ,0,0,5,0,0,0,0,0,0,0,0,0,0.000000000000000,0.000000000000000,0,1,0,12000,"Mapped, On Network",-81.158869130699998,28.451604637799999,677685.084444000036456,497148.337059999990743,5/7/2018 11:53:13 AM,8095_8101
2225,2226,1,2225,38485,87468200,2018TA005254,Apopka PD,Long,4/17/2018 0:00:00,07:27 AM,Apopka,Orange,SR 429-TOLL,CR 437A,300,North,Off Road,1,0,0,1,N,Y,N,12300.000000000000000,Clear,Daylight,0,Off Road, ,Injury,Y, ,Guardrail End,Shoulder,Through Roadway,N,Not at Intersection,Turnpike/Toll,Paved,Dry,None, , ,None, , ,N,N, , , , ,0,0,0,0,0,0,0,0,1,0,0,0,1.000000000000000,0.000000000000000,0,0,0,10000,"Mapped, On Network",-81.543831207500006,28.638331682200000,639652.198471999960020,517073.184262000024319,4/24/2018 3:21:21 PM,8441_6652
2226,2227,1,2226,38532,87122251,FHPK18OFF037877,FHP,Long,5/23/2018 0:00:00,04:38 PM,Winter Garden,Orange,SR 429,SR 50 (COLONIAL DRIVE),500,South,Rear End,3,0,0,5,N,Y,N,32000.000000000000000,Cloudy,Daylight,0,Rear End,N,Injury,N,Front to Rear,Motor Vehicle in Transport,On Roadway,Non-Junction,Y,Not at Intersection,Turnpike/Toll,Paved,Dry,None, , ,None, , ,N,N, , , , ,0,0,2,0,0,0,0,3,0,2,0,0,2.000000000000000,0.000000000000000,0,1,0,32000,"Mapped, On Network",-81.558728685999995,28.563070247300001,638364.275984999956563,508687.777559000009205,5/30/2018 3:03:16 PM,8500_8421
2227,2228,1,2227,38534,87176809,FHPK18OFF038088,FHP,Short,5/24/2018 0:00:00,02:32 PM,Winter Garden,Orange,STATE ROA D 429 SB,MILE MARKER 21,0, ,Sideswipe,2,0,0,0,N,N,N,2500.000000000000000,Clear,Daylight,0,Same Direction Sideswipe,S,Property Damage Only,N,"Sideswipe, Same Direction",Motor Vehicle in Transport,On Roadway,Entrance/Exit Ramp,N,Not at Intersection,Turnpike/Toll,Paved,Dry,None, , ,None, , ,N,N, , , , ,0,0,0,0,0,0,0,0,0,0,0,0,0.000000000000000,0.000000000000000,0,1,0,2500,"Mapped, On Network",-81.560323894999996,28.530878395500000,638279.266733999946155,505110.302839000010863,5/30/2018 6:51:59 PM,6231_8470
2228,2229,1,2228,38586,87206761,FHPD18OFF038424,FHP,Long,4/19/2018 0:00:00,01:03 AM,Orlando,Orange,STATE ROAD 408 EB,STATE ROAD 551(GOLDENRON ROAD),0, ,Rear End,2,0,0,0,N,Y,N,6000.000000000000000,Clear,Dawn,0,Rear End, ,Property Damage Only,N,Front to Rear,Motor Vehicle in Transport,On Roadway,Non-Junction,N,Not at Intersection,State,Paved,Dry,None, , ,None, , ,N,N, , , , ,0,0,0,0,0,0,0,0,0,0,0,0,0.000000000000000,0.000000000000000,0,2,0,6000,"Mapped, On Network",-81.286077455799997,28.540442153800001,665036.998860000050627,506731.861298999981955,5/14/2018 8:33:49 AM,8408_6232
2229,2230,1,2229,38668,87181511,FHPD18OFF051848,FHP,Long,5/24/2018 0:00:00,12:30 PM,Orlando Expwy Auth,Orange,SR417,32MM,0, ,Rear End,2,0,0,1,N,N,N,15000.000000000000000,Clear,Daylight,0,Rear End,N,Injury,Y,"Sideswipe, Same Direction",Motor Vehicle in Transport,On Roadway,Non-Junction,N,Not at Intersection,State,Paved,Dry,None, , ,None, , ,N,N, , , , ,0,0,0,0,0,0,0,0,1,0,0,0,1.000000000000000,0.000000000000000,0,1,0,15000,"Mapped, On Network",-81.255449999999996,28.545175769299998,668015.833098000031896,507323.625013999990188,5/30/2018 2:03:53 PM,2529_11876
2230,2231,1,2230,38687,87735069,2018-00159314,Orlando PD,Long,4/22/2018 0:00:00,12:55 PM,Orlando,Orange,SR 408 (EW EBO),ANDES AV,0,East,Sideswipe,2,0,0,0,N,N,N,2000.000000000000000,Rain,Daylight,0,Same Direction Sideswipe, ,Property Damage Only,Y,Angle,Motor Vehicle in Transport,On Roadway,Non-Junction,N,Not at Intersection,State,Paved,Wet,None, , ,None, , ,N,N, , , , ,0,0,1,0,0,0,0,0,0,0,0,0,0.000000000000000,0.000000000000000,0,0,0,2000,"Mapped, On Network",-81.324569123000003,28.539291548000001,661281.335177000029944,506521.967150999989826,5/6/2018 10:05:53 PM,8348_7102
2231,2232,1,2231,38727,85533429,FHPD18OFF040307,FHP,Short,4/24/2018 0:00:00,07:50 AM,Orlando,Orange,STATE ROAD 408,STATE ROAD 436,5280,East,Sideswipe,2,0,0,0,N,N,N,1000.000000000000000,Cloudy,Daylight,0,Same Direction Sideswipe, ,Property Damage Only,Y,"Sideswipe, Same Direction",Motor Vehicle in Transport,On Roadway,Non-Junction,N,Not at Intersection,Turnpike/Toll,Paved,Wet,None, , ,None, , ,N,N, , , , ,0,0,1,0,0,0,0,0,0,0,0,0,0.000000000000000,0.000000000000000,0,0,0,1000,"Mapped, On Network",-81.296874673500000,28.539736832900001,663984.447323999949731,506630.390031000017188,5/7/2018 3:57:59 PM,6883_8376
2232,2233,1,2232,38744,87223939,FHPD18OFF047692,FHP,Short,5/13/2018 0:00:00,10:06 PM,Orlando,Orange,STATE ROAD 408,EB / MM 4,5280,West,Off Road,1,0,0,0,N,N,N,4000.000000000000000,Rain,Dark - Lighted,0,Off Road,E,Property Damage Only,N,Other,Guardrail Face,On Roadway,Non-Junction,N,Not at Intersection,State,Paved,Wet,None, , ,None, , ,N,N, , , , ,0,0,0,0,0,0,0,0,0,0,0,0,0.000000000000000,0.000000000000000,0,0,0,4000,"Mapped, On Network",-81.469583569500003,28.548883060200001,647099.480276999995112,507288.002294000005350,5/24/2018 6:19:39 PM,8144_8146
2233,2234,1,2233,38789,87182699,FHPD18OFF035737,FHP,Long,4/11/2018 0:00:00,06:00 PM,Orlando Expwy Auth,Orange,STATE ROAD 408 (EAST WEST EXPRESSWAY),HIAWASSEE ROAD,1000,West,Sideswipe,2,0,0,0,N,N,N,100.000000000000000,Clear,Daylight,0,Same Direction Sideswipe,W,Property Damage Only,Y,"Sideswipe, Same Direction",Motor Vehicle in Transport,On Roadway,Non-Junction,N,Not at Intersection,State,Paved,Dry,None, , ,None, , ,N,N, , , , ,0,0,0,0,0,0,0,0,0,0,0,0,0.000000000000000,0.000000000000000,0,2,0,100,"Mapped, On Network",-81.487276451499994,28.548951894000002,645371.824387999949977,507260.315752000024077,5/18/2018 9:19:49 AM,8148_6298
2234,2235,1,2234,38849,87182700,FHPD18OFF037633,FHP,Long,4/16/2018 0:00:00,05:25 PM,Orlando Expwy Auth,Orange,STATE ROAD 528 (BEACHLINE EXPRESSWAY),DALLAS BLVD,0,East,Sideswipe,2,0,0,0,N,N,N,1500.000000000000000,Clear,Daylight,0,Same Direction Sideswipe, ,Property Damage Only,Y,"Sideswipe, Same Direction",Motor Vehicle in Transport,On Roadway,Non-Junction,N,Not at Intersection,State,Paved,Dry,Work Zone, , ,None, , ,N,Y,Work on Shoulder or Median,Activity Area,Y,N,0,0,0,0,0,0,0,0,0,0,0,0,0.000000000000000,0.000000000000000,0,0,0,1500,"Mapped, On Network",-81.090815655599997,28.451764918399999,684334.822836000006646,497321.213220999983605,5/6/2018 6:13:29 PM,6322_8112
2235,2236,1,2235,38852,87186306,FHPD18OFF038832,FHP,Short,4/20/2018 0:00:00,06:28 AM,Orlando Expwy Auth,Orange,STATE ROAD 429 SB MM24,PALM DR,200,North,Rear End,4,0,0,0,N,N,N,3500.000000000000000,Cloudy,Daylight,0,Rear End, ,Property Damage Only,Y,Front to Rear,Motor Vehicle in Transport,On Roadway,Non-Junction,N,Not at Intersection,State,Paved,Dry,None, , ,None, , ,N,N, , , , ,0,0,0,0,0,0,0,0,0,0,0,0,0.000000000000000,0.000000000000000,0,0,0,3500,"Mapped, On Network",-81.557337907399997,28.579999023700001,638462.814969000057317,510570.132952000014484,5/7/2018 1:55:55 PM,5993_8395
2236,2237,1,2236,38853,87186305,FHPD18OFF038555,FHP,Long,4/19/2018 0:00:00,11:51 AM,Orlando Expwy Auth,Orange,STATE ROAD 408 EB MM16,STATE ROAD 551,0,East,Unknown,3,0,0,0,N,N,N,1100.000000000000000,Clear,Daylight,0,Unknown, ,Property Damage Only,Y,Other,Other Non-Fixed Object,On Roadway,Non-Junction,N,Not at Intersection,State,Paved,Dry,None, , ,None, , ,N,N, , , , ,0,0,1,0,0,0,0,0,0,0,0,0,0.000000000000000,0.000000000000000,0,0,0,1100,"Mapped, On Network",-81.281385154000006,28.542467328099999,665490.208835999947041,506966.807872999983374,5/7/2018 12:37:40 PM,8408_8412
2237,2238,1,2237,38899,87173921,FHPD18OFF048183,FHP,Short,5/15/2018 0:00:00,06:20 AM,Orlando Expwy Auth,Orange,SB SR-429,SR-50,5280,North,Rear End,2,0,0,0,N,N,N,9000.000000000000000,Cloudy,Dawn,0,Rear End,S,Property Damage Only,Y,Front to Rear,Motor Vehicle in Transport,On Roadway,Non-Junction,N,Not at Intersection,State,Paved,Wet,None, , ,None, , ,N,N, , , , ,0,0,0,0,0,0,0,0,0,0,0,0,0.000000000000000,0.000000000000000,0,1,0,9000,"Mapped, On Network",-81.559513639200006,28.555945897800001,638303.301052000024356,507895.215872999979183,5/23/2018 1:44:30 PM,8498_8500