FID,OBJECTID_1,Join_Count,TARGET_FID,OBJECTID,HSMV_Repor,Agency_Rep,Reporting_,Form_Type,Crash_Date,Crash_Time,City,County,Crash_Stre,Intersecti,Offset_Dis,Offset_Dir,Crash_Type,Vehicles,Non_Motori,Fatalities,Injuries,Alcohol_Re,Distractio,Drug_Relat,Estimated_,Weather_Co,Light_Cond,Street_Num,Crash_Ty_1,Crash_Ty_2,Crash_Seve,Within_Cit,Manner_of_,First_Harm,First_HE_L,First_HE_R,First_HE_W,Type_of_In,Road_Sys_I,Type_of_Sh,Road_Surf_,Contrib_Ci,Contrib__1,Contrib__2,Contrib__3,Contrib__4,Contrib__5,School_Bus,Work_Zone_,Type_of_Wo,Loc_in_Wor,Workers_in,Law_Enforc,Mopeds,Motorcycle,Passengers,Bicyclists,Pedestrian,Fataliti_1,Injuries_U,Possible_I,Non_Incapa,Incapacita,Fataliti_2,Non_Traffi,Transporte,Transpor_1,Transpor_2,Citations,Property_D,Vehicle_Dm,S4_Mapping,S4_Decimal,S4_Decim_1,S4_Albers_,S4_Albers1,S4_Mappi_1,zone_id_st
2238,2239,1,2238,38916,87735402,2018-00149793,Orlando PD,Short,4/15/2018 0:00:00,03:40 PM,Orlando,Orange,EAST/WEST EXPRESS WAY WEST BOUND,ROSALIND AVENUE OFF RAMP EXIT,400,West,Unknown,3,0,0,0,N,N,N,25000.000000000000000,Rain,Daylight,0,Unknown, ,Property Damage Only,Y,"Sideswipe, Same Direction",Motor Vehicle in Transport,On Roadway,Non-Junction,N,Not at Intersection,Turnpike/Toll,Paved,Wet,None, , ,None, , ,N,N, , , , ,0,0,1,0,0,0,0,0,0,0,0,0,0.000000000000000,0.000000000000000,0,0,0,25000,"Mapped, On Network",-81.367221279700004,28.537289915199999,657121.329065999947488,506210.072664999985136,5/7/2018 10:57:05 AM,8313_6737
2239,2240,1,2239,38918,87735019,2018-00154928,Orlando PD,Short,4/19/2018 0:00:00,08:37 AM,Orlando,Orange,SR 408 WBO,S MILLS AV EXIT RAMP,1000,East,Sideswipe,2,0,0,0,N,N,N,500.000000000000000,Clear,Daylight,0,Same Direction Sideswipe, ,Property Damage Only,Y,"Sideswipe, Same Direction",Motor Vehicle in Transport,On Roadway,Non-Junction,N,Not at Intersection,State,Paved,Dry,None, , ,None, , ,N,N, , , , ,0,0,1,0,0,0,0,0,0,0,0,0,0.000000000000000,0.000000000000000,0,0,0,500,"Mapped, On Network",-81.355897895699997,28.538405695700000,658224.362764999968931,506357.619169000012334,5/14/2018 8:43:57 AM,6185_8318
2240,2241,1,2240,38930,87228120,FHPD18OFF048092,FHP,Short,5/14/2018 0:00:00,06:00 PM,Orlando,Orange,STATE ROAD 528 EXIT RAMP,NARCOOSSEE ROAD,0, ,Rear End,2,0,0,0,N,N,N,700.000000000000000,Cloudy,Daylight,0,Rear End,E,Property Damage Only,N,Front to Rear,Motor Vehicle in Transport,On Roadway,Intersection,N,T-Intersection,County,Paved,Wet,None, , ,None, , ,N,N, , , , ,0,0,0,0,0,0,0,0,0,0,0,0,0.000000000000000,0.000000000000000,0,0,0,700,"Mapped, On Network",-81.269806943600003,28.448324793400001,666852.169307000003755,496539.240022999991197,5/24/2018 6:00:49 PM,8052_8060
2241,2242,1,2241,38936,85599936,FHPD18OFF047975,FHP,Long,5/14/2018 0:00:00,02:17 PM,Orlando Expwy Auth,Orange,STATE ROAD 408,STATE ROAD 417,0, ,Off Road,1,0,0,0,N,N,N,3000.000000000000000,Cloudy,Daylight,0,Off Road,E,Property Damage Only,Y,Other,Concrete Traffic Barrier,Shoulder,Entrance/Exit Ramp,Y,Not at Intersection,State,Paved,Wet,Road Surface Condition, , ,None, , ,N,N, , , , ,0,0,0,0,0,0,0,0,0,0,0,0,0.000000000000000,0.000000000000000,0,1,0,3000,"Mapped, On Network",-81.273629999899995,28.546484539500000,666237.563415999989957,507429.553848000010476,5/23/2018 1:46:46 PM,6879_6918
2242,2243,1,2242,38968,87219312,FHPD18OFF050294,FHP,Long,5/20/2018 0:00:00,07:14 AM,Orlando,Orange,STATE ROAD 417 (GREENWAY EXPY),STATE ROAD 50 (EAST COLONIAL DRIVE),10,North,Rear End,2,0,0,1,N,Y,N,13500.000000000000000,Rain,Daylight,0,Rear End,S,Injury,N,Front to Rear,Motor Vehicle in Transport,On Roadway,Non-Junction,N,Not at Intersection,County,Paved,Wet,None, , ,None, , ,N,N, , , , ,0,0,0,0,0,0,0,1,0,0,0,0,0.000000000000000,0.000000000000000,0,2,0,13500,"Mapped, Not On Network",-81.412760000199995,28.375160024800000,653052.347999999998137,488114.342699999979232,5/29/2018 3:02:11 PM,8107_8280
2243,2244,1,2243,38989,87182703,FHPD18OFF038575,FHP,Long,4/19/2018 0:00:00,12:10 PM,Orlando Expwy Auth,Orange,STATE ROAD 408 (EAST WEST EXPRESSWAY),STATE ROAD 551 (GOLDENROD RD),500,West,Unknown,2,0,0,0,N,N,N,6000.000000000000000,Clear,Daylight,0,Unknown, ,Property Damage Only,Y,"Sideswipe, Same Direction",Motor Vehicle in Transport,On Roadway,Entrance/Exit Ramp,Y,Not at Intersection,State,Paved,Dry,None, , ,None, , ,N,Y,Work on Shoulder or Median,Activity Area,N,N,0,0,2,0,0,0,0,0,0,0,0,0,0.000000000000000,0.000000000000000,0,1,0,6000,"Mapped, On Network",-81.290429810000006,28.539883811900001,664613.386275999946520,506660.522205999994185,5/7/2018 12:40:44 PM,8427_6883
2244,2245,1,2244,39006,87735410,2018-00163441,Orlando PD,Short,4/25/2018 0:00:00,08:24 AM,Orlando,Orange,SR 408 WBO,INTERSTATE 4 EBO EXIT RAMP,200,East,Rear End,2,0,0,0,N,N,N,1000.000000000000000,Clear,Daylight,0,Rear End, ,Property Damage Only,Y,Front to Rear,Motor Vehicle in Transport,On Roadway,Non-Junction,N,Not at Intersection,State,Paved,Dry,None, , ,None, , ,N,N, , , , ,0,0,0,0,0,0,0,0,0,0,0,0,0.000000000000000,0.000000000000000,0,0,0,1000,"Mapped, On Network",-81.374327176300000,28.537158199699999,656427.772434000042267,506180.651782999979332,5/6/2018 9:42:59 PM,6737_6230
2245,2246,1,2245,39007,87734932,2018-00159973,Orlando PD,Long,4/23/2018 0:00:00,01:56 AM,Orlando,Orange,SR 408 EBO,S CONWAY RD,2500,West,Unknown,2,0,0,0,N,N,N,3000.000000000000000,Clear,Dark - Lighted,0,Unknown, ,Property Damage Only,Y,Front to Rear,Motor Vehicle in Transport,On Roadway,Non-Junction,N,Not at Intersection,State,Paved,Dry,None, , ,None, , ,N,N, , , , ,0,0,1,0,0,0,0,0,0,0,0,0,0.000000000000000,0.000000000000000,0,0,0,3000,"Mapped, On Network",-81.339159295100004,28.538283979100001,659859.101788999978453,506379.267065000021830,5/6/2018 10:08:30 PM,6227_8355
2246,2247,1,2246,39009,87173922,FHPD18OFF048203,FHP,Short,5/15/2018 0:00:00,07:24 AM,Orlando,Orange,SB SR-417,BOGGY CREEK RD,5280,South,Rear End,2,0,0,0,N,N,N,4500.000000000000000,Rain,Daylight,0,Rear End,S,Property Damage Only,Y,Front to Rear,Motor Vehicle in Transport,On Roadway,Non-Junction,N,Not at Intersection,State,Paved,Wet,None, , ,None, , ,N,N, , , , ,0,0,0,0,0,0,0,0,0,0,0,0,0.000000000000000,0.000000000000000,0,1,0,4500,"Mapped, On Network",-81.297350000500003,28.371969843999999,664346.345887999981642,488002.249728000024334,5/23/2018 2:55:40 PM,6486_8601
2247,2248,1,2247,39029,87181509,FHPD18OFF051483,FHP,Short,5/23/2018 0:00:00,12:07 PM,Orlando Expwy Auth,Orange,SR-429-TOLL N,24MM,0, ,Sideswipe,2,0,0,0,N,N,N,3500.000000000000000,Clear,Daylight,0,Same Direction Sideswipe,S,Property Damage Only,Y,"Sideswipe, Same Direction",Motor Vehicle in Transport,On Roadway,Non-Junction,N,Not at Intersection,State,Paved,Dry,None, , ,None, , ,N,N, , , , ,0,0,0,0,0,0,0,0,0,0,0,0,0.000000000000000,0.000000000000000,0,1,0,3500,"Mapped, On Network",-81.556993449199993,28.571232265700001,638515.724870000034571,509597.393080000008922,5/30/2018 2:05:28 PM,8429_8423
2248,2249,1,2248,39030,87182721,FHPD18OFF046854,FHP,Long,5/11/2018 0:00:00,05:50 PM,Orlando Expwy Auth,Orange,STATE ROAD 417 (GREENEWAY EXPRESSWAY),STATE ROAD 50 (COLONIAL DRIVE),25,North,Rear End,2,0,0,0,N,N,N,50.000000000000000,Clear,Daylight,0,Rear End,S,Property Damage Only,Y,Front to Rear,Motor Vehicle in Transport,On Roadway,Non-Junction,N,Not at Intersection,State,Paved,Dry,None, , ,None, , ,N,N, , , , ,0,0,1,0,0,0,0,0,0,0,0,0,0.000000000000000,0.000000000000000,0,0,0,50,"Mapped, On Network",-81.265975806599997,28.568538197199999,666930.597422000020742,509894.685210999974515,5/25/2018 6:20:07 PM,8451_2531
2249,2250,1,2249,39058,87734125,2018-00198071,Orlando PD,Long,5/19/2018 0:00:00,01:25 PM,Orlando,Orange,S.R.417 (SOUTHBOUND),EXIT 17B (BOGGY CREEK RD),100, ,Unknown,3,0,0,1,N,N,N,5100.000000000000000,Rain,Daylight,0,Unknown,S,Injury,Y,Front to Rear,Motor Vehicle in Transport,On Roadway,Non-Junction,N,Not at Intersection,State,Paved,Wet,None, , ,None, , ,N,N, , , , ,0,0,4,0,0,0,0,0,1,0,0,0,0.000000000000000,0.000000000000000,0,2,0,5100,"Mapped, On Network",-81.303205412599993,28.370721919400001,663776.749742000014521,487851.153876999975182,5/28/2018 10:52:48 PM,11015_8482
2250,2251,1,2250,39070,87181507,FHPD18OFF050999,FHP,Short,5/22/2018 0:00:00,07:23 AM,Orlando Expwy Auth,Orange,SR-429-TOLL S,24MM,0, ,Rear End,2,0,0,0,N,N,N,6000.000000000000000,Clear,Daylight,0,Rear End,S,Property Damage Only,Y,Front to Rear,Motor Vehicle in Transport,On Roadway,Non-Junction,N,Not at Intersection,State,Paved,Dry,None, , ,None, , ,N,N, , , , ,0,0,0,0,0,0,0,0,0,0,0,0,0.000000000000000,0.000000000000000,0,1,0,6000,"Mapped, On Network",-81.557329173900001,28.579487706799998,638464.792202000040561,510513.376420999993570,6/7/2018 11:57:11 AM,5993_8395
2251,2252,1,2251,39074,87181492,FHPD18OFF042953,FHP,Long,5/1/2018 0:00:00,02:49 PM,Orlando Expwy Auth,Orange,SR-408 TOLL,4MM,0, ,Off Road,1,0,0,1,N,N,N,4000.000000000000000,Clear,Daylight,0,Off Road, ,Injury,Y,Other,Guardrail Face,Off Roadway,Non-Junction,N,Not at Intersection,State,Paved,Dry,None, , ,None, , ,N,N, , , , ,0,0,0,0,0,0,0,1,0,0,0,0,0.000000000000000,0.000000000000000,0,0,0,4000,"Mapped, On Network",-81.475792100199996,28.548215363899999,646494.809210999985225,507201.440800999989733,5/14/2018 9:08:22 PM,8144_8146
2252,2253,1,2252,39094,87226331,FHPD18OFF046997,FHP,Long,5/12/2018 0:00:00,02:07 AM,Unincorporated,Orange,STATE ROAD 528,MILE MARKER 31,0, ,Unknown,2,0,0,0,N,N,N,600.000000000000000,Clear,Dark - Lighted,0,Unknown, ,Property Damage Only,N,Angle,Motor Vehicle in Transport,On Roadway,Non-Junction,N,Not at Intersection,State,Paved,Dry,None, , ,None, , ,N,N, , , , ,0,0,0,0,0,0,0,0,0,0,0,0,0.000000000000000,0.000000000000000,0,0,0,600,"Mapped, On Network",-80.976481158200002,28.452518046600002,695505.281025000032969,497673.636423000018112,5/24/2018 11:42:31 AM,8083_6824
2253,2254,1,2253,39096,87220228,FHPD18OFF049918,FHP,Short,5/19/2018 0:00:00,04:45 AM,Orlando,Orange,SR 417 SB,SR 408 EB ENTRANCE RAMP,0, ,Off Road,1,0,0,0,N,N,N,10000.000000000000000,Clear,Dark - Lighted,0,Off Road,S,Property Damage Only,N,Other,Concrete Traffic Barrier,On Roadway,Entrance/Exit Ramp,Y,Not at Intersection,State,Paved,Dry,None, , ,None, , ,N,N, , , , ,0,0,0,0,0,0,0,0,0,0,0,0,0.000000000000000,0.000000000000000,0,0,0,10000,"Mapped, On Network",-81.264301475500005,28.553387094100000,667131.365674000000581,508216.108636000019033,5/24/2018 10:01:23 PM,8570_6966
2254,2255,1,2254,39122,87108726,FHPK18OFF036415,FHP,Long,5/18/2018 0:00:00,09:47 AM,Winter Garden,Orange,STATE ROAD 429,STATE ROAD 50,500,North,Sideswipe,2,0,0,0,N,N,N,500.000000000000000,Cloudy,Daylight,0,Opposing Sideswipe, ,Property Damage Only,N,Other,Cargo/Equipment Loss or Shift,On Roadway,Non-Junction,N,Not at Intersection,Turnpike/Toll,Unpaved,Dry,None, , ,None, , ,N,N, , , , ,0,0,0,0,0,0,0,0,0,0,0,0,0.000000000000000,0.000000000000000,0,0,0,500,"Mapped, On Network",-81.558764801699994,28.562791606800001,638361.362698000040837,508656.769205000018701,5/24/2018 9:15:47 PM,8500_8421
2255,2256,1,2255,39184,85564153,FHPD18OFF041510,FHP,Long,4/27/2018 0:00:00,01:50 PM,Orlando,Orange,SR-417,CURRY FORD RD,0, ,Unknown,3,0,0,0,N,N,N,3500.000000000000000,Clear,Daylight,0,Unknown,N,Property Damage Only,N,Other,"Struck by Falling, Shifting Cargo",On Roadway,Non-Junction,N,Not at Intersection,State,Paved,Dry,None, , ,None, , ,N,N, , , , ,0,0,4,0,0,0,0,0,0,0,0,0,0.000000000000000,0.000000000000000,0,1,0,3500,"Mapped, On Network",-81.247694502000002,28.509889597499999,668860.518320000031963,503422.741271000006236,5/12/2018 11:30:57 AM,8557_8553
2256,2257,1,2256,39188,87733579,2018-00196161,Orlando PD,Short,5/18/2018 0:00:00,07:42 AM,Orlando,Orange,BEELINE WBO (SR 528),S GOLDENROD EXIT RAMP,0, ,Rear End,2,0,0,0,N,N,N,5000.000000000000000,Cloudy,Daylight,0,Rear End,W,Property Damage Only,Y,Front to Rear,Motor Vehicle in Transport,On Roadway,Non-Junction,N,Not at Intersection,State,Unpaved,Wet,Road Surface Condition, , ,Weather Conditions, , ,N,N, , , , ,0,0,0,0,0,0,0,0,0,0,0,0,0.000000000000000,0.000000000000000,0,0,0,5000,"Mapped, On Network",-81.281222067900003,28.448727214100000,665735.638008999987505,496559.269908000016585,5/28/2018 10:54:38 PM,8172_8180
2257,2258,1,2257,39203,87205835,FHPD18OFF043122,FHP,Long,5/1/2018 0:00:00,09:40 PM,Orlando,Orange,STATE ROAD 408,MM6,0, ,Unknown,2,0,0,0,N,Y,N,9000.000000000000000,Clear,Dark - Lighted,0,Unknown,W,Property Damage Only,N,"Sideswipe, Same Direction",Motor Vehicle in Transport,On Roadway,Non-Junction,N,Not at Intersection,State,Paved,Dry,None, , ,None, , ,N,N, , , , ,0,0,0,0,0,0,0,0,0,0,0,0,0.000000000000000,0.000000000000000,0,1,0,9000,"Mapped, On Network",-81.443037984300005,28.548405365400001,649692.432309000054374,507288.434367000008933,5/14/2018 9:22:36 PM,6489_6994
2258,2259,1,2258,39210,87182720,FHPD18OFF046816,FHP,Long,5/11/2018 0:00:00,05:00 PM,Orlando Expwy Auth,Orange,STATE ROAD 417 (GREENEWAY EXPRESSWAY),STATE ROAD 536 (EPCOT CTR DR),5280,East,Rear End,2,0,0,0,N,N,N,21000.000000000000000,Clear,Daylight,0,Rear End,N,Property Damage Only,Y,Front to Rear,Motor Vehicle in Transport,On Roadway,Non-Junction,N,Not at Intersection,State,Paved,Dry,None, , ,None, , ,N,N, , , , ,0,0,0,0,0,0,0,0,0,0,0,0,0.000000000000000,0.000000000000000,0,0,0,21000,"Mapped, On Network",-81.476185437100000,28.356232352199999,646892.738816999946721,485884.176812999998219,5/25/2018 6:13:29 PM,8581_7010
2259,2260,1,2259,39233,87202371,FHPD18OFF041312,FHP,Long,4/26/2018 0:00:00,10:04 PM,Ocoee,Orange,STATE ROAD 429 / SB,MM25,5280,North,Head On,2,0,0,2,N,N,N,17500.000000000000000,Clear,Dark - Lighted,0,Head On,NS,Injury,N,Front to Front,Motor Vehicle in Transport,On Roadway,Non-Junction,N,Not at Intersection,State,Unpaved,Dry,None, , ,None, , ,N,N, , , , ,0,0,1,0,0,0,0,0,0,2,0,0,2.000000000000000,0.000000000000000,0,2,0,17500,"Mapped, On Network",-81.557024138399996,28.593672416299999,638463.361352000036277,512088.946334999985993,5/14/2018 1:13:58 PM,6089_6220
2260,2261,1,2260,39247,87181508,FHPD18OFF051355,FHP,Long,5/23/2018 0:00:00,07:08 AM,Orlando Expwy Auth,Orange,SR408,20MM,0, ,Rear End,2,0,0,0,N,N,N,8000.000000000000000,Clear,Daylight,0,Rear End,W,Property Damage Only,Y,Front to Rear,Motor Vehicle in Transport,On Roadway,Non-Junction,N,Not at Intersection,State,Paved,Dry,None, , ,None, , ,N,Y,Work on Shoulder or Median,Advance Warning Area,Y,N,0,0,1,0,0,0,0,0,0,0,0,0,0.000000000000000,0.000000000000000,0,1,0,8000,"Mapped, On Network",-81.220026665899994,28.547702482900000,671468.149833000032231,507681.646978000004310,5/30/2018 2:00:00 PM,6946_8057
2261,2262,1,2261,39248,87181510,FHPD18OFF051760,FHP,Short,5/24/2018 0:00:00,08:14 AM,Orlando Expwy Auth,Orange,SR408,20MM,0, ,Rear End,4,0,0,0,N,N,N,6000.000000000000000,Clear,Daylight,0,Rear End,W,Property Damage Only,Y,Front to Rear,Motor Vehicle in Transport,On Roadway,Non-Junction,N,Not at Intersection,State,Paved,Dry,None, , ,None, , ,N,Y,Work on Shoulder or Median,Advance Warning Area,Y,N,0,0,0,0,0,0,0,0,0,0,0,0,0.000000000000000,0.000000000000000,0,1,0,6000,"Mapped, On Network",-81.218864887199999,28.547843168000000,671581.227523999987170,507699.825009999971371,5/30/2018 2:00:37 PM,6946_8057
2262,2263,1,2262,39262,87182712,FHPD18OFF040198,FHP,Long,4/23/2018 0:00:00,07:15 PM,Orlando Expwy Auth,Orange,STATE ROAD 408 (EAST WEST EXPWY),CR 526 (OLD WINTER GARDEN RD),500,East,Sideswipe,2,0,0,0,N,N,N,6000.000000000000000,Rain,Dark - Lighted,0,Same Direction Sideswipe, ,Property Damage Only,Y,"Sideswipe, Same Direction",Motor Vehicle in Transport,On Roadway,Non-Junction,N,Not at Intersection,State,Paved,Wet,None, , ,Weather Conditions, , ,N,N, , , , ,0,0,0,0,0,0,0,0,0,0,0,0,0.000000000000000,0.000000000000000,0,1,0,6000,"Mapped, On Network",-81.420701915199999,28.545971989900000,651878.929267999948934,507063.677566999976989,5/7/2018 3:37:53 PM,6440_8239
2263,2264,1,2263,39290,87181490,FHPD18OFF041650,FHP,Short,4/27/2018 0:00:00,06:35 PM,Orlando Expwy Auth,Orange,SR-408 TOLL,16MM,0, ,Sideswipe,2,0,0,0,N,N,N,4000.000000000000000,Clear,Daylight,0,Same Direction Sideswipe, ,Property Damage Only,Y,"Sideswipe, Same Direction",Motor Vehicle in Transport,On Roadway,Non-Junction,N,Not at Intersection,State,Paved,Dry,None, , ,None, , ,N,N, , , , ,0,0,1,0,0,0,0,0,0,0,0,0,0.000000000000000,0.000000000000000,0,0,0,4000,"Mapped, On Network",-81.282755092200006,28.541815738099999,665358.041617000009865,506891.513890000001993,5/10/2018 11:34:11 PM,8408_8412
2264,2265,1,2264,39291,87181488,FHPD18OFF041205,FHP,Long,4/26/2018 0:00:00,04:40 PM,Orlando Expwy Auth,Orange,SR-408 TOLL,8MM,0, ,Rear End,3,0,0,1,N,N,N,8000.000000000000000,Clear,Daylight,0,Rear End, ,Injury,Y,Front to Rear,Motor Vehicle in Transport,On Roadway,Non-Junction,N,Not at Intersection,State,Paved,Dry,None, , ,None, , ,N,N, , , , ,0,0,0,0,0,0,0,0,1,0,0,0,1.000000000000000,0.000000000000000,0,2,0,8000,"Mapped, On Network",-81.411205165799998,28.540496877199999,652818.953388000023551,506475.201875999977347,5/10/2018 11:35:23 PM,8219_8213
2265,2266,1,2265,39292,87181493,FHPD18OFF043037,FHP,Long,5/1/2018 0:00:00,05:52 PM,Orlando Expwy Auth,Orange,SR-528 TOLL,14MM,0, ,Rear End,2,0,0,0,N,N,N,6000.000000000000000,Clear,Daylight,0,Rear End, ,Property Damage Only,Y,Front to Rear,Motor Vehicle in Transport,On Roadway,Non-Junction,N,Not at Intersection,State,Paved,Dry,None, , ,None, , ,N,N, , , , ,0,0,0,0,0,0,0,0,0,0,0,0,0.000000000000000,0.000000000000000,0,1,0,6000,"Mapped, On Network",-81.256066300499995,28.448900688100000,668193.551238000043668,496632.990549999987707,5/14/2018 9:08:10 PM,8060_6666
2266,2267,1,2266,39296,87216888,FHPD18OFF041296,FHP,Long,4/26/2018 0:00:00,09:00 PM,Orlando,Orange,SR-408 TOLL,KIRKMAN,5280,East,Unknown,3,0,0,1,N,N,N,12000.000000000000000,Clear,Dark - Not Lighted,0,Unknown,W,Injury,N,Front to Rear,Motor Vehicle in Transport,On Roadway,Non-Junction,N,Not at Intersection,State,Unpaved,Dry,None, , ,None, , ,N,Y,Lane Closure,Advance Warning Area,Y,Y,0,0,1,0,0,0,0,1,0,0,0,0,0.000000000000000,0.000000000000000,0,2,0,12000,"Mapped, On Network",-81.440567271999996,28.548438956199998,649933.590225999942049,507297.169239000009838,5/12/2018 11:24:22 AM,6489_6994
2267,2268,1,2267,39313,87182713,FHPD18OFF041934,FHP,Short,4/28/2018 0:00:00,04:30 PM,Orlando Expwy Auth,Orange,STATE ROAD 417 (GREENEWAY EXPRESSWAY),STATE ROAD 15 (NARCOOSEE ROAD),750,East,Rear End,2,0,0,0,N,N,N,2000.000000000000000,Clear,Daylight,0,Rear End, ,Property Damage Only,Y,Front to Rear,Motor Vehicle in Transport,On Roadway,Entrance/Exit Ramp,Y,Not at Intersection,State,Paved,Dry,None, , ,None, , ,N,N, , , , ,0,0,1,0,0,0,0,0,0,0,0,0,0.000000000000000,0.000000000000000,0,1,0,2000,"Mapped, On Network",-81.242428018799998,28.401502675700002,669644.043811999959871,491400.180516000022180,5/10/2018 11:33:34 PM,8512_8598
2268,2269,1,2268,39318,87195213,FHPD18OFF041480,FHP,Long,4/27/2018 0:00:00,01:01 PM,Unincorporated,Orange,STATE ROAD 429 NORTHBOUND,MILE MARKER 24.9,0, ,Other,1,0,0,1,N,N,N,25000.000000000000000,Cloudy,Daylight,0,Single Vehicle,N,Injury,N,Other,Other Non-Collision,On Roadway,Non-Junction,N,Not at Intersection,State,Paved,Dry,None, , ,None, , ,N,N, , , , ,0,0,0,0,0,0,1,0,0,1,0,0,1.000000000000000,0.000000000000000,0,0,0,25000,"Mapped, On Network",-81.557167383800007,28.583133129400000,638472.565482000005431,510918.454058000002988,5/14/2018 2:09:15 PM,6089_6220
2269,2270,1,2269,39372,87182724,FHPD18OFF048480,FHP,Long,5/15/2018 0:00:00,06:01 PM,Orlando Expwy Auth,Orange,STATE ROAD 417 (GREENEWAY EXPWY),STATE ROAD 423 (JOHN YOUNG PARKWAY),5280,South,Sideswipe,2,0,0,0,N,N,N,550.000000000000000,Cloudy,Daylight,0,Same Direction Sideswipe,N,Property Damage Only,Y,"Sideswipe, Same Direction",Motor Vehicle in Transport,On Roadway,Non-Junction,N,Not at Intersection,State,Paved,Wet,None, , ,Weather Conditions, , ,N,N, , , , ,0,0,2,0,0,0,0,0,0,0,0,0,0.000000000000000,0.000000000000000,0,0,0,550,"Mapped, On Network",-81.457939159600002,28.355639905899999,648678.789395999978296,485855.059227999998257,5/30/2018 2:12:05 PM,7010_6916
2270,2271,1,2270,39373,87182728,FHPD18OFF050091,FHP,Long,5/19/2018 0:00:00,03:50 PM,Orlando Expwy Auth,Orange,STATE ROAD 408 (EAST WEST EXPRESSWAY),GOOD HOMES ROAD,300,West,Off Road,1,0,0,1,N,N,N,10000.000000000000000,Rain,Daylight,0,Off Road,W,Injury,Y,Other,Guardrail Face,Shoulder,Non-Junction,N,Not at Intersection,State,Paved,Wet,None, , ,Weather Conditions, , ,N,N, , , , ,0,0,0,0,0,0,0,0,1,0,0,0,1.000000000000000,0.000000000000000,0,2,0,10000,"Mapped, On Network",-81.505609135900002,28.546094959800001,643588.268399999942631,506906.756116000004113,5/29/2018 6:10:08 PM,8156_8150
2271,2272,1,2271,39375,85599935,FHPD18OFF046310,FHP,Long,5/10/2018 0:00:00,01:09 PM,Orlando Expwy Auth,Orange,STATE ROAD 408,MILE MARKER 5,0, ,Rear End,2,0,0,0,N,N,N,2000.000000000000000,Clear,Daylight,0,Rear End,W,Property Damage Only,Y,Front to Rear,Motor Vehicle in Transport,On Roadway,Non-Junction,N,Not at Intersection,State,Paved,Dry,None, , ,None, , ,N,N, , , , ,0,0,1,0,0,0,0,0,0,0,0,0,0.000000000000000,0.000000000000000,0,1,0,2000,"Mapped, On Network",-81.483081888100003,28.549173639599999,645780.871375999995507,507293.290085999993607,5/24/2018 2:01:25 PM,8148_6298
2272,2273,1,2272,39398,87941544,2018-00409545,Orlando PD,Short,10/23/2018 0:00:00,07:56 AM,Orlando,Orange,SR 408 EBO,S TAMPA AV EXIT RAMP,500,West,Rear End,2,0,0,0,N,N,N,300.000000000000000,Clear,Daylight,0,Rear End,E,Property Damage Only,Y,Front to Rear,Motor Vehicle in Transport,On Roadway,Non-Junction,N,Not at Intersection,State,Paved,Dry,None, , ,None, , ,N,N, , , , ,0,0,1,0,0,0,0,0,0,0,0,0,0.000000000000000,0.000000000000000,0,0,0,300,"Mapped, On Network",-81.408851283800004,28.538717581800000,653052.948977999971248,506282.472421000013128,4/15/2019 2:09:32 PM,8213_8169
2273,2274,1,2273,39420,87946538,2018-00448868,Orlando PD,Long,11/21/2018 0:00:00,01:30 PM,Orlando,Orange,SR 417,LANDSTAR BLVD,1000,West,Rear End,2,0,0,3,N,Y,N,2500.000000000000000,Clear,Daylight,0,Rear End,N,Injury,N,Front to Rear,Motor Vehicle in Transport,On Roadway,Non-Junction,N,Not at Intersection,State,Paved,Dry,None, , ,None, , ,N,N, , , , ,0,0,3,0,0,0,0,3,0,0,0,0,0.000000000000000,0.000000000000000,0,6,0,2500,"Mapped, On Network",-81.374683515699999,28.368145840000000,656792.550771999987774,487414.257739999971818,7/26/2019 12:59:38 PM,9178_7997
2274,2275,1,2274,39538,87255320,FHPD18OFF076168,FHP,Long,7/30/2018 0:00:00,04:05 AM,Orlando,Orange,STATE ROAD 417,EXIT 10,0,North,Rear End,2,0,0,1,N,N,N,7000.000000000000000,Clear,Dark - Lighted,0,Rear End,S,Injury,N,Front to Rear,Motor Vehicle in Transport,On Roadway,Non-Junction,Y,Not at Intersection,State,Paved,Dry,None, , ,None, , ,N,N, , , , ,0,0,0,0,0,0,0,0,1,0,0,0,1.000000000000000,0.000000000000000,0,1,0,7000,"Mapped, Not On Network",-81.415549999999996,28.375380048899999,652778.992056000046432,488133.050249999971129,11/11/2019 12:10:57 AM,8107_8280
2275,2276,1,2275,39539,87260485,FHPD18OFF083122,FHP,Long,8/17/2018 0:00:00,05:01 PM,Orlando Expwy Auth,Orange,STATE RD 417,STTE RD 423,5280,North,Unknown,2,0,0,0,N,N,N,4000.000000000000000,Clear,Daylight,0,Unknown,N,Property Damage Only,N,Front to Rear,Motor Vehicle in Transport,On Roadway,Non-Junction,N,Not at Intersection,State,Paved,Dry,None, , ,None, , ,N,N, , , , ,0,0,0,0,0,0,0,0,0,0,0,0,0.000000000000000,0.000000000000000,0,0,0,4000,"Mapped, Not On Network",-81.399889999999999,28.370710048799999,654321.368327999953181,487646.728668000025209,11/11/2019 12:11:42 AM,8017_6167