FID,OBJECTID_1,Join_Count,TARGET_FID,OBJECTID,HSMV_Repor,Agency_Rep,Reporting_,Form_Type,Crash_Date,Crash_Time,City,County,Crash_Stre,Intersecti,Offset_Dis,Offset_Dir,Crash_Type,Vehicles,Non_Motori,Fatalities,Injuries,Alcohol_Re,Distractio,Drug_Relat,Estimated_,Weather_Co,Light_Cond,Street_Num,Crash_Ty_1,Crash_Ty_2,Crash_Seve,Within_Cit,Manner_of_,First_Harm,First_HE_L,First_HE_R,First_HE_W,Type_of_In,Road_Sys_I,Type_of_Sh,Road_Surf_,Contrib_Ci,Contrib__1,Contrib__2,Contrib__3,Contrib__4,Contrib__5,School_Bus,Work_Zone_,Type_of_Wo,Loc_in_Wor,Workers_in,Law_Enforc,Mopeds,Motorcycle,Passengers,Bicyclists,Pedestrian,Fataliti_1,Injuries_U,Possible_I,Non_Incapa,Incapacita,Fataliti_2,Non_Traffi,Transporte,Transpor_1,Transpor_2,Citations,Property_D,Vehicle_Dm,S4_Mapping,S4_Decimal,S4_Decim_1,S4_Albers_,S4_Albers1,S4_Mappi_1,zone_id_st
2276,2277,1,2276,39553,87994366,FHPD18OFF097365,FHP,Long,9/25/2018 0:00:00,07:30 AM,Unincorporated,Orange,STATE ROAD 417 (CENTRAL FLORIDA GREENEWAY),COUNTY ROAD 423 (JOHN YOUNG PARKWAY),200,East,Rear End,2,0,0,2,N,N,N,1500.000000000000000,Clear,Daylight,0,Rear End,W,Injury,N,Front to Rear,Motor Vehicle in Transport,On Roadway,Non-Junction,N,Not at Intersection,State,Paved,Dry,None, , ,None, , ,N,N, , , , ,0,0,1,0,0,0,0,2,0,0,0,0,0.000000000000000,0.000000000000000,0,1,0,1500,"Mapped, Not On Network",-81.430650000100002,28.368900024700000,651317.304200000013225,487382.693199999979697,11/10/2019 11:18:03 PM,8292_6975
2277,2278,1,2277,39571,87219649,FHPD18OFF072700,FHP,Short,7/21/2018 0:00:00,12:30 AM,Orlando,Orange,STATE ROAD 417 SB MM 17,BOGGY CREEK ROAD,0,East,Rear End,2,0,0,0,N,N,N,700.000000000000000,Clear,Dark - Lighted,0,Rear End,S,Property Damage Only,N,Front to Rear,Motor Vehicle in Transport,On Roadway,Non-Junction,N,Not at Intersection,State,Unpaved,Dry,None, , ,None, , ,N,N, , , , ,0,0,0,0,0,0,0,0,0,0,0,0,0.000000000000000,0.000000000000000,0,1,0,700,"Mapped, Not On Network",-81.302340000000001,28.370540048799999,663861.825116000021808,487832.812211000011303,11/11/2019 12:44:23 AM,8480_11010
2278,2279,1,2278,39619,87737663,2018-00228622,Orlando PD,Short,6/11/2018 0:00:00,09:01 AM,Orlando,Orange,SR 408 (EAST/WEST EXPRESSWAY),SR 400,500,East,Rear End,2,0,0,0,N,N,N,600.000000000000000,Clear,Daylight,0,Rear End,W,Property Damage Only,Y,Front to Rear,Motor Vehicle in Transport,On Roadway,Entrance/Exit Ramp,N,Not at Intersection,Interstate,Paved,Dry,None, , ,None, , ,N,N, , , , ,0,0,0,0,0,0,0,0,0,0,0,0,0.000000000000000,0.000000000000000,0,0,0,600,"Mapped, Not On Network",-81.391829999899997,28.535110024900000,654723.482599999988452,505916.965599999995902,6/15/2018 5:37:54 PM,8267_6679
2279,2280,1,2279,36,88045892,FHPK19OFF064120,FHP,Short,11/7/2019 0:00:00,08:42 AM,Unincorporated,Orange,STATE ROAD 429 (WESTERN BELTWAY) NORTHBOUND,STATE ROAD 91 (FLORIDAS TURNPIKE) 21,5280,South,Rear End,2,0,0,0,N,N,N,13000.000000000000000,Clear,Daylight,0,Rear End,N,Property Damage Only,N,Angle,Motor Vehicle in Transport,On Roadway,Non-Junction,N,Not at Intersection,Turnpike/Toll,Paved,Dry,None, , ,None, , ,N,N, , , , ,0,0,2,0,0,0,0,0,0,0,0,0,0.000000000000000,0.000000000000000,0,1,0,13000,"Mapped, On Network",-81.558624341200002,28.532566706800001,638441.525942999986000,505301.048249999992549,11/13/2019 4:22:21 PM,6231_8470
2280,2281,1,2280,105,88083212,FHPD19OFF008276,FHP,Long,1/27/2019 0:00:00,10:32 AM,Orlando Expwy Auth,Orange,SR417 EXIT RAMP,33MM,0, ,Off Road,1,0,0,1,N,N,N,5100.000000000000000,Rain,Daylight,0,Off Road,S,Injury,N,Other,Concrete Traffic Barrier,Off Roadway,Non-Junction,N,Not at Intersection,Turnpike/Toll,Paved,Wet,None, , ,None, , ,N,N, , , , ,0,0,0,0,0,0,0,0,1,0,0,0,1.000000000000000,0.000000000000000,0,1,100,5000,"Mapped, On Network",-81.266763756900005,28.555347514000001,666886.146692999987863,508428.439483999973163,1/30/2019 12:57:17 PM,8453_8568
2281,2282,1,2281,125,88006215,FHPD19OFF001522,FHP,Long,1/5/2019 0:00:00,02:33 PM,Orlando Expwy Auth,Orange,STATE RD 408,PAUL ST,200,East,Other,1,0,0,0,N,N,N,6250.000000000000000,Clear,Daylight,0,Single Vehicle,E,Property Damage Only,N,Other,Other Non-Collision,On Roadway,Non-Junction,N,Not at Intersection,Turnpike/Toll,Paved,Dry,None, , ,None, , ,N,N, , , , ,0,0,0,0,0,0,0,0,0,0,0,0,0.000000000000000,0.000000000000000,0,0,1250,5000,"Mapped, On Network",-81.463891659100000,28.549916812399999,647652.865846000029705,507414.200544000021182,5/28/2019 4:01:01 PM,6068_8208
2282,2283,1,2282,154,87946545,2019-00014105,Orlando PD,Long,1/11/2019 0:00:00,09:30 AM,Orlando,Orange,CENTRAL FL GRNWY NBO SR 417,NARCOOSSEE RD SR 15,2000,South,Off Road,1,0,0,0,N,N,N,7000.000000000000000,Clear,Daylight,0,Off Road,N,Property Damage Only,Y,Other,Traffic Sign Support,Off Roadway,Non-Junction,N,Not at Intersection,State,Paved,Dry,None, , ,None, , ,N,N, , , , ,0,0,0,0,0,0,0,0,0,0,0,0,0.000000000000000,0.000000000000000,0,0,3000,4000,"Mapped, On Network",-81.251925117300004,28.394495150200001,668732.883266999968328,490601.410160999977961,4/24/2019 12:59:46 PM,5900_8512
2283,2284,1,2283,160,88077629,FHPD19OFF004797,FHP,Short,1/15/2019 0:00:00,06:25 PM,Orlando Expwy Auth,Orange,STATE RD 408,STATE RD 434 ALAFAYA TRL,0,West,Rear End,2,0,0,0,N,N,N,3000.000000000000000,Clear,Dusk,0,Rear End,E,Property Damage Only,N,Front to Rear,Motor Vehicle in Transport,On Roadway,Non-Junction,N,Not at Intersection,Turnpike/Toll,Paved,Dry,None, , ,None, , ,N,Y,Work on Shoulder or Median,Activity Area,N,N,0,0,0,0,0,0,0,0,0,0,0,0,0.000000000000000,0.000000000000000,0,1,0,3000,"Mapped, On Network",-81.207955156699995,28.549007194400001,672643.467601999989711,507853.137881000002380,7/23/2019 4:50:50 PM,8041_6970
2284,2285,1,2284,161,88077628,FHPD19OFF004768,FHP,Long,1/15/2019 0:00:00,05:07 PM,Orlando Expwy Auth,Orange,STATE RD 408,STATE RD 434 ALAFAYA TRL,0,West,Rear End,3,0,0,0,N,N,N,8000.000000000000000,Clear,Daylight,0,Rear End,E,Property Damage Only,N,Front to Rear,Motor Vehicle in Transport,On Roadway,Non-Junction,N,Not at Intersection,Turnpike/Toll,Paved,Dry,None, , ,None, , ,N,Y,Work on Shoulder or Median,Activity Area,N,N,0,0,0,0,0,0,0,0,0,0,0,0,0.000000000000000,0.000000000000000,0,1,0,8000,"Mapped, On Network",-81.203940215700001,28.549840495200002,673033.361699000000954,507954.540226000011899,7/23/2019 4:52:07 PM,8041_6970
2285,2286,1,2285,287,88909133,2019-00021908,Orlando PD,Long,1/16/2019 0:00:00,07:15 PM,Orlando,Orange,SR 408 EBO,S CRYSTAL LAKE DR ENTRANCE RAMP,50,West,Pedestrian,1,1,1,0,Y,N,N,1000.000000000000000,Clear,Dark - Lighted,0,Pedestrian,E,Fatality,Y,Other,Pedestrian,On Roadway,Non-Junction,N,Not at Intersection,State,Paved,Dry,None, , ,None, , ,N,N, , , , ,0,0,2,0,1,0,0,0,0,0,1,0,1.000000000000000,0.000000000000000,0,0,0,1000,"Mapped, On Network",-81.340577625700007,28.538228499599999,659720.741223999997601,506370.119132000021636,1/22/2019 1:35:33 PM,6252_6227
2286,2287,1,2286,417,88005704,FHPD19OFF005225,FHP,Short,1/17/2019 0:00:00,07:54 AM,Orlando Expwy Auth,Orange,EB SR-408,HIAWASSEE ROAD,0,East,Rear End,2,0,0,0,N,N,N,1500.000000000000000,Cloudy,Daylight,0,Rear End,E,Property Damage Only,Y,Front to Rear,Motor Vehicle in Transport,On Roadway,Non-Junction,N,Not at Intersection,Turnpike/Toll,Paved,Dry,None, , ,None, , ,N,N, , , , ,0,0,0,0,0,0,0,0,0,0,0,0,0.000000000000000,0.000000000000000,0,2,0,1500,"Mapped, On Network",-81.472278677500000,28.548470427100000,646837.274537999997847,507236.789000999997370,5/30/2019 2:37:57 PM,8144_8146
2287,2288,1,2287,419,88006222,FHPD19OFF004406,FHP,Long,1/14/2019 0:00:00,03:30 PM,Orlando Expwy Auth,Orange,STATE RD 528,SUNBRIDGE PKWY,5280,East,Other,2,0,0,0,N,N,N,10000.000000000000000,Clear,Daylight,0,Other,E,Property Damage Only,N,Other,Other Non-Collision,On Roadway,Non-Junction,N,Not at Intersection,State,Paved,Dry,None, , ,None, , ,N,N, , , , ,0,0,0,0,0,0,0,0,0,0,0,0,0.000000000000000,0.000000000000000,0,0,3000,7000,"Mapped, Not On Network",-81.159509999999997,28.451490049099998,677622.751657000044361,497134.171647000010125,6/3/2019 12:57:55 PM,8095_8101
2288,2289,1,2288,436,87252446,FHPD19OFF001440,FHP,Short,1/5/2019 0:00:00,10:10 AM,Orlando Expwy Auth,Orange,STATE ROAD 417 (CTRL FLA GREENEWAY),NARCOOSEE ROAD,1000,South,Sideswipe,2,0,0,0,N,Y,N,750.000000000000000,Cloudy,Daylight,0,Same Direction Sideswipe,N,Property Damage Only,Y,"Sideswipe, Same Direction",Motor Vehicle in Transport,On Roadway,Non-Junction,N,Not at Intersection,Turnpike/Toll,Paved,Dry,None, , ,None, , ,N,N, , , , ,0,0,0,0,0,0,0,0,0,0,0,0,0.000000000000000,0.000000000000000,0,2,0,750,"Mapped, On Network",-81.241746544799994,28.401872342200001,669709.751160999992862,491442.714497999986634,5/28/2019 4:10:38 PM,8512_8598
2289,2290,1,2289,476,88005702,FHPD19OFF004948,FHP,Short,1/16/2019 0:00:00,08:00 AM,Orlando Expwy Auth,Orange,NB SR-417,LANDSTAR BLVD,5280,South,Sideswipe,2,0,0,0,N,N,N,8500.000000000000000,Cloudy,Daylight,0,Same Direction Sideswipe,N,Property Damage Only,Y,"Sideswipe, Same Direction",Other Non-Collision,On Roadway,Non-Junction,N,Not at Intersection,Turnpike/Toll,Paved,Dry,None, , ,None, , ,N,N, , , , ,0,0,6,0,0,0,0,0,0,0,0,0,0.000000000000000,0.000000000000000,0,0,0,8500,"Mapped, On Network",-81.377322663800001,28.368171082899998,656534.384622000041418,487411.567443999985699,5/30/2019 3:45:47 PM,9178_7997
2290,2291,1,2290,494,87469227,2019TA000689,Apopka PD,Long,1/17/2019 0:00:00,07:53 AM,Apopka,Orange,SR-429-TOLL,CR 437,3657,South,Rear End,3,0,0,0,N,Y,N,5000.000000000000000,Clear,Daylight,0,Rear End,S,Property Damage Only,Y,Front to Rear,Motor Vehicle in Transport,On Roadway,Through Roadway,N,Not at Intersection,Turnpike/Toll,Paved,Dry,None, , ,None, , ,N,N, , , , ,0,0,1,0,0,0,0,0,0,0,0,0,0.000000000000000,0.000000000000000,0,0,0,5000,"Mapped, On Network",-81.536422489100005,28.620214948600001,640415.174746999982744,515076.052179999998771,1/29/2019 3:26:48 PM,8438_6296
2291,2292,1,2291,517,88013656,FHPD19OFF001170,FHP,Short,1/4/2019 0:00:00,05:23 PM,Orlando Expwy Auth,Orange,SR528,25MM,0, ,Rear End,2,0,0,0,N,N,N,4000.000000000000000,Rain,Dark - Lighted,0,Rear End,E,Property Damage Only,Y,Front to Rear,Motor Vehicle in Transport,On Roadway,Non-Junction,N,Not at Intersection,Turnpike/Toll,Paved,Wet,None, , ,None, , ,N,N, , , , ,0,0,0,0,0,0,0,0,0,0,0,0,0.000000000000000,0.000000000000000,0,1,0,4000,"Mapped, On Network",-81.075683149400007,28.451780955099998,685813.509154999977909,497357.976525000005495,7/19/2019 2:25:13 PM,8109_6321
2292,2293,1,2292,598,88005701,FHPD19OFF004897,FHP,Short,1/16/2019 0:00:00,07:50 AM,Orlando Expwy Auth,Orange,EB SR-528,SR-520,0,East,Rear End,2,0,0,0,N,N,N,11000.000000000000000,Cloudy,Daylight,0,Rear End,E,Property Damage Only,Y,Front to Rear,Motor Vehicle in Transport,On Roadway,Non-Junction,N,Not at Intersection,Turnpike/Toll,Paved,Dry,None, , ,None, , ,N,N, , , , ,0,0,0,0,0,0,0,0,0,0,0,0,0.000000000000000,0.000000000000000,0,1,0,11000,"Mapped, On Network",-80.983316969800001,28.452384449499998,694837.675566000049002,497642.441526999988127,5/30/2019 2:41:31 PM,8083_6824
2293,2294,1,2293,618,85204536,FHPD19OFF009285,FHP,Short,1/30/2019 0:00:00,07:58 AM,Orlando,Orange,STATE ROAD 408 WESTBOUND,STATE ROAD 551,1000,West,Rear End,2,0,0,0,N,N,N,600.000000000000000,Cloudy,Daylight,0,Rear End,W,Property Damage Only,N,Front to Rear,Motor Vehicle in Transport,On Roadway,Non-Junction,N,Not at Intersection,State,Paved,Dry,None, , ,None, , ,N,N, , , , ,0,0,0,0,0,0,0,0,0,0,0,0,0.000000000000000,0.000000000000000,0,1,0,600,"Mapped, On Network",-81.297227393000000,28.539697123300002,663950.103267999948002,506625.226075000013225,6/3/2019 10:05:26 AM,6883_8376
2294,2295,1,2294,628,88037121,FHPD19OFF003141,FHP,Long,1/10/2019 0:00:00,06:27 PM,Orlando Expwy Auth,Orange,STATE ROAD 528 EASTBOUND,MILE MARKER 14,0, ,Rear End,4,0,0,1,N,Y,N,24500.000000000000000,Clear,Dark - Lighted,0,Rear End,E,Injury,Y,Front to Rear,Motor Vehicle in Transport,On Roadway,Non-Junction,N,Not at Intersection,Turnpike/Toll,Paved,Dry,None, , ,None, , ,N,N, , , , ,0,0,0,0,0,0,0,1,0,0,0,0,0.000000000000000,0.000000000000000,0,1,0,24500,"Mapped, On Network",-81.252500338499999,28.449890842399999,668539.582809000043198,496750.686868000018876,2/6/2019 12:33:47 PM,8060_6666
2295,2296,1,2295,731,88909313,2019-00027877,Orlando PD,Short,1/21/2019 0:00:00,07:45 AM,Orlando,Orange,EW EBO,S SEMORAN BV,0, ,Other,2,0,0,0,N,N,N,300.000000000000000,Clear,Daylight,0,Other,E,Property Damage Only,Y,Other,"Struck by Falling, Shifting Cargo",On Roadway,Other,Y,Not at Intersection,State,Paved,Dry,None,None,None,None,None,None,N,N, , , , ,0,0,0,0,0,0,0,0,0,0,0,0,0.000000000000000,0.000000000000000,0,0,0,300,"Mapped, On Network",-81.323546632700001,28.539364674900000,661380.999178000027314,506532.253297000017483,5/1/2019 3:01:48 PM,8348_7102
2296,2297,1,2296,735,88909318,2019-00036404,Orlando PD,Long,1/27/2019 0:00:00,01:45 PM,Orlando,Orange,EW WBO,CRYSTAL LAKE DR,500,East,Off Road,1,0,0,0,N,N,N,3000.000000000000000,Rain,Daylight,0,Off Road,W,Property Damage Only,Y,Other,Concrete Traffic Barrier,On Roadway,Non-Junction,N,Not at Intersection,State,Paved,Wet,Road Surface Condition, , ,Weather Conditions, , ,N,N, , , , ,0,0,3,0,0,0,0,0,0,0,0,0,0.000000000000000,0.000000000000000,0,0,0,3000,"Mapped, On Network",-81.338864273300004,28.538543345299999,659887.287751000025310,506408.686222999996971,5/1/2019 3:16:46 PM,6177_8353
2297,2298,1,2297,758,88037118,FHPD19OFF002211,FHP,Short,1/7/2019 0:00:00,07:20 PM,Orlando Expwy Auth,Orange,STATE ROAD 408 EASTBOUND,MILE MARKER 4,0, ,Other,2,0,0,0,N,N,N,3500.000000000000000,Clear,Dark - Lighted,0,Other,E,Property Damage Only,N,Other,"Struck by Falling, Shifting Cargo",On Roadway,Non-Junction,N,Not at Intersection,Turnpike/Toll,Paved,Dry,None, , ,None, , ,N,N, , , , ,0,0,3,0,0,0,0,0,0,0,0,0,0.000000000000000,0.000000000000000,0,1,500,3000,"Mapped, On Network",-81.475769411100003,28.548195024000002,646497.070780999958515,507199.227757000015117,7/23/2019 4:54:00 PM,8144_8146
2298,2299,1,2298,795,88079980,FHPD19OFF007836,FHP,Short,1/25/2019 0:00:00,04:45 PM,Orlando,Orange,STATE ROAD 417,SR 15 ( NARCOOSSEE RD),100,South,Head On,2,0,0,0,N,N,N,4000.000000000000000,Clear,Daylight,0,Head On,N,Property Damage Only,N,Front to Front,Motor Vehicle in Transport,On Roadway,Non-Junction,N,Not at Intersection,Turnpike/Toll,Curb,Dry,None, , ,None, , ,N,N, , , , ,0,0,0,0,0,0,0,0,0,0,0,0,0.000000000000000,0.000000000000000,0,1,0,4000,"Mapped, On Network",-81.244987834200003,28.400146823800000,669397.142497999942861,491244.046883000002708,2/13/2019 10:56:19 AM,8512_8598
2299,2300,1,2299,798,88910065,2019-00036105,Orlando PD,Long,1/27/2019 0:00:00,05:46 AM,Orlando,Orange,SR408 (EW WBO),SR15 (S MILLS AV),0,West,Off Road,1,0,0,1,N,N,N,1500.000000000000000,Rain,Dark - Lighted,0,Off Road,W,Injury,Y,Other,Concrete Traffic Barrier,Median,Non-Junction,N,Not at Intersection,State,Paved,Wet,Road Surface Condition, , ,None, , ,N,N, , , , ,0,0,0,0,0,0,0,1,0,0,0,0,0.000000000000000,0.000000000000000,0,1,0,1500,"Mapped, On Network",-81.363142418999999,28.537544202100001,657519.012555000022985,506246.817637000000104,2/6/2019 10:26:27 AM,8309_8313
2300,2301,1,2300,834,88037117,FHPD19OFF002186,FHP,Long,1/7/2019 0:00:00,06:20 PM,Orlando Expwy Auth,Orange,STATE ROAD 408 EASTBOUND,MILE MARKER 20,0, ,Rear End,3,0,0,1,N,Y,N,12500.000000000000000,Clear,Dusk,0,Rear End,E,Injury,N,Front to Rear,Motor Vehicle in Transport,On Roadway,Non-Junction,N,Not at Intersection,Turnpike/Toll,Paved,Dry,None, , ,None, , ,N,Y,Work on Shoulder or Median,Transition Area,N,N,0,0,1,0,0,0,0,1,0,0,0,0,0.000000000000000,0.000000000000000,0,1,0,12500,"Mapped, On Network",-81.218838241599997,28.547609337299999,671584.414677000022493,507673.922046999970917,7/23/2019 4:54:19 PM,8077_8070
2301,2302,1,2301,835,88037116,FHPD19OFF002130,FHP,Long,1/7/2019 0:00:00,04:13 PM,Orlando Expwy Auth,Orange,STATE ROAD 528 EASTBOUND,MILE MARKER 14.5,0, ,Sideswipe,2,0,0,0,N,N,N,3000.000000000000000,Clear,Daylight,0,Same Direction Sideswipe,E,Property Damage Only,N,"Sideswipe, Same Direction",Motor Vehicle in Transport,On Roadway,Non-Junction,N,Not at Intersection,State,Paved,Dry,None, , ,None, , ,N,N, , , , ,0,0,0,0,0,0,0,0,0,0,0,0,0.000000000000000,0.000000000000000,0,1,0,3000,"Mapped, On Network",-81.256029999999996,28.448902610099999,668197.093928999966010,496633.282903000013903,2/12/2019 10:35:54 PM,8060_6666
2302,2303,1,2302,836,88037115,FHPD19OFF001299,FHP,Long,1/4/2019 0:00:00,07:54 PM,Orlando Expwy Auth,Orange,STATE ROAD 417 SOUTHBOUND,MILE MARKER 17,0, ,Rear End,3,0,0,0,N,Y,N,18000.000000000000000,Cloudy,Dark - Lighted,0,Rear End,S,Property Damage Only,N,Front to Rear,Motor Vehicle in Transport,On Roadway,Non-Junction,N,Not at Intersection,Turnpike/Toll,Paved,Wet,None, , ,None, , ,N,N, , , , ,0,0,4,0,0,0,0,0,0,0,0,0,0.000000000000000,0.000000000000000,0,2,0,18000,"Mapped, On Network",-81.318541556300005,28.367607881700000,662284.459581000031903,487472.688988999987487,7/23/2019 4:55:18 PM,8482_6618
2303,2304,1,2303,884,88077631,FHPD19OFF006115,FHP,Long,1/19/2019 0:00:00,07:22 PM,Orlando Expwy Auth,Orange,STATE RD 417,STATE RD 552 CURRY FORD RD,250,South,Other,2,0,0,1,N,N,N,2000.000000000000000,Clear,Dark - Lighted,0,Parked Vehicle,N,Injury,N,Other,Work Zone/Maintenance Equipment,On Roadway,Non-Junction,N,Not at Intersection,Turnpike/Toll,Paved,Dry,Other, , ,None, , ,N,N, , , , ,0,1,0,0,0,0,0,0,1,0,0,0,1.000000000000000,0.000000000000000,0,0,0,2000,"Mapped, On Network",-81.245039317400000,28.504213167400000,669133.931000999989919,502798.288150999986101,1/31/2019 1:22:34 PM,6965_8557
2304,2305,1,2304,934,88037114,FHPD19OFF001197,FHP,Short,1/4/2019 0:00:00,05:45 PM,Orlando Expwy Auth,Orange,STATE ROAD 417 NORTHBOUND,MILE MARKER 34,0, ,Rear End,3,0,0,0,N,Y,N,9100.000000000000000,Cloudy,Dusk,0,Rear End,N,Property Damage Only,N,Front to Rear,Motor Vehicle in Transport,On Roadway,Non-Junction,N,Not at Intersection,Turnpike/Toll,Paved,Wet,None, , ,None, , ,N,N, , , , ,0,0,0,0,0,0,0,0,0,0,0,0,0.000000000000000,0.000000000000000,0,2,0,9100,"Mapped, On Network",-81.265741126300000,28.569490636400001,666951.161036000004970,510000.940938999992795,7/23/2019 4:56:04 PM,8451_2531
2305,2306,1,2305,935,88037120,FHPD19OFF002798,FHP,Long,1/9/2019 0:00:00,05:46 PM,Orlando Expwy Auth,Orange,STATE ROAD 528 EASTBOUND,MILE MARKER 18,0, ,Rear End,2,0,0,1,N,Y,N,8000.000000000000000,Clear,Dark - Not Lighted,0,Rear End,E,Injury,Y,Front to Rear,Motor Vehicle in Transport,On Roadway,Non-Junction,N,Not at Intersection,Turnpike/Toll,Paved,Dry,None, , ,None, , ,N,N, , , , ,0,0,0,0,0,0,0,1,0,0,0,0,1.000000000000000,0.000000000000000,0,1,1000,7000,"Mapped, On Network",-81.197443718700001,28.451489397700001,673915.844331000000238,497049.267772999999579,7/18/2019 2:50:25 PM,6945_8095
2306,2307,1,2306,995,88077635,FHPD19OFF006640,FHP,Short,1/21/2019 0:00:00,08:16 PM,Orlando Expwy Auth,Orange,STATE RD 528,DALLAS BLVD,5280,West,Rear End,2,0,0,0,N,N,N,5500.000000000000000,Clear,Dark - Not Lighted,0,Rear End,E,Property Damage Only,N,Front to Rear,Motor Vehicle in Transport,On Roadway,Non-Junction,N,Not at Intersection,Turnpike/Toll,Paved,Dry,None, , ,None, , ,N,Y,Work on Shoulder or Median,Activity Area,Y,Y,0,0,2,0,0,0,0,0,0,0,0,0,0.000000000000000,0.000000000000000,0,1,0,5500,"Mapped, On Network",-81.103257322600001,28.451426679000001,683119.918644999968819,497255.033624999981839,2/14/2019 1:17:41 PM,6488_8109
2307,2308,1,2307,996,88077633,FHPD19OFF006535,FHP,Short,1/21/2019 0:00:00,03:30 PM,Orlando Expwy Auth,Orange,STATE RD 417,WORLD CENTER DR,0,North,Rear End,2,0,0,0,N,N,N,2250.000000000000000,Clear,Daylight,0,Rear End,N,Property Damage Only,N,Front to Rear,Motor Vehicle in Transport,On Roadway,Non-Junction,N,Not at Intersection,Turnpike/Toll,Paved,Dry,None, , ,None, , ,N,N, , , , ,0,0,2,0,0,0,0,0,0,0,0,0,0.000000000000000,0.000000000000000,0,1,0,2250,"Mapped, On Network",-81.472986194800001,28.355113060800001,647208.208775999955833,485766.307364000007510,4/23/2019 1:20:06 PM,8581_7010
2308,2309,1,2308,1052,88910272,2019-00033740,Orlando PD,Short,1/25/2019 0:00:00,08:39 AM,Orlando,Orange,SR 408 WEST,S BUMBY ENTRANCE RAMP,1500,West,Rear End,2,0,0,0,N,Y,N,3000.000000000000000,Clear,Daylight,0,Rear End,W,Property Damage Only,Y,Front to Rear,Motor Vehicle in Transport,On Roadway,Non-Junction,N,Not at Intersection,State,Paved,Dry,None, , ,None, , ,N,N, , , , ,0,0,0,0,0,0,0,0,0,0,0,0,0.000000000000000,0.000000000000000,0,0,0,3000,"Mapped, On Network",-81.344790919499999,28.538487268000001,659308.713400000007823,506389.983355999982450,5/2/2019 9:24:01 PM,8353_6185
2309,2310,1,2309,1094,88909124,2019-00015737,Orlando PD,Long,1/12/2019 0:00:00,12:15 PM,Orlando,Orange,SR 408 WEST,SR 400 WEST,100,East,Rear End,3,0,0,0,N,N,N,6000.000000000000000,Clear,Daylight,0,Rear End,W,Property Damage Only,Y,Front to Rear,Motor Vehicle in Transport,On Roadway,Non-Junction,N,Not at Intersection,State,Paved,Dry,None, , ,None, , ,N,N, , , , ,0,0,2,0,0,0,0,0,0,0,0,0,0.000000000000000,0.000000000000000,0,0,0,6000,"Mapped, On Network",-81.382745189800005,28.535269450800001,655610.229844999965280,505953.465439999999944,5/30/2019 3:59:26 PM,8274_8272
2310,2311,1,2310,1119,88078710,FHPD19OFF006675,FHP,Long,1/22/2019 0:00:00,03:46 AM,Orlando,Orange,STATE ROAD 417 (CENTRAL FLORIDA GREENEWAY),STATE ROAD 552 (CURRY FORD ROAD),0, ,Rollover,1,0,0,1,N,N,N,210500.000000000000000,Cloudy,Dark - Lighted,0,Rollover,S,Injury,N,Other,Overturn/Rollover,On Roadway,Through Roadway,N,Not at Intersection,State,Paved,Dry,None, , ,None, , ,N,N, , , , ,0,0,0,0,0,0,0,0,0,1,0,0,0.000000000000000,0.000000000000000,0,0,10500,200000,"Mapped, On Network",-81.251059239499995,28.532089573400000,668476.931160000036471,505880.237875999999233,2/6/2019 10:29:34 AM,7071_6968
2311,2312,1,2311,1232,88077640,FHPD19OFF009269,FHP,Long,1/30/2019 0:00:00,07:07 AM,Orlando Expwy Auth,Orange,STATE RD 408,STATE RD 551,5280,West,Other,4,0,0,0,N,N,N,12500.000000000000000,Cloudy,Dawn,0,Other,W,Property Damage Only,N,Other,Other Non-Collision,On Roadway,Non-Junction,N,Not at Intersection,State,Paved,Dry,None, , ,None, , ,N,N, , , , ,0,0,1,0,0,0,0,0,0,0,0,0,0.000000000000000,0.000000000000000,0,0,0,12500,"Mapped, On Network",-81.302067592300006,28.539645021500000,663477.616259000031278,506609.090249000000767,4/30/2019 1:54:01 PM,6883_8376
2312,2313,1,2312,1315,88908645,2019-00013928,Orlando PD,Short,1/11/2019 0:00:00,07:23 AM,Orlando,Orange,SR-408 (E/W EXPRESSWAY),SR 400 (INTERSTATE 4),5280,East,Sideswipe,2,0,0,0,N,N,N,2000.000000000000000,Clear,Daylight,0,Same Direction Sideswipe,W,Property Damage Only,Y,"Sideswipe, Same Direction",Motor Vehicle in Transport,On Roadway,Non-Junction,N,Not at Intersection,State,Paved,Dry,None, , ,None, , ,N,N, , , , ,0,0,0,0,0,0,0,0,0,0,0,0,0.000000000000000,0.000000000000000,0,0,0,2000,"Mapped, On Network",-81.367071479600000,28.537308993300002,657135.911319999955595,506212.503280000004452,6/4/2019 4:38:36 PM,8313_6737
2313,2314,1,2313,1348,87252460,FHPD19OFF010086,FHP,Long,2/1/2019 0:00:00,05:15 PM,Orlando Expwy Auth,Orange,STATE ROAD 408 (EAST WEST EXPWY),ROUSE ROAD,100,East,Rear End,2,0,0,0,N,N,N,12500.000000000000000,Clear,Dusk,0,Rear End,E,Property Damage Only,Y,Front to Rear,Motor Vehicle in Transport,On Roadway,Non-Junction,N,Not at Intersection,Turnpike/Toll,Paved,Dry,None, , ,None, , ,N,N, , , , ,0,0,0,0,0,0,0,0,0,0,0,0,0.000000000000000,0.000000000000000,0,1,0,12500,"Mapped, On Network",-81.222858424799995,28.547217169100001,671192.885227999999188,507621.532990999985486,2/13/2019 12:15:53 PM,8077_8070