FID,OBJECTID_1,Join_Count,TARGET_FID,OBJECTID,HSMV_Repor,Agency_Rep,Reporting_,Form_Type,Crash_Date,Crash_Time,City,County,Crash_Stre,Intersecti,Offset_Dis,Offset_Dir,Crash_Type,Vehicles,Non_Motori,Fatalities,Injuries,Alcohol_Re,Distractio,Drug_Relat,Estimated_,Weather_Co,Light_Cond,Street_Num,Crash_Ty_1,Crash_Ty_2,Crash_Seve,Within_Cit,Manner_of_,First_Harm,First_HE_L,First_HE_R,First_HE_W,Type_of_In,Road_Sys_I,Type_of_Sh,Road_Surf_,Contrib_Ci,Contrib__1,Contrib__2,Contrib__3,Contrib__4,Contrib__5,School_Bus,Work_Zone_,Type_of_Wo,Loc_in_Wor,Workers_in,Law_Enforc,Mopeds,Motorcycle,Passengers,Bicyclists,Pedestrian,Fataliti_1,Injuries_U,Possible_I,Non_Incapa,Incapacita,Fataliti_2,Non_Traffi,Transporte,Transpor_1,Transpor_2,Citations,Property_D,Vehicle_Dm,S4_Mapping,S4_Decimal,S4_Decim_1,S4_Albers_,S4_Albers1,S4_Mappi_1,zone_id_st
2314,2315,1,2314,1368,88909894,2019-00022739,Orlando PD,Long,1/17/2019 0:00:00,09:01 AM,Orlando,Orange,SR 528 WEST,ENTRANCE RAMP FROM S GOLDENROD RD,0,West,Rear End,3,0,0,0,N,N,N,5500.000000000000000,Clear,Daylight,0,Rear End,W,Property Damage Only,Y,Front to Rear,Motor Vehicle in Transport,On Roadway,Non-Junction,N,Not at Intersection,State,Curb,Dry,None, , ,None, , ,N,N, , , , ,0,0,0,0,0,0,0,0,0,0,0,0,0.000000000000000,0.000000000000000,0,1,0,5500,"Mapped, On Network",-81.292634211500001,28.450341436399999,664616.449560999986716,496713.955625000002328,2/12/2019 10:22:32 PM,8183_6664
2315,2316,1,2315,1377,88077634,FHPD19OFF006603,FHP,Long,1/21/2019 0:00:00,06:24 PM,Orlando Expwy Auth,Orange,STATE RD 417,WORLD CENTER DR,5280,North,Rear End,2,0,0,0,N,N,N,7000.000000000000000,Clear,Dusk,0,Rear End,N,Property Damage Only,N,Front to Rear,Motor Vehicle in Transport,On Roadway,Non-Junction,N,Not at Intersection,Turnpike/Toll,Paved,Dry,None, , ,None, , ,N,N, , , , ,0,0,0,0,0,0,0,0,0,0,0,0,0.000000000000000,0.000000000000000,0,1,0,7000,"Mapped, On Network",-81.474736645700006,28.355763973100000,647035.512497000047006,485835.072541999979876,4/23/2019 1:23:58 PM,8581_7010
2316,2317,1,2316,1380,88013666,FHPD19OFF005849,FHP,Long,1/18/2019 0:00:00,07:52 PM,Orlando Expwy Auth,Orange,SR408,14MM,0, ,Rear End,3,0,0,1,N,N,N,11000.000000000000000,Clear,Dark - Lighted,0,Rear End,W,Injury,N,Front to Rear,Motor Vehicle in Transport,On Roadway,Non-Junction,N,Not at Intersection,Turnpike/Toll,Paved,Dry,None, , ,None, , ,N,N, , , , ,0,0,0,0,0,0,0,0,1,0,0,0,1.000000000000000,0.000000000000000,0,1,0,11000,"Mapped, On Network",-81.283378336499993,28.541726333700002,665297.406006000004709,506880.246420999988914,5/31/2019 2:30:07 PM,6918_8406
2317,2318,1,2317,1395,88037134,FHPD19OFF011644,FHP,Long,2/7/2019 0:00:00,07:19 AM,Orlando Expwy Auth,Orange,STATE ROAD 429 SOUTHBOUND,MILE MARKER 24,0, ,Rear End,2,0,0,0,N,Y,N,10000.000000000000000,Clear,Daylight,0,Rear End,S,Property Damage Only,N,Front to Rear,Motor Vehicle in Transport,On Roadway,Non-Junction,N,Not at Intersection,Turnpike/Toll,Paved,Dry,None, , ,None, , ,N,N, , , , ,0,0,0,0,0,0,0,0,0,0,0,0,0.000000000000000,0.000000000000000,0,1,0,10000,"Mapped, On Network",-81.557275416899998,28.578489889600000,638472.234459999948740,510402.689025000028778,5/7/2019 11:35:52 AM,8395_8429
2318,2319,1,2318,1396,88037132,FHPD19OFF011360,FHP,Short,2/6/2019 0:00:00,07:42 AM,Orlando Expwy Auth,Orange,STATE ROAD 408 EASTBOUND,MILE MARKER 5,0, ,Rear End,2,0,0,0,N,Y,N,2500.000000000000000,Clear,Daylight,0,Rear End,E,Property Damage Only,N,Front to Rear,Motor Vehicle in Transport,On Roadway,Non-Junction,N,Not at Intersection,Turnpike/Toll,Paved,Dry,None, , ,Glare, , ,N,N, , , , ,0,0,2,0,0,0,0,0,0,0,0,0,0.000000000000000,0.000000000000000,0,1,0,2500,"Mapped, On Network",-81.457651952500001,28.549111344899998,648263.935689999954775,507337.314368000021204,5/7/2019 11:39:13 AM,8208_8205
2319,2320,1,2319,1416,88013665,FHPD19OFF005439,FHP,Long,1/17/2019 0:00:00,06:10 PM,Orlando Expwy Auth,Orange,SR417,36MM,0, ,Rear End,3,0,0,1,N,N,N,3000.000000000000000,Clear,Daylight,0,Rear End,N,Injury,N,Front to Rear,Motor Vehicle in Transport,On Roadway,Non-Junction,N,Not at Intersection,Turnpike/Toll,Paved,Dry,None, , ,None, , ,N,N, , , , ,0,0,0,0,0,0,0,1,0,0,0,0,0.000000000000000,0.000000000000000,0,2,0,3000,"Mapped, On Network",-81.250122888400000,28.594761735399999,668413.169954000040889,512840.644112000009045,7/23/2019 5:23:18 PM,8120_8585
2320,2321,1,2320,1417,88013664,FHPD19OFF005057,FHP,Long,1/16/2019 0:00:00,04:10 PM,Orlando Expwy Auth,Orange,SR417,37MM,0, ,Rear End,2,0,0,0,N,N,N,5000.000000000000000,Clear,Daylight,0,Rear End,N,Property Damage Only,N,"Sideswipe, Same Direction",Motor Vehicle in Transport,On Roadway,Non-Junction,N,Not at Intersection,Turnpike/Toll,Paved,Dry,None, , ,None, , ,N,N, , , , ,0,0,0,0,0,0,0,0,0,0,0,0,0.000000000000000,0.000000000000000,0,1,0,5000,"Mapped, On Network",-81.256680917400004,28.607559808400001,667741.535792000009678,514247.328575999999885,7/23/2019 5:23:40 PM,5988_6758
2321,2322,1,2321,1419,88013662,FHPD19OFF004781,FHP,Long,1/15/2019 0:00:00,05:41 PM,Orlando Expwy Auth,Orange,SR408 EXIT RAMP,17MM,0, ,Rear End,2,0,0,1,N,N,N,600.000000000000000,Clear,Daylight,0,Rear End,E,Injury,N,Front to Rear,Motor Vehicle in Transport,On Roadway,Non-Junction,N,Not at Intersection,Turnpike/Toll,Paved,Dry,None, , ,None, , ,N,N, , , , ,0,0,0,0,0,0,0,1,0,0,0,0,0.000000000000000,0.000000000000000,0,1,0,600,"Mapped, On Network",-81.269987596700005,28.547093057500000,666591.700077999965288,507504.985993999987841,7/25/2019 4:07:25 PM,8412_7015
2322,2323,1,2322,1453,88080976,FHPD19OFF006727,FHP,Short,1/22/2019 0:00:00,08:35 AM,Orlando Expwy Auth,Orange,EB SR-408,SR-435,0,West,Rear End,2,0,0,0,N,N,N,9000.000000000000000,Clear,Daylight,0,Rear End,E,Property Damage Only,Y,Front to Rear,Motor Vehicle in Transport,On Roadway,Non-Junction,N,Not at Intersection,Turnpike/Toll,Paved,Dry,None, , ,None, , ,N,N, , , , ,0,0,1,0,0,0,0,0,0,0,0,0,0.000000000000000,0.000000000000000,0,1,0,9000,"Mapped, On Network",-81.467234981399997,28.549238556799999,647327.980850999942049,507332.182242000009865,4/23/2019 1:27:03 PM,8146_6068
2323,2324,1,2323,1456,88037128,FHPD19OFF009555,FHP,Long,1/31/2019 0:00:00,06:39 AM,Orlando Expwy Auth,Orange,STATE ROAD 408 WESTBOUND,MILE MARKER 7,0, ,Off Road,1,0,0,0,N,Y,N,6700.000000000000000,Clear,Daylight,0,Off Road,W,Property Damage Only,N,Other,Guardrail Face,Off Roadway,Non-Junction,N,Not at Intersection,Turnpike/Toll,Paved,Dry,None, , ,None, , ,N,N, , , , ,0,0,0,0,0,0,0,0,0,0,0,0,0.000000000000000,0.000000000000000,0,1,700,6000,"Mapped, On Network",-81.425752043399996,28.545945114100000,651385.897757999948226,507050.388345999992453,2/13/2019 11:10:39 AM,8239_5934
2324,2325,1,2324,1466,88910136,2019-00037993,Orlando PD,Long,1/28/2019 0:00:00,06:09 PM,Orlando,Orange,EW WBO,S ROSALIND AV,0,West,Rear End,2,0,0,2,N,N,N,20000.000000000000000,Clear,Dusk,0,Rear End,W,Injury,Y,Front to Rear,Motor Vehicle in Transport,On Roadway,Non-Junction,N,Not at Intersection,State,Paved,Dry,None, , ,None, , ,N,N, , , , ,0,0,1,0,0,0,0,1,1,0,0,0,1.000000000000000,0.000000000000000,0,0,0,20000,"Mapped, On Network",-81.379436675400001,28.535564784799998,655932.605331000057049,505993.118955000012647,2/14/2019 12:43:12 PM,6230_8274
2325,2326,1,2325,1516,88006221,FHPD19OFF004131,FHP,Long,1/13/2019 0:00:00,05:52 PM,Orlando Expwy Auth,Orange,STATE RD 417 EXIT LANE,STATE RD 408,100,South,Other,2,0,0,1,N,N,N,14000.000000000000000,Clear,Daylight,0,Other,S,Injury,N,Other,Other Non-Collision,On Roadway,Entrance/Exit Ramp,N,Not at Intersection,Turnpike/Toll,Paved,Dry,None, , ,None, , ,N,Y,Work on Shoulder or Median,Activity Area,N,N,0,0,0,0,0,0,0,1,0,0,0,0,0.000000000000000,0.000000000000000,0,0,10000,4000,"Mapped, On Network",-81.257300648699996,28.546525627899999,667831.806025999947451,507469.476678000006359,1/31/2019 12:27:00 PM,8568_11875
2326,2327,1,2326,1517,88005700,FHPD19OFF004253,FHP,Short,1/14/2019 0:00:00,07:35 AM,Orlando Expwy Auth,Orange,WB SR-408,SR-551,0,West,Rear End,3,0,0,0,N,N,N,11000.000000000000000,Cloudy,Daylight,0,Rear End,W,Property Damage Only,Y,Front to Rear,Motor Vehicle in Transport,On Roadway,Non-Junction,N,Not at Intersection,Turnpike/Toll,Paved,Dry,None, , ,None, , ,N,N, , , , ,0,0,0,0,0,0,0,0,0,0,0,0,0.000000000000000,0.000000000000000,0,1,0,11000,"Mapped, On Network",-81.289195153600005,28.539893693000000,664733.917801999952644,506664.269270999997389,7/18/2019 2:43:02 PM,8427_6883
2327,2328,1,2327,1527,85507865,FHPD19OFF009279,FHP,Long,1/30/2019 0:00:00,07:40 AM,Orlando,Orange,STATE ROAD 408 MM6,PINE HILLS ROAD,800,West,Rear End,2,0,0,0,N,Y,N,1500.000000000000000,Clear,Daylight,0,Rear End,E,Property Damage Only,N,Front to Rear,Motor Vehicle in Transport,On Roadway,Non-Junction,N,Not at Intersection,State,Paved,Dry,None, , ,None, , ,N,N, , , , ,0,0,0,0,0,0,0,0,0,0,0,0,0.000000000000000,0.000000000000000,0,3,0,1500,"Mapped, On Network",-81.443047282699993,28.548241105999999,649691.902650999953039,507270.177503000013530,5/2/2019 11:18:07 PM,8205_6294
2328,2329,1,2328,1572,88064821,FHPD19OFF004597,FHP,Short,1/15/2019 0:00:00,08:27 AM,Orlando Expwy Auth,Orange,STATE ROAD 408 EB,PINE HILLS RD,0,West,Rear End,2,0,0,0,N,N,N,4000.000000000000000,Cloudy,Daylight,0,Rear End,E,Property Damage Only,Y,Front to Rear,Motor Vehicle in Transport,On Roadway,Non-Junction,N,Not at Intersection,Turnpike/Toll,Paved,Dry,None, , ,None, , ,N,N, , , , ,0,0,1,0,0,0,0,0,0,0,0,0,0.000000000000000,0.000000000000000,0,2,0,4000,"Mapped, On Network",-81.443401566899993,28.548242430300000,649657.307949000038207,507269.607225999992806,7/25/2019 5:08:06 PM,8205_6294
2329,2330,1,2329,1592,87215151,FHPK19OFF005752,FHP,Short,1/28/2019 0:00:00,09:15 AM,Winter Garden,Orange,STATE ROAD 429 (WESTERN BELTWAY) SOUTH,STATE ROAD 91 (MM 23),500,South,Sideswipe,2,0,0,0,N,N,N,8000.000000000000000,Clear,Daylight,0,Same Direction Sideswipe,S,Property Damage Only,N,"Sideswipe, Same Direction",Motor Vehicle in Transport,On Roadway,Non-Junction,N,Not at Intersection,Turnpike/Toll,Paved,Dry,None, , ,None, , ,N,N, , , , ,0,0,3,0,0,0,0,0,0,0,0,0,0.000000000000000,0.000000000000000,0,1,0,8000,"Mapped, On Network",-81.557158387200005,28.539361655099999,638569.734443000052124,506058.354662999976426,5/3/2019 8:28:38 AM,8524_6989
2330,2331,1,2330,1607,88083216,FHPD19OFF011013,FHP,Short,2/5/2019 0:00:00,07:24 AM,Orlando Expwy Auth,Orange,SR-429,24MM,0, ,Rear End,2,0,0,0,N,N,N,4000.000000000000000,Clear,Daylight,0,Rear End,S,Property Damage Only,N,Front to Rear,Motor Vehicle in Transport,On Roadway,Non-Junction,N,Not at Intersection,Turnpike/Toll,Paved,Dry,None, , ,None, , ,N,N, , , , ,0,0,0,0,0,0,0,0,0,0,0,0,0.000000000000000,0.000000000000000,0,1,0,4000,"Mapped, On Network",-81.556991200200002,28.571251102100000,638515.902971999952570,509599.488913999986835,5/6/2019 11:51:43 AM,8429_8423
2331,2332,1,2331,1613,87945363,2019-00036780,Orlando PD,Long,1/27/2019 0:00:00,08:54 PM,Orlando,Orange,EW WBO,S MILLS AV,0,West,Other,1,0,0,0,N,N,N,5000.000000000000000,Rain,Dark - Lighted,0,Single Vehicle,W,Property Damage Only,Y,Angle,Motor Vehicle in Transport,On Roadway,Non-Junction,N,Not at Intersection,State,Curb,Wet,Road Surface Condition, , ,Weather Conditions, , ,N,N, , , , ,0,0,0,0,0,0,0,0,0,0,0,0,0.000000000000000,0.000000000000000,0,0,0,5000,"Mapped, On Network",-81.358485446499998,28.538309921300002,657971.927726999972947,506341.569538999989163,4/30/2019 12:35:17 PM,8318_8309
2332,2333,1,2332,1653,83751481,FHPD19OFF004258,FHP,Long,1/14/2019 0:00:00,08:04 AM,Ocoee,Orange,SR 429 SB,WEST RD,0,North,Rear End,2,0,0,1,N,N,N,9000.000000000000000,Clear,Daylight,0,Rear End,S,Injury,N,Front to Rear,Motor Vehicle in Transport,On Roadway,Non-Junction,N,Not at Intersection,Turnpike/Toll,Unpaved,Dry,None, , ,None, , ,N,N, , , , ,0,0,0,0,0,0,0,1,0,0,0,0,0.000000000000000,0.000000000000000,0,1,0,9000,"Mapped, On Network",-81.539913740000003,28.603255234999999,640112.088437999947928,513186.161191000021063,1/31/2019 12:34:36 PM,8458_8393
2333,2334,1,2333,1736,88064837,FHPD19OFF011840,FHP,Short,2/7/2019 0:00:00,04:39 PM,Orlando Expwy Auth,Orange,STATE ROAD 417 NB MM37,UNIVERSITY BLVD,5280,North,Rear End,2,0,0,0,N,N,N,1100.000000000000000,Clear,Daylight,0,Rear End,N,Property Damage Only,Y,Front to Rear,Motor Vehicle in Transport,On Roadway,Non-Junction,N,Not at Intersection,Turnpike/Toll,Paved,Dry,None, , ,None, , ,N,N, , , , ,0,0,0,0,0,0,0,0,0,0,0,0,0.000000000000000,0.000000000000000,0,1,0,1100,"Mapped, On Network",-81.253360364299994,28.603791755500001,668074.880282000056468,513836.184313000005204,5/6/2019 11:59:21 AM,8449_5988
2334,2335,1,2334,1737,88064835,FHPD19OFF011224,FHP,Long,2/5/2019 0:00:00,05:15 PM,Orlando Expwy Auth,Orange,STATE ROAD 408 EB MM21,STATE ROAD 434,200,West,Rear End,3,0,0,2,N,N,N,3500.000000000000000,Clear,Daylight,0,Rear End,E,Injury,Y,Front to Rear,Motor Vehicle in Transport,On Roadway,Non-Junction,N,Not at Intersection,Turnpike/Toll,Paved,Dry,None, , ,None, , ,N,N, , , , ,0,0,1,0,0,0,0,2,0,0,0,0,0.000000000000000,0.000000000000000,0,2,0,3500,"Mapped, On Network",-81.204647874399996,28.549679785199999,672964.675690999953076,507935.130387999990489,2/11/2019 11:58:04 AM,8041_6970
2335,2336,1,2335,1738,88064834,FHPD19OFF011147,FHP,Long,2/5/2019 0:00:00,02:38 PM,Orlando Expwy Auth,Orange,STATE ROAD 408 EB MM16,OXALIS AVE,100,East,Other,1,0,0,0,N,N,N,2000.000000000000000,Clear,Daylight,0,Single Vehicle,E,Property Damage Only,Y,Other,Other Non-Fixed Object,On Roadway,Non-Junction,N,Not at Intersection,Turnpike/Toll,Paved,Dry,None, , ,None, , ,N,N, , , , ,0,0,0,0,0,0,0,0,0,0,0,0,0.000000000000000,0.000000000000000,0,0,0,2000,"Mapped, On Network",-81.299849088900004,28.539390478700000,663694.857585999998264,506585.570627000008244,5/6/2019 12:01:02 PM,6235_6881
2336,2337,1,2336,1739,88064826,FHPD19OFF009406,FHP,Long,1/30/2019 0:00:00,03:10 PM,Orlando Expwy Auth,Orange,STATE ROAD 417 SB MM33,STATE ROAD 408,100,South,Off Road,2,0,0,1,N,N,N,5500.000000000000000,Cloudy,Daylight,0,Off Road,S,Injury,Y,Other,Guardrail End,Shoulder,Non-Junction,N,Not at Intersection,Turnpike/Toll,Curb,Dry,None, , ,None, , ,N,Y,Work on Shoulder or Median,Activity Area,N,N,0,0,2,0,0,0,0,0,1,0,0,0,2.000000000000000,0.000000000000000,0,1,2000,3500,"Mapped, On Network",-81.261875921200001,28.550829351499999,667374.480324000003748,507937.383321999979671,2/11/2019 12:02:06 PM,8568_11875
2337,2338,1,2337,1806,88083214,FHPD19OFF008945,FHP,Short,1/29/2019 0:00:00,07:06 AM,Orlando Expwy Auth,Orange,SR429,26MM,0, ,Rear End,2,0,0,0,N,N,N,6300.000000000000000,Clear,Daylight,0,Rear End,S,Property Damage Only,N,Front to Rear,Motor Vehicle in Transport,On Roadway,Non-Junction,N,Not at Intersection,Turnpike/Toll,Paved,Dry,None, , ,None, , ,N,N, , , , ,0,0,0,0,0,0,0,0,0,0,0,0,0.000000000000000,0.000000000000000,0,1,300,6000,"Mapped, On Network",-81.552298569300007,28.598380717400001,638914.194164999993518,512620.872379000007641,4/30/2019 1:42:52 PM,8393_6248
2338,2339,1,2338,1879,88064831,FHPD19OFF010105,FHP,Short,2/1/2019 0:00:00,05:50 PM,Orlando Expwy Auth,Orange,STATE ROAD 417 NB MM37,UNIVERSITY BLVD,100,North,Sideswipe,2,0,0,0,N,N,N,3000.000000000000000,Clear,Daylight,0,Same Direction Sideswipe,N,Property Damage Only,Y,Front to Rear,Motor Vehicle in Transport,On Roadway,Non-Junction,N,Not at Intersection,Turnpike/Toll,Paved,Dry,None, , ,None, , ,N,N, , , , ,0,0,0,0,0,0,0,0,0,0,0,0,0.000000000000000,0.000000000000000,0,1,0,3000,"Mapped, On Network",-81.249844221299995,28.597838175700002,668432.746956999995746,513182.820861999993213,2/13/2019 12:02:33 PM,8120_8585
2339,2340,1,2339,1882,88064827,FHPD19OFF009464,FHP,Short,1/30/2019 0:00:00,06:08 PM,Orlando Expwy Auth,Orange,STATE ROAD 417 NB MM37,UNIVERSITY BLVD,5280,South,Rear End,2,0,0,0,N,N,N,6000.000000000000000,Clear,Dusk,0,Rear End,N,Property Damage Only,Y,Front to Rear,Motor Vehicle in Transport,On Roadway,Non-Junction,N,Not at Intersection,Turnpike/Toll,Paved,Dry,None, , ,None, , ,N,N, , , , ,0,0,0,0,0,0,0,0,0,0,0,0,0.000000000000000,0.000000000000000,0,1,0,6000,"Mapped, On Network",-81.252411481400003,28.591145322100001,668198.767188000027090,512434.142264000023715,2/13/2019 12:05:38 PM,6318_8120
2340,2341,1,2340,1892,88083215,FHPD19OFF010505,FHP,Long,2/3/2019 0:00:00,04:42 AM,Orlando Expwy Auth,Orange,SR408,15MM,0, ,Sideswipe,2,0,0,0,N,N,N,4500.000000000000000,Clear,Dark - Lighted,0,Same Direction Sideswipe,E,Property Damage Only,N,"Sideswipe, Same Direction",Motor Vehicle in Transport,On Roadway,Non-Junction,N,Not at Intersection,Turnpike/Toll,Paved,Dry,None, , ,None, , ,N,N, , , , ,0,0,0,0,0,0,0,0,0,0,0,0,0.000000000000000,0.000000000000000,0,0,2500,2000,"Mapped, On Network",-81.288386657800004,28.539876224099999,664812.904455999960192,506664.065674000012223,2/13/2019 12:17:48 PM,6881_8431
2341,2342,1,2341,1922,88077643,FHPD19OFF010724,FHP,Long,2/4/2019 0:00:00,08:14 AM,Orlando Expwy Auth,Orange,STATE RD 417,LANDSTAR BLVD,10560,North,Rear End,4,0,0,3,N,N,N,12000.000000000000000,Cloudy,Daylight,0,Rear End,S,Injury,N,Front to Rear,Motor Vehicle in Transport,On Roadway,Non-Junction,N,Not at Intersection,Turnpike/Toll,Paved,Dry,None, , ,None, , ,N,N, , , , ,0,0,0,0,0,0,0,3,0,0,0,0,1.000000000000000,0.000000000000000,0,0,0,12000,"Mapped, On Network",-81.344228780600005,28.368690168899999,659769.688670999952592,487538.482493999996223,2/11/2019 12:16:07 PM,6323_6700
2342,2343,1,2342,2107,87217103,FHPK19OFF003637,FHP,Long,1/17/2019 0:00:00,01:29 PM,Winter Garden,Orange,STATE ROAD 429 (DANIEL WEBSTER W BTWY),MILE MARKER 12,0,North,Rollover,1,0,0,1,N,N,N,12000.000000000000000,Clear,Daylight,0,Rollover,S,Injury,N,Other,Overturn/Rollover,On Roadway,Non-Junction,N,Not at Intersection,Turnpike/Toll,Paved,Dry,None, , ,None, , ,N,N, , , , ,0,0,0,0,0,0,0,0,0,1,0,0,1.000000000000000,0.000000000000000,0,2,0,12000,"Mapped, On Network",-81.637130112600005,28.435729216100000,630981.123007999965921,494399.254356999997981,5/30/2019 11:20:31 AM,9708_6253
2343,2344,1,2343,2112,88910161,2019-00022676,Orlando PD,Long,1/17/2019 0:00:00,08:25 AM,Orlando,Orange,SR 408 WBO,MILLS AV EXIT RAMP,2600,East,Rear End,2,0,0,0,N,Y,N,4000.000000000000000,Clear,Daylight,0,Rear End,W,Property Damage Only,Y,Front to Rear,Motor Vehicle in Transport,On Roadway,Non-Junction,N,Not at Intersection,State,Curb,Dry,None, , ,None, , ,N,N, , , , ,0,0,0,0,0,0,0,0,0,0,0,0,0.000000000000000,0.000000000000000,0,2,0,4000,"Mapped, On Network",-81.356576557500006,28.538406254300000,658158.093128000036813,506356.260234999994282,5/29/2019 10:37:24 AM,8318_8309
2344,2345,1,2344,2163,87252458,FHPD19OFF009435,FHP,Long,1/30/2019 0:00:00,04:45 PM,Orlando Expwy Auth,Orange,STATE ROAD 408 (EAST WEST EXPRESSWAY),GOOD HOMES ROAD,1000,East,Rear End,3,0,0,0,N,N,N,10000.000000000000000,Clear,Daylight,0,Rear End,W,Property Damage Only,Y,Front to Rear,Motor Vehicle in Transport,On Roadway,Non-Junction,N,Not at Intersection,Turnpike/Toll,Paved,Dry,None, , ,None, , ,N,N, , , , ,0,0,0,0,0,0,0,0,0,0,0,0,0.000000000000000,0.000000000000000,0,1,0,10000,"Mapped, On Network",-81.501529736899997,28.546731787100001,643985.152405999950133,506985.529776000010315,2/13/2019 11:49:53 AM,8156_8150
2345,2346,1,2345,2193,88064832,FHPD19OFF010891,FHP,Short,2/4/2019 0:00:00,05:43 PM,Orlando Expwy Auth,Orange,STATE ROAD 417 NB MM12,STATE ROAD 91,5280,South,Rear End,2,0,0,0,N,N,N,3000.000000000000000,Clear,Daylight,0,Rear End,N,Property Damage Only,Y,Front to Rear,Motor Vehicle in Transport,On Roadway,Intersection,N,Not at Intersection,Turnpike/Toll,Paved,Dry,None, , ,None, , ,N,N, , , , ,0,0,0,0,0,0,0,0,0,0,0,0,0.000000000000000,0.000000000000000,0,1,0,3000,"Mapped, On Network",-81.394461393000000,28.368785538400001,654856.786679000011645,487444.253987999982201,2/13/2019 11:27:02 AM,8017_6167
2346,2347,1,2346,2212,88005501,FHPD19OFF004203,FHP,Long,1/14/2019 0:00:00,12:40 AM,Orlando,Orange,STATE ROAD 417 (CENTRAL FLORIDA GREENEWAY),MM 33A,300,North,Sideswipe,2,0,0,0,N,N,N,2000.000000000000000,Cloudy,Dark - Lighted,0,Same Direction Sideswipe,S,Property Damage Only,N,"Sideswipe, Same Direction",Motor Vehicle in Transport,On Roadway,Entrance/Exit Ramp,N,Not at Intersection,State,Paved,Dry,Work Zone, , ,None, , ,N,N, , , , ,0,0,0,0,0,0,0,0,0,0,0,0,0.000000000000000,0.000000000000000,0,0,0,2000,"Mapped, On Network",-81.267931473700003,28.556887615499999,666768.354881000006571,508596.907875999982934,2/12/2019 11:03:46 PM,8572_8453
2347,2348,1,2347,2219,88083211,FHPD19OFF008263,FHP,Long,1/27/2019 0:00:00,09:44 AM,Orlando Expwy Auth,Orange,SR417 EXIT RAMP,SR528,0, ,Off Road,1,0,0,0,N,N,N,7300.000000000000000,Rain,Daylight,0,Off Road,S,Property Damage Only,N,Other,Guardrail Face,Off Roadway,Non-Junction,N,Not at Intersection,Turnpike/Toll,Paved,Wet,None, , ,None, , ,N,N, , , , ,0,0,0,0,0,0,0,0,0,0,0,0,0.000000000000000,0.000000000000000,0,1,300,7000,"Mapped, On Network",-81.224850650199997,28.451263673600000,671238.168161000008695,496963.625172999978531,4/29/2019 4:04:03 PM,8019_6319
2348,2349,1,2348,2225,87217108,FHPK19OFF006108,FHP,Short,1/30/2019 0:00:00,10:39 AM,Winter Garden,Orange,STATE ROAD 429 (DANIEL WEBSTER WESTERN BTWY),MILE MARKER 19,5280,North,Unknown,2,0,0,0,N,N,N,3500.000000000000000,Cloudy,Daylight,0,Unknown, ,Property Damage Only,N,Angle,Motor Vehicle in Transport,On Roadway,Entrance/Exit Ramp,Y,Not at Intersection,Turnpike/Toll,Curb,Dry,None, , ,None, , ,N,N, , , , ,0,0,0,0,0,0,0,0,0,0,0,0,0.000000000000000,0.000000000000000,0,1,500,3000,"Mapped, On Network",-81.587824427399994,28.516578311200000,635624.741534000029787,503469.657097999996040,2/13/2019 12:01:35 PM,8494_8462
2349,2350,1,2349,2226,87285668,FHPK19OFF005159,FHP,Long,1/25/2019 0:00:00,03:02 PM,Orlando,Orange,STATE ROAD 528 (BEACHLINE EXPY),MM12,0, ,Other,2,0,0,0,N,N,N,500.000000000000000,Cloudy,Daylight,0,Other,W,Property Damage Only,N,Other,Motor Vehicle in Transport,On Roadway,Non-Junction,N,Not at Intersection,Turnpike/Toll,Paved,Dry,None, , ,None, , ,N,N, , , , ,0,0,0,0,0,0,0,0,0,0,0,0,0.000000000000000,0.000000000000000,0,0,0,500,"Mapped, On Network",-81.273174512699995,28.448642692500002,666522.292338000028394,496567.253224999993108,2/13/2019 11:35:50 AM,8055_6665
2350,2351,1,2350,2282,88071073,FHPD19OFF008931,FHP,Long,1/29/2019 0:00:00,05:40 AM,Unincorporated,Orange,STATE ROAD 528 (BEACHLINE EXPY),MM31,800,East,Off Road,1,0,0,0,N,N,N,12000.000000000000000,Clear,Dawn,0,Off Road,E,Property Damage Only,N,Other,Guardrail Face,Median,Non-Junction,N,Not at Intersection,County,Paved,Dry,None, , ,None, , ,N,Y,Work on Shoulder or Median,Activity Area,N,N,0,0,0,0,0,0,0,0,0,0,0,0,0.000000000000000,0.000000000000000,0,0,0,12000,"Mapped, On Network",-80.971576266300005,28.452535550000000,695984.519303999957629,497687.343102000013459,4/29/2019 3:38:29 PM,8083_6824
2351,2352,1,2351,2287,88910109,2019-00024216,Orlando PD,Long,1/18/2019 0:00:00,08:29 AM,Orlando,Orange,SR 408 WEST,BUMBY STREET ENTRANCE RAMP,1000,West,Rear End,2,0,0,2,N,N,N,2300.000000000000000,Clear,Daylight,0,Rear End,W,Injury,Y,Front to Rear,Motor Vehicle in Transport,On Roadway,Non-Junction,N,Not at Intersection,State,Paved,Dry,None, , ,None, , ,N,N, , , , ,0,0,3,0,0,0,0,2,0,0,0,0,0.000000000000000,0.000000000000000,0,0,0,2300,"Mapped, On Network",-81.358026041800002,28.538362191200001,658016.662245000014082,506348.334239999996498,1/30/2019 1:14:29 PM,8318_8309