FID,OBJECTID_1,Join_Count,TARGET_FID,OBJECTID,HSMV_Repor,Agency_Rep,Reporting_,Form_Type,Crash_Date,Crash_Time,City,County,Crash_Stre,Intersecti,Offset_Dis,Offset_Dir,Crash_Type,Vehicles,Non_Motori,Fatalities,Injuries,Alcohol_Re,Distractio,Drug_Relat,Estimated_,Weather_Co,Light_Cond,Street_Num,Crash_Ty_1,Crash_Ty_2,Crash_Seve,Within_Cit,Manner_of_,First_Harm,First_HE_L,First_HE_R,First_HE_W,Type_of_In,Road_Sys_I,Type_of_Sh,Road_Surf_,Contrib_Ci,Contrib__1,Contrib__2,Contrib__3,Contrib__4,Contrib__5,School_Bus,Work_Zone_,Type_of_Wo,Loc_in_Wor,Workers_in,Law_Enforc,Mopeds,Motorcycle,Passengers,Bicyclists,Pedestrian,Fataliti_1,Injuries_U,Possible_I,Non_Incapa,Incapacita,Fataliti_2,Non_Traffi,Transporte,Transpor_1,Transpor_2,Citations,Property_D,Vehicle_Dm,S4_Mapping,S4_Decimal,S4_Decim_1,S4_Albers_,S4_Albers1,S4_Mappi_1,zone_id_st
2352,2353,1,2352,2309,87252462,FHPD19OFF010903,FHP,Short,2/4/2019 0:00:00,06:20 PM,Orlando Expwy Auth,Orange,STATE ROAD 408 (EAST WEST EXPWY),STATE ROAD 417 (GREENEWAY EXPWY),0,West,Sideswipe,2,0,0,0,N,N,N,350.000000000000000,Clear,Dark - Lighted,0,Same Direction Sideswipe,E,Property Damage Only,Y,"Sideswipe, Same Direction",Motor Vehicle in Transport,On Roadway,Non-Junction,N,Not at Intersection,Turnpike/Toll,Paved,Dry,None, , ,None, , ,N,N, , , , ,0,0,0,0,0,0,0,0,0,0,0,0,0.000000000000000,0.000000000000000,0,0,0,350,"Mapped, On Network",-81.252888456600004,28.547327930200002,668260.612219000002369,507568.145615999994334,6/18/2019 10:53:30 AM,8027_6269
2353,2354,1,2353,2346,87252457,FHPD19OFF006703,FHP,Long,1/22/2019 0:00:00,07:20 AM,Orlando Expwy Auth,Orange,STATE ROAD 429 (DANIEL WBSTR BELTWY),WEST ROAD,5280,North,Rear End,2,0,0,0,N,N,N,4000.000000000000000,Clear,Daylight,0,Rear End,N,Property Damage Only,Y,Other,"Struck by Falling, Shifting Cargo",On Roadway,Non-Junction,N,Not at Intersection,Turnpike/Toll,Paved,Dry,Debris, , ,None, , ,N,N, , , , ,0,0,0,0,0,0,0,0,0,0,0,0,0.000000000000000,0.000000000000000,0,0,0,4000,"Mapped, On Network",-81.537002967099994,28.609710874099999,640381.832631999976002,513908.621777000022121,2/13/2019 11:53:03 AM,8460_6069
2354,2355,1,2354,2347,87252456,FHPD19OFF006542,FHP,Long,1/21/2019 0:00:00,04:00 PM,Orlando Expwy Auth,Orange,STATE ROAD 429 (DANIEL WBSTR BELTWY),WEST ROAD,5280,South,Rear End,2,0,0,2,N,N,N,13000.000000000000000,Clear,Daylight,0,Rear End,N,Injury,Y,Front to Rear,Motor Vehicle in Transport,On Roadway,Non-Junction,N,Not at Intersection,Turnpike/Toll,Paved,Dry,None, , ,None, , ,N,N, , , , ,0,0,0,0,0,0,0,1,0,1,0,0,2.000000000000000,0.000000000000000,0,1,0,13000,"Mapped, On Network",-81.557133105899993,28.593286128599999,638453.576010999968275,512045.844714000006206,2/7/2019 12:32:43 PM,6089_6220
2355,2356,1,2355,2351,88083213,FHPD19OFF008560,FHP,Long,1/28/2019 0:00:00,01:13 AM,Orlando Expwy Auth,Orange,SR408 EXIT RAMP,SR417,0, ,Off Road,1,0,0,0,N,N,N,5000.000000000000000,Rain,Dark - Lighted,0,Off Road,E,Property Damage Only,N,Other,Concrete Traffic Barrier,Off Roadway,Non-Junction,N,Not at Intersection,Turnpike/Toll,Paved,Wet,None, , ,None, , ,N,N, , , , ,0,0,0,0,0,0,0,0,0,0,0,0,0.000000000000000,0.000000000000000,0,0,0,5000,"Mapped, On Network",-81.269466714499998,28.547024821099999,666642.724844999960624,507498.535991000011563,4/29/2019 4:06:24 PM,8412_7015
2356,2357,1,2356,2364,88064833,FHPD19OFF010919,FHP,Long,2/4/2019 0:00:00,06:45 PM,Orlando Expwy Auth,Orange,STATE ROAD 417 NB MM27,LEE VISTA BLVD,5280,South,Sideswipe,2,0,0,0,N,N,N,1000.000000000000000,Clear,Dusk,0,Same Direction Sideswipe,N,Property Damage Only,Y,Angle,Motor Vehicle in Transport,On Roadway,Entrance/Exit Ramp,N,Not at Intersection,Turnpike/Toll,Paved,Dry,None, , ,None, , ,N,N, , , , ,0,1,2,0,0,0,0,0,0,0,0,0,0.000000000000000,0.000000000000000,0,0,0,1000,"Mapped, On Network",-81.238500159500006,28.474229580900001,669847.201644000015222,499483.547462999995332,2/13/2019 11:25:27 AM,8544_8386
2357,2358,1,2357,2416,88071290,FHPD19OFF008556,FHP,Long,1/28/2019 0:00:00,12:30 AM,Orlando,Orange,SR-417 (CENTRAL FLORIDA GREENEWAY),NARCOOSSEE ROAD,5280,North,Other,2,0,0,1,N,N,N,6000.000000000000000,Rain,Dark - Not Lighted,0,Other, ,Injury,N,Other,Other Non-Collision,Off Roadway,Non-Junction,N,Not at Intersection,Interstate,Paved,Wet,None, , ,None, , ,N,N, , , , ,0,0,0,0,0,0,0,1,0,0,0,0,0.000000000000000,0.000000000000000,0,0,5000,1000,"Mapped, On Network",-81.236768341699999,28.404422333700001,670190.107132000033744,491736.734991999983322,4/29/2019 3:42:16 PM,8598_8531
2358,2359,1,2358,2444,88064824,FHPD19OFF007883,FHP,Short,1/25/2019 0:00:00,06:47 PM,Orlando Expwy Auth,Orange,STATE ROAD 417 SB MM17,BOGGY CREEK RD,0,South,Rear End,2,0,0,0,N,N,N,1000.000000000000000,Clear,Dark - Lighted,0,Rear End,S,Property Damage Only,Y,Front to Rear,Motor Vehicle in Transport,On Roadway,Non-Junction,N,Not at Intersection,Turnpike/Toll,Paved,Dry,None, , ,None, , ,N,N, , , , ,0,0,3,0,0,0,0,0,0,0,0,0,0.000000000000000,0.000000000000000,0,1,0,1000,"Mapped, On Network",-81.313956738800002,28.368500093200002,662730.690411000046879,487581.511666000005789,4/26/2019 12:32:02 PM,11015_8482
2359,2360,1,2359,2492,88064825,FHPD19OFF008843,FHP,Long,1/28/2019 0:00:00,06:11 PM,Orlando Expwy Auth,Orange,STATE ROAD 408 EB MM18,STATE ROAD 417,5280,West,Rear End,3,0,0,0,N,N,N,6000.000000000000000,Clear,Dark - Lighted,0,Rear End,E,Property Damage Only,Y,Front to Rear,Motor Vehicle in Transport,On Roadway,Non-Junction,N,Not at Intersection,Turnpike/Toll,Paved,Dry,None, , ,None, , ,N,N, , , , ,0,0,0,0,0,0,0,0,0,0,0,0,0.000000000000000,0.000000000000000,0,1,0,6000,"Mapped, On Network",-81.277247079099993,28.544574916399998,665889.085250000003725,507209.726640000008047,4/29/2019 4:08:57 PM,8412_7015
2360,2361,1,2360,2507,88037133,FHPD19OFF011383,FHP,Long,2/6/2019 0:00:00,08:54 AM,Orlando Expwy Auth,Orange,STATE ROAD 408 EASTBOUND,MILE MARKER 6,0, ,Rear End,2,0,0,0,N,Y,N,9000.000000000000000,Clear,Daylight,0,Rear End,E,Property Damage Only,N,Front to Rear,Motor Vehicle in Transport,On Roadway,Non-Junction,N,Not at Intersection,Turnpike/Toll,Paved,Dry,None, , ,None, , ,N,N, , , , ,0,0,0,0,0,0,0,0,0,0,0,0,0.000000000000000,0.000000000000000,0,1,0,9000,"Mapped, On Network",-81.443037146699993,28.548207882400000,649692.968815000029281,507266.509148999990430,5/7/2019 11:44:27 AM,8205_6294
2361,2362,1,2361,2567,87947779,2019-00014736,Orlando PD,Long,1/11/2019 0:00:00,05:25 PM,Orlando,Orange,SR 417 SBO,BOGGY CREEK RD,1000,East,Rear End,2,0,0,1,N,N,N,15000.000000000000000,Clear,Dark - Lighted,0,Rear End,S,Injury,Y,Front to Rear,Motor Vehicle in Transport,On Roadway,Non-Junction,N,Not at Intersection,State,Curb,Dry,None, , ,None, , ,N,N, , , , ,0,0,0,0,0,0,0,0,1,0,0,0,1.000000000000000,0.000000000000000,0,0,0,15000,"Mapped, On Network",-81.305934748799999,28.370163917900001,663511.186310000019148,487783.363552000024356,1/30/2019 12:05:30 PM,11015_8482
2362,2363,1,2362,2596,88910003,2019-00034739,Orlando PD,Long,1/26/2019 0:00:00,12:15 AM,Orlando,Orange,EASTWEST EXPRESSWAY EB,I4 EB,100,West,Rear End,2,0,0,1,N,N,N,5800.000000000000000,Clear,Dark - Unknown Lighting,0,Rear End,E,Injury,Y,Front to Rear,Motor Vehicle in Transport,On Roadway,Non-Junction,N,Not at Intersection,State,Paved,Dry,None, , ,None, , ,N,N, , , , ,0,0,0,0,0,0,0,1,0,0,0,0,0.000000000000000,0.000000000000000,0,1,0,5800,"Mapped, On Network",-81.385826836400000,28.535152008699999,655309.587078999960795,505934.041757000028156,4/29/2019 3:06:51 PM,6679_6276
2363,2364,1,2363,2604,88083210,FHPD19OFF008001,FHP,Long,1/26/2019 0:00:00,08:16 AM,Orlando Expwy Auth,Orange,SR408,22MM,0, ,Rear End,2,0,0,2,N,N,N,2300.000000000000000,Clear,Daylight,0,Rear End,W,Injury,N,Front to Rear,Motor Vehicle in Transport,On Roadway,Non-Junction,N,Not at Intersection,Turnpike/Toll,Paved,Dry,None, , ,None, , ,N,N, , , , ,0,0,3,0,0,0,0,2,0,0,0,0,0.000000000000000,0.000000000000000,0,1,0,2300,"Mapped, On Network",-81.191390961400003,28.554738330900001,674246.188997999997810,508526.179923999996390,2/6/2019 12:22:24 PM,8178_6921
2364,2365,1,2364,2606,88080980,FHPD19OFF007867,FHP,Short,1/25/2019 0:00:00,05:55 PM,Orlando Expwy Auth,Orange,EB  SR-408 EXIT RAMP,SR-50,5280,South,Off Road,1,0,0,0,N,N,N,10000.000000000000000,Clear,Dusk,0,Off Road,N,Property Damage Only,Y,Other,Concrete Traffic Barrier,Shoulder,Entrance/Exit Ramp,N,Not at Intersection,Turnpike/Toll,Paved,Dry,None, , ,None, , ,N,N, , , , ,0,0,0,0,0,0,0,0,0,0,0,0,0.000000000000000,0.000000000000000,0,1,0,10000,"Mapped, Not On Network",-81.511669999999995,28.544960024700000,642999.021900000050664,506768.782899999991059,6/4/2019 2:36:39 PM,8114_8152
2365,2366,1,2365,2607,88080979,FHPD19OFF007837,FHP,Long,1/25/2019 0:00:00,04:50 PM,Orlando Expwy Auth,Orange,NB SR- 417,SR-15,0,North,Rear End,2,0,0,2,N,N,N,16500.000000000000000,Cloudy,Daylight,0,Rear End,N,Injury,Y,Front to Rear,Motor Vehicle in Transport,On Roadway,Non-Junction,N,Not at Intersection,Turnpike/Toll,Paved,Dry,None, , ,None, , ,N,N, , , , ,0,0,1,0,0,0,0,0,2,0,0,0,2.000000000000000,0.000000000000000,0,1,0,16500,"Mapped, On Network",-81.242966301699994,28.401234181200000,669592.084201000048779,491369.192944000009447,5/31/2019 3:34:47 PM,8512_8598
2366,2367,1,2366,2619,87944247,2019-00036301,Orlando PD,Long,1/27/2019 0:00:00,11:18 AM,Orlando,Orange,BEELINE  WBO SR528,S. SEMORAN BV ENTRANCE RAMP,50,East,Rear End,3,0,0,0,N,N,N,1300.000000000000000,Rain,Daylight,0,Rear End, ,Property Damage Only,Y,Front to Rear,Motor Vehicle in Transport,On Roadway,Non-Junction,N,Not at Intersection,State,Paved,Wet,None, , ,None, , ,N,N, , , , ,0,0,5,0,0,0,0,0,0,0,0,0,0.000000000000000,0.000000000000000,0,0,0,1300,"Mapped, On Network",-81.299414236499999,28.451346731600001,663951.434896999970078,496811.042567999975290,5/3/2019 9:42:52 AM,8183_6664
2367,2368,1,2367,2636,87252452,FHPD19OFF003764,FHP,Long,1/12/2019 0:00:00,01:15 PM,Orlando Expwy Auth,Orange,STATE ROAD 417 (GREENEWAY EXPRESSWAY),STATE ROAD 91 (FLORIDAS TURNPIKE),1000,South,Off Road,2,0,0,0,N,N,N,30500.000000000000000,Clear,Daylight,0,Off Road,N,Property Damage Only,Y,Other,Impact Attenuator/Crash Cushion,Shoulder,Entrance/Exit Ramp,Y,Not at Intersection,Turnpike/Toll,Paved,Dry,None, , ,None, , ,N,N, , , , ,0,0,1,0,0,0,0,0,0,0,0,0,0.000000000000000,0.000000000000000,0,1,10000,20500,"Mapped, Not On Network",-81.383920000000003,28.368070048800000,655889.408177000004798,487386.642097999982070,5/30/2019 11:07:10 AM,6167_9178
2368,2369,1,2368,2650,87947289,2019-00009104,Orlando PD,Short,1/15/2019 0:00:00,01:57 AM,Orlando,Orange,SR-417 (CENTRAL FLORIDA GREENWAY), ,0, ,Off Road,1,0,0,1,N,N,N,4000.000000000000000,Clear,Dark - Lighted,0,Off Road,S,Injury,Y,Other,Guardrail Face,Shoulder,Non-Junction,N,Not at Intersection,State,Paved,Dry,None, , ,None, , ,N,N, , , , ,0,0,0,0,0,0,0,1,0,0,0,0,0.000000000000000,0.000000000000000,0,0,0,4000,"Mapped, On Network",-81.263197688500000,28.384143241699999,667656.238336000009440,489427.528888000000734,5/31/2019 2:48:18 PM,6170_8603
2369,2370,1,2369,2716,88019555,FHPK19OFF004964,FHP,Long,1/24/2019 0:00:00,05:53 PM,Winter Garden,Orange,SR-429 ( DANIEL WEBSTER WESTERN BELTWAY),DANIELS RD,730,North,Rear End,2,0,0,1,N,N,N,2000.000000000000000,Clear,Daylight,0,Rear End,S,Injury,N,Front to Rear,Motor Vehicle in Transport,On Roadway,Entrance/Exit Ramp,Y,Not at Intersection,State,Paved,Dry,None, , ,None, , ,N,N, , , , ,0,0,2,0,0,0,0,1,0,0,0,0,1.000000000000000,0.000000000000000,0,1,0,2000,"Mapped, On Network",-81.583773219400001,28.519331206299999,636014.428680000011809,503783.071424000023399,1/30/2019 12:09:22 PM,8464_8492
2370,2371,1,2370,2751,88909806,2019-00021773,Orlando PD,Long,1/16/2019 0:00:00,05:20 PM,Orlando,Orange,EW WBO,S WESTMORELAND DR,0,East,Rear End,2,0,0,0,N,N,N,3100.000000000000000,Clear,Dark - Lighted,0,Rear End,W,Property Damage Only,Y,Front to Rear,Motor Vehicle in Transport,On Roadway,Non-Junction,N,Not at Intersection,State,Curb,Dry,None, , ,None, , ,N,N, , , , ,0,0,0,0,0,0,0,0,0,0,0,0,0.000000000000000,0.000000000000000,0,0,0,3100,"Mapped, On Network",-81.393309032100007,28.535305653999998,654578.597178000025451,505935.632235999975819,4/29/2019 3:12:44 PM,8272_8254
2371,2372,1,2371,2752,88909624,2019-00038141,Orlando PD,Long,1/28/2019 0:00:00,08:25 PM,Orlando,Orange,SR 408 WBO,EXIT 9 (S ORANGE BLOSSOM TRAIL,0,West,Rear End,2,0,0,2,N,N,N,1999.000000000000000,Clear,Dark - Unknown Lighting,0,Rear End,W,Injury,Y,Front to Rear,Motor Vehicle in Transport,On Roadway,Entrance/Exit Ramp,N,Not at Intersection,Turnpike/Toll,Paved,Dry,None, , ,None, , ,N,N, , , , ,0,0,4,0,0,0,0,2,0,0,0,0,0.000000000000000,0.000000000000000,0,0,0,1999,"Mapped, On Network",-81.393993567799996,28.535301369999999,654511.763016000040807,505933.743552999978419,4/29/2019 3:13:44 PM,8272_8254
2372,2373,1,2372,2842,88027256,FHPD19OFF012599,FHP,Long,2/10/2019 0:00:00,07:42 AM,Orlando Expwy Auth,Orange,SR-429,FULLERS CROSS ROAD,500,North,Other,2,0,0,0,N,Y,N,25000.000000000000000,Rain,Daylight,0,Parked Vehicle,S,Property Damage Only,N,Front to Rear,Parked Motor Vehicle,On Roadway,Non-Junction,N,Not at Intersection,Turnpike/Toll,Paved,Wet,None, , ,None, , ,N,N, , , , ,0,0,1,0,0,0,0,0,0,0,0,0,0.000000000000000,0.000000000000000,0,1,0,25000,"Mapped, On Network",-81.555695442100003,28.596131329500000,638587.628383000032045,512364.538276000006590,2/25/2019 1:03:26 PM,6248_5993
2373,2374,1,2373,2843,88027255,FHPD19OFF012040,FHP,Long,2/8/2019 0:00:00,09:35 AM,Orlando Expwy Auth,Orange,SR-417,JEFF FUQUA BLVD,1000,South,Rear End,2,0,0,0,N,Y,N,1000.000000000000000,Clear,Daylight,0,Rear End,S,Property Damage Only,N,Front to Rear,Motor Vehicle in Transport,Off Roadway,Non-Junction,N,Not at Intersection,Turnpike/Toll,Paved,Dry,None, , ,None, , ,N,N, , , , ,0,0,0,0,0,0,0,0,0,0,0,0,0.000000000000000,0.000000000000000,0,0,0,1000,"Mapped, On Network",-81.334732834700006,28.367811544100000,660700.482716000056826,487460.967614000022877,5/8/2019 11:32:24 AM,6630_6324
2374,2375,1,2374,2886,88019554,FHPK19OFF003882,FHP,Short,1/18/2019 0:00:00,04:28 PM,Winter Garden,Orange,SR-429 (DANIEL WEBSTER WESTERN BELTWAY),SR-91 (FLORIDA TURNPIKE),15840,South,Rear End,2,0,0,0,N,N,N,2000.000000000000000,Clear,Daylight,0,Rear End,N,Property Damage Only,N,Angle,Motor Vehicle in Transport,On Roadway,Non-Junction,N,Not at Intersection,State,Paved,Dry,None, , ,None, , ,N,N, , , , ,0,0,0,0,0,0,0,0,0,0,0,0,0.000000000000000,0.000000000000000,0,1,0,2000,"Mapped, Not On Network",-81.559329999599996,28.561050024299998,638310.011999999987893,508462.302099999971688,6/18/2019 10:27:33 AM,8500_8421
2375,2376,1,2375,2918,87233953,FHPK19OFF013040,FHP,Short,3/7/2019 0:00:00,07:47 AM,Unincorporated,Orange,STATE ROAD 429 (WESTERN BELTWAY) SOUTH,STATE ROAD 91 (MILE MARKER 22),75,North,Sideswipe,2,0,0,0,N,N,N,9000.000000000000000,Clear,Daylight,0,Same Direction Sideswipe,S,Property Damage Only,N,Other,Motor Vehicle in Transport,On Roadway,Entrance/Exit Ramp,N,Not at Intersection,Turnpike/Toll,Paved,Dry,None, , ,None, , ,N,N, , , , ,0,0,0,0,0,0,0,0,0,0,0,0,0.000000000000000,0.000000000000000,0,1,0,9000,"Mapped, On Network",-81.559388813499993,28.553972282600000,638319.825869000051171,507676.318756000022404,6/3/2019 11:14:54 AM,8423_8507
2376,2377,1,2376,2920,87206643,FHPK19OFF012874,FHP,Short,3/6/2019 0:00:00,08:53 AM,Unincorporated,Orange,STATE ROAD 429 (WESTERN BELTWAY),STATE ROAD 91 (FLORIDA TURNPIKE),0, ,Rear End,2,0,0,0,N,N,N,2000.000000000000000,Clear,Daylight,0,Rear End,S,Property Damage Only,N,Angle,Motor Vehicle in Transport,On Roadway,Entrance/Exit Ramp,Y,Not at Intersection,State,Paved,Dry,None, , ,None, , ,N,N, , , , ,0,0,0,0,0,0,0,0,0,0,0,0,0.000000000000000,0.000000000000000,0,0,0,2000,"Mapped, Not On Network",-81.559379999599997,28.553980024500000,638320.669400000013411,507677.195400000025984,5/30/2019 3:41:35 PM,8423_8507
2377,2378,1,2377,2921,87206641,FHPK19OFF012702,FHP,Long,3/5/2019 0:00:00,09:54 AM,Unincorporated,Orange,STATE ROAD 429 (WESTERN BELTWAY),STATE ROAD 91 (FLORIDA TURNPIKE),0,South,Rear End,2,0,0,1,N,N,N,8600.000000000000000,Rain,Daylight,0,Rear End,S,Injury,N,Angle,Motor Vehicle in Transport,On Roadway,Non-Junction,N,Not at Intersection,State,Paved,Wet,Road Surface Condition, , ,Weather Conditions, , ,N,N, , , , ,0,0,1,0,0,0,0,1,0,0,0,0,0.000000000000000,0.000000000000000,0,0,600,8000,"Mapped, On Network",-81.557025162399995,28.537618121900000,638586.579304000013508,505865.020814999996219,6/18/2019 11:01:08 AM,8470_6274
2378,2379,1,2378,2923,87168531,FHPD19OFF018559,FHP,Long,2/27/2019 0:00:00,11:25 PM,Orlando,Orange,SR-417 25MM,SR-528,0,North,Rear End,3,0,0,0,N,N,N,6000.000000000000000,Cloudy,Dark - Lighted,0,Rear End,N,Property Damage Only,N,Other,Motor Vehicle in Transport,On Roadway,Non-Junction,N,Not at Intersection,Turnpike/Toll,Paved,Wet,None, , ,None, , ,N,N, , , , ,0,0,0,0,0,0,0,0,0,0,0,0,0.000000000000000,0.000000000000000,0,0,0,6000,"Mapped, On Network",-81.230299570000000,28.448034578000001,670713.743978000013158,496593.130179999978282,5/28/2019 3:30:55 PM,7993_7091
2379,2380,1,2379,2942,88027253,FHPD19OFF005746,FHP,Long,1/18/2019 0:00:00,04:10 PM,Orlando Expwy Auth,Orange,SR-417,BOGGY CREEK RD,100,South,Rear End,2,0,0,0,N,N,N,1000.000000000000000,Clear,Daylight,0,Rear End,S,Property Damage Only,N,Front to Rear,Motor Vehicle in Transport,On Roadway,Non-Junction,N,Not at Intersection,Turnpike/Toll,Paved,Dry,None, , ,None, , ,N,N, , , , ,0,0,0,0,0,0,0,0,0,0,0,0,0.000000000000000,0.000000000000000,0,1,0,1000,"Mapped, On Network",-81.310152011599996,28.369304837100000,663100.834939999971539,487678.974672999989707,6/18/2019 10:27:23 AM,11015_8482
2380,2381,1,2380,2943,88064823,FHPD19OFF005963,FHP,Short,1/19/2019 0:00:00,10:54 AM,Orlando Expwy Auth,Orange,STATE ROAD 528 EB,COUNTY  ROAD 15,10,West,Rear End,2,0,0,0,N,N,N,2000.000000000000000,Clear,Daylight,0,Rear End,E,Property Damage Only,Y,Front to Rear,Motor Vehicle in Transport,On Roadway,Entrance/Exit Ramp,N,Not at Intersection,Turnpike/Toll,Curb,Dry,None, , ,None, , ,N,N, , , , ,0,0,1,0,0,0,0,0,0,0,0,0,0.000000000000000,0.000000000000000,0,1,0,2000,"Mapped, Not On Network",-81.270300000500001,28.448450024900001,666803.677400000044145,496552.077500000013970,6/18/2019 10:25:52 AM,6156_8052
2381,2382,1,2381,3049,88909441,2019-00075291,Orlando PD,Short,2/25/2019 0:00:00,09:57 AM,Orlando,Orange,SR 408,ROSALIND AV,0,West,Other,2,0,0,0,N,N,N,1500.000000000000000,Clear,Daylight,0,Backed Into,W,Property Damage Only,Y,Other,Motor Vehicle in Transport,On Roadway,Entrance/Exit Ramp,N,Not at Intersection,State,Paved,Dry,None, , ,None, , ,N,N, , , , ,0,0,0,0,0,0,0,0,0,0,0,0,0.000000000000000,0.000000000000000,0,0,0,1500,"Mapped, On Network",-81.375937941399997,28.536656517899999,656271.671556000015698,506121.601178999990225,5/28/2019 10:12:15 AM,6737_6230
2382,2383,1,2382,3078,88077630,FHPD19OFF005683,FHP,Short,1/18/2019 0:00:00,02:20 PM,Orlando Expwy Auth,Orange,STATE RD 417 EXIT RAMP,LANDSTAR BLVD,200,North,Rear End,2,0,0,0,N,N,N,750.000000000000000,Clear,Daylight,0,Rear End,N,Property Damage Only,N,Front to Rear,Motor Vehicle in Transport,On Roadway,Entrance/Exit Ramp,N,Not at Intersection,Turnpike/Toll,Paved,Dry,None, , ,None, , ,N,N, , , , ,0,0,0,0,0,0,0,0,0,0,0,0,0.000000000000000,0.000000000000000,0,1,0,750,"Mapped, Not On Network",-81.374719999600003,28.368170024400001,656788.925500000012107,487416.867000000027474,6/18/2019 10:24:44 AM,9178_7997
2383,2384,1,2383,3106,88912043,2019-00071523,Orlando PD,Long,2/22/2019 0:00:00,12:05 PM,Orlando,Orange,SR 408 WBO,S. MILLS AVE,100,West,Rear End,2,0,0,1,N,N,N,4500.000000000000000,Clear,Daylight,0,Rear End,W,Injury,Y,Front to Rear,Motor Vehicle in Transport,On Roadway,Non-Junction,N,Not at Intersection,State,Paved,Dry,None, , ,None, , ,N,N, , , , ,0,0,0,0,0,0,0,1,0,0,0,0,1.000000000000000,0.000000000000000,0,0,0,4500,"Mapped, On Network",-81.358947312200002,28.538341392600000,657926.753681999980472,506344.097673000011127,5/23/2019 9:58:20 AM,8318_8309
2384,2385,1,2384,3108,88911859,2019-00071554,Orlando PD,Long,2/22/2019 0:00:00,12:24 PM,Orlando,Orange,SR 408 WEST,ROSALIND AVE EXIT RAMP,50,East,Sideswipe,2,0,0,0,N,N,N,750.000000000000000,Clear,Daylight,0,Same Direction Sideswipe,W,Property Damage Only,Y,"Sideswipe, Same Direction",Motor Vehicle in Transport,Shoulder,Non-Junction,N,Not at Intersection,State,Paved,Dry,None, , ,None, , ,N,N, , , , ,0,0,0,0,0,0,0,0,0,0,0,0,0.000000000000000,0.000000000000000,0,0,0,750,"Mapped, On Network",-81.374365831600002,28.537088783000002,656424.161992999957874,506172.864012999983970,6/3/2019 10:28:52 AM,6737_6230
2385,2386,1,2385,3114,88909665,2019-00069971,Orlando PD,Long,2/21/2019 0:00:00,10:08 AM,Orlando,Orange,CENTRAL FL GRNWY SBO(S.R. 417),LAKE NONA BLVD,2640,East,Other,1,0,0,1,N,N,N,15000.000000000000000,Clear,Daylight,0,Single Vehicle,W,Injury,Y,Other,Ran into Water/Canal,On Roadway,Non-Junction,N,Not at Intersection,State,Paved,Dry,None, , ,None, , ,N,N, , , , ,0,0,0,0,0,0,0,1,0,0,0,0,0.000000000000000,0.000000000000000,0,0,0,15000,"Mapped, On Network",-81.262548561700001,28.384371756200000,667719.148471000022255,489454.309818000008818,5/22/2019 2:55:16 PM,6170_8603
2386,2387,1,2386,3115,87943601,2019-00070394,Orlando PD,Long,2/21/2019 0:00:00,04:02 PM,Orlando,Orange,S R 528,S R 436 (S SEMORAN RD),10,West,Rear End,2,0,0,0,N,N,N,3000.000000000000000,Clear,Daylight,0,Rear End,E,Property Damage Only,Y,Front to Rear,Motor Vehicle in Transport,On Roadway,Non-Junction,N,Not at Intersection,Turnpike/Toll,Paved,Dry,None, , ,None, , ,N,N, , , , ,0,0,2,0,0,0,0,0,0,0,0,0,0.000000000000000,0.000000000000000,0,0,0,3000,"Mapped, On Network",-81.303698323199995,28.451408822800001,663532.630332999979146,496808.773836000007577,5/28/2019 11:37:16 AM,8296_8190
2387,2388,1,2387,3154,88005705,FHPD19OFF005570,FHP,Long,1/18/2019 0:00:00,07:55 AM,Orlando Expwy Auth,Orange,EB SR-408,CR-431,5280,East,Rear End,2,0,0,0,N,N,N,8100.000000000000000,Clear,Daylight,0,Rear End,E,Property Damage Only,Y,Front to Rear,Motor Vehicle in Transport,On Roadway,Non-Junction,N,Not at Intersection,Turnpike/Toll,Paved,Dry,None, , ,None, , ,N,N, , , , ,0,0,0,0,0,0,0,0,0,0,0,0,0.000000000000000,0.000000000000000,0,1,0,8100,"Mapped, On Network",-81.435179011499997,28.548098654600000,650460.474555999971926,507270.317366999981459,5/29/2019 4:02:59 PM,5905_6014
2388,2389,1,2388,3204,88064858,FHPD19OFF020911,FHP,Long,3/7/2019 0:00:00,08:24 AM,Orlando Expwy Auth,Orange,STATE ROAD 528 WB MM24,DALLAS BLVD,200,West,Rear End,4,0,0,3,N,N,N,15500.000000000000000,Clear,Daylight,0,Rear End,W,Injury,Y,Front to Rear,Motor Vehicle in Transport,On Roadway,Non-Junction,N,Not at Intersection,State,Paved,Dry,None, , ,None, , ,N,N, , , , ,0,0,3,0,0,0,0,1,2,0,0,0,2.000000000000000,0.000000000000000,0,1,0,15500,"Mapped, On Network",-81.095803038000000,28.451711248700001,683847.601828000042588,497303.764606999990065,5/23/2019 11:38:08 AM,6322_8112
2389,2390,1,2389,3207,88080999,FHPD19OFF020903,FHP,Long,3/7/2019 0:00:00,08:05 AM,Orlando Expwy Auth,Orange,WB SR-408,SR-423,0,West,Rear End,2,0,0,0,N,N,N,1000.000000000000000,Clear,Daylight,0,Rear End,W,Property Damage Only,Y,Front to Rear,Motor Vehicle in Transport,On Roadway,Non-Junction,N,Not at Intersection,Turnpike/Toll,Paved,Dry,None, , ,None, , ,N,N, , , , ,0,0,0,0,0,0,0,0,0,0,0,0,0.000000000000000,0.000000000000000,0,0,0,1000,"Mapped, On Network",-81.416949206799998,28.544905572499999,652247.823506999993697,506952.942459999991115,5/30/2019 2:13:54 PM,8215_6440