FID,OBJECTID_1,Join_Count,TARGET_FID,OBJECTID,HSMV_Repor,Agency_Rep,Reporting_,Form_Type,Crash_Date,Crash_Time,City,County,Crash_Stre,Intersecti,Offset_Dis,Offset_Dir,Crash_Type,Vehicles,Non_Motori,Fatalities,Injuries,Alcohol_Re,Distractio,Drug_Relat,Estimated_,Weather_Co,Light_Cond,Street_Num,Crash_Ty_1,Crash_Ty_2,Crash_Seve,Within_Cit,Manner_of_,First_Harm,First_HE_L,First_HE_R,First_HE_W,Type_of_In,Road_Sys_I,Type_of_Sh,Road_Surf_,Contrib_Ci,Contrib__1,Contrib__2,Contrib__3,Contrib__4,Contrib__5,School_Bus,Work_Zone_,Type_of_Wo,Loc_in_Wor,Workers_in,Law_Enforc,Mopeds,Motorcycle,Passengers,Bicyclists,Pedestrian,Fataliti_1,Injuries_U,Possible_I,Non_Incapa,Incapacita,Fataliti_2,Non_Traffi,Transporte,Transpor_1,Transpor_2,Citations,Property_D,Vehicle_Dm,S4_Mapping,S4_Decimal,S4_Decim_1,S4_Albers_,S4_Albers1,S4_Mappi_1,zone_id_st
2390,2391,1,2390,3210,87252477,FHPD19OFF019638,FHP,Short,3/3/2019 0:00:00,05:30 AM,Orlando Expwy Auth,Orange,STATE ROAD 417 (GREENEWAY EXPRESSWAY),CURRY FORD ROAD,5280,South,Rear End,2,0,0,0,N,N,N,750.000000000000000,Clear,Dark - Not Lighted,0,Rear End,S,Property Damage Only,Y,Front to Rear,Motor Vehicle in Transport,On Roadway,Non-Junction,N,Not at Intersection,Turnpike/Toll,Paved,Dry,None, , ,None, , ,N,N, , , , ,0,0,1,0,0,0,0,0,0,0,0,0,0.000000000000000,0.000000000000000,0,3,0,750,"Mapped, On Network",-81.243784629499999,28.499970904000001,669267.011276999954134,502330.015371999994386,6/5/2019 11:28:08 AM,8559_6030
2391,2392,1,2391,3241,88020019,FHPK19OFF003783,FHP,Long,1/18/2019 0:00:00,08:45 AM,Ocoee,Orange,STATE ROAD-429,MM22,0, ,Rear End,2,0,0,0,N,N,N,10500.000000000000000,Clear,Daylight,0,Rear End,S,Property Damage Only,N,Front to Rear,Motor Vehicle in Transport,On Roadway,Non-Junction,N,Not at Intersection,State,Paved,Dry,None, , ,None, , ,N,N, , , , ,0,0,0,0,0,0,0,0,0,0,0,0,0.000000000000000,0.000000000000000,0,1,0,10500,"Mapped, On Network",-81.558927826100003,28.532615417199999,638411.782315999967977,505305.869983999989927,6/18/2019 10:28:14 AM,8524_6989
2392,2393,1,2392,3298,88089895,FHPD19OFF016939,FHP,Long,2/23/2019 0:00:00,12:31 AM,Unincorporated,Orange,STATE ROAD 408 (EAST-WEST EXPRESSWAY),STATE ROAD 434 (ALAFAYA TRAIL),0,East,Rear End,2,0,0,1,N,N,N,6000.000000000000000,Clear,Dark - Lighted,0,Rear End,E,Injury,N,Front to Rear,Motor Vehicle in Transport,On Roadway,Non-Junction,N,Not at Intersection,State,Paved,Dry,None, , ,None, , ,N,N, , , , ,0,1,0,0,0,0,0,0,0,1,0,0,1.000000000000000,0.000000000000000,0,0,0,6000,"Mapped, On Network",-81.198868546400007,28.550915599800000,673525.809794000000693,508085.145477999991272,5/23/2019 10:29:53 AM,8041_6970
2393,2394,1,2393,3325,88908661,2019-00052457,Orlando PD,Long,2/8/2019 0:00:00,08:27 AM,Orlando,Orange,SR 408 (EAST/WEST EXPRESSWAY),SR 400 (INTERSTATE 4),400,East,Rear End,4,0,0,0,N,N,N,7800.000000000000000,Clear,Daylight,0,Rear End,W,Property Damage Only,Y,Front to Rear,Motor Vehicle in Transport,On Roadway,Non-Junction,N,Not at Intersection,State,Curb,Dry,None, , ,None, , ,N,N, , , , ,0,0,1,0,0,0,0,0,0,0,0,0,0.000000000000000,0.000000000000000,0,0,0,7800,"Mapped, On Network",-81.379879685600002,28.535540098900000,655889.404292999999598,505989.458692000014707,5/8/2019 10:36:35 AM,6230_8274
2394,2395,1,2394,3379,87233601,FHPK19OFF003173,FHP,Short,1/14/2019 0:00:00,05:18 PM,Winter Garden,Orange,STATE ROAD 429,WINTER GARDEN VINELAND ROAD,0,North,Rear End,2,0,0,0,N,N,N,6000.000000000000000,Cloudy,Daylight,0,Rear End,S,Property Damage Only,N,Front to Rear,Motor Vehicle in Transport,Shoulder,Entrance/Exit Ramp,Y,Not at Intersection,Interstate,Paved,Dry,None, , ,None, , ,N,N, , , , ,0,0,0,0,0,0,0,0,0,0,0,0,0.000000000000000,0.000000000000000,0,1,0,6000,"Mapped, On Network",-81.579524935999999,28.522247487800001,636422.986498999991454,504115.017670999979600,7/18/2019 2:34:37 PM,6989_8464
2395,2396,1,2395,3386,88080984,FHPD19OFF012780,FHP,Long,2/10/2019 0:00:00,03:19 PM,Orlando Expwy Auth,Orange,SB SR-417 EXIT RAMP,SR-551,5280,East,Sideswipe,2,0,0,0,N,N,N,10000.000000000000000,Cloudy,Daylight,0,Same Direction Sideswipe,W,Property Damage Only,Y,"Sideswipe, Same Direction",Motor Vehicle in Transport,On Roadway,Entrance/Exit Ramp,N,Not at Intersection,Turnpike/Toll,Paved,Wet,None, , ,None, , ,N,N, , , , ,0,0,0,0,0,0,0,0,0,0,0,0,0.000000000000000,0.000000000000000,0,0,0,10000,"Mapped, On Network",-81.273275126399994,28.546632256300001,666271.849432999966666,507446.720872999983840,5/8/2019 10:51:38 AM,6879_6918
2396,2397,1,2396,3412,85595606,FHPD19OFF013517,FHP,Long,2/12/2019 0:00:00,05:48 PM,Orlando,Orange,STATE ROAD 417 SOUTHBOUND,BOGGY CREEK ROAD,5280,North,Rear End,2,0,0,0,N,Y,N,600.000000000000000,Cloudy,Dusk,0,Rear End,S,Property Damage Only,N,Front to Rear,Motor Vehicle in Transport,On Roadway,Non-Junction,Y,Not at Intersection,State,Paved,Wet,None, , ,None, , ,N,N, , , , ,0,0,0,0,0,0,0,0,0,0,0,0,0.000000000000000,0.000000000000000,0,1,0,600,"Mapped, On Network",-81.294368009600007,28.372782592099998,664635.987548999954015,488098.885132999974303,5/28/2019 10:17:02 AM,6486_8601
2397,2398,1,2397,3420,88909660,2019-00056203,Orlando PD,Long,2/11/2019 0:00:00,06:49 AM,Orlando,Orange,E/W EXPRESSWAY (SR 408),E. SOUTH ST. EXIT RAMP,800,East,Rear End,2,0,0,1,N,N,N,2200.000000000000000,Clear,Dawn,0,Rear End,W,Injury,Y,Front to Rear,Motor Vehicle in Transport,On Roadway,Non-Junction,N,Not at Intersection,State,Unpaved,Dry,None, , ,None, , ,N,N, , , , ,0,0,4,0,0,0,0,1,0,0,0,0,0.000000000000000,0.000000000000000,0,0,0,2200,"Mapped, On Network",-81.337516609500000,28.538567040899999,660018.823729999945499,506414.158096000028308,5/1/2019 4:59:59 PM,6177_8353
2398,2399,1,2398,3428,88037122,FHPD19OFF005474,FHP,Long,1/17/2019 0:00:00,07:32 PM,Orlando Expwy Auth,Orange,STATE ROAD 417 SOUTHBOUND,MILE MARKER 9,0, ,Rear End,2,0,0,1,N,Y,N,25000.000000000000000,Clear,Dark - Lighted,0,Rear End,S,Injury,N,Front to Rear,Motor Vehicle in Transport,On Roadway,Non-Junction,N,Not at Intersection,Turnpike/Toll,Paved,Dry,None, , ,None, , ,N,N, , , , ,0,0,2,0,0,0,0,0,0,1,0,0,1.000000000000000,0.000000000000000,0,1,0,25000,"Mapped, On Network",-81.430127849399994,28.369393034300000,651367.229286000016145,487438.497633000020869,7/25/2019 4:14:52 PM,8290_8292
2399,2400,1,2399,3446,88086085,FHPD19OFF020854,FHP,Long,3/7/2019 0:00:00,02:20 AM,Orlando,Orange,SR 408 WB,MM6,0, ,Off Road,1,0,0,0,N,N,N,4000.000000000000000,Clear,Dark - Lighted,0,Off Road,W,Property Damage Only,N,Other,Other Fixed Object,Off Roadway,Non-Junction,N,Not at Intersection,State,Paved,Dry,None, , ,None, , ,N,N, , , , ,0,0,0,0,0,0,0,0,0,0,0,0,0.000000000000000,0.000000000000000,0,0,0,4000,"Mapped, On Network",-81.435981713199993,28.548422573500002,650381.352329000015743,507304.652569999976549,5/30/2019 3:36:52 PM,5934_6489
2400,2401,1,2400,3481,88052422,FHPD19OFF005186,FHP,Long,1/17/2019 0:00:00,12:30 AM,Orlando,Orange,STATE ROAD 417,MM37,5280,South,Rollover,1,0,0,0,N,N,N,4000.000000000000000,Clear,Dark - Lighted,0,Rollover,N,Property Damage Only,N,Other,Overturn/Rollover,On Roadway,Non-Junction,N,Not at Intersection,Turnpike/Toll,Paved,Dry,None, , ,None, , ,N,N, , , , ,0,0,0,0,0,0,0,0,0,0,0,0,0.000000000000000,0.000000000000000,0,0,0,4000,"Mapped, On Network",-81.251770065100004,28.602015139399999,668234.466237999964505,513642.388903999992181,7/22/2019 3:42:31 PM,8449_5988
2401,2402,1,2401,3503,88909735,2019-00041605,Orlando PD,Long,1/31/2019 0:00:00,08:03 AM,Orlando,Orange,SR 408 (E/W EXPRESSWAY),SR 400 (INTERSTATE 4),5280,East,Sideswipe,2,0,0,0,N,N,N,3000.000000000000000,Cloudy,Dusk,0,Same Direction Sideswipe,W,Property Damage Only,Y,"Sideswipe, Same Direction",Motor Vehicle in Transport,On Roadway,Non-Junction,N,Not at Intersection,State,Paved,Dry,None, , ,None, , ,N,N, , , , ,0,0,0,0,0,0,0,0,0,0,0,0,0.000000000000000,0.000000000000000,0,0,0,3000,"Mapped, On Network",-81.373166143999995,28.537237918100001,656540.955141999991611,506191.917829999991227,5/8/2019 10:15:44 AM,8313_6737
2402,2403,1,2402,3513,88083229,FHPD19OFF021053,FHP,Short,3/7/2019 0:00:00,03:01 PM,Orlando Expwy Auth,Orange,SR408 EXIT RAMP,SR551,10,East,Rear End,2,0,0,0,N,N,N,4000.000000000000000,Clear,Daylight,0,Rear End,W,Property Damage Only,N,Front to Rear,Motor Vehicle in Transport,On Roadway,Non-Junction,N,Not at Intersection,Turnpike/Toll,Paved,Dry,None, , ,None, , ,N,N, , , , ,0,0,0,0,0,0,0,0,0,0,0,0,0.000000000000000,0.000000000000000,0,1,0,4000,"Mapped, Not On Network",-81.289699999600003,28.539670024799999,664685.168999999994412,506638.351900000008754,6/18/2019 11:04:42 AM,6881_8431
2403,2404,1,2403,3525,88064400,FHPK19OFF012860,FHP,Long,3/6/2019 0:00:00,08:00 AM,Ocoee,Orange,STATE ROAD 429,STATE ROAD 91,50,North,Other,2,0,0,0,N,N,N,1000.000000000000000,Clear,Daylight,0,Other,S,Property Damage Only,N,Other,Motor Vehicle in Transport,On Roadway,Non-Junction,N,Not at Intersection,Turnpike/Toll,Paved,Dry,None, , ,None, , ,N,N, , , , ,0,0,0,0,0,0,0,0,0,0,0,0,0.000000000000000,0.000000000000000,0,1,0,1000,"Mapped, Not On Network",-81.559379999599997,28.553980024500000,638320.669400000013411,507677.195400000025984,6/7/2019 12:51:03 PM,8423_8507
2404,2405,1,2404,3527,88083872,FHPD19OFF021331,FHP,Short,3/8/2019 0:00:00,09:58 AM,Orlando,Orange,SR 417 EXIT RAMP,SR 50,0, ,Rear End,2,0,0,0,N,N,N,1500.000000000000000,Clear,Daylight,0,Rear End,N,Property Damage Only,N,Front to Rear,Motor Vehicle in Transport,On Roadway,Intersection,N,T-Intersection,State,Unpaved,Dry,None, , ,None, , ,N,N, , , , ,0,0,1,0,0,0,0,0,0,0,0,0,0.000000000000000,0.000000000000000,0,1,0,1500,"Mapped, On Network",-81.405710004599996,28.372888018200001,653747.099179000011645,487876.563752999994904,6/4/2020 11:25:23 PM,8280_8017
2405,2406,1,2405,3573,88908888,2019-00054225,Orlando PD,Long,2/9/2019 0:00:00,01:53 PM,Orlando,Orange,SR 408 (EAST/WEST EXPRESSWAY),SR 400 (INTERSTATE 4),400,East,Rear End,2,0,0,0,N,N,N,700.000000000000000,Cloudy,Daylight,0,Rear End,W,Property Damage Only,Y,Front to Rear,Motor Vehicle in Transport,On Roadway,Non-Junction,N,Not at Intersection,State,Paved,Dry,None, , ,None, , ,N,N, , , , ,0,0,0,0,0,0,0,0,0,0,0,0,0.000000000000000,0.000000000000000,0,0,0,700,"Mapped, On Network",-81.379547185400000,28.535612741900000,655921.701029999996535,505998.214321999985259,5/8/2019 10:18:12 AM,6230_8274
2406,2407,1,2406,3583,88910058,2019-00040760,Orlando PD,Long,1/30/2019 0:00:00,05:07 PM,Orlando,Orange,EW WBO,I4 WBO,0, ,Rear End,2,0,0,0,N,N,N,1600.000000000000000,Clear,Daylight,0,Rear End,W,Property Damage Only,Y,Front to Rear,Motor Vehicle in Transport,On Roadway,Entrance/Exit Ramp,Y,Not at Intersection,State,Curb,Dry,None, , ,None, , ,N,N, , , , ,0,0,0,0,0,0,0,0,0,0,0,0,0.000000000000000,0.000000000000000,0,0,0,1600,"Mapped, On Network",-81.379921389499998,28.535519236500001,655885.381188999977894,505987.055777999979910,5/8/2019 9:45:44 AM,6230_8274
2407,2408,1,2407,3647,87252455,FHPD19OFF005644,FHP,Long,1/18/2019 0:00:00,12:45 PM,Orlando Expwy Auth,Orange,STATE ROAD 528 (BEACHLINE EXPRESSWAY),INNOVATION WAY,1000,East,Off Road,1,0,0,0,N,N,N,8000.000000000000000,Clear,Daylight,0,Off Road,E,Property Damage Only,Y,Other,Guardrail Face,Shoulder,Non-Junction,Y,Not at Intersection,Turnpike/Toll,Paved,Dry,None, , ,None, , ,N,N, , , , ,0,0,0,0,0,0,0,0,0,0,0,0,0.000000000000000,0.000000000000000,0,0,3000,5000,"Mapped, On Network",-81.161714507400006,28.451616719899999,677407.002639999962412,497143.274355000001378,6/18/2019 10:29:27 AM,8095_8101
2408,2409,1,2408,3660,88910092,2019-00047706,Orlando PD,Long,2/5/2019 0:00:00,10:32 PM,Orlando,Orange,EAST WEST EXPRESSWAY,ORANGE BLOSSOM TRL,50,West,Sideswipe,2,0,0,1,N,N,N,10800.000000000000000,Clear,Dark - Lighted,0,Same Direction Sideswipe,W,Injury,Y,"Sideswipe, Same Direction",Motor Vehicle in Transport,On Roadway,Non-Junction,N,Not at Intersection,State,Paved,Dry,None, , ,None, , ,N,N, , , , ,0,0,0,0,0,0,0,0,1,0,0,0,1.000000000000000,0.000000000000000,0,0,0,10800,"Mapped, On Network",-81.394524965299993,28.535266188100000,654459.955138999968767,505928.740617999981623,5/8/2019 9:53:15 AM,8272_8254
2409,2410,1,2409,3699,87217101,FHPK19OFF003275,FHP,Short,1/15/2019 0:00:00,08:25 AM,Unincorporated,Orange,STATE ROAD 408 (EAST WEST EXPRESSWAY),MM2,0,East,Other,1,0,0,0,N,N,N,200.000000000000000,Cloudy,Daylight,0,Single Vehicle,W,Property Damage Only,N,Other,Other Non-Fixed Object,On Roadway,Non-Junction,Y,Not at Intersection,Turnpike/Toll,Paved,Dry,None, , ,None, , ,N,N, , , , ,0,0,1,0,0,0,0,0,0,0,0,0,0.000000000000000,0.000000000000000,0,0,0,200,"Mapped, On Network",-81.497269285800002,28.547367243200000,644399.712453000014648,507064.523074999975506,7/19/2019 3:09:44 PM,6300_8156
2410,2411,1,2410,3715,88077658,FHPD19OFF019043,FHP,Long,3/1/2019 0:00:00,01:35 PM,Orlando Expwy Auth,Orange,STATE RD 528,STATE RD 417,600,East,Rear End,2,0,0,0,N,N,N,10000.000000000000000,Clear,Daylight,0,Rear End,W,Property Damage Only,N,Front to Rear,Motor Vehicle in Transport,On Roadway,Non-Junction,N,Not at Intersection,Turnpike/Toll,Paved,Dry,None, , ,None, , ,N,N, , , , ,0,0,0,0,0,0,0,0,0,0,0,0,0.000000000000000,0.000000000000000,0,1,0,10000,"Mapped, On Network",-81.218635521799996,28.451626974800000,671844.610922000021674,497017.647747999988496,6/5/2019 11:26:38 AM,6320_6667
2411,2412,1,2411,3718,88080995,FHPD19OFF018264,FHP,Short,2/27/2019 0:00:00,07:40 AM,Orlando Expwy Auth,Orange,NB SR-417,MOSS PARK ROAD,0,North,Rear End,2,0,0,0,N,N,N,18000.000000000000000,Cloudy,Daylight,0,Rear End,N,Property Damage Only,Y,Front to Rear,Motor Vehicle in Transport,On Roadway,Non-Junction,N,Not at Intersection,Turnpike/Toll,Paved,Wet,None, , ,None, , ,N,N, , , , ,0,0,0,0,0,0,0,0,0,0,0,0,0.000000000000000,0.000000000000000,0,1,0,18000,"Mapped, On Network",-81.227297858399993,28.421574695000000,671073.152368000010028,493661.923079999978654,5/28/2019 11:37:57 AM,8540_8538
2412,2413,1,2412,3732,88064384,FHPK19OFF003586,FHP,Long,1/17/2019 0:00:00,07:33 AM,Ocoee,Orange,STATE ROAD 429,WINTER GARDENS VINELAND ROAD,5280,South,Other,1,0,0,0,N,N,N,500.000000000000000,Clear,Daylight,0,Single Vehicle,N,Property Damage Only,N,Other,Other Non-Fixed Object,On Roadway,Non-Junction,N,Not at Intersection,Turnpike/Toll,Paved,Dry,None, , ,None, , ,N,N, , , , ,0,0,0,0,0,0,0,0,0,0,0,0,0.000000000000000,0.000000000000000,0,0,0,500,"Mapped, On Network",-81.601810447000005,28.513762325700000,634264.821547999978065,503130.337484000017866,7/18/2019 2:37:56 PM,6186_6858
2413,2414,1,2413,3736,87192403,FHPK19OFF003253,FHP,Long,1/15/2019 0:00:00,06:15 AM,Unincorporated,Orange,STATE ROAD 429 (WESTERN BELTWAY),COUNTY ROAD 545 (MM 19),1500,North,Off Road,2,0,0,1,N,N,N,58500.000000000000000,Clear,Dark - Lighted,0,Off Road,S,Injury,N,Other,Utility Pole/Light Support,Off Roadway,Entrance/Exit Ramp,N,Not at Intersection,Turnpike/Toll,Paved,Dry,None, , ,None, , ,N,N, , , , ,0,0,0,0,0,0,0,0,1,0,0,0,1.000000000000000,0.000000000000000,0,1,3500,55000,"Mapped, On Network",-81.590867221099998,28.515900710899999,635329.025023999973200,503388.609452000004239,7/19/2019 3:14:20 PM,8464_8492
2414,2415,1,2414,3739,83751484,FHPD19OFF013581,FHP,Long,2/12/2019 0:00:00,06:12 PM,Ocoee,Orange,SR 429,MM 24,0, ,Rear End,3,0,0,0,N,N,N,13500.000000000000000,Clear,Dark - Lighted,0,Rear End,N,Property Damage Only,N,Front to Rear,Motor Vehicle in Transport,On Roadway,Entrance/Exit Ramp,Y,Not at Intersection,Turnpike/Toll,Paved,Dry,None, , ,None, , ,N,N, , , , ,0,0,0,0,0,0,0,0,0,0,0,0,0.000000000000000,0.000000000000000,0,1,0,13500,"Mapped, On Network",-81.557773833100001,28.565475287799998,638452.205663000000641,508956.664578999974765,3/19/2019 12:35:53 PM,8421_8425
2415,2416,1,2415,3748,88909499,2019-00054161,Orlando PD,Long,2/9/2019 0:00:00,12:43 PM,Orlando,Orange,SR 408 (EAST/WEST EXPRESSWAY),SR 400 (INTERSTATE 4),400,East,Rear End,4,0,0,7,N,N,N,8500.000000000000000,Cloudy,Daylight,0,Rear End,W,Injury,Y,Front to Rear,Motor Vehicle in Transport,On Roadway,Non-Junction,N,Not at Intersection,State,Paved,Dry,None, , ,None, , ,N,N, , , , ,0,0,5,0,0,0,0,5,2,0,0,0,0.000000000000000,0.000000000000000,0,0,0,8500,"Mapped, On Network",-81.378581492600006,28.535859267300001,656015.417474000016227,506027.590758999984246,5/8/2019 10:31:47 AM,6230_8274
2416,2417,1,2416,3752,88910771,2019-00055693,Orlando PD,Long,2/10/2019 0:00:00,06:34 PM,Orlando,Orange,SR 417 (CENTRAL FLORIDA GREENEWAY),BOGGY CREEK RD,0, ,Rear End,2,0,0,1,N,N,N,2000.000000000000000,Clear,Dark - Not Lighted,0,Rear End,S,Injury,Y,Front to Rear,Motor Vehicle in Transport,On Roadway,Non-Junction,N,Not at Intersection,State,Curb,Dry,None, , ,None, , ,N,N, , , , ,0,0,0,0,0,0,0,0,1,0,0,0,1.000000000000000,0.000000000000000,0,0,0,2000,"Mapped, On Network",-81.305979071799996,28.370126249900000,663506.943071000045165,487779.086558000009973,5/8/2019 9:58:28 AM,11015_8482
2417,2418,1,2417,3769,88049567,FHPD19OFF020777,FHP,Long,3/6/2019 0:00:00,06:42 PM,Orlando Expwy Auth,Orange,SR-417 (MM16),WYNDHAM LAKE BLVD,80,North,Rear End,2,0,0,0,N,N,N,7800.000000000000000,Clear,Daylight,0,Rear End,S,Property Damage Only,N,Front to Rear,Motor Vehicle in Transport,On Roadway,Non-Junction,N,Not at Intersection,Turnpike/Toll,Paved,Dry,None, , ,None, , ,N,N, , , , ,0,0,0,0,0,0,0,0,0,0,0,0,0.000000000000000,0.000000000000000,0,1,0,7800,"Mapped, On Network",-81.321958475499997,28.367284165600001,661951.069954999955371,487429.483590000018012,6/3/2019 10:20:15 AM,6618_6299
2418,2419,1,2418,3774,88049568,FHPD19OFF021090,FHP,Long,3/7/2019 0:00:00,04:18 PM,Orlando Expwy Auth,Orange,SR-417 (MM15),RHODE ISLAND WOODS CIRCLE,5280,North,Rear End,2,0,0,2,N,N,N,1600.000000000000000,Clear,Daylight,0,Rear End,S,Injury,N,Front to Rear,Motor Vehicle in Transport,On Roadway,Non-Junction,N,Not at Intersection,Turnpike/Toll,Paved,Dry,None, , ,None, , ,N,N, , , , ,0,0,0,0,0,0,0,2,0,0,0,0,0.000000000000000,0.000000000000000,0,1,0,1600,"Mapped, On Network",-81.339898500600000,28.368391116000002,660193.898282999987714,487514.407819000014570,5/23/2019 11:36:40 AM,6323_6700
2419,2420,1,2419,3775,88049566,FHPD19OFF020451,FHP,Long,3/5/2019 0:00:00,06:05 PM,Orlando Expwy Auth,Orange,SR-408 (MM17),GOLDENROD ROAD,80,West,Sideswipe,3,0,0,2,N,N,N,6500.000000000000000,Clear,Daylight,0,Same Direction Sideswipe,E,Injury,N,Angle,Motor Vehicle in Transport,On Roadway,Non-Junction,N,Not at Intersection,Turnpike/Toll,Paved,Dry,None, , ,None, , ,N,N, , , , ,0,0,3,0,0,0,0,1,1,0,0,0,0.000000000000000,0.000000000000000,0,3,0,6500,"Mapped, On Network",-81.286946653499996,28.540182661300001,664952.762191000045277,506701.182260999979917,5/23/2019 11:37:25 AM,8408_6232
2420,2421,1,2420,3776,88037148,FHPD19OFF019797,FHP,Long,3/3/2019 0:00:00,05:58 PM,Orlando Expwy Auth,Orange,STATE ROAD 417 NORTHBOUND,MILE MARKER 7,0, ,Rear End,2,0,0,0,N,Y,N,10000.000000000000000,Clear,Dusk,0,Rear End,N,Property Damage Only,N,Front to Rear,Motor Vehicle in Transport,On Roadway,Non-Junction,N,Not at Intersection,Turnpike/Toll,Paved,Dry,None, , ,None, , ,N,N, , , , ,0,0,4,0,0,0,0,0,0,0,0,0,0.000000000000000,0.000000000000000,0,1,0,10000,"Mapped, On Network",-81.458113251800000,28.355731925800001,648661.550479999976233,485864.925420999992639,6/3/2019 10:21:38 AM,7010_6916
2421,2422,1,2421,3795,88077657,FHPD19OFF017929,FHP,Long,2/26/2019 0:00:00,11:29 AM,Orlando Expwy Auth,Orange,STATE RD 528,DALLAS BLVD,100,West,Other,1,0,0,0,N,N,N,2000.000000000000000,Cloudy,Daylight,0,Single Vehicle,E,Property Damage Only,N,Other,Other Non-Fixed Object,On Roadway,Non-Junction,N,Not at Intersection,Turnpike/Toll,Paved,Dry,Obstruction in Roadway, , ,None, , ,N,N, , , , ,0,0,0,0,0,0,0,0,0,0,0,0,0.000000000000000,0.000000000000000,0,0,0,2000,"Mapped, On Network",-81.100346781100001,28.451468144500002,683404.226546999998391,497266.323078999994323,5/28/2019 11:40:33 AM,6488_8109
2422,2423,1,2422,3799,88080996,FHPD19OFF018276,FHP,Short,2/27/2019 0:00:00,08:03 AM,Orlando,Orange,SB SR-417,DOWDEN ROAD,5280,North,Rear End,2,0,0,0,N,N,N,10000.000000000000000,Cloudy,Daylight,0,Rear End,S,Property Damage Only,Y,Front to Rear,Motor Vehicle in Transport,On Roadway,Non-Junction,N,Not at Intersection,Turnpike/Toll,Paved,Wet,None, , ,None, , ,N,N, , , , ,0,0,0,0,0,0,0,0,0,0,0,0,0.000000000000000,0.000000000000000,0,1,0,10000,"Mapped, On Network",-81.229664912100006,28.437972585499999,670800.867831000010483,495477.355872999993153,5/28/2019 11:38:14 AM,7999_8391
2423,2424,1,2423,3800,88080994,FHPD19OFF018273,FHP,Short,2/27/2019 0:00:00,06:40 AM,Orlando Expwy Auth,Orange,SB SR-429,WEST ROAD,5280,North,Rear End,2,0,0,0,N,N,N,15000.000000000000000,Cloudy,Dawn,0,Rear End,S,Property Damage Only,Y,Front to Rear,Motor Vehicle in Transport,On Roadway,Non-Junction,N,Not at Intersection,Turnpike/Toll,Paved,Wet,None, , ,None, , ,N,N, , , , ,0,0,0,0,0,0,0,0,0,0,0,0,0.000000000000000,0.000000000000000,0,2,0,15000,"Mapped, On Network",-81.537464311799994,28.608072684300001,640340.445442999945953,513725.829312000016216,5/28/2019 11:40:01 AM,7012_8458
2424,2425,1,2424,3837,88008580,FHPD19OFF017672,FHP,Long,2/25/2019 0:00:00,02:48 PM,Orlando Expwy Auth,Orange,SR-417 (MM37),UNIVERSITY BLVD,40,South,Sideswipe,2,0,0,0,N,N,N,1100.000000000000000,Clear,Daylight,0,Same Direction Sideswipe,N,Property Damage Only,N,Angle,Motor Vehicle in Transport,On Roadway,Non-Junction,N,Not at Intersection,Turnpike/Toll,Paved,Dry,None, , ,None, , ,N,N, , , , ,0,0,0,0,0,0,0,0,0,0,0,0,0.000000000000000,0.000000000000000,0,1,0,1100,"Mapped, On Network",-81.257711734799997,28.584906960200001,667696.887417000019923,511729.993145000014920,5/23/2019 5:30:39 PM,8456_6789
2425,2426,1,2425,3838,87202435,FHPK19OFF012693,FHP,Long,3/5/2019 0:00:00,08:40 AM,Winter Garden,Orange,STATE ROAD 429 (DANIEL WEBSTER WEST),STATE ROA 91 (FLORIDAS TURNPIKE),500,North,Off Road,1,0,0,0,N,N,N,13000.000000000000000,Rain,Daylight,0,Off Road,S,Property Damage Only,N,Other,Guardrail Face,Off Roadway,Entrance/Exit Ramp,N,Not at Intersection,Turnpike/Toll,Paved,Wet,None, , ,None, , ,N,N, , , , ,0,0,1,0,0,0,0,0,0,0,0,0,0.000000000000000,0.000000000000000,0,0,3000,10000,"Mapped, On Network",-81.557836332500003,28.545607965900000,638489.797281999955885,506750.596528000023682,6/3/2019 10:28:51 AM,8529_8524
2426,2427,1,2426,3856,88064851,FHPD19OFF017993,FHP,Long,2/26/2019 0:00:00,03:44 PM,Orlando Expwy Auth,Orange,STATE ROAD 408 WB MM16,STATE ROAD 551,5280,West,Sideswipe,2,0,0,0,N,N,N,1500.000000000000000,Clear,Daylight,0,Same Direction Sideswipe,W,Property Damage Only,Y,"Sideswipe, Same Direction",Motor Vehicle in Transport,On Roadway,Non-Junction,N,Not at Intersection,Turnpike/Toll,Paved,Dry,None, , ,None, , ,N,N, , , , ,0,0,0,0,0,0,0,0,0,0,0,0,0.000000000000000,0.000000000000000,0,0,0,1500,"Mapped, On Network",-81.296066416200006,28.539679730800000,664063.507287999964319,506625.780565000022762,5/28/2019 11:40:17 AM,8427_6883
2427,2428,1,2427,3877,88081095,FHPD19OFF013618,FHP,Long,2/12/2019 0:00:00,10:16 PM,Unincorporated,Orange,STATE ROAD 408,GOOD HOMES ROAD,5280,East,Sideswipe,2,0,0,0,N,N,N,250.000000000000000,Clear,Dark - Lighted,0,Same Direction Sideswipe,W,Property Damage Only,N,"Sideswipe, Same Direction",Motor Vehicle in Transport,On Roadway,Non-Junction,N,Not at Intersection,State,Paved,Wet,None, , ,None, , ,N,N, , , , ,0,0,1,0,0,0,0,0,0,0,0,0,0.000000000000000,0.000000000000000,0,0,0,250,"Mapped, On Network",-81.486396572600000,28.549050667700001,645457.510616000043228,507273.033959999971557,5/30/2019 10:58:40 AM,8148_6298
2428,2429,1,2428,3891,85204406,FHPD19OFF011682,FHP,Long,2/7/2019 0:00:00,09:05 AM,Unincorporated,Orange,STATE ROAD 408,STATE ROAD 435,0,West,Rear End,2,0,0,0,N,N,N,7000.000000000000000,Clear,Daylight,0,Rear End,E,Property Damage Only,N,Front to Rear,Motor Vehicle in Transport,On Roadway,Non-Junction,N,Not at Intersection,State,Paved,Dry,None, , ,None, , ,N,N, , , , ,0,0,0,0,0,0,0,0,0,0,0,0,0.000000000000000,0.000000000000000,0,1,0,7000,"Mapped, On Network",-81.465421871900006,28.549643447800001,647504.084417999954894,507380.776031000015792,5/29/2019 1:51:26 PM,8146_6068