FID,OBJECTID_1,Join_Count,TARGET_FID,OBJECTID,HSMV_Repor,Agency_Rep,Reporting_,Form_Type,Crash_Date,Crash_Time,City,County,Crash_Stre,Intersecti,Offset_Dis,Offset_Dir,Crash_Type,Vehicles,Non_Motori,Fatalities,Injuries,Alcohol_Re,Distractio,Drug_Relat,Estimated_,Weather_Co,Light_Cond,Street_Num,Crash_Ty_1,Crash_Ty_2,Crash_Seve,Within_Cit,Manner_of_,First_Harm,First_HE_L,First_HE_R,First_HE_W,Type_of_In,Road_Sys_I,Type_of_Sh,Road_Surf_,Contrib_Ci,Contrib__1,Contrib__2,Contrib__3,Contrib__4,Contrib__5,School_Bus,Work_Zone_,Type_of_Wo,Loc_in_Wor,Workers_in,Law_Enforc,Mopeds,Motorcycle,Passengers,Bicyclists,Pedestrian,Fataliti_1,Injuries_U,Possible_I,Non_Incapa,Incapacita,Fataliti_2,Non_Traffi,Transporte,Transpor_1,Transpor_2,Citations,Property_D,Vehicle_Dm,S4_Mapping,S4_Decimal,S4_Decim_1,S4_Albers_,S4_Albers1,S4_Mappi_1,zone_id_st
2429,2430,1,2429,3892,85204405,FHPD19OFF011658,FHP,Long,2/7/2019 0:00:00,07:50 AM,Unincorporated,Orange,STATE ROAD 408,STATE ROAD 435,0,West,Rear End,3,0,0,0,N,N,N,10000.000000000000000,Clear,Daylight,0,Rear End,E,Property Damage Only,N,Front to Rear,Motor Vehicle in Transport,On Roadway,Non-Junction,N,Not at Intersection,State,Paved,Dry,None, , ,None, , ,N,N, , , , ,0,0,0,0,0,0,0,0,0,0,0,0,0.000000000000000,0.000000000000000,0,1,0,10000,"Mapped, On Network",-81.462731984499996,28.550060412699999,647765.764847000013106,507432.474327999982052,5/29/2019 1:51:07 PM,6068_8208
2430,2431,1,2430,3894,83751482,FHPD19OFF011033,FHP,Long,2/5/2019 0:00:00,08:03 AM,Orlando,Orange,SR 408,KIRKMAN ROAD,0,West,Rear End,2,0,0,0,N,N,N,10000.000000000000000,Clear,Daylight,0,Rear End,E,Property Damage Only,N,Front to Rear,Motor Vehicle in Transport,On Roadway,Non-Junction,N,Not at Intersection,Turnpike/Toll,Paved,Dry,None, , ,None, , ,N,N, , , , ,0,0,1,0,0,0,0,0,0,0,0,0,0.000000000000000,0.000000000000000,0,2,0,10000,"Mapped, On Network",-81.466130038700001,28.549514516700000,647435.235153999994509,507365.039351999992505,2/27/2019 12:49:23 PM,8146_6068
2431,2432,1,2431,3901,88037136,FHPD19OFF012068,FHP,Long,2/8/2019 0:00:00,11:37 AM,Orlando Expwy Auth,Orange,STATE ROAD 429 NORTHBOUND,MILE MARKER 27,0, ,Rear End,3,0,0,4,N,Y,N,30000.000000000000000,Clear,Daylight,0,Rear End,N,Injury,N,Front to Rear,Motor Vehicle in Transport,On Roadway,Non-Junction,N,Not at Intersection,Turnpike/Toll,Paved,Dry,None, , ,None, , ,N,N, , , , ,0,0,1,0,0,0,0,2,2,0,0,0,3.000000000000000,0.000000000000000,0,1,0,30000,"Mapped, On Network",-81.537101274500003,28.608483559600000,640374.961440999992192,513772.157668999978341,6/18/2019 10:56:00 AM,8460_6069
2432,2433,1,2432,3974,88080985,FHPD19OFF013244,FHP,Long,2/11/2019 0:00:00,08:37 PM,Orlando Expwy Auth,Orange,WB SR-408,GOOD HOMES RD,0,West,Rear End,3,0,0,1,N,N,N,25000.000000000000000,Clear,Dark - Lighted,0,Rear End,W,Injury,Y,Front to Rear,Motor Vehicle in Transport,On Roadway,Non-Junction,N,Not at Intersection,Turnpike/Toll,Paved,Dry,None, , ,None, , ,N,N, , , , ,0,0,0,0,0,0,0,0,1,0,0,0,1.000000000000000,0.000000000000000,0,1,0,25000,"Mapped, On Network",-81.511550246100001,28.545231342200001,643010.106937999953516,506799.144139999989420,5/1/2019 4:09:32 PM,8150_8116
2433,2434,1,2433,4018,85204407,FHPD19OFF013745,FHP,Short,2/13/2019 0:00:00,09:50 AM,Unincorporated,Orange,EAST-WEST EXPY,STATE ROAD 423,0,West,Sideswipe,2,0,0,0,N,N,N,6000.000000000000000,Rain,Daylight,0,Same Direction Sideswipe,E,Property Damage Only,N,"Sideswipe, Same Direction",Motor Vehicle in Transport,On Roadway,Non-Junction,N,Not at Intersection,State,Paved,Wet,None, , ,None, , ,N,N, , , , ,0,0,0,0,0,0,0,0,0,0,0,0,0.000000000000000,0.000000000000000,0,1,0,6000,"Mapped, On Network",-81.421476638300007,28.545813869400000,651803.652600000030361,507044.539015999995172,5/29/2019 1:37:19 PM,8237_6011
2434,2435,1,2434,4039,88027254,FHPD19OFF010513,FHP,Long,2/3/2019 0:00:00,09:50 AM,Orlando Expwy Auth,Orange,SR-528,SR-520,0,West,Rear End,2,0,0,7,N,N,N,15000.000000000000000,"Fog, Smog, Smoke",Daylight,0,Rear End,E,Injury,N,Front to Rear,Motor Vehicle in Transport,On Roadway,Non-Junction,N,Not at Intersection,Turnpike/Toll,Paved,Wet,Obstruction in Roadway, , ,Physical Obstruction(s), , ,N,N, , , , ,0,0,5,0,0,0,0,2,5,0,0,0,5.000000000000000,0.000000000000000,0,0,0,15000,"Mapped, On Network",-80.986002844599994,28.452483022100001,694574.954431000049226,497646.966467000020202,2/11/2019 11:32:53 AM,7061_8083
2435,2436,1,2435,4079,88083218,FHPD19OFF012944,FHP,Short,2/11/2019 0:00:00,07:04 AM,Orlando Expwy Auth,Orange,SR417,37MM,0, ,Rear End,2,0,0,0,N,N,N,5000.000000000000000,Clear,Daylight,0,Rear End,N,Property Damage Only,N,Front to Rear,Motor Vehicle in Transport,On Roadway,Non-Junction,N,Not at Intersection,Turnpike/Toll,Paved,Dry,None, , ,None, , ,N,N, , , , ,0,0,0,0,0,0,0,0,0,0,0,0,0.000000000000000,0.000000000000000,0,1,0,5000,"Mapped, On Network",-81.256662113299996,28.607538018400000,667743.424557000049390,514244.950109999976121,5/30/2019 10:47:55 AM,5988_6758
2436,2437,1,2436,4112,88064838,FHPD19OFF013458,FHP,Long,2/12/2019 0:00:00,04:51 PM,Orlando Expwy Auth,Orange,STATE ROAD 408 EB MM17,CHICKASAW TR,50,West,Rear End,3,0,0,0,N,N,N,2500.000000000000000,Cloudy,Daylight,0,Rear End,E,Property Damage Only,Y,Front to Rear,Motor Vehicle in Transport,On Roadway,Non-Junction,N,Not at Intersection,Turnpike/Toll,Paved,Wet,None, , ,None, , ,N,N, , , , ,0,0,0,0,0,0,0,0,0,0,0,0,0.000000000000000,0.000000000000000,0,0,0,2500,"Mapped, On Network",-81.277912959899993,28.544314428100002,665824.708090999978594,507179.369361000019126,3/20/2019 1:51:53 PM,8408_8412
2437,2438,1,2437,4124,88080986,FHPD19OFF013485,FHP,Short,2/12/2019 0:00:00,05:15 PM,Orlando Expwy Auth,Orange,NB SR-417,SR-50,0,South,Rear End,2,0,0,0,N,N,N,7000.000000000000000,Cloudy,Daylight,0,Rear End,N,Property Damage Only,Y,Front to Rear,Motor Vehicle in Transport,On Roadway,Non-Junction,N,Not at Intersection,Turnpike/Toll,Paved,Wet,None, , ,None, , ,N,N, , , , ,0,0,0,0,0,0,0,0,0,0,0,0,0.000000000000000,0.000000000000000,0,1,0,7000,"Mapped, On Network",-81.267067034299998,28.564002659400000,666835.237358000013046,509388.750256999977864,5/30/2019 10:02:42 AM,6966_8451
2438,2439,1,2438,4156,88086049,FHPD19OFF010516,FHP,Long,2/3/2019 0:00:00,09:55 AM,Orlando,Orange,SR 528 WB,MM 30,0, ,Other,1,0,0,0,N,N,N,6000.000000000000000,Cloudy,Daylight,0,Single Vehicle,W,Property Damage Only,N,Other,Motor Vehicle in Transport,On Roadway,Non-Junction,N,Not at Intersection,State,Paved,Wet,None, , ,None, , ,N,N, , , , ,0,0,1,0,0,0,0,0,0,0,0,0,0.000000000000000,0.000000000000000,0,0,3000,3000,"Mapped, On Network",-81.003760805599995,28.452571584400001,692839.472284000017680,497614.503497000026982,5/29/2019 1:49:24 PM,8091_5943
2439,2440,1,2439,4168,87252464,FHPD19OFF011248,FHP,Long,2/5/2019 0:00:00,06:15 PM,Orlando Expwy Auth,Orange,STATE ROAD 417 (GREENEWAY EXPWY),MOSS PARK ROAD,5280,North,Rear End,2,0,0,1,N,N,N,10000.000000000000000,Clear,Dark - Lighted,0,Rear End,S,Injury,Y,Front to Rear,Motor Vehicle in Transport,On Roadway,Non-Junction,N,Not at Intersection,Turnpike/Toll,Paved,Dry,None, , ,None, , ,N,N, , , , ,0,0,0,0,0,0,0,0,1,0,0,0,1.000000000000000,0.000000000000000,0,1,0,10000,"Mapped, On Network",-81.228359288799993,28.427505314800001,670954.596769000054337,494318.058323999983259,2/13/2019 11:16:23 AM,8516_8536
2440,2441,1,2440,4169,87252461,FHPD19OFF010916,FHP,Long,2/4/2019 0:00:00,06:40 PM,Orlando Expwy Auth,Orange,STATE ROAD 417 (GREENEWAY EXPWY),HUNTERS CREEK BLVD,10,South,Angle,2,0,0,1,N,N,N,15000.000000000000000,Clear,Dark - Lighted,0,Right Angle,NE,Injury,Y,Front to Rear,Motor Vehicle in Transport,On Roadway,Non-Junction,Y,Not at Intersection,Turnpike/Toll,Paved,Dry,None, , ,None, , ,N,N, , , , ,0,0,0,0,0,0,0,0,1,0,0,0,1.000000000000000,0.000000000000000,0,1,0,15000,"Mapped, On Network",-81.442073550200007,28.359581642900000,650221.551459999987856,486324.816562000021804,2/13/2019 11:19:36 AM,6959_8287
2441,2442,1,2441,4222,88071292,FHPD19OFF010655,FHP,Long,2/3/2019 0:00:00,11:10 PM,Orlando,Orange,SR-417 (CENTRAL FLORIDA GREENEWAY),STATE ROAD 91,5280,North,Other,1,0,0,1,N,N,N,0.000000000000000,Clear,Dark - Not Lighted,0,Single Vehicle,N,Injury,N,Other,Other Non-Collision,On Roadway,Non-Junction,N,Not at Intersection,Interstate,Paved,Dry,None, , ,None, , ,N,N, , , , ,0,1,1,0,0,0,1,1,0,0,0,0,1.000000000000000,0.000000000000000,0,0,0,0,"Mapped, On Network",-81.373590309999997,28.368168012100000,656899.412923000054434,487418.996532000019215,4/29/2019 4:16:41 PM,7997_8466
2442,2443,1,2442,4232,88910669,2019-00046825,Orlando PD,Short,2/4/2019 0:00:00,08:36 AM,Orlando,Orange,SR408 WEST,I4 (SR400) EAST,500,East,Rear End,2,0,0,0,N,N,N,600.000000000000000,Cloudy,Daylight,0,Rear End,W,Property Damage Only,Y,Front to Rear,Motor Vehicle in Transport,On Roadway,Non-Junction,N,Not at Intersection,State,Paved,Dry,None, , ,None, , ,N,N, , , , ,0,0,0,0,0,0,0,0,0,0,0,0,0.000000000000000,0.000000000000000,0,0,0,600,"Mapped, On Network",-81.380157893299994,28.535497062400001,655862.339251999976113,505984.103035999985877,5/3/2019 10:52:09 AM,6230_8274
2443,2444,1,2443,4241,88910686,2019-00063742,Orlando PD,Long,2/16/2019 0:00:00,04:50 PM,Orlando,Orange,SR 408,JOHN YOUNG PARKWAY,2000,East,Rear End,3,0,0,3,N,N,N,12500.000000000000000,Clear,Daylight,0,Rear End,E,Injury,Y,Front to Rear,Motor Vehicle in Transport,On Roadway,Non-Junction,N,Not at Intersection,State,Paved,Dry,None, , ,None, , ,N,N, , , , ,0,0,1,0,0,0,0,3,0,0,0,0,1.000000000000000,0.000000000000000,0,0,0,12500,"Mapped, On Network",-81.408655696699995,28.538619595600000,653072.275968999951147,506271.994267000001855,5/15/2019 11:39:32 AM,8213_8169
2444,2445,1,2444,4324,88047857,FHPD19OFF000560,FHP,Long,1/2/2019 0:00:00,10:31 PM,Orlando,Orange,STATE ROAD 417,STATE ROAD 552 (CURRY FORD ROAD),200,South,Unknown,2,0,0,0,N,N,N,3000.000000000000000,Cloudy,Dark - Lighted,0,Unknown, ,Property Damage Only,N,Angle,Motor Vehicle in Transport,On Roadway,Non-Junction,N,Not at Intersection,State,Paved,Dry,None, , ,None, , ,N,N, , , , ,0,0,0,0,0,0,0,0,0,0,0,0,0.000000000000000,0.000000000000000,0,0,0,3000,"Mapped, On Network",-81.248065273600005,28.510777895899999,668822.103944999980740,503520.559311999997590,5/23/2019 12:52:25 PM,8557_8553
2445,2446,1,2445,4333,88064842,FHPD19OFF014256,FHP,Short,2/14/2019 0:00:00,05:03 PM,Orlando Expwy Auth,Orange,STATE ROAD 417 NB MM14,LANDSTAR BLVD,5280,South,Rear End,2,0,0,0,N,N,N,3000.000000000000000,Clear,Daylight,0,Rear End,N,Property Damage Only,Y,Front to Rear,Motor Vehicle in Transport,On Roadway,Non-Junction,N,Not at Intersection,Turnpike/Toll,Paved,Dry,None, , ,None, , ,N,N, , , , ,0,0,0,0,0,0,0,0,0,0,0,0,0.000000000000000,0.000000000000000,0,1,0,3000,"Mapped, On Network",-81.377050648700006,28.368169040200002,656560.992298000026494,487411.906557000009343,5/11/2019 3:08:52 PM,9178_7997
2446,2447,1,2446,4334,88077645,FHPD19OFF013279,FHP,Short,2/12/2019 0:00:00,07:03 AM,Orlando Expwy Auth,Orange,STATE RD 417,SOUTH ACCESS RD,0,South,Sideswipe,2,0,0,0,N,N,N,1500.000000000000000,Cloudy,Daylight,0,Same Direction Sideswipe,N,Property Damage Only,N,"Sideswipe, Same Direction",Motor Vehicle in Transport,On Roadway,Entrance/Exit Ramp,N,Not at Intersection,Turnpike/Toll,Paved,Dry,None, , ,None, , ,N,N, , , , ,0,0,0,0,0,0,0,0,0,0,0,0,0.000000000000000,0.000000000000000,0,1,0,1500,"Mapped, On Network",-81.303196263700002,28.370442782300000,663778.322357999975793,487820.180790000013076,5/1/2019 4:16:31 PM,8480_11010
2447,2448,1,2447,4400,88080987,FHPD19OFF013489,FHP,Short,2/12/2019 0:00:00,05:17 PM,Orlando Expwy Auth,Orange,EB SR-408,SR-551,5280,East,Rear End,4,0,0,0,N,N,N,20000.000000000000000,Cloudy,Daylight,0,Rear End,E,Property Damage Only,Y,Front to Rear,Motor Vehicle in Transport,On Roadway,Non-Junction,N,Not at Intersection,Turnpike/Toll,Paved,Wet,None, , ,None, , ,N,N, , , , ,0,0,1,0,0,0,0,0,0,0,0,0,0.000000000000000,0.000000000000000,0,2,0,20000,"Mapped, On Network",-81.278227873000006,28.544143549099999,665794.379146000021137,507159.718072000017855,3/20/2019 1:57:18 PM,8408_8412
2448,2449,1,2448,4401,88083217,FHPD19OFF012596,FHP,Long,2/10/2019 0:00:00,07:13 AM,Orlando Expwy Auth,Orange,SR429,26MM,0, ,Rollover,1,0,0,1,N,N,N,10000.000000000000000,Rain,Daylight,0,Rollover,N,Injury,N,Other,Overturn/Rollover,Off Roadway,Non-Junction,N,Not at Intersection,Turnpike/Toll,Paved,Wet,None, , ,None, , ,N,N, , , , ,0,0,0,0,0,0,0,0,1,0,0,0,1.000000000000000,0.000000000000000,0,1,0,10000,"Mapped, On Network",-81.552514016600000,28.598074976199999,638893.841506000026129,512586.507487000024412,5/30/2019 10:52:39 AM,6220_8389
2449,2450,1,2449,4402,88083219,FHPD19OFF012978,FHP,Short,2/11/2019 0:00:00,08:21 AM,Orlando Expwy Auth,Orange,SR408,17MM,0, ,Rear End,2,0,0,0,N,N,N,5000.000000000000000,Clear,Daylight,0,Rear End,E,Property Damage Only,N,"Sideswipe, Same Direction",Motor Vehicle in Transport,On Roadway,Non-Junction,N,Not at Intersection,Turnpike/Toll,Paved,Dry,None, , ,None, , ,N,N, , , , ,0,0,0,0,0,0,0,0,0,0,0,0,0.000000000000000,0.000000000000000,0,1,0,5000,"Mapped, On Network",-81.286808048400005,28.540225714700000,664966.190786999999546,506706.260242999996990,5/30/2019 10:45:10 AM,8408_6232
2450,2451,1,2450,4442,88064843,FHPD19OFF014268,FHP,Short,2/14/2019 0:00:00,05:28 PM,Orlando Expwy Auth,Orange,STATE ROAD 417 NB MM14,LANDSTAR BLVD,5280,North,Rear End,2,0,0,0,N,N,N,4000.000000000000000,Clear,Daylight,0,Rear End,N,Property Damage Only,Y,Front to Rear,Motor Vehicle in Transport,On Roadway,Non-Junction,N,Not at Intersection,Turnpike/Toll,Paved,Dry,None, , ,None, , ,N,N, , , , ,0,0,1,0,0,0,0,0,0,0,0,0,0.000000000000000,0.000000000000000,0,1,0,4000,"Mapped, On Network",-81.358821899600002,28.369389173900000,658340.844185999943875,487585.437052999972366,5/11/2019 3:03:57 PM,8466_7095
2451,2452,1,2451,4443,88064839,FHPD19OFF013495,FHP,Long,2/12/2019 0:00:00,05:25 PM,Orlando Expwy Auth,Orange,STATE ROAD 417 NB MM12,STATE ROAD 600,200,South,Rear End,2,0,0,0,N,N,N,5000.000000000000000,Cloudy,Daylight,0,Rear End,N,Property Damage Only,Y,Front to Rear,Motor Vehicle in Transport,On Roadway,Non-Junction,N,Not at Intersection,Turnpike/Toll,Paved,Wet,None, , ,None, , ,N,N, , , , ,0,0,0,0,0,0,0,0,0,0,0,0,0.000000000000000,0.000000000000000,0,1,0,5000,"Mapped, On Network",-81.403669129299999,28.372453815699998,653947.702595000038855,487832.554525999992620,3/20/2019 1:50:57 PM,7090_8283
2452,2453,1,2452,4484,88911453,2019-00066953,Orlando PD,Short,2/19/2019 0:00:00,07:40 AM,Orlando,Orange,EW EBO,S ORANGE BLOSSOM TL,0,East,Rear End,2,0,0,0,N,N,N,3000.000000000000000,Clear,Daylight,0,Rear End,E,Property Damage Only,Y,Front to Rear,Motor Vehicle in Transport,On Roadway,Non-Junction,N,Not at Intersection,Turnpike/Toll,Paved,Dry,None, , ,None, , ,N,N, , , , ,0,0,0,0,0,0,0,0,0,0,0,0,0.000000000000000,0.000000000000000,0,0,0,3000,"Mapped, On Network",-81.393772805699996,28.535128386499998,654533.726204999955371,505914.992670000006910,5/23/2019 1:13:20 PM,8248_8267
2453,2454,1,2453,4546,88911473,2019-00071277,Orlando PD,Short,2/22/2019 0:00:00,08:38 AM,Orlando,Orange,SR 408 (EAST/WEST EXPRESSWAY),SR 441 (ORANGE BLOSSOM TRAIL,100,West,Sideswipe,2,0,0,0,N,N,N,1000.000000000000000,Clear,Daylight,0,Same Direction Sideswipe,E,Property Damage Only,Y,"Sideswipe, Same Direction",Motor Vehicle in Transport,On Roadway,Non-Junction,N,Not at Intersection,State,Paved,Dry,None, , ,None, , ,N,N, , , , ,0,0,0,0,0,0,0,0,0,0,0,0,0.000000000000000,0.000000000000000,0,0,0,1000,"Mapped, On Network",-81.274013185800001,28.546338798400001,666200.508107000030577,507412.545153999992181,6/3/2019 1:13:10 PM,6879_6918
2454,2455,1,2454,4563,88089899,FHPD19OFF018141,FHP,Long,2/26/2019 0:00:00,07:59 PM,Unincorporated,Orange,STATE ROAD 417 (CENTRAL FLORIDA GREENEWAY),WYNDHAM LAKES BOULEVARD,1000,West,Rear End,3,0,0,4,N,N,N,12500.000000000000000,Rain,Dusk,0,Rear End,W,Injury,N,Front to Rear,Motor Vehicle in Transport,On Roadway,Non-Junction,N,Not at Intersection,State,Paved,Wet,Road Surface Condition, , ,None, , ,N,N, , , , ,0,0,4,0,0,0,0,2,2,0,0,0,2.000000000000000,0.000000000000000,0,1,3500,9000,"Mapped, On Network",-81.328774190800004,28.367594732899999,661283.752083000028506,487449.506218999973498,5/24/2019 11:40:49 AM,6618_6299
2455,2456,1,2455,4591,87252465,FHPD19OFF011874,FHP,Short,2/7/2019 0:00:00,06:00 PM,Orlando Expwy Auth,Orange,STATE ROAD 528 (BEACHLINE EXPWY),TRADEPORT ROAD,1000,West,Sideswipe,2,0,0,0,N,N,N,1000.000000000000000,Clear,Dark - Lighted,0,Same Direction Sideswipe,E,Property Damage Only,Y,"Sideswipe, Same Direction",Motor Vehicle in Transport,On Roadway,Non-Junction,N,Not at Intersection,Turnpike/Toll,Paved,Dry,None, , ,None, , ,N,N, , , , ,0,0,0,0,0,0,0,0,0,0,0,0,0.000000000000000,0.000000000000000,0,1,0,1000,"Mapped, On Network",-81.336665034000006,28.450844671399999,660312.368834999972023,496676.113980000023730,2/13/2019 11:13:57 AM,8331_8341
2456,2457,1,2456,4592,87252463,FHPD19OFF011225,FHP,Long,2/5/2019 0:00:00,05:15 PM,Orlando Expwy Auth,Orange,STATE ROAD 417 (GREENEWAY EXPWY),INNOVATION WAY,5280,South,Rear End,2,0,0,1,N,Y,N,10000.000000000000000,Clear,Dusk,0,Rear End,N,Injury,Y,Front to Rear,Motor Vehicle in Transport,On Roadway,Non-Junction,N,Not at Intersection,Turnpike/Toll,Paved,Dry,None, , ,None, , ,N,N, , , , ,0,0,0,0,0,0,0,1,0,0,0,0,0.000000000000000,0.000000000000000,0,1,0,10000,"Mapped, On Network",-81.227367185999995,28.421977492300002,671065.369992000050843,493706.492679000017233,2/13/2019 11:17:18 AM,8540_8538
2457,2458,1,2457,4623,88038591,FHPK19OFF011658,FHP,Long,2/28/2019 0:00:00,12:05 AM,Winter Garden,Orange,STATE ROAD 429,SIEDEL ROAD (MILE MARKER 11),200,North,Rear End,2,0,0,0,Y,N,Y,4000.000000000000000,Cloudy,Dark - Lighted,0,Rear End,N,Property Damage Only,N,Front to Rear,Motor Vehicle in Transport,On Roadway,Non-Junction,N,Not at Intersection,Turnpike/Toll,Paved,Dry,None, , ,None, , ,N,N, , , , ,0,0,0,0,0,0,0,0,0,0,0,0,0.000000000000000,0.000000000000000,0,3,0,4000,"Mapped, On Network",-81.632527715400002,28.420444073399999,631463.560767999966629,492710.680771999992430,3/19/2019 12:45:42 PM,6244_9706
2458,2459,1,2458,4634,88077646,FHPD19OFF013717,FHP,Short,2/13/2019 0:00:00,08:51 AM,Orlando Expwy Auth,Orange,STATE RD 417 EXIT RAMP,STATE RD 91,400,North,Rear End,2,0,0,0,N,N,N,1500.000000000000000,Rain,Daylight,0,Rear End,S,Property Damage Only,N,Front to Rear,Motor Vehicle in Transport,On Roadway,Entrance/Exit Ramp,N,Not at Intersection,Turnpike/Toll,Paved,Wet,Road Surface Condition, , ,Weather Conditions, , ,N,Y,Work on Shoulder or Median,Activity Area,N,N,0,0,1,0,0,0,0,0,0,0,0,0,0.000000000000000,0.000000000000000,0,1,0,1500,"Mapped, On Network",-81.397023873799995,28.369541652799999,654604.406389000010677,487522.913577000028454,5/1/2019 4:13:23 PM,8017_6167
2459,2460,1,2459,4635,88077644,FHPD19OFF012918,FHP,Long,2/11/2019 0:00:00,04:03 AM,Orlando Expwy Auth,Orange,STATE RD 528,STATE RD 520,5280,West,Rear End,2,0,0,2,N,N,N,25000.000000000000000,Cloudy,Dark - Not Lighted,0,Rear End,E,Injury,N,Front to Rear,Motor Vehicle in Transport,On Roadway,Non-Junction,N,Not at Intersection,Turnpike/Toll,Paved,Wet,None, , ,Other, , ,N,N, , , , ,0,0,1,0,0,0,0,0,2,0,0,0,2.000000000000000,0.000000000000000,0,1,3000,22000,"Mapped, On Network",-80.995761544999993,28.452421855699999,693621.536037000012584,497616.901595000002999,3/21/2019 1:51:15 PM,7061_8083
2460,2461,1,2460,4638,87252467,FHPD19OFF014206,FHP,Short,2/14/2019 0:00:00,03:15 PM,Orlando Expwy Auth,Orange,STATE ROAD 417 (GREENEWAY EXPRESSWAY),UNIVERSITY BLVD,5280,South,Rear End,2,0,0,0,N,N,N,3500.000000000000000,Clear,Daylight,0,Rear End,N,Property Damage Only,Y,Front to Rear,Motor Vehicle in Transport,On Roadway,Non-Junction,N,Not at Intersection,Turnpike/Toll,Paved,Dry,None, , ,None, , ,N,Y,Work on Shoulder or Median,Activity Area,Y,N,0,0,0,0,0,0,0,0,0,0,0,0,0.000000000000000,0.000000000000000,0,2,0,3500,"Mapped, On Network",-81.258271156800006,28.583883960100000,667644.812464999966323,511615.197187000012491,3/21/2019 1:54:19 PM,6046_6317
2461,2462,1,2461,4691,88044067,FHPD19OFF010885,FHP,Long,2/4/2019 0:00:00,05:36 PM,Orlando,Orange,STATE ROAD 417(CENTRAL FLORIDA GREENEWAY),STATE ROAD 423 (JOHN YOUNG PARKWAY),10560,West,Rear End,2,0,0,1,N,Y,N,1000.000000000000000,Clear,Daylight,0,Rear End,N,Injury,N,Front to Rear,Motor Vehicle in Transport,On Roadway,Non-Junction,N,Not at Intersection,State,Paved,Dry,None, , ,None, , ,N,N, , , , ,0,1,0,0,0,0,0,1,0,0,0,0,0.000000000000000,0.000000000000000,0,1,0,1000,"Mapped, On Network",-81.448749318799997,28.357776795700001,649572.754156999988481,486110.890544000023510,2/11/2019 11:01:34 AM,6916_6959
2462,2463,1,2462,4704,88910580,2019-00050132,Orlando PD,Long,2/6/2019 0:00:00,03:10 PM,Orlando,Orange,SR 408 WEST,ANDES AVE,200,West,Other,1,0,0,0,N,N,N,5000.000000000000000,Clear,Daylight,0,Single Vehicle,W,Property Damage Only,Y,Angle,Motor Vehicle in Transport,On Roadway,Non-Junction,N,Not at Intersection,Interstate,Paved,Dry,None, , ,None, , ,N,N, , , , ,0,0,0,0,0,0,0,0,0,0,0,0,0.000000000000000,0.000000000000000,0,0,0,5000,"Mapped, On Network",-81.322200968299995,28.539916028000000,661511.065855000051670,506596.322884000022896,5/6/2019 9:53:12 AM,6307_6229
2463,2464,1,2463,4759,87275075,FHPK19OFF000393,FHP,Short,1/2/2019 0:00:00,05:56 PM,Orlando Expwy Auth,Orange,SR 429 (WESTERN EXPRESSWAY),NEW INDEPENDENCE PKWY,0, ,Rear End,2,0,0,0,N,N,N,500.000000000000000,Clear,Daylight,0,Rear End,S,Property Damage Only,N,Front to Rear,Motor Vehicle in Transport,On Roadway,Entrance/Exit Ramp,N,Not at Intersection,Turnpike/Toll,Paved,Dry,None, , ,None, , ,N,N, , , , ,0,0,0,0,0,0,0,0,0,0,0,0,0.000000000000000,0.000000000000000,0,1,0,500,"Mapped, On Network",-81.631588470699995,28.479529481400000,631429.357443999964744,499273.050346000003628,5/22/2019 5:24:54 PM,6859_8039
2464,2465,1,2464,4843,88909279,2019-00008620,Orlando PD,Long,1/8/2019 0:00:00,05:41 PM,Orlando,Orange,SR-408 (EASTBOUND),SR-400 (I-4),0,East,Rear End,2,0,0,0,N,N,N,600.000000000000000,Clear,Daylight,0,Rear End,E,Property Damage Only,Y,Front to Rear,Motor Vehicle in Transport,On Roadway,Non-Junction,N,Not at Intersection,State,Paved,Dry,None, , ,None, , ,N,N, , , , ,0,0,0,0,0,0,0,0,0,0,0,0,0.000000000000000,0.000000000000000,0,0,0,600,"Mapped, On Network",-81.391939694700000,28.535106844600001,654712.778468000004068,505916.385902000009082,7/18/2019 4:39:37 PM,8248_8267
2465,2466,1,2465,4861,88006217,FHPD19OFF002484,FHP,Long,1/8/2019 0:00:00,06:18 PM,Orlando Expwy Auth,Orange,STATE RD 417,WORLD CENTER DR,10560,North,Rear End,2,0,0,0,N,N,N,8500.000000000000000,Clear,Dawn,0,Rear End,N,Property Damage Only,N,Front to Rear,Motor Vehicle in Transport,On Roadway,Non-Junction,N,Not at Intersection,Turnpike/Toll,Paved,Dry,None, , ,None, , ,N,N, , , , ,0,0,1,0,0,0,0,0,0,0,0,0,0.000000000000000,0.000000000000000,0,1,0,8500,"Mapped, On Network",-81.415458378599993,28.375379801699999,652787.952592000016011,488133.210617000004277,7/30/2019 3:39:53 PM,8107_8280
2466,2467,1,2466,4862,88006216,FHPD19OFF002464,FHP,Long,1/8/2019 0:00:00,05:46 PM,Orlando Expwy Auth,Orange,STATE RD 417,STATE RD 423 JOHN YOUNG PKWY,50,South,Sideswipe,2,0,0,0,N,N,N,9000.000000000000000,Clear,Dusk,0,Same Direction Sideswipe,S,Property Damage Only,N,"Sideswipe, Same Direction",Motor Vehicle in Transport,On Roadway,Non-Junction,N,Not at Intersection,Turnpike/Toll,Paved,Dry,None, , ,None, , ,N,N, , , , ,0,0,4,0,0,0,0,0,0,0,0,0,0.000000000000000,0.000000000000000,0,0,1500,7500,"Mapped, On Network",-81.430256026300000,28.368885760000001,651355.867621000041254,487381.912345000018831,7/30/2019 3:42:14 PM,6959_8287