FID,OBJECTID_1,Join_Count,TARGET_FID,OBJECTID,HSMV_Repor,Agency_Rep,Reporting_,Form_Type,Crash_Date,Crash_Time,City,County,Crash_Stre,Intersecti,Offset_Dis,Offset_Dir,Crash_Type,Vehicles,Non_Motori,Fatalities,Injuries,Alcohol_Re,Distractio,Drug_Relat,Estimated_,Weather_Co,Light_Cond,Street_Num,Crash_Ty_1,Crash_Ty_2,Crash_Seve,Within_Cit,Manner_of_,First_Harm,First_HE_L,First_HE_R,First_HE_W,Type_of_In,Road_Sys_I,Type_of_Sh,Road_Surf_,Contrib_Ci,Contrib__1,Contrib__2,Contrib__3,Contrib__4,Contrib__5,School_Bus,Work_Zone_,Type_of_Wo,Loc_in_Wor,Workers_in,Law_Enforc,Mopeds,Motorcycle,Passengers,Bicyclists,Pedestrian,Fataliti_1,Injuries_U,Possible_I,Non_Incapa,Incapacita,Fataliti_2,Non_Traffi,Transporte,Transpor_1,Transpor_2,Citations,Property_D,Vehicle_Dm,S4_Mapping,S4_Decimal,S4_Decim_1,S4_Albers_,S4_Albers1,S4_Mappi_1,zone_id_st
2467,2468,1,2467,4893,88008569,FHPD19OFF000603,FHP,Long,1/3/2019 0:00:00,06:43 AM,Orlando Expwy Auth,Orange,SR-417 (MM37),UNIVERSITY BLVD,40,North,Rear End,2,0,0,0,N,N,N,3600.000000000000000,Cloudy,Dawn,0,Rear End,S,Property Damage Only,N,Front to Rear,Motor Vehicle in Transport,On Roadway,Non-Junction,N,Not at Intersection,State,Paved,Dry,None, , ,None, , ,N,Y,Work on Shoulder or Median,Before the First Work Zone Warning Sign,N,N,0,0,0,0,0,0,0,0,0,0,0,0,0.000000000000000,0.000000000000000,0,1,0,3600,"Mapped, On Network",-81.250070574199995,28.597601169299999,668411.244035999989137,513156.013885999971535,5/23/2019 12:29:18 PM,8588_8118
2468,2469,1,2468,4899,88013655,FHPD19OFF000480,FHP,Short,1/2/2019 0:00:00,05:50 PM,Orlando Expwy Auth,Orange,SR417,13MM,0, ,Rear End,3,0,0,0,N,N,N,4025.000000000000000,Clear,Daylight,0,Rear End,N,Property Damage Only,Y,Front to Rear,Motor Vehicle in Transport,On Roadway,Non-Junction,N,Not at Intersection,Turnpike/Toll,Paved,Dry,None, , ,None, , ,N,N, , , , ,0,0,0,0,0,0,0,0,0,0,0,0,0.000000000000000,0.000000000000000,0,1,0,4025,"Mapped, On Network",-81.367676530599994,28.368590792100001,657476.772879000054672,487478.272392000013497,5/23/2019 12:26:09 PM,7997_8466
2469,2470,1,2469,4910,88008568,FHPD19OFF000377,FHP,Long,1/2/2019 0:00:00,12:50 PM,Orlando Expwy Auth,Orange,SR-528 (MM19),SUNDBRIDGE PKWY,20,West,Rear End,2,0,0,0,N,N,N,3000.000000000000000,Clear,Daylight,0,Rear End,E,Property Damage Only,N,Front to Rear,Motor Vehicle in Transport,On Roadway,Non-Junction,N,Not at Intersection,Turnpike/Toll,Curb,Dry,None, , ,None, , ,N,N, , , , ,0,0,0,0,0,0,0,0,0,0,0,0,0.000000000000000,0.000000000000000,0,1,0,3000,"Mapped, On Network",-81.170671622499995,28.451649979399999,676531.625493000028655,497126.849013999977615,5/22/2019 5:36:41 PM,6945_8095
2470,2471,1,2470,4911,88005697,FHPD19OFF000968,FHP,Short,1/4/2019 0:00:00,07:36 AM,Orlando Expwy Auth,Orange,SB SR-429,PLANT STREET,5280,North,Rear End,2,0,0,0,N,N,N,9500.000000000000000,Cloudy,Daylight,0,Rear End,S,Property Damage Only,Y,Front to Rear,Motor Vehicle in Transport,On Roadway,Non-Junction,N,Not at Intersection,Turnpike/Toll,Paved,Wet,None, , ,None, , ,N,N, , , , ,0,0,0,0,0,0,0,0,0,0,0,0,0.000000000000000,0.000000000000000,0,1,0,9500,"Mapped, On Network",-81.557401211100000,28.581321579400001,638453.726676000049338,510716.858805000025313,3/28/2019 5:40:21 PM,5993_8395
2471,2472,1,2471,4912,88006214,FHPD19OFF000212,FHP,Long,1/1/2019 0:00:00,06:20 PM,Orlando Expwy Auth,Orange,STATE RD 408,STATE RD 423,5280,West,Rear End,2,0,0,2,N,N,N,16800.000000000000000,Clear,Dusk,0,Rear End,W,Injury,N,Angle,Motor Vehicle in Transport,On Roadway,Non-Junction,N,Not at Intersection,Turnpike/Toll,Paved,Dry,None, , ,None, , ,N,N, , , , ,0,0,1,0,0,0,0,1,1,0,0,0,2.000000000000000,0.000000000000000,0,1,1800,15000,"Mapped, On Network",-81.427498516100002,28.545937945300000,651215.388871000031941,507046.033271999971475,5/22/2019 5:41:24 PM,8239_5934
2472,2473,1,2472,4913,88013654,FHPD19OFF000468,FHP,Short,1/2/2019 0:00:00,04:47 PM,Orlando Expwy Auth,Orange,SR417,7MM,0, ,Rear End,2,0,0,0,N,N,N,3000.000000000000000,Clear,Daylight,0,Rear End,N,Property Damage Only,Y,Front to Rear,Motor Vehicle in Transport,On Roadway,Non-Junction,N,Not at Intersection,Turnpike/Toll,Paved,Dry,None, , ,None, , ,N,N, , , , ,0,0,0,0,0,0,0,0,0,0,0,0,0.000000000000000,0.000000000000000,0,1,0,3000,"Mapped, On Network",-81.458134225300000,28.355742822700002,648659.474089000024833,485866.093044999986887,5/23/2019 12:27:45 PM,7010_6916
2473,2474,1,2473,4992,88066031,FHPD19OFF000025,FHP,Long,1/1/2019 0:00:00,02:24 AM,Orlando,Orange,STATE ROAD 417 NB,MM17,0, ,Rear End,3,0,0,5,N,N,N,13000.000000000000000,Clear,Dark - Lighted,0,Rear End,N,Injury,N,Front to Rear,Motor Vehicle in Transport,On Roadway,Non-Junction,N,Not at Intersection,State,Paved,Dry,None, , ,None, , ,N,N, , , , ,0,0,4,0,0,0,0,5,0,0,0,0,0.000000000000000,0.000000000000000,0,0,0,13000,"Mapped, On Network",-81.315630037399998,28.367917991999999,662568.452598999952897,487513.316714000015054,5/28/2019 4:14:09 PM,11007_8480
2474,2475,1,2474,4999,88005698,FHPD19OFF002342,FHP,Long,1/8/2019 0:00:00,11:50 AM,Orlando Expwy Auth,Orange,EB SR-408,SR-434,0,West,Rear End,2,0,0,0,N,N,N,20000.000000000000000,Cloudy,Daylight,0,Rear End,E,Property Damage Only,Y,Front to Rear,Motor Vehicle in Transport,On Roadway,Non-Junction,N,Not at Intersection,Turnpike/Toll,Paved,Dry,None, , ,None, , ,N,N, , , , ,0,0,1,0,0,0,0,0,0,0,0,0,0.000000000000000,0.000000000000000,0,1,0,20000,"Mapped, On Network",-81.208711567300000,28.548861579699999,672569.982655999949202,507835.298494999995455,5/29/2019 10:44:23 AM,6690_8041
2475,2476,1,2475,5004,87252450,FHPD19OFF002343,FHP,Long,1/8/2019 0:00:00,11:50 AM,Orlando Expwy Auth,Orange,STATE ROAD 417 (CTRL FLA GREENEWAY),CURRY FORD ROAD,5280,North,Other,3,0,0,0,N,N,N,7050.000000000000000,Clear,Daylight,0,Other,S,Property Damage Only,Y,Other,Other Non-Fixed Object,On Roadway,Non-Junction,N,Not at Intersection,Turnpike/Toll,Paved,Dry,None, , ,None, , ,N,N, , , , ,0,0,0,0,0,0,0,0,0,0,0,0,0.000000000000000,0.000000000000000,0,0,0,7050,"Mapped, On Network",-81.250746755500003,28.517430998300000,668543.736008999985643,504253.400353999983054,7/19/2019 2:29:35 PM,6968_8555
2476,2477,1,2476,5006,88038573,FHPK19OFF002243,FHP,Short,1/10/2019 0:00:00,04:50 PM,Winter Garden,Orange,STATE ROAD 429,COUNTY ROAD 535(MILE MARKER 19),700,North,Rear End,2,0,0,0,N,N,N,600.000000000000000,Clear,Daylight,0,Rear End,S,Property Damage Only,N,Front to Rear,Motor Vehicle in Transport,On Roadway,Acceleration/Deceleration Lane,N,Not at Intersection,Turnpike/Toll,Paved,Dry,None, , ,None, , ,N,N, , , , ,0,0,0,0,0,0,0,0,0,0,0,0,0.000000000000000,0.000000000000000,0,1,0,600,"Mapped, On Network",-81.579359243699997,28.522376936000001,636438.886447999975644,504129.708587999979500,7/18/2019 2:33:45 PM,6989_8464
2477,2478,1,2477,5029,88071052,FHPD19OFF003995,FHP,Long,1/13/2019 0:00:00,05:59 AM,Orlando,Orange,STATE ROAD 408 (EAST-WEST EXPY),STATE ROAD 417 (GREENWAY EXPY),800,North,Off Road,1,0,0,0,N,N,N,10000.000000000000000,Clear,Dark - Not Lighted,0,Off Road,E,Property Damage Only,N,Other,Other Traffic Barrier,On Roadway,Entrance/Exit Ramp,Y,Not at Intersection,County,Paved,Dry,None, , ,None, , ,N,N, , , , ,0,0,0,0,0,0,0,0,0,0,0,0,0.000000000000000,0.000000000000000,0,0,0,10000,"Mapped, Not On Network",-81.258099999500004,28.547300024900000,667751.848099999944679,507553.720800000010058,5/29/2019 10:18:17 AM,8033_8027
2478,2479,1,2478,5031,87252447,FHPD19OFF001739,FHP,Long,1/6/2019 0:00:00,09:30 AM,Orlando Expwy Auth,Orange,STATE ROAD 417 (CTRL FLA GREENEWAY),STATE ROAD 536 (EPCOT CTR DR),10560,North,Other,2,0,0,0,N,N,N,500.000000000000000,Clear,Daylight,0,Other,S,Property Damage Only,Y,Other,"Struck by Falling, Shifting Cargo",On Roadway,Non-Junction,N,Not at Intersection,Turnpike/Toll,Paved,Dry,None, , ,None, , ,N,N, , , , ,0,0,0,0,0,0,0,0,0,0,0,0,0.000000000000000,0.000000000000000,0,0,0,500,"Mapped, Not On Network",-81.476280000100004,28.356580024700001,646882.699299999978393,485922.590800000005402,5/31/2019 11:43:48 AM,6071_8579
2479,2480,1,2479,5061,88005493,FHPD19OFF002242,FHP,Long,1/7/2019 0:00:00,10:43 PM,Orlando,Orange,STATE ROAD 528 (BEACHLINE EXPRESS WAY),MM18,0, ,Other,1,0,0,1,N,N,N,6000.000000000000000,Cloudy,Dark - Not Lighted,0,Single Vehicle,W,Injury,N,Other,Other Non-Collision,On Roadway,Through Roadway,N,Not at Intersection,State,Paved,Dry,None, , ,None, , ,N,N, , , , ,0,0,0,0,0,0,0,0,0,1,0,0,1.000000000000000,0.000000000000000,0,0,0,6000,"Mapped, On Network",-81.192424378699997,28.451723067800000,674405.748391999979503,497086.370961999986321,1/29/2019 11:39:40 AM,8097_6953
2480,2481,1,2480,5066,88064819,FHPD19OFF004019,FHP,Short,1/13/2019 0:00:00,10:02 AM,Orlando Expwy Auth,Orange,STATE ROAD 417,STATE ROAD 50,5280,North,Sideswipe,2,0,0,0,N,N,N,5000.000000000000000,Clear,Daylight,0,Same Direction Sideswipe,S,Property Damage Only,Y,"Sideswipe, Same Direction",Motor Vehicle in Transport,On Roadway,Non-Junction,N,Not at Intersection,Turnpike/Toll,Paved,Dry,None, , ,None, , ,N,N, , , , ,0,0,1,0,0,0,0,0,0,0,0,0,0.000000000000000,0.000000000000000,0,1,0,5000,"Mapped, On Network",-81.264601886799994,28.575381123300001,667047.859193000011146,510657.418143999995664,5/31/2019 11:35:35 AM,6691_8563
2481,2482,1,2481,5086,88064818,FHPD19OFF003656,FHP,Long,1/12/2019 0:00:00,07:07 AM,Orlando Expwy Auth,Orange,STATE ROAD 417 NB MM10,STATE ROAD 423,20,South,Animal,1,0,0,0,N,N,N,4000.000000000000000,Clear,Dawn,0,Animal,N,Property Damage Only,Y,Other,Animal,On Roadway,Non-Junction,N,Not at Intersection,Turnpike/Toll,Paved,Dry,None, , ,None, , ,N,N, , , , ,0,0,1,0,0,0,0,0,0,0,0,0,0.000000000000000,0.000000000000000,0,0,0,4000,"Mapped, On Network",-81.426335912100001,28.372200168199999,651731.570701000047848,487757.916266000014730,5/31/2019 11:50:21 AM,8287_8107
2482,2483,1,2482,5095,88006218,FHPD19OFF003471,FHP,Short,1/11/2019 0:00:00,04:50 PM,Orlando Expwy Auth,Orange,STATE RD 417,LEE VISTA BLVD,5280,South,Rear End,2,0,0,0,N,N,N,1500.000000000000000,Clear,Daylight,0,Rear End,N,Property Damage Only,N,Front to Rear,Motor Vehicle in Transport,On Roadway,Non-Junction,N,Not at Intersection,Turnpike/Toll,Paved,Dry,None, , ,None, , ,N,N, , , , ,0,0,3,0,0,0,0,0,0,0,0,0,0.000000000000000,0.000000000000000,0,1,0,1500,"Mapped, Not On Network",-81.239420000300001,28.477840025100001,669748.356600000057369,499882.397100000001956,5/31/2019 11:16:13 AM,8544_8386
2483,2484,1,2483,5147,87947113,2019-00000311,Orlando PD,Long,1/1/2019 0:00:00,04:34 AM,Orlando,Orange,408 EAST/WEST EXPRESSWAY,US 441 ORANGE BLOSSOM TRAIL,25,South,Rear End,2,0,0,0,N,N,N,10000.000000000000000,Clear,Dark - Lighted,0,Rear End,W,Property Damage Only,Y,Front to Rear,Motor Vehicle in Transport,On Roadway,Non-Junction,N,Not at Intersection,Turnpike/Toll,Paved,Dry,None, , ,None, , ,N,N, , , , ,0,0,2,0,0,0,0,0,0,0,0,0,0.000000000000000,0.000000000000000,0,0,0,10000,"Mapped, On Network",-81.394187259600002,28.535251607100001,654492.965985000017099,505927.818573999975342,5/29/2019 10:15:13 AM,8272_8254
2484,2485,1,2484,5148,87947112,2019-00000271,Orlando PD,Long,1/5/2019 0:00:00,03:39 AM,Orlando,Orange,408 WEST BOUND,US 441 ORANGE BLOSSOM TRAIL,10560,South,Other,1,0,0,0,N,N,N,15000.000000000000000,Clear,Dark - Lighted,0,Single Vehicle,W,Property Damage Only,Y,Other,Motor Vehicle in Transport,On Roadway,Entrance/Exit Ramp,N,Not at Intersection,State,Paved,Dry,None, , ,None, , ,N,N, , , , ,0,0,0,0,0,0,0,0,0,0,0,0,0.000000000000000,0.000000000000000,0,0,0,15000,"Mapped, On Network",-81.393775116800001,28.535323196499998,654533.043316000024788,505936.617862000013702,5/29/2019 10:16:55 AM,8272_8254
2485,2486,1,2485,5169,87943647,2019-00007248,Orlando PD,Long,1/6/2019 0:00:00,06:30 PM,Orlando,Orange,EW EBO,N MILLS AVE ON-RAMP,150,East,Sideswipe,2,0,0,2,N,N,N,12000.000000000000000,Clear,Dark - Lighted,0,Same Direction Sideswipe,E,Injury,Y,"Sideswipe, Same Direction",Motor Vehicle in Transport,On Roadway,Entrance/Exit Ramp,Y,Not at Intersection,Interstate,Paved,Dry,None, , ,None, , ,N,N, , , , ,0,0,1,0,0,0,0,0,2,0,0,0,0.000000000000000,0.000000000000000,0,0,0,12000,"Mapped, On Network",-81.360713565300003,28.537782027599999,657755.616186999948695,506278.298040000023320,5/29/2019 10:46:53 AM,8315_8311
2486,2487,1,2486,5209,88006219,FHPD19OFF003501,FHP,Long,1/11/2019 0:00:00,05:38 PM,Orlando Expwy Auth,Orange,STATE RD 417,LANDSTAR BLVD,5280,North,Rear End,3,0,0,1,N,N,N,14500.000000000000000,Clear,Daylight,0,Rear End,S,Injury,N,Front to Rear,Motor Vehicle in Transport,On Roadway,Non-Junction,N,Not at Intersection,Turnpike/Toll,Paved,Dry,None, , ,None, , ,N,N, , , , ,0,0,3,0,0,0,0,1,0,0,0,0,0.000000000000000,0.000000000000000,0,1,0,14500,"Mapped, On Network",-81.350396053400004,28.369094919100000,659165.574690000037663,487570.445706999977119,1/29/2019 11:38:10 AM,6700_8484
2487,2488,1,2487,5210,88006220,FHPD19OFF003880,FHP,Long,1/12/2019 0:00:00,06:13 PM,Orlando Expwy Auth,Orange,STATE RD 408,STATE RD 434,5280,West,Rear End,2,0,0,0,N,N,N,9000.000000000000000,Clear,Dusk,0,Rear End,W,Property Damage Only,N,Front to Rear,Motor Vehicle in Transport,On Roadway,Non-Junction,N,Not at Intersection,Turnpike/Toll,Paved,Dry,None, , ,None, , ,N,Y,Work on Shoulder or Median,Activity Area,N,N,0,0,0,0,0,0,0,0,0,0,0,0,0.000000000000000,0.000000000000000,0,1,0,9000,"Mapped, On Network",-81.211385340999996,28.548730796600001,672309.260969000053592,507814.870802999997977,5/31/2019 11:14:09 AM,6946_8057
2488,2489,1,2488,5239,88064913,FHPD19OFF003982,FHP,Short,1/13/2019 0:00:00,02:09 AM,Orlando,Orange,STATE ROAD 408 WB MM5,KIRKMAN ROAD,300,West,Sideswipe,2,0,0,0,N,Y,N,200.000000000000000,Clear,Dark - Lighted,0,Same Direction Sideswipe,W,Property Damage Only,N,"Sideswipe, Same Direction",Motor Vehicle in Transport,On Roadway,Non-Junction,N,Not at Intersection,State,Paved,Dry,None, , ,None, , ,N,N, , , , ,0,0,0,0,0,0,0,0,0,0,0,0,0.000000000000000,0.000000000000000,0,1,0,200,"Mapped, On Network",-81.458321030099995,28.549341354300001,648198.082096999976784,507361.505967999983113,5/29/2019 10:19:00 AM,8208_8205
2489,2490,1,2489,5252,88041730,FHPD19OFF002921,FHP,Short,1/10/2019 0:00:00,07:00 AM,Orlando,Orange,SR 417 (CENTRAL FLORIDA GREENEWAY),US 441 (ORANGE BLOSSOM TRL ),50,West,Rear End,2,0,0,0,N,N,N,1000.000000000000000,Clear,Daylight,0,Rear End,E,Property Damage Only,N,Front to Rear,Motor Vehicle in Transport,On Roadway,Non-Junction,N,Not at Intersection,State,Paved,Dry,None, , ,None, , ,N,N, , , , ,0,0,0,0,0,0,0,0,0,0,0,0,0.000000000000000,0.000000000000000,0,1,0,1000,"Mapped, Not On Network",-81.412760000199995,28.375160024800000,653052.347999999998137,488114.342699999979232,5/29/2019 10:05:36 AM,8107_8280
2490,2491,1,2490,5294,88013661,FHPD19OFF003112,FHP,Long,1/10/2019 0:00:00,05:12 PM,Orlando Expwy Auth,Orange,SR408,2MM,0, ,Rear End,2,0,0,0,N,N,N,8000.000000000000000,Clear,Daylight,0,Rear End,W,Property Damage Only,N,Front to Rear,Motor Vehicle in Transport,On Roadway,Non-Junction,N,Not at Intersection,Turnpike/Toll,Paved,Dry,None, , ,None, , ,N,N, , , , ,0,0,0,0,0,0,0,0,0,0,0,0,0.000000000000000,0.000000000000000,0,1,0,8000,"Mapped, On Network",-81.507995628499998,28.545567870300001,643356.431465000030585,506843.519836999999825,5/31/2019 10:50:15 AM,8114_8152
2491,2492,1,2491,5295,88013659,FHPD19OFF002771,FHP,Long,1/9/2019 0:00:00,04:48 PM,Orlando Expwy Auth,Orange,SR429,26MM,0, ,Rollover,1,0,0,1,N,N,N,5000.000000000000000,Clear,Daylight,0,Rollover,N,Injury,Y,Other,Overturn/Rollover,Off Roadway,Non-Junction,N,Not at Intersection,Turnpike/Toll,Paved,Dry,None, , ,None, , ,N,N, , , , ,0,0,0,0,0,0,0,0,1,0,0,0,1.000000000000000,0.000000000000000,0,1,0,5000,"Mapped, On Network",-81.552219091100000,28.598198361800002,638922.352792000048794,512600.778795999998692,5/31/2019 10:53:35 AM,6220_8389
2492,2493,1,2492,5339,85161134,FHPK19OFF001740,FHP,Long,1/8/2019 0:00:00,07:53 AM,Winter Garden,Orange,SR-429 NB (MM 15),NEW INDEPENDENCE PKWY,5280,North,Off Road,1,0,0,1,N,Y,N,5000.000000000000000,Cloudy,Daylight,0,Off Road,N,Injury,N,Other,Concrete Traffic Barrier,Shoulder,Other,N,Not at Intersection,Turnpike/Toll,Paved,Dry,None, , ,None, , ,N,N, , , , ,0,0,0,0,0,0,0,1,0,0,0,0,0.000000000000000,0.000000000000000,0,3,0,5000,"Mapped, On Network",-81.630090503199995,28.482789426400000,631568.755979000008665,499637.833069999993313,7/19/2019 3:24:36 PM,8037_6764
2493,2494,1,2493,5347,88013657,FHPD19OFF002173,FHP,Long,1/7/2019 0:00:00,06:07 PM,Orlando Expwy Auth,Orange,SR408,18MM,0, ,Rear End,2,0,0,0,N,N,N,2000.000000000000000,Clear,Dark - Lighted,0,Rear End,E,Property Damage Only,Y,Front to Rear,Motor Vehicle in Transport,On Roadway,Non-Junction,N,Not at Intersection,Turnpike/Toll,Paved,Dry,None, , ,None, , ,N,N, , , , ,0,0,0,0,0,0,0,0,0,0,0,0,0.000000000000000,0.000000000000000,0,2,0,2000,"Mapped, On Network",-81.252855460000006,28.547312526399999,668263.871969999978319,507566.507146999996621,7/19/2019 2:27:09 PM,8027_6269
2494,2495,1,2494,5410,88013658,FHPD19OFF002181,FHP,Long,1/7/2019 0:00:00,06:14 PM,Orlando Expwy Auth,Orange,SR408,21MM,0, ,Rear End,2,0,0,1,N,N,N,6000.000000000000000,Clear,Dark - Lighted,0,Rear End,E,Injury,Y,Front to Rear,Motor Vehicle in Transport,On Roadway,Non-Junction,N,Not at Intersection,Turnpike/Toll,Paved,Dry,None, , ,None, , ,N,Y,Work on Shoulder or Median,Advance Warning Area,N,N,0,0,0,0,0,0,0,0,1,0,0,0,1.000000000000000,0.000000000000000,0,1,0,6000,"Mapped, On Network",-81.204039949000006,28.549822114099999,673023.670764000038616,507952.278607000014745,7/19/2019 2:28:18 PM,8041_6970
2495,2496,1,2495,5438,87946326,2019-00006874,Orlando PD,Long,1/6/2019 0:00:00,10:05 AM,Orlando,Orange,CENTRAL FL GRNWY SBO(S.R.417),LAKE NONA BLVD,2640,West,Other,3,0,0,2,N,N,N,24000.000000000000000,Clear,Daylight,0,Other,W,Injury,Y,Other,Motor Vehicle in Transport,On Roadway,Non-Junction,N,Not at Intersection,State,Paved,Dry,None, , ,None, , ,N,N, , , , ,0,0,1,0,0,0,0,2,0,0,0,0,1.000000000000000,0.000000000000000,0,1,0,24000,"Mapped, On Network",-81.282763955299998,28.376941429599999,665760.612316000042483,488585.596054000023287,2/7/2019 5:07:07 PM,8600_8520
2496,2497,1,2496,5475,88909421,2019-00013351,Orlando PD,Short,1/10/2019 0:00:00,06:56 PM,Orlando,Orange,SR 528 EBO,S GOLDENROD RD,500,East,Rear End,2,0,0,0,N,N,N,1600.000000000000000,Clear,Dark - Lighted,0,Rear End,E,Property Damage Only,Y,Front to Rear,Motor Vehicle in Transport,On Roadway,Non-Junction,N,Not at Intersection,State,Paved,Dry,None, , ,None, , ,N,N, , , , ,0,0,0,0,0,0,0,0,0,0,0,0,0.000000000000000,0.000000000000000,0,0,0,1600,"Mapped, On Network",-81.283351868400004,28.448684028399999,665527.608860000036657,496549.887225000013132,5/29/2019 9:55:49 AM,8186_8176
2497,2498,1,2497,5487,88909249,2019-00007863,Orlando PD,Short,1/7/2019 0:00:00,07:26 AM,Orlando,Orange,SR 408 EAST,S MILLS AVE EXIT RAMP,300,West,Sideswipe,2,0,0,0,N,N,N,400.000000000000000,Clear,Daylight,0,Same Direction Sideswipe,E,Property Damage Only,Y,"Sideswipe, Same Direction",Motor Vehicle in Transport,On Roadway,Non-Junction,N,Not at Intersection,State,Paved,Dry,None, , ,None, , ,N,N, , , , ,0,0,0,0,0,0,0,0,0,0,0,0,0.000000000000000,0.000000000000000,0,0,0,400,"Mapped, On Network",-81.367476845900001,28.537288475099999,657096.377272999961860,506209.379916000005323,6/3/2019 12:51:19 PM,8313_6737
2498,2499,1,2498,5517,88013660,FHPD19OFF003022,FHP,Long,1/10/2019 0:00:00,12:53 PM,Orlando Expwy Auth,Orange,SR429,24MM,0, ,Rear End,2,0,0,2,N,N,N,10900.000000000000000,Clear,Daylight,0,Rear End,N,Injury,Y,Front to Rear,Motor Vehicle in Transport,On Roadway,Non-Junction,N,Not at Intersection,Turnpike/Toll,Paved,Dry,None, , ,None, , ,N,N, , , , ,0,0,1,0,0,0,0,1,1,0,0,0,2.000000000000000,0.000000000000000,0,1,900,10000,"Mapped, On Network",-81.556723860600002,28.571273820399998,638541.950484000029974,509602.528530000010505,5/31/2019 10:51:46 AM,8421_8425
2499,2500,1,2499,5545,87252453,FHPD19OFF004026,FHP,Long,1/13/2019 0:00:00,10:20 AM,Orlando Expwy Auth,Orange,STATE ROAD 408 (EAST WEST EXPWY),STATE ROAD 435 (KIRKMAN ROAD),200,East,Off Road,2,0,0,0,N,N,N,10000.000000000000000,Clear,Daylight,0,Off Road,W,Property Damage Only,Y,"Sideswipe, Same Direction",Concrete Traffic Barrier,On Roadway,Non-Junction,Y,Not at Intersection,Turnpike/Toll,Paved,Dry,None, , ,None, , ,N,N, , , , ,0,0,0,0,0,0,0,0,0,0,0,0,0.000000000000000,0.000000000000000,0,0,0,10000,"Mapped, On Network",-81.453603976699995,28.548408421900000,648660.782064000028186,507267.423454999981914,5/31/2019 11:26:02 AM,8201_8203
2500,2501,1,2500,5662,88005699,FHPD19OFF003249,FHP,Short,1/11/2019 0:00:00,07:20 AM,Orlando Expwy Auth,Orange,NB SR-417,SR-50,10560,South,Rear End,2,0,0,0,N,N,N,10000.000000000000000,Clear,Daylight,0,Rear End,N,Property Damage Only,Y,Front to Front,Motor Vehicle in Transport,On Roadway,Non-Junction,N,Not at Intersection,Turnpike/Toll,Paved,Dry,None, , ,None, , ,N,N, , , , ,0,0,0,0,0,0,0,0,0,0,0,0,0.000000000000000,0.000000000000000,0,0,0,10000,"Mapped, Not On Network",-81.412760000199995,28.375160024800000,653052.347999999998137,488114.342699999979232,5/31/2019 9:50:20 AM,8107_8280
2501,2502,1,2501,5836,88037119,FHPD19OFF002482,FHP,Long,1/8/2019 0:00:00,06:12 PM,Orlando Expwy Auth,Orange,STATE ROAD 408 EASTBOUND,MILE MARKER 18,0, ,Rear End,2,0,0,1,N,Y,N,2500.000000000000000,Clear,Dusk,0,Rear End,E,Injury,Y,Front to Rear,Motor Vehicle in Transport,On Roadway,Non-Junction,N,Not at Intersection,Turnpike/Toll,Paved,Dry,None, , ,None, , ,N,N, , , , ,0,0,0,0,0,0,0,1,0,0,0,0,0.000000000000000,0.000000000000000,0,1,0,2500,"Mapped, On Network",-81.253019379300000,28.547277211099999,668247.954950000043027,507562.229562000022270,5/31/2019 11:29:23 AM,8027_6269
2502,2503,1,2502,6016,88908827,2019-00012331,Orlando PD,Long,1/10/2019 0:00:00,06:46 AM,Orlando,Orange,SR 408 (408 WBO),SR 400 (I4 WBO),2000,East,Rear End,3,0,0,2,N,N,N,8000.000000000000000,Clear,Daylight,0,Rear End,W,Injury,Y,Front to Rear,Motor Vehicle in Transport,On Roadway,Non-Junction,N,Not at Intersection,State,Paved,Dry,None, , ,None, , ,N,N, , , , ,0,0,0,0,0,0,0,2,0,0,0,0,0.000000000000000,0.000000000000000,0,0,0,8000,"Mapped, On Network",-81.368473012999999,28.537330626199999,656999.004903999972157,506211.983484999975190,5/31/2019 10:29:09 AM,8313_6737
2503,2504,1,2503,6033,88005708,FHPD19OFF006699,FHP,Short,1/22/2019 0:00:00,06:35 AM,Orlando Expwy Auth,Orange,EB SR-408,SR-423,5280,West,Rear End,2,0,0,0,N,N,N,5000.000000000000000,Clear,Dark - Lighted,0,Rear End,E,Property Damage Only,Y,Front to Rear,Motor Vehicle in Transport,On Roadway,Non-Junction,N,Not at Intersection,Turnpike/Toll,Paved,Dry,None, , ,None, , ,N,N, , , , ,0,0,0,0,0,0,0,0,0,0,0,0,0.000000000000000,0.000000000000000,0,1,0,5000,"Mapped, On Network",-81.420805259700003,28.545790587900001,651869.260061000008136,507043.325142999994569,6/4/2019 2:49:33 PM,8237_6011
2504,2505,1,2504,6041,88909522,2019-00019423,Orlando PD,Long,1/15/2019 0:00:00,07:51 AM,Orlando,Orange,SR 408 EAST,I4 WEST ENTRANCE RAMP,100,West,Rear End,2,0,0,0,N,N,N,0.000000000000000,Cloudy,Daylight,0,Rear End,E,Property Damage Only,Y,Front to Rear,Motor Vehicle in Transport,On Roadway,Non-Junction,N,Not at Intersection,State,Paved,Dry,None, , ,None, , ,N,N, , , , ,0,0,0,0,0,0,0,0,0,0,0,0,0.000000000000000,0.000000000000000,0,0,0,0,"Mapped, On Network",-81.385430979899994,28.535140035500000,655348.270247000036761,505933.532009000016842,5/29/2019 1:17:26 PM,6679_6276