FID,OBJECTID_1,Join_Count,TARGET_FID,OBJECTID,HSMV_Repor,Agency_Rep,Reporting_,Form_Type,Crash_Date,Crash_Time,City,County,Crash_Stre,Intersecti,Offset_Dis,Offset_Dir,Crash_Type,Vehicles,Non_Motori,Fatalities,Injuries,Alcohol_Re,Distractio,Drug_Relat,Estimated_,Weather_Co,Light_Cond,Street_Num,Crash_Ty_1,Crash_Ty_2,Crash_Seve,Within_Cit,Manner_of_,First_Harm,First_HE_L,First_HE_R,First_HE_W,Type_of_In,Road_Sys_I,Type_of_Sh,Road_Surf_,Contrib_Ci,Contrib__1,Contrib__2,Contrib__3,Contrib__4,Contrib__5,School_Bus,Work_Zone_,Type_of_Wo,Loc_in_Wor,Workers_in,Law_Enforc,Mopeds,Motorcycle,Passengers,Bicyclists,Pedestrian,Fataliti_1,Injuries_U,Possible_I,Non_Incapa,Incapacita,Fataliti_2,Non_Traffi,Transporte,Transpor_1,Transpor_2,Citations,Property_D,Vehicle_Dm,S4_Mapping,S4_Decimal,S4_Decim_1,S4_Albers_,S4_Albers1,S4_Mappi_1,zone_id_st
2505,2506,1,2505,6049,88909176,2019-00014655,Orlando PD,Long,1/11/2019 0:00:00,04:18 PM,Orlando,Orange,WBO SR 408,CRYSTAL LAKE DR,0,West,Rear End,2,0,0,3,N,N,N,6000.000000000000000,Clear,Daylight,0,Rear End,W,Injury,Y,Front to Rear,Motor Vehicle in Transport,On Roadway,Non-Junction,N,Not at Intersection,State,Paved,Dry,None, , ,None, , ,N,N, , , , ,0,0,1,0,0,0,0,3,0,0,0,0,0.000000000000000,0.000000000000000,0,0,0,6000,"Mapped, On Network",-81.339977946100007,28.538493953800000,659778.661330000031739,506400.855695999984164,5/29/2019 1:26:13 PM,8353_6185
2506,2507,1,2506,6055,88077636,FHPD19OFF006886,FHP,Short,1/22/2019 0:00:00,04:35 PM,Orlando Expwy Auth,Orange,STATE RD 408,STATE RD 436,0,East,Rear End,2,0,0,0,N,N,N,7000.000000000000000,Clear,Daylight,0,Rear End,W,Property Damage Only,N,Front to Rear,Motor Vehicle in Transport,On Roadway,Non-Junction,N,Not at Intersection,State,Paved,Dry,None, , ,None, , ,N,N, , , , ,0,0,1,0,0,0,0,0,0,0,0,0,0.000000000000000,0.000000000000000,0,1,0,7000,"Mapped, On Network",-81.302884768499993,28.539667674699999,663397.769276999984868,506609.859676000021864,4/24/2019 9:17:24 AM,6883_8376
2507,2508,1,2507,6073,85507863,FHPD19OFF005274,FHP,Long,1/17/2019 0:00:00,12:00 AM,Orlando,Orange,STATE ROAD 417 MM37,STATE ROAD 426 (ALOMA AVENUE),5280,South,Other,2,0,0,0,N,N,N,7200.000000000000000,Other,Unknown,0,Parked Vehicle,N,Property Damage Only,N,Front to Rear,Motor Vehicle in Transport,Shoulder,Non-Junction,N,Not at Intersection,State,Paved,Unknown,None, , ,None, , ,N,Y,Work on Shoulder or Median,Activity Area,N,N,0,0,0,0,0,0,0,0,0,0,0,0,0.000000000000000,0.000000000000000,0,0,200,7000,"Mapped, On Network",-81.255849364900001,28.606705556300000,667824.790959000005387,514154.288652000017464,5/31/2019 2:59:45 PM,5988_6758
2508,2509,1,2508,6087,88080975,FHPD19OFF006698,FHP,Short,1/22/2019 0:00:00,06:35 AM,Orlando Expwy Auth,Orange,EB SR-408,SR-423,5280,West,Rear End,2,0,0,0,N,N,N,15500.000000000000000,Clear,Dark - Lighted,0,Rear End,E,Property Damage Only,Y,Front to Rear,Motor Vehicle in Transport,On Roadway,Non-Junction,N,Not at Intersection,Turnpike/Toll,Paved,Dry,None, , ,None, , ,N,N, , , , ,0,0,0,0,0,0,0,0,0,0,0,0,0.000000000000000,0.000000000000000,0,2,0,15500,"Mapped, On Network",-81.423727370799995,28.545796943100001,651583.930367000051774,507038.065751000016462,4/24/2019 10:33:35 AM,8237_6011
2509,2510,1,2509,6089,88077637,FHPD19OFF006900,FHP,Long,1/22/2019 0:00:00,04:59 PM,Orlando Expwy Auth,Orange,STATE RD 417,MOSS PARK RD,500,South,Rear End,2,0,0,0,N,N,N,2500.000000000000000,Clear,Daylight,0,Rear End,N,Property Damage Only,N,Front to Rear,Motor Vehicle in Transport,On Roadway,Non-Junction,N,Not at Intersection,Turnpike/Toll,Paved,Dry,None, , ,None, , ,N,N, , , , ,0,0,0,0,0,0,0,0,0,0,0,0,0.000000000000000,0.000000000000000,0,1,0,2500,"Mapped, On Network",-81.228378109600001,28.412638804000000,670989.862550999969244,492667.409686000028159,4/24/2019 9:53:13 AM,8533_8540
2510,2511,1,2510,6101,88005707,FHPD19OFF006700,FHP,Short,1/22/2019 0:00:00,06:35 AM,Orlando Expwy Auth,Orange,EB SR-408,SR-423,5280,West,Rear End,2,0,0,0,N,N,N,6500.000000000000000,Clear,Dark - Lighted,0,Rear End,E,Property Damage Only,Y,Front to Rear,Motor Vehicle in Transport,On Roadway,Non-Junction,N,Not at Intersection,Turnpike/Toll,Paved,Dry,None, , ,None, , ,N,N, , , , ,0,0,0,0,0,0,0,0,0,0,0,0,0.000000000000000,0.000000000000000,0,1,0,6500,"Mapped, On Network",-81.420803058700002,28.545797373199999,651869.459206999978051,507044.083021000027657,6/4/2019 2:41:07 PM,8237_6011
2511,2512,1,2511,6157,88005706,FHPD19OFF006684,FHP,Short,1/22/2019 0:00:00,06:35 AM,Orlando Expwy Auth,Orange,EB SR-408,SR-423,5280,West,Other,2,0,0,0,N,N,N,3000.000000000000000,Clear,Dark - Lighted,0,Other,E,Property Damage Only,Y,Angle,Motor Vehicle in Transport,On Roadway,Non-Junction,N,Not at Intersection,Turnpike/Toll,Paved,Dry,None, , ,None, , ,N,N, , , , ,0,0,0,0,0,0,0,0,0,0,0,0,0.000000000000000,0.000000000000000,0,1,0,3000,"Mapped, On Network",-81.420777860699999,28.545782645199999,651871.953745999955572,507042.499223000020720,6/4/2019 2:40:09 PM,8237_6011
2512,2513,1,2512,6169,88910303,2019-00029511,Orlando PD,Long,1/22/2019 0:00:00,12:47 PM,Orlando,Orange,SR 408 EBO,I4 WBO ENTRANCE RAMP,50,West,Sideswipe,2,0,0,0,N,N,N,2000.000000000000000,Clear,Daylight,0,Same Direction Sideswipe, ,Property Damage Only,Y,"Sideswipe, Same Direction",Motor Vehicle in Transport,On Roadway,Non-Junction,N,Not at Intersection,State,Paved,Dry,None, , ,None, , ,N,Y,Work on Shoulder or Median,Activity Area,N,N,0,0,0,0,0,0,0,0,0,0,0,0,0.000000000000000,0.000000000000000,0,0,0,2000,"Mapped, On Network",-81.385709729100000,28.535111034900002,655321.118946000002325,505929.734861999982968,5/31/2019 1:53:07 PM,6679_6276
2513,2514,1,2513,6171,88037125,FHPD19OFF007139,FHP,Long,1/23/2019 0:00:00,01:04 PM,Orlando,Orange,STATE ROAD 417 NORTHBOUND,MILE MARKER 13,0, ,Rear End,2,0,0,0,N,Y,N,13000.000000000000000,Clear,Daylight,0,Rear End,N,Property Damage Only,N,Front to Rear,Motor Vehicle in Transport,On Roadway,Non-Junction,N,Not at Intersection,Turnpike/Toll,Paved,Dry,None, , ,None, , ,N,N, , , , ,0,0,2,0,0,0,0,0,0,0,0,0,0.000000000000000,0.000000000000000,0,1,0,13000,"Mapped, On Network",-81.383904825800002,28.367976584600001,655891.112398999975994,487376.296088000002783,6/18/2019 10:44:29 AM,6167_9178
2514,2515,1,2514,6172,88037124,FHPD19OFF006915,FHP,Long,1/22/2019 0:00:00,05:27 PM,Orlando Expwy Auth,Orange,STATE ROAD 408 EASTBOUND,MILE MARKER 20,0, ,Rear End,3,0,0,1,N,Y,N,3000.000000000000000,Clear,Dusk,0,Rear End,E,Injury,N,Front to Rear,Motor Vehicle in Transport,On Roadway,Non-Junction,N,Not at Intersection,Turnpike/Toll,Paved,Dry,None, , ,None, , ,N,N, , , , ,0,0,0,0,0,0,0,1,0,0,0,0,0.000000000000000,0.000000000000000,0,1,0,3000,"Mapped, On Network",-81.224532579699996,28.547151699600001,671029.592228999943472,507610.583372999972198,1/30/2019 1:51:30 PM,8077_8070
2515,2516,1,2515,6173,88037123,FHPD19OFF006895,FHP,Long,1/22/2019 0:00:00,04:51 PM,Orlando,Orange,STATE ROAD 408 EASTBOUND,MILE MARKER 21,0, ,Rear End,2,0,0,1,N,Y,N,8000.000000000000000,Clear,Daylight,0,Rear End,E,Injury,N,Front to Rear,Motor Vehicle in Transport,On Roadway,Non-Junction,N,Not at Intersection,Turnpike/Toll,Paved,Dry,None, , ,None, , ,N,N, , , , ,0,0,3,0,0,0,0,1,0,0,0,0,0.000000000000000,0.000000000000000,0,1,0,8000,"Mapped, On Network",-81.204995917199994,28.549611961299998,672930.866017000051215,507926.829717000015080,1/30/2019 1:52:18 PM,8041_6970
2516,2517,1,2516,6348,85556717,FHPD19OFF005302,FHP,Short,1/17/2019 0:00:00,12:29 PM,Orlando,Orange,SR408 WB MM6 EXIT RAMP,PINE HILLS RD,10,East,Rear End,2,0,0,0,N,Y,N,1932.000000000000000,Clear,Daylight,0,Rear End,E,Property Damage Only,N,Front to Rear,Motor Vehicle in Transport,On Roadway,Non-Junction,N,Not at Intersection,State,Unpaved,Dry,None, , ,None, , ,N,N, , , , ,0,0,1,0,0,0,0,0,0,0,0,0,0.000000000000000,0.000000000000000,0,1,0,1932,"Mapped, On Network",-81.436161876400007,28.548434126099998,650363.734902000054717,507305.569484999985434,4/25/2019 2:47:56 PM,5934_6489
2517,2518,1,2517,6377,88013672,FHPD19OFF007672,FHP,Short,1/25/2019 0:00:00,07:42 AM,Orlando Expwy Auth,Orange,SR408,5MM,0, ,Rear End,2,0,0,0,N,N,Y,2000.000000000000000,Clear,Daylight,0,Rear End,E,Property Damage Only,N,Front to Rear,Motor Vehicle in Transport,On Roadway,Non-Junction,N,Not at Intersection,Turnpike/Toll,Paved,Dry,None, , ,None, , ,N,N, , , , ,0,0,0,0,0,0,0,0,0,0,0,0,0.000000000000000,0.000000000000000,0,1,0,2000,"Mapped, On Network",-81.457629676500005,28.549025714300001,648266.306707000010647,507327.851462999999058,4/25/2019 2:36:15 PM,8208_8205
2518,2519,1,2518,6382,88013671,FHPD19OFF007562,FHP,Short,1/24/2019 0:00:00,06:22 PM,Orlando Expwy Auth,Orange,SR408,19MM,0, ,Rear End,2,0,0,0,N,N,N,2000.000000000000000,Clear,Dark - Lighted,0,Rear End,E,Property Damage Only,N,Front to Rear,Motor Vehicle in Transport,On Roadway,Non-Junction,N,Not at Intersection,Turnpike/Toll,Paved,Dry,None, , ,None, , ,N,N, , , , ,0,0,0,0,0,0,0,0,0,0,0,0,0.000000000000000,0.000000000000000,0,1,0,2000,"Mapped, On Network",-81.237316030299993,28.547075096200000,669781.664255999960005,507574.046540000010282,4/25/2019 2:39:46 PM,6303_6305
2519,2520,1,2519,6390,88080977,FHPD19OFF005100,FHP,Short,1/24/2019 0:00:00,07:30 AM,Orlando Expwy Auth,Orange,NB SR-417,SR-15,10560,North,Rear End,2,0,0,0,N,N,N,5000.000000000000000,Rain,Daylight,0,Rear End,N,Property Damage Only,Y,Front to Rear,Motor Vehicle in Transport,On Roadway,Non-Junction,N,Not at Intersection,Turnpike/Toll,Paved,Wet,None, , ,None, , ,N,N, , , , ,0,0,0,0,0,0,0,0,0,0,0,0,0.000000000000000,0.000000000000000,0,1,0,5000,"Mapped, On Network",-81.227236228799995,28.420776067900000,671081.170680999988690,493573.388165000011213,4/25/2019 3:07:23 PM,8533_8540
2520,2521,1,2520,6448,85507864,FHPD19OFFM00101,FHP,Short,1/24/2019 0:00:00,09:05 AM,Orlando,Orange,STATE ROAD 417 EXIT RAMP,STATE ROAD 408,20,North,Other,1,0,0,0,N,Y,N,3000.000000000000000,Cloudy,Daylight,0,Single Vehicle,S,Property Damage Only,N,Other,Other Non-Collision,On Roadway,Non-Junction,N,Not at Intersection,State,Paved,Wet,Road Surface Condition, , ,Weather Conditions, , ,N,N, , , , ,0,0,0,0,0,0,0,0,0,0,0,0,0.000000000000000,0.000000000000000,0,0,0,3000,"Mapped, On Network",-81.273044177399996,28.546709521499999,666294.208789000054821,507455.798231000022497,4/25/2019 2:49:24 PM,6258_6879
2521,2522,1,2521,6480,88077638,FHPD19OFF006944,FHP,Long,1/22/2019 0:00:00,05:00 PM,Orlando Expwy Auth,Orange,STATE RD 408,STATE RD 417,50,East,Sideswipe,2,0,0,1,N,N,N,2500.000000000000000,Clear,Daylight,0,Same Direction Sideswipe,E,Injury,N,"Sideswipe, Same Direction",Motor Vehicle in Transport,On Roadway,Non-Junction,N,Not at Intersection,Turnpike/Toll,Paved,Dry,None, , ,None, , ,N,Y,Work on Shoulder or Median,Activity Area,Y,N,0,0,0,0,0,0,0,1,0,0,0,0,0.000000000000000,0.000000000000000,0,0,0,2500,"Mapped, On Network",-81.257330641899998,28.547291573100001,667826.985848000040278,507554.453150000015739,2/6/2019 12:10:41 PM,8033_8027
2522,2523,1,2522,6565,88910541,2019-00032805,Orlando PD,Long,1/24/2019 0:00:00,03:40 PM,Orlando,Orange,SR408 WEST,S MILLS AVE EXIT RAMP,1000,East,Rear End,3,0,0,0,N,N,N,7000.000000000000000,Clear,Daylight,0,Rear End,W,Property Damage Only,Y,Front to Rear,Motor Vehicle in Transport,On Roadway,Non-Junction,N,Not at Intersection,State,Paved,Dry,Obstruction in Roadway, , ,Physical Obstruction(s), , ,N,N, , , , ,0,0,1,0,0,0,0,0,0,0,0,0,0.000000000000000,0.000000000000000,0,0,0,7000,"Mapped, On Network",-81.356600876599998,28.538394966900000,658155.745341000030749,506354.956080999982078,4/26/2019 1:58:50 PM,8318_8309
2523,2524,1,2523,6624,88910294,2019-00029543,Orlando PD,Short,1/22/2019 0:00:00,01:16 PM,Orlando,Orange,SR 408 EBO,I4 (SR 400) WBO ENTRANCE RAMP,300,West,Sideswipe,2,0,0,0,N,N,N,3000.000000000000000,Clear,Daylight,0,Same Direction Sideswipe,E,Property Damage Only,Y,Angle,Motor Vehicle in Transport,On Roadway,Non-Junction,N,Not at Intersection,State,Paved,Dry,None, , ,None, , ,Y,N, , , , ,0,0,0,0,0,0,0,0,0,0,0,0,0.000000000000000,0.000000000000000,0,0,0,3000,"Mapped, On Network",-81.392836773799999,28.535054085399999,654625.303345000022091,505908.675344999996014,4/26/2019 1:42:37 PM,8248_8267
2524,2525,1,2524,6798,88038580,FHPK19OFF005667,FHP,Long,1/27/2019 0:00:00,08:25 PM,Winter Garden,Orange,STATE ROAD 429,PORTER RD (MILE MARKER 14),1500,North,Rollover,1,0,0,1,N,N,N,20000.000000000000000,Rain,Dark - Not Lighted,0,Rollover,S,Injury,N,Other,Overturn/Rollover,Off Roadway,Non-Junction,N,Not at Intersection,Turnpike/Toll,Paved,Wet,Road Surface Condition, , ,Weather Conditions, , ,N,N, , , , ,0,0,0,0,0,0,0,1,0,0,0,0,0.000000000000000,0.000000000000000,1,0,0,20000,"Mapped, On Network",-81.632876145599994,28.463408866300000,631337.911866000038572,497480.667562999995425,4/29/2019 1:33:00 PM,8035_9704
2525,2526,1,2525,6819,88008572,FHPD19OFF008327,FHP,Long,1/27/2019 0:00:00,12:58 PM,Orlando Expwy Auth,Orange,SR-408 (MM21),ALAFAYA TRAIL,80,West,Off Road,1,0,0,2,N,N,N,4300.000000000000000,Rain,Daylight,0,Off Road,E,Injury,N,Other,Guardrail Face,Shoulder,Non-Junction,N,Not at Intersection,Turnpike/Toll,Paved,Wet,None, , ,Weather Conditions, , ,N,Y,Work on Shoulder or Median,Activity Area,N,N,0,0,1,0,0,0,0,2,0,0,0,0,0.000000000000000,0.000000000000000,2,3,500,3800,"Mapped, On Network",-81.204262197299997,28.549782315000002,673002.072279999963939,507947.367766999988817,4/29/2019 1:48:12 PM,8041_6970
2526,2527,1,2526,6908,88019560,FHPK19OFF006662,FHP,Short,2/1/2019 0:00:00,06:49 PM,Winter Garden,Orange,SR-429 (DANIEL WEBSTER WESTERN BELTWAY),SR-91 (FLORIDA TURNPIKE),10560,South,Rear End,2,0,0,0,N,N,N,2000.000000000000000,Clear,Dark - Lighted,0,Rear End,S,Property Damage Only,N,Angle,Motor Vehicle in Transport,On Roadway,Non-Junction,Y,Not at Intersection,State,Paved,Dry,None, , ,None, , ,N,N, , , , ,0,0,3,0,0,0,0,0,0,0,0,0,0.000000000000000,0.000000000000000,0,2,0,2000,"Mapped, On Network",-81.577372199400003,28.523726579200002,636630.003881999989972,504283.377084999985527,4/30/2019 1:17:33 PM,6989_8464
2527,2528,1,2527,6958,88908814,2019-00037144,Orlando PD,Long,1/28/2019 0:00:00,05:45 AM,Orlando,Orange,CENTRAL FL GRNWY NBO(S.R.417),BOGGY CREEK ROAD,1300,East,Rear End,6,0,0,2,N,Y,N,7500.000000000000000,Cloudy,Dark - Lighted,0,Rear End,E,Injury,Y,"Sideswipe, Same Direction",Motor Vehicle in Transport,On Roadway,Non-Junction,N,Not at Intersection,State,Paved,Wet,None, , ,Weather Conditions, , ,N,N, , , , ,0,0,1,0,0,0,0,2,0,0,0,0,0.000000000000000,0.000000000000000,0,1,0,7500,"Mapped, On Network",-81.311284469200004,28.368810000600000,662991.282084999955259,487621.617113000014797,2/11/2019 12:51:30 PM,8480_11010
2528,2529,1,2528,6959,88910758,2019-00042933,Orlando PD,Long,2/1/2019 0:00:00,07:19 AM,Orlando,Orange,SR 528 EAST,ENTRANCE RAMP FROM SR 436 (S SEMORAN BV),1000,East,Rollover,1,0,0,1,N,N,N,40000.000000000000000,Clear,Daylight,0,Rollover,E,Injury,Y,Other,Overturn/Rollover,On Roadway,Non-Junction,N,Not at Intersection,State,Paved,Dry,None, , ,None, , ,N,N, , , , ,0,0,0,0,0,0,0,0,1,0,0,0,1.000000000000000,0.000000000000000,0,0,0,40000,"Mapped, On Network",-81.300738409000004,28.451277200800000,663822.201834999956191,496800.488904000027105,2/11/2019 12:48:58 PM,8296_8190
2529,2530,1,2529,7045,85204535,FHPD19OFFM00074,FHP,Short,1/24/2019 0:00:00,08:20 AM,Orlando,Orange,CENTRAL FLORIDA GREENEWAY (STATE ROAD 417),LANDSTAR BOULEVARD,5280,North,Rear End,2,0,0,0,N,N,N,1200.000000000000000,Rain,Daylight,0,Rear End,S,Property Damage Only,N,Front to Rear,Motor Vehicle in Transport,On Roadway,Non-Junction,N,Not at Intersection,State,Paved,Wet,None, , ,Weather Conditions, , ,N,N, , , , ,0,0,0,0,0,0,0,0,0,0,0,0,0.000000000000000,0.000000000000000,0,1,0,1200,"Mapped, On Network",-81.349989565900003,28.369048645700001,659205.438742000027560,487566.162284000020009,4/30/2019 12:24:10 PM,6700_8484
2530,2531,1,2530,7046,84894169,FHPD19OFF007065,FHP,Long,1/23/2019 0:00:00,09:10 AM,Orlando,Orange,SR528 EB MM30,SR520,5280,West,Rollover,1,0,0,1,N,N,N,2000.000000000000000,Cloudy,Daylight,0,Rollover,E,Injury,N,Other,Overturn/Rollover,Median,Non-Junction,N,Not at Intersection,State,Unpaved,Dry,None, , ,None, , ,N,N, , , , ,0,1,0,0,0,0,0,0,1,0,0,0,1.000000000000000,0.000000000000000,0,0,0,2000,"Mapped, On Network",-80.989191484100004,28.452468381500001,694263.412351000006311,497637.727988000027835,4/30/2019 12:25:55 PM,7061_8083
2531,2532,1,2531,7062,88070807,FHPK19OFFM00004,FHP,Long,1/24/2019 0:00:00,04:20 AM,Winter Garden,Orange,STATE ROAD 429 (DANIEL WEBSTER BELTWAY) SB,TINY ROAD,600,North,Sideswipe,2,0,0,0,N,N,N,600.000000000000000,Cloudy,Dark - Lighted,0,Same Direction Sideswipe,S,Property Damage Only,N,"Sideswipe, Same Direction",Motor Vehicle in Transport,On Roadway,Non-Junction,N,Not at Intersection,Turnpike/Toll,Paved,Wet,None, , ,None, , ,N,N, , , , ,0,0,0,0,0,0,0,0,0,0,0,0,0.000000000000000,0.000000000000000,0,0,0,600,"Mapped, On Network",-81.616892054600001,28.499347828400001,632822.707937999977730,501501.257301000005100,2/13/2019 11:48:58 AM,6759_6969
2532,2533,1,2532,7132,87946668,2019-00032271,Orlando PD,Long,1/24/2019 0:00:00,08:12 AM,Orlando,Orange,CENTRAL FL GRNWY SBO(S.R.417),LAKE NONA BLVD,200,West,Rear End,2,0,0,1,N,N,N,6500.000000000000000,Rain,Daylight,0,Rear End,W,Injury,Y,Front to Rear,Motor Vehicle in Transport,On Roadway,Non-Junction,N,Not at Intersection,State,Paved,Wet,None, , ,Weather Conditions, , ,N,N, , , , ,0,0,0,0,0,0,0,1,0,0,0,0,0.000000000000000,0.000000000000000,0,0,0,6500,"Mapped, On Network",-81.278115304699995,28.378955295899999,666210.265861999941990,488819.222122000006493,4/30/2019 11:22:40 AM,8603_8478
2533,2534,1,2533,7214,88038582,FHPK19OFF007524,FHP,Long,2/6/2019 0:00:00,04:55 PM,Ocoee,Orange,STATE ROAD 429,STATE ROAD 438 (MILE MARKER 24),2000,South,Rollover,1,0,0,1,N,N,N,10000.000000000000000,Clear,Daylight,0,Rollover,N,Injury,N,Other,Overturn/Rollover,Median,Non-Junction,N,Not at Intersection,Turnpike/Toll,Paved,Dry,None, , ,None, , ,N,N, , , , ,0,0,0,0,0,0,0,0,1,0,0,0,1.000000000000000,0.000000000000000,0,0,0,10000,"Mapped, On Network",-81.559098001199999,28.561977784500002,638330.622330000041984,508565.763313999981619,2/11/2019 11:23:42 AM,8500_8421
2534,2535,1,2534,7237,85460449,FHPD19OFF008933,FHP,Long,1/29/2019 0:00:00,06:05 AM,Ocoee,Orange,SR-429,PLANT STREET,0,North,Sideswipe,2,0,0,1,N,Y,N,2300.000000000000000,Clear,Dark - Lighted,0,Same Direction Sideswipe,S,Injury,N,"Sideswipe, Same Direction",Motor Vehicle in Transport,On Roadway,Non-Junction,N,Not at Intersection,Turnpike/Toll,Paved,Dry,None, , ,None, , ,N,N, , , , ,0,0,0,0,0,0,0,1,0,0,0,0,0.000000000000000,0.000000000000000,0,1,0,2300,"Mapped, On Network",-81.557374807700000,28.580481368400001,638458.152086999965832,510623.618121000006795,2/13/2019 11:41:46 AM,5993_8395
2535,2536,1,2535,7324,88908621,2019-00047737,Orlando PD,Long,2/4/2019 0:00:00,11:05 PM,Orlando,Orange,EW EBO (SR 408),S ORANGE BLOSSOM TL,50,East,Other,1,0,0,0,N,N,N,8000.000000000000000,Clear,Dark - Lighted,0,Single Vehicle,W,Property Damage Only,Y,"Sideswipe, Same Direction",Motor Vehicle in Transport,On Roadway,Non-Junction,N,Not at Intersection,State,Paved,Dry,None, , ,None, , ,N,N, , , , ,0,0,0,0,0,0,0,0,0,0,0,0,0.000000000000000,0.000000000000000,0,0,6000,2000,"Mapped, On Network",-81.399185811899997,28.535042961799999,654005.350665000034496,505894.346454999991693,5/2/2019 9:18:29 AM,8242_8248
2536,2537,1,2536,7325,88910475,2019-00037365,Orlando PD,Long,1/28/2019 0:00:00,08:51 AM,Orlando,Orange,SR 408 EAST,I4 EBO (SR 400) EXIT,100,West,Rear End,3,0,0,1,N,Y,N,12000.000000000000000,Cloudy,Daylight,0,Rear End,E,Injury,Y,Front to Rear,Motor Vehicle in Transport,On Roadway,Non-Junction,N,Not at Intersection,State,Paved,Wet,Road Surface Condition, , ,None, , ,N,N, , , , ,0,0,0,0,0,0,0,1,0,0,0,0,0.000000000000000,0.000000000000000,0,2,0,12000,"Mapped, On Network",-81.392154727000005,28.535116614100001,654691.757804999942891,505917.026477999985218,5/3/2019 10:33:03 AM,8248_8267
2537,2538,1,2537,7349,87945337,2019-00048169,Orlando PD,Short,2/5/2019 0:00:00,08:36 AM,Orlando,Orange,SR 408,LAKE UNDERHILL RD,0, ,Rear End,2,0,0,0,N,N,N,1250.000000000000000,Clear,Daylight,0,Rear End,W,Property Damage Only,Y,Front to Rear,Motor Vehicle in Transport,On Roadway,Entrance/Exit Ramp,N,Not at Intersection,State,Paved,Dry,None, , ,None, , ,N,N, , , , ,0,0,0,0,0,0,0,0,0,0,0,0,0.000000000000000,0.000000000000000,0,0,0,1250,"Mapped, On Network",-81.341481920199996,28.538467484900000,659631.868836999987252,506394.749416999984533,5/7/2019 12:34:46 PM,8353_6185
2538,2539,1,2538,7445,88909690,2019-00037408,Orlando PD,Long,1/28/2019 0:00:00,09:31 AM,Orlando,Orange,EW WBO (SR 408),I4 WBO (SR 400),0, ,Sideswipe,2,0,0,0,N,N,N,500.000000000000000,Clear,Daylight,0,Same Direction Sideswipe, ,Property Damage Only,Y,"Sideswipe, Same Direction",Motor Vehicle in Transport,On Roadway,Non-Junction,N,Not at Intersection,State,Paved,Dry,None, , ,None, , ,N,N, , , , ,0,0,0,0,0,0,0,0,0,0,0,0,0.000000000000000,0.000000000000000,0,0,0,500,"Mapped, On Network",-81.373319916900002,28.537226389699999,656525.966970999957994,506190.317924999981187,5/7/2019 12:31:18 PM,8313_6737
2539,2540,1,2539,7524,88910408,2019-00056882,Orlando PD,Short,2/11/2019 0:00:00,04:35 PM,Orlando,Orange,SR 408,S TAMPA AV,300,East,Rear End,2,0,0,0,N,N,N,1000.000000000000000,Clear,Daylight,0,Rear End,E,Property Damage Only,Y,Front to Rear,Motor Vehicle in Transport,On Roadway,Non-Junction,N,Not at Intersection,State,Paved,Dry,None, , ,None, , ,N,N, , , , ,0,0,2,0,0,0,0,0,0,0,0,0,0.000000000000000,0.000000000000000,0,0,0,1000,"Mapped, On Network",-81.404506612800006,28.535811125999999,653483.982504999963567,505968.688051000004634,5/11/2019 2:25:10 PM,8169_8242
2540,2541,1,2540,7567,88008573,FHPD19OFF012386,FHP,Long,2/9/2019 0:00:00,02:49 PM,Orlando Expwy Auth,Orange,SR-417 (MM37),UNIVERSITY BLVD,5280,South,Rear End,2,0,0,0,N,N,N,800.000000000000000,Clear,Daylight,0,Rear End,N,Property Damage Only,N,Angle,Motor Vehicle in Transport,On Roadway,Non-Junction,N,Not at Intersection,Turnpike/Toll,Paved,Dry,None, , ,None, , ,N,N, , , , ,0,0,0,0,0,0,0,0,0,0,0,0,0.000000000000000,0.000000000000000,0,1,0,800,"Mapped, On Network",-81.257996284800001,28.584298982300002,667670.615999000030570,511661.872893999970984,2/27/2019 1:06:29 PM,6046_6317
2541,2542,1,2541,7592,87252466,FHPD19OFF012225,FHP,Short,2/8/2019 0:00:00,07:10 PM,Orlando Expwy Auth,Orange,STATE ROAD 528 (BEACHLINE EXPWY),INNOVATION WAY,5280,West,Rear End,2,0,0,0,N,N,N,500.000000000000000,Clear,Dark - Lighted,0,Rear End,W,Property Damage Only,Y,Front to Rear,Motor Vehicle in Transport,On Roadway,Non-Junction,N,Not at Intersection,Turnpike/Toll,Paved,Dry,None, , ,None, , ,N,N, , , , ,0,0,1,0,0,0,0,0,0,0,0,0,0.000000000000000,0.000000000000000,0,1,0,500,"Mapped, On Network",-81.187520199500000,28.451736986499998,674884.952886000042781,497098.838885999983177,2/27/2019 1:08:06 PM,8097_6953
2542,2543,1,2542,7637,88080982,FHPD19OFF012176,FHP,Short,2/8/2019 0:00:00,04:50 PM,Orlando Expwy Auth,Orange,WB SR-408,GOOD HOMES RD,5280,West,Rear End,2,0,0,0,N,N,N,14000.000000000000000,Clear,Daylight,0,Rear End,W,Property Damage Only,Y,Front to Front,Motor Vehicle in Transport,On Roadway,Non-Junction,N,Not at Intersection,Turnpike/Toll,Paved,Dry,None, , ,None, , ,N,N, , , , ,0,0,0,0,0,0,0,0,0,0,0,0,0.000000000000000,0.000000000000000,0,1,0,14000,"Mapped, On Network",-81.513027956599998,28.544953463700001,642866.442695999983698,506765.379201999981888,2/27/2019 1:04:03 PM,8150_8116