FID,OBJECTID_1,Join_Count,TARGET_FID,OBJECTID,HSMV_Repor,Agency_Rep,Reporting_,Form_Type,Crash_Date,Crash_Time,City,County,Crash_Stre,Intersecti,Offset_Dis,Offset_Dir,Crash_Type,Vehicles,Non_Motori,Fatalities,Injuries,Alcohol_Re,Distractio,Drug_Relat,Estimated_,Weather_Co,Light_Cond,Street_Num,Crash_Ty_1,Crash_Ty_2,Crash_Seve,Within_Cit,Manner_of_,First_Harm,First_HE_L,First_HE_R,First_HE_W,Type_of_In,Road_Sys_I,Type_of_Sh,Road_Surf_,Contrib_Ci,Contrib__1,Contrib__2,Contrib__3,Contrib__4,Contrib__5,School_Bus,Work_Zone_,Type_of_Wo,Loc_in_Wor,Workers_in,Law_Enforc,Mopeds,Motorcycle,Passengers,Bicyclists,Pedestrian,Fataliti_1,Injuries_U,Possible_I,Non_Incapa,Incapacita,Fataliti_2,Non_Traffi,Transporte,Transpor_1,Transpor_2,Citations,Property_D,Vehicle_Dm,S4_Mapping,S4_Decimal,S4_Decim_1,S4_Albers_,S4_Albers1,S4_Mappi_1,zone_id_st
2543,2544,1,2543,7645,88037131,FHPD19OFF011106,FHP,Long,2/5/2019 0:00:00,12:54 PM,Orlando,Orange,STATE ROAD 408 EASTBOUND,MILE MARKER 3,0, ,Sideswipe,2,0,0,0,N,N,N,2000.000000000000000,Clear,Daylight,0,Same Direction Sideswipe,E,Property Damage Only,N,"Sideswipe, Same Direction",Motor Vehicle in Transport,On Roadway,Non-Junction,N,Not at Intersection,Turnpike/Toll,Paved,Dry,None, , ,None, , ,N,N, , , , ,0,0,0,0,0,0,0,0,0,0,0,0,0.000000000000000,0.000000000000000,0,0,0,2000,"Mapped, On Network",-81.491710654100004,28.548050279300000,644940.913122000056319,507151.391508999979123,5/8/2019 9:21:21 AM,6302_6788
2544,2545,1,2544,7707,88910394,2019-00043510,Orlando PD,Short,2/1/2019 0:00:00,04:05 PM,Orlando,Orange,EW EBO,S BUMBY AVE,0,East,Sideswipe,2,0,0,0,N,N,N,1000.000000000000000,Clear,Daylight,0,Same Direction Sideswipe,E,Property Damage Only,Y,"Sideswipe, Same Direction",Motor Vehicle in Transport,On Roadway,Non-Junction,N,Not at Intersection,State,Paved,Dry,None, , ,None, , ,N,N, , , , ,0,0,0,0,0,0,0,0,0,0,0,0,0.000000000000000,0.000000000000000,0,0,0,1000,"Mapped, On Network",-81.358329475299996,28.538053477100000,657987.767691000015475,506313.422740000009071,5/11/2019 2:40:19 PM,8315_8311
2545,2546,1,2545,7712,88909548,2019-00056338,Orlando PD,Short,2/11/2019 0:00:00,08:30 AM,Orlando,Orange,EW WBO,REEVES CT,300,East,Rear End,2,0,0,0,N,N,N,7000.000000000000000,Clear,Daylight,0,Rear End,W,Property Damage Only,Y,Front to Rear,Motor Vehicle in Transport,On Roadway,Non-Junction,N,Not at Intersection,State,Paved,Dry,None, , ,None, , ,N,N, , , , ,0,0,0,0,0,0,0,0,0,0,0,0,0.000000000000000,0.000000000000000,0,0,0,7000,"Mapped, On Network",-81.352036790100001,28.538385952399999,658601.429476000019349,506363.518244999984745,5/13/2019 10:07:54 AM,6185_8318
2546,2547,1,2546,7717,88066068,FHPD19OFF008539,FHP,Long,1/27/2019 0:00:00,11:00 PM,Orlando,Orange,STATE ROAD 408 EB,MM19,0, ,Other,1,0,0,0,N,N,N,16000.000000000000000,Rain,Dark - Lighted,0,Single Vehicle,E,Property Damage Only,N,Other,Motor Vehicle in Transport,On Roadway,Entrance/Exit Ramp,Y,Other,State,Paved,Wet,None, , ,None, , ,N,N, , , , ,0,0,0,0,0,0,0,0,0,0,0,0,0.000000000000000,0.000000000000000,0,0,4000,12000,"Mapped, On Network",-81.237703511700005,28.547098189900002,669743.774791999952868,507575.762932999990880,6/3/2019 10:08:08 AM,8009_6303
2547,2548,1,2547,7799,85159277,FHPK19OFF009034,FHP,Short,2/14/2019 0:00:00,04:00 PM,Winter Garden,Orange,MILE 23 SR-429-TOLL N,STATE ROAD 50,5280,North,Off Road,1,0,0,0,N,N,N,250.000000000000000,Clear,Daylight,0,Off Road,S,Property Damage Only,N,Other,Guardrail Face,Shoulder,Entrance/Exit Ramp,Y,Not at Intersection,Turnpike/Toll,Paved,Dry,None, , ,None, , ,N,N, , , , ,0,0,0,0,0,0,0,0,0,0,0,0,0.000000000000000,0.000000000000000,0,0,0,250,"Mapped, Not On Network",-81.559340000000006,28.555210049500001,638321.871292999945581,507813.847277999971993,6/18/2019 11:17:07 AM,8498_8500
2548,2549,1,2548,7805,88911149,2019-00056322,Orlando PD,Long,2/11/2019 0:00:00,08:20 AM,Orlando,Orange,SR 528 WEST,SR 436 (SOUTH SEMORAN BOULEVARD),1000,West,Rear End,2,0,0,0,N,Y,N,3500.000000000000000,Clear,Daylight,0,Rear End,W,Property Damage Only,Y,Front to Rear,Motor Vehicle in Transport,On Roadway,Non-Junction,N,Not at Intersection,State,Paved,Dry,None, , ,None, , ,N,N, , , , ,0,0,0,0,0,0,0,0,0,0,0,0,0.000000000000000,0.000000000000000,0,0,0,3500,"Mapped, On Network",-81.310611249600001,28.451577342400000,662856.670032999943942,496812.730043000017758,6/3/2019 10:11:25 AM,6602_7054
2549,2550,1,2549,7850,88911290,2019-00054169,Orlando PD,Long,2/9/2019 0:00:00,12:53 PM,Orlando,Orange,SR 408 EAST,INTERCHANGE TO I4 WEST ENTRANCE RAMP,1000,West,Rear End,3,0,0,3,N,N,N,8700.000000000000000,Cloudy,Daylight,0,Rear End,E,Injury,Y,Front to Rear,Motor Vehicle in Transport,On Roadway,Non-Junction,N,Not at Intersection,State,Paved,Dry,None, , ,None, , ,N,N, , , , ,0,0,3,0,0,0,0,3,0,0,0,0,0.000000000000000,0.000000000000000,0,1,0,8700,"Mapped, On Network",-81.388291196200001,28.535145440899999,655068.960260999971069,505928.212735000008252,6/18/2019 10:59:44 AM,8267_6679
2550,2551,1,2550,7905,88911836,2019-00062575,Orlando PD,Short,2/15/2019 0:00:00,04:12 PM,Orlando,Orange,SR 528 EAST,NARCOOSSEE RD EXIT RAMP,1000,West,Off Road,1,0,0,0,N,N,N,1000.000000000000000,Clear,Daylight,0,Off Road,E,Property Damage Only,Y,"Sideswipe, Same Direction",Guardrail Face,Off Roadway,Non-Junction,N,Not at Intersection,State,Unpaved,Dry,None, , ,None, , ,N,N, , , , ,0,0,0,0,0,0,0,0,0,0,0,0,0.000000000000000,0.000000000000000,0,0,0,1000,"Mapped, On Network",-81.267703869299993,28.448465177100001,667057.347134000039659,496559.379513000021689,5/30/2019 10:32:06 AM,8052_8060
2551,2552,1,2551,7906,88911787,2019-00062478,Orlando PD,Long,2/15/2019 0:00:00,04:12 PM,Orlando,Orange,SR 528 EAST,SR 551 (S GOLDENROD RD) ENTRANCE RAMP,1000,East,Rear End,2,0,0,1,N,N,N,6500.000000000000000,Clear,Daylight,0,Rear End,E,Injury,Y,Front to Rear,Motor Vehicle in Transport,On Roadway,Non-Junction,N,Not at Intersection,State,Paved,Dry,None, , ,None, , ,N,N, , , , ,0,0,0,0,0,0,0,1,0,0,0,0,0.000000000000000,0.000000000000000,0,0,0,6500,"Mapped, On Network",-81.277599573800003,28.448425126499998,666090.386731000035070,496533.540773999993689,5/16/2019 8:27:17 AM,8176_6156
2552,2553,1,2552,7912,88910904,2019-00058953,Orlando PD,Long,2/13/2019 0:00:00,07:08 AM,Orlando,Orange,SR 408 WEST,S. MILLS AV. (EXIT RAMP),10,East,Other,2,0,0,0,N,N,N,2000.000000000000000,Rain,Daylight,0,Other,W,Property Damage Only,Y,Angle,Motor Vehicle in Transport,On Roadway,Non-Junction,N,Not at Intersection,State,Paved,Wet,Road Surface Condition, , ,Weather Conditions, , ,N,N, , , , ,0,0,0,0,0,0,0,0,0,0,0,0,0.000000000000000,0.000000000000000,0,0,0,2000,"Mapped, On Network",-81.360214108899996,28.538171729100000,657803.459802999976091,506322.610849999997299,6/3/2019 10:14:52 AM,8309_8313
2553,2554,1,2553,7913,88911291,2019-00058930,Orlando PD,Short,2/13/2019 0:00:00,06:43 AM,Orlando,Orange,SR 408 WEST,INTERSTATE 4 WEST ENTRANCE RAMP,1000,East,Rear End,3,0,0,0,N,Y,N,6800.000000000000000,Rain,Dawn,0,Rear End,W,Property Damage Only,Y,Front to Rear,Motor Vehicle in Transport,On Roadway,Entrance/Exit Ramp,N,Not at Intersection,State,Paved,Wet,None, , ,None, , ,N,N, , , , ,0,0,0,0,0,0,0,0,0,0,0,0,0.000000000000000,0.000000000000000,0,1,0,6800,"Mapped, On Network",-81.373621526500003,28.536980194900000,656497.097998999990523,506162.355357999971602,6/18/2019 11:20:53 AM,8307_8305
2554,2555,1,2554,8009,88911666,2019-00061228,Orlando PD,Long,2/14/2019 0:00:00,06:25 PM,Orlando,Orange,SR 408 EBO,SR 408 EB EXIT RAMP TO I4 WB,500,West,Rear End,2,0,0,1,N,Y,N,2500.000000000000000,Clear,Dark - Lighted,0,Rear End,E,Injury,Y,Front to Rear,Motor Vehicle in Transport,On Roadway,Non-Junction,N,Not at Intersection,State,Paved,Dry,None, , ,None, , ,N,N, , , , ,0,0,0,0,0,0,0,0,1,0,0,0,1.000000000000000,0.000000000000000,0,0,0,2500,"Mapped, On Network",-81.393650260200005,28.535144018400000,654545.655969999963418,505916.981245999981184,5/30/2019 10:20:38 AM,8248_8267
2555,2556,1,2555,8073,88076781,FHPD19OFF014734,FHP,Long,2/16/2019 0:00:00,01:00 AM,Orlando,Orange,STATE ROAD 528,EASTBOUND MM28,5280,West,Rear End,2,0,0,0,N,N,N,3000.000000000000000,Clear,Dark - Lighted,0,Rear End,E,Property Damage Only,N,Front to Rear,Motor Vehicle in Transport,On Roadway,Non-Junction,N,Not at Intersection,State,Paved,Dry,None, , ,None, , ,N,N, , , , ,0,0,0,0,0,0,0,0,0,0,0,0,0.000000000000000,0.000000000000000,0,0,0,3000,"Mapped, On Network",-81.034610009199994,28.452246830699998,689825.855856999987736,497505.566228999989107,5/30/2019 11:38:20 AM,7008_7061
2556,2557,1,2556,8086,88037139,FHPD19OFF014397,FHP,Long,2/15/2019 0:00:00,07:22 AM,Orlando,Orange,STATE ROAD 417 NORTHBOUND,MILE MARKER 27,0, ,Rear End,2,0,0,1,N,Y,N,17000.000000000000000,Clear,Daylight,0,Rear End,N,Injury,N,Front to Rear,Motor Vehicle in Transport,On Roadway,Non-Junction,N,Not at Intersection,Turnpike/Toll,Paved,Dry,None, , ,None, , ,N,N, , , , ,0,0,0,0,0,0,0,1,0,0,0,0,1.000000000000000,0.000000000000000,0,1,0,17000,"Mapped, On Network",-81.238890784500001,28.475734907700001,669805.294185000006109,499649.826883999980055,5/16/2019 8:21:43 AM,8544_8386
2557,2558,1,2557,8103,88083220,FHPD19OFF014762,FHP,Long,2/16/2019 0:00:00,07:39 AM,Orlando Expwy Auth,Orange,SR408,8MM,0, ,Off Road,1,0,0,1,N,N,N,5000.000000000000000,Clear,Daylight,0,Off Road,E,Injury,N,Other,Concrete Traffic Barrier,On Roadway,Non-Junction,N,Not at Intersection,Turnpike/Toll,Paved,Dry,None, , ,None, , ,N,N, , , , ,0,0,0,0,0,0,0,1,0,0,0,0,0.000000000000000,0.000000000000000,0,1,0,5000,"Mapped, On Network",-81.413438373899993,28.542521513000001,652596.176749999984168,506695.423514999973122,6/4/2019 4:29:55 PM,8217_8215
2558,2559,1,2558,8105,88064840,FHPD19OFF014093,FHP,Long,2/14/2019 0:00:00,10:07 AM,Orlando Expwy Auth,Orange,STATE ROAD 417 NB MM27,LEE VISTA BV,5280,South,Off Road,1,0,0,0,N,N,N,4450.000000000000000,Clear,Daylight,0,Off Road,N,Property Damage Only,Y,Other,Guardrail Face,Median,Non-Junction,N,Not at Intersection,Turnpike/Toll,Curb,Dry,None, , ,None, , ,N,N, , , , ,0,0,0,0,0,0,0,0,0,0,0,0,0.000000000000000,0.000000000000000,0,0,450,4000,"Mapped, On Network",-81.237839897800001,28.471704652700002,669917.990514999954030,499204.653530000010505,6/18/2019 11:22:07 AM,6173_8544
2559,2560,1,2559,8108,88080989,FHPD19OFF014658,FHP,Long,2/15/2019 0:00:00,07:00 PM,Orlando Expwy Auth,Orange,EB SR-528,SR-15,0,West,Rear End,2,0,0,0,N,N,N,8000.000000000000000,Clear,Dark - Lighted,0,Rear End,E,Property Damage Only,Y,Front to Rear,Motor Vehicle in Transport,On Roadway,Non-Junction,N,Not at Intersection,Turnpike/Toll,Paved,Dry,None, , ,None, , ,N,N, , , , ,0,0,0,0,0,0,0,0,0,0,0,0,0.000000000000000,0.000000000000000,0,0,0,8000,"Mapped, On Network",-81.271257374000001,28.448393746000001,666710.256295999977738,496543.757880999997724,6/4/2019 2:47:21 PM,6156_8052
2560,2561,1,2560,8111,88008576,FHPD19OFF012811,FHP,Long,2/10/2019 0:00:00,04:54 PM,Orlando Expwy Auth,Orange,SR-417 (MM36),UNIVERSITY BLVD,5280,South,Off Road,1,0,0,0,N,N,N,3800.000000000000000,Cloudy,Daylight,0,Off Road,N,Property Damage Only,N,Other,Concrete Traffic Barrier,Shoulder,Non-Junction,N,Not at Intersection,Turnpike/Toll,Paved,Wet,None, , ,Weather Conditions, , ,N,N, , , , ,0,0,0,0,0,0,0,0,0,0,0,0,0.000000000000000,0.000000000000000,0,1,0,3800,"Mapped, On Network",-81.250552371400005,28.593624354199999,668374.071484999964014,512713.428459000017028,6/4/2019 4:41:45 PM,6318_8120
2561,2562,1,2561,8119,88073252,FHPD19OFF014358,FHP,Long,2/15/2019 0:00:00,01:15 AM,Orlando,Orange,SR 417 (CENTRAL FLORIDA GREENEWAY),MILE MARKER  33,50,North,Off Road,1,0,0,2,N,N,N,10500.000000000000000,Clear,Dark - Lighted,0,Off Road,N,Injury,N,Other,Guardrail Face,On Roadway,Non-Junction,N,Not at Intersection,State,Paved,Dry,None, , ,None, , ,N,N, , , , ,0,0,1,0,0,0,0,2,0,0,0,0,2.000000000000000,0.000000000000000,0,0,3000,7500,"Mapped, On Network",-81.266582947399996,28.555563330799998,666903.267666999949142,508452.792628999974113,6/18/2019 11:23:17 AM,8570_6966
2562,2563,1,2562,8120,88008578,FHPD19OFF014439,FHP,Long,2/15/2019 0:00:00,09:54 AM,Orlando Expwy Auth,Orange,SR-528 (MM28),SR-520,10560,West,Off Road,2,0,0,0,N,N,N,2800.000000000000000,Clear,Daylight,0,Off Road,E,Property Damage Only,N,Angle,Concrete Traffic Barrier,Shoulder,Non-Junction,N,Not at Intersection,Turnpike/Toll,Paved,Dry,None, , ,None, , ,N,N, , , , ,0,0,0,0,0,0,0,0,0,0,0,0,0.000000000000000,0.000000000000000,0,1,800,2000,"Mapped, On Network",-81.026746616899999,28.452324313799998,690594.037502999999560,497532.674553000018932,6/4/2019 5:03:17 PM,7008_7061
2563,2564,1,2563,8124,88037135,FHPD19OFF012035,FHP,Long,2/8/2019 0:00:00,09:17 AM,Orlando Expwy Auth,Orange,STATE ROAD 417 NORTHBOUND,MILE MARKER 7,0, ,Rear End,2,0,0,0,N,Y,N,13000.000000000000000,Clear,Daylight,0,Rear End,N,Property Damage Only,Y,Front to Rear,Motor Vehicle in Transport,On Roadway,Non-Junction,N,Not at Intersection,Turnpike/Toll,Paved,Dry,None, , ,None, , ,N,N, , , , ,0,0,0,0,0,0,0,0,0,0,0,0,0.000000000000000,0.000000000000000,0,1,0,13000,"Mapped, On Network",-81.458135298299993,28.355746974300001,648659.359631999977864,485866.551847000024281,6/18/2019 11:23:40 AM,7010_6916
2564,2565,1,2564,8130,88008577,FHPD19OFF013379,FHP,Long,2/12/2019 0:00:00,01:22 PM,Orlando Expwy Auth,Orange,SR-417(MM33),SR-408,5280,South,Rear End,2,0,0,0,N,N,N,6100.000000000000000,Clear,Daylight,0,Rear End,S,Property Damage Only,N,Front to Rear,Motor Vehicle in Transport,On Roadway,Non-Junction,N,Not at Intersection,Turnpike/Toll,Paved,Dry,Debris, , ,None, , ,N,N, , , , ,0,0,0,0,0,0,0,0,0,0,0,0,0.000000000000000,0.000000000000000,0,1,0,6100,"Mapped, On Network",-81.251180767600005,28.538315241399999,668449.653265999979340,506571.198686000017915,6/4/2019 4:46:04 PM,7071_6968
2565,2566,1,2565,8133,88008574,FHPD19OFF012660,FHP,Long,2/10/2019 0:00:00,11:31 AM,Orlando Expwy Auth,Orange,SR-417 (MM6.5),INTERNATIONAL DRIVE,5280,North,Rear End,2,0,0,1,N,N,N,6000.000000000000000,Rain,Daylight,0,Rear End,N,Injury,N,Front to Rear,Motor Vehicle in Transport,On Roadway,Non-Junction,N,Not at Intersection,Turnpike/Toll,Paved,Wet,None, , ,Weather Conditions, , ,N,N, , , , ,0,0,0,0,0,0,0,1,0,0,0,0,0.000000000000000,0.000000000000000,0,1,0,6000,"Mapped, On Network",-81.472538454700000,28.354911788700001,647252.461480000056326,485744.857088999997359,5/13/2019 1:54:58 PM,8581_7010
2566,2567,1,2566,8134,88064844,FHPD19OFF014316,FHP,Long,2/14/2019 0:00:00,07:48 PM,Orlando Expwy Auth,Orange,STATE ROAD 417 NB,LANDSTAR BLVD,5280,South,Rear End,2,0,0,0,N,N,N,5000.000000000000000,Clear,Dark - Lighted,0,Rear End,N,Property Damage Only,Y,Front to Rear,Motor Vehicle in Transport,On Roadway,Non-Junction,N,Not at Intersection,Turnpike/Toll,Paved,Dry,None, , ,None, , ,N,N, , , , ,0,0,1,0,0,0,0,0,0,0,0,0,0.000000000000000,0.000000000000000,0,2,0,5000,"Mapped, On Network",-81.376527843100007,28.368124257100000,656612.228057999978773,487408.022037999995518,6/18/2019 11:24:23 AM,9178_7997
2567,2568,1,2567,8138,88037138,FHPD19OFF014070,FHP,Long,2/14/2019 0:00:00,08:33 AM,Orlando,Orange,STATE ROAD 408 EASTBOUND,MILE MARKER 7,0, ,Sideswipe,5,0,0,2,N,Y,N,27100.000000000000000,Clear,Daylight,0,Same Direction Sideswipe,E,Injury,N,"Sideswipe, Same Direction",Motor Vehicle in Transport,On Roadway,Non-Junction,N,Not at Intersection,Turnpike/Toll,Paved,Dry,None, , ,None, , ,N,N, , , , ,0,0,1,0,0,0,0,1,1,0,0,0,0.000000000000000,0.000000000000000,0,1,0,27100,"Mapped, On Network",-81.442643022499993,28.548412515100001,649730.979118000017479,507290.028013999981340,5/16/2019 8:25:49 AM,6489_6994
2568,2569,1,2568,8145,87947810,2019-00053722,Orlando PD,Long,2/9/2019 0:00:00,02:25 AM,Orlando,Orange,SR 408 EASTBOUND,I 4,0, ,Other,1,0,0,0,N,Y,N,6000.000000000000000,Clear,Dark - Lighted,0,Single Vehicle,E,Property Damage Only,Y,Angle,Motor Vehicle in Transport,On Roadway,Non-Junction,N,Not at Intersection,Turnpike/Toll,Paved,Dry,None, , ,None, , ,N,Y,Lane Closure,Activity Area,N,N,0,0,0,0,0,0,0,0,0,0,0,0,0.000000000000000,0.000000000000000,0,0,1000,5000,"Mapped, On Network",-81.383475979099998,28.535141216600000,655539.171276999986731,505937.712891999981366,6/18/2019 11:27:43 AM,6679_6276
2569,2570,1,2569,8156,88910293,2019-00040144,Orlando PD,Long,1/30/2019 0:00:00,08:41 AM,Orlando,Orange,BEELINE EBO (SR 528),NARCOOSSEE RD (SR 15),5280,West,Other,2,0,0,2,N,N,N,12000.000000000000000,Clear,Daylight,0,Parked Vehicle,E,Injury,Y,Front to Rear,Motor Vehicle in Transport,On Roadway,Non-Junction,N,Not at Intersection,State,Paved,Dry,None, , ,None, , ,N,N, , , , ,0,0,0,0,0,0,0,1,0,1,0,0,1.000000000000000,0.000000000000000,0,0,0,12000,"Mapped, On Network",-81.277643697900004,28.448431444099999,666086.059200000017881,496534.146999999997206,5/17/2019 2:41:13 PM,8176_6156
2570,2571,1,2570,8173,88910842,2019-00056202,Orlando PD,Short,2/11/2019 0:00:00,06:49 AM,Orlando,Orange,SR 408 WBO,US 441 (S ORANGE BLOSSOM TRL) EXIT,0,East,Rear End,2,0,0,0,N,Y,N,3500.000000000000000,Clear,Daylight,0,Rear End,W,Property Damage Only,Y,Front to Rear,Motor Vehicle in Transport,On Roadway,Non-Junction,N,Not at Intersection,State,Paved,Dry,None, , ,None, , ,N,N, , , , ,0,0,0,0,0,0,0,0,0,0,0,0,0.000000000000000,0.000000000000000,0,0,0,3500,"Mapped, On Network",-81.390952588700003,28.535291043800001,654808.735718999989331,505938.877043000014964,6/18/2019 1:40:02 PM,8272_8254
2571,2572,1,2571,8276,88037146,FHPD19OFF017761,FHP,Short,2/25/2019 0:00:00,05:56 PM,Orlando,Orange,STATE ROAD 417 NORTHBOUND,MILE MARKER 7,0, ,Rear End,2,0,0,0,N,Y,N,1500.000000000000000,Clear,Dusk,0,Rear End,N,Property Damage Only,N,Front to Rear,Motor Vehicle in Transport,On Roadway,Non-Junction,N,Not at Intersection,Turnpike/Toll,Paved,Dry,None, , ,None, , ,N,N, , , , ,0,0,0,0,0,0,0,0,0,0,0,0,0.000000000000000,0.000000000000000,0,2,0,1500,"Mapped, On Network",-81.464184896899994,28.354338421900000,648070.854288000031374,485697.971288000000641,6/18/2019 1:46:28 PM,8581_7010
2572,2573,1,2572,8282,87252476,FHPD19OFF017557,FHP,Long,2/25/2019 0:00:00,07:45 AM,Orlando Expwy Auth,Orange,STATE ROAD 417 (GREENEWAY EXPWY),STATE ROAD 552 (CURRY FORD RD),5280,North,Rear End,2,0,0,0,N,N,N,7000.000000000000000,Clear,Daylight,0,Rear End,N,Property Damage Only,Y,Front to Rear,Motor Vehicle in Transport,On Roadway,Non-Junction,N,Not at Intersection,Turnpike/Toll,Paved,Dry,None, , ,None, , ,N,N, , , , ,0,0,0,0,0,0,0,0,0,0,0,0,0.000000000000000,0.000000000000000,0,1,0,7000,"Mapped, On Network",-81.262593614899998,28.551732451500001,667302.183703999966383,508036.097152000002097,6/18/2019 1:46:58 PM,11876_8570
2573,2574,1,2573,8287,88037145,FHPD19OFF017761,FHP,Long,2/25/2019 0:00:00,05:56 PM,Orlando,Orange,STATE ROAD 417 NORTHBOUND,MILE MARKER 34,0, ,Rear End,2,0,0,0,N,Y,N,6000.000000000000000,Clear,Daylight,0,Rear End,N,Property Damage Only,N,Front to Rear,Motor Vehicle in Transport,On Roadway,Non-Junction,N,Not at Intersection,Turnpike/Toll,Paved,Dry,None, , ,None, , ,N,N, , , , ,0,0,0,0,0,0,0,0,0,0,0,0,0.000000000000000,0.000000000000000,0,1,0,6000,"Mapped, On Network",-81.265768899899996,28.569490093599999,666948.451228999998420,510000.820545999973547,6/18/2019 1:47:22 PM,8451_2531
2574,2575,1,2574,8314,88066058,FHPD19OFF006381,FHP,Short,1/20/2019 0:00:00,10:40 PM,Orlando,Orange,STATE ROAD 417 OFF RAMP,UNIVERSITY BOULEVARD,0, ,Rear End,2,0,0,0,N,N,N,40.000000000000000,Clear,Dark - Lighted,0,Rear End,N,Property Damage Only,N,Angle,Motor Vehicle in Transport,On Roadway,Non-Junction,N,Not at Intersection,State,Curb,Dry,None, , ,None, , ,N,N, , , , ,0,0,0,0,0,0,0,0,0,0,0,0,0.000000000000000,0.000000000000000,0,1,0,40,"Mapped, Not On Network",-81.250100000000003,28.594760049600001,668415.407877000048757,512840.506762999983039,6/18/2019 1:31:21 PM,8120_8585
2575,2576,1,2575,8361,87252459,FHPD19OFF009747,FHP,Long,1/31/2019 0:00:00,05:35 PM,Orlando Expwy Auth,Orange,STATE ROAD 417 (GREENEWAY EXPRESSWAY),US HIGHWAY 441 (SR 600),0,South,Sideswipe,2,0,0,0,N,N,N,3000.000000000000000,Clear,Daylight,0,Same Direction Sideswipe,S,Property Damage Only,Y,"Sideswipe, Same Direction",Motor Vehicle in Transport,On Roadway,Non-Junction,N,Not at Intersection,Turnpike/Toll,Paved,Dry,None, , ,None, , ,N,N, , , , ,0,0,0,0,0,0,0,0,0,0,0,0,0.000000000000000,0.000000000000000,0,0,0,3000,"Mapped, On Network",-81.400754336299997,28.371044658199999,654236.055362000013702,487682.098755999992136,6/18/2019 1:20:48 PM,8017_6167
2576,2577,1,2576,8369,88077649,FHPD19OFF015377,FHP,Long,2/18/2019 0:00:00,12:54 PM,Orlando Expwy Auth,Orange,STATE RD 408,STATE RD 434,600,West,Other,1,0,0,1,N,N,N,18000.000000000000000,Cloudy,Daylight,0,Single Vehicle,E,Injury,N,Other,Other Non-Collision,On Roadway,Non-Junction,N,Not at Intersection,Turnpike/Toll,Paved,Wet,None, , ,None, , ,N,Y,Work on Shoulder or Median,Activity Area,Y,N,0,0,0,0,0,0,0,1,0,0,0,0,0.000000000000000,0.000000000000000,0,1,12000,6000,"Mapped, On Network",-81.209144249700003,28.548769479899999,672527.969797999947332,507824.116589999990538,5/17/2019 2:54:36 PM,6690_8041
2577,2578,1,2577,8370,88077650,FHPD19OFF015391,FHP,Short,2/18/2019 0:00:00,01:48 PM,Orlando Expwy Auth,Orange,STATE RD 417,BALCOMBE RD,400,South,Sideswipe,2,0,0,0,N,N,N,2250.000000000000000,Clear,Daylight,0,Same Direction Sideswipe,N,Property Damage Only,N,"Sideswipe, Same Direction",Motor Vehicle in Transport,On Roadway,Non-Junction,N,Not at Intersection,Turnpike/Toll,Paved,Dry,None, , ,None, , ,N,Y,Work on Shoulder or Median,Advance Warning Area,N,N,0,0,0,0,0,0,0,0,0,0,0,0,0.000000000000000,0.000000000000000,0,1,0,2250,"Mapped, On Network",-81.398841560299999,28.370576351200000,654424.216042999993078,487634.046657999977469,6/18/2019 1:13:34 PM,7090_8283
2578,2579,1,2578,8376,87252468,FHPD19OFF014308,FHP,Long,2/14/2019 0:00:00,07:00 PM,Orlando Expwy Auth,Orange,STATE ROAD 408  (EAST WEST EXPWY),GOLDENROD ROAD,1000,East,Other,1,0,0,1,N,N,N,30000.000000000000000,Clear,Dark - Lighted,0,Single Vehicle,E,Injury,Y,Other,Motor Vehicle in Transport,On Roadway,Non-Junction,N,Not at Intersection,Turnpike/Toll,Paved,Dry,None, , ,None, , ,N,N, , , , ,0,0,0,0,0,0,1,0,0,1,0,0,1.000000000000000,0.000000000000000,0,1,10000,20000,"Mapped, On Network",-81.279857345500005,28.543322753000002,665637.289565999992192,507065.074902000022121,6/18/2019 1:21:50 PM,8408_8412
2579,2580,1,2579,8381,88037137,FHPD19OFF012934,FHP,Long,2/11/2019 0:00:00,06:38 AM,Orlando Expwy Auth,Orange,STATE ROAD 528 WESTBOUND,MILE MARKER 28,0, ,Rear End,3,0,0,3,N,Y,N,29500.000000000000000,Clear,Daylight,0,Rear End,W,Injury,N,Front to Rear,Motor Vehicle in Transport,On Roadway,Non-Junction,N,Not at Intersection,Turnpike/Toll,Paved,Dry,None, , ,None, , ,N,N, , , , ,0,0,1,0,0,0,0,3,0,0,0,0,2.000000000000000,0.000000000000000,0,1,1500,28000,"Mapped, On Network",-81.026293857200002,28.452485099499999,690637.849310999969020,497551.592668000026606,2/27/2019 12:32:31 PM,5943_6937
2580,2581,1,2580,8421,88077648,FHPD19OFF014411,FHP,Short,2/15/2019 0:00:00,08:08 AM,Orlando Expwy Auth,Orange,STATE RD 417 EXIT RAMP,LANDSTAR BLVD,15,North,Rear End,2,0,0,0,N,N,N,2500.000000000000000,Clear,Daylight,0,Rear End,S,Property Damage Only,N,Front to Rear,Motor Vehicle in Transport,On Roadway,Entrance/Exit Ramp,N,Four-Way Intersection,Turnpike/Toll,Paved,Dry,None, , ,None, , ,N,N, , , , ,0,0,1,0,0,0,0,0,0,0,0,0,0.000000000000000,0.000000000000000,0,2,0,2500,"Mapped, Not On Network",-81.374719999600003,28.368170024400001,656788.925500000012107,487416.867000000027474,6/18/2019 1:13:48 PM,9178_7997