FID,OBJECTID_1,Join_Count,TARGET_FID,OBJECTID,HSMV_Repor,Agency_Rep,Reporting_,Form_Type,Crash_Date,Crash_Time,City,County,Crash_Stre,Intersecti,Offset_Dis,Offset_Dir,Crash_Type,Vehicles,Non_Motori,Fatalities,Injuries,Alcohol_Re,Distractio,Drug_Relat,Estimated_,Weather_Co,Light_Cond,Street_Num,Crash_Ty_1,Crash_Ty_2,Crash_Seve,Within_Cit,Manner_of_,First_Harm,First_HE_L,First_HE_R,First_HE_W,Type_of_In,Road_Sys_I,Type_of_Sh,Road_Surf_,Contrib_Ci,Contrib__1,Contrib__2,Contrib__3,Contrib__4,Contrib__5,School_Bus,Work_Zone_,Type_of_Wo,Loc_in_Wor,Workers_in,Law_Enforc,Mopeds,Motorcycle,Passengers,Bicyclists,Pedestrian,Fataliti_1,Injuries_U,Possible_I,Non_Incapa,Incapacita,Fataliti_2,Non_Traffi,Transporte,Transpor_1,Transpor_2,Citations,Property_D,Vehicle_Dm,S4_Mapping,S4_Decimal,S4_Decim_1,S4_Albers_,S4_Albers1,S4_Mappi_1,zone_id_st
2581,2582,1,2581,8422,88077647,FHPD19OFF014063,FHP,Short,2/14/2019 0:00:00,08:54 AM,Orlando Expwy Auth,Orange,STATE RD 408,KIRKMAN RD,500,East,Rear End,2,0,0,0,N,N,N,1050.000000000000000,Clear,Daylight,0,Rear End,E,Property Damage Only,N,Front to Rear,Motor Vehicle in Transport,On Roadway,Non-Junction,N,Not at Intersection,Turnpike/Toll,Paved,Dry,None, , ,None, , ,N,N, , , , ,0,0,0,0,0,0,0,0,0,0,0,0,0.000000000000000,0.000000000000000,0,1,0,1050,"Mapped, On Network",-81.450384691899998,28.548196039400001,648975.594669000012800,507250.337906999979168,6/18/2019 1:14:48 PM,8205_6294
2582,2583,1,2582,8466,85556719,FHPD19OFF011655,FHP,Long,2/7/2019 0:00:00,07:40 AM,Unincorporated,Orange,SR408 WB MM20,ROUSE ROAD,300,West,Rear End,4,0,0,5,N,Y,N,13728.000000000000000,Clear,Daylight,0,Rear End,W,Injury,N,Front to Rear,Motor Vehicle in Transport,On Roadway,Non-Junction,N,Not at Intersection,State,Paved,Dry,None, , ,None, , ,N,N, , , , ,0,0,2,0,0,0,0,3,2,0,0,0,2.000000000000000,0.000000000000000,0,1,0,13728,"Mapped, On Network",-81.226209140799995,28.547361179999999,670865.377268000040203,507630.157746999990195,6/18/2019 1:22:39 PM,6045_6306
2583,2584,1,2583,8486,88080991,FHPD19OFF015203,FHP,Short,2/17/2019 0:00:00,06:22 PM,Orlando Expwy Auth,Orange,SB SR-417,LANDSTAR BLVD,5280,North,Sideswipe,2,0,0,0,N,N,N,5000.000000000000000,Clear,Daylight,0,Same Direction Sideswipe,S,Property Damage Only,Y,"Sideswipe, Same Direction",Motor Vehicle in Transport,On Roadway,Non-Junction,N,Not at Intersection,Turnpike/Toll,Paved,Dry,None, , ,None, , ,N,N, , , , ,0,0,1,0,0,0,0,0,0,0,0,0,0.000000000000000,0.000000000000000,0,1,0,5000,"Mapped, On Network",-81.350413235900007,28.369099682800002,659163.882916999980807,487570.938518000009935,3/19/2019 12:30:53 PM,6700_8484
2584,2585,1,2584,8487,88080990,FHPD19OFF014960,FHP,Long,2/16/2019 0:00:00,07:14 PM,Orlando Expwy Auth,Orange,EB SR-408,SR-551,5280,East,Sideswipe,2,0,0,0,N,N,N,18250.000000000000000,Clear,Dark - Lighted,0,Same Direction Sideswipe,E,Property Damage Only,Y,"Sideswipe, Same Direction",Motor Vehicle in Transport,On Roadway,Non-Junction,N,Not at Intersection,Turnpike/Toll,Paved,Dry,None, , ,None, , ,N,N, , , , ,0,0,1,0,0,0,0,0,0,0,0,0,0.000000000000000,0.000000000000000,0,1,250,18000,"Mapped, On Network",-81.269916149599993,28.547116751200001,666598.617654999950901,507507.771124000020791,3/19/2019 12:32:19 PM,8412_7015
2585,2586,1,2585,8579,88083221,FHPD19OFF015053,FHP,Short,2/17/2019 0:00:00,07:20 AM,Orlando Expwy Auth,Orange,SR417,29MM,0, ,Sideswipe,2,0,0,0,N,N,N,4000.000000000000000,Clear,Daylight,0,Same Direction Sideswipe,N,Property Damage Only,N,"Sideswipe, Same Direction",Motor Vehicle in Transport,On Roadway,Non-Junction,N,Not at Intersection,Turnpike/Toll,Paved,Dry,None, , ,None, , ,N,N, , , , ,0,0,0,0,0,0,0,0,0,0,0,0,0.000000000000000,0.000000000000000,0,1,0,4000,"Mapped, On Network",-81.243221000999995,28.498399335399998,669325.966965000028722,502156.757449999975506,6/18/2019 1:17:23 PM,6965_8557
2586,2587,1,2586,8617,88052744,FHPD19OFF015255,FHP,Long,2/17/2019 0:00:00,10:38 PM,Orlando,Orange,SR-417 (CENTRAL FLORIDA  GREENEWAY),SR-408 (EAST-WEST EXPRESSWAY),15840,South,Rear End,2,1,0,1,N,N,N,5000.000000000000000,Clear,Dark - Lighted,0,Rear End,S,Injury,N,Front to Rear,Motor Vehicle in Transport,On Roadway,Non-Junction,N,Not at Intersection,State,Paved,Dry,None, , ,None, , ,N,N, , , , ,0,0,0,0,1,0,0,0,1,0,0,0,0.000000000000000,0.000000000000000,0,2,0,5000,"Mapped, On Network",-81.250861329000003,28.519992108299999,668526.206057999981567,504537.506877999985591,6/18/2019 1:27:42 PM,6968_8555
2587,2588,1,2587,8680,88911182,2019-00063072,Orlando PD,Long,2/16/2019 0:00:00,12:40 AM,Orlando,Orange,SR 408 W,S ORANGE BLOSSOM TRL EXIT RAMP,0,West,Off Road,1,0,0,0,N,N,N,10000.000000000000000,Clear,Dark - Lighted,0,Off Road,W,Property Damage Only,Y,Angle,Guardrail End,On Roadway,Non-Junction,N,Not at Intersection,State,Paved,Dry,None, , ,None, , ,N,N, , , , ,0,0,0,0,0,0,0,0,0,0,0,0,0.000000000000000,0.000000000000000,0,0,0,10000,"Mapped, On Network",-81.393413395200000,28.535279108400001,654568.468530999962240,505932.469393000006676,6/4/2019 9:45:09 AM,8272_8254
2588,2589,1,2588,8703,88909382,2019-00055955,Orlando PD,Long,2/14/2019 0:00:00,11:45 PM,Orlando,Orange,BEELINE WBO (SR 528),S SEMORAN BV (SR 436),500,West,Rear End,2,0,0,0,N,N,N,7000.000000000000000,Clear,Dark - Lighted,0,Rear End,W,Property Damage Only,Y,Front to Rear,Motor Vehicle in Transport,On Roadway,Non-Junction,N,Not at Intersection,State,Paved,Dry,None, , ,None, , ,N,N, , , , ,0,0,1,0,0,0,0,0,0,0,0,0,0.000000000000000,0.000000000000000,0,1,0,7000,"Mapped, On Network",-81.313338806100006,28.451574783000002,662590.131305000046268,496806.634773999976460,6/3/2019 10:57:40 AM,6602_7054
2589,2590,1,2589,8715,88911405,2019-00055440,Orlando PD,Long,2/10/2019 0:00:00,12:57 PM,Orlando,Orange,SR 408 (EAST/WEST EXPRESSWAY),SR 400 (INTERSTATE 4),500,East,Rear End,4,0,0,1,N,N,N,2700.000000000000000,Rain,Daylight,0,Rear End,W,Injury,Y,Front to Rear,Motor Vehicle in Transport,On Roadway,Non-Junction,N,Not at Intersection,State,Paved,Wet,None, , ,Weather Conditions, , ,N,N, , , , ,0,0,0,0,0,0,0,1,0,0,0,0,0.000000000000000,0.000000000000000,0,0,0,2700,"Mapped, On Network",-81.382117085499999,28.535292954500001,655671.508079000050202,505957.377190999977756,6/4/2019 9:43:25 AM,8274_8272
2590,2591,1,2590,8717,88911650,2019-00065687,Orlando PD,Long,2/18/2019 0:00:00,09:12 AM,Orlando,Orange,SR 408 WEST,I4 WEST EXIT,500,East,Rear End,3,0,0,1,N,N,N,1400.000000000000000,Cloudy,Daylight,0,Rear End,W,Injury,Y,Front to Rear,Motor Vehicle in Transport,On Roadway,Non-Junction,N,Not at Intersection,State,Paved,Dry,None, , ,None, , ,N,Y,Work on Shoulder or Median,Activity Area,N,N,0,0,1,0,0,0,0,1,0,0,0,0,0.000000000000000,0.000000000000000,0,0,0,1400,"Mapped, On Network",-81.380049392800004,28.535442855800000,655873.062063000048511,505978.309561999980360,5/16/2019 9:20:41 AM,6230_8274
2591,2592,1,2591,8720,88911342,2019-00056631,Orlando PD,Long,2/11/2019 0:00:00,01:17 PM,Orlando,Orange,SR 408 WEST,S JOHN YOUNG PKWY EXIT RAMP,600,East,Rear End,3,0,0,0,N,Y,N,15000.000000000000000,Clear,Daylight,0,Rear End,W,Property Damage Only,Y,Front to Rear,Motor Vehicle in Transport,On Roadway,Non-Junction,N,Not at Intersection,State,Paved,Dry,None, , ,None, , ,N,N, , , , ,0,0,0,0,0,0,0,0,0,0,0,0,0.000000000000000,0.000000000000000,0,1,0,15000,"Mapped, On Network",-81.410235154999995,28.540030798499998,652914.756653000018559,506425.441603999992367,6/18/2019 12:34:12 PM,8244_8217
2592,2593,1,2592,8757,88077651,FHPD19OFF015603,FHP,Short,2/19/2019 0:00:00,07:44 AM,Orlando Expwy Auth,Orange,STATE RD 417,BOGGY CREEK RD,10560,South,Rear End,2,0,0,0,N,N,N,1240.000000000000000,Clear,Daylight,0,Rear End,S,Property Damage Only,N,Front to Rear,Motor Vehicle in Transport,On Roadway,Non-Junction,N,Not at Intersection,Turnpike/Toll,Paved,Dry,None, , ,None, , ,N,N, , , , ,0,0,0,0,0,0,0,0,0,0,0,0,0.000000000000000,0.000000000000000,0,1,0,1240,"Mapped, On Network",-81.342683947300003,28.368581590400002,659921.030325999949127,487529.682154999987688,6/18/2019 1:52:58 PM,6323_6700
2593,2594,1,2593,8793,87252469,FHPD19OFF015743,FHP,Long,2/19/2019 0:00:00,05:00 PM,Orlando Expwy Auth,Orange,STATE ROAD 417 (GREENEWAY EXPWY),BOGGY CREEK ROAD,5280,West,Rear End,3,0,0,0,N,N,N,33000.000000000000000,Clear,Daylight,0,Rear End,S,Property Damage Only,Y,Front to Rear,Motor Vehicle in Transport,On Roadway,Non-Junction,N,Not at Intersection,Turnpike/Toll,Paved,Dry,None, , ,None, , ,N,N, , , , ,0,0,5,0,0,0,0,0,0,0,0,0,0.000000000000000,0.000000000000000,0,1,0,33000,"Mapped, On Network",-81.328138056200004,28.367550698399999,661346.071280000032857,487445.965072999999393,6/18/2019 1:59:03 PM,6618_6299
2594,2595,1,2594,8826,88081848,FHPD19OFF009455,FHP,Long,1/30/2019 0:00:00,05:42 PM,Orlando,Orange,STATE ROAD 408,MILE MARKER 17,100,East,Rear End,2,0,0,0,N,N,N,300.000000000000000,Clear,Daylight,0,Rear End,W,Property Damage Only,N,Front to Rear,Motor Vehicle in Transport,On Roadway,Non-Junction,N,Not at Intersection,Turnpike/Toll,Unpaved,Dry,None, , ,None, , ,N,N, , , , ,0,0,0,0,0,0,0,0,0,0,0,0,0.000000000000000,0.000000000000000,0,0,0,300,"Mapped, On Network",-81.276192084100003,28.545449245800000,665989.948928000056185,507309.077534999989439,6/18/2019 2:03:16 PM,6879_6918
2595,2596,1,2595,8856,88911692,2019-00065915,Orlando PD,Long,2/18/2019 0:00:00,12:34 PM,Orlando,Orange,SR 528 WEST,ENTRANCE RAMP FROM SR 15 (NARCOOSSEE RD),0,West,Off Road,1,0,0,0,N,Y,N,20000.000000000000000,Cloudy,Daylight,0,Off Road,W,Property Damage Only,Y,Angle,Utility Pole/Light Support,Off Roadway,Non-Junction,N,Not at Intersection,State,Paved,Dry,None, , ,None, , ,N,N, , , , ,0,0,0,0,0,0,0,0,0,0,0,0,0.000000000000000,0.000000000000000,0,0,0,20000,"Mapped, On Network",-81.275108646500001,28.448646591799999,666333.269636000040919,496563.507352999993600,6/18/2019 1:35:24 PM,8055_6665
2596,2597,1,2596,8859,88911289,2019-00060515,Orlando PD,Long,2/14/2019 0:00:00,08:00 AM,Orlando,Orange,EW EBO,I4 EBO EXIT RAMP,200,East,Rear End,2,0,0,0,N,N,N,400.000000000000000,Clear,Daylight,0,Rear End, ,Property Damage Only,Y,Front to Rear,Motor Vehicle in Transport,On Roadway,Non-Junction,N,Not at Intersection,State,Paved,Dry,None, , ,None, , ,N,N, , , , ,0,0,0,0,0,0,0,0,0,0,0,0,0.000000000000000,0.000000000000000,0,0,0,400,"Mapped, On Network",-81.371111147099995,28.537047896899999,656742.069014000007883,506175.096496000012849,6/3/2019 11:05:14 AM,8307_8305
2597,2598,1,2597,8863,88910717,2019-00055420,Orlando PD,Short,2/10/2019 0:00:00,12:25 PM,Orlando,Orange,SR 408 WEST,SR 400 EAST,0, ,Rear End,2,0,0,0,N,N,N,4000.000000000000000,Rain,Daylight,0,Rear End,W,Property Damage Only,Y,Angle,Motor Vehicle in Transport,On Roadway,Non-Junction,N,Not at Intersection,State,Paved,Wet,None, , ,Weather Conditions, , ,N,N, , , , ,0,0,0,0,0,0,0,0,0,0,0,0,0.000000000000000,0.000000000000000,0,0,0,4000,"Mapped, On Network",-81.374491621700002,28.537046846999999,656411.978115999954753,506167.946263000019826,6/18/2019 2:07:43 PM,6737_6230
2598,2599,1,2598,8866,88911518,2019-00055507,Orlando PD,Short,2/10/2019 0:00:00,02:35 PM,Orlando,Orange,SR 408 W,S DIVISION AVE,300,East,Rear End,2,0,0,0,N,N,N,3000.000000000000000,Cloudy,Daylight,0,Rear End,W,Property Damage Only,Y,Front to Rear,Motor Vehicle in Transport,On Roadway,Entrance/Exit Ramp,N,Not at Intersection,State,Unpaved,Wet,Work Zone, , ,Weather Conditions, , ,N,Y,Other,Activity Area,N,N,0,0,1,0,0,0,0,0,0,0,0,0,0.000000000000000,0.000000000000000,0,0,0,3000,"Mapped, On Network",-81.382594415200003,28.535282094500001,655624.923007000004873,505955.181822000013199,6/4/2019 9:44:25 AM,8274_8272
2599,2600,1,2599,8876,88909895,2019-00058255,Orlando PD,Long,2/12/2019 0:00:00,04:40 PM,Orlando,Orange,EW WBO (SR 408),S ORANGE BLOSSOM TL (SR 500),1000,West,Rear End,3,0,0,0,N,N,N,1005.000000000000000,Cloudy,Daylight,0,Rear End,W,Property Damage Only,Y,Front to Rear,Motor Vehicle in Transport,On Roadway,Non-Junction,N,Not at Intersection,State,Paved,Wet,Road Surface Condition, , ,Weather Conditions, , ,N,N, , , , ,0,0,1,0,0,0,0,0,0,0,0,0,0.000000000000000,0.000000000000000,0,0,0,1005,"Mapped, On Network",-81.402543826400006,28.535261171199998,653676.932390999980271,505911.662094000028446,6/3/2019 11:06:00 AM,8169_8242
2600,2601,1,2600,8895,88070784,FHPD19OFF009525,FHP,Long,1/30/2019 0:00:00,11:20 PM,Orlando,Orange,STATE ROAD 417 CENTRAL FLORIDA GREENEWAY,MOSS PARK ROAD,0, ,Rear End,2,0,0,0,N,N,N,7500.000000000000000,Clear,Dark - Lighted,0,Rear End,S,Property Damage Only,N,Angle,Motor Vehicle in Transport,On Roadway,Entrance/Exit Ramp,Y,Other,State,Curb,Dry,None, , ,None, , ,N,N, , , , ,0,0,1,0,0,0,0,0,0,0,0,0,0.000000000000000,0.000000000000000,0,0,1000,6500,"Mapped, On Network",-81.229041722900007,28.432864569800000,670874.520509999943897,494911.589218000008259,6/18/2019 2:12:06 PM,8391_8516
2601,2602,1,2601,8903,88066072,FHPD19OFF008924,FHP,Long,1/29/2019 0:00:00,01:20 AM,Orlando,Orange,STATE ROAD 528,MM16,500,East,Head On,2,0,1,1,Y,Y,Y,28000.000000000000000,Clear,Dark - Lighted,0,Head On,EW,Fatality,N,Front to Front,Motor Vehicle in Transport,On Roadway,Non-Junction,N,Not at Intersection,State,Paved,Dry,None, , ,None, , ,N,N, , , , ,0,0,0,0,0,0,0,0,0,1,1,0,1.000000000000000,0.000000000000000,1,3,0,28000,"Mapped, On Network",-81.222868315900001,28.451361448800000,671431.640722000040114,496978.842823999992106,2/25/2019 12:25:38 PM,8019_6319
2602,2603,1,2602,8905,88064847,FHPD19OFF016105,FHP,Long,2/20/2019 0:00:00,06:23 PM,Orlando Expwy Auth,Orange,STATE ROAD 528 WB MM18,INNOVATION WAY,5280,West,Rear End,2,0,0,3,N,N,N,11000.000000000000000,Clear,Dusk,0,Rear End,W,Injury,Y,Front to Rear,Motor Vehicle in Transport,On Roadway,Non-Junction,N,Not at Intersection,Turnpike/Toll,Paved,Dry,None, , ,None, , ,N,N, , , , ,0,0,2,0,0,0,0,3,0,0,0,0,0.000000000000000,0.000000000000000,0,1,0,11000,"Mapped, On Network",-81.188068582200003,28.451554612300001,674831.826385000022128,497077.368022000009660,5/20/2019 3:30:44 PM,6945_8095
2603,2604,1,2603,8906,88064846,FHPD19OFF015751,FHP,Long,2/19/2019 0:00:00,05:32 PM,Orlando Expwy Auth,Orange,STATE ROAD 417 NB MM37,UNIVERSITY BLVD,0,South,Rear End,2,0,0,0,N,N,N,2000.000000000000000,Cloudy,Daylight,0,Rear End,N,Property Damage Only,Y,Front to Rear,Motor Vehicle in Transport,On Roadway,Non-Junction,N,Not at Intersection,Turnpike/Toll,Paved,Dry,None, , ,None, , ,N,Y,Work on Shoulder or Median,Activity Area,N,N,0,0,1,0,0,0,0,0,0,0,0,0,0.000000000000000,0.000000000000000,0,1,0,2000,"Mapped, On Network",-81.253204043099998,28.590162452900000,668123.847267000004649,512323.292903000023216,6/18/2019 2:12:51 PM,6318_8120
2604,2605,1,2604,8914,88037142,FHPD19OFF015838,FHP,Short,2/20/2019 0:00:00,07:33 AM,Orlando,Orange,STATE ROAD 408 WESTBOUND,MILE MARKER 17,0, ,Rear End,2,0,0,0,N,Y,N,1500.000000000000000,Clear,Daylight,0,Rear End,W,Property Damage Only,N,Front to Rear,Motor Vehicle in Transport,On Roadway,Non-Junction,N,Not at Intersection,Turnpike/Toll,Paved,Dry,None, , ,None, , ,N,N, , , , ,0,0,0,0,0,0,0,0,0,0,0,0,0.000000000000000,0.000000000000000,0,1,0,1500,"Mapped, On Network",-81.268125418500006,28.547427980300000,666772.692185999942012,507546.199169999978039,2/27/2019 12:40:06 PM,6971_6258
2605,2606,1,2605,8915,88037141,FHPD19OFF015835,FHP,Long,2/20/2019 0:00:00,07:16 AM,Orlando Expwy Auth,Orange,STATE ROAD 429 SOUTHBOUND,MILE MARKER 26,0, ,Rear End,2,0,0,0,N,Y,N,10000.000000000000000,Clear,Daylight,0,Rear End,S,Property Damage Only,N,Front to Rear,Motor Vehicle in Transport,On Roadway,Non-Junction,N,Not at Intersection,Turnpike/Toll,Paved,Dry,None, , ,None, , ,N,N, , , , ,0,0,0,0,0,0,0,0,0,0,0,0,0.000000000000000,0.000000000000000,0,3,0,10000,"Mapped, On Network",-81.552387624100007,28.598352979200001,638905.564026999985799,512617.619979000010062,6/4/2019 5:13:42 PM,8393_6248
2606,2607,1,2606,8919,87252472,FHPD19OFF016414,FHP,Short,2/21/2019 0:00:00,04:55 PM,Orlando Expwy Auth,Orange,STATE ROAD 429 (DANIEL WEBSTER BLTWY),STATE ROAD 438 (PLANT STREET),0,North,Rear End,2,0,0,0,N,N,N,4000.000000000000000,Clear,Daylight,0,Rear End,S,Property Damage Only,Y,Front to Rear,Motor Vehicle in Transport,On Roadway,Non-Junction,N,Not at Intersection,Turnpike/Toll,Paved,Dry,None, , ,None, , ,N,N, , , , ,0,0,0,0,0,0,0,0,0,0,0,0,0.000000000000000,0.000000000000000,0,1,0,4000,"Mapped, On Network",-81.556926188199995,28.576343365200000,638511.046118999947794,510165.027813999971841,2/27/2019 12:52:49 PM,8421_8425
2607,2608,1,2607,8931,88080992,FHPD19OFF015750,FHP,Long,2/19/2019 0:00:00,05:30 PM,Orlando Expwy Auth,Orange,NB SR-417,UNIVERSITY BLVD,0,South,Rear End,3,0,0,1,N,Y,N,24000.000000000000000,Clear,Daylight,0,Rear End,N,Injury,Y,Front to Rear,Motor Vehicle in Transport,On Roadway,Non-Junction,N,Not at Intersection,Turnpike/Toll,Paved,Dry,None, , ,None, , ,N,N, , , , ,0,0,0,0,0,0,0,0,1,0,0,0,1.000000000000000,0.000000000000000,0,1,0,24000,"Mapped, On Network",-81.254945204199998,28.588103533000002,667959.004411999951117,512090.910732000018470,2/27/2019 12:43:16 PM,6317_6318
2608,2609,1,2608,8942,88077653,FHPD19OFF015862,FHP,Long,2/20/2019 0:00:00,07:02 AM,Orlando Expwy Auth,Orange,STATE RD 417,INTERNATIONAL DR,5280,North,Other,1,0,0,0,N,N,N,1500.000000000000000,Clear,Dusk,0,Single Vehicle,S,Property Damage Only,N,Other,Other Non-Fixed Object,On Roadway,Non-Junction,N,Not at Intersection,Turnpike/Toll,Paved,Dry,Obstruction in Roadway, , ,Physical Obstruction(s), , ,N,N, , , , ,0,0,0,0,0,0,0,0,0,0,0,0,0.000000000000000,0.000000000000000,0,0,0,1500,"Mapped, On Network",-81.472227412999999,28.354785302600000,647283.173230999964289,485731.436588999989908,6/18/2019 2:43:08 PM,8581_7010
2609,2610,1,2609,8970,88077652,FHPD19OFF015831,FHP,Long,2/20/2019 0:00:00,07:01 AM,Orlando Expwy Auth,Orange,STATE RD 417,INTERNATIONAL DR,5280,North,Other,1,0,0,0,N,N,N,1000.000000000000000,Clear,Dusk,0,Single Vehicle,S,Property Damage Only,N,Other,Other Non-Fixed Object,On Roadway,Non-Junction,N,Not at Intersection,Turnpike/Toll,Paved,Dry,Obstruction in Roadway, , ,Physical Obstruction(s), , ,N,N, , , , ,0,0,0,0,0,0,0,0,0,0,0,0,0.000000000000000,0.000000000000000,0,0,0,1000,"Mapped, On Network",-81.475396220199997,28.355980985599999,646970.504839999950491,485857.847062000015285,6/18/2019 2:43:47 PM,8581_7010
2610,2611,1,2610,8974,88083222,FHPD19OFF015876,FHP,Short,2/20/2019 0:00:00,09:15 AM,Orlando Expwy Auth,Orange,SR417,12MM,0, ,Rear End,2,0,0,0,N,N,N,5000.000000000000000,Clear,Daylight,0,Rear End,S,Property Damage Only,N,Front to Rear,Motor Vehicle in Transport,On Roadway,Non-Junction,N,Not at Intersection,Turnpike/Toll,Paved,Dry,None, , ,None, , ,N,N, , , , ,0,0,0,0,0,0,0,0,0,0,0,0,0.000000000000000,0.000000000000000,0,1,0,5000,"Mapped, On Network",-81.383987491799999,28.368279827199999,655882.313319999957457,487409.794112999981735,2/27/2019 12:33:59 PM,9176_7090
2611,2612,1,2611,8982,88008579,FHPD19OFF015727,FHP,Long,2/19/2019 0:00:00,04:29 PM,Orlando Expwy Auth,Orange,SR-417 (MM26),SR-528,0,North,Off Road,1,0,0,0,N,N,N,6400.000000000000000,Clear,Daylight,0,Off Road,S,Property Damage Only,N,Other,Guardrail Face,Shoulder,Non-Junction,N,Not at Intersection,Turnpike/Toll,Paved,Dry,None, , ,None, , ,N,N, , , , ,0,0,0,0,0,0,0,0,0,0,0,0,0.000000000000000,0.000000000000000,0,0,400,6000,"Mapped, On Network",-81.233848596300007,28.463098373099999,670329.392699999967590,498257.854503999988083,2/27/2019 12:47:49 PM,8546_7092
2612,2613,1,2612,8997,88077654,FHPD19OFF015870,FHP,Long,2/20/2019 0:00:00,07:03 AM,Orlando Expwy Auth,Orange,STATE RD 417,INTERNATIONAL DR,5280,North,Other,2,0,0,0,N,N,N,2500.000000000000000,Clear,Dusk,0,Other,S,Property Damage Only,N,Other,Other Non-Fixed Object,On Roadway,Non-Junction,N,Not at Intersection,Turnpike/Toll,Paved,Dry,Obstruction in Roadway, , ,Physical Obstruction(s), , ,N,N, , , , ,0,0,0,0,0,0,0,0,0,0,0,0,0.000000000000000,0.000000000000000,0,0,0,2500,"Mapped, On Network",-81.474012814600002,28.355461211000001,647107.000541000044905,485802.906064999988303,6/18/2019 2:46:24 PM,8581_7010
2613,2614,1,2613,8999,87252471,FHPD19OFF016082,FHP,Long,2/20/2019 0:00:00,05:30 PM,Orlando Expwy Auth,Orange,STATE ROAD 408 (EAST WEST EXPWY),TAMPA  AVENUE,5280,West,Rear End,2,0,0,1,N,N,N,5000.000000000000000,Clear,Dusk,0,Rear End,E,Injury,Y,Front to Rear,Motor Vehicle in Transport,On Roadway,Non-Junction,N,Not at Intersection,Turnpike/Toll,Paved,Dry,None, , ,None, , ,N,N, , , , ,0,0,0,0,0,0,0,0,1,0,0,0,1.000000000000000,0.000000000000000,0,2,0,5000,"Mapped, On Network",-81.411537016799997,28.540830042900001,652785.773327999981120,506511.513411999971140,2/27/2019 12:53:48 PM,8219_8213
2614,2615,1,2614,9001,87252473,FHPD19OFF016466,FHP,Short,2/21/2019 0:00:00,06:15 PM,Orlando Expwy Auth,Orange,STATE ROAD 429 (DANIEL WEBSTR BLTWY),STATE ROAD 438 (PLANT STREET),100,North,Rear End,2,0,0,0,N,N,N,5000.000000000000000,Clear,Dark - Lighted,0,Rear End,N,Property Damage Only,Y,Front to Rear,Motor Vehicle in Transport,On Roadway,Non-Junction,N,Not at Intersection,Turnpike/Toll,Paved,Dry,None, , ,None, , ,N,N, , , , ,0,0,0,0,0,0,0,0,0,0,0,0,0.000000000000000,0.000000000000000,0,1,0,5000,"Mapped, On Network",-81.556773996100006,28.572407693900001,638534.561544999945909,509728.329808000009507,2/27/2019 12:50:32 PM,8421_8425
2615,2616,1,2615,9003,88064845,FHPD19OFF015721,FHP,Long,2/19/2019 0:00:00,04:11 PM,Orlando Expwy Auth,Orange,STATE ROAD 417 SB,STATE ROAD 408 EB,200,South,Off Road,1,0,0,1,N,N,N,7000.000000000000000,Cloudy,Daylight,0,Off Road,S,Injury,Y,Other,Guardrail End,On Roadway,Entrance/Exit Ramp,N,Not at Intersection,Turnpike/Toll,Paved,Dry,None, , ,None, , ,N,Y,Work on Shoulder or Median,Activity Area,N,N,0,0,0,0,0,0,0,0,1,0,0,0,1.000000000000000,0.000000000000000,0,0,1000,6000,"Mapped, On Network",-81.257309286999998,28.546525847000002,667830.962064999970607,507469.482231999980286,5/22/2019 10:44:26 AM,8568_11875
2616,2617,1,2616,9066,88911415,2019-00069863,Orlando PD,Long,2/21/2019 0:00:00,08:47 AM,Orlando,Orange,SR 408 (EW WBO),S MILLS AVE,1000,East,Rear End,2,0,0,0,N,N,N,1100.000000000000000,Clear,Daylight,0,Rear End,W,Property Damage Only,Y,Front to Rear,Motor Vehicle in Transport,On Roadway,Non-Junction,N,Not at Intersection,State,Paved,Dry,None, , ,None, , ,N,N, , , , ,0,0,1,0,0,0,0,0,0,0,0,0,0.000000000000000,0.000000000000000,0,0,0,1100,"Mapped, On Network",-81.360838208499999,28.538042988099999,657742.825040000025183,506307.012071000004653,6/18/2019 2:54:06 PM,8309_8313
2617,2618,1,2617,9080,87271131,FHPK19OFF010714,FHP,Short,2/23/2019 0:00:00,08:34 AM,Winter Garden,Orange,STATE ROAD 429 (DANIEL WEBSTER WESTERN BTWY),STATE ROAD 91 (FLORIDA TURNPIKE),0,North,Sideswipe,2,0,0,0,N,N,N,250.000000000000000,Cloudy,Daylight,0,Same Direction Sideswipe,S,Property Damage Only,N,"Sideswipe, Same Direction",Motor Vehicle in Transport,On Roadway,Entrance/Exit Ramp,Y,Not at Intersection,Turnpike/Toll,Paved,Dry,None, , ,None, , ,N,N, , , , ,0,0,2,0,0,0,0,0,0,0,0,0,0.000000000000000,0.000000000000000,0,1,0,250,"Mapped, On Network",-81.559930783699997,28.557770858700000,638258.563857999979518,508097.042485999991186,6/18/2019 2:56:34 PM,8423_8507
2618,2619,1,2618,9209,88911998,2019-00076538,Orlando PD,Short,2/26/2019 0:00:00,07:51 AM,Orlando,Orange,SR 408 WEST,S ROSALIND AV EXIT,500,East,Rear End,2,0,0,0,N,N,N,400.000000000000000,Cloudy,Daylight,0,Rear End,W,Property Damage Only,Y,Front to Rear,Motor Vehicle in Transport,On Roadway,Non-Junction,N,Not at Intersection,State,Paved,Dry,None, , ,None, , ,N,N, , , , ,0,0,0,0,0,0,0,0,0,0,0,0,0.000000000000000,0.000000000000000,0,0,0,400,"Mapped, On Network",-81.376356720399997,28.536533494800000,656231.069509000051767,506107.071593999979086,5/28/2019 1:45:23 PM,6737_6230