FID,OBJECTID_1,Join_Count,TARGET_FID,OBJECTID,HSMV_Repor,Agency_Rep,Reporting_,Form_Type,Crash_Date,Crash_Time,City,County,Crash_Stre,Intersecti,Offset_Dis,Offset_Dir,Crash_Type,Vehicles,Non_Motori,Fatalities,Injuries,Alcohol_Re,Distractio,Drug_Relat,Estimated_,Weather_Co,Light_Cond,Street_Num,Crash_Ty_1,Crash_Ty_2,Crash_Seve,Within_Cit,Manner_of_,First_Harm,First_HE_L,First_HE_R,First_HE_W,Type_of_In,Road_Sys_I,Type_of_Sh,Road_Surf_,Contrib_Ci,Contrib__1,Contrib__2,Contrib__3,Contrib__4,Contrib__5,School_Bus,Work_Zone_,Type_of_Wo,Loc_in_Wor,Workers_in,Law_Enforc,Mopeds,Motorcycle,Passengers,Bicyclists,Pedestrian,Fataliti_1,Injuries_U,Possible_I,Non_Incapa,Incapacita,Fataliti_2,Non_Traffi,Transporte,Transpor_1,Transpor_2,Citations,Property_D,Vehicle_Dm,S4_Mapping,S4_Decimal,S4_Decim_1,S4_Albers_,S4_Albers1,S4_Mappi_1,zone_id_st
2619,2620,1,2619,9212,88911648,2019-00075272,Orlando PD,Short,2/25/2019 0:00:00,08:46 AM,Orlando,Orange,SR 408 WEST,S. MILLS AVE. EXIT RAMP,50,East,Rear End,2,0,0,0,N,N,N,4000.000000000000000,Clear,Daylight,0,Rear End,W,Property Damage Only,Y,Angle,Motor Vehicle in Transport,On Roadway,Non-Junction,N,Not at Intersection,State,Curb,Dry,None, , ,None, , ,N,N, , , , ,0,0,1,0,0,0,0,0,0,0,0,0,0.000000000000000,0.000000000000000,0,1,0,4000,"Mapped, On Network",-81.363647444500003,28.537461431600001,657469.895123000023887,506236.573028000013437,5/28/2019 1:46:19 PM,8309_8313
2620,2621,1,2620,9217,88910670,2019-00079166,Orlando PD,Short,2/28/2019 0:00:00,06:12 AM,Orlando,Orange,SR 528 BEACH LINE,CONWAY ROAD (SR 15),10560,East,Sideswipe,2,0,0,0,N,N,N,850.000000000000000,Clear,Dawn,0,Same Direction Sideswipe,W,Property Damage Only,Y,"Sideswipe, Same Direction",Motor Vehicle in Transport,On Roadway,Non-Junction,N,Not at Intersection,State,Paved,Dry,None, , ,None, , ,N,N, , , , ,0,0,1,0,0,0,0,0,0,0,0,0,0.000000000000000,0.000000000000000,0,0,0,850,"Mapped, On Network",-81.301285605399997,28.451554356999999,663768.054567000013776,496830.090953000006266,5/29/2019 11:48:44 AM,8183_6664
2621,2622,1,2621,9242,88080997,FHPD19OFF018611,FHP,Long,2/28/2019 0:00:00,07:30 AM,Orlando Expwy Auth,Orange,WB SR-408,ROUSE RD,0,East,Rear End,4,0,0,0,N,N,N,14600.000000000000000,Cloudy,Daylight,0,Rear End,W,Property Damage Only,Y,Front to Rear,Motor Vehicle in Transport,On Roadway,Non-Junction,N,Not at Intersection,Turnpike/Toll,Paved,Dry,None, , ,None, , ,N,Y,Lane Shift/Crossover,Activity Area,Y,N,0,0,0,0,0,0,0,0,0,0,0,0,0.000000000000000,0.000000000000000,0,1,0,14600,"Mapped, On Network",-81.222555243399995,28.547481517700000,671221.825263999984600,507651.549783999973442,5/28/2019 11:41:30 AM,8057_6045
2622,2623,1,2622,9243,88080993,FHPD19OFF018240,FHP,Long,2/27/2019 0:00:00,06:40 AM,Orlando Expwy Auth,Orange,SB SR-429,WEST ROAD,5280,North,Rear End,4,0,0,1,N,N,N,35000.000000000000000,Cloudy,Dawn,0,Rear End,S,Injury,Y,Front to Front,Motor Vehicle in Transport,On Roadway,Non-Junction,N,Not at Intersection,Turnpike/Toll,Paved,Wet,None, , ,None, , ,N,N, , , , ,0,0,0,0,0,0,0,0,1,0,0,0,0.000000000000000,0.000000000000000,0,1,0,35000,"Mapped, On Network",-81.537414143800007,28.608733815400001,640343.874990000040270,513799.334499999997206,5/28/2019 11:41:53 AM,7012_8458
2623,2624,1,2623,9249,88064854,FHPD19OFF018341,FHP,Long,2/27/2019 0:00:00,12:11 PM,Orlando Expwy Auth,Orange,STATE ROAD 528 EB MM19,STATE ROAD 417,10560,East,Sideswipe,2,0,0,0,N,N,N,1200.000000000000000,Cloudy,Daylight,0,Same Direction Sideswipe,E,Property Damage Only,Y,"Sideswipe, Same Direction",Motor Vehicle in Transport,On Roadway,Non-Junction,N,Not at Intersection,Turnpike/Toll,Paved,Dry,None, , ,None, , ,N,N, , , , ,0,0,0,0,0,0,0,0,0,0,0,0,0.000000000000000,0.000000000000000,0,0,0,1200,"Mapped, On Network",-81.197471317500003,28.451481063700001,673913.168383999960497,497048.281170999980532,3/19/2019 12:37:23 PM,6945_8095
2624,2625,1,2624,9250,88064853,FHPD19OFF018290,FHP,Long,2/27/2019 0:00:00,08:41 AM,Orlando Expwy Auth,Orange,STATE ROAD 417 SB MM11,STATE ROAD 91,0,North,Rear End,2,0,0,0,N,N,N,2000.000000000000000,Clear,Daylight,0,Rear End,S,Property Damage Only,Y,Front to Rear,Motor Vehicle in Transport,On Roadway,Non-Junction,N,Not at Intersection,Turnpike/Toll,Paved,Dry,None, , ,None, , ,N,N, , , , ,0,0,0,0,0,0,0,0,0,0,0,0,0.000000000000000,0.000000000000000,0,1,0,2000,"Mapped, On Network",-81.385269186499997,28.368255958999999,655757.020797000033781,487404.485069999995176,3/19/2019 12:38:33 PM,9176_7090
2625,2626,1,2625,9251,88064852,FHPD19OFF018244,FHP,Long,2/27/2019 0:00:00,06:57 AM,Orlando Expwy Auth,Orange,STATE ROAD 408 WB MM16,STATE ROAD 551,0,West,Sideswipe,3,0,0,0,N,N,N,3500.000000000000000,Cloudy,Daylight,0,Same Direction Sideswipe,W,Property Damage Only,Y,Angle,Motor Vehicle in Transport,On Roadway,Non-Junction,N,Not at Intersection,Turnpike/Toll,Paved,Wet,Road Surface Condition, , ,None, , ,N,N, , , , ,0,0,0,0,0,0,0,0,0,0,0,0,0.000000000000000,0.000000000000000,0,1,0,3500,"Mapped, On Network",-81.290173857799999,28.539805780399998,664638.568655999959446,506652.407698999973945,3/19/2019 12:39:45 PM,8427_6883
2626,2627,1,2626,9318,88083226,FHPD19OFF018472,FHP,Long,2/27/2019 0:00:00,07:20 PM,Orlando Expwy Auth,Orange,SR417,34MM,0, ,Rear End,2,0,0,1,N,N,N,500.000000000000000,Rain,Dark - Lighted,0,Rear End,N,Injury,N,Front to Rear,Motor Vehicle in Transport,On Roadway,Non-Junction,N,Not at Intersection,Turnpike/Toll,Paved,Wet,None, , ,None, , ,N,N, , , , ,0,0,0,0,0,0,0,1,0,0,0,0,0.000000000000000,0.000000000000000,0,1,0,500,"Mapped, On Network",-81.265699784999995,28.569470049500001,666955.247301999945194,509998.744707999983802,5/28/2019 11:40:46 AM,8451_2531
2627,2628,1,2627,9319,88097816,FHPD19OFF016979,FHP,Long,2/23/2019 0:00:00,04:24 AM,Orlando,Orange,STATE ROAD 408 (EAST-WEST EXPY),MM 7,5280,West,Off Road,1,0,0,1,N,Y,N,15000.000000000000000,Clear,Dark - Lighted,0,Off Road,E,Injury,N,Other,Concrete Traffic Barrier,On Roadway,Non-Junction,N,Not at Intersection,County,Paved,Dry,None, , ,None, , ,N,N, , , , ,0,0,0,0,0,0,0,0,0,1,0,0,1.000000000000000,0.000000000000000,0,0,0,15000,"Mapped, On Network",-81.429430745999994,28.545826655100001,651026.983616000041366,507029.741677000012714,5/28/2019 10:48:21 AM,6014_8237
2628,2629,1,2628,9320,88083225,FHPD19OFF018514,FHP,Short,2/27/2019 0:00:00,07:20 PM,Orlando Expwy Auth,Orange,SR528,9MM,0, ,Rear End,2,0,0,0,N,N,N,3000.000000000000000,Clear,Dark - Lighted,0,Rear End,E,Property Damage Only,N,Front to Rear,Motor Vehicle in Transport,On Roadway,Non-Junction,N,Not at Intersection,Turnpike/Toll,Paved,Dry,None, , ,None, , ,N,N, , , , ,0,0,4,0,0,0,0,0,0,0,0,0,0.000000000000000,0.000000000000000,0,2,0,3000,"Mapped, On Network",-81.338346276899998,28.450716596100001,660148.377925000037067,496658.345774999994319,5/28/2019 11:40:54 AM,8327_8331
2629,2630,1,2629,9322,88083224,FHPD19OFF018497,FHP,Long,2/27/2019 0:00:00,06:49 PM,Orlando Expwy Auth,Orange,SR417,26.5MM,0, ,Rear End,2,0,0,0,N,N,N,8600.000000000000000,Rain,Daylight,0,Rear End,S,Property Damage Only,N,Front to Rear,Motor Vehicle in Transport,On Roadway,Non-Junction,N,Not at Intersection,Turnpike/Toll,Paved,Wet,None, , ,None, , ,N,N, , , , ,0,0,0,0,0,0,0,0,0,0,0,0,0.000000000000000,0.000000000000000,0,1,600,8000,"Mapped, On Network",-81.233044892500004,28.462220049199999,670410.112102000042796,498162.097698000026867,5/28/2019 11:41:01 AM,6173_8544
2630,2631,1,2630,9323,88083223,FHPD19OFF018450,FHP,Short,2/27/2019 0:00:00,05:32 PM,Orlando Expwy Auth,Orange,SR417,27MM,0, ,Rear End,2,0,0,0,N,N,N,4000.000000000000000,Rain,Daylight,0,Rear End,S,Property Damage Only,N,Front to Rear,Motor Vehicle in Transport,On Roadway,Non-Junction,N,Not at Intersection,Turnpike/Toll,Paved,Wet,None, , ,None, , ,N,N, , , , ,0,0,0,0,0,0,0,0,0,0,0,0,0.000000000000000,0.000000000000000,0,1,0,4000,"Mapped, On Network",-81.233052338700006,28.462220049199999,670409.384514000033960,498162.081369000021368,5/28/2019 11:41:07 AM,6173_8544
2631,2632,1,2631,9331,88077660,FHPD19OFF020358,FHP,Long,3/5/2019 0:00:00,01:00 PM,Orlando Expwy Auth,Orange,STATE RD 417,STATE RD 408,100,South,Other,1,0,0,2,N,N,N,7500.000000000000000,Cloudy,Daylight,0,Single Vehicle,S,Injury,N,Other,Other Non-Collision,On Roadway,Entrance/Exit Ramp,N,Not at Intersection,Turnpike/Toll,Paved,Wet,Road Surface Condition, , ,Weather Conditions, , ,N,Y,Work on Shoulder or Median,Activity Area,Y,N,0,0,1,0,0,0,0,2,0,0,0,0,2.000000000000000,0.000000000000000,0,1,3000,4500,"Mapped, On Network",-81.257329975700003,28.546547557400000,667828.888475000043400,507471.847776999988127,3/19/2019 12:43:45 PM,8568_11875
2632,2633,1,2632,9353,85569487,FHPD19OFF018453,FHP,Long,2/27/2019 0:00:00,05:29 PM,Orlando,Orange,EB STATE ROAD 408,WEST OF STATE ROAD 417,0,West,Rear End,2,0,0,1,N,N,N,350.000000000000000,Rain,Dusk,0,Rear End,E,Injury,N,Front to Rear,Motor Vehicle in Transport,On Roadway,Non-Junction,N,Not at Intersection,State,Paved,Wet,Road Surface Condition, , ,Weather Conditions, , ,N,Y,Work on Shoulder or Median,Activity Area,N,N,0,0,0,0,0,0,0,1,0,0,0,0,0.000000000000000,0.000000000000000,0,1,0,350,"Mapped, On Network",-81.261126072699994,28.547286219200000,667456.428854999947362,507545.621113999979571,5/28/2019 1:32:59 PM,8412_7015
2633,2634,1,2633,9404,88076782,FHPD19OFF014748,FHP,Long,2/16/2019 0:00:00,03:35 AM,Orlando,Orange,STATE ROAD 408,EASTBOUND MILE MARKER 15,0,East,Sideswipe,2,0,0,0,N,N,N,8500.000000000000000,Clear,Dark - Lighted,0,Same Direction Sideswipe,E,Property Damage Only,N,"Sideswipe, Same Direction",Motor Vehicle in Transport,On Roadway,Non-Junction,N,Not at Intersection,State,Paved,Dry,None, , ,None, , ,N,N, , , , ,0,0,0,0,0,0,0,0,0,0,0,0,0.000000000000000,0.000000000000000,0,1,0,8500,"Mapped, On Network",-81.282736799700004,28.541833636600000,665359.783926000003703,506893.540498999995179,5/28/2019 1:28:15 PM,8408_8412
2634,2635,1,2634,9472,88080998,FHPD19OFF018635,FHP,Short,2/28/2019 0:00:00,08:38 AM,Orlando Expwy Auth,Orange,WB SR-408 ENT RAMP,SR-551,75,East,Sideswipe,2,0,0,0,N,N,N,16000.000000000000000,Cloudy,Daylight,0,Same Direction Sideswipe,W,Property Damage Only,Y,"Sideswipe, Same Direction",Motor Vehicle in Transport,On Roadway,Entrance/Exit Ramp,N,Not at Intersection,Turnpike/Toll,Paved,Dry,None, , ,None, , ,N,N, , , , ,0,0,0,0,0,0,0,0,0,0,0,0,0.000000000000000,0.000000000000000,0,1,0,16000,"Mapped, Not On Network",-81.289699999600003,28.539670024799999,664685.168999999994412,506638.351900000008754,5/28/2019 11:42:20 AM,6881_8431
2635,2636,1,2635,9504,88911166,2019-00064212,Orlando PD,Long,2/17/2019 0:00:00,12:41 AM,Orlando,Orange,STATE ROAD 408 WBO,SEMORAN BLVD,500,West,Rear End,2,0,0,1,N,N,N,1000.000000000000000,Clear,Dark - Lighted,0,Rear End,W,Injury,Y,Front to Rear,Motor Vehicle in Transport,Outside Right-of-way,Non-Junction,N,Not at Intersection,Turnpike/Toll,Paved,Dry,None,None,None,None,None,None,N,N, , , , ,0,0,1,0,0,0,0,1,0,0,0,0,0.000000000000000,0.000000000000000,0,0,0,1000,"Mapped, On Network",-81.312516524900005,28.539622075000000,662457.400444000028074,506584.260211999993771,5/28/2019 3:31:42 PM,6256_8188
2636,2637,1,2636,9505,88911680,2019-00081995,Orlando PD,Long,3/2/2019 0:00:00,02:58 AM,Orlando,Orange,WBO 408,ROSALIND AVE,0, ,Rear End,2,0,0,1,N,N,N,22000.000000000000000,Clear,Dark - Lighted,0,Rear End,W,Injury,Y,Front to Rear,Motor Vehicle in Transport,On Roadway,Entrance/Exit Ramp,N,Other,Interstate,Paved,Dry,None, , ,None, , ,N,N, , , , ,0,0,1,0,0,0,0,0,1,0,0,0,1.000000000000000,0.000000000000000,0,0,0,22000,"Mapped, On Network",-81.366015626800007,28.537319063700000,657238.987985000014305,506215.823511000024155,5/30/2019 2:15:37 PM,8313_6737
2637,2638,1,2637,9509,88064855,FHPD19OFF018614,FHP,Long,2/28/2019 0:00:00,07:38 AM,Orlando Expwy Auth,Orange,STATE ROAD 408 WB MM18,STATE ROAD 417,5280,West,Rear End,3,0,0,0,N,N,N,8000.000000000000000,Clear,Daylight,0,Rear End,W,Property Damage Only,Y,Front to Rear,Motor Vehicle in Transport,On Roadway,Non-Junction,N,Not at Intersection,Turnpike/Toll,Paved,Dry,None, , ,None, , ,N,N, , , , ,0,0,0,0,0,0,0,0,0,0,0,0,0.000000000000000,0.000000000000000,0,2,0,8000,"Mapped, On Network",-81.266929920099997,28.547450778999998,666889.359631999977864,507551.317321999988053,3/19/2019 12:33:15 PM,6971_6258
2638,2639,1,2638,9510,88090932,FHPD19OFF017813,FHP,Long,2/25/2019 0:00:00,09:24 PM,Orlando,Orange,STATE ROAD 417 (CENTRAL FLORIDA GREENWAY),MILE MARKER 34,30,South,Off Road,1,0,0,1,N,N,N,3200.000000000000000,Clear,Dark - Lighted,0,Off Road,S,Injury,N,Other,Concrete Traffic Barrier,On Roadway,Non-Junction,N,Not at Intersection,State,Paved,Dry,None, , ,None, , ,N,Y,Work on Shoulder or Median,Activity Area,Y,N,0,0,0,0,0,0,0,1,0,0,0,0,0.000000000000000,0.000000000000000,0,0,3200,0,"Mapped, On Network",-81.256796935200001,28.607308660099999,667730.835005000000820,514219.192243999976199,5/28/2019 1:27:07 PM,6052_8088
2639,2640,1,2639,9530,88049570,FHPD19OFF021458,FHP,Long,3/8/2019 0:00:00,02:45 PM,Orlando Expwy Auth,Orange,SR-408 (MM16),GOLDENROD ROAD,60,West,Unknown,2,0,0,0,N,N,N,1400.000000000000000,Clear,Daylight,0,Unknown, ,Property Damage Only,N,Angle,Motor Vehicle in Transport,On Roadway,Non-Junction,N,Not at Intersection,Turnpike/Toll,Paved,Dry,None, , ,None, , ,N,N, , , , ,0,0,0,0,0,0,0,0,0,0,0,0,0.000000000000000,0.000000000000000,0,1,0,1400,"Mapped, On Network",-81.290975070700000,28.539559563099999,664560.936352999997325,506623.351237999973819,6/18/2019 2:58:36 PM,6881_8431
2640,2641,1,2640,9531,88049571,FHPD19OFF021526,FHP,Long,3/8/2019 0:00:00,04:26 PM,Orlando Expwy Auth,Orange,SR-417 (MM36),UNVERSITY BLVD,0,South,Rear End,2,0,0,1,N,N,N,3800.000000000000000,Clear,Daylight,0,Rear End,N,Injury,N,Front to Rear,Motor Vehicle in Transport,On Roadway,Non-Junction,N,Not at Intersection,Turnpike/Toll,Paved,Dry,None, , ,None, , ,N,Y,Work on Shoulder or Median,Activity Area,N,N,0,0,0,0,0,0,0,0,1,0,0,0,0.000000000000000,0.000000000000000,0,1,0,3800,"Mapped, On Network",-81.259907111000004,28.581850204100000,667490.156831000000238,511385.843544000003021,6/18/2019 2:59:04 PM,6046_6317
2641,2642,1,2641,9561,88064859,FHPD19OFF021267,FHP,Short,3/8/2019 0:00:00,07:26 AM,Orlando Expwy Auth,Orange,STATE ROAD 417 NB MM34,STATE ROAD 408,100,North,Sideswipe,2,0,0,0,N,N,N,110.000000000000000,Clear,Daylight,0,Same Direction Sideswipe,N,Property Damage Only,Y,"Sideswipe, Same Direction",Motor Vehicle in Transport,On Roadway,Non-Junction,N,Not at Intersection,Turnpike/Toll,Paved,Dry,None, , ,None, , ,N,N, , , , ,0,0,1,0,0,0,0,0,0,0,0,0,0.000000000000000,0.000000000000000,0,1,0,110,"Mapped, On Network",-81.258416440000005,28.547973569000000,667719.289289999986067,507627.816249999974389,6/18/2019 2:59:37 PM,11876_8570
2642,2643,1,2642,9563,88083230,FHPD19OFF021564,FHP,Short,3/8/2019 0:00:00,05:41 PM,Orlando Expwy Auth,Orange,SR408,18MM,0, ,Sideswipe,2,0,0,0,N,N,N,1000.000000000000000,Clear,Daylight,0,Same Direction Sideswipe,E,Property Damage Only,N,"Sideswipe, Same Direction",Motor Vehicle in Transport,On Roadway,Non-Junction,N,Not at Intersection,Turnpike/Toll,Paved,Dry,None, , ,None, , ,N,N, , , , ,0,0,0,0,0,0,0,0,0,0,0,0,0.000000000000000,0.000000000000000,0,1,0,1000,"Mapped, Not On Network",-81.252830000000003,28.547320049400000,668266.339167000027373,507567.397804000007454,6/18/2019 3:00:23 PM,8027_6269
2643,2644,1,2643,9580,88911562,2019-00073459,Orlando PD,Long,2/23/2019 0:00:00,08:10 PM,Orlando,Orange,EW EBO,I4 WBO,0,East,Rear End,2,0,0,0,N,N,N,4500.000000000000000,Clear,Dark - Lighted,0,Rear End,E,Property Damage Only,Y,Front to Rear,Motor Vehicle in Transport,On Roadway,Entrance/Exit Ramp,Y,Not at Intersection,Turnpike/Toll,Paved,Dry,None, , ,None, , ,N,N, , , , ,0,0,1,0,0,0,0,0,0,0,0,0,0.000000000000000,0.000000000000000,0,1,0,4500,"Mapped, On Network",-81.383101548699997,28.535263061599998,655575.446876000030898,505952.017422000004444,5/23/2019 3:25:51 PM,8274_8272
2644,2645,1,2644,9593,88027260,FHPD19OFF018648,FHP,Long,2/28/2019 0:00:00,09:25 AM,Orlando Expwy Auth,Orange,SR-408,DORSCHER ROAD,500,West,Rear End,2,0,0,0,N,Y,N,2500.000000000000000,Clear,Daylight,0,Rear End,E,Property Damage Only,N,Front to Rear,Motor Vehicle in Transport,On Roadway,Non-Junction,N,Not at Intersection,Turnpike/Toll,Paved,Dry,None, , ,None, , ,N,N, , , , ,0,0,0,0,0,0,0,0,0,0,0,0,0.000000000000000,0.000000000000000,0,1,0,2500,"Mapped, On Network",-81.427040000000005,28.545779861000000,651260.524652000050992,507029.415078999998514,5/28/2019 11:43:02 AM,6014_8237
2645,2646,1,2645,9603,88008582,FHPD19OFF018145,FHP,Long,2/26/2019 0:00:00,08:10 PM,Orlando Expwy Auth,Orange,SR-408,SR-417,80,South,Off Road,1,0,0,1,N,N,N,2100.000000000000000,Rain,Dark - Lighted,0,Off Road,N,Injury,N,Other,Concrete Traffic Barrier,Shoulder,Entrance/Exit Ramp,N,Not at Intersection,Turnpike/Toll,Paved,Wet,None, , ,Weather Conditions, , ,N,N, , , , ,0,0,0,0,0,0,0,0,1,0,0,0,0.000000000000000,0.000000000000000,0,0,0,2100,"Mapped, Not On Network",-81.258099999500004,28.547300024900000,667751.848099999944679,507553.720800000010058,5/28/2019 11:43:18 AM,8033_8027
2646,2647,1,2646,9604,88008581,FHPD19OFF018121,FHP,Long,2/26/2019 0:00:00,07:14 PM,Orlando Expwy Auth,Orange,SR-408,SR-417,60,South,Off Road,1,0,0,0,N,N,N,3400.000000000000000,Rain,Dark - Lighted,0,Off Road,N,Property Damage Only,N,Other,Concrete Traffic Barrier,Shoulder,Entrance/Exit Ramp,N,Not at Intersection,State,Paved,Wet,None, , ,Weather Conditions, , ,N,N, , , , ,0,0,0,0,0,0,0,0,0,0,0,0,0.000000000000000,0.000000000000000,0,0,0,3400,"Mapped, Not On Network",-81.258099999500004,28.547300024900000,667751.848099999944679,507553.720800000010058,5/28/2019 1:32:34 PM,8033_8027
2647,2648,1,2647,9622,88911366,2019-00064743,Orlando PD,Short,2/17/2019 0:00:00,01:34 PM,Orlando,Orange,SR 408,S ORANGE AVE,0, ,Rear End,2,0,0,0,N,N,N,1000.000000000000000,Clear,Daylight,0,Rear End,W,Property Damage Only,Y,Front to Rear,Motor Vehicle in Transport,On Roadway,Non-Junction,N,Not at Intersection,State,Paved,Dry,None, , ,None, , ,N,N, , , , ,0,0,0,0,0,0,0,0,0,0,0,0,0.000000000000000,0.000000000000000,0,0,0,1000,"Mapped, On Network",-81.378464027400000,28.535856781100001,656026.893612000043504,506027.558589999971446,6/18/2019 3:02:37 PM,6737_6230
2648,2649,1,2648,9636,88912213,2019-00084546,Orlando PD,Long,3/4/2019 0:00:00,07:58 AM,Orlando,Orange,WESTBOUND - S.R. 528 / BEE LINE EXPRESSWAY,S.R. 436 / S. SEMORAN BLVD.,2000,East,Rear End,2,0,0,0,N,N,N,7000.000000000000000,Clear,Daylight,0,Rear End,E,Property Damage Only,Y,Front to Rear,Motor Vehicle in Transport,On Roadway,Non-Junction,N,Not at Intersection,State,Paved,Dry,None, , ,None, , ,N,N, , , , ,0,0,0,0,0,0,0,0,0,0,0,0,0.000000000000000,0.000000000000000,0,0,0,7000,"Mapped, On Network",-81.291050589299999,28.450120233400000,664771.746655000024475,496692.794759000011254,5/29/2019 2:21:50 PM,8183_6664
2649,2650,1,2649,9651,88063638,FHPK19OFF012968,FHP,Long,3/6/2019 0:00:00,05:45 PM,Winter Garden,Orange,STATE ROAD 429 (WESTERN BELTWAY),MILE MARKER 20 (DANIELS RD),5280,East,Rear End,2,0,0,0,N,N,N,4000.000000000000000,Clear,Daylight,0,Rear End,N,Property Damage Only,N,Front to Rear,Motor Vehicle in Transport,On Roadway,Non-Junction,N,Not at Intersection,Turnpike/Toll,Paved,Dry,None, , ,None, , ,N,N, , , , ,0,0,2,0,0,0,0,0,0,0,0,0,0.000000000000000,0.000000000000000,0,1,0,4000,"Mapped, On Network",-81.578512741799997,28.522591649999999,636521.090662000002339,504155.172600999998394,6/3/2019 10:44:56 AM,8462_6231
2650,2651,1,2650,9661,88081579,FHPD19OFF012277,FHP,Long,2/8/2019 0:00:00,10:20 PM,Unincorporated,Orange,STATE ROAD-528,MILE MARKER 30,5280,West,Off Road,1,0,0,0,N,N,N,8950.000000000000000,Clear,Dark - Not Lighted,0,Off Road,W,Property Damage Only,N,Other,Guardrail Face,Off Roadway,Non-Junction,N,Not at Intersection,State,Unpaved,Dry,None, , ,None, , ,N,N, , , , ,0,0,0,0,0,0,0,0,0,0,0,0,0.000000000000000,0.000000000000000,0,0,450,8500,"Mapped, On Network",-81.012801353399993,28.452540070300000,691956.146080999984406,497589.568136000016239,6/3/2019 1:16:27 PM,8091_5943
2651,2652,1,2651,9718,88911712,2019-00068364,Orlando PD,Long,2/20/2019 0:00:00,07:44 AM,Orlando,Orange,SR 408 WBO,S CRYSTAL LAKE ADR EXIT FROM SR 408 WBO,1000,East,Rear End,2,0,0,0,N,N,N,8000.000000000000000,Clear,Daylight,0,Rear End,W,Property Damage Only,Y,Front to Rear,Motor Vehicle in Transport,On Roadway,Non-Junction,N,Not at Intersection,State,Paved,Dry,None, , ,None, , ,N,N, , , , ,0,0,0,0,0,0,0,0,0,0,0,0,0.000000000000000,0.000000000000000,0,1,0,8000,"Mapped, On Network",-81.336776338299998,28.538519824700000,660091.220805000048131,506410.476824000012130,5/23/2019 10:00:41 AM,6177_8353
2652,2653,1,2652,9723,84894171,FHPD19OFF020925,FHP,Long,3/7/2019 0:00:00,08:50 AM,Unincorporated,Orange,SR528 WB 26.5MM,SR520,26400,West,Rear End,2,0,0,2,N,N,N,3300.000000000000000,Clear,Daylight,0,Rear End,W,Injury,N,Front to Rear,Motor Vehicle in Transport,On Roadway,Non-Junction,N,Not at Intersection,Interstate,Unpaved,Dry,None, , ,None, , ,N,N, , , , ,0,0,0,0,0,0,0,2,0,0,0,0,0.000000000000000,0.000000000000000,0,1,0,3300,"Mapped, On Network",-81.053777451299993,28.452203699100000,687952.975566999986768,497455.873887000023387,6/3/2019 10:58:12 AM,6937_6322
2653,2654,1,2653,9738,88090921,FHPD19OFF016563,FHP,Long,2/22/2019 0:00:00,03:17 AM,Orlando,Orange,STATE ROAD 528 (EAST EXPRESS WAY),MILE MARKER 24,30,West,Off Road,1,0,0,0,N,N,N,2000.000000000000000,Cloudy,Dark - Lighted,0,Off Road,E,Property Damage Only,N,Other,Ditch,Off Roadway,Non-Junction,N,Not at Intersection,State,Paved,Wet,None, , ,None, , ,N,N, , , , ,0,0,0,0,0,0,0,0,0,0,0,0,0.000000000000000,0.000000000000000,0,0,0,2000,"Mapped, On Network",-81.092047515999994,28.451560049099999,684214.983352000010200,497295.627709000022151,6/3/2019 1:17:37 PM,8109_6321
2654,2655,1,2654,9748,87252474,FHPD19OFF016588,FHP,Short,2/22/2019 0:00:00,07:25 AM,Orlando Expwy Auth,Orange,STATE ROAD 408 (EAST WEST EXPRESSWAY),STATE ROAD 551 (GOLDENROD ROAD),500,West,Rear End,2,0,0,0,N,N,N,4000.000000000000000,Clear,Daylight,0,Rear End,W,Property Damage Only,Y,Front to Rear,Motor Vehicle in Transport,On Roadway,Non-Junction,Y,Not at Intersection,State,Paved,Dry,None, , ,None, , ,N,N, , , , ,0,0,0,0,0,0,0,0,0,0,0,0,0.000000000000000,0.000000000000000,0,2,0,4000,"Mapped, On Network",-81.292121516199998,28.539736426200001,664448.562236999976449,506640.529104000015650,6/3/2019 1:11:37 PM,8427_6883
2655,2656,1,2655,9870,88064857,FHPD19OFF020288,FHP,Short,3/5/2019 0:00:00,10:21 AM,Orlando Expwy Auth,Orange,STATE ROAD 417 NB MM34,STATE ROAD 50,5280,South,Off Road,1,0,0,0,N,N,N,3090.000000000000000,Rain,Daylight,0,Off Road,N,Property Damage Only,Y,Other,Guardrail Face,Shoulder,Non-Junction,N,Not at Intersection,Turnpike/Toll,Paved,Wet,Road Surface Condition, , ,None, , ,N,N, , , , ,0,0,0,0,0,0,0,0,0,0,0,0,0.000000000000000,0.000000000000000,0,0,90,3000,"Mapped, On Network",-81.268114203500005,28.560163575299999,666742.456236000056379,508960.237329999974463,6/3/2019 10:00:20 AM,6966_8451
2656,2657,1,2656,9874,88064848,FHPD19OFF016383,FHP,Long,2/21/2019 0:00:00,04:06 PM,Orlando Expwy Auth,Orange,STATE ROAD 417 NB MM36,UNIVERSITY BLVD,5280,South,Rear End,2,0,0,0,N,N,N,4000.000000000000000,Cloudy,Daylight,0,Rear End,N,Property Damage Only,Y,Front to Rear,Motor Vehicle in Transport,On Roadway,Non-Junction,N,Not at Intersection,Turnpike/Toll,Curb,Dry,None, , ,None, , ,N,Y,Work on Shoulder or Median,Activity Area,N,N,0,0,0,0,0,0,0,0,0,0,0,0,0.000000000000000,0.000000000000000,0,0,0,4000,"Mapped, On Network",-81.258437127500002,28.583707813600000,667629.048116000019945,511595.279769000015222,5/23/2019 1:05:06 PM,6046_6317