FID,OBJECTID_1,Join_Count,TARGET_FID,OBJECTID,HSMV_Repor,Agency_Rep,Reporting_,Form_Type,Crash_Date,Crash_Time,City,County,Crash_Stre,Intersecti,Offset_Dis,Offset_Dir,Crash_Type,Vehicles,Non_Motori,Fatalities,Injuries,Alcohol_Re,Distractio,Drug_Relat,Estimated_,Weather_Co,Light_Cond,Street_Num,Crash_Ty_1,Crash_Ty_2,Crash_Seve,Within_Cit,Manner_of_,First_Harm,First_HE_L,First_HE_R,First_HE_W,Type_of_In,Road_Sys_I,Type_of_Sh,Road_Surf_,Contrib_Ci,Contrib__1,Contrib__2,Contrib__3,Contrib__4,Contrib__5,School_Bus,Work_Zone_,Type_of_Wo,Loc_in_Wor,Workers_in,Law_Enforc,Mopeds,Motorcycle,Passengers,Bicyclists,Pedestrian,Fataliti_1,Injuries_U,Possible_I,Non_Incapa,Incapacita,Fataliti_2,Non_Traffi,Transporte,Transpor_1,Transpor_2,Citations,Property_D,Vehicle_Dm,S4_Mapping,S4_Decimal,S4_Decim_1,S4_Albers_,S4_Albers1,S4_Mappi_1,zone_id_st
2657,2658,1,2657,9915,88086815,FHPD19OFF013827,FHP,Long,2/13/2019 0:00:00,01:35 PM,Unincorporated,Orange,STATE ROAD 528,MILE MARKER 31,0, ,Sideswipe,2,0,0,0,N,Y,N,7100.000000000000000,Rain,Daylight,0,Same Direction Sideswipe,W,Property Damage Only,N,"Sideswipe, Same Direction",Motor Vehicle in Transport,On Roadway,Non-Junction,N,Not at Intersection,State,Unpaved,Wet,None, , ,None, , ,N,N, , , , ,0,0,3,0,0,0,0,0,0,0,0,0,0.000000000000000,0.000000000000000,0,1,100,7000,"Mapped, On Network",-80.977712628099994,28.452681861700000,695384.500907000037841,497688.873247999988962,6/3/2019 1:19:14 PM,6598_8091
2658,2659,1,2658,9952,88909384,2019-00085395,Orlando PD,Long,3/4/2019 0:00:00,07:55 PM,Orlando,Orange,SR 408 WESTBOUND,SR 436 (SOUTH SEMORAN BOULEVARD),300,West,Other,3,0,0,0,N,N,N,2000.000000000000000,Clear,Dark - Lighted,0,Other,W,Property Damage Only,Y,Other,Other Non-Fixed Object,On Roadway,Non-Junction,N,Not at Intersection,State,Paved,Dry,Obstruction in Roadway, , ,None, , ,N,N, , , , ,0,0,0,0,0,0,0,0,0,0,0,0,0.000000000000000,0.000000000000000,0,1,0,2000,"Mapped, On Network",-81.315361699799993,28.539775850900000,662179.215191000024788,506595.281529000028968,5/29/2019 2:26:41 PM,8188_6226
2659,2660,1,2659,9982,88075703,FHPD19OFF009450,FHP,Short,1/30/2019 0:00:00,05:25 PM,Orlando,Orange,STATE ROAD 417 (CENTRAL FLORIDA GREENWAY),MILE MARKER 34 (EAST COLONIAL DRIVE),300,North,Rear End,2,0,0,0,N,N,N,1200.000000000000000,Cloudy,Daylight,0,Rear End,N,Property Damage Only,N,Front to Rear,Motor Vehicle in Transport,On Roadway,Non-Junction,Y,Not at Intersection,State,Curb,Dry,None, , ,None, , ,N,N, , , , ,0,0,0,0,0,0,0,0,0,0,0,0,0.000000000000000,0.000000000000000,0,1,0,1200,"Mapped, On Network",-81.265677659600001,28.569476776399998,666957.390532999997959,509999.539485000015702,5/23/2019 10:14:26 AM,8451_2531
2660,2661,1,2660,9984,88911898,2019-00069031,Orlando PD,Short,2/20/2019 0:00:00,04:28 PM,Orlando,Orange,SR 408,N JOHN YOUNG PKWY,1500,East,Rear End,2,0,0,0,N,N,N,1000.000000000000000,Clear,Daylight,0,Rear End,E,Property Damage Only,Y,Front to Rear,Motor Vehicle in Transport,On Roadway,Non-Junction,N,Not at Intersection,State,Paved,Dry,None, , ,None, , ,N,N, , , , ,0,0,0,0,0,0,0,0,0,0,0,0,0.000000000000000,0.000000000000000,0,0,0,1000,"Mapped, On Network",-81.406948211699998,28.537501391100001,653241.616551000042818,506151.343883000023197,5/23/2019 10:02:23 AM,8252_8244
2661,2662,1,2661,10000,88077659,FHPD19OFF020103,FHP,Long,3/4/2019 0:00:00,05:01 PM,Orlando Expwy Auth,Orange,STATE RD 408,STATE RD 434 ALAFAYA TRL,500,West,Rear End,2,0,0,1,N,N,N,6500.000000000000000,Clear,Daylight,0,Rear End,E,Injury,N,Front to Rear,Motor Vehicle in Transport,On Roadway,Non-Junction,N,Not at Intersection,Turnpike/Toll,Paved,Dry,None, , ,None, , ,N,Y,Work on Shoulder or Median,Activity Area,N,N,0,0,1,0,0,0,0,0,1,0,0,0,1.000000000000000,0.000000000000000,0,1,0,6500,"Mapped, On Network",-81.205512676599994,28.549495854500002,672880.705524999997579,507912.795069999992847,3/21/2019 2:02:53 PM,8041_6970
2662,2663,1,2662,10079,88037143,FHPD19OFF016771,FHP,Short,2/22/2019 0:00:00,03:13 PM,Orlando,Orange,STATE ROAD 528 WESTBOUND,STATE ROAD 417 RAMP,0, ,Sideswipe,2,0,0,0,N,Y,N,1000.000000000000000,Clear,Daylight,0,Same Direction Sideswipe,W,Property Damage Only,N,"Sideswipe, Same Direction",Motor Vehicle in Transport,On Roadway,Non-Junction,N,Not at Intersection,Turnpike/Toll,Paved,Dry,None, , ,None, , ,N,N, , , , ,0,0,0,0,0,0,0,0,0,0,0,0,0.000000000000000,0.000000000000000,0,1,0,1000,"Mapped, On Network",-81.214256733200003,28.451588584300001,672272.607899000053294,497023.045882000005804,5/23/2019 1:03:48 PM,6320_6667
2663,2664,1,2663,10080,88037140,FHPD19OFF015595,FHP,Long,2/19/2019 0:00:00,07:24 AM,Orlando,Orange,STATE ROAD 408 WESTBOUND,MILE MARKER 17,0, ,Rear End,3,0,0,0,N,Y,N,10100.000000000000000,Cloudy,Daylight,0,Rear End,W,Property Damage Only,N,Front to Rear,Motor Vehicle in Transport,On Roadway,Non-Junction,N,Not at Intersection,Turnpike/Toll,Paved,Dry,None, , ,None, , ,N,N, , , , ,0,0,0,0,0,0,0,0,0,0,0,0,0.000000000000000,0.000000000000000,0,1,0,10100,"Mapped, On Network",-81.275521351999998,28.545745209300001,666054.711619999958202,507343.384931000007782,5/23/2019 1:04:16 PM,6879_6918
2664,2665,1,2664,10187,88077661,FHPD19OFF020404,FHP,Short,3/5/2019 0:00:00,03:51 PM,Orlando Expwy Auth,Orange,STATE RD 417 EXIT RAMP,CURRY FORD RD,20,South,Rear End,2,0,0,0,N,N,N,3000.000000000000000,Clear,Daylight,0,Rear End,N,Property Damage Only,N,Front to Rear,Motor Vehicle in Transport,On Roadway,Entrance/Exit Ramp,N,Four-Way Intersection,Turnpike/Toll,Paved,Dry,None, , ,None, , ,N,N, , , , ,0,0,0,0,0,0,0,0,0,0,0,0,0.000000000000000,0.000000000000000,0,1,0,3000,"Mapped, Not On Network",-81.245019999500002,28.504170024200000,669135.924899999983609,502793.540199999988545,6/5/2019 11:23:26 AM,6965_8557
2665,2666,1,2665,10188,88083228,FHPD19OFF020447,FHP,Long,3/5/2019 0:00:00,06:15 PM,Orlando Expwy Auth,Orange,SR408,22MM,0, ,Rear End,2,0,0,0,N,N,N,500.000000000000000,Clear,Daylight,0,Rear End,E,Property Damage Only,N,Front to Rear,Motor Vehicle in Transport,On Roadway,Non-Junction,N,Not at Intersection,Turnpike/Toll,Paved,Dry,None, , ,None, , ,N,N, , , , ,0,0,0,0,0,0,0,0,0,0,0,0,0.000000000000000,0.000000000000000,0,0,0,500,"Mapped, On Network",-81.190913324400000,28.556318922999999,674288.821422999957576,508702.730532000015955,6/3/2019 9:58:21 AM,6970_8174
2666,2667,1,2666,10190,88027261,FHPD19OFF021132,FHP,Long,3/7/2019 0:00:00,05:35 PM,Orlando Expwy Auth,Orange,SR-417,RHODE ISLAND WOODS CIR,0, ,Rear End,3,0,0,4,N,N,N,20000.000000000000000,Clear,Daylight,0,Rear End,N,Injury,N,Front to Rear,Motor Vehicle in Transport,On Roadway,Crossover-Related,N,Not at Intersection,Turnpike/Toll,Paved,Dry,None, , ,None, , ,N,N, , , , ,0,0,1,0,0,0,0,4,0,0,0,0,0.000000000000000,0.000000000000000,0,1,0,20000,"Mapped, On Network",-81.346770163299993,28.368594964400000,659521.373549000010826,487522.560817999998108,3/19/2019 12:52:08 PM,7095_6630
2667,2668,1,2667,10209,88081871,FHPD19OFF014197,FHP,Long,2/14/2019 0:00:00,03:00 PM,Orlando,Orange,STATE ROAD 417,MILE MARKER 37,0,South,Off Road,1,0,0,0,N,N,N,500.000000000000000,Clear,Daylight,0,Off Road,N,Property Damage Only,N,Other,Guardrail Face,Shoulder,Non-Junction,N,Not at Intersection,Turnpike/Toll,Unpaved,Dry,None, , ,None, , ,N,N, , , , ,0,0,0,0,0,0,0,0,0,0,0,0,0.000000000000000,0.000000000000000,0,1,0,500,"Mapped, On Network",-81.256649999999993,28.607582607699999,667744.496436999994330,514249.927059000008740,6/18/2019 3:14:22 PM,5988_6758
2668,2669,1,2668,10210,88025011,FHPD19OFF020099,FHP,Long,3/4/2019 0:00:00,05:00 PM,Orlando,Orange,EAST-WEST EXPY,ALAFAYA TRAIL,0,West,Rear End,5,0,0,2,N,Y,N,11900.000000000000000,Clear,Daylight,0,Rear End,E,Injury,N,Front to Rear,Motor Vehicle in Transport,On Roadway,Non-Junction,N,Not at Intersection,County,Paved,Dry,None, , ,None, , ,N,N, , , , ,0,0,1,0,0,0,0,1,1,0,0,0,0.000000000000000,0.000000000000000,0,1,0,11900,"Mapped, On Network",-81.204848897399998,28.549641270599999,672945.146202999982052,507930.409259999985807,5/23/2019 11:02:04 AM,8041_6970
2669,2670,1,2669,10294,87236913,FHPK19OFF010289,FHP,Long,2/21/2019 0:00:00,07:43 AM,Winter Garden,Orange,STATE ROAD 429 (DANIEL WEBSTER WESTERN BTWY),STATE ROAD 91 (FLORIDA TURNPIKE),0,South,Rear End,2,0,0,0,N,N,N,2100.000000000000000,Cloudy,Daylight,0,Rear End,N,Property Damage Only,N,Front to Rear,Motor Vehicle in Transport,On Roadway,Entrance/Exit Ramp,Y,Not at Intersection,Turnpike/Toll,Paved,Dry,None, , ,None, , ,N,N, , , , ,0,0,0,0,0,0,0,0,0,0,0,0,0.000000000000000,0.000000000000000,0,1,0,2100,"Mapped, On Network",-81.556886058299995,28.537823325700000,638599.711281999945641,505888.074569999997038,6/4/2019 5:11:34 PM,8470_6274
2670,2671,1,2670,10311,88911697,2019-00069706,Orlando PD,Long,2/21/2019 0:00:00,07:12 AM,Orlando,Orange,SR 528 WBO,EXIT RAMP TO SR 436 (S SEMORAN BLVD.),500,East,Rear End,2,0,0,2,N,N,N,3750.000000000000000,Clear,Daylight,0,Rear End,W,Injury,Y,Front to Rear,Motor Vehicle in Transport,On Roadway,Non-Junction,N,Not at Intersection,State,Paved,Dry,None, , ,None, , ,N,N, , , , ,0,0,0,0,0,0,0,2,0,0,0,0,0.000000000000000,0.000000000000000,0,0,0,3750,"Mapped, On Network",-81.297976582000004,28.451120788099999,664092.476498999982141,496789.034188000019640,5/22/2019 10:49:52 AM,8183_6664
2671,2672,1,2671,10312,88912130,2019-00069854,Orlando PD,Long,2/21/2019 0:00:00,08:35 AM,Orlando,Orange,SR 408,MILLS AVE,500,West,Rear End,2,0,0,0,N,N,N,1500.000000000000000,Clear,Daylight,0,Rear End,W,Property Damage Only,Y,Front to Rear,Motor Vehicle in Transport,On Roadway,Entrance/Exit Ramp,N,Not at Intersection,State,Paved,Dry,None, , ,None, , ,N,N, , , , ,0,0,0,0,0,0,0,0,0,0,0,0,0.000000000000000,0.000000000000000,0,0,0,1500,"Mapped, On Network",-81.365663830399996,28.537321266100001,657273.334521000040695,506216.801947999978438,6/4/2019 10:00:00 AM,8309_8313
2672,2673,1,2672,10316,88911779,2019-00069906,Orlando PD,Long,2/21/2019 0:00:00,09:17 AM,Orlando,Orange,SR408 EAST,I4 EAST (SR400),50,East,Rear End,3,0,0,2,N,N,N,5500.000000000000000,Clear,Daylight,0,Rear End,E,Injury,Y,Front to Rear,Motor Vehicle in Transport,On Roadway,Non-Junction,Y,Not at Intersection,State,Paved,Dry,None, , ,None, , ,N,N, , , , ,0,0,2,0,0,0,0,2,0,0,0,0,0.000000000000000,0.000000000000000,0,0,0,5500,"Mapped, On Network",-81.388526839500003,28.535137187099998,655045.969329999992624,505926.808920999988914,5/23/2019 9:31:09 AM,8267_6679
2673,2674,1,2673,10317,88911776,2019-00069794,Orlando PD,Long,2/21/2019 0:00:00,08:08 AM,Orlando,Orange,SR 528 WBO,ENTRANCE RAMP FROM SR 15 (NARCOOSSEE RD),250,West,Rear End,3,0,0,1,N,Y,N,0.000000000000000,Clear,Daylight,0,Rear End,W,Injury,Y,Front to Rear,Motor Vehicle in Transport,On Roadway,Non-Junction,N,Not at Intersection,State,Paved,Dry,None, , ,None, , ,N,N, , , , ,0,0,0,0,0,0,0,1,0,0,0,0,0.000000000000000,0.000000000000000,0,0,0,0,"Mapped, On Network",-81.271111993700003,28.448634091700001,666723.872972000041045,496570.757739999971818,5/23/2019 9:32:19 AM,8055_6665
2674,2675,1,2674,10376,88049569,FHPD19OFF021188,FHP,Long,3/7/2019 0:00:00,08:10 PM,Orlando Expwy Auth,Orange,SR-417 (MM27),LEE VISTA BLVD,30,South,Other,2,0,0,0,N,N,N,3500.000000000000000,Clear,Dark - Lighted,0,Other,S,Property Damage Only,N,Other,Cargo/Equipment Loss or Shift,On Roadway,Non-Junction,N,Not at Intersection,Turnpike/Toll,Paved,Dry,None, , ,None, , ,N,N, , , , ,0,0,0,0,0,0,0,0,0,0,0,0,0.000000000000000,0.000000000000000,0,0,0,3500,"Mapped, On Network",-81.239537713600001,28.477359499999999,669738.050748000037856,499828.787644999974873,6/19/2019 9:54:37 AM,8383_8546
2675,2676,1,2675,10397,88913174,2019-00095103,Orlando PD,Short,3/11/2019 0:00:00,10:20 PM,Orlando,Orange,SR 408 (EW EBO),CONWAY RD,1500,East,Sideswipe,2,0,0,0,N,N,N,800.000000000000000,Clear,Dark - Lighted,0,Same Direction Sideswipe,E,Property Damage Only,Y,"Sideswipe, Same Direction",Motor Vehicle in Transport,On Roadway,Non-Junction,N,Not at Intersection,State,Unpaved,Dry,Work Zone, , ,None, , ,N,Y,Lane Closure,Transition Area,N,Y,0,0,0,0,0,0,0,0,0,0,0,0,0.000000000000000,0.000000000000000,0,0,0,800,"Mapped, On Network",-81.328040305499997,28.538495034200000,660944.310736999963410,506426.180331000010483,6/11/2019 3:22:48 PM,8355_8348
2676,2677,1,2676,10399,88081002,FHPD19OFF022315,FHP,Short,3/11/2019 0:00:00,08:10 AM,Orlando Expwy Auth,Orange,NB SR-417,SR-50,0,North,Rear End,2,0,0,0,N,N,N,600.000000000000000,Clear,Daylight,0,Rear End,N,Property Damage Only,Y,Front to Rear,Motor Vehicle in Transport,On Roadway,Non-Junction,N,Not at Intersection,Turnpike/Toll,Paved,Dry,None, , ,None, , ,N,N, , , , ,0,0,1,0,0,0,0,0,0,0,0,0,0.000000000000000,0.000000000000000,0,1,0,600,"Mapped, On Network",-81.262958678100006,28.578209842400000,667201.281812999979593,510975.045250000024680,5/29/2019 3:40:25 PM,2531_6046
2677,2678,1,2677,10423,88081001,FHPD19OFF021352,FHP,Long,3/8/2019 0:00:00,09:50 AM,Orlando Expwy Auth,Orange,NB SR-417,SR-423,0,South,Rear End,2,0,0,0,N,N,N,10000.000000000000000,Clear,Daylight,0,Rear End,N,Property Damage Only,Y,Front to Rear,Motor Vehicle in Transport,On Roadway,Non-Junction,N,Not at Intersection,Turnpike/Toll,Paved,Dry,None, , ,None, , ,N,N, , , , ,0,0,0,0,0,0,0,0,0,0,0,0,0.000000000000000,0.000000000000000,0,1,0,10000,"Mapped, On Network",-81.433035353999998,28.366359233899999,651089.891313000000082,487095.723133000021335,6/19/2019 9:53:23 AM,6959_8287
2678,2679,1,2678,10424,88081000,FHPD19OFF021298,FHP,Long,3/8/2019 0:00:00,08:15 AM,Orlando Expwy Auth,Orange,NB SR-417,SR-423,0,South,Off Road,2,0,0,0,N,N,N,12000.000000000000000,Clear,Daylight,0,Off Road,N,Property Damage Only,Y,Other,Guardrail Face,Shoulder,Non-Junction,N,Not at Intersection,Turnpike/Toll,Paved,Dry,None, , ,None, , ,N,N, , , , ,0,0,1,0,0,0,0,0,0,0,0,0,0.000000000000000,0.000000000000000,0,0,0,12000,"Mapped, On Network",-81.433058080799995,28.366321690700001,651087.755378999980167,487091.508336000028066,6/19/2019 9:53:46 AM,6959_8287
2679,2680,1,2679,10441,88090005,FHPD19OFF021796,FHP,Long,3/9/2019 0:00:00,12:14 PM,Orlando,Orange,STATE ROAD-528,MILE MARKER 31,0, ,Rear End,2,0,0,0,N,Y,N,2500.000000000000000,Clear,Daylight,0,Rear End,W,Property Damage Only,N,Front to Rear,Motor Vehicle in Transport,On Roadway,Non-Junction,N,Not at Intersection,State,Paved,Dry,None, , ,None, , ,N,N, , , , ,0,0,1,0,0,0,0,0,0,0,0,0,0.000000000000000,0.000000000000000,0,1,0,2500,"Mapped, On Network",-80.976754620799994,28.452684429600001,695478.106389999971725,497691.453489999985322,5/30/2019 3:45:13 PM,6598_8091
2680,2681,1,2680,10452,88912230,2019-00084815,Orlando PD,Short,3/4/2019 0:00:00,11:38 AM,Orlando,Orange,SR 408 W,I4 EBO EXIT RAMP (SR 400),100,West,Other,1,0,0,0,N,N,N,2000.000000000000000,Clear,Daylight,0,Single Vehicle,E,Property Damage Only,Y,Other,Other Non-Fixed Object,On Roadway,Non-Junction,N,Not at Intersection,State,Paved,Dry,Work Zone, , ,None, , ,N,Y,Work on Shoulder or Median,Activity Area,N,N,0,0,0,0,0,0,0,0,0,0,0,0,0.000000000000000,0.000000000000000,0,0,0,2000,"Mapped, On Network",-81.387682227499994,28.535298029800000,655128.066491000005044,505946.414599000010639,5/23/2019 11:26:58 AM,8272_8254
2681,2682,1,2681,10453,88912178,2019-00088541,Orlando PD,Long,3/7/2019 0:00:00,01:07 AM,Orlando,Orange,SR 408 WBO,S ORANGE BLOSSOM TRAIL,0,West,Other,1,0,0,0,N,N,N,3000.000000000000000,Clear,Dark - Unknown Lighting,0,Single Vehicle,W,Property Damage Only,Y,Other,Motor Vehicle in Transport,On Roadway,Entrance/Exit Ramp,N,Not at Intersection,State,Paved,Dry,None, , ,None, , ,N,N, , , , ,0,0,0,0,0,0,0,0,0,0,0,0,0.000000000000000,0.000000000000000,0,1,0,3000,"Mapped, On Network",-81.396092688400003,28.535273917300000,654306.850367999984883,505926.364767000020947,5/23/2019 1:54:39 PM,8254_8252
2682,2683,1,2682,10472,88077666,FHPD19OFF022732,FHP,Short,3/12/2019 0:00:00,12:53 PM,Orlando Expwy Auth,Orange,STATE RD 417,UNIVERSITY BLVD,5280,South,Sideswipe,2,0,0,0,N,N,N,5250.000000000000000,Cloudy,Daylight,0,Same Direction Sideswipe,S,Property Damage Only,N,"Sideswipe, Same Direction",Motor Vehicle in Transport,On Roadway,Non-Junction,N,Not at Intersection,Turnpike/Toll,Paved,Dry,None, , ,None, , ,N,Y,Work on Shoulder or Median,Activity Area,Y,N,0,0,1,0,0,0,0,0,0,0,0,0,0.000000000000000,0.000000000000000,0,1,750,4500,"Mapped, On Network",-81.252502525500006,28.591416696200000,668189.210198999964632,512464.074331999989226,5/29/2019 3:47:54 PM,8118_8456
2683,2684,1,2683,10473,88083232,FHPD19OFF022562,FHP,Short,3/11/2019 0:00:00,06:48 PM,Orlando Expwy Auth,Orange,SR417,22MM,0, ,Rear End,2,0,0,0,N,N,N,4000.000000000000000,Clear,Daylight,0,Rear End,S,Property Damage Only,N,Front to Rear,Motor Vehicle in Transport,On Roadway,Non-Junction,N,Not at Intersection,Turnpike/Toll,Paved,Dry,None, , ,None, , ,N,N, , , , ,0,0,0,0,0,0,0,0,0,0,0,0,0.000000000000000,0.000000000000000,0,1,0,4000,"Mapped, On Network",-81.233584764000000,28.406330049000001,670496.594152000034228,491955.525625000009313,5/29/2019 3:40:39 PM,8598_8531
2684,2685,1,2684,10477,88912124,2019-00088134,Orlando PD,Short,3/6/2019 0:00:00,05:40 PM,Orlando,Orange,SR 408 EBO,EXIT 80A (S OBT),0,East,Rear End,2,0,0,0,N,N,N,998.000000000000000,Clear,Daylight,0,Rear End,E,Property Damage Only,Y,Front to Rear,Motor Vehicle in Transport,On Roadway,Non-Junction,N,Not at Intersection,State,Paved,Dry,None, , ,None, , ,N,N, , , , ,0,0,1,0,0,0,0,0,0,0,0,0,0.000000000000000,0.000000000000000,0,0,0,998,"Mapped, On Network",-81.400386596199994,28.535081571700001,653888.004515000036918,505896.160534999973606,5/30/2019 9:28:24 AM,8169_8242
2685,2686,1,2685,10489,88090937,FHPD19OFF019278,FHP,Long,3/2/2019 0:00:00,12:29 AM,Orlando,Orange,STATE ROAD 408 (EAST WEST EXPRESS WAY),MILE MARKER 18,100,West,Rear End,2,0,0,4,N,N,N,1000.000000000000000,Clear,Dark - Lighted,0,Rear End,E,Injury,N,Front to Rear,Motor Vehicle in Transport,On Roadway,Non-Junction,N,Not at Intersection,Turnpike/Toll,Paved,Dry,None, , ,None, , ,N,N, , , , ,0,0,2,0,0,0,0,4,0,0,0,0,0.000000000000000,0.000000000000000,0,0,0,1000,"Mapped, On Network",-81.275856057499993,28.545349906399998,666023.001521000056528,507298.772867000021506,6/26/2019 10:26:46 AM,8412_7015
2686,2687,1,2686,10549,88097325,FHPD19OFF017405,FHP,Short,2/24/2019 0:00:00,03:28 PM,Orlando,Orange,STATE ROAD 528,EXIT 13,0, ,Other,1,0,0,0,N,N,N,6000.000000000000000,Clear,Daylight,0,Single Vehicle,E,Property Damage Only,N,Other,Other Non-Fixed Object,On Roadway,Non-Junction,N,Not at Intersection,County,Paved,Dry,None, , ,None, , ,N,N, , , , ,0,0,0,0,0,0,0,0,0,0,0,0,0.000000000000000,0.000000000000000,0,0,0,6000,"Mapped, On Network",-81.278439806199998,28.448449536300000,666008.215013999957591,496534.438192999979947,5/28/2019 3:15:11 PM,8176_6156
2687,2688,1,2687,10554,88086078,FHPD19OFF019244,FHP,Long,3/1/2019 0:00:00,09:30 PM,Orlando,Orange,SR 417 NB,MM 33,0, ,Off Road,1,0,0,0,N,N,N,4000.000000000000000,Clear,Dark - Lighted,0,Off Road,N,Property Damage Only,N,Other,Other Fixed Object,Off Roadway,Non-Junction,N,Not at Intersection,State,Paved,Dry,None, , ,None, , ,N,N, , , , ,0,0,1,0,0,0,0,0,0,0,0,0,0.000000000000000,0.000000000000000,0,0,0,4000,"Mapped, On Network",-81.253526066500001,28.543342491600001,668208.215669999946840,507124.262352999998257,6/7/2019 12:55:14 PM,6035_2529
2688,2689,1,2688,10571,88081003,FHPD19OFF022676,FHP,Short,3/12/2019 0:00:00,08:00 AM,Orlando Expwy Auth,Orange,WB SR-528,SR-15,0,East,Rear End,2,0,0,0,N,N,N,12000.000000000000000,Cloudy,Daylight,0,Rear End,W,Property Damage Only,Y,Front to Rear,Motor Vehicle in Transport,On Roadway,Non-Junction,N,Not at Intersection,Turnpike/Toll,Paved,Dry,None, , ,None, , ,N,N, , , , ,0,0,0,0,0,0,0,0,0,0,0,0,0.000000000000000,0.000000000000000,0,1,0,12000,"Mapped, On Network",-81.279972179400005,28.448433543699998,665858.502681000041775,496529.357904999982566,5/29/2019 3:46:29 PM,8176_6156
2689,2690,1,2689,10652,88911246,2019-00091732,Orlando PD,Short,3/9/2019 0:00:00,10:47 AM,Orlando,Orange,SR 408 EXIT RAMP,S CRYSTAL LAKE DR,0, ,Rear End,2,0,0,0,N,N,N,400.000000000000000,Clear,Daylight,0,Rear End,W,Property Damage Only,Y,Front to Rear,Motor Vehicle in Transport,On Roadway,Intersection,N,T-Intersection,State,Curb,Dry,None, , ,None, , ,N,N, , , , ,0,0,2,0,0,0,0,0,0,0,0,0,0.000000000000000,0.000000000000000,0,0,0,400,"Mapped, On Network",-81.343556270899995,28.538459763500001,659429.336796000017785,506389.526381000003312,6/16/2020 8:56:05 AM,8353_6185
2690,2691,1,2690,10674,88109091,FHPD19OFF022641,FHP,Long,3/12/2019 0:00:00,05:05 AM,Unincorporated,Orange,STATE ROAD 408,STATE ROAD 50 (COLONIAL DRIVE),10560,East,Rear End,2,0,0,2,N,Y,N,20000.000000000000000,Clear,Dark - Lighted,0,Rear End,W,Injury,N,Front to Rear,Motor Vehicle in Transport,On Roadway,Non-Junction,N,Not at Intersection,State,Paved,Dry,None, , ,None, , ,N,N, , , , ,0,0,1,0,0,0,0,0,2,0,0,0,2.000000000000000,0.000000000000000,0,1,0,20000,"Mapped, On Network",-81.501684194700005,28.546714216100000,643970.110610999981873,506983.273221999988891,5/30/2019 4:24:10 PM,8156_8150
2691,2692,1,2691,10785,88037144,FHPD19OFF016905,FHP,Short,2/22/2019 0:00:00,08:57 PM,Orlando,Orange,STATE ROAD 528 WESTBOUND,MILE MARKER 29,0, ,Rear End,2,0,0,0,N,Y,N,8000.000000000000000,Clear,Dark - Not Lighted,0,Rear End,W,Property Damage Only,N,Front to Rear,Motor Vehicle in Transport,On Roadway,Non-Junction,N,Not at Intersection,Turnpike/Toll,Paved,Dry,None, , ,None, , ,N,N, , , , ,0,0,0,0,0,0,0,0,0,0,0,0,0.000000000000000,0.000000000000000,0,1,0,8000,"Mapped, On Network",-81.010177556499997,28.452562683800000,692212.473768000025302,497598.293536000011954,6/19/2019 9:38:58 AM,8091_5943
2692,2693,1,2692,10790,88031061,FHPK19OFF010408,FHP,Long,2/21/2019 0:00:00,05:36 PM,Conway,Orange,SR 429 SB MM 20,DANIELS RD,5280,South,Rear End,2,0,0,0,N,N,N,2000.000000000000000,Clear,Daylight,0,Rear End,S,Property Damage Only,N,Front to Rear,Motor Vehicle in Transport,On Roadway,Non-Junction,N,Not at Intersection,Turnpike/Toll,Paved,Dry,None, , ,None, , ,N,N, , , , ,0,0,0,0,0,0,0,0,0,0,0,0,0.000000000000000,0.000000000000000,0,3,0,2000,"Mapped, Not On Network",-81.577780000000004,28.523110049400000,636591.521938999998383,504214.138490999990609,2/26/2019 4:05:30 PM,8462_6231
2693,2694,1,2693,10804,88077656,FHPD19OFF016780,FHP,Short,2/22/2019 0:00:00,03:34 PM,Orlando Expwy Auth,Orange,STATE RD 417,BOGGY CREEK RD,10560,South,Rear End,2,0,0,0,N,N,N,550.000000000000000,Clear,Daylight,0,Rear End,S,Property Damage Only,N,Front to Rear,Motor Vehicle in Transport,On Roadway,Non-Junction,N,Not at Intersection,Turnpike/Toll,Paved,Dry,None, , ,None, , ,N,N, , , , ,0,0,2,0,0,0,0,0,0,0,0,0,0.000000000000000,0.000000000000000,0,1,0,550,"Mapped, On Network",-81.328995686799999,28.367629712599999,661262.005879999953322,487452.920753000013065,6/19/2019 9:37:03 AM,6618_6299
2694,2695,1,2694,10805,88077655,FHPD19OFF016310,FHP,Long,2/21/2019 0:00:00,12:59 PM,Orlando,Orange,STATE RD 417,INTERNATIONAL DR,10560,North,Other,2,0,0,0,N,N,N,3000.000000000000000,Clear,Daylight,0,Backed Into,N,Property Damage Only,N,Front to Rear,Motor Vehicle in Transport,On Roadway,Non-Junction,N,Not at Intersection,Turnpike/Toll,Paved,Dry,None, , ,None, , ,N,N, , , , ,0,0,0,0,0,0,0,0,0,0,0,0,0.000000000000000,0.000000000000000,0,1,0,3000,"Mapped, Not On Network",-81.476280000100004,28.356580024700001,646882.699299999978393,485922.590800000005402,6/19/2019 9:38:01 AM,6071_8579