FID,OBJECTID_1,Join_Count,TARGET_FID,OBJECTID,HSMV_Repor,Agency_Rep,Reporting_,Form_Type,Crash_Date,Crash_Time,City,County,Crash_Stre,Intersecti,Offset_Dis,Offset_Dir,Crash_Type,Vehicles,Non_Motori,Fatalities,Injuries,Alcohol_Re,Distractio,Drug_Relat,Estimated_,Weather_Co,Light_Cond,Street_Num,Crash_Ty_1,Crash_Ty_2,Crash_Seve,Within_Cit,Manner_of_,First_Harm,First_HE_L,First_HE_R,First_HE_W,Type_of_In,Road_Sys_I,Type_of_Sh,Road_Surf_,Contrib_Ci,Contrib__1,Contrib__2,Contrib__3,Contrib__4,Contrib__5,School_Bus,Work_Zone_,Type_of_Wo,Loc_in_Wor,Workers_in,Law_Enforc,Mopeds,Motorcycle,Passengers,Bicyclists,Pedestrian,Fataliti_1,Injuries_U,Possible_I,Non_Incapa,Incapacita,Fataliti_2,Non_Traffi,Transporte,Transpor_1,Transpor_2,Citations,Property_D,Vehicle_Dm,S4_Mapping,S4_Decimal,S4_Decim_1,S4_Albers_,S4_Albers1,S4_Mappi_1,zone_id_st
2695,2696,1,2695,10809,88027521,FHPK19OFF010628,FHP,Long,2/22/2019 0:00:00,05:58 PM,Winter Garden,Orange,STATE ROAD 429,STATE ROAD 91 (FLORIDAS TURNPIKE),5280,South,Rear End,2,0,0,0,N,N,N,5000.000000000000000,Cloudy,Daylight,0,Rear End,S,Property Damage Only,N,Front to Rear,Motor Vehicle in Transport,On Roadway,Non-Junction,Y,Not at Intersection,Turnpike/Toll,Paved,Dry,None, , ,None, , ,N,N, , , , ,0,0,0,0,0,0,0,0,0,0,0,0,0.000000000000000,0.000000000000000,0,1,0,5000,"Mapped, On Network",-81.557078166200000,28.539889380399998,638576.406901999958791,506117.105358999979217,6/19/2019 9:39:42 AM,8524_6989
2696,2697,1,2696,10815,83702475,FHPD19OFF010181,FHP,Short,2/1/2019 0:00:00,09:30 PM,Orlando,Orange,EAST-WEST EXPY,SR 408,5280,East,Rear End,2,0,0,0,N,N,N,400.000000000000000,Clear,Dark - Lighted,0,Rear End,E,Property Damage Only,Y,Front to Rear,Motor Vehicle in Transport,On Roadway,Other,N,Not at Intersection,State,Paved,Dry,None, , ,Other,None, ,N,N, , , , ,0,0,1,0,0,0,0,0,0,0,0,0,0.000000000000000,0.000000000000000,0,0,0,400,"Mapped, On Network",-81.392523622400006,28.535099589800001,654655.775477000046521,505914.374399999971502,5/23/2019 10:20:39 AM,8248_8267
2697,2698,1,2697,10821,85460450,FHPD19OFF015324,FHP,Long,2/18/2019 0:00:00,09:08 AM,Orlando,Orange,SR-408 (EAST-WEST EXPRESSWAY),MILLS  AVENUE,0,East,Other,2,0,0,0,N,Y,N,900.000000000000000,Cloudy,Daylight,0,Parked Vehicle,E,Property Damage Only,Y,Front to Rear,Parked Motor Vehicle,Shoulder,Non-Junction,N,Not at Intersection,Turnpike/Toll,Paved,Dry,None, , ,None, , ,N,N, , , , ,0,1,0,0,0,0,0,0,0,0,0,0,0.000000000000000,0.000000000000000,0,1,0,900,"Mapped, On Network",-81.361018224700004,28.538002872700002,657725.342520999955013,506302.181799000012688,6/19/2019 9:43:57 AM,8309_8313
2698,2699,1,2698,10872,88082525,FHPK19OFF011855,FHP,Long,2/28/2019 0:00:00,09:30 PM,Winter Garden,Orange,STATE ROAD 429 (DANIEL WEBSTER BELTWAY) NB,NEW INDEPENDENCE PARKWAY,100,South,Off Road,1,0,0,0,N,N,N,7000.000000000000000,Clear,Dark - Lighted,0,Off Road,N,Property Damage Only,N,Other,Utility Pole/Light Support,Off Roadway,Entrance/Exit Ramp,N,Not at Intersection,Turnpike/Toll,Paved,Dry,None, , ,None, , ,N,N, , , , ,0,0,0,0,0,0,0,0,0,0,0,0,0.000000000000000,0.000000000000000,0,0,5000,2000,"Mapped, On Network",-81.631365071900007,28.479357482899999,631451.551060999976471,499254.371637000003830,5/28/2019 11:50:27 AM,8037_6764
2699,2700,1,2699,10873,88081581,FHPD19OFF012556,FHP,Long,2/10/2019 0:00:00,01:45 AM,Unincorporated,Orange,STATE ROAD-408 EAST-WEST EXPY,EB MILE MARKER 6,650,East,Off Road,1,0,0,0,N,N,N,1400.000000000000000,Rain,Dark - Lighted,0,Off Road,E,Property Damage Only,N,Other,Guardrail End,Separator,Non-Junction,N,Not at Intersection,State,Curb,Wet,None, , ,None, , ,N,N, , , , ,0,0,0,0,0,0,0,0,0,0,0,0,0.000000000000000,0.000000000000000,0,0,1400,0,"Mapped, On Network",-81.443065256699995,28.548243399899999,649690.142420000047423,507270.395806999993511,5/28/2019 10:29:35 AM,8205_6294
2700,2701,1,2700,10877,87285542,FHPK19OFF012063,FHP,Short,3/1/2019 0:00:00,07:45 PM,Winter Garden,Orange,STATE ROAD 429 (WESTERN BELTWAY),MILE MARKER 19,0, ,Other,1,0,0,0,N,N,N,2500.000000000000000,Clear,Dark - Lighted,0,Single Vehicle,S,Property Damage Only,N,Other,Other Non-Fixed Object,On Roadway,Non-Junction,N,Not at Intersection,State,Paved,Dry,None, , ,None, , ,N,N, , , , ,0,0,0,0,0,0,0,0,0,0,0,0,0.000000000000000,0.000000000000000,0,0,0,2500,"Mapped, On Network",-81.590824794400007,28.515680049299998,635333.647556000039913,503364.189298000012059,5/29/2019 11:49:28 AM,8494_8462
2701,2702,1,2701,10956,88049564,FHPD19OFF018448,FHP,Long,2/27/2019 0:00:00,05:29 PM,Orlando Expwy Auth,Orange,SR-417 (MM26),SR-528,100,North,Rear End,2,0,0,1,N,N,N,4700.000000000000000,Rain,Daylight,0,Rear End,S,Injury,N,Front to Rear,Motor Vehicle in Transport,On Roadway,Non-Junction,N,Not at Intersection,Turnpike/Toll,Paved,Wet,None, , ,Weather Conditions, , ,N,N, , , , ,0,0,1,0,0,0,0,1,0,0,0,0,1.000000000000000,0.000000000000000,0,1,0,4700,"Mapped, On Network",-81.232386826699994,28.461079732599998,670477.255030000000261,498036.933339999988675,5/28/2019 2:40:24 PM,6173_8544
2702,2703,1,2702,11005,88064856,FHPD19OFF018644,FHP,Long,2/28/2019 0:00:00,09:04 AM,Orlando Expwy Auth,Orange,STATE ROAD 417 SB MM34,UNIVERSITY BLVD,5280,South,Sideswipe,3,0,0,1,N,N,N,6350.000000000000000,Cloudy,Daylight,0,Same Direction Sideswipe,S,Injury,Y,"Sideswipe, Same Direction",Motor Vehicle in Transport,On Roadway,Non-Junction,N,Not at Intersection,Turnpike/Toll,Paved,Dry,None, , ,None, , ,N,N, , , , ,0,0,0,0,0,0,0,0,1,0,0,0,1.000000000000000,0.000000000000000,0,1,300,6050,"Mapped, On Network",-81.266798970400004,28.565354984399999,666858.077550000045449,509539.476767999993172,5/28/2019 4:20:17 PM,8451_2531
2703,2704,1,2703,11006,88027523,FHPK19OFF011831,FHP,Long,2/28/2019 0:00:00,07:52 PM,Winter Garden,Orange,STATE ROAD 429,STATE ROAD 91 (FLORIDAS TURNPIKE),750,South,Other,1,0,0,0,N,N,N,5000.000000000000000,Cloudy,Dark - Lighted,0,Single Vehicle,S,Property Damage Only,N,Other,Other Non-Collision,Shoulder,Entrance/Exit Ramp,Y,Not at Intersection,Turnpike/Toll,Paved,Dry,None, , ,None, , ,N,N, , , , ,0,0,0,0,0,0,0,0,0,0,0,0,0.000000000000000,0.000000000000000,0,0,5000,0,"Mapped, On Network",-81.557176072700003,28.542288624499999,638561.568617000011727,506383.313757999974769,6/3/2019 9:25:40 AM,8529_8524
2704,2705,1,2704,11017,88089914,FHPD19OFF019555,FHP,Long,3/2/2019 0:00:00,08:38 PM,Unincorporated,Orange,STATE ROAD 417 (CENTRAL FLORIDA GREENEWAY),STATE ROAD 552 (CURRY FORD ROAD),5280,North,Off Road,1,0,0,0,N,N,N,5000.000000000000000,Clear,Dark - Lighted,0,Off Road,S,Property Damage Only,N,Other,Guardrail Face,Off Roadway,Non-Junction,N,Not at Intersection,State,Paved,Dry,None, , ,None, , ,N,N, , , , ,0,0,0,0,0,0,0,0,0,0,0,0,0.000000000000000,0.000000000000000,0,1,2000,3000,"Mapped, On Network",-81.250880128600002,28.519022179000000,668526.771265999996103,504429.776208000024781,5/29/2019 12:01:07 PM,6968_8555
2705,2706,1,2705,11040,88910030,2019-00079419,Orlando PD,Long,2/28/2019 0:00:00,08:54 AM,Orlando,Orange,SR 408,TAMPA AVE,200,West,Rear End,4,0,0,0,N,N,N,68000.000000000000000,Clear,Daylight,0,Rear End,E,Property Damage Only,Y,Front to Rear,Motor Vehicle in Transport,On Roadway,Non-Junction,N,Not at Intersection,State,Paved,Dry,None,None,None,None,None,None,N,N, , , , ,0,0,0,0,0,0,0,0,0,0,0,0,0.000000000000000,0.000000000000000,0,0,0,68000,"Mapped, On Network",-81.408573133999994,28.538568983800001,653080.456007999950089,506266.544204999983776,5/28/2019 2:11:40 PM,8213_8169
2706,2707,1,2706,11048,88912243,2019-00079995,Orlando PD,Short,2/28/2019 0:00:00,04:45 PM,Orlando,Orange,SR 408 EBO,SR 408 EB EXIT RAMP TO I4 WBO,1000,West,Rear End,2,0,0,0,N,Y,N,2000.000000000000000,Cloudy,Daylight,0,Rear End,E,Property Damage Only,Y,Front to Rear,Motor Vehicle in Transport,On Roadway,Non-Junction,N,Not at Intersection,State,Paved,Dry,None, , ,None, , ,N,Y,Work on Shoulder or Median,Activity Area, ,N,0,0,0,0,0,0,0,0,0,0,0,0,0.000000000000000,0.000000000000000,0,0,0,2000,"Mapped, On Network",-81.398261199399997,28.535110608400000,654095.479933999944478,505903.762214999995194,5/28/2019 4:21:59 PM,8242_8248
2707,2708,1,2707,11067,85436019,FHPD19OFF020118,FHP,Long,3/4/2019 0:00:00,05:19 PM,Orlando,Orange,STATE ROAD 417(GREENEWAY EXPRESSWAY),24 MILE MARKER,5280,North,Rear End,3,0,0,0,N,N,N,5500.000000000000000,Clear,Daylight,0,Rear End,S,Property Damage Only,N,Front to Rear,Motor Vehicle in Transport,On Roadway,Non-Junction,N,Not at Intersection,Interstate,Paved,Dry,None, , ,None, , ,N,N, , , , ,0,0,2,0,0,0,0,0,0,0,0,0,0.000000000000000,0.000000000000000,0,0,0,5500,"Mapped, On Network",-81.229272097500001,28.434658006100001,670847.529280000017025,495110.205773000023328,6/3/2019 9:48:21 AM,7999_8391
2708,2709,1,2708,11078,88031064,FHPK19OFF012760,FHP,Short,3/5/2019 0:00:00,03:05 PM,Orlando Expwy Auth,Orange,SR 429 (WESTERN EXPRESSWAY),PLANT RD,0, ,Other,1,0,0,0,N,N,N,500.000000000000000,Clear,Daylight,0,Single Vehicle,N,Property Damage Only,N,Other,Other Non-Fixed Object,On Roadway,Non-Junction,N,Not at Intersection,Turnpike/Toll,Paved,Dry,None, , ,None, , ,N,N, , , , ,0,0,0,0,0,0,0,0,0,0,0,0,0.000000000000000,0.000000000000000,0,0,0,500,"Mapped, On Network",-81.559353485499997,28.555210239099999,638320.554233000031672,507813.842276000010315,6/3/2019 10:54:40 AM,8498_8500
2709,2710,1,2709,11085,88912629,2019-00088127,Orlando PD,Long,3/6/2019 0:00:00,05:40 PM,Orlando,Orange,SR 408 EBO,SR 527 (S ORANGE AV) EXIT RAMP,1000,West,Rear End,3,0,0,0,N,Y,N,15000.000000000000000,Clear,Dusk,0,Rear End,E,Property Damage Only,Y,Front to Rear,Motor Vehicle in Transport,On Roadway,Non-Junction,N,Not at Intersection,State,Paved,Dry,None, , ,None, , ,N,N, , , , ,0,0,1,0,0,0,0,0,0,0,0,0,0.000000000000000,0.000000000000000,0,2,0,15000,"Mapped, On Network",-81.402042942799994,28.535177214699999,653726.039672999992035,505903.370792999980040,5/30/2019 9:53:11 AM,8169_8242
2710,2711,1,2710,11094,88912175,2019-00088771,Orlando PD,Short,3/7/2019 0:00:00,07:51 AM,Orlando,Orange,SR408 EBO,EXIT RAMP TO TAMPA AVE,200,West,Rear End,2,0,0,0,N,N,N,3500.000000000000000,Clear,Daylight,0,Rear End,E,Property Damage Only,Y,Front to Rear,Motor Vehicle in Transport,On Roadway,Non-Junction,N,Not at Intersection,Interstate,Paved,Dry,None, , ,None, , ,N,N, , , , ,0,0,0,0,0,0,0,0,0,0,0,0,0.000000000000000,0.000000000000000,0,0,0,3500,"Mapped, On Network",-81.407951459100005,28.538070144399999,653142.324645000044256,506212.433423999988008,6/3/2019 10:38:38 AM,8213_8169
2711,2712,1,2711,11111,87221248,FHPK19OFF012301,FHP,Long,3/3/2019 0:00:00,03:00 AM,Winter Garden,Orange,STATE ROAD 429,WINTER GARDEN VINELAND ROAD,1000,South,Rear End,2,0,0,1,N,Y,N,5000.000000000000000,Clear,Dark - Lighted,0,Rear End,N,Injury,N,Front to Rear,Motor Vehicle in Transport,On Roadway,Non-Junction,N,Not at Intersection,Turnpike/Toll,Paved,Dry,None, , ,None, , ,N,N, , , , ,0,0,1,0,0,0,0,1,0,0,0,0,0.000000000000000,0.000000000000000,0,2,0,5000,"Mapped, On Network",-81.596365024199997,28.515060005500001,634793.876202999963425,503284.781926000025123,5/31/2019 10:34:30 AM,6858_8494
2712,2713,1,2712,11124,88083227,FHPD19OFF020102,FHP,Long,3/4/2019 0:00:00,05:02 PM,Orlando Expwy Auth,Orange,SR417,37MM,0, ,Rear End,2,0,0,1,N,N,N,7000.000000000000000,Clear,Daylight,0,Rear End,N,Injury,N,Front to Rear,Motor Vehicle in Transport,On Roadway,Non-Junction,N,Not at Intersection,Turnpike/Toll,Paved,Dry,None, , ,None, , ,N,N, , , , ,0,0,0,0,0,0,0,1,0,0,0,0,0.000000000000000,0.000000000000000,0,1,0,7000,"Mapped, On Network",-81.255097872700006,28.605741385500000,667900.506555999978445,514048.871332000009716,5/24/2019 10:40:27 AM,5988_6758
2713,2714,1,2713,11232,88910641,2019-00078654,Orlando PD,Long,2/27/2019 0:00:00,06:15 PM,Orlando,Orange,SR 408 EASTBOUND,US 17-92 (SR 600/S MILLS AV),5280,West,Sideswipe,2,0,0,0,N,N,N,2000.000000000000000,Rain,Dark - Lighted,0,Same Direction Sideswipe,E,Property Damage Only,Y,"Sideswipe, Same Direction",Motor Vehicle in Transport,On Roadway,Non-Junction,N,Not at Intersection,State,Paved,Wet,Road Surface Condition, , ,Weather Conditions, , ,N,Y,Intermittent or Moving Work,Activity Area,N,N,0,0,1,0,0,0,0,0,0,0,0,0,0.000000000000000,0.000000000000000,0,0,0,2000,"Mapped, On Network",-81.393783064900006,28.535110024900000,654532.767496000044048,505912.932779999973718,5/28/2019 2:37:44 PM,8248_8267
2714,2715,1,2714,11279,85507866,FHPD19OFF020573,FHP,Long,3/6/2019 0:00:00,07:55 AM,Unincorporated,Orange,STATE ROAD 417 MM24,DOWDEN ROAD,500,South,Rear End,3,0,0,0,N,Y,N,10000.000000000000000,Clear,Daylight,0,Rear End,N,Property Damage Only,N,Front to Rear,Motor Vehicle in Transport,On Roadway,Non-Junction,N,Not at Intersection,State,Paved,Dry,None, , ,None, , ,N,N, , , , ,0,0,0,0,0,0,0,0,0,0,0,0,0.000000000000000,0.000000000000000,0,1,0,10000,"Mapped, On Network",-81.227104451100004,28.417701299899999,671101.729702000040561,493232.290861000015866,5/30/2019 3:42:04 PM,8533_8540
2715,2716,1,2715,11299,88912096,2019-00076826,Orlando PD,Long,2/26/2019 0:00:00,11:32 AM,Orlando,Orange,SR 408 WEST,US 441 (S ORANGE BLOSSOM TL EXIT RAMP),100,West,Other,1,0,0,0,N,N,N,400.000000000000000,Cloudy,Daylight,0,Single Vehicle,W,Property Damage Only,Y,Other,Other Non-Fixed Object,On Roadway,Non-Junction,N,Not at Intersection,State,Paved,Dry,Obstruction in Roadway, , ,None, , ,N,Y,Work on Shoulder or Median,Activity Area,N,N,0,0,0,0,0,0,0,0,0,0,0,0,0.000000000000000,0.000000000000000,0,0,0,400,"Mapped, On Network",-81.400462132700000,28.535239765899998,653880.258111999952234,505913.569518000003882,5/23/2019 11:25:27 AM,8252_8244
2716,2717,1,2716,11519,88089904,FHPD19OFF018552,FHP,Long,2/27/2019 0:00:00,10:47 PM,Unincorporated,Orange,STATE ROAD 417 (CENTRAL FLORIDA GREENEWAY),SR-528 (BEACHLINE EXPRESSWAY),0,South,Off Road,1,0,0,1,N,N,N,5000.000000000000000,Cloudy,Dark - Lighted,0,Off Road,S,Injury,N,Other,Other Fixed Object,Off Roadway,Non-Junction,N,Not at Intersection,State,Paved,Wet,None, , ,None, , ,N,N, , , , ,0,0,1,0,0,0,0,0,1,0,0,0,1.000000000000000,0.000000000000000,0,0,0,5000,"Mapped, On Network",-81.230301022099994,28.448104527800002,670713.427604999975301,496600.893411999975797,5/28/2019 2:42:11 PM,7993_7091
2717,2718,1,2717,11554,87247732,FHPD19OFF018158,FHP,Short,2/26/2019 0:00:00,08:43 PM,Orlando,Orange,SR 417,S.R. 50 (COLONIAL DR),5280,South,Sideswipe,2,0,0,0,N,N,N,1000.000000000000000,Rain,Dark - Lighted,0,Same Direction Sideswipe,N,Property Damage Only,N,"Sideswipe, Same Direction",Motor Vehicle in Transport,On Roadway,Non-Junction,N,Not at Intersection,State,Paved,Wet,None, , ,Weather Conditions, , ,N,N, , , , ,0,0,2,0,0,0,0,0,0,0,0,0,0.000000000000000,0.000000000000000,0,0,0,1000,"Mapped, On Network",-81.268079274200005,28.559912606899999,666746.483604999957606,508932.448251000023447,5/28/2019 3:30:32 PM,6966_8451
2718,2719,1,2718,11605,88083262,FHPD19OFF034654,FHP,Long,4/17/2019 0:00:00,07:39 AM,Orlando Expwy Auth,Orange,SR528,24MM,0, ,Other,4,0,0,1,N,N,N,6500.000000000000000,Clear,Daylight,0,Other,W,Injury,N,Angle,Motor Vehicle in Transport,On Roadway,Non-Junction,N,Not at Intersection,Turnpike/Toll,Paved,Dry,None, , ,None, , ,N,N, , , , ,0,0,0,0,0,0,0,1,0,0,0,0,0.000000000000000,0.000000000000000,1,2,0,6500,"Mapped, On Network",-81.092627383500002,28.451751198600000,684157.818810999975540,497315.513848999980837,6/5/2019 2:48:23 PM,6322_8112
2719,2720,1,2719,11619,88913976,2019-00137532,Orlando PD,Short,4/12/2019 0:00:00,07:54 AM,Orlando,Orange,EW WBO (SR 408),ORANGE BLOSSOM TRL (SR 500),500,West,Other,1,0,0,0,N,N,N,500.000000000000000,Clear,Daylight,0,Single Vehicle,W,Property Damage Only,Y,Other,Motor Vehicle in Transport,On Roadway,Non-Junction,N,Not at Intersection,Local,Paved,Dry,None, , ,None, , ,N,N, , , , ,0,0,0,0,0,0,0,0,0,0,0,0,0.000000000000000,0.000000000000000,0,0,0,500,"Mapped, On Network",-81.396732540700000,28.535273068199999,654244.371390999993309,505924.951108000008389,6/12/2019 4:22:13 PM,8254_8252
2720,2721,1,2720,11636,85204383,FHPD19OFF023026,FHP,Long,3/13/2019 0:00:00,11:25 AM,Unincorporated,Orange,SR429 NB MM23,SR91 (FLORIDA TURNPIKE),1000,North,Rear End,4,0,0,3,N,N,N,15000.000000000000000,Clear,Daylight,0,Rear End,N,Injury,N,Front to Rear,Motor Vehicle in Transport,On Roadway,Intersection-Related,N,Not at Intersection,State,Paved,Dry,None, , ,None, , ,N,N, , , , ,0,0,1,0,0,0,0,1,2,0,0,0,2.000000000000000,0.000000000000000,0,3,0,15000,"Mapped, On Network",-81.558292416000000,28.549779207600000,638436.092336999950930,507212.864296999992803,5/30/2019 4:18:44 PM,8522_8498
2721,2722,1,2721,11659,88027264,FHPD19OFF026332,FHP,Long,3/23/2019 0:00:00,04:45 PM,Orlando Expwy Auth,Orange,SR-429,WEST ROAD,5280,North,Sideswipe,2,0,0,0,N,N,N,1000.000000000000000,Clear,Daylight,0,Same Direction Sideswipe,S,Property Damage Only,N,"Sideswipe, Same Direction",Motor Vehicle in Transport,On Roadway,Non-Junction,N,Not at Intersection,Turnpike/Toll,Paved,Dry,None, , ,None, , ,N,N, , , , ,0,0,1,0,0,0,0,0,0,0,0,0,0.000000000000000,0.000000000000000,0,1,0,1000,"Mapped, On Network",-81.549764743899999,28.599370969700001,639159.297188999946229,512735.735123999998905,6/18/2019 4:01:56 PM,8393_6248
2722,2723,1,2722,11660,88027263,FHPD19OFF025877,FHP,Long,3/22/2019 0:00:00,11:35 AM,Orlando Expwy Auth,Orange,SR-408,ALAFAYA TRAIL,500,West,Off Road,1,0,0,0,N,N,N,3500.000000000000000,Clear,Daylight,0,Off Road,E,Property Damage Only,N,Other,Other Traffic Barrier,On Roadway,Entrance/Exit Ramp,N,Not at Intersection,Turnpike/Toll,Paved,Dry,Work Zone, , ,None, , ,N,Y,Work on Shoulder or Median,Activity Area,Y,N,0,0,0,0,0,0,0,0,0,0,0,0,0.000000000000000,0.000000000000000,0,1,2500,1000,"Mapped, On Network",-81.208249500999997,28.548919900400001,672614.949212000006810,507842.795106999983545,6/12/2019 12:31:07 PM,8041_6970
2723,2724,1,2723,11679,88077675,FHPD19OFF027663,FHP,Long,3/27/2019 0:00:00,02:33 PM,Orlando Expwy Auth,Orange,STATE RD 417 EXIT RAMP,STATE RD 528,20,North,Other,1,0,0,1,N,N,N,5000.000000000000000,Severe Crosswinds,Daylight,0,Single Vehicle,S,Injury,N,Other,Other Non-Collision,On Roadway,Entrance/Exit Ramp,N,Not at Intersection,Turnpike/Toll,Paved,Dry,None, , ,Weather Conditions, , ,N,N, , , , ,0,1,0,0,0,0,0,0,1,0,0,0,1.000000000000000,0.000000000000000,0,0,0,5000,"Mapped, On Network",-81.229895040900004,28.441764736500001,670768.916813999996521,495897.887364000023808,6/20/2019 2:44:47 PM,7993_7091
2724,2725,1,2724,11685,88913119,2019-00105379,Orlando PD,Short,3/19/2019 0:00:00,08:25 AM,Orlando,Orange,SR 528 WBO,SR 436 (S SEMORAN BV EXIT RAMP),500,East,Rear End,2,0,0,0,N,N,N,4000.000000000000000,Rain,Daylight,0,Rear End,W,Property Damage Only,Y,Front to Rear,Motor Vehicle in Transport,On Roadway,Non-Junction,N,Not at Intersection,State,Paved,Wet,Road Surface Condition, , ,None, , ,N,N, , , , ,0,0,0,0,0,0,0,0,0,0,0,0,0.000000000000000,0.000000000000000,0,0,0,4000,"Mapped, On Network",-81.306539311600005,28.539639593299999,663040.994906999985687,506598.941058999975212,6/19/2019 10:43:41 AM,6883_8376
2725,2726,1,2725,11690,88049597,FHPD19OFF037959,FHP,Long,4/26/2019 0:00:00,08:50 PM,Orlando Expwy Auth,Orange,SR-417 (MM14),LANDSTAR BLVD,5280,North,Off Road,1,0,0,1,N,N,N,6000.000000000000000,Clear,Dark - Lighted,0,Off Road,S,Injury,N,Other,Traffic Sign Support,Shoulder,Non-Junction,N,Not at Intersection,Turnpike/Toll,Paved,Dry,None, , ,None, , ,N,N, , , , ,0,0,0,0,0,0,0,0,1,0,0,0,1.000000000000000,0.000000000000000,0,1,0,6000,"Mapped, On Network",-81.352020581500000,28.369216959500001,659006.408220999990590,487580.582832999993116,6/6/2019 1:49:01 PM,6700_8484
2726,2727,1,2726,11700,88113143,FHPD19OFF031233,FHP,Long,4/7/2019 0:00:00,03:20 AM,Unincorporated,Orange,STATE ROAD 408 EB,STATE ROAD 417,200,West,Rear End,2,0,0,1,N,N,N,2500.000000000000000,Clear,Dark - Lighted,0,Rear End,E,Injury,N,Front to Rear,Motor Vehicle in Transport,On Roadway,Non-Junction,N,Not at Intersection,State,Unpaved,Dry,None, , ,None, , ,N,N, , , , ,0,0,1,0,0,0,0,0,1,0,0,0,1.000000000000000,0.000000000000000,0,0,0,2500,"Mapped, On Network",-81.271545177600004,28.546805832000000,666440.329438999993727,507469.729387000028510,6/3/2019 2:37:32 PM,8412_7015
2727,2728,1,2727,11722,88127942,FHPD19OFF034957,FHP,Long,4/18/2019 0:00:00,04:01 AM,Orlando,Orange,SR417 NORTH,MM32,0, ,Rear End,2,0,0,0,N,N,N,1800.000000000000000,Clear,Dark - Lighted,0,Rear End,N,Property Damage Only,N,Angle,Motor Vehicle in Transport,On Roadway,Non-Junction,N,Not at Intersection,State,Paved,Dry,None, , ,None, , ,N,N, , , , ,0,0,0,0,0,0,0,0,0,0,0,0,0.000000000000000,0.000000000000000,0,0,0,1800,"Mapped, On Network",-81.255449999999996,28.545170049399999,668015.847234999993816,507322.989949000009801,6/3/2019 2:38:15 PM,2529_11876
2728,2729,1,2728,11759,88914757,2019-00132861,Orlando PD,Long,4/9/2019 0:00:00,02:18 AM,Orlando,Orange,SR 408,S. ORANGE BLOSSOM TRAIL,0,West,Off Road,1,0,0,0,N,N,N,25000.000000000000000,Clear,Dark - Lighted,0,Off Road,W,Property Damage Only,Y,Other,Impact Attenuator/Crash Cushion,On Roadway,Entrance/Exit Ramp,N,Not at Intersection,State,Paved,Dry,None, , ,None, , ,N,N, , , , ,0,0,0,0,0,0,0,0,0,0,0,0,0.000000000000000,0.000000000000000,0,0,15000,10000,"Mapped, On Network",-81.393914659999993,28.535083071599999,654519.980601000017487,505909.668508999980986,6/3/2019 2:41:33 PM,8248_8267
2729,2730,1,2729,11780,88124906,FHPD19OFF036606,FHP,Long,4/23/2019 0:00:00,08:20 AM,Orlando Expwy Auth,Orange,STATE ROAD 429 SB MM26,WEST RD,0,South,Rear End,2,0,0,0,N,N,N,4000.000000000000000,Clear,Daylight,0,Rear End,S,Property Damage Only,Y,Front to Rear,Motor Vehicle in Transport,On Roadway,Non-Junction,N,Not at Intersection,Turnpike/Toll,Paved,Dry,None, , ,None, , ,N,N, , , , ,0,0,0,0,0,0,0,0,0,0,0,0,0.000000000000000,0.000000000000000,0,1,0,4000,"Mapped, On Network",-81.549477864099998,28.599203604200000,639187.664220000035129,512717.708383999997750,6/20/2019 9:00:35 PM,6220_8389
2730,2731,1,2730,11859,88124003,FHPD19OFF036354,FHP,Long,4/22/2019 0:00:00,09:18 AM,Orlando Expwy Auth,Orange,STATE ROAD 417 SOTHBOUND,MILE MARKER 37,0, ,Off Road,1,0,0,0,N,N,N,9000.000000000000000,Clear,Daylight,0,Off Road,S,Property Damage Only,N,Other,Concrete Traffic Barrier,Off Roadway,Non-Junction,N,Not at Intersection,Turnpike/Toll,Unpaved,Dry,None, , ,None, , ,N,Y,Work on Shoulder or Median,Activity Area,N,N,0,0,0,0,0,0,0,0,0,0,0,0,0.000000000000000,0.000000000000000,0,0,0,9000,"Mapped, On Network",-81.256664231900004,28.607557555200000,667743.169559999951161,514247.114631999982521,6/20/2019 9:01:05 PM,5988_6758
2731,2732,1,2731,11896,88081006,FHPD19OFF026789,FHP,Short,3/25/2019 0:00:00,10:37 AM,Orlando Expwy Auth,Orange,EB SR-408 EXIT RAMP,SR-435,0, ,Rear End,2,0,0,0,N,N,N,7000.000000000000000,Cloudy,Daylight,0,Rear End,E,Property Damage Only,Y,Front to Rear,Motor Vehicle in Transport,On Roadway,Entrance/Exit Ramp,N,Four-Way Intersection,Turnpike/Toll,Paved,Dry,None, , ,None, , ,N,N, , , , ,0,0,0,0,0,0,0,0,0,0,0,0,0.000000000000000,0.000000000000000,0,1,0,7000,"Mapped, Not On Network",-81.462169999899999,28.550120025100000,647820.498999999952503,507440.222499999974389,6/12/2019 12:03:31 PM,6068_8208
2732,2733,1,2732,11897,88083244,FHPD19OFF026724,FHP,Short,3/25/2019 0:00:00,07:03 AM,Orlando Expwy Auth,Orange,SR429,27MM,0, ,Sideswipe,2,0,0,0,N,N,N,5000.000000000000000,Clear,Daylight,0,Same Direction Sideswipe,S,Property Damage Only,N,"Sideswipe, Same Direction",Motor Vehicle in Transport,On Roadway,Non-Junction,N,Not at Intersection,Turnpike/Toll,Paved,Dry,None, , ,None, , ,N,N, , , , ,0,0,0,0,0,0,0,0,0,0,0,0,0.000000000000000,0.000000000000000,0,1,0,5000,"Mapped, On Network",-81.536546833399996,28.619280807300001,640405.114173999987543,514972.089307999995071,6/12/2019 12:04:05 PM,8438_6296