FID,OBJECTID_1,Join_Count,TARGET_FID,OBJECTID,HSMV_Repor,Agency_Rep,Reporting_,Form_Type,Crash_Date,Crash_Time,City,County,Crash_Stre,Intersecti,Offset_Dis,Offset_Dir,Crash_Type,Vehicles,Non_Motori,Fatalities,Injuries,Alcohol_Re,Distractio,Drug_Relat,Estimated_,Weather_Co,Light_Cond,Street_Num,Crash_Ty_1,Crash_Ty_2,Crash_Seve,Within_Cit,Manner_of_,First_Harm,First_HE_L,First_HE_R,First_HE_W,Type_of_In,Road_Sys_I,Type_of_Sh,Road_Surf_,Contrib_Ci,Contrib__1,Contrib__2,Contrib__3,Contrib__4,Contrib__5,School_Bus,Work_Zone_,Type_of_Wo,Loc_in_Wor,Workers_in,Law_Enforc,Mopeds,Motorcycle,Passengers,Bicyclists,Pedestrian,Fataliti_1,Injuries_U,Possible_I,Non_Incapa,Incapacita,Fataliti_2,Non_Traffi,Transporte,Transpor_1,Transpor_2,Citations,Property_D,Vehicle_Dm,S4_Mapping,S4_Decimal,S4_Decim_1,S4_Albers_,S4_Albers1,S4_Mappi_1,zone_id_st
2733,2734,1,2733,11931,88913087,2019-00142969,Orlando PD,Long,4/16/2019 0:00:00,08:40 AM,Orlando,Orange,S.R. 528 / BEE LINE EXPRESSWAY- WEST,S.R. 551 / S. GOLDENROD RD- OVERPASS,300,West,Other,1,0,0,2,N,N,N,12000.000000000000000,Clear,Daylight,0,Single Vehicle,W,Injury,Y,Other,Motor Vehicle in Transport,On Roadway,Non-Junction,N,Not at Intersection,State,Paved,Dry,None, , ,None, , ,N,N, , , , ,0,0,1,0,0,0,0,0,2,0,0,0,1.000000000000000,0.000000000000000,0,0,0,12000,"Mapped, On Network",-81.287365633999997,28.540238142500002,664911.716250999947079,506706.442128999973647,6/18/2019 3:36:27 PM,8406_8427
2734,2735,1,2734,12000,88081015,FHPD19OFF033483,FHP,Short,4/13/2019 0:00:00,03:40 PM,Orlando Expwy Auth,Orange,WB SR-408,CR-431,5280,East,Other,2,0,0,0,N,N,N,2000.000000000000000,Cloudy,Daylight,0,Other,W,Property Damage Only,Y,Other,"Struck by Falling, Shifting Cargo",On Roadway,Non-Junction,N,Not at Intersection,Turnpike/Toll,Paved,Dry,None, , ,None, , ,N,N, , , , ,0,0,1,0,0,0,0,0,0,0,0,0,0.000000000000000,0.000000000000000,0,1,0,2000,"Mapped, On Network",-81.445812592600006,28.548369770499999,649421.606920000049286,507278.867101999989245,6/18/2019 3:32:02 PM,6994_8201
2735,2736,1,2735,12003,88913211,2019-00137236,Orlando PD,Long,4/12/2019 0:00:00,11:50 PM,Orlando,Orange,SR 408 (EW EBO),S BUMBY AVE,20,South,Rear End,2,0,0,0,N,N,N,1200.000000000000000,Clear,Dark - Lighted,0,Rear End,E,Property Damage Only,Y,Front to Rear,Motor Vehicle in Transport,On Roadway,Non-Junction,N,Not at Intersection,State,Paved,Dry,None, , ,None, , ,N,N, , , , ,0,0,0,0,0,0,0,0,0,0,0,0,0.000000000000000,0.000000000000000,0,0,0,1200,"Mapped, On Network",-81.352175011699998,28.538176191900000,658588.432909999974072,506339.938625000009779,6/5/2019 2:42:33 PM,8311_6252
2736,2737,1,2736,12004,88914362,2019-00142237,Orlando PD,Long,4/15/2019 0:00:00,06:10 PM,Orlando,Orange,SR 408/ EW EBO,CONWAY RD,100,West,Rear End,3,0,0,0,N,N,N,20000.000000000000000,Clear,Daylight,0,Rear End,E,Property Damage Only,Y,Front to Rear,Motor Vehicle in Transport,On Roadway,Non-Junction,N,Not at Intersection,State,Paved,Dry,None,None,None,None,None,None,N,N, , , , ,0,0,0,0,0,0,0,0,0,0,0,0,0.000000000000000,0.000000000000000,0,0,0,20000,"Mapped, On Network",-81.334979825800005,28.538224921499999,660267.349193000001833,506381.524161999986973,6/5/2019 2:43:33 PM,6227_8355
2737,2738,1,2737,12056,88064869,FHPD19OFF026318,FHP,Long,3/23/2019 0:00:00,04:23 PM,Orlando Expwy Auth,Orange,STATE ROAD 417 NB MM9,STATE ROAD 535,10560,North,Rear End,2,0,0,0,N,N,N,4000.000000000000000,Clear,Daylight,0,Rear End,N,Property Damage Only,Y,Front to Rear,Motor Vehicle in Transport,On Roadway,Non-Junction,N,Not at Intersection,Turnpike/Toll,Paved,Dry,None, , ,None, , ,N,N, , , , ,0,0,2,0,0,0,0,0,0,0,0,0,0.000000000000000,0.000000000000000,0,1,0,4000,"Mapped, On Network",-81.441217578000007,28.359961927899999,650304.396092999959365,486368.777881000016350,3/28/2019 4:39:49 PM,6959_8287
2738,2739,1,2738,12057,88064868,FHPD19OFF025940,FHP,Long,3/22/2019 0:00:00,02:18 PM,Orlando Expwy Auth,Orange,STATE ROAD 408 EB MM17,STATE ROAD 551,200,West,Sideswipe,3,0,0,0,N,N,N,6000.000000000000000,Clear,Daylight,0,Same Direction Sideswipe,E,Property Damage Only,Y,"Sideswipe, Same Direction",Motor Vehicle in Transport,On Roadway,Non-Junction,N,Not at Intersection,Turnpike/Toll,Paved,Dry,None, , ,None, , ,N,N, , , , ,0,0,0,0,0,0,0,0,0,0,0,0,0.000000000000000,0.000000000000000,0,1,0,6000,"Mapped, On Network",-81.290944838100003,28.539563297899999,664563.879248999990523,506623.830771000008099,3/28/2019 4:42:09 PM,6881_8431
2739,2740,1,2739,12066,88077694,FHPD19OFF034837,FHP,Short,4/17/2019 0:00:00,04:42 PM,Orlando Expwy Auth,Orange,STATE RD 417,UNIVERSITY BLVD,0,South,Sideswipe,2,0,0,0,N,N,N,3000.000000000000000,Clear,Daylight,0,Same Direction Sideswipe,N,Property Damage Only,N,"Sideswipe, Same Direction",Motor Vehicle in Transport,On Roadway,Non-Junction,N,Not at Intersection,Turnpike/Toll,Paved,Dry,None, , ,None, , ,N,Y,Work on Shoulder or Median,Activity Area,N,N,0,0,0,0,0,0,0,0,0,0,0,0,0.000000000000000,0.000000000000000,0,1,0,3000,"Mapped, On Network",-81.251485526899998,28.592205142899999,668286.513752000057139,512553.826047000009567,6/18/2019 3:39:03 PM,6318_8120
2740,2741,1,2740,12067,88077692,FHPD19OFF034520,FHP,Short,4/16/2019 0:00:00,06:17 PM,Orlando Expwy Auth,Orange,STATE RD 408,ORTMAN DR,200,East,Rear End,2,0,0,0,N,N,N,2000.000000000000000,Clear,Daylight,0,Rear End,W,Property Damage Only,N,Front to Rear,Motor Vehicle in Transport,On Roadway,Non-Junction,N,Not at Intersection,State,Paved,Dry,None, , ,None, , ,N,N, , , , ,0,0,0,0,0,0,0,0,0,0,0,0,0.000000000000000,0.000000000000000,0,1,0,2000,"Mapped, On Network",-81.426022361099996,28.545790024599999,651359.863447000039741,507032.617471000005025,6/18/2019 3:36:46 PM,8237_6011
2741,2742,1,2741,12068,88077691,FHPD19OFF034443,FHP,Long,4/16/2019 0:00:00,03:43 PM,Orlando Expwy Auth,Orange,STATE RD 417 EXIT RAMP,STATE RD 528,0,South,Rear End,2,0,0,1,N,N,N,2000.000000000000000,Clear,Daylight,0,Rear End,N,Injury,N,"Sideswipe, Same Direction",Motor Vehicle in Transport,On Roadway,Entrance/Exit Ramp,N,Not at Intersection,Turnpike/Toll,Paved,Dry,None, , ,None, , ,N,N, , , , ,0,1,1,0,0,0,0,0,0,1,0,0,1.000000000000000,0.000000000000000,0,1,0,2000,"Mapped, Not On Network",-81.229709999600004,28.438150024999999,670796.018599999952130,495496.957700000028126,6/18/2019 3:36:54 PM,7999_8391
2742,2743,1,2742,12114,88913905,2019-00133200,Orlando PD,Short,4/9/2019 0:00:00,09:22 AM,Orlando,Orange,SR 528 WBO,EXIT RAMP TO S SEMORAN BV,10,East,Rear End,2,0,0,0,N,N,N,500.000000000000000,Cloudy,Daylight,0,Rear End,W,Property Damage Only,Y,Front to Rear,Motor Vehicle in Transport,On Roadway,Non-Junction,N,Not at Intersection,State,Paved,Wet,None, , ,None, , ,N,N, , , , ,0,0,0,0,0,0,0,0,0,0,0,0,0.000000000000000,0.000000000000000,0,0,0,500,"Mapped, On Network",-81.299425640400003,28.451362029999999,663950.283263999968767,496812.716730999993160,6/18/2019 3:24:12 PM,8183_6664
2743,2744,1,2743,12153,88083252,FHPD19OFF027858,FHP,Long,3/28/2019 0:00:00,08:10 AM,Orlando Expwy Auth,Orange,SR408,18MM,0, ,Rear End,3,0,0,1,N,N,N,12000.000000000000000,Clear,Daylight,0,Rear End,W,Injury,N,Front to Rear,Motor Vehicle in Transport,On Roadway,Non-Junction,N,Not at Intersection,Turnpike/Toll,Paved,Dry,None, , ,None, , ,N,N, , , , ,0,0,0,0,0,0,0,1,0,0,0,0,0.000000000000000,0.000000000000000,0,1,0,12000,"Mapped, On Network",-81.252830000000003,28.547320049400000,668266.339167000027373,507567.397804000007454,6/20/2019 2:46:16 PM,8027_6269
2744,2745,1,2744,12154,88083251,FHPD19OFF027853,FHP,Short,3/28/2019 0:00:00,08:02 AM,Orlando Expwy Auth,Orange,SR408,5MM,0, ,Rear End,2,0,0,0,N,N,N,3000.000000000000000,Clear,Daylight,0,Rear End,E,Property Damage Only,N,Front to Rear,Motor Vehicle in Transport,On Roadway,Non-Junction,N,Not at Intersection,Turnpike/Toll,Paved,Dry,None, , ,None, , ,N,N, , , , ,0,0,0,0,0,0,0,0,0,0,0,0,0.000000000000000,0.000000000000000,0,1,0,3000,"Mapped, On Network",-81.457392491099995,28.548991465699999,648289.543354999972507,507324.526307999971323,6/19/2019 2:37:59 PM,8208_8205
2745,2746,1,2745,12155,88083250,FHPD19OFF027581,FHP,Long,3/27/2019 0:00:00,11:18 AM,Orlando Expwy Auth,Orange,SR408 EXIT RAMP,SR417,0, ,Off Road,1,0,0,0,N,N,N,3000.000000000000000,Rain,Daylight,0,Off Road,E,Property Damage Only,N,Other,Concrete Traffic Barrier,On Roadway,Non-Junction,N,Not at Intersection,Turnpike/Toll,Paved,Wet,None, , ,None, , ,N,N, , , , ,0,0,0,0,0,0,0,0,0,0,0,0,0.000000000000000,0.000000000000000,0,0,0,3000,"Mapped, Not On Network",-81.258099999500004,28.547300024900000,667751.848099999944679,507553.720800000010058,6/19/2019 2:38:12 PM,8033_8027
2746,2747,1,2746,12157,88064872,FHPD19OFF027237,FHP,Long,3/26/2019 0:00:00,02:42 PM,Orlando Expwy Auth,Orange,STATE ROAD 408 WB MM22,WOODBURY RD,0,West,Rear End,2,0,0,0,N,N,N,1500.000000000000000,Clear,Daylight,0,Rear End,W,Property Damage Only,Y,Front to Rear,Motor Vehicle in Transport,On Roadway,Non-Junction,N,Not at Intersection,Turnpike/Toll,Paved,Dry,None, , ,None, , ,N,N, , , , ,0,0,1,0,0,0,0,0,0,0,0,0,0.000000000000000,0.000000000000000,0,0,0,1500,"Mapped, On Network",-81.196070394200007,28.551796128300001,673796.774304999969900,508189.117688000027556,6/19/2019 2:43:31 PM,6921_8043
2747,2748,1,2747,12266,88093096,FHPD19OFF025417,FHP,Short,3/20/2019 0:00:00,07:40 PM,Kissimmee,Osceola,STATE ROAD 417,MILE MARKRE 8,25,East,Head On,3,0,0,0,N,N,N,2200.000000000000000,Clear,Dark - Not Lighted,0,Head On,W,Property Damage Only,N,Front to Front,Motor Vehicle in Transport,On Roadway,Non-Junction,N,Not at Intersection,State,Unpaved,Dry,None, , ,None, , ,N,N, , , , ,0,0,2,0,0,0,0,0,0,0,0,0,0.000000000000000,0.000000000000000,0,0,0,2200,"Mapped, On Network",-81.451777271400005,28.357113399999999,649278.113178999978118,486031.107107000018004,6/20/2019 2:17:00 PM,6916_6959
2748,2749,1,2748,12276,88083263,FHPD19OFF034682,FHP,Long,4/17/2019 0:00:00,09:03 AM,Orlando Expwy Auth,Orange,SR528,28MM,0, ,Rear End,2,0,0,0,N,N,N,11000.000000000000000,Clear,Daylight,0,Rear End,W,Property Damage Only,N,Front to Rear,Motor Vehicle in Transport,On Roadway,Non-Junction,N,Not at Intersection,Turnpike/Toll,Paved,Dry,None, , ,None, , ,N,N, , , , ,0,0,0,0,0,0,0,0,0,0,0,0,0.000000000000000,0.000000000000000,0,1,0,11000,"Mapped, On Network",-81.026546185800001,28.452313523499999,690613.651936999987811,497531.948900000017602,6/5/2019 2:48:41 PM,7008_7061
2749,2750,1,2749,12279,88027271,FHPD19OFF034835,FHP,Long,4/17/2019 0:00:00,04:35 PM,Orlando Expwy Auth,Orange,SR-417,SR-50,5280,North,Rear End,2,0,0,1,N,N,N,2500.000000000000000,Clear,Daylight,0,Rear End,S,Injury,N,Front to Rear,Motor Vehicle in Transport,On Roadway,Non-Junction,N,Not at Intersection,Turnpike/Toll,Paved,Dry,None, , ,None, , ,N,N, , , , ,0,0,0,0,0,0,0,1,0,0,0,0,0.000000000000000,0.000000000000000,0,3,0,2500,"Mapped, On Network",-81.250458570199996,28.515806941899999,668575.902116999961436,504073.711514999973588,6/18/2019 3:41:34 PM,6968_8555
2750,2751,1,2750,12291,88913569,2019-00115694,Orlando PD,Short,3/27/2019 0:00:00,11:40 AM,Orlando,Orange,SR 417 NBO (CENTRAL FLORIDA GREENWAY),EXIT RAMP TO LAKE NONA BLVD,100,North,Rear End,2,0,0,0,N,N,N,6000.000000000000000,Rain,Daylight,0,Rear End,N,Property Damage Only,Y,Front to Rear,Motor Vehicle in Transport,On Roadway,Non-Junction,N,Not at Intersection,State,Paved,Wet,Road Surface Condition, , ,None, , ,N,N, , , , ,0,0,0,0,0,0,0,0,0,0,0,0,0.000000000000000,0.000000000000000,0,0,0,6000,"Mapped, On Network",-81.279969718700002,28.377972428800000,666031.334318000008352,488706.092714000027627,6/19/2019 11:07:52 AM,8520_8502
2751,2752,1,2751,12324,88124897,FHPD19OFF032325,FHP,Long,4/10/2019 0:00:00,11:59 AM,Orlando Expwy Auth,Orange,STATE ROAD 408 EB MM17,CHICKASAW TR,0,West,Rear End,2,0,0,0,N,N,N,4000.000000000000000,Clear,Daylight,0,Rear End,E,Property Damage Only,Y,Front to Rear,Motor Vehicle in Transport,On Roadway,Non-Junction,N,Not at Intersection,Turnpike/Toll,Curb,Dry,None, , ,None, , ,N,N, , , , ,0,0,0,0,0,0,0,0,0,0,0,0,0.000000000000000,0.000000000000000,0,1,0,4000,"Mapped, On Network",-81.280594512500002,28.542869998800001,665566.421453000046313,507013.218385000014678,6/18/2019 3:29:30 PM,8408_8412
2752,2753,1,2752,12333,88083245,FHPD19OFF026802,FHP,Long,3/25/2019 0:00:00,11:35 AM,Orlando Expwy Auth,Orange,SR429,26MM,0, ,Off Road,1,0,0,0,N,N,N,7300.000000000000000,Clear,Daylight,0,Off Road,S,Property Damage Only,N,Other,Guardrail Face,Off Roadway,Non-Junction,N,Not at Intersection,Turnpike/Toll,Paved,Dry,None, , ,None, , ,N,N, , , , ,0,0,0,0,0,0,0,0,0,0,0,0,0.000000000000000,0.000000000000000,0,0,3300,4000,"Mapped, On Network",-81.557766274599999,28.591472749200001,638395.767279000021517,511843.274466999981087,6/12/2019 12:04:42 PM,6248_5993
2753,2754,1,2753,12334,88083238,FHPD19OFF025628,FHP,Long,3/21/2019 0:00:00,03:14 PM,Orlando Expwy Auth,Orange,SR408,8MM,0, ,Off Road,1,0,0,0,N,N,N,5000.000000000000000,Clear,Daylight,0,Off Road,W,Property Damage Only,N,Other,Concrete Traffic Barrier,Off Roadway,Non-Junction,N,Not at Intersection,Turnpike/Toll,Paved,Dry,None, , ,None, , ,N,N, , , , ,0,0,3,0,0,0,0,0,0,0,0,0,0.000000000000000,0.000000000000000,0,0,0,5000,"Mapped, On Network",-81.411927922000004,28.541319223300000,652746.463571000029333,506565.026521999971010,6/12/2019 12:30:47 PM,8217_8215
2754,2755,1,2754,12337,88081592,FHPD19OFF014716,FHP,Long,2/15/2019 0:00:00,10:25 PM,Unincorporated,Orange,STATE ROAD-417 NB EXIT RAMP,STATE ROAD-50 (COLONIAL DRIVE),25,South,Rear End,2,0,0,0,N,N,N,850.000000000000000,Clear,Dark - Lighted,0,Rear End,N,Property Damage Only,N,Front to Rear,Motor Vehicle in Transport,On Roadway,Intersection-Related,Y,Not at Intersection,State,Unpaved,Dry,None, , ,None, , ,N,N, , , , ,0,0,0,0,0,0,0,0,0,0,0,0,0.000000000000000,0.000000000000000,0,0,0,850,"Mapped, Not On Network",-81.412760000199995,28.375160024800000,653052.347999999998137,488114.342699999979232,5/28/2019 3:15:17 PM,8107_8280
2755,2756,1,2755,12373,83672391,FHPD19OFF036277,FHP,Long,4/22/2019 0:00:00,12:20 AM,Orlando,Orange,SR 417,SR 50,500,South,Off Road,1,0,0,1,N,N,N,11000.000000000000000,Clear,Dark - Lighted,0,Off Road,N,Injury,N,Other,Guardrail End,On Roadway,Non-Junction,N,Not at Intersection,State,Paved,Dry,None, , ,None, , ,N,N, , , , ,0,0,0,0,0,0,0,0,0,1,0,0,1.000000000000000,0.000000000000000,0,0,6000,5000,"Mapped, On Network",-81.266530625300007,28.566269869300001,666882.021317000035197,509641.635674000019208,5/24/2019 2:23:36 PM,8451_2531
2756,2757,1,2756,12416,88913267,2019-00107893,Orlando PD,Long,3/21/2019 0:00:00,08:46 AM,Orlando,Orange,SR 408 WBO,ENTRANCE RAMP TO I4 EBO,5280,East,Rear End,3,0,0,0,N,N,N,2500.000000000000000,Clear,Daylight,0,Rear End,W,Property Damage Only,Y,Front to Rear,Motor Vehicle in Transport,On Roadway,Non-Junction,N,Not at Intersection,State,Paved,Dry,None, , ,None, , ,N,N, , , , ,0,0,0,0,0,0,0,0,0,0,0,0,0.000000000000000,0.000000000000000,0,0,0,2500,"Mapped, On Network",-81.367098888599998,28.537283651199999,657133.295012000016868,506209.632372999971267,5/30/2019 3:52:01 PM,8313_6737
2757,2758,1,2757,12418,88913067,2019-00112063,Orlando PD,Short,3/24/2019 0:00:00,07:15 PM,Orlando,Orange,SR 408 WBO,SR 441 (S ORANGE BLOSSOM TRAIL),300,East,Sideswipe,2,0,0,0,N,N,N,800.000000000000000,Clear,Dusk,0,Same Direction Sideswipe,W,Property Damage Only,Y,"Sideswipe, Same Direction",Motor Vehicle in Transport,On Roadway,Non-Junction,N,Not at Intersection,Turnpike/Toll,Paved,Dry,None, , ,None, , ,N,N, , , , ,0,0,0,0,0,0,0,0,0,0,0,0,0.000000000000000,0.000000000000000,0,0,0,800,"Mapped, On Network",-81.392705391099994,28.535291011999998,654637.576467999955639,505935.252855000027921,6/12/2019 12:01:40 PM,8272_8254
2758,2759,1,2758,12434,88124903,FHPD19OFF034510,FHP,Long,4/16/2019 0:00:00,05:48 PM,Orlando Expwy Auth,Orange,STATE ROAD 408 EB MM16,CHICKASAW TR,300,West,Rear End,2,0,0,0,N,N,N,4000.000000000000000,Clear,Daylight,0,Rear End,E,Property Damage Only,Y,Front to Rear,Motor Vehicle in Transport,On Roadway,Non-Junction,N,Not at Intersection,Turnpike/Toll,Curb,Dry,None, , ,None, , ,N,N, , , , ,0,0,0,0,0,0,0,0,0,0,0,0,0.000000000000000,0.000000000000000,0,3,0,4000,"Mapped, On Network",-81.279480639200003,28.543500058799999,665673.636715000029653,507085.572495999978855,6/20/2019 9:11:30 PM,8408_8412
2759,2760,1,2759,12468,88083269,FHPD19OFF036180,FHP,Short,4/21/2019 0:00:00,05:42 PM,Orlando Expwy Auth,Orange,SR528 TOLLS,16MM,0, ,Sideswipe,2,0,0,0,N,N,Y,4000.000000000000000,Clear,Daylight,0,Same Direction Sideswipe,W,Property Damage Only,N,"Sideswipe, Same Direction",Motor Vehicle in Transport,On Roadway,Non-Junction,N,Not at Intersection,Turnpike/Toll,Paved,Dry,None, , ,None, , ,N,N, , , , ,0,0,1,0,0,0,0,0,0,0,0,0,0.000000000000000,0.000000000000000,0,1,0,4000,"Mapped, On Network",-81.224296102699995,28.451354683500000,671292.132006000028923,496974.949737999995705,6/20/2019 9:11:40 PM,8019_6319
2760,2761,1,2760,12523,88062259,FHPK19OFF023714,FHP,Long,4/26/2019 0:00:00,03:47 PM,Winter Garden,Orange,STATE ROAD 429,STONEYBROOK WEST PARKWAY,5280,South,Rear End,3,0,0,0,N,N,N,4250.000000000000000,Cloudy,Daylight,0,Rear End,S,Property Damage Only,N,Front to Rear,Motor Vehicle in Transport,On Roadway,Non-Junction,N,Not at Intersection,Turnpike/Toll,Paved,Dry,None, , ,None, , ,N,N, , , , ,0,0,0,0,0,0,0,0,0,0,0,0,0.000000000000000,0.000000000000000,0,1,0,4250,"Mapped, On Network",-81.608006715399995,28.509974073700000,633667.781275999965146,502697.952149000018835,6/21/2019 6:58:13 PM,6233_6759
2761,2762,1,2761,12534,88083257,FHPD19OFF031605,FHP,Long,4/8/2019 0:00:00,12:30 PM,Orlando Expwy Auth,Orange,SR528,28MM,0, ,Sideswipe,2,0,0,0,N,N,N,7000.000000000000000,Clear,Daylight,0,Opposing Sideswipe,W,Property Damage Only,N,"Sideswipe, Opposite Direction",Motor Vehicle in Transport,On Roadway,Non-Junction,N,Not at Intersection,Turnpike/Toll,Paved,Dry,None, , ,None, , ,N,N, , , , ,0,0,1,0,0,0,0,0,0,0,0,0,0.000000000000000,0.000000000000000,0,1,1000,6000,"Mapped, On Network",-81.026071928600004,28.452501893800001,690659.490517999976873,497553.980320999980904,6/19/2019 2:08:35 PM,5943_6937
2762,2763,1,2762,12537,88049591,FHPD19OFF036443,FHP,Long,4/22/2019 0:00:00,03:14 PM,Orlando Expwy Auth,Orange,SR-417,LANDSTAR BLVD,10560,South,Sideswipe,2,0,0,0,N,N,N,4700.000000000000000,Clear,Daylight,0,Same Direction Sideswipe,N,Property Damage Only,N,Front to Rear,Motor Vehicle in Transport,On Roadway,Non-Junction,N,Not at Intersection,Turnpike/Toll,Paved,Dry,None, , ,None, , ,N,Y,Work on Shoulder or Median,Activity Area,N,N,0,0,1,0,0,0,0,0,0,0,0,0,0.000000000000000,0.000000000000000,0,1,500,4200,"Mapped, Not On Network",-81.374719999600003,28.368170024400001,656788.925500000012107,487416.867000000027474,6/20/2019 9:14:12 PM,9178_7997
2763,2764,1,2763,12539,88081020,FHPD19OFF036855,FHP,Long,4/23/2019 0:00:00,06:52 PM,Orlando Expwy Auth,Orange,WB SR-408,HIAWASSEE ROAD,5280,West,Sideswipe,2,0,0,0,N,N,N,11000.000000000000000,Cloudy,Daylight,0,Same Direction Sideswipe,W,Property Damage Only,Y,"Sideswipe, Same Direction",Motor Vehicle in Transport,On Roadway,Non-Junction,N,Not at Intersection,Turnpike/Toll,Paved,Dry,None, , ,None, , ,N,N, , , , ,0,0,0,0,0,0,0,0,0,0,0,0,0.000000000000000,0.000000000000000,0,1,0,11000,"Mapped, On Network",-81.467320675200000,28.549514849000001,647318.983756999950856,507362.687754000013229,6/20/2019 9:14:54 PM,6930_8210
2764,2765,1,2764,12540,88081018,FHPD19OFF036466,FHP,Long,4/22/2019 0:00:00,04:22 PM,Orlando Expwy Auth,Orange,NB SR-417,CURRY FORD RD,10560,South,Rear End,2,0,0,1,N,N,N,6000.000000000000000,Clear,Daylight,0,Rear End,N,Injury,Y,Front to Rear,Motor Vehicle in Transport,On Roadway,Non-Junction,N,Not at Intersection,Turnpike/Toll,Paved,Dry,None, , ,None, , ,N,N, , , , ,0,0,0,0,0,0,0,1,0,0,0,0,0.000000000000000,0.000000000000000,0,1,0,6000,"Mapped, On Network",-81.240416265400000,28.481811913500000,669641.153055000002496,500321.210958999989089,6/11/2019 3:45:29 PM,8544_8386
2765,2766,1,2765,12541,88124902,FHPD19OFF034454,FHP,Long,4/16/2019 0:00:00,04:04 PM,Orlando Expwy Auth,Orange,STATE ROAD 417 NB MM23,MOSS PARK RD,0,North,Rear End,2,0,0,0,N,N,N,210.000000000000000,Clear,Daylight,0,Rear End,N,Property Damage Only,Y,Front to Rear,Motor Vehicle in Transport,On Roadway,Non-Junction,N,Not at Intersection,Turnpike/Toll,Curb,Dry,None, , ,None, , ,N,N, , , , ,0,0,0,0,0,0,0,0,0,0,0,0,0.000000000000000,0.000000000000000,0,0,0,210,"Mapped, On Network",-81.227400303500005,28.415251915500001,671078.925133000011556,492959.688866999989841,6/20/2019 9:15:37 PM,8533_8540
2766,2767,1,2766,12542,88124901,FHPD19OFF034179,FHP,Long,4/15/2019 0:00:00,05:38 PM,Orlando Expwy Auth,Orange,STATE ROAD 408 EB MM16,CHICKASAW TR,0, ,Rear End,3,0,0,1,N,N,N,9000.000000000000000,Clear,Daylight,0,Rear End,E,Injury,Y,Front to Rear,Motor Vehicle in Transport,On Roadway,Non-Junction,N,Not at Intersection,Turnpike/Toll,Paved,Dry,None, , ,None, , ,N,N, , , , ,0,0,0,0,0,0,0,0,1,0,0,0,1.000000000000000,0.000000000000000,0,1,0,9000,"Mapped, On Network",-81.277813019199996,28.544330791400000,665834.426074999966659,507181.401598000025842,6/20/2019 2:53:34 PM,8412_7015
2767,2768,1,2767,12547,88077690,FHPD19OFF034197,FHP,Short,4/15/2019 0:00:00,06:14 PM,Orlando,Orange,STATE RD 528 EXIT RAMP,STATE RD 417,25,West,Sideswipe,2,0,0,0,N,N,N,1250.000000000000000,Clear,Daylight,0,Same Direction Sideswipe,E,Property Damage Only,N,"Sideswipe, Same Direction",Motor Vehicle in Transport,On Roadway,Entrance/Exit Ramp,N,Not at Intersection,Turnpike/Toll,Paved,Dry,None, , ,None, , ,N,N, , , , ,0,0,0,0,0,0,0,0,0,0,0,0,0.000000000000000,0.000000000000000,0,1,0,1250,"Mapped, Not On Network",-81.240149999699995,28.451250024800000,669743.121200000052340,496928.550600000016857,6/6/2019 3:50:11 PM,6666_8074
2768,2769,1,2768,12548,88077693,FHPD19OFF034805,FHP,Long,4/17/2019 0:00:00,03:27 PM,Orlando Expwy Auth,Orange,STATE RD 417,CURRY FORD RD,500,South,Rear End,2,0,0,0,N,N,N,5500.000000000000000,Clear,Daylight,0,Rear End,N,Property Damage Only,N,Front to Rear,Motor Vehicle in Transport,On Roadway,Non-Junction,N,Not at Intersection,Turnpike/Toll,Paved,Dry,None, , ,None, , ,N,N, , , , ,0,0,0,0,0,0,0,0,0,0,0,0,0.000000000000000,0.000000000000000,0,1,0,5500,"Mapped, On Network",-81.244574911699999,28.503201239399999,669181.802462000050582,502686.949048999988008,6/6/2019 3:49:43 PM,6965_8557
2769,2770,1,2769,12549,88081016,FHPD19OFF034149,FHP,Short,4/15/2019 0:00:00,04:44 PM,Orlando Expwy Auth,Orange,NB SR-429,WEST ROAD,0,South,Rear End,2,0,0,0,N,N,N,9500.000000000000000,Clear,Daylight,0,Rear End,N,Property Damage Only,Y,Front to Rear,Motor Vehicle in Transport,On Roadway,Non-Junction,N,Not at Intersection,Turnpike/Toll,Paved,Dry,None, , ,Weather Conditions, , ,N,N, , , , ,0,0,0,0,0,0,0,0,0,0,0,0,0.000000000000000,0.000000000000000,0,1,0,9500,"Mapped, On Network",-81.551063978100004,28.598608809800002,639034.180761000025086,512648.590815000003204,6/5/2019 2:40:13 PM,6220_8389
2770,2771,1,2770,12560,88097880,FHPD19OFF026488,FHP,Long,3/24/2019 0:00:00,06:12 AM,Orlando,Orange,STATE ROAD 408 (EAST-WEST EXPY),MM22,50,West,Other,1,0,0,0,N,N,N,11000.000000000000000,Clear,Dark - Lighted,0,Single Vehicle,E,Property Damage Only,N,Other,Other Non-Collision,Shoulder,Non-Junction,N,Not at Intersection,County,Paved,Dry,None, , ,None, , ,N,N, , , , ,0,0,0,0,0,0,0,0,0,0,0,0,0.000000000000000,0.000000000000000,0,1,1000,10000,"Mapped, On Network",-81.192896427700006,28.552448112000000,674105.002657999983057,508268.556657999986783,5/30/2019 4:04:35 PM,8041_6970