FID,OBJECTID_1,Join_Count,TARGET_FID,OBJECTID,HSMV_Repor,Agency_Rep,Reporting_,Form_Type,Crash_Date,Crash_Time,City,County,Crash_Stre,Intersecti,Offset_Dis,Offset_Dir,Crash_Type,Vehicles,Non_Motori,Fatalities,Injuries,Alcohol_Re,Distractio,Drug_Relat,Estimated_,Weather_Co,Light_Cond,Street_Num,Crash_Ty_1,Crash_Ty_2,Crash_Seve,Within_Cit,Manner_of_,First_Harm,First_HE_L,First_HE_R,First_HE_W,Type_of_In,Road_Sys_I,Type_of_Sh,Road_Surf_,Contrib_Ci,Contrib__1,Contrib__2,Contrib__3,Contrib__4,Contrib__5,School_Bus,Work_Zone_,Type_of_Wo,Loc_in_Wor,Workers_in,Law_Enforc,Mopeds,Motorcycle,Passengers,Bicyclists,Pedestrian,Fataliti_1,Injuries_U,Possible_I,Non_Incapa,Incapacita,Fataliti_2,Non_Traffi,Transporte,Transpor_1,Transpor_2,Citations,Property_D,Vehicle_Dm,S4_Mapping,S4_Decimal,S4_Decim_1,S4_Albers_,S4_Albers1,S4_Mappi_1,zone_id_st
2771,2772,1,2771,12564,88049580,FHPD19OFF026740,FHP,Long,3/25/2019 0:00:00,07:40 AM,Orlando Expwy Auth,Orange,SR-528 (MM18.5),SR-417,10560,East,Rear End,2,0,0,0,N,N,N,4600.000000000000000,Clear,Daylight,0,Rear End,W,Property Damage Only,N,Front to Rear,Motor Vehicle in Transport,On Roadway,Non-Junction,N,Not at Intersection,Turnpike/Toll,Paved,Dry,None, , ,None, , ,N,N, , , , ,0,0,0,0,0,0,0,0,0,0,0,0,0.000000000000000,0.000000000000000,0,1,0,4600,"Mapped, On Network",-81.193190759600000,28.451711120500001,674330.887285999953747,497083.339325000008103,6/18/2019 4:04:55 PM,8097_6953
2772,2773,1,2772,12597,88083272,FHPD19OFF037813,FHP,Long,4/26/2019 0:00:00,03:01 PM,Orlando Expwy Auth,Orange,SR429,24MM,0, ,Rear End,2,0,0,1,N,N,N,14000.000000000000000,Clear,Daylight,0,Rear End,N,Injury,N,Rear to Side,Motor Vehicle in Transport,On Roadway,Non-Junction,N,Not at Intersection,Turnpike/Toll,Paved,Dry,None, , ,None, , ,N,N, , , , ,0,0,0,0,0,0,0,0,1,0,0,0,1.000000000000000,0.000000000000000,0,1,0,14000,"Mapped, On Network",-81.556736117200003,28.571270049500001,638540.762295000022277,509602.086125999980140,6/6/2019 1:43:46 PM,8421_8425
2773,2774,1,2773,12614,88077695,FHPD19OFF035170,FHP,Long,4/18/2019 0:00:00,04:41 PM,Orlando Expwy Auth,Orange,STATE RD 408 EXIT,STATE RD 551,300,West,Sideswipe,3,0,0,1,N,N,N,2250.000000000000000,Clear,Daylight,0,Same Direction Sideswipe,E,Injury,N,"Sideswipe, Same Direction",Other Non-Collision,On Roadway,Non-Junction,N,Not at Intersection,Turnpike/Toll,Paved,Dry,None, , ,None, , ,N,N, , , , ,0,1,0,0,0,0,0,1,0,0,0,0,1.000000000000000,0.000000000000000,0,1,0,2250,"Mapped, On Network",-81.291005546600005,28.539559746399998,664557.960135999950580,506623.306204999971669,6/20/2019 2:54:47 PM,6881_8431
2774,2775,1,2774,12646,88081017,FHPD19OFF034404,FHP,Long,4/16/2019 0:00:00,01:58 PM,Orlando Expwy Auth,Orange,EB SR-408,SR-434,0,West,Sideswipe,3,0,0,1,N,N,N,13000.000000000000000,Clear,Daylight,0,Same Direction Sideswipe,E,Injury,Y,"Sideswipe, Same Direction",Motor Vehicle in Transport,On Roadway,Non-Junction,N,Not at Intersection,Turnpike/Toll,Paved,Dry,None, , ,None, , ,N,N, , , , ,0,0,0,0,0,0,0,1,0,0,0,0,0.000000000000000,0.000000000000000,0,1,0,13000,"Mapped, On Network",-81.202069271599996,28.550239260700000,673215.022079000016674,508002.957923999987543,5/24/2019 2:56:45 PM,8041_6970
2775,2776,1,2775,12672,88064886,FHPD19OFF032083,FHP,Long,4/9/2019 0:00:00,04:50 PM,Orlando Expwy Auth,Orange,STATE ROAD 417 SB MM17,LANDSTAR BLVD,5280,North,Rear End,2,0,0,0,N,N,N,7000.000000000000000,Cloudy,Daylight,0,Rear End,S,Property Damage Only,Y,Front to Rear,Motor Vehicle in Transport,On Roadway,Non-Junction,N,Not at Intersection,Turnpike/Toll,Paved,Dry,None, , ,None, , ,N,N, , , , ,0,0,0,0,0,0,0,0,0,0,0,0,0.000000000000000,0.000000000000000,0,1,0,7000,"Mapped, On Network",-81.340274558900006,28.368420958800002,660157.048918999964371,487516.927866999991238,6/18/2019 4:26:58 PM,6323_6700
2776,2777,1,2776,12690,88913830,2019-00145355,Orlando PD,Long,4/17/2019 0:00:00,10:52 PM,Orlando,Orange,SR 528 EAST,S SEMORAN BV,5280,East,Other,1,0,0,1,N,N,N,15000.000000000000000,Clear,Dark - Lighted,0,Single Vehicle,E,Injury,Y,Other,Immersion,Off Roadway,Other,N,Not at Intersection,State,Paved,Dry,Other, , ,None, , ,N,N, , , , ,0,0,0,0,0,0,0,0,1,0,0,0,0.000000000000000,0.000000000000000,0,0,0,15000,"Mapped, On Network",-81.312167863100001,28.451347076299999,662705.110503999982029,496783.846470999997109,5/24/2019 2:58:02 PM,8296_8190
2777,2778,1,2777,12753,88083273,FHPD19OFF038272,FHP,Long,4/27/2019 0:00:00,08:30 PM,Orlando Expwy Auth,Orange,SR408,20MM,0, ,Rear End,2,0,0,2,N,N,N,15000.000000000000000,Clear,Dark - Lighted,0,Rear End,W,Injury,N,Front to Rear,Motor Vehicle in Transport,On Roadway,Non-Junction,N,Not at Intersection,Turnpike/Toll,Paved,Dry,None, , ,None, , ,N,N, , , , ,0,0,1,0,0,0,0,1,1,0,0,0,1.000000000000000,0.000000000000000,0,0,0,15000,"Mapped, On Network",-81.225160528200007,28.547378495600000,670967.715517999953590,507634.384013000002597,6/6/2019 1:44:18 PM,6045_6306
2778,2779,1,2778,12764,88037159,FHPD19OFF028227,FHP,Long,3/29/2019 0:00:00,10:05 AM,Orlando Expwy Auth,Orange,STATE ROAD 408 EASTBOUND,MILE MARKER 22,0, ,Off Road,1,0,0,0,N,Y,N,1500.000000000000000,Clear,Daylight,0,Off Road,E,Property Damage Only,N,Other,Guardrail Face,Off Roadway,Non-Junction,N,Not at Intersection,Turnpike/Toll,Paved,Dry,None, , ,None, , ,N,N, , , , ,0,0,0,0,0,0,0,0,0,0,0,0,0.000000000000000,0.000000000000000,0,0,0,1500,"Mapped, On Network",-81.198263787000002,28.551059647100001,673584.489948999951594,508102.480197000026237,6/19/2019 2:40:53 PM,8041_6970
2779,2780,1,2779,12765,88037158,FHPD19OFF027854,FHP,Short,3/28/2019 0:00:00,07:58 AM,Orlando Expwy Auth,Orange,STATE ROAD 408 WESTBOUND,MILE MARKER 18,0, ,Rear End,2,0,0,0,N,Y,N,3000.000000000000000,Clear,Daylight,0,Rear End,W,Property Damage Only,N,Front to Rear,Motor Vehicle in Transport,On Roadway,Non-Junction,N,Not at Intersection,Turnpike/Toll,Paved,Dry,None, , ,None, , ,N,N, , , , ,0,0,0,0,0,0,0,0,0,0,0,0,0.000000000000000,0.000000000000000,0,1,0,3000,"Mapped, On Network",-81.252266826899998,28.547549996099999,668320.756003999966197,507594.153664999990724,6/19/2019 2:42:04 PM,8013_8024
2780,2781,1,2780,12766,88037155,FHPD19OFF027458,FHP,Long,3/27/2019 0:00:00,07:09 AM,Orlando Expwy Auth,Orange,STATE ROAD 417 SOUTHBOUND,MILE MARKER 30,0, ,Sideswipe,2,0,0,0,N,N,N,3000.000000000000000,Clear,Daylight,0,Same Direction Sideswipe, ,Property Damage Only,N,"Sideswipe, Same Direction",Motor Vehicle in Transport,On Roadway,Non-Junction,N,Not at Intersection,Turnpike/Toll,Paved,Dry,None, , ,None, , ,N,N, , , , ,0,0,0,0,0,0,0,0,0,0,0,0,0.000000000000000,0.000000000000000,0,0,0,3000,"Mapped, On Network",-81.246777865699997,28.507333495699999,668956.382992999977432,503140.940170000016224,6/19/2019 2:42:46 PM,8559_6030
2781,2782,1,2781,12767,88033389,FHPD19OFF027812,FHP,Long,3/28/2019 0:00:00,03:20 AM,Orlando,Orange,STATE ROAD 528 WESTBOUND,MM18,0, ,Other,1,0,0,1,Y,N,N,3000.000000000000000,Clear,Dark - Not Lighted,0,Single Vehicle,W,Injury,N,Other,Motor Vehicle in Transport,On Roadway,Non-Junction,N,Not at Intersection,Turnpike/Toll,Unpaved,Dry,None, , ,None, , ,N,N, , , , ,0,0,0,0,0,0,0,1,0,0,0,0,0.000000000000000,0.000000000000000,0,1,1000,2000,"Mapped, On Network",-81.192315133600005,28.451683689300001,674416.523463999968953,497082.241959000006318,6/20/2019 2:55:34 PM,8097_6953
2782,2783,1,2782,12775,88064867,FHPD19OFF025593,FHP,Long,3/21/2019 0:00:00,01:34 PM,Orlando Expwy Auth,Orange,STATE ROAD 417 SB MM26,STATE ROAD 528,0,North,Sideswipe,2,0,0,0,N,N,N,1000.000000000000000,Clear,Daylight,0,Same Direction Sideswipe,S,Property Damage Only,Y,"Sideswipe, Same Direction",Motor Vehicle in Transport,On Roadway,Non-Junction,N,Not at Intersection,Turnpike/Toll,Paved,Dry,None, , ,None, , ,N,N, , , , ,0,0,1,0,0,0,0,0,0,0,0,0,0.000000000000000,0.000000000000000,0,1,0,1000,"Mapped, On Network",-81.235254651299996,28.465718182200000,670185.482767999987118,498545.646363999985624,6/12/2019 11:57:26 AM,8546_7092
2783,2784,1,2783,12777,88909745,2019-00109110,Orlando PD,Short,3/22/2019 0:00:00,07:50 AM,Orlando,Orange,EW WBO,MILLS AVE,100,East,Rear End,2,0,0,0,N,N,N,8000.000000000000000,Clear,Daylight,0,Rear End,W,Property Damage Only,Y,Front to Rear,Motor Vehicle in Transport,On Roadway,Non-Junction,N,Not at Intersection,State,Paved,Dry,None, , ,None, , ,N,N, , , , ,0,0,1,0,0,0,0,0,0,0,0,0,0.000000000000000,0.000000000000000,0,0,0,8000,"Mapped, On Network",-81.363604470900000,28.537473913700001,657474.061702999984846,506238.048647999996319,6/4/2019 10:17:21 AM,8309_8313
2784,2785,1,2784,12794,88914491,2019-00132993,Orlando PD,Short,4/9/2019 0:00:00,07:08 AM,Orlando,Orange,SR 408 WBO,CRYSTAL LAKE EXIT RAMP,350,West,Rear End,2,0,0,0,N,N,N,2000.000000000000000,Cloudy,Daylight,0,Rear End,W,Property Damage Only,Y,Front to Rear,Motor Vehicle in Transport,On Roadway,Non-Junction,N,Not at Intersection,State,Paved,Dry,None, , ,None, , ,N,N, , , , ,0,0,0,0,0,0,0,0,0,0,0,0,0.000000000000000,0.000000000000000,0,0,0,2000,"Mapped, On Network",-81.344990786500006,28.538471988900000,659289.233859000029042,506387.866642999986652,6/19/2019 2:07:09 PM,8353_6185
2785,2786,1,2785,12797,88027270,FHPD19OFF034773,FHP,Long,4/17/2019 0:00:00,02:35 PM,Orlando Expwy Auth,Orange,SR-417,UNIVERSITY BLVD,5280,South,Rear End,3,0,0,0,N,Y,N,15000.000000000000000,Clear,Daylight,0,Rear End,N,Property Damage Only,N,Front to Rear,Motor Vehicle in Transport,On Roadway,Non-Junction,N,Not at Intersection,Turnpike/Toll,Curb,Dry,None, , ,None, , ,N,Y,Work on Shoulder or Median,Activity Area,Y,N,0,0,1,0,0,0,0,0,0,0,0,0,0.000000000000000,0.000000000000000,0,1,0,15000,"Mapped, On Network",-81.252742295999994,28.590731986800002,668167.503478000056930,512387.531084000016563,6/5/2019 2:47:38 PM,6318_8120
2786,2787,1,2786,12861,88916064,2019-00175124,Orlando PD,Short,5/9/2019 0:00:00,06:22 AM,Orlando,Orange,SR 528 WBO,S SEMORAN EXIT RAMP,1000,East,Sideswipe,2,0,0,0,N,N,N,1500.000000000000000,Clear,Daylight,0,Same Direction Sideswipe,W,Property Damage Only,Y,Angle,Motor Vehicle in Transport,On Roadway,Non-Junction,N,Not at Intersection,State,Paved,Dry,None, , ,None, , ,N,N, , , , ,0,0,0,0,0,0,0,0,0,0,0,0,0.000000000000000,0.000000000000000,0,0,0,1500,"Mapped, On Network",-81.304431654499993,28.539684306500000,663246.685521999956109,506608.403119999973569,6/20/2019 9:30:00 PM,6883_8376
2787,2788,1,2787,13013,88132929,FHPD19OFF038346,FHP,Long,4/28/2019 0:00:00,12:05 AM,Ocoee,Orange,SR-429 (DANIEL WEBSTER WESTERN BELTWAY),MM 24,300,South,Other,1,0,0,1,N,N,N,11500.000000000000000,Clear,Dark - Lighted,0,Single Vehicle,N,Injury,N,Other,Other Non-Fixed Object,Off Roadway,Non-Junction,N,Not at Intersection,State,Paved,Dry,None, , ,None, , ,N,N, , , , ,0,0,0,0,0,0,0,1,0,0,0,0,1.000000000000000,0.000000000000000,0,1,2000,9500,"Mapped, On Network",-81.556723317600003,28.570406653399999,638543.911462999996729,509506.244737999979407,5/24/2019 3:35:58 PM,8421_8425
2788,2789,1,2788,13014,88910528,2019-00041697,Orlando PD,Long,1/31/2019 0:00:00,09:00 AM,Orlando,Orange,SR 528 WBO,ENTRANCE RAMP FROM S GOLDENROD RD,250,East,Rear End,3,0,0,5,N,N,N,15500.000000000000000,Cloudy,Daylight,0,Rear End,W,Injury,Y,Front to Rear,Motor Vehicle in Transport,On Roadway,Non-Junction,N,Not at Intersection,State,Paved,Dry,None, , ,None, , ,N,N, , , , ,0,0,3,0,0,0,0,2,3,0,0,0,3.000000000000000,0.000000000000000,0,2,0,15500,"Mapped, On Network",-81.279665339600001,28.448607060400001,665888.063602000009269,496549.284936000010930,5/6/2019 12:09:53 PM,6665_8172
2789,2790,1,2789,13021,88077680,FHPD19OFF030366,FHP,Short,4/4/2019 0:00:00,05:39 PM,Orlando Expwy Auth,Orange,STATE RD 417 EXIT RAMP,NARCOOSSEE RD,500,North,Rear End,2,0,0,0,N,N,N,6000.000000000000000,Clear,Daylight,0,Rear End,S,Property Damage Only,N,Front to Rear,Motor Vehicle in Transport,On Roadway,Entrance/Exit Ramp,N,Not at Intersection,Turnpike/Toll,Paved,Dry,None, , ,None, , ,N,N, , , , ,0,0,0,0,0,0,0,0,0,0,0,0,0.000000000000000,0.000000000000000,0,1,0,6000,"Mapped, Not On Network",-81.244626692599994,28.400328434999999,669432.000000000000000,491265.000000000000000,6/19/2019 12:52:40 PM,8512_8598
2790,2791,1,2790,13023,88077677,FHPD19OFF029961,FHP,Short,4/3/2019 0:00:00,04:14 PM,Orlando Expwy Auth,Orange,STATE RD 417,STATE RD 15 NARCOOSSEE RD,500,North,Rear End,2,0,0,0,N,N,N,3000.000000000000000,Clear,Daylight,0,Rear End,N,Property Damage Only,N,Front to Rear,Motor Vehicle in Transport,On Roadway,Non-Junction,N,Not at Intersection,Turnpike/Toll,Paved,Dry,None, , ,None, , ,N,N, , , , ,0,0,2,0,0,0,0,0,0,0,0,0,0.000000000000000,0.000000000000000,0,1,0,3000,"Mapped, On Network",-81.235078374500006,28.405299770999999,670353.140541999950074,491837.859722000022884,6/12/2019 12:34:17 PM,8598_8531
2791,2792,1,2791,13031,88915325,2019-00153444,Orlando PD,Short,4/23/2019 0:00:00,05:40 PM,Orlando,Orange,S.R 408 EBO,MERCADO AVE,50,East,Rear End,2,0,0,0,N,N,N,2300.000000000000000,Clear,Daylight,0,Rear End,E,Property Damage Only,Y,Front to Rear,Motor Vehicle in Transport,On Roadway,Non-Junction,N,Not at Intersection,State,Paved,Dry,None, , ,None, , ,N,N, , , , ,0,0,1,0,0,0,0,0,0,0,0,0,0.000000000000000,0.000000000000000,0,0,0,2300,"Mapped, On Network",-81.314026824500004,28.539477737999999,662310.278295999974944,506565.020990999997593,6/20/2019 9:49:48 PM,6301_6218
2792,2793,1,2792,13033,88915983,2019-00164480,Orlando PD,Short,5/1/2019 0:00:00,05:25 PM,Orlando,Orange,SR 408 WBO,SR 408 EXIT RAMP TO I4 WBO,1000,East,Head On,2,0,0,0,N,Y,N,1000.000000000000000,Clear,Daylight,0,Head On,W,Property Damage Only,Y,Front to Front,Motor Vehicle in Transport,On Roadway,Entrance/Exit Ramp,N,Not at Intersection,State,Paved,Dry,None, , ,None, , ,N,Y,Work on Shoulder or Median,Activity Area, ,N,0,0,0,0,0,0,0,0,0,0,0,0,0.000000000000000,0.000000000000000,0,0,0,1000,"Mapped, On Network",-81.380815041600002,28.535363810200000,655798.483947000000626,505967.944603000010829,5/23/2019 10:43:13 AM,6230_8274
2793,2794,1,2793,13113,88116737,FHPD19OFF041999,FHP,Short,5/8/2019 0:00:00,09:40 PM,Orlando,Orange,STATE ROAD 408,MM17,0, ,Rear End,2,0,0,0,N,N,N,200.000000000000000,Clear,Dark - Lighted,0,Rear End,E,Property Damage Only,N,"Sideswipe, Same Direction",Motor Vehicle in Transport,On Roadway,Non-Junction,N,Not at Intersection,Interstate,Paved,Dry,None, , ,None, , ,N,N, , , , ,0,0,2,0,0,0,0,0,0,0,0,0,0.000000000000000,0.000000000000000,0,0,0,200,"Mapped, On Network",-81.276140154700002,28.545216562200000,665995.589944000006653,507283.354989000014029,6/10/2019 1:03:08 PM,8412_7015
2794,2795,1,2794,13139,88049586,FHPD19OFF030955,FHP,Long,4/6/2019 0:00:00,08:40 AM,Orlando Expwy Auth,Orange,SR-417 NB,SR-408 WB,0, ,Off Road,1,0,0,1,N,N,N,8000.000000000000000,Clear,Daylight,0,Off Road,N,Injury,N,Other,Guardrail End,Separator,Non-Junction,N,Not at Intersection,Turnpike/Toll,Paved,Dry,None, , ,None, , ,N,N, , , , ,0,0,0,0,0,0,0,0,1,0,0,0,1.000000000000000,0.000000000000000,0,1,2000,6000,"Mapped, On Network",-81.254873656800001,28.544610135199999,668073.504193000029773,507262.076400000019930,6/12/2019 12:36:33 PM,6035_2529
2795,2796,1,2795,13140,88049585,FHPD19OFF030641,FHP,Long,4/5/2019 0:00:00,12:45 PM,Orlando Expwy Auth,Orange,SR-417 (MM6),INTERNATIONAL DRIVE,0,North,Off Road,1,0,0,0,N,N,N,10000.000000000000000,Cloudy,Daylight,0,Off Road,S,Property Damage Only,N,Other,Utility Pole/Light Support,Shoulder,Non-Junction,N,Not at Intersection,Turnpike/Toll,Paved,Dry,None, , ,None, , ,N,N, , , , ,0,0,0,0,0,0,0,0,0,0,0,0,0.000000000000000,0.000000000000000,0,1,4000,6000,"Mapped, On Network",-81.465534964100002,28.354318883800001,647938.844630999956280,485693.086707999987993,6/12/2019 12:37:36 PM,6071_8579
2796,2797,1,2796,13141,88049584,FHPD19OFF030519,FHP,Long,4/5/2019 0:00:00,07:49 AM,Orlando Expwy Auth,Orange,SR-528 (MM28),SR-520,15840,West,Other,2,0,0,1,N,N,N,11000.000000000000000,Rain,Dawn,0,Other,E,Injury,N,Angle,Motor Vehicle in Transport,On Roadway,Non-Junction,N,Not at Intersection,Turnpike/Toll,Paved,Wet,None, , ,Weather Conditions, , ,N,N, , , , ,0,0,0,0,0,0,0,0,1,0,0,0,1.000000000000000,0.000000000000000,0,1,1000,10000,"Mapped, On Network",-81.028576902699996,28.452303903299999,690415.241844999953173,497526.096694000007119,5/24/2019 3:49:01 PM,7008_7061
2797,2798,1,2797,13148,88915171,2019-00162252,Orlando PD,Long,4/30/2019 0:00:00,07:16 AM,Orlando,Orange,SR 408 WBO,S ROSALIND AVE (EXIT RAMP),250,West,Rear End,2,0,0,1,N,N,N,700.000000000000000,Cloudy,Daylight,0,Rear End,W,Injury,Y,Front to Rear,Motor Vehicle in Transport,On Roadway,Non-Junction,N,Not at Intersection,State,Paved,Dry,None, , ,None, , ,N,N, , , , ,0,0,0,0,0,0,0,1,0,0,0,0,0.000000000000000,0.000000000000000,0,0,0,700,"Mapped, On Network",-81.364802211799997,28.537358115300002,657357.381267999997362,506222.691244999994524,5/22/2019 4:04:50 PM,8309_8313
2798,2799,1,2798,13172,88100435,FHPD19OFF029103,FHP,Long,3/31/2019 0:00:00,09:30 PM,Orlando,Orange,STATE ROAD 417,COUNTY ROAD 423 (JOHN YOUNG PKWY),10560,South,Sideswipe,2,0,0,0,N,Y,N,5050.000000000000000,Clear,Dark - Lighted,0,Same Direction Sideswipe,S,Property Damage Only,N,"Sideswipe, Same Direction",Motor Vehicle in Transport,On Roadway,Non-Junction,N,Not at Intersection,Turnpike/Toll,Paved,Dry,None, , ,None, , ,N,N, , , , ,0,0,0,0,0,0,0,0,0,0,0,0,0.000000000000000,0.000000000000000,0,1,0,5050,"Mapped, On Network",-81.420275212099995,28.374860346500000,652318.104959000018425,488065.669179000018630,7/14/2020 1:09:26 PM,8107_8280
2799,2800,1,2799,13201,89117677,2019TA002847,Apopka PD,Long,3/4/2019 0:00:00,09:10 PM,Apopka,Orange,SR 429-TOLL,HARMON RD,5,South,Other,1,0,0,0,N,N,N,500.000000000000000,Clear,Dark - Lighted,0,Single Vehicle,N,Property Damage Only,Y, ,Other Non-Fixed Object,On Roadway,Through Roadway,N,Not at Intersection,State,Paved,Dry,Debris, , ,None, , ,N,N, , , , ,0,0,0,0,0,0,0,0,0,0,0,0,0.000000000000000,0.000000000000000,0,0,0,500,"Mapped, On Network",-81.543421179800006,28.651000772700002,639664.173595999949612,518480.665409000008367,3/19/2019 2:48:09 PM,6016_6653
2800,2801,1,2800,13245,88124007,FHPD19OFF040264,FHP,Short,5/3/2019 0:00:00,04:38 PM,Orlando Expwy Auth,Orange,STATE ROAD 408 EASTBOUND,STATE ROAD 417 RAMP,0, ,Rear End,3,0,0,0,N,Y,N,4000.000000000000000,Clear,Daylight,0,Rear End,E,Property Damage Only,N,Front to Rear,Motor Vehicle in Transport,On Roadway,Entrance/Exit Ramp,N,Not at Intersection,Turnpike/Toll,Paved,Dry,None, , ,None, , ,N,N, , , , ,0,0,2,0,0,0,0,0,0,0,0,0,0.000000000000000,0.000000000000000,0,1,0,4000,"Mapped, On Network",-81.270347754200003,28.547067132300000,666556.599383999942802,507501.328982000006363,6/10/2019 1:07:36 PM,8412_7015
2801,2802,1,2801,13291,88914886,2019-00141438,Orlando PD,Short,4/15/2019 0:00:00,08:00 AM,Orlando,Orange,S.R. 417 CENTRAL FLORIDA GREENWAY SOUTH,EXIT 17A S.R. 417 CENTRAL FLORIDA GREENWAY,500,North,Off Road,1,0,0,0,N,N,N,1.000000000000000,Clear,Unknown,0,Off Road, ,Property Damage Only,Y,Other,Fence,Off Roadway,Non-Junction,N,Not at Intersection,State,Paved,Dry,None, , ,Unknown, , ,N,N, , , , ,0,0,0,0,0,0,0,0,0,0,0,0,0.000000000000000,0.000000000000000,0,0,1,0,"Mapped, On Network",-81.296737846200003,28.372077000299999,664405.950286000035703,488015.459716000012122,6/24/2019 1:16:01 PM,6486_8601
2802,2803,1,2802,13310,88137388,FHPD19OFF041157,FHP,Long,5/6/2019 0:00:00,09:37 AM,Orlando Expwy Auth,Orange,STATE RD 417,ECONLOCKHATCHEE TRL,15,North,Other,2,0,0,0,N,N,N,11000.000000000000000,Clear,Daylight,0,Other,S,Property Damage Only,N,Other,Other Non-Collision,On Roadway,Non-Junction,N,Not at Intersection,Turnpike/Toll,Paved,Dry,None, , ,None, , ,N,Y,Lane Closure,Activity Area,Y,N,0,0,0,0,0,0,0,0,0,0,0,0,0.000000000000000,0.000000000000000,0,1,0,11000,"Mapped, On Network",-81.258689999400005,28.583701785700001,667604.381920999963768,511594.061718999990262,6/10/2019 12:53:14 PM,6789_6691
2803,2804,1,2803,13311,88137387,FHPD19OFF040810,FHP,Long,5/4/2019 0:00:00,03:30 AM,Orlando Expwy Auth,Orange,STATE RD 528,DALLAS BLVD,150,East,Other,1,0,0,0,N,N,N,5000.000000000000000,Rain,Dark - Not Lighted,0,Single Vehicle,W,Property Damage Only,N,Other,Other Non-Collision,On Roadway,Non-Junction,N,Not at Intersection,Turnpike/Toll,Paved,Wet,None, , ,None, , ,N,N, , , , ,0,0,3,0,0,0,0,0,0,0,0,0,0.000000000000000,0.000000000000000,0,0,0,5000,"Mapped, On Network",-81.094469553400003,28.451737669400000,683977.839417999959551,497309.768127000017557,6/10/2019 1:01:16 PM,6322_8112
2804,2805,1,2804,13325,88012671,FHPD19OFF029777,FHP,Long,4/3/2019 0:00:00,07:50 AM,Orlando,Orange,EAST-WEST EXPY,SEMORAN BLVD,5280,East,Rear End,2,0,0,0,N,N,N,4000.000000000000000,Clear,Daylight,0,Rear End,E,Property Damage Only,N,Front to Rear,Motor Vehicle in Transport,On Roadway,Non-Junction,N,Not at Intersection,Turnpike/Toll,Paved,Dry,None, , ,None, , ,N,N, , , , ,0,0,0,0,0,0,0,0,0,0,0,0,0.000000000000000,0.000000000000000,0,1,0,4000,"Mapped, On Network",-81.296736300600003,28.539693438400001,663998.064152000006288,506625.868206000013743,4/5/2019 2:50:33 PM,6883_8376
2805,2806,1,2805,13347,88124008,FHPD19OFF041440,FHP,Long,5/7/2019 0:00:00,08:37 AM,Orlando Expwy Auth,Orange,STATE ROAD 429 SOUTHBOUND,MILE MARKER 26,0, ,Rear End,2,0,0,0,N,Y,N,8000.000000000000000,Clear,Daylight,0,Rear End,S,Property Damage Only,N,Front to Rear,Motor Vehicle in Transport,On Roadway,Non-Junction,N,Not at Intersection,Turnpike/Toll,Paved,Dry,None, , ,None, , ,N,N, , , , ,0,0,0,0,0,0,0,0,0,0,0,0,0.000000000000000,0.000000000000000,0,3,0,8000,"Mapped, On Network",-81.552184477300003,28.598439831400000,638925.198644999996759,512627.657071000023279,6/24/2019 10:40:40 AM,8393_6248
2806,2807,1,2806,13350,88049604,FHPD19OFF041921,FHP,Long,5/8/2019 0:00:00,05:34 PM,Orlando Expwy Auth,Orange,SR-417 (MM35),STERLING LANE,5280,South,Rear End,3,0,0,0,N,N,N,5800.000000000000000,Clear,Daylight,0,Rear End,N,Property Damage Only,N,Front to Rear,Motor Vehicle in Transport,On Roadway,Non-Junction,N,Not at Intersection,Turnpike/Toll,Paved,Dry,None, , ,None, , ,N,N, , , , ,0,0,1,0,0,0,0,0,0,0,0,0,0.000000000000000,0.000000000000000,0,1,0,5800,"Mapped, On Network",-81.264817294200000,28.573381869500000,667031.757431000005454,510434.978054000006523,6/24/2019 10:43:39 AM,2531_6046
2807,2808,1,2807,13381,88138445,FHPD19OFF041251,FHP,Long,5/6/2019 0:00:00,02:40 PM,Orlando Expwy Auth,Orange,SR408,18MM,0, ,Sideswipe,2,0,0,0,N,N,N,3000.000000000000000,Clear,Daylight,0,Same Direction Sideswipe,W,Property Damage Only,N,"Sideswipe, Same Direction",Motor Vehicle in Transport,On Roadway,Non-Junction,N,Not at Intersection,Turnpike/Toll,Paved,Dry,None, , ,None, , ,N,N, , , , ,0,0,0,0,0,0,0,0,0,0,0,0,0.000000000000000,0.000000000000000,0,2,0,3000,"Mapped, On Network",-81.251828499900000,28.547559978399999,668363.527589999954216,507596.215813999995589,6/24/2019 10:36:56 AM,8013_8024
2808,2809,1,2808,13383,88037162,FHPD19OFF030138,FHP,Long,4/4/2019 0:00:00,07:00 AM,Orlando Expwy Auth,Orange,STATE ROAD 417 NORTHBOUND,MILE MARKER 34 EXIT RAMP,0, ,Rear End,3,0,0,1,N,N,N,11000.000000000000000,Clear,Daylight,0,Rear End,N,Injury,N,Front to Rear,Motor Vehicle in Transport,On Roadway,Non-Junction,N,Not at Intersection,Turnpike/Toll,Paved,Dry,None, , ,None, , ,N,N, , , , ,0,0,0,0,0,0,0,1,0,0,0,0,1.000000000000000,0.000000000000000,0,0,0,11000,"Mapped, On Network",-81.267188854599993,28.563707820600001,666824.070722999982536,509355.751183999993373,6/18/2019 4:23:22 PM,6966_8451
2809,2810,1,2809,13402,88913342,2019-00156295,Orlando PD,Short,4/25/2019 0:00:00,04:16 PM,Orlando,Orange,STATE ROAD 408,CONWAY RD,500,West,Sideswipe,2,0,0,0,N,N,N,2000.000000000000000,Clear,Daylight,0,Same Direction Sideswipe,E,Property Damage Only,Y,"Sideswipe, Same Direction",Motor Vehicle in Transport,On Roadway,Non-Junction,N,Not at Intersection,State,Paved,Dry,None,None,None,None,None,None,N,N, , , , ,0,0,0,0,0,0,0,0,0,0,0,0,0.000000000000000,0.000000000000000,0,0,0,2000,"Mapped, On Network",-81.336354213400000,28.538229676499999,660133.135207999963313,506379.152081999985967,6/5/2019 3:14:38 PM,6227_8355