FID,OBJECTID_1,Join_Count,TARGET_FID,OBJECTID,HSMV_Repor,Agency_Rep,Reporting_,Form_Type,Crash_Date,Crash_Time,City,County,Crash_Stre,Intersecti,Offset_Dis,Offset_Dir,Crash_Type,Vehicles,Non_Motori,Fatalities,Injuries,Alcohol_Re,Distractio,Drug_Relat,Estimated_,Weather_Co,Light_Cond,Street_Num,Crash_Ty_1,Crash_Ty_2,Crash_Seve,Within_Cit,Manner_of_,First_Harm,First_HE_L,First_HE_R,First_HE_W,Type_of_In,Road_Sys_I,Type_of_Sh,Road_Surf_,Contrib_Ci,Contrib__1,Contrib__2,Contrib__3,Contrib__4,Contrib__5,School_Bus,Work_Zone_,Type_of_Wo,Loc_in_Wor,Workers_in,Law_Enforc,Mopeds,Motorcycle,Passengers,Bicyclists,Pedestrian,Fataliti_1,Injuries_U,Possible_I,Non_Incapa,Incapacita,Fataliti_2,Non_Traffi,Transporte,Transpor_1,Transpor_2,Citations,Property_D,Vehicle_Dm,S4_Mapping,S4_Decimal,S4_Decim_1,S4_Albers_,S4_Albers1,S4_Mappi_1,zone_id_st
2810,2811,1,2810,13443,88049602,FHPD19OFF039975,FHP,Long,5/2/2019 0:00:00,07:04 PM,Orlando Expwy Auth,Orange,SR-528 (MM16.5),SR-417,5280,East,Off Road,1,0,0,0,N,N,N,6300.000000000000000,Rain,Daylight,0,Off Road,W,Property Damage Only,N,Other,Utility Pole/Light Support,Shoulder,Non-Junction,N,Not at Intersection,Turnpike/Toll,Paved,Wet,None, , ,None, , ,N,N, , , , ,0,0,0,0,0,0,0,0,0,0,0,0,0.000000000000000,0.000000000000000,0,1,4000,2300,"Mapped, On Network",-81.218610747699998,28.451608171200000,671847.078973999945447,497015.614622999972198,6/6/2019 2:40:03 PM,6320_6667
2811,2812,1,2811,13444,88049601,FHPD19OFF039940,FHP,Long,5/2/2019 0:00:00,05:58 PM,Orlando Expwy Auth,Orange,SR-417 (MM31),LAKE UNDERHILL ROAD,80,South,Rear End,2,0,0,2,N,N,N,7200.000000000000000,Rain,Daylight,0,Rear End,S,Injury,N,Front to Rear,Motor Vehicle in Transport,On Roadway,Non-Junction,N,Not at Intersection,Turnpike/Toll,Paved,Wet,None, , ,None, , ,N,N, , , , ,0,0,0,0,0,0,0,1,0,1,0,0,1.000000000000000,0.000000000000000,0,1,0,7200,"Mapped, On Network",-81.251374810900003,28.538749125399999,668429.632189000025392,506618.949665999971330,6/20/2019 3:09:47 PM,7071_6968
2812,2813,1,2812,13463,85460455,FHPD19OFF024971,FHP,Long,3/19/2019 0:00:00,01:02 PM,Orlando,Orange,SR-408 (EAST-WEST EXPRESSWAY),INTERSTATE 4 (SR-400),0,West,Off Road,3,0,0,0,N,Y,N,12000.000000000000000,Rain,Daylight,0,Off Road,E,Property Damage Only,Y,Angle,Concrete Traffic Barrier,On Roadway,Entrance/Exit Ramp,N,Not at Intersection,Turnpike/Toll,Paved,Wet,None, , ,None, , ,N,Y,Work on Shoulder or Median,Before the First Work Zone Warning Sign,N,N,0,0,0,0,0,0,0,0,0,0,0,0,0.000000000000000,0.000000000000000,0,1,0,12000,"Mapped, On Network",-81.389919266199996,28.535140911700001,654909.991426000022329,505924.343331000010949,6/7/2020 6:37:09 PM,8267_6679
2813,2814,1,2813,13509,88123709,FHPD19OFF040774,FHP,Long,5/4/2019 0:00:00,11:00 PM,Orlando,Orange,EB SR528 EXIT RAMP,NB SR417,50,South,Off Road,1,0,0,0,N,Y,N,6000.000000000000000,Cloudy,Dark - Lighted,0,Off Road,E,Property Damage Only,N,Other,Guardrail Face,Shoulder,Non-Junction,N,Not at Intersection,State,Paved,Wet,None, , ,None, , ,N,N, , , , ,0,0,0,0,0,0,0,0,0,0,0,0,0.000000000000000,0.000000000000000,0,0,1000,5000,"Mapped, Not On Network",-81.240149999699995,28.451250024800000,669743.121200000052340,496928.550600000016857,5/30/2019 3:07:03 PM,6666_8074
2814,2815,1,2814,13517,88077681,FHPD19OFF030384,FHP,Short,4/4/2019 0:00:00,06:05 PM,Orlando Expwy Auth,Orange,STATE RD 417 ENTRANCE RAMP,STATE RD 423,0,North,Rear End,3,0,0,0,N,N,N,3000.000000000000000,Clear,Daylight,0,Rear End,N,Property Damage Only,N,Front to Rear,Motor Vehicle in Transport,On Roadway,Non-Junction,N,Not at Intersection,Turnpike/Toll,Paved,Dry,None, , ,None, , ,N,N, , , , ,0,0,2,0,0,0,0,0,0,0,0,0,0.000000000000000,0.000000000000000,0,2,0,3000,"Mapped, Not On Network",-81.429850000000002,28.369340048800002,651394.525303000002168,487433.180924999993294,6/19/2019 12:52:37 PM,8287_8107
2815,2816,1,2815,13531,88081030,FHPD19OFF041898,FHP,Long,5/8/2019 0:00:00,04:55 PM,Orlando Expwy Auth,Orange,SB SR-429,KELLY PARK RD,5280,South,Sideswipe,3,0,0,0,N,N,N,91400.000000000000000,Clear,Daylight,0,Same Direction Sideswipe,S,Property Damage Only,Y,"Sideswipe, Same Direction",Motor Vehicle in Transport,On Roadway,Non-Junction,N,Not at Intersection,Turnpike/Toll,Paved,Dry,None, , ,None, , ,N,N, , , , ,0,0,0,0,0,0,0,0,0,0,0,0,0.000000000000000,0.000000000000000,0,1,400,91000,"Mapped, Not On Network",-81.543582979999996,28.650640239800001,639649.187952999956906,518440.320016000012401,6/13/2019 11:36:33 AM,5990_8339
2816,2817,1,2816,13563,88137389,FHPD19OFF041402,FHP,Long,5/7/2019 0:00:00,06:08 AM,Orlando Expwy Auth,Orange,STATE RD 417,STATE RD 528,5280,South,Sideswipe,3,0,0,0,N,N,N,6000.000000000000000,Clear,Dusk,0,Same Direction Sideswipe,S,Property Damage Only,N,Other,Other Non-Collision,On Roadway,Non-Junction,N,Not at Intersection,Turnpike/Toll,Paved,Dry,None, , ,None, , ,Y,N, , , , ,0,0,1,0,0,0,0,0,0,0,0,0,0.000000000000000,0.000000000000000,0,0,0,6000,"Mapped, On Network",-81.229710770899999,28.438157569700000,670795.924389000050724,495497.793684999982361,6/24/2019 10:41:00 AM,7999_8391
2817,2818,1,2817,13588,88064879,FHPD19OFF030824,FHP,Long,4/5/2019 0:00:00,07:10 PM,Orlando Expwy Auth,Orange,STATE ROAD 408 EB MM21,STATE ROAD 434,0,West,Rear End,2,0,0,0,N,N,N,5000.000000000000000,Clear,Daylight,0,Rear End,E,Property Damage Only,Y,Front to Rear,Motor Vehicle in Transport,On Roadway,Non-Junction,N,Not at Intersection,Turnpike/Toll,Paved,Dry,None, , ,None, , ,N,N, , , , ,0,0,0,0,0,0,0,0,0,0,0,0,0.000000000000000,0.000000000000000,0,1,0,5000,"Mapped, On Network",-81.211978732399999,28.548383349300000,672252.198267000028864,507774.984414000005927,6/12/2019 12:39:01 PM,6690_8041
2818,2819,1,2818,13589,88064878,FHPD19OFF030780,FHP,Long,4/5/2019 0:00:00,05:28 PM,Orlando Expwy Auth,Orange,STATE ROAD 408 EB MM21,STATE ROAD 434,0,West,Rear End,4,0,0,1,N,N,N,15000.000000000000000,Clear,Daylight,0,Rear End,E,Injury,Y,Front to Rear,Motor Vehicle in Transport,On Roadway,Non-Junction,N,Not at Intersection,Turnpike/Toll,Paved,Dry,None, , ,None, , ,N,N, , , , ,0,0,1,0,0,0,0,0,1,0,0,0,1.000000000000000,0.000000000000000,0,2,0,15000,"Mapped, On Network",-81.209889108300004,28.548611976899998,672455.642261000000872,507804.983507000026293,6/12/2019 12:39:15 PM,6690_8041
2819,2820,1,2819,13603,88913851,2019-00169887,Orlando PD,Long,5/5/2019 0:00:00,03:00 PM,Orlando,Orange,SR408 EB,CONWAY ROAD,500,West,Sideswipe,3,0,0,2,N,N,N,6000.000000000000000,Rain,Daylight,0,Same Direction Sideswipe, ,Injury,Y,"Sideswipe, Same Direction",Motor Vehicle in Transport,On Roadway,Non-Junction,N,Not at Intersection,State,Paved,Wet,None, , ,None, , ,N,N, , , , ,0,0,3,0,0,0,0,0,1,1,0,0,1.000000000000000,0.000000000000000,0,0,0,6000,"Mapped, On Network",-81.335962323399997,28.538221784800001,660171.420386999961920,506379.102624999999534,5/13/2019 2:17:20 PM,6227_8355
2820,2821,1,2820,13609,87252484,FHPD19OFF029979,FHP,Long,4/3/2019 0:00:00,04:45 PM,Orlando Expwy Auth,Orange,STATE ROAD 408 (EAST WEST EXPWY),STATE ROAD 435 (KIRKMAN RD),1000,West,Off Road,1,0,0,0,N,N,N,3000.000000000000000,Clear,Daylight,0,Off Road,E,Property Damage Only,Y,Other,Guardrail Face,Shoulder,Non-Junction,N,Not at Intersection,Turnpike/Toll,Paved,Dry,None, , ,None, , ,N,N, , , , ,0,0,0,0,0,0,0,0,0,0,0,0,0.000000000000000,0.000000000000000,0,0,1000,2000,"Mapped, On Network",-81.465149063799998,28.549691374900000,647530.611241000005975,507386.645069000020158,6/19/2019 12:48:10 PM,6068_8208
2821,2822,1,2821,13625,88124010,FHPD19OFF042883,FHP,Long,5/11/2019 0:00:00,12:04 PM,Orlando Expwy Auth,Orange,STATE ROAD 417 NORTHBOUND,MILE MARKER 30,0, ,Off Road,1,0,0,0,N,N,N,4000.000000000000000,Clear,Daylight,0,Off Road,N,Property Damage Only,N,Other,Other Fixed Object,On Roadway,Non-Junction,N,Not at Intersection,Turnpike/Toll,Paved,Dry,None, , ,None, , ,N,N, , , , ,0,0,1,0,0,0,0,0,0,0,0,0,0.000000000000000,0.000000000000000,0,0,0,4000,"Mapped, On Network",-81.250470000000007,28.517577192499999,668570.402693000040017,504270.234789000009187,6/12/2019 12:24:21 PM,8553_6689
2822,2823,1,2822,13637,88062267,FHPK19OFF026339,FHP,Short,5/8/2019 0:00:00,06:01 PM,Winter Garden,Orange,STATE ROAD 429,SCHOFIELD ROAD,750,South,Rear End,2,0,0,0,N,N,N,500.000000000000000,Cloudy,Daylight,0,Rear End,N,Property Damage Only,N,Front to Rear,Motor Vehicle in Transport,On Roadway,Non-Junction,N,Not at Intersection,Turnpike/Toll,Paved,Dry,None, , ,None, , ,N,N, , , , ,0,0,0,0,0,0,0,0,0,0,0,0,0.000000000000000,0.000000000000000,0,1,0,500,"Mapped, On Network",-81.638412177099994,28.438163219100002,630850.634372000000440,494667.115928000013810,6/24/2019 10:42:29 AM,6244_9706
2823,2824,1,2823,13638,88116741,FHPD19OFF042371,FHP,Long,5/9/2019 0:00:00,09:09 PM,Unincorporated,Orange,STATE ROAD 528 EB,MM30,0, ,Rear End,2,0,0,0,N,N,N,15000.000000000000000,Clear,Dark - Not Lighted,0,Rear End,E,Property Damage Only,N,Front to Rear,Motor Vehicle in Transport,On Roadway,Non-Junction,N,Not at Intersection,Interstate,Paved,Dry,None, , ,None, , ,N,N, , , , ,0,0,0,0,0,0,0,0,0,0,0,0,0.000000000000000,0.000000000000000,0,1,0,15000,"Mapped, On Network",-80.992377243999996,28.452423521800000,693952.233210999984294,497625.149404000025243,6/10/2019 1:13:54 PM,7061_8083
2824,2825,1,2824,13682,88081029,FHPD19OFF041300,FHP,Short,5/6/2019 0:00:00,04:27 PM,Orlando Expwy Auth,Orange,NB SR-429,WEST RD,5280,North,Sideswipe,2,0,0,0,N,N,N,7500.000000000000000,Cloudy,Daylight,0,Same Direction Sideswipe,N,Property Damage Only,Y,Front to Rear,Motor Vehicle in Transport,On Roadway,Non-Junction,N,Not at Intersection,Turnpike/Toll,Paved,Dry,None, , ,None, , ,N,N, , , , ,0,0,0,0,0,0,0,0,0,0,0,0,0.000000000000000,0.000000000000000,0,1,0,7500,"Mapped, On Network",-81.536982969999997,28.609895768900000,640383.373939999961294,513929.190194000024348,6/24/2019 10:37:04 AM,8460_6069
2825,2826,1,2825,13683,88077701,FHPD19OFF040811,FHP,Long,5/5/2019 0:00:00,06:16 AM,Orlando Expwy Auth,Orange,STATE RD 528 EXIT RAMP,STATE RD 417,50,West,Other,1,0,0,0,N,N,N,5500.000000000000000,Clear,Dusk,0,Single Vehicle,E,Property Damage Only,N,Other,Other Non-Collision,On Roadway,Non-Junction,N,Not at Intersection,Turnpike/Toll,Paved,Wet,Road Surface Condition, , ,None, , ,N,N, , , , ,0,0,0,0,0,0,0,0,0,0,0,0,0.000000000000000,0.000000000000000,0,1,1000,4500,"Mapped, Not On Network",-81.240149999699995,28.451250024800000,669743.121200000052340,496928.550600000016857,6/10/2019 1:01:23 PM,6666_8074
2826,2827,1,2826,13684,88076690,FHPK19OFF026318,FHP,Long,5/8/2019 0:00:00,05:13 PM,Winter Garden,Orange,STATE ROAD 429,OLD YMCA ROAD,100,North,Other,2,0,0,0,N,N,N,4000.000000000000000,Clear,Daylight,0,Other,N,Property Damage Only,N,Other,Cargo/Equipment Loss or Shift,On Roadway,Non-Junction,N,Not at Intersection,State,Paved,Dry,None, , ,None, , ,N,N, , , , ,0,0,0,0,0,0,0,0,0,0,0,0,0.000000000000000,0.000000000000000,0,1,0,4000,"Mapped, On Network",-81.638387092499997,28.438060276800002,630853.305081999977119,494655.732574999972712,6/10/2019 1:09:01 PM,6244_9706
2827,2828,1,2827,13685,88083276,FHPD19OFF040289,FHP,Long,5/3/2019 0:00:00,05:22 PM,Orlando Expwy Auth,Orange,SR408 EXIT RAMP,17MM,0, ,Rear End,3,0,0,0,N,Y,N,8500.000000000000000,Cloudy,Daylight,0,Rear End,E,Property Damage Only,N,Front to Rear,Motor Vehicle in Transport,On Roadway,Non-Junction,N,Not at Intersection,Turnpike/Toll,Paved,Dry,None, , ,None, , ,N,N, , , , ,0,0,0,0,0,0,0,0,0,0,0,0,0.000000000000000,0.000000000000000,0,2,0,8500,"Mapped, Not On Network",-81.268979999999999,28.547160049399999,666689.913270000019111,507514.602719000016805,6/10/2019 1:31:12 PM,8412_7015
2828,2829,1,2828,13686,88083280,FHPD19OFF040923,FHP,Long,5/5/2019 0:00:00,02:48 PM,Orlando Expwy Auth,Orange,MILE 24 SR-528-TOLL E,24MM,0, ,Off Road,1,0,0,0,N,N,N,7000.000000000000000,Rain,Daylight,0,Off Road,E,Property Damage Only,N,Other,Guardrail Face,Off Roadway,Non-Junction,N,Not at Intersection,Turnpike/Toll,Paved,Wet,None, , ,None, , ,N,N, , , , ,0,0,0,0,0,0,0,0,0,0,0,0,0.000000000000000,0.000000000000000,0,1,1000,6000,"Mapped, On Network",-81.100016327099993,28.451476985399999,683436.495180999976583,497268.064153000013903,6/5/2019 2:07:13 PM,6488_8109
2829,2830,1,2829,13691,87252482,FHPD19OFF027671,FHP,Long,3/27/2019 0:00:00,03:05 PM,Orlando Expwy Auth,Orange,STATE ROAD 417 (CTRL FLA GREENEWAY),STATE ROAD 528 (BEACHLINE EXPWY),5280,South,Other,2,0,0,0,N,N,N,500.000000000000000,Clear,Daylight,0,Other,N,Property Damage Only,Y,Other,"Struck by Falling, Shifting Cargo",On Roadway,Non-Junction,N,Not at Intersection,Turnpike/Toll,Paved,Dry,None, , ,None, , ,N,N, , , , ,0,0,0,0,0,0,0,0,0,0,0,0,0.000000000000000,0.000000000000000,0,0,0,500,"Mapped, On Network",-81.228895919699994,28.433767246599999,670886.518511999980547,495012.132365999976173,6/19/2019 12:48:48 PM,8538_6642
2830,2831,1,2830,13719,88081032,FHPD19OFF042288,FHP,Short,5/9/2019 0:00:00,05:09 PM,Orlando Expwy Auth,Orange,EB SR-408,DEAN ROAD,5280,West,Rear End,3,0,0,0,N,N,N,19000.000000000000000,Rain,Daylight,0,Rear End,E,Property Damage Only,Y,Front to Rear,Motor Vehicle in Transport,On Roadway,Non-Junction,N,Not at Intersection,Turnpike/Toll,Paved,Wet,None, , ,None, , ,N,N, , , , ,0,0,0,0,0,0,0,0,0,0,0,0,0.000000000000000,0.000000000000000,0,1,0,19000,"Mapped, On Network",-81.251687710300004,28.547314035700001,668377.882328000036068,507569.215634000021964,6/24/2019 10:45:48 AM,8027_6269
2831,2832,1,2831,13720,88081031,FHPD19OFF042280,FHP,Short,5/9/2019 0:00:00,04:50 PM,Orlando Expwy Auth,Orange,EB SR-408,SR-551,5280,East,Sideswipe,3,0,0,0,N,N,N,5120.000000000000000,Cloudy,Daylight,0,Same Direction Sideswipe,E,Property Damage Only,Y,"Sideswipe, Same Direction",Motor Vehicle in Transport,On Roadway,Non-Junction,N,Not at Intersection,Turnpike/Toll,Paved,Dry,None, , ,None, , ,N,N, , , , ,0,0,0,0,0,0,0,0,0,0,0,0,0.000000000000000,0.000000000000000,0,1,0,5120,"Mapped, On Network",-81.283100947400001,28.541613122000001,665324.767620999948122,506868.273456000024453,6/24/2019 10:46:14 AM,8408_8412
2832,2833,1,2832,13722,88049709,FHPK19OFF026483,FHP,Short,5/9/2019 0:00:00,11:45 AM,Unincorporated,Orange,STATE ROAD 408 (EAST WEST EXPRESSWAY),MILE MARKER 1,5280,East,Sideswipe,2,0,0,0,N,N,N,500.000000000000000,Cloudy,Daylight,0,Same Direction Sideswipe,W,Property Damage Only,N,"Sideswipe, Same Direction",Motor Vehicle in Transport,On Roadway,Non-Junction,Y,Not at Intersection,Turnpike/Toll,Paved,Dry,None, , ,None, , ,N,N, , , , ,0,0,1,0,0,0,0,0,0,0,0,0,0.000000000000000,0.000000000000000,0,0,0,500,"Mapped, On Network",-81.509755637799998,28.545528041499999,643184.670627000043169,506835.625429000006989,6/24/2019 10:45:06 AM,8150_8116
2833,2834,1,2833,13747,88083256,FHPD19OFF030554,FHP,Long,4/5/2019 0:00:00,08:41 AM,Orlando Expwy Auth,Orange,SR528,26MM,0, ,Rear End,2,0,0,0,N,N,N,8000.000000000000000,Clear,Daylight,0,Rear End,E,Property Damage Only,N,Front to Rear,Motor Vehicle in Transport,On Roadway,Non-Junction,N,Not at Intersection,Turnpike/Toll,Paved,Wet,None, , ,None, , ,N,N, , , , ,0,0,0,0,0,0,0,0,0,0,0,0,0.000000000000000,0.000000000000000,0,1,0,8000,"Mapped, On Network",-81.047906440600002,28.452064660200001,688527.046700999955647,497454.160268999985419,6/12/2019 12:40:08 PM,7008_7061
2834,2835,1,2834,13748,88105617,FHPK19OFF025271,FHP,Long,5/3/2019 0:00:00,05:25 PM,Winter Garden,Orange,STATE ROAD 429(DANIEL WEBSTER WESTERN BELTWAY,STATE ROAD 91(FLORIDAS TURNPIKE),5280,South,Rear End,3,0,0,0,N,N,N,15100.000000000000000,Clear,Daylight,0,Rear End,S,Property Damage Only,N,Front to Rear,Motor Vehicle in Transport,On Roadway,Non-Junction,N,Not at Intersection,State,Paved,Dry,None, , ,None, , ,N,N, , , , ,0,0,3,0,0,0,0,0,0,0,0,0,0.000000000000000,0.000000000000000,0,2,0,15100,"Mapped, On Network",-81.564150003699993,28.529406519300000,637908.854105000034906,504939.486776000005193,6/6/2019 2:42:10 PM,8524_6989
2835,2836,1,2835,13794,88077676,FHPD19OFF029642,FHP,Long,4/2/2019 0:00:00,05:18 PM,Orlando Expwy Auth,Orange,STATE RD 429,PLANT ST,300,North,Rear End,2,0,0,0,N,N,N,9000.000000000000000,Clear,Daylight,0,Rear End,N,Property Damage Only,N,Front to Rear,Motor Vehicle in Transport,On Roadway,Non-Junction,N,Not at Intersection,Turnpike/Toll,Paved,Dry,None, , ,None, , ,N,N, , , , ,0,0,0,0,0,0,0,0,0,0,0,0,0.000000000000000,0.000000000000000,0,1,0,9000,"Mapped, On Network",-81.556831168700000,28.574179089000001,638525.083136999979615,509924.903891000023577,6/4/2019 2:58:05 PM,8421_8425
2836,2837,1,2836,13815,88124004,FHPD19OFF037746,FHP,Short,4/26/2019 0:00:00,12:51 PM,Orlando Expwy Auth,Orange,STATE ROAD 417 NORTHBOUND OFF RAMP,JOHN YOUNG PKWY,0, ,Rear End,2,0,0,0,N,Y,N,2500.000000000000000,Clear,Daylight,0,Rear End,N,Property Damage Only,N,Front to Rear,Motor Vehicle in Transport,On Roadway,Entrance/Exit Ramp,N,Not at Intersection,Turnpike/Toll,Unpaved,Dry,None, , ,None, , ,N,N, , , , ,0,0,0,0,0,0,0,0,0,0,0,0,0.000000000000000,0.000000000000000,0,1,0,2500,"Mapped, Not On Network",-81.415549999999996,28.375380048899999,652778.992056000046432,488133.050249999971129,6/24/2019 1:20:25 PM,8107_8280
2837,2838,1,2837,13818,88049605,FHPD19OFF042277,FHP,Short,5/9/2019 0:00:00,04:57 PM,Orlando Expwy Auth,Orange,SR-417 (MM31),LAKE UNDERHILL ROAD,60,South,Rear End,2,0,0,0,N,N,N,0.000000000000000,Rain,Daylight,0,Rear End,S,Property Damage Only,N,Front to Rear,Motor Vehicle in Transport,On Roadway,Non-Junction,N,Not at Intersection,Turnpike/Toll,Paved,Wet,None, , ,None, , ,N,N, , , , ,0,0,0,0,0,0,0,0,0,0,0,0,0.000000000000000,0.000000000000000,0,0,0,0,"Mapped, On Network",-81.251475372399995,28.538955260900000,668419.302817999967374,506641.617641000018921,6/24/2019 10:46:38 AM,7071_6968
2838,2839,1,2838,13820,88071844,FHPK19OFF026844,FHP,Short,5/10/2019 0:00:00,06:57 PM,Winter Garden,Orange,SR429(DANIEL WEBSTER WESTERN BELTWAY),STATE ROAD 91 (FLORIDAS TURNPIKE),5280,South,Rear End,2,0,0,0,N,N,N,3500.000000000000000,Cloudy,Daylight,0,Rear End,N,Property Damage Only,N,Front to Rear,Motor Vehicle in Transport,On Roadway,Non-Junction,N,Not at Intersection,Interstate,Paved,Dry,None, , ,None, , ,N,N, , , , ,0,0,4,0,0,0,0,0,0,0,0,0,0.000000000000000,0.000000000000000,0,1,0,3500,"Mapped, On Network",-81.558164153199996,28.533291324699999,638484.871783999959007,505382.395485999993980,6/10/2019 11:25:38 AM,6231_8470
2839,2840,1,2839,13822,88049603,FHPD19OFF041880,FHP,Long,5/8/2019 0:00:00,04:04 PM,Orlando Expwy Auth,Orange,SR-417 (MM15),WYNDHAM LAKE BLVD,0,South,Rear End,2,0,0,0,N,N,N,4000.000000000000000,Clear,Daylight,0,Rear End,N,Property Damage Only,N,Front to Rear,Motor Vehicle in Transport,On Roadway,Non-Junction,N,Not at Intersection,Turnpike/Toll,Paved,Dry,None, , ,None, , ,N,N, , , , ,0,0,1,0,0,0,0,0,0,0,0,0,0.000000000000000,0.000000000000000,0,2,0,4000,"Mapped, Not On Network",-81.325520999999995,28.367100048800001,661603.101811000029556,487401.478312999999616,6/24/2019 10:44:20 AM,6324_6854
2840,2841,1,2840,13848,88081026,FHPD19OFF039952,FHP,Long,5/2/2019 0:00:00,06:35 PM,Orlando Expwy Auth,Orange,NB SR-417,SR-600,0,North,Sideswipe,5,0,0,2,N,N,N,34000.000000000000000,Rain,Daylight,0,Same Direction Sideswipe,N,Injury,Y,Front to Rear,Motor Vehicle in Transport,On Roadway,Non-Junction,N,Not at Intersection,Turnpike/Toll,Paved,Wet,None, , ,None, , ,N,N, , , , ,0,0,0,0,0,0,0,1,1,0,0,0,1.000000000000000,0.000000000000000,0,1,0,34000,"Mapped, On Network",-81.404035482400005,28.372311656099999,653912.207138999947347,487816.015842999971937,6/20/2019 3:14:37 PM,8017_6167
2841,2842,1,2841,13849,88081025,FHPD19OFF039914,FHP,Short,5/2/2019 0:00:00,04:50 PM,Orlando Expwy Auth,Orange,EB SR-408 EXIT RAMP,SR-435,20,West,Rear End,3,0,0,0,N,N,N,3500.000000000000000,Rain,Daylight,0,Rear End,E,Property Damage Only,Y,Front to Rear,Motor Vehicle in Transport,On Roadway,Entrance/Exit Ramp,N,Not at Intersection,Turnpike/Toll,Paved,Wet,None, , ,None, , ,N,N, , , , ,0,0,0,0,0,0,0,0,0,0,0,0,0.000000000000000,0.000000000000000,0,1,0,3500,"Mapped, Not On Network",-81.462169999899999,28.550120025100000,647820.498999999952503,507440.222499999974389,6/6/2019 2:43:19 PM,6068_8208
2842,2843,1,2842,13862,88081028,FHPD19OFF040292,FHP,Short,5/3/2019 0:00:00,05:20 PM,Orlando Expwy Auth,Orange,NB SR-417 EXIT RAMP,SR-600,5280,South,Rear End,2,0,0,0,N,N,N,12000.000000000000000,Cloudy,Daylight,0,Rear End,N,Property Damage Only,Y,Front to Rear,Motor Vehicle in Transport,On Roadway,Entrance/Exit Ramp,N,Not at Intersection,Turnpike/Toll,Paved,Wet,None, , ,None, , ,N,Y,Work on Shoulder or Median,Activity Area,N,N,0,0,0,0,0,0,0,0,0,0,0,0,0.000000000000000,0.000000000000000,0,2,0,12000,"Mapped, Not On Network",-81.412760000199995,28.375160024800000,653052.347999999998137,488114.342699999979232,6/6/2019 2:43:27 PM,8107_8280
2843,2844,1,2843,13867,87257332,FHPK19OFF026019,FHP,Long,5/7/2019 0:00:00,08:11 AM,Unincorporated,Orange,STATE ROAD 429 (WESTERN BELTWAY),STATE ROAD 91 (FLORIDA TURNPIKE),5280,South,Off Road,1,0,0,1,N,Y,N,17000.000000000000000,Clear,Daylight,0,Off Road,N,Injury,N,Unknown,Guardrail Face,Median,Through Roadway,N,Not at Intersection,State,Paved,Dry,None, , ,None, , ,N,N, , , , ,0,0,0,0,0,0,0,0,0,1,0,0,1.000000000000000,0.000000000000000,0,1,2000,15000,"Mapped, On Network",-81.557063747800001,28.536862894799999,638584.472918999963440,505781.090205000014976,6/20/2019 3:18:37 PM,6231_8470
2844,2845,1,2844,13928,88081011,FHPD19OFF030582,FHP,Short,4/5/2019 0:00:00,09:45 AM,Orlando Expwy Auth,Orange,NB SR-417,SR-600,5280,South,Sideswipe,2,0,0,0,N,N,N,9500.000000000000000,Cloudy,Daylight,0,Same Direction Sideswipe,N,Property Damage Only,Y,"Sideswipe, Same Direction",Motor Vehicle in Transport,On Roadway,Non-Junction,N,Not at Intersection,Turnpike/Toll,Paved,Wet,None, , ,None, , ,N,N, , , , ,0,0,0,0,0,0,0,0,0,0,0,0,0.000000000000000,0.000000000000000,0,1,0,9500,"Mapped, On Network",-81.419452962500003,28.375026002399999,652398.130968000041321,488085.745064000017010,6/19/2019 1:00:16 PM,8107_8280
2845,2846,1,2845,13931,88081012,FHPD19OFF030696,FHP,Long,4/5/2019 0:00:00,02:44 PM,Orlando Expwy Auth,Orange,EB SR-528,SR-15,21120,East,Rear End,2,0,0,0,N,N,N,3000.000000000000000,Cloudy,Daylight,0,Rear End,E,Property Damage Only,Y,Front to Rear,Motor Vehicle in Transport,On Roadway,Other,N,Not at Intersection,Turnpike/Toll,Paved,Dry,None, , ,None, , ,N,N, , , , ,0,0,0,0,0,0,0,0,0,0,0,0,0.000000000000000,0.000000000000000,0,1,0,3000,"Mapped, Not On Network",-81.270300000500001,28.448450024900001,666803.677400000044145,496552.077500000013970,6/12/2019 12:42:16 PM,6156_8052
2846,2847,1,2846,14000,88118089,FHPD19OFF029628,FHP,Long,4/2/2019 0:00:00,04:37 PM,Unincorporated,Orange,STATE ROAD-408 EB EXIT RAMP,HIAWASSEE ROAD,20,West,Rear End,2,0,0,1,N,N,N,0.000000000000000,Clear,Daylight,0,Rear End,E,Injury,N,Front to Rear,Motor Vehicle in Transport,On Roadway,Entrance/Exit Ramp,Y,Not at Intersection,State,Curb,Dry,None, , ,None, , ,N,N, , , , ,0,0,0,0,0,0,0,0,1,0,0,0,1.000000000000000,0.000000000000000,0,0,0,0,"Mapped, Not On Network",-81.483189999999993,28.549130024400000,645770.414400000008754,507288.231900000013411,6/3/2019 4:27:08 PM,8148_6298