FID,OBJECTID_1,Join_Count,TARGET_FID,OBJECTID,HSMV_Repor,Agency_Rep,Reporting_,Form_Type,Crash_Date,Crash_Time,City,County,Crash_Stre,Intersecti,Offset_Dis,Offset_Dir,Crash_Type,Vehicles,Non_Motori,Fatalities,Injuries,Alcohol_Re,Distractio,Drug_Relat,Estimated_,Weather_Co,Light_Cond,Street_Num,Crash_Ty_1,Crash_Ty_2,Crash_Seve,Within_Cit,Manner_of_,First_Harm,First_HE_L,First_HE_R,First_HE_W,Type_of_In,Road_Sys_I,Type_of_Sh,Road_Surf_,Contrib_Ci,Contrib__1,Contrib__2,Contrib__3,Contrib__4,Contrib__5,School_Bus,Work_Zone_,Type_of_Wo,Loc_in_Wor,Workers_in,Law_Enforc,Mopeds,Motorcycle,Passengers,Bicyclists,Pedestrian,Fataliti_1,Injuries_U,Possible_I,Non_Incapa,Incapacita,Fataliti_2,Non_Traffi,Transporte,Transpor_1,Transpor_2,Citations,Property_D,Vehicle_Dm,S4_Mapping,S4_Decimal,S4_Decim_1,S4_Albers_,S4_Albers1,S4_Mappi_1,zone_id_st
2847,2848,1,2847,14026,88913838,2019-00155543,Orlando PD,Long,4/25/2019 0:00:00,06:55 AM,Orlando,Orange,CENTRAL FLORIDA GREENEWAY NBO (SR 417),LAKE NONA BLVD,0,East,Rear End,2,0,0,0,N,N,N,8150.000000000000000,Clear,Daylight,0,Rear End,E,Property Damage Only,Y,Front to Rear,Motor Vehicle in Transport,On Roadway,Non-Junction,N,Not at Intersection,Turnpike/Toll,Paved,Dry,None, , ,None, , ,N,N, , , , ,0,0,0,0,0,0,0,0,0,0,0,0,0.000000000000000,0.000000000000000,0,0,3000,5150,"Mapped, On Network",-81.323069342400004,28.366999511700001,661843.114427000051364,487395.519015999976546,6/5/2019 3:26:43 PM,6854_11007
2848,2849,1,2848,14043,88132927,FHPD19OFF038293,FHP,Long,4/27/2019 0:00:00,09:15 PM,Orlando,Orange,SR 408 (EAST-WEST EXPY),MM 5,100,West,Off Road,1,0,0,1,N,N,N,3500.000000000000000,Clear,Dark - Lighted,0,Off Road,E,Injury,N,Other,Guardrail Face,Off Roadway,Non-Junction,N,Not at Intersection,State,Paved,Dry,None, , ,None, , ,N,N, , , , ,0,1,0,0,0,0,0,1,0,0,0,0,1.000000000000000,0.000000000000000,0,0,0,3500,"Mapped, On Network",-81.452194226900005,28.548188398099999,648798.932244000025094,507245.837274999998044,5/30/2019 3:05:24 PM,8205_6294
2849,2850,1,2849,14055,88077682,FHPD19OFF030801,FHP,Short,4/5/2019 0:00:00,06:02 PM,Orlando Expwy Auth,Orange,STATE RD 408,STATE RD 434 ALAFAYA TRL,0,West,Rear End,2,0,0,0,N,N,N,2500.000000000000000,Clear,Daylight,0,Rear End,E,Property Damage Only,N,Front to Rear,Motor Vehicle in Transport,On Roadway,Non-Junction,N,Not at Intersection,Turnpike/Toll,Paved,Dry,None, , ,None, , ,N,Y,Work on Shoulder or Median,Activity Area,N,N,0,0,0,0,0,0,0,0,0,0,0,0,0.000000000000000,0.000000000000000,0,1,0,2500,"Mapped, On Network",-81.210254356999997,28.548529384599998,672420.189123000018299,507795.006570000026841,6/18/2019 4:25:28 PM,6690_8041
2850,2851,1,2850,14056,88083255,FHPD19OFF030523,FHP,Long,4/5/2019 0:00:00,07:51 AM,Orlando Expwy Auth,Orange,SR408,16MM,0, ,Rear End,2,0,0,2,N,N,N,6000.000000000000000,Rain,Daylight,0,Rear End,W,Injury,N,Front to Rear,Motor Vehicle in Transport,On Roadway,Non-Junction,N,Not at Intersection,Turnpike/Toll,Paved,Wet,None, , ,None, , ,N,N, , , , ,0,0,0,0,0,0,0,1,1,0,0,0,1.000000000000000,0.000000000000000,0,1,0,6000,"Mapped, On Network",-81.282566653999993,28.542107484799999,665375.727024000021629,506924.311706000007689,6/12/2019 12:41:57 PM,6918_8406
2851,2852,1,2851,14087,88083281,FHPD19OFF041011,FHP,Long,5/5/2019 0:00:00,06:21 PM,Orlando Expwy Auth,Orange,SR528,22MM,0, ,Off Road,1,0,0,2,N,N,N,4500.000000000000000,Cloudy,Daylight,0,Off Road,S,Injury,N,Other,Fence,Off Roadway,Non-Junction,N,Not at Intersection,Turnpike/Toll,Paved,Wet,None, , ,None, , ,N,N, , , , ,0,0,1,0,0,0,0,1,1,0,0,0,1.000000000000000,0.000000000000000,0,1,500,4000,"Mapped, On Network",-81.233849681999999,28.406472504600000,670470.340295000001788,491970.761210999975447,6/20/2019 3:21:18 PM,6174_8596
2852,2853,1,2852,14088,88083279,FHPD19OFF040691,FHP,Long,5/4/2019 0:00:00,06:14 PM,Orlando Expwy Auth,Orange,SR408,20MM,0, ,Rear End,2,0,0,0,N,N,N,3000.000000000000000,Cloudy,Daylight,0,Rear End,E,Property Damage Only,N,Front to Rear,Motor Vehicle in Transport,On Roadway,Non-Junction,N,Not at Intersection,Turnpike/Toll,Paved,Dry,None, , ,None, , ,N,N, , , , ,0,0,0,0,0,0,0,0,0,0,0,0,0.000000000000000,0.000000000000000,0,0,0,3000,"Mapped, On Network",-81.218865174200005,28.547633378800001,671581.724903000053018,507676.531996999983676,6/24/2019 10:34:00 AM,8077_8070
2853,2854,1,2853,14089,88083278,FHPD19OFF040663,FHP,Long,5/4/2019 0:00:00,04:44 PM,Orlando Expwy Auth,Orange,SR417 EXIT RAMP,SR408,0, ,Off Road,1,0,0,0,N,N,N,6000.000000000000000,Cloudy,Daylight,0,Off Road,S,Property Damage Only,N,Other,Concrete Traffic Barrier,Off Roadway,Non-Junction,N,Not at Intersection,Turnpike/Toll,Paved,Wet,None, , ,None, , ,N,N, , , , ,0,0,0,0,0,0,0,0,0,0,0,0,0.000000000000000,0.000000000000000,0,1,0,6000,"Mapped, Not On Network",-81.258260000199996,28.547800025099999,667734.991799999959767,507608.887600000016391,6/10/2019 12:46:33 PM,11876_8570
2854,2855,1,2854,14092,88914524,2019-00148883,Orlando PD,Short,4/20/2019 0:00:00,09:55 AM,Orlando,Orange,SR408 AND EXIT 14,EAST WEST EXPRESSWAY (SR408/EXIT 14,0,East,Other,1,0,0,0,N,N,N,4000.000000000000000,Cloudy,Daylight,0,Single Vehicle,E,Property Damage Only,Y,"Sideswipe, Same Direction",Motor Vehicle in Transport,On Roadway,Non-Junction,Y,Not at Intersection,State,Paved,Dry,None,None,None,None,None,None,N,N, , , , ,0,0,0,0,0,0,0,0,0,0,0,0,0.000000000000000,0.000000000000000,0,0,0,4000,"Mapped, On Network",-81.337499150300005,28.538153002400001,660021.521254000021145,506368.224219000025187,5/30/2019 4:28:11 PM,6227_8355
2855,2856,1,2855,14186,88910569,2019-00172900,Orlando PD,Short,5/7/2019 0:00:00,04:48 PM,Orlando,Orange,SR 528 EBO,S GOLDENROD RD (SR 551),0, ,Rear End,2,0,0,0,N,N,N,2000.000000000000000,Clear,Daylight,0,Rear End,E,Property Damage Only,Y,Front to Rear,Motor Vehicle in Transport,On Roadway,Non-Junction,N,Not at Intersection,State,Paved,Dry,None, , ,None, , ,N,N, , , , ,0,0,0,0,0,0,0,0,0,0,0,0,0.000000000000000,0.000000000000000,0,0,0,2000,"Mapped, On Network",-81.294173398900000,28.450314713899999,664466.099501000018790,496707.686677000019699,6/24/2019 10:38:13 AM,8190_8186
2856,2857,1,2856,14194,88915487,2019-00165822,Orlando PD,Short,5/2/2019 0:00:00,03:20 PM,Orlando,Orange,SR 408,EXIT RAMP TO EBO SR 400 (INTERSTATE 4),50,West,Rear End,2,0,0,0,N,N,N,2250.000000000000000,Rain,Daylight,0,Rear End,E,Property Damage Only,Y,Front to Rear,Motor Vehicle in Transport,On Roadway,Non-Junction,N,Not at Intersection,State,Paved,Wet,None, , ,None, , ,N,N, , , , ,0,0,1,0,0,0,0,0,0,0,0,0,0.000000000000000,0.000000000000000,0,0,0,2250,"Mapped, On Network",-81.386023101800006,28.535160264900000,655290.402527000056580,505934.552120000007562,6/24/2019 10:30:47 AM,6679_6276
2857,2858,1,2857,14203,88037161,FHPD19OFF029215,FHP,Long,4/1/2019 0:00:00,10:47 AM,Orlando Expwy Auth,Orange,STATE ROAD 417 NORTHBOUND,MILE MARKER 10,0, ,Sideswipe,2,0,0,0,N,N,N,1000.000000000000000,Clear,Daylight,0,Same Direction Sideswipe,N,Property Damage Only,N,"Sideswipe, Same Direction",Motor Vehicle in Transport,On Roadway,Non-Junction,N,Not at Intersection,Turnpike/Toll,Paved,Dry,None, , ,None, , ,N,N, , , , ,0,0,0,0,0,0,0,0,0,0,0,0,0.000000000000000,0.000000000000000,0,0,0,1000,"Mapped, On Network",-81.429819610400003,28.369366788699999,651397.435480999993160,487436.211875999986660,6/4/2019 2:58:14 PM,8287_8107
2858,2859,1,2858,14204,88037160,FHPD19OFF029164,FHP,Long,4/1/2019 0:00:00,07:20 AM,Orlando Expwy Auth,Orange,STATE ROAD 408 WESTBOUND,MILE MARKER 20,0, ,Rear End,2,0,0,1,N,Y,N,7000.000000000000000,Clear,Daylight,0,Rear End,W,Injury,N,Front to Rear,Motor Vehicle in Transport,On Roadway,Non-Junction,N,Not at Intersection,Turnpike/Toll,Paved,Dry,None, , ,None, , ,N,Y,Intermittent or Moving Work,Activity Area,N,N,0,0,0,0,0,0,0,1,0,0,0,0,1.000000000000000,0.000000000000000,0,1,0,7000,"Mapped, On Network",-81.218850000000003,28.547620049399999,671583.239821000024676,507675.085490000026766,6/4/2019 2:58:20 PM,8077_8070
2859,2860,1,2859,14205,88105993,FHPD19OFF026463,FHP,Long,3/24/2019 0:00:00,01:07 AM,Orlando,Orange,STATE ROAD 417(CENTRAL FLORIDA GREENEWAY),MILE MARKER 31,0, ,Rear End,2,0,0,1,N,N,N,2500.000000000000000,Clear,Dark - Lighted,0,Rear End,N,Injury,N,Angle,Motor Vehicle in Transport,On Roadway,Non-Junction,N,Not at Intersection,State,Paved,Dry,None, , ,None, , ,N,N, , , , ,0,0,1,0,0,0,0,1,0,0,0,0,0.000000000000000,0.000000000000000,0,0,0,2500,"Mapped, On Network",-81.250755032000001,28.532070049400001,668506.685178000014275,505878.732504000014160,5/31/2019 10:22:17 AM,6689_11878
2860,2861,1,2860,14248,85314845,FHPK19OFF025522,FHP,Short,5/4/2019 0:00:00,09:55 PM,Winter Garden,Orange,STATE ROAD 429,OLD YMCA ROAD,0, ,Rear End,2,0,0,0,N,N,N,500.000000000000000,Rain,Dark - Not Lighted,0,Rear End,N,Property Damage Only,N,Front to Rear,Motor Vehicle in Transport,On Roadway,Non-Junction,N,Not at Intersection,Turnpike/Toll,Paved,Wet,None, , ,None, , ,N,N, , , , ,0,0,0,0,0,0,0,0,0,0,0,0,0.000000000000000,0.000000000000000,0,0,0,500,"Mapped, On Network",-81.642456538600001,28.448122222999999,630434.193348999950103,495765.361200999992434,6/21/2019 7:33:17 PM,9706_9710
2861,2862,1,2861,14275,88915752,2019-00164544,Orlando PD,Short,5/1/2019 0:00:00,06:08 PM,Orlando,Orange,SR 528 EBO (BEACHLINE EXPRESSWAY),SR 436 (S SEMORAN BV) EXIT RAMP,800,West,Rear End,3,0,0,0,N,N,N,4000.000000000000000,Clear,Daylight,0,Rear End,E,Property Damage Only,Y,Front to Rear,Motor Vehicle in Transport,On Roadway,Non-Junction,N,Not at Intersection,State,Paved,Wet,None, , ,None, , ,N,N, , , , ,0,0,0,0,0,0,0,0,0,0,0,0,0.000000000000000,0.000000000000000,0,0,0,4000,"Mapped, On Network",-81.316281185999998,28.539738355699999,662089.523843999952078,506589.163874000019860,6/24/2019 10:28:12 AM,6309_6301
2862,2863,1,2862,14325,88914430,2019-00131796,Orlando PD,Short,4/8/2019 0:00:00,08:43 AM,Orlando,Orange,SR 408 WBO,MILLS AVE EXIT RAMP,2640,East,Rear End,2,0,0,0,N,N,N,500.000000000000000,Clear,Daylight,0,Rear End,W,Property Damage Only,Y,Front to Rear,Motor Vehicle in Transport,On Roadway,Non-Junction,N,Not at Intersection,State,Paved,Dry,None, , ,None, , ,N,N, , , , ,0,0,3,0,0,0,0,0,0,0,0,0,0.000000000000000,0.000000000000000,0,0,0,500,"Mapped, On Network",-81.351301818200000,28.538417041799999,658673.122008000034839,506368.511621000012383,5/30/2019 3:06:12 PM,6185_8318
2863,2864,1,2863,14394,88109436,FHPD19OFF024356,FHP,Long,3/17/2019 0:00:00,02:42 AM,Unincorporated,Orange,STATE ROAD 417 (CENTRAL FLORIDA GREENEWAY),UNIVERSITY BOULEVARD,5280,South,Off Road,1,0,0,0,N,N,N,4000.000000000000000,Rain,Dark - Lighted,0,Off Road,S,Property Damage Only,N,Other,Concrete Traffic Barrier,On Roadway,Non-Junction,N,Not at Intersection,State,Paved,Wet,None, , ,None, , ,N,N, , , , ,0,0,1,0,0,0,0,0,0,0,0,0,0.000000000000000,0.000000000000000,0,0,0,4000,"Mapped, On Network",-81.253660462400006,28.604145141800000,668044.721277000033297,513874.767646000022069,6/11/2019 3:54:04 PM,8449_5988
2864,2865,1,2864,14484,88019524,FHPK19OFF014628,FHP,Long,3/14/2019 0:00:00,05:18 PM,Winter Garden,Orange,STATE ROAD 429,MM11,0, ,Rear End,3,0,0,1,N,N,N,14250.000000000000000,Cloudy,Daylight,0,Rear End,N,Injury,N,Front to Rear,Motor Vehicle in Transport,On Roadway,Non-Junction,N,Not at Intersection,Turnpike/Toll,Paved,Dry,None, , ,None, , ,N,N, , , , ,0,0,1,0,0,0,0,1,0,0,0,0,0.000000000000000,0.000000000000000,0,2,0,14250,"Mapped, On Network",-81.632577819600002,28.420530049000000,631458.479474000050686,492720.133123999985401,6/12/2019 11:45:51 AM,6244_9706
2865,2866,1,2865,14547,88064409,FHPL19OFF023960,FHP,Long,4/12/2019 0:00:00,01:35 PM,Winter Garden,Orange,STATE ROAD 429,MALCOLM ROAD,150,South,Other,2,1,0,1,N,N,N,1500.000000000000000,Clear,Daylight,0,Parked Vehicle,N,Injury,N,Other,Other Non-Fixed Object,On Roadway,Non-Junction,N,Not at Intersection,Turnpike/Toll,Paved,Dry,None, , ,None, , ,N,N, , , , ,0,0,0,0,0,0,0,1,0,0,0,0,0.000000000000000,0.000000000000000,0,1,0,1500,"Mapped, On Network",-81.626509999999996,28.487280049199999,631908.972831999999471,500143.181296999973711,6/18/2019 4:27:21 PM,8037_6764
2866,2867,1,2866,14631,88911617,2019-00094789,Orlando PD,Long,3/11/2019 0:00:00,05:31 PM,Orlando,Orange,SR 408,TAMPA AVENUE,0, ,Rear End,2,0,0,2,N,N,N,5000.000000000000000,Clear,Daylight,0,Rear End,E,Injury,Y,Front to Rear,Motor Vehicle in Transport,On Roadway,Non-Junction,N,Not at Intersection,State,Paved,Dry,None, , ,None, , ,N,N, , , , ,0,0,0,0,0,0,0,1,1,0,0,0,1.000000000000000,0.000000000000000,0,0,0,5000,"Mapped, On Network",-81.407689112200003,28.537900080099998,653168.338967000017874,506194.089541999972425,5/20/2019 5:50:14 PM,8213_8169
2867,2868,1,2867,14644,85556723,FHPD19OFF020924,FHP,Long,3/7/2019 0:00:00,08:55 AM,Unincorporated,Orange,SR528 MM24 WB,DALLAS BLVD,400,West,Rear End,2,0,0,0,N,Y,N,5832.000000000000000,Clear,Daylight,0,Rear End,W,Property Damage Only,N,Front to Rear,Motor Vehicle in Transport,On Roadway,Non-Junction,N,Not at Intersection,State,Paved,Dry,None, , ,None, , ,N,N, , , , ,0,0,0,0,0,0,0,0,0,0,0,0,0.000000000000000,0.000000000000000,0,1,0,5832,"Mapped, On Network",-81.091444178600000,28.451754816699999,684273.430760000017472,497318.642608999973163,6/20/2019 10:22:25 AM,6322_8112
2868,2869,1,2868,14654,88027530,FHPK19OFF014962,FHP,Long,3/15/2019 0:00:00,08:09 PM,Winter Garden,Orange,STATE ROAD 429,REAVES ROAD,100,South,Rear End,2,0,0,0,N,N,N,5500.000000000000000,Cloudy,Dark - Lighted,0,Rear End,N,Property Damage Only,N,Front to Rear,Motor Vehicle in Transport,On Roadway,Entrance/Exit Ramp,Y,Not at Intersection,Turnpike/Toll,Paved,Dry,None, , ,None, , ,N,N, , , , ,0,0,2,0,0,0,0,0,0,0,0,0,0.000000000000000,0.000000000000000,0,0,0,5500,"Mapped, On Network",-81.577738145900000,28.523139281999999,636595.545769999967888,504217.464621999999508,6/12/2019 10:10:23 AM,8462_6231
2869,2870,1,2869,14655,88037152,FHPD19OFF024457,FHP,Long,3/17/2019 0:00:00,01:48 PM,Orlando Expwy Auth,Orange,STATE ROAD 417 NORTHBOUND,MILE MARKER 32,0, ,Sideswipe,2,0,0,1,N,N,N,6000.000000000000000,Clear,Daylight,0,Same Direction Sideswipe,N,Injury,N,"Sideswipe, Same Direction",Motor Vehicle in Transport,On Roadway,Non-Junction,N,Not at Intersection,Turnpike/Toll,Paved,Dry,None, , ,None, , ,N,N, , , , ,0,0,3,0,0,0,0,1,0,0,0,0,0.000000000000000,0.000000000000000,0,1,0,6000,"Mapped, On Network",-81.251184409900006,28.539097632600001,668447.360916999983601,506658.058300999982748,6/12/2019 11:45:33 AM,6689_11878
2870,2871,1,2870,14676,88083253,FHPD19OFF030186,FHP,Long,4/4/2019 0:00:00,09:10 AM,Orlando Expwy Auth,Orange,SR429,27MM,0, ,Other,2,0,0,0,N,N,N,550.000000000000000,Clear,Daylight,0,Parked Vehicle,N,Property Damage Only,N,"Sideswipe, Same Direction",Motor Vehicle in Transport,On Roadway,Non-Junction,N,Not at Intersection,Turnpike/Toll,Paved,Dry,None, , ,None, , ,N,N, , , , ,0,0,0,0,0,0,0,0,0,0,0,0,0.000000000000000,0.000000000000000,0,1,0,550,"Mapped, On Network",-81.537221918100002,28.607274612699999,640365.869582999963313,513637.689412000006996,6/10/2019 11:00:36 AM,8460_6069
2871,2872,1,2871,14704,88063642,FHPK19OFF014046,FHP,Long,3/11/2019 0:00:00,04:55 PM,Unincorporated,Orange,STATE ROAD 408 (EASTWEST EXPRESSWAY),MILE MARKER 1 (GOOD HOMES ROAD),0,West,Rear End,2,0,0,0,N,Y,N,4000.000000000000000,Clear,Daylight,0,Rear End,W,Property Damage Only,N,Front to Rear,Motor Vehicle in Transport,On Roadway,Non-Junction,N,Not at Intersection,Turnpike/Toll,Paved,Dry,None, , ,None, , ,N,N, , , , ,0,0,0,0,0,0,0,0,0,0,0,0,0.000000000000000,0.000000000000000,0,1,0,4000,"Mapped, On Network",-81.508876577300001,28.545363382700000,643270.872934999992140,506819.076720000011846,5/29/2019 3:58:16 PM,8114_8152
2872,2873,1,2872,14719,88105810,FHPK19OFF013937,FHP,Long,3/11/2019 0:00:00,07:45 AM,Ocoee,Orange,STATE ROAD 429,FLORIDA TURNPIKE (STATE ROAD 91),10560,South,Other,2,0,0,0,N,N,N,17700.000000000000000,Clear,Daylight,0,Other,N,Property Damage Only,N,Other,Other Non-Fixed Object,On Roadway,Non-Junction,N,Not at Intersection,Turnpike/Toll,Paved,Dry,None, , ,None, , ,N,N, , , , ,0,0,0,0,0,0,0,0,0,0,0,0,0.000000000000000,0.000000000000000,0,0,0,17700,"Mapped, On Network",-81.566992575800001,28.528453442000000,637633.345050000003539,504828.181535999989137,6/20/2019 10:19:00 AM,8524_6989
2873,2874,1,2873,14731,87221252,FHPK19OFF015233,FHP,Long,3/17/2019 0:00:00,02:40 AM,Winter Garden,Orange,MILE 18 STATE ROAD 429,WINTER GARDEN VINELAND ROAD,5280,South,Off Road,1,0,0,0,N,N,N,4000.000000000000000,Cloudy,Dark - Not Lighted,0,Off Road,S,Property Damage Only,N,Other,Guardrail End,Median,Non-Junction,N,Not at Intersection,Turnpike/Toll,Paved,Dry,None, , ,None, , ,N,N, , , , ,0,0,0,0,0,0,0,0,0,0,0,0,0.000000000000000,0.000000000000000,0,1,2000,2000,"Mapped, On Network",-81.606338598899995,28.511466687700000,633827.497457999968901,502866.846797999984119,6/12/2019 10:19:53 AM,6233_6759
2874,2875,1,2874,14816,88037150,FHPD19OFF023903,FHP,Short,3/15/2019 0:00:00,06:10 PM,Orlando Expwy Auth,Orange,STATE ROAD 417 NORTHBOUND,MILE MARKER 6,0, ,Rear End,2,0,0,0,N,Y,N,2500.000000000000000,Clear,Daylight,0,Rear End,N,Property Damage Only,N,Front to Rear,Motor Vehicle in Transport,On Roadway,Non-Junction,N,Not at Intersection,Turnpike/Toll,Paved,Dry,None, , ,None, , ,N,N, , , , ,0,0,4,0,0,0,0,0,0,0,0,0,0.000000000000000,0.000000000000000,0,1,0,2500,"Mapped, On Network",-81.474316881899995,28.355602874300001,647076.936834999942221,485818.026159000000916,6/12/2019 10:08:24 AM,8581_7010
2875,2876,1,2875,14871,88037149,FHPD19OFF021494,FHP,Long,3/8/2019 0:00:00,03:43 PM,Orlando Expwy Auth,Orange,STATE ROAD 417 NORTHBOUND,MILE MARKER 22,0, ,Sideswipe,2,0,0,1,N,Y,N,12000.000000000000000,Clear,Daylight,0,Same Direction Sideswipe,N,Injury,N,"Sideswipe, Same Direction",Motor Vehicle in Transport,On Roadway,Non-Junction,N,Not at Intersection,Turnpike/Toll,Paved,Dry,None, , ,None, , ,N,N, , , , ,0,0,0,0,0,0,0,0,1,0,0,0,1.000000000000000,0.000000000000000,0,1,0,12000,"Mapped, On Network",-81.236273920200006,28.404695049000001,670237.765081000048667,491768.097639999992680,5/29/2019 3:58:31 PM,8598_8531
2876,2877,1,2876,14975,88912812,2019-00090261,Orlando PD,Long,3/8/2019 0:00:00,09:32 AM,Orlando,Orange,SR 408 WEST,I4 EAST (SR 400) EXIT,5280,East,Rear End,2,0,0,2,N,Y,N,15000.000000000000000,Clear,Daylight,0,Rear End,W,Injury,Y,Front to Rear,Motor Vehicle in Transport,On Roadway,Non-Junction,N,Not at Intersection,State,Paved,Dry,None, , ,None, , ,N,N, , , , ,0,0,0,0,0,0,0,1,1,0,0,0,1.000000000000000,0.000000000000000,0,1,0,15000,"Mapped, On Network",-81.360841041499995,28.538150038300000,657742.293992000049911,506318.891986000002362,6/20/2019 3:51:13 PM,8309_8313
2877,2878,1,2877,14981,88100031,FHPD19OFF036616,FHP,Long,4/23/2019 0:00:00,08:47 AM,Orlando,Orange,STATE ROAD 417 NORTHBOUND,MILE MARKER 10,0,North,Rear End,2,0,0,2,N,N,N,2000.000000000000000,Clear,Daylight,0,Rear End,N,Injury,N,Front to Rear,Motor Vehicle in Transport,On Roadway,Non-Junction,N,Not at Intersection,Turnpike/Toll,Paved,Dry,None, , ,None, , ,N,N, , , , ,0,0,1,0,0,0,0,2,0,0,0,0,0.000000000000000,0.000000000000000,0,0,0,2000,"Mapped, Not On Network",-81.415549999999996,28.375380048899999,652778.992056000046432,488133.050249999971129,6/20/2019 3:56:39 PM,8107_8280
2878,2879,1,2878,15045,88027262,FHPD19OFF022839,FHP,Long,3/12/2019 0:00:00,05:40 PM,Orlando Expwy Auth,Orange,SR-417,NARCOOSSEE ROAD,1000,North,Rear End,4,0,0,2,N,N,N,30000.000000000000000,Clear,Daylight,0,Rear End,S,Injury,N,Front to Rear,Other Non-Collision,On Roadway,Entrance/Exit Ramp,N,Not at Intersection,Turnpike/Toll,Paved,Dry,None, , ,None, , ,N,N, , , , ,0,0,2,0,0,0,0,1,1,0,0,0,0.000000000000000,0.000000000000000,0,1,0,30000,"Mapped, On Network",-81.239049978400004,28.403547613000001,669969.219720000051893,491634.618613999977242,3/28/2019 5:06:44 PM,8596_8510
2879,2880,1,2879,15079,88913085,2019-00104107,Orlando PD,Long,3/18/2019 0:00:00,06:17 AM,Orlando,Orange,EAST/WEST EXPRESSWAY EBO,CONWAY RD,0,West,Sideswipe,2,0,0,0,N,N,N,10000.000000000000000,Cloudy,Dark - Lighted,0,Same Direction Sideswipe, ,Property Damage Only,Y,"Sideswipe, Same Direction",Motor Vehicle in Transport,On Roadway,Non-Junction,N,Not at Intersection,State,Paved,Dry,None, , ,None, , ,N,N, , , , ,0,0,3,0,0,0,0,0,0,0,0,0,0.000000000000000,0.000000000000000,0,0,0,10000,"Mapped, On Network",-81.336161065900001,28.538237812500000,660151.975653999950737,506380.462880000006407,6/4/2019 9:53:41 AM,6227_8355
2880,2881,1,2880,15103,88912618,2019-00091549,Orlando PD,Short,3/9/2019 0:00:00,07:19 AM,Orlando,Orange,SR 417 NBO,LAKE NONA BV EXIT RAMP,400,South,Animal,1,0,0,0,N,N,N,500.000000000000000,Clear,Daylight,0,Animal,N,Property Damage Only,Y,Other,Animal,On Roadway,Non-Junction,N,Not at Intersection,State,Curb,Dry,None, , ,Animal(s) in Roadway, , ,N,N, , , , ,0,0,0,0,0,0,0,0,0,0,0,0,0.000000000000000,0.000000000000000,0,0,0,500,"Mapped, On Network",-81.285394545900004,28.375929138699998,665505.842300000018440,488467.534979999996722,5/29/2019 2:42:23 PM,8600_8520
2881,2882,1,2881,15106,88064882,FHPD19OFF031364,FHP,Long,4/7/2019 0:00:00,04:04 PM,Orlando Expwy Auth,Orange,STATE ROAD 528 EB MM24,DALLAS BLVD,10560,East,Sideswipe,2,0,0,0,N,N,N,1500.000000000000000,Clear,Daylight,0,Same Direction Sideswipe,E,Property Damage Only,Y,"Sideswipe, Same Direction",Motor Vehicle in Transport,On Roadway,Non-Junction,N,Not at Intersection,Turnpike/Toll,Paved,Dry,None, , ,None, , ,N,N, , , , ,0,0,5,0,0,0,0,0,0,0,0,0,0.000000000000000,0.000000000000000,0,0,0,1500,"Mapped, On Network",-81.072868317000001,28.451789612199999,686088.547537000034936,497365.464925999986008,6/10/2019 11:02:24 AM,8109_6321
2882,2883,1,2882,15142,88083234,FHPD19OFF022873,FHP,Long,3/12/2019 0:00:00,07:32 PM,Orlando Expwy Auth,Orange,SR417,25MM,0, ,Rear End,3,0,0,4,N,N,N,15600.000000000000000,Clear,Dark - Lighted,0,Rear End,N,Injury,N,Front to Rear,Motor Vehicle in Transport,On Roadway,Non-Junction,N,Not at Intersection,Turnpike/Toll,Paved,Dry,None, , ,None, , ,N,N, , , , ,0,0,1,0,0,0,0,1,3,0,0,0,3.000000000000000,0.000000000000000,0,1,600,15000,"Mapped, On Network",-81.229158243100002,28.435935556299999,670855.469292000052519,495252.300332000013441,5/29/2019 3:55:23 PM,6642_7993
2883,2884,1,2883,15143,88083233,FHPD19OFF022834,FHP,Short,3/12/2019 0:00:00,05:33 PM,Orlando Expwy Auth,Orange,SR408,16MM,0, ,Rear End,2,0,0,0,N,N,N,1000.000000000000000,Clear,Daylight,0,Rear End,E,Property Damage Only,N,Front to Rear,Motor Vehicle in Transport,On Roadway,Non-Junction,N,Not at Intersection,Turnpike/Toll,Paved,Dry,None, , ,None, , ,N,N, , , , ,0,0,0,0,0,0,0,0,0,0,0,0,0.000000000000000,0.000000000000000,0,1,0,1000,"Mapped, On Network",-81.282759999999996,28.541820049399998,665357.551868999958970,506891.982009000028484,5/29/2019 3:55:33 PM,8408_8412
2884,2885,1,2884,15144,88083231,FHPD19OFF022484,FHP,Long,3/11/2019 0:00:00,04:39 PM,Orlando Expwy Auth,Orange,SR408,6MM,0, ,Off Road,1,0,0,1,N,N,N,4050.000000000000000,Clear,Daylight,0,Off Road,W,Injury,N,Other,Concrete Traffic Barrier,On Roadway,Non-Junction,N,Not at Intersection,Turnpike/Toll,Paved,Dry,None, , ,None, , ,N,N, , , , ,0,0,0,0,0,0,0,1,0,0,0,0,0.000000000000000,0.000000000000000,1,1,50,4000,"Mapped, On Network",-81.459249265500006,28.549863353399999,648106.257251000031829,507417.596736999985296,5/29/2019 3:55:48 PM,8201_8203
2885,2886,1,2885,15148,88081004,FHPD19OFF022953,FHP,Short,3/13/2019 0:00:00,07:05 AM,Orlando Expwy Auth,Orange,SB SR-408,SR-50,0,South,Sideswipe,2,0,0,0,N,N,N,4000.000000000000000,Clear,Dawn,0,Same Direction Sideswipe,S,Property Damage Only,Y,"Sideswipe, Same Direction",Motor Vehicle in Transport,On Roadway,Non-Junction,N,Not at Intersection,Turnpike/Toll,Paved,Dry,None, , ,None, , ,N,N, , , , ,0,0,0,0,0,0,0,0,0,0,0,0,0.000000000000000,0.000000000000000,0,1,0,4000,"Mapped, Not On Network",-81.511669999999995,28.544960024700000,642999.021900000050664,506768.782899999991059,6/11/2019 3:25:03 PM,8114_8152