FID,OBJECTID_1,Join_Count,TARGET_FID,OBJECTID,HSMV_Repor,Agency_Rep,Reporting_,Form_Type,Crash_Date,Crash_Time,City,County,Crash_Stre,Intersecti,Offset_Dis,Offset_Dir,Crash_Type,Vehicles,Non_Motori,Fatalities,Injuries,Alcohol_Re,Distractio,Drug_Relat,Estimated_,Weather_Co,Light_Cond,Street_Num,Crash_Ty_1,Crash_Ty_2,Crash_Seve,Within_Cit,Manner_of_,First_Harm,First_HE_L,First_HE_R,First_HE_W,Type_of_In,Road_Sys_I,Type_of_Sh,Road_Surf_,Contrib_Ci,Contrib__1,Contrib__2,Contrib__3,Contrib__4,Contrib__5,School_Bus,Work_Zone_,Type_of_Wo,Loc_in_Wor,Workers_in,Law_Enforc,Mopeds,Motorcycle,Passengers,Bicyclists,Pedestrian,Fataliti_1,Injuries_U,Possible_I,Non_Incapa,Incapacita,Fataliti_2,Non_Traffi,Transporte,Transpor_1,Transpor_2,Citations,Property_D,Vehicle_Dm,S4_Mapping,S4_Decimal,S4_Decim_1,S4_Albers_,S4_Albers1,S4_Mappi_1,zone_id_st
2886,2887,1,2886,15170,88064405,FHPK19OFF014488,FHP,Long,3/14/2019 0:00:00,08:08 AM,Winter Garden,Orange,STATE ROAD 429,NEW INDEPENDENCE PKWY,500,North,Off Road,1,0,0,0,N,N,N,3500.000000000000000,Clear,Daylight,0,Off Road,N,Property Damage Only,N,Other,Guardrail Face,Shoulder,Non-Junction,N,Not at Intersection,Turnpike/Toll,Unpaved,Dry,None, , ,None, , ,N,N, , , , ,0,0,0,0,0,0,0,0,0,0,0,0,0.000000000000000,0.000000000000000,0,0,500,3000,"Mapped, On Network",-81.630626832700003,28.481800118199999,631518.467464999994263,499526.977410999999847,6/12/2019 10:05:59 AM,8037_6764
2887,2888,1,2887,15277,88049576,FHPD19OFF023462,FHP,Long,3/14/2019 0:00:00,05:23 PM,Orlando Expwy Auth,Orange,SR-528 (MM19),INNOVATION WAY,80,East,Rear End,2,0,0,0,N,N,N,3200.000000000000000,Clear,Daylight,0,Rear End,W,Property Damage Only,N,Front to Rear,Motor Vehicle in Transport,On Roadway,Non-Junction,N,Not at Intersection,Turnpike/Toll,Paved,Dry,None, , ,None, , ,N,N, , , , ,0,0,1,0,0,0,0,0,0,0,0,0,0.000000000000000,0.000000000000000,0,1,0,3200,"Mapped, On Network",-81.161676344000000,28.451801284799998,677410.260234000044875,497163.851905999996234,6/12/2019 10:23:06 AM,8099_8097
2888,2889,1,2888,15281,88049577,FHPD19OFF023520,FHP,Long,3/14/2019 0:00:00,08:28 PM,Orlando Expwy Auth,Orange,SR-417 (MM31),CURRY FORD ROAD,90,North,Off Road,2,0,0,0,N,N,N,4900.000000000000000,Clear,Dark - Lighted,0,Off Road,N,Property Damage Only,N,Angle,Guardrail Face,Shoulder,Non-Junction,N,Not at Intersection,Turnpike/Toll,Paved,Dry,None, , ,None, , ,N,N, , , , ,0,0,0,0,0,0,0,0,0,0,0,0,0.000000000000000,0.000000000000000,0,1,300,4600,"Mapped, On Network",-81.249949570699997,28.515101462600001,668627.360174000030383,503996.491947999980766,6/12/2019 10:23:26 AM,8553_6689
2889,2890,1,2889,15282,88049575,FHPD19OFF023421,FHP,Long,3/14/2019 0:00:00,03:43 PM,Orlando Expwy Auth,Orange,SR-417 (MM12),FLORIDA TURNPIKE,80,South,Rear End,2,0,0,1,N,Y,N,1900.000000000000000,Clear,Daylight,0,Rear End,N,Injury,N,Front to Rear,Motor Vehicle in Transport,On Roadway,Non-Junction,N,Not at Intersection,Turnpike/Toll,Paved,Dry,None, , ,None, , ,N,N, , , , ,0,0,0,0,0,0,0,0,1,0,0,0,1.000000000000000,0.000000000000000,0,1,0,1900,"Mapped, On Network",-81.395226490300004,28.369012261999998,654781.429157000035048,487467.846544999978505,6/12/2019 11:49:15 AM,8017_6167
2890,2891,1,2890,15287,88063643,FHPK19OFF014399,FHP,Long,3/13/2019 0:00:00,05:04 PM,Winter Garden,Orange,STATE ROAD 429 (WESTERN BELTWAY),MILE MARKER 16 (MALCOLM RD),1000,North,Off Road,1,0,0,0,N,N,N,2500.000000000000000,Clear,Daylight,0,Off Road,S,Property Damage Only,N,Other,Fence,Off Roadway,Non-Junction,N,Not at Intersection,Turnpike/Toll,Paved,Dry,None, , ,None, , ,N,N, , , , ,0,0,0,0,0,0,0,0,0,0,0,0,0.000000000000000,0.000000000000000,0,1,500,2000,"Mapped, On Network",-81.622288563599994,28.492752644599999,632309.671864000032656,500758.780165000003763,6/12/2019 10:06:44 AM,6969_6859
2891,2892,1,2891,15336,88097379,FHPD19OFF026384,FHP,Long,3/23/2019 0:00:00,12:00 AM,Orlando,Orange,STATE ROAD 417 NB,MM33A,0, ,Sideswipe,3,0,0,2,N,Y,N,16000.000000000000000,Clear,Dark - Lighted,0,Same Direction Sideswipe,N,Injury,N,"Sideswipe, Same Direction",Motor Vehicle in Transport,On Roadway,Non-Junction,N,Not at Intersection,State,Paved,Dry,None, , ,None, , ,N,N, , , , ,0,0,5,0,0,0,0,2,0,0,0,0,2.000000000000000,0.000000000000000,0,1,0,16000,"Mapped, On Network",-81.255443308699995,28.545156027499999,668016.535215000039898,507321.447661000012886,5/22/2019 11:28:14 AM,2529_11876
2892,2893,1,2892,15388,88077667,FHPD19OFF022792,FHP,Long,3/12/2019 0:00:00,04:00 PM,Orlando Expwy Auth,Orange,STATE RD 417,CURRY FORD RD,5280,South,Other,2,0,0,0,N,N,N,3000.000000000000000,Clear,Daylight,0,Other,N,Property Damage Only,N,Other,Cargo/Equipment Loss or Shift,On Roadway,Non-Junction,N,Not at Intersection,Turnpike/Toll,Paved,Dry,Obstruction in Roadway, , ,Physical Obstruction(s), , ,N,N, , , , ,0,0,0,0,0,0,0,0,0,0,0,0,0.000000000000000,0.000000000000000,0,0,0,3000,"Mapped, On Network",-81.244635627500003,28.503387952400001,669175.408746000030078,502707.546957999991719,6/12/2019 9:42:38 AM,6965_8557
2893,2894,1,2893,15390,88077662,FHPD19OFF021375,FHP,Long,3/8/2019 0:00:00,11:27 AM,Orlando Expwy Auth,Orange,STATE RD 408,STATE RD 417,100,East,Sideswipe,2,0,0,0,N,N,N,1250.000000000000000,Clear,Daylight,0,Same Direction Sideswipe,E,Property Damage Only,N,"Sideswipe, Same Direction",Motor Vehicle in Transport,On Roadway,Non-Junction,N,Not at Intersection,Turnpike/Toll,Paved,Dry,None, , ,None, , ,N,Y,Work on Shoulder or Median,Activity Area,Y,N,0,0,1,0,0,0,0,0,0,0,0,0,0.000000000000000,0.000000000000000,0,1,0,1250,"Mapped, On Network",-81.272983826900003,28.546677315099998,666300.180304000037722,507452.352723999996670,6/20/2019 10:20:38 AM,6258_6879
2894,2895,1,2894,15404,88049579,FHPD19OFF024705,FHP,Short,3/18/2019 0:00:00,03:39 PM,Orlando Expwy Auth,Orange,SR-417 (EXIT 10),JOHN YOUNG PARKWAY,10,North,Rear End,2,0,0,0,N,N,N,600.000000000000000,Cloudy,Daylight,0,Rear End,S,Property Damage Only,N,Front to Rear,Motor Vehicle in Transport,On Roadway,Non-Junction,N,Not at Intersection,Turnpike/Toll,Paved,Dry,None, , ,None, , ,N,N, , , , ,0,0,1,0,0,0,0,0,0,0,0,0,0.000000000000000,0.000000000000000,0,1,0,600,"Mapped, Not On Network",-81.430650000100002,28.368900024700000,651317.304200000013225,487382.693199999979697,6/12/2019 11:49:25 AM,8292_6975
2895,2896,1,2895,15478,87264975,FHPK19OFF021240,FHP,Long,4/14/2019 0:00:00,09:04 AM,Winter Garden,Orange,STATE ROAD 429 (WESTERN BELTWAY) NORTH,NEW INDEPENDENCE PARKWAY (MM 15),200,North,Off Road,1,0,0,1,N,N,N,27500.000000000000000,Clear,Daylight,0,Off Road,N,Injury,N,Other,Utility Pole/Light Support,Off Roadway,Non-Junction,N,Not at Intersection,Turnpike/Toll,Paved,Dry,None, , ,None, , ,N,N, , , , ,0,0,0,0,0,0,0,0,1,0,0,0,1.000000000000000,0.000000000000000,0,1,7500,20000,"Mapped, On Network",-81.626509999999996,28.487286708700001,631908.958597999997437,500143.920739000022877,6/4/2019 1:13:59 PM,8037_6764
2896,2897,1,2896,15489,87252479,FHPD19OFF023691,FHP,Short,3/15/2019 0:00:00,10:50 AM,Orlando Expwy Auth,Orange,STATE ROAD 528 (BEACHLINE EXPRESSWAY),DALLAS BLVD,5280,East,Rear End,2,0,0,0,N,N,N,250.000000000000000,Clear,Daylight,0,Rear End,W,Property Damage Only,Y,Front to Rear,Motor Vehicle in Transport,On Roadway,Non-Junction,N,Not at Intersection,Turnpike/Toll,Paved,Dry,None, , ,None, , ,N,N, , , , ,0,0,0,0,0,0,0,0,0,0,0,0,0.000000000000000,0.000000000000000,0,4,0,250,"Mapped, On Network",-81.064605061699993,28.451873912500002,686895.796672999975272,497394.022109000012279,6/12/2019 10:16:25 AM,8109_6321
2897,2898,1,2897,15517,88040206,FHPD19OFF036803,FHP,Long,4/23/2019 0:00:00,04:15 PM,Winter Garden,Orange,STATE ROAD 429,MM23.5,0, ,Sideswipe,2,0,0,1,N,N,N,7000.000000000000000,Cloudy,Daylight,0,Same Direction Sideswipe,S,Injury,N,"Sideswipe, Same Direction",Motor Vehicle in Transport,On Roadway,Non-Junction,N,Not at Intersection,Turnpike/Toll,Paved,Dry,None, , ,None, , ,N,N, , , , ,0,0,0,0,0,0,0,1,0,0,0,0,0.000000000000000,0.000000000000000,0,1,1000,6000,"Mapped, On Network",-81.559626796900005,28.555177449300000,638293.941884999978356,507809.673315000021830,6/20/2019 3:58:19 PM,8423_8507
2898,2899,1,2898,15573,88912332,2019-00093627,Orlando PD,Long,3/11/2019 0:00:00,12:08 AM,Orlando,Orange,STATE ROAD 417 (GREENWAY),LAKE NONA BOULEVARD,10560,North,Rear End,2,0,0,2,N,N,N,12000.000000000000000,Clear,Dark - Not Lighted,0,Rear End,N,Injury,Y,Front to Rear,Motor Vehicle in Transport,On Roadway,Non-Junction,N,Not at Intersection,State,Paved,Dry,None,None,None,None,None,None,N,N, , , , ,0,0,0,0,0,0,0,0,2,0,0,0,1.000000000000000,0.000000000000000,0,1,0,12000,"Mapped, On Network",-81.250847583300001,28.395834095700000,668834.922539000050165,490752.420762000023387,6/3/2019 3:51:32 PM,5900_8512
2899,2900,1,2899,15664,88910426,2019-00095497,Orlando PD,Long,3/12/2019 0:00:00,07:42 AM,Orlando,Orange,S.R 528 WEST,S. GOLDENROD RD,0, ,Rear End,4,0,0,0,N,N,N,16000.000000000000000,Clear,Daylight,0,Rear End,W,Property Damage Only,Y,Front to Rear,Motor Vehicle in Transport,On Roadway,Non-Junction,N,Not at Intersection,State,Paved,Dry,None,None,None,None, , ,N,N, , , , ,0,0,0,0,0,0,0,0,0,0,0,0,0.000000000000000,0.000000000000000,0,0,0,16000,"Mapped, On Network",-81.291945735200002,28.450225816800000,664684.012003000010736,496702.595984000014141,6/3/2019 3:52:23 PM,8183_6664
2900,2901,1,2900,15688,88106900,FHPD19OFF024073,FHP,Long,3/16/2019 0:00:00,08:56 AM,Orlando,Orange,STATE ROAD 417 (CENTRAL FLORIDA GREENEWAY),HUNTERS VISTA BOULEVARD,300,North,Rollover,1,0,0,1,N,N,N,23000.000000000000000,Clear,Daylight,0,Rollover,S,Injury,N,Other,Overturn/Rollover,On Roadway,Non-Junction,N,Not at Intersection,State,Paved,Dry,None, , ,None, , ,N,N, , , , ,0,0,0,0,0,0,0,1,0,0,0,0,0.000000000000000,0.000000000000000,0,0,3000,20000,"Mapped, On Network",-81.451235838299993,28.357473027099999,649330.245516999973916,486072.132225000008475,5/22/2019 4:40:07 PM,6975_6889
2901,2902,1,2901,15692,88049578,FHPD19OFF023817,FHP,Long,3/15/2019 0:00:00,04:15 PM,Orlando,Orange,SR-417 (MM35),COLONIAL DRIVE,80,North,Off Road,1,0,0,1,N,N,N,5000.000000000000000,Clear,Daylight,0,Off Road,N,Injury,N,Other,Guardrail Face,Shoulder,Non-Junction,N,Not at Intersection,Turnpike/Toll,Paved,Dry,None, , ,None, , ,N,N, , , , ,0,0,0,0,0,0,0,0,0,1,0,0,1.000000000000000,0.000000000000000,0,0,500,4500,"Mapped, On Network",-81.264514361099998,28.574492737600000,667058.591031000018120,510558.971797999984119,6/12/2019 11:50:09 AM,2531_6046
2902,2903,1,2902,15729,87177449,FHPD19OFF031028,FHP,Long,4/6/2019 0:00:00,01:00 PM,Orlando,Orange,STATE ROAD 528,MILE MARKER 24 WB,134,East,Off Road,1,0,1,0,N,N,N,17500.000000000000000,Clear,Daylight,0,Off Road,W,Fatality,N,Other,Cable Barrier,Median,Non-Junction,N,Not at Intersection,Turnpike/Toll,Unpaved,Dry,None, , ,None, , ,N,N, , , , ,0,0,0,0,0,0,0,0,0,0,1,0,1.000000000000000,0.000000000000000,0,0,5500,12000,"Mapped, On Network",-81.091794246600003,28.451755554300000,684239.220590000040829,497317.917543000017758,4/29/2019 3:12:47 PM,6322_8112
2903,2904,1,2903,15730,88083254,FHPD19OFF030510,FHP,Long,4/5/2019 0:00:00,07:28 AM,Orlando Expwy Auth,Orange,SR429,26MM,0, ,Rear End,2,0,0,0,N,N,N,6000.000000000000000,Rain,Daylight,0,Rear End,S,Property Damage Only,N,Front to Rear,Motor Vehicle in Transport,On Roadway,Non-Junction,N,Not at Intersection,Turnpike/Toll,Paved,Wet,None, , ,None, , ,N,N, , , , ,0,0,2,0,0,0,0,0,0,0,0,0,0.000000000000000,0.000000000000000,0,1,0,6000,"Mapped, On Network",-81.552229999999994,28.598160049600001,638921.372586000012234,512596.503732000011951,6/19/2019 11:25:27 AM,6220_8389
2904,2905,1,2904,15782,88021154,FHPD19OFF022850,FHP,Long,3/12/2019 0:00:00,06:00 PM,Orlando,Orange,STATE ROAD-417,UNIVERSITY BOULEVARD,500,North,Rear End,2,0,0,1,N,Y,N,1500.000000000000000,Clear,Daylight,0,Rear End,N,Injury,N,Front to Rear,Motor Vehicle in Transport,On Roadway,Non-Junction,Y,Not at Intersection,State,Paved,Dry,None, , ,None, , ,N,N, , , , ,0,0,0,0,0,0,0,1,0,0,0,0,0.000000000000000,0.000000000000000,0,1,0,1500,"Mapped, On Network",-81.250152350299999,28.599206414400001,668399.288449999992736,513334.062564000021666,6/12/2019 2:46:14 PM,8585_8449
2905,2906,1,2905,15785,88049574,FHPD19OFF023396,FHP,Long,3/14/2019 0:00:00,01:51 PM,Orlando Expwy Auth,Orange,SR-408 (MM6),OLD WINTER GARDEN ROAD,80,East,Other,2,0,0,0,N,N,N,400.000000000000000,Clear,Daylight,0,Other,W,Property Damage Only,N,Other,Cargo/Equipment Loss or Shift,On Roadway,Non-Junction,N,Not at Intersection,Turnpike/Toll,Paved,Dry,None, , ,None, , ,N,N, , , , ,0,0,0,0,0,0,0,0,0,0,0,0,0.000000000000000,0.000000000000000,0,0,0,400,"Mapped, On Network",-81.438744692800000,28.548401926400000,650111.628462000051513,507296.753068000019994,6/12/2019 11:50:44 AM,6489_6994
2906,2907,1,2906,15826,88081022,FHPD19OFF037194,FHP,Short,4/24/2019 0:00:00,06:45 PM,Orlando Expwy Auth,Orange,NB SR-429,WEST ROAD,5280,South,Off Road,1,0,0,0,N,N,N,10000.000000000000000,Clear,Daylight,0,Off Road,N,Property Damage Only,Y,Other,Concrete Traffic Barrier,On Roadway,Non-Junction,N,Not at Intersection,Turnpike/Toll,Paved,Dry,None, , ,None, , ,N,N, , , , ,0,0,0,0,0,0,0,0,0,0,0,0,0.000000000000000,0.000000000000000,0,1,0,10000,"Mapped, On Network",-81.557348763500002,28.592420099600002,638434.432931000017561,511949.269405999977607,6/6/2019 1:05:57 PM,6089_6220
2907,2908,1,2907,15847,88049582,FHPD19OFF029166,FHP,Long,4/1/2019 0:00:00,07:29 AM,Orlando Expwy Auth,Orange,SR-408 (MM20),ROUSE ROAD,80,East,Rear End,2,0,0,0,Y,N,N,5200.000000000000000,Cloudy,Daylight,0,Rear End,W,Property Damage Only,N,Front to Rear,Motor Vehicle in Transport,On Roadway,Non-Junction,N,Not at Intersection,Turnpike/Toll,Paved,Dry,None, , ,None, , ,N,Y,Work on Shoulder or Median,Advance Warning Area,N,N,0,0,0,0,0,0,0,0,0,0,0,0,0.000000000000000,0.000000000000000,0,2,0,5200,"Mapped, On Network",-81.225789178400007,28.547354275400000,670906.397638999973424,507630.313676999998279,6/5/2019 1:33:21 PM,6045_6306
2908,2909,1,2908,15850,88102090,FHPD19OFF025193,FHP,Short,3/20/2019 0:00:00,06:56 AM,Orlando,Orange,EAST-WEST EXPY SR 408,KIRKMAN ROAD,50,East,Rear End,2,0,0,0,N,N,N,400.000000000000000,Rain,Daylight,0,Rear End,E,Property Damage Only,N,Front to Rear,Motor Vehicle in Transport,On Roadway,Non-Junction,N,Not at Intersection,Interstate,Curb,Wet,None, , ,None, , ,N,N, , , , ,0,0,1,0,0,0,0,0,0,0,0,0,0.000000000000000,0.000000000000000,0,0,0,400,"Mapped, Not On Network",-81.456800000000001,28.548850049399999,648347.716700999997556,507310.017660000012256,6/5/2019 1:07:07 PM,8208_8205
2909,2910,1,2909,15896,88911857,2019-00100702,Orlando PD,Long,3/15/2019 0:00:00,03:50 PM,Orlando,Orange,SR417,BOGGY CREEK ROAD,0,North,Rear End,2,0,0,0,N,N,N,2400.000000000000000,Clear,Daylight,0,Rear End,S,Property Damage Only,Y,Front to Rear,Motor Vehicle in Transport,On Roadway,Non-Junction,N,Not at Intersection,U.S.,Paved,Dry,None, , ,None, , ,N,N, , , , ,0,0,3,0,0,0,0,0,0,0,0,0,0.000000000000000,0.000000000000000,0,0,0,2400,"Mapped, On Network",-81.295102417300001,28.372628634800002,664564.542179999989457,488080.215400999994017,6/11/2019 3:53:41 PM,6486_8601
2910,2911,1,2910,15910,88071832,FHPK19OFF022896,FHP,Long,4/22/2019 0:00:00,02:56 PM,Winter Garden,Orange,STATE ROAD 429(DANIEL WEBSTER WESTERN BELTWAY,WINTER GARDEN VINELAND ROAD,0,North,Other,2,0,0,0,N,N,N,2000.000000000000000,Clear,Daylight,0,Other,N,Property Damage Only,N,Other,Cargo/Equipment Loss or Shift,On Roadway,Non-Junction,Y,Not at Intersection,Interstate,Paved,Dry,None, , ,None, , ,N,N, , , , ,0,0,0,0,0,0,0,0,0,0,0,0,0.000000000000000,0.000000000000000,0,1,0,2000,"Mapped, On Network",-81.581786740900000,28.520381667500001,636206.153322999947704,503903.512570000020787,6/10/2019 11:28:22 AM,8494_8462
2911,2912,1,2911,15968,88915633,2019-00147827,Orlando PD,Long,4/19/2019 0:00:00,05:05 PM,Orlando,Orange,SR 408 EAST,CRYSTAL LAKE DR ENTRANCE RAMP,300,East,Off Road,1,0,0,1,Y,N,N,1500.000000000000000,Rain,Daylight,0,Off Road,E,Injury,Y,Other,Concrete Traffic Barrier,On Roadway,Non-Junction,N,Not at Intersection,State,Paved,Wet,Road Surface Condition, , ,Weather Conditions, , ,N,N, , , , ,0,0,0,0,0,0,0,0,0,1,0,0,1.000000000000000,0.000000000000000,0,0,0,1500,"Mapped, On Network",-81.355903426899999,28.538370928999999,658223.905448999954388,506353.747432000003755,5/30/2019 3:07:42 PM,6185_8318
2912,2913,1,2912,15990,88100415,FHPD19OFF025731,FHP,Short,3/21/2019 0:00:00,09:45 PM,Orlando,Orange,STATE ROAD 417,COUNTY ROAD 423 (JOHN YOUNG PKWY)2,10560,South,Sideswipe,2,0,0,0,N,Y,N,2000.000000000000000,Clear,Dark - Not Lighted,0,Same Direction Sideswipe,N,Property Damage Only,N,"Sideswipe, Same Direction",Motor Vehicle in Transport,On Roadway,Non-Junction,N,Not at Intersection,State,Curb,Dry,None, , ,None, , ,N,N, , , , ,0,0,1,0,0,0,0,0,0,0,0,0,0.000000000000000,0.000000000000000,0,1,0,2000,"Mapped, On Network",-81.415562996500000,28.375385766400001,652777.707781999954022,488133.658434999990277,6/18/2019 3:53:18 PM,8107_8280
2913,2914,1,2913,16087,88100425,FHPD19OFF027039,FHP,Short,3/26/2019 0:00:00,12:22 AM,Orlando,Orange,STATE ROAD 417,LANDSTAR BLVD,5280,North,Rear End,2,0,0,0,N,Y,N,5000.000000000000000,Clear,Dark - Lighted,0,Rear End,S,Property Damage Only,N,Front to Rear,Motor Vehicle in Transport,On Roadway,Non-Junction,N,Not at Intersection,Turnpike/Toll,Paved,Dry,None, , ,None, , ,N,N, , , , ,0,0,1,0,0,0,0,0,0,0,0,0,0.000000000000000,0.000000000000000,0,1,0,5000,"Mapped, On Network",-81.352595036500006,28.369276425999999,658950.086008999962360,487585.979027999972459,6/19/2019 12:23:44 PM,6700_8484
2914,2915,1,2914,16107,88913766,2019-00126190,Orlando PD,Long,4/4/2019 0:00:00,07:02 AM,Orlando,Orange,SR 408 WEST,S MILLS AV EXIT RAMP,800,East,Rear End,2,0,0,1,N,N,N,8000.000000000000000,Clear,Daylight,0,Rear End,W,Injury,Y,Front to Rear,Motor Vehicle in Transport,On Roadway,Non-Junction,N,Not at Intersection,State,Paved,Dry,None, , ,None, , ,N,N, , , , ,0,0,0,0,0,0,0,1,0,0,0,0,0.000000000000000,0.000000000000000,0,1,0,8000,"Mapped, On Network",-81.356746306100007,28.538371504099999,658141.600650000036694,506352.046552999992855,5/24/2019 11:36:08 AM,8318_8309
2915,2916,1,2915,16108,88913759,2019-00115341,Orlando PD,Long,3/27/2019 0:00:00,06:51 AM,Orlando,Orange,SR 408 WBO,I4 EBO EXIT RAMP,2000,East,Rear End,2,0,0,1,N,N,N,6000.000000000000000,Cloudy,Daylight,0,Rear End,W,Injury,Y,Front to Rear,Motor Vehicle in Transport,On Roadway,Non-Junction,N,Not at Intersection,State,Paved,Dry,None, , ,None, , ,N,N, , , , ,0,0,0,0,0,0,0,1,0,0,0,0,0.000000000000000,0.000000000000000,0,1,0,6000,"Mapped, On Network",-81.368904722400003,28.537283696799999,656956.961077000014484,506205.873229000018910,6/3/2019 4:32:49 PM,8313_6737
2916,2917,1,2916,16143,88103441,FHPD19OFF022009,FHP,Long,3/10/2019 0:00:00,12:22 AM,Orlando,Orange,STATE ROAD 408 (EAST WEST EXPRESS WAY),MILE MARKER 4,50,West,Off Road,1,0,0,0,N,Y,N,2000.000000000000000,Clear,Dark - Lighted,0,Off Road,E,Property Damage Only,N,Other,Guardrail Face,On Roadway,Non-Junction,N,Not at Intersection,Turnpike/Toll,Curb,Dry,None, , ,None, , ,N,N, , , , ,0,0,0,0,0,0,0,0,0,0,0,0,0.000000000000000,0.000000000000000,0,1,500,1500,"Mapped, Not On Network",-81.475780000000000,28.548210049400002,646496.002734999987297,507200.874909000005573,6/20/2019 10:19:53 AM,8144_8146
2917,2918,1,2917,16292,88064877,FHPD19OFF028991,FHP,Long,3/31/2019 0:00:00,02:04 PM,Orlando Expwy Auth,Orange,STATE ROAD 417 NB MM35,ECONLOCKHATCHEE TR,300,South,Other,1,0,0,0,N,N,N,4000.000000000000000,Clear,Daylight,0,Single Vehicle,N,Property Damage Only,Y,Other,Other Non-Collision,On Roadway,Non-Junction,N,Not at Intersection,Turnpike/Toll,Paved,Dry,None, , ,None, , ,N,Y,Work on Shoulder or Median,Activity Area,N,N,0,0,0,0,0,0,0,0,0,0,0,0,0.000000000000000,0.000000000000000,0,0,0,4000,"Mapped, On Network",-81.259703167900000,28.582161918299999,667509.293441000045277,511420.894968000007793,6/19/2019 11:12:25 AM,6046_6317
2918,2919,1,2918,16309,88914132,2019-00124923,Orlando PD,Short,4/3/2019 0:00:00,08:59 AM,Orlando,Orange,SR 408 WEST,N BUMBY AV. (ENTRANCE RAMP),100,West,Rear End,2,0,0,0,N,N,N,2200.000000000000000,Clear,Daylight,0,Rear End,W,Property Damage Only,Y,Front to Rear,Motor Vehicle in Transport,On Roadway,Non-Junction,N,Not at Intersection,State,Paved,Dry,None, , ,None, , ,N,N, , , , ,0,0,0,0,0,0,0,0,0,0,0,0,0.000000000000000,0.000000000000000,0,0,0,2200,"Mapped, On Network",-81.351861131999996,28.538389074700000,658618.574243000010028,506364.233301999978721,7/7/2020 8:57:30 PM,6185_8318
2919,2920,1,2919,16335,88083246,FHPD19OFF027122,FHP,Short,3/26/2019 0:00:00,08:45 AM,Orlando Expwy Auth,Orange,SR408,6MM,0, ,Rear End,2,0,0,0,N,N,N,7000.000000000000000,Clear,Daylight,0,Rear End,E,Property Damage Only,N,Front to Rear,Motor Vehicle in Transport,On Roadway,Non-Junction,N,Not at Intersection,Turnpike/Toll,Paved,Dry,None, , ,None, , ,N,N, , , , ,0,0,0,0,0,0,0,0,0,0,0,0,0.000000000000000,0.000000000000000,0,1,0,7000,"Mapped, On Network",-81.431166297600001,28.546311440299998,650856.402713999967091,507080.036399999982677,6/18/2019 4:06:55 PM,5905_6014
2920,2921,1,2920,16336,88083243,FHPD19OFF025879,FHP,Long,3/22/2019 0:00:00,11:44 AM,Orlando Expwy Auth,Orange,SR528,29MM,0, ,Sideswipe,2,0,0,0,N,N,N,6000.000000000000000,Clear,Daylight,0,Same Direction Sideswipe,W,Property Damage Only,N,"Sideswipe, Same Direction",Motor Vehicle in Transport,On Roadway,Non-Junction,N,Not at Intersection,Turnpike/Toll,Paved,Dry,None, , ,None, , ,N,N, , , , ,0,0,0,0,0,0,0,0,0,0,0,0,0.000000000000000,0.000000000000000,0,1,0,6000,"Mapped, On Network",-81.009854326999999,28.452568206900001,692244.043778000050224,497599.672718000016175,6/18/2019 3:59:26 PM,8091_5943
2921,2922,1,2921,16369,88061632,FHPK19OFF022102,FHP,Short,4/18/2019 0:00:00,04:12 PM,Winter Garden,Orange,SR 429(DANIEL WEBSTER WESTERN BELTWAY),STATE ROAD 91( FLORIDAS TURNPIKE),21120,North,Sideswipe,2,0,0,0,N,N,N,6000.000000000000000,Clear,Daylight,0,Same Direction Sideswipe,S,Property Damage Only,N,"Sideswipe, Same Direction",Motor Vehicle in Transport,On Roadway,Non-Junction,N,Not at Intersection,Turnpike/Toll,Paved,Dry,None, , ,None, , ,N,N, , , , ,0,0,0,0,0,0,0,0,0,0,0,0,0.000000000000000,0.000000000000000,0,1,0,6000,"Mapped, Not On Network",-81.559329999599996,28.561050024299998,638310.011999999987893,508462.302099999971688,6/6/2019 1:07:22 PM,8500_8421
2922,2923,1,2922,16370,88062258,FHPK19OFF022971,FHP,Long,4/22/2019 0:00:00,06:32 PM,Winter Garden,Orange,STATE ROAD 429,STATE ROAD 50 (WEST COLONIAL DRIVE),100,South,Other,2,0,0,0,N,N,N,250.000000000000000,Cloudy,Daylight,0,Backed Into,S,Property Damage Only,N,Front to Rear,Motor Vehicle in Transport,On Roadway,Entrance/Exit Ramp,Y,Not at Intersection,Turnpike/Toll,Curb,Dry,None, , ,None, , ,N,N, , , , ,0,0,0,0,0,0,0,0,0,0,0,0,0.000000000000000,0.000000000000000,0,1,0,250,"Mapped, Not On Network",-81.559079999999994,28.562930025099998,638330.286599999992177,508671.529099999985192,6/6/2019 1:06:39 PM,8429_8423
2923,2924,1,2923,16404,88914056,2019-00126379,Orlando PD,Short,4/4/2019 0:00:00,09:21 AM,Orlando,Orange,SR 408 WBO,INTERSTATE 4 WBO EXIT RAMP,350,East,Rear End,2,0,0,0,N,N,N,5000.000000000000000,Clear,Daylight,0,Rear End,W,Property Damage Only,Y,Front to Rear,Motor Vehicle in Transport,On Roadway,Entrance/Exit Ramp,N,Not at Intersection,State,Paved,Dry,None, , ,None, , ,N,N, , , , ,0,0,0,0,0,0,0,0,0,0,0,0,0.000000000000000,0.000000000000000,0,0,0,5000,"Mapped, On Network",-81.382533903699994,28.535274358300001,655630.850112000014633,505954.448306999984197,6/19/2019 12:39:42 PM,8274_8272