FID,OBJECTID_1,Join_Count,TARGET_FID,OBJECTID,HSMV_Repor,Agency_Rep,Reporting_,Form_Type,Crash_Date,Crash_Time,City,County,Crash_Stre,Intersecti,Offset_Dis,Offset_Dir,Crash_Type,Vehicles,Non_Motori,Fatalities,Injuries,Alcohol_Re,Distractio,Drug_Relat,Estimated_,Weather_Co,Light_Cond,Street_Num,Crash_Ty_1,Crash_Ty_2,Crash_Seve,Within_Cit,Manner_of_,First_Harm,First_HE_L,First_HE_R,First_HE_W,Type_of_In,Road_Sys_I,Type_of_Sh,Road_Surf_,Contrib_Ci,Contrib__1,Contrib__2,Contrib__3,Contrib__4,Contrib__5,School_Bus,Work_Zone_,Type_of_Wo,Loc_in_Wor,Workers_in,Law_Enforc,Mopeds,Motorcycle,Passengers,Bicyclists,Pedestrian,Fataliti_1,Injuries_U,Possible_I,Non_Incapa,Incapacita,Fataliti_2,Non_Traffi,Transporte,Transpor_1,Transpor_2,Citations,Property_D,Vehicle_Dm,S4_Mapping,S4_Decimal,S4_Decim_1,S4_Albers_,S4_Albers1,S4_Mappi_1,zone_id_st
2924,2925,1,2924,16425,88912678,2019-00088732,Orlando PD,Short,3/7/2019 0:00:00,07:27 AM,Orlando,Orange,SR 408,S MILLS AVE,1000,West,Rear End,2,0,0,0,N,N,N,1000.000000000000000,Clear,Daylight,0,Rear End,W,Property Damage Only,Y,Front to Rear,Motor Vehicle in Transport,On Roadway,Non-Junction,N,Not at Intersection,State,Paved,Dry,None, , ,None, , ,N,N, , , , ,0,0,0,0,0,0,0,0,0,0,0,0,0.000000000000000,0.000000000000000,0,0,0,1000,"Mapped, On Network",-81.369331453399994,28.537259494200001,656915.349511999986134,506202.296875000000000,6/4/2019 10:59:49 AM,8313_6737
2925,2926,1,2925,16459,88083240,FHPD19OFF025688,FHP,Short,3/21/2019 0:00:00,06:03 PM,Orlando Expwy Auth,Orange,SR417,31MM,0, ,Sideswipe,2,0,0,0,N,N,N,4000.000000000000000,Clear,Daylight,0,Same Direction Sideswipe,S,Property Damage Only,N,"Sideswipe, Same Direction",Motor Vehicle in Transport,On Roadway,Non-Junction,N,Not at Intersection,Turnpike/Toll,Paved,Dry,None, , ,None, , ,N,N, , , , ,0,0,2,0,0,0,0,0,0,0,0,0,0.000000000000000,0.000000000000000,0,1,0,4000,"Mapped, On Network",-81.250747669999996,28.532083526400001,668507.370708000031300,505880.244866000022739,6/10/2019 11:39:13 AM,6689_11878
2926,2927,1,2926,16465,88009614,FHPK19OFF015625,FHP,Long,3/19/2019 0:00:00,12:03 AM,Winter Garden,Orange,STATE ROAD 429,MILE MARKER 23,0,North,Rear End,5,0,0,6,N,N,N,56000.000000000000000,Rain,Dark - Lighted,0,Rear End,S,Injury,N,Front to Rear,Motor Vehicle in Transport,On Roadway,Non-Junction,N,Not at Intersection,Turnpike/Toll,Paved,Wet,None, , ,None, , ,N,N, , , , ,0,0,1,0,0,0,1,3,3,0,0,0,0.000000000000000,0.000000000000000,2,1,5000,51000,"Mapped, On Network",-81.556796362900002,28.568559314100000,638540.845261999987997,509300.986332000000402,6/12/2019 11:55:49 AM,8421_8425
2927,2928,1,2927,16470,88081010,FHPD19OFF030547,FHP,Long,4/5/2019 0:00:00,08:23 AM,Orlando Expwy Auth,Orange,NB SR-417 EXIT RAMP,SR-50,0,South,Sideswipe,2,0,0,0,N,N,N,10300.000000000000000,Rain,Daylight,0,Same Direction Sideswipe,N,Property Damage Only,Y,"Sideswipe, Same Direction",Motor Vehicle in Transport,On Roadway,Entrance/Exit Ramp,N,Not at Intersection,Turnpike/Toll,Paved,Wet,None, , ,None, , ,N,N, , , , ,0,0,0,0,0,0,0,0,0,0,0,0,0.000000000000000,0.000000000000000,0,1,0,10300,"Mapped, Not On Network",-81.412760000199995,28.375160024800000,653052.347999999998137,488114.342699999979232,6/5/2019 1:17:07 PM,8107_8280
2928,2929,1,2928,16474,88111168,FHPD19OFF030461,FHP,Long,4/5/2019 0:00:00,01:09 AM,Orlando,Orange,408 WB MM14,SR436,0, ,Off Road,1,0,0,1,N,Y,N,2200.000000000000000,Clear,Dark - Lighted,0,Off Road,W,Injury,N,Other,Guardrail End,On Roadway,Non-Junction,N,Not at Intersection,State,Paved,Dry,None, , ,None, , ,N,N, , , , ,0,0,0,0,0,0,1,0,1,0,0,0,1.000000000000000,0.000000000000000,0,4,1000,1200,"Mapped, Not On Network",-81.299999999999997,28.539490049400001,663679.879975000047125,506596.303194999985863,5/31/2019 10:01:06 AM,6235_6881
2929,2930,1,2929,16512,88912497,2019-00111543,Orlando PD,Long,3/24/2019 0:00:00,07:50 AM,Orlando,Orange,S.R. 528 / BEE LINE EXPRESSWAY WESTBOUND,S.R. 436 / S. SEMORAN BLVD.,1000,West,Rear End,2,0,0,2,N,N,N,11000.000000000000000,Clear,Daylight,0,Rear End,W,Injury,Y,Front to Rear,Motor Vehicle in Transport,On Roadway,Non-Junction,N,Not at Intersection,State,Paved,Dry,None, , ,None, , ,N,N, , , , ,0,0,1,0,0,0,0,2,0,0,0,0,0.000000000000000,0.000000000000000,0,0,0,11000,"Mapped, On Network",-81.318566715499998,28.451567347899999,662079.262048000004143,496794.687592000002041,5/23/2019 1:16:48 PM,7054_6094
2930,2931,1,2930,16608,88037153,FHPD19OFF026739,FHP,Long,3/25/2019 0:00:00,07:34 AM,Orlando Expwy Auth,Orange,STATE ROAD 528 WESTBOUND,MILE MARKER 17,0, ,Rear End,2,0,0,0,N,Y,N,10000.000000000000000,Clear,Daylight,0,Rear End,W,Property Damage Only,N,Front to Rear,Motor Vehicle in Transport,On Roadway,Non-Junction,N,Not at Intersection,Turnpike/Toll,Paved,Dry,None, , ,None, , ,N,N, , , , ,0,0,0,0,0,0,0,0,0,0,0,0,0.000000000000000,0.000000000000000,0,1,0,10000,"Mapped, On Network",-81.205127620100001,28.451643935800000,673164.576105999993160,497049.381129999994300,3/28/2019 4:49:46 PM,6953_6320
2931,2932,1,2931,16609,88037151,FHPD19OFF024285,FHP,Long,3/16/2019 0:00:00,08:39 PM,Orlando Expwy Auth,Orange,MILE 21 SR-528-TOLL E,MILE MARKER 22,0, ,Sideswipe,2,0,0,0,N,N,N,12750.000000000000000,Clear,Dark - Not Lighted,0,Same Direction Sideswipe,E,Property Damage Only,N,"Sideswipe, Same Direction",Motor Vehicle in Transport,On Roadway,Non-Junction,N,Not at Intersection,Turnpike/Toll,Paved,Dry,None, , ,None, , ,N,N, , , , ,0,0,0,0,0,0,0,0,0,0,0,0,0.000000000000000,0.000000000000000,0,0,9750,3000,"Mapped, On Network",-81.141002124099998,28.451495707700001,679431.329877999960445,497176.603145000000950,3/28/2019 4:52:32 PM,8101_6488
2932,2933,1,2932,16803,88077671,FHPD19OFF026909,FHP,Long,3/25/2019 0:00:00,04:07 PM,Orlando Expwy Auth,Orange,STATE RD 417,STATE RD 423,0,North,Rear End,2,0,0,0,N,N,N,6500.000000000000000,Clear,Daylight,0,Rear End,N,Property Damage Only,N,Front to Rear,Motor Vehicle in Transport,On Roadway,Entrance/Exit Ramp,N,Not at Intersection,Turnpike/Toll,Paved,Dry,None, , ,None, , ,N,N, , , , ,0,0,2,0,0,0,0,0,0,0,0,0,0.000000000000000,0.000000000000000,0,1,0,6500,"Mapped, Not On Network",-81.399889999999999,28.370710048799999,654321.368327999953181,487646.728668000025209,6/18/2019 4:05:27 PM,8017_6167
2933,2934,1,2933,16810,88064871,FHPD19OFF026844,FHP,Long,3/25/2019 0:00:00,01:37 PM,Orlando Expwy Auth,Orange,STATE ROAD 528 EB MM24,DALLAS BLVD,5280,West,Off Road,1,0,0,1,N,N,N,5200.000000000000000,Clear,Daylight,0,Off Road,E,Injury,Y,Other,Guardrail End,Median,Non-Junction,N,Not at Intersection,Turnpike/Toll,Paved,Dry,None, , ,None, , ,N,N, , , , ,0,0,0,0,0,0,0,0,1,0,0,0,1.000000000000000,0.000000000000000,0,0,1200,4000,"Mapped, On Network",-81.105556672600002,28.451409627299999,682895.272031000000425,497247.863414000021294,6/12/2019 12:31:46 PM,8101_6488
2934,2935,1,2934,16812,88083242,FHPD19OFF025870,FHP,Long,3/22/2019 0:00:00,11:20 AM,Orlando Expwy Auth,Orange,SR528,27MM,0, ,Sideswipe,2,0,0,0,N,N,N,9250.000000000000000,Clear,Daylight,0,Same Direction Sideswipe,W,Property Damage Only,N,"Sideswipe, Same Direction",Motor Vehicle in Transport,On Roadway,Non-Junction,N,Not at Intersection,Turnpike/Toll,Paved,Dry,None, , ,None, , ,N,N, , , , ,0,0,0,0,0,0,0,0,0,0,0,0,0.000000000000000,0.000000000000000,0,1,2250,7000,"Mapped, On Network",-81.044990664799997,28.452318558200002,688811.294032000005245,497489.174789000011515,6/18/2019 3:59:09 PM,5943_6937
2935,2936,1,2935,16857,85597380,FHPD19OFF039694,FHP,Long,5/2/2019 0:00:00,07:35 AM,Unincorporated,Orange,SR408 WB,SR551 (GOLDENROD RD),100,West,Rear End,2,0,0,1,N,N,N,1500.000000000000000,Clear,Daylight,0,Rear End,W,Injury,N,Front to Rear,Motor Vehicle in Transport,On Roadway,Non-Junction,N,Not at Intersection,State,Paved,Dry,None, , ,None, , ,N,N, , , , ,0,0,0,0,0,0,0,0,1,0,0,0,1.000000000000000,0.000000000000000,0,1,0,1500,"Mapped, On Network",-81.289946065899997,28.539824857599999,664660.764414999983273,506655.014703000022564,6/21/2019 8:55:57 PM,8427_6883
2936,2937,1,2936,16949,88912109,2019-00101505,Orlando PD,Long,3/16/2019 0:00:00,03:46 AM,Orlando,Orange,SR 408 W,S ORANGE BLOSSOM TRL EXIT RAMP,0, ,Off Road,1,0,0,0,N,N,N,10000.000000000000000,Clear,Dark - Lighted,0,Off Road,W,Property Damage Only,Y,Other,Guardrail End,On Roadway,Entrance/Exit Ramp,N,Not at Intersection,State,Paved,Dry,None, , ,None, , ,N,N, , , , ,0,0,0,0,0,0,0,0,0,0,0,0,1.000000000000000,0.000000000000000,0,0,0,10000,"Mapped, On Network",-81.393421836399995,28.535275618299998,654567.652452999958768,505932.064454999985173,6/20/2019 10:37:04 AM,8272_8254
2937,2938,1,2937,17023,88104054,FHPD19OFF037277,FHP,Long,4/25/2019 0:00:00,02:45 AM,Orlando,Orange,STATE ROAD 528,MILE MARKER 22,0, ,Rear End,2,0,0,0,N,N,N,200.000000000000000,Clear,Dark - Not Lighted,0,Rear End,W,Property Damage Only,N,Front to Rear,Motor Vehicle in Transport,On Roadway,Non-Junction,N,Not at Intersection,Interstate,Paved,Dry,None, , ,None, , ,N,N, , , , ,0,0,0,0,0,0,0,0,0,0,0,0,0.000000000000000,0.000000000000000,0,0,0,200,"Mapped, On Network",-81.099821206599998,28.451649564499998,683455.111492999945767,497287.673368000017945,6/10/2019 11:28:54 AM,8112_6073
2938,2939,1,2938,17030,85204539,FHPD19OFF025206,FHP,Short,3/20/2019 0:00:00,07:24 AM,Orlando Expwy Auth,Orange,STATE ROAD 408 ENTRANCE RAMP,ALAFAYA TRAIL,0, ,Rear End,2,0,0,0,N,N,N,5500.000000000000000,Cloudy,Daylight,0,Rear End,S,Property Damage Only,N,Front to Rear,Motor Vehicle in Transport,On Roadway,Entrance/Exit Ramp,Y,Other,State,Paved,Wet,None, , ,None, , ,N,N, , , , ,0,0,1,0,0,0,0,0,0,0,0,0,0.000000000000000,0.000000000000000,0,1,0,5500,"Mapped, Not On Network",-81.203940000499998,28.549840025100000,673033.383900000015274,507954.488499999977648,6/18/2019 3:49:39 PM,8041_6970
2939,2940,1,2939,17050,87252483,FHPD19OFF028382,FHP,Long,3/29/2019 0:00:00,04:30 PM,Orlando Expwy Auth,Orange,STATE ROAD 429 (DANIEL WEBSTR BLTWY),WEST ROAD,5280,South,Other,1,0,0,0,N,N,N,5000.000000000000000,Clear,Daylight,0,Single Vehicle,N,Property Damage Only,Y,Other,Other Non-Collision,Shoulder,Non-Junction,N,Not at Intersection,Turnpike/Toll,Paved,Dry,None, , ,None, , ,N,N, , , , ,0,0,0,0,0,0,0,0,0,0,0,0,0.000000000000000,0.000000000000000,0,1,3000,2000,"Mapped, On Network",-81.552229999999994,28.598171460500001,638921.347432999988087,512597.770719999971334,6/19/2019 11:19:52 AM,6220_8389
2940,2941,1,2940,17065,88104315,FHPD19OFF036201,FHP,Long,4/21/2019 0:00:00,06:25 PM,Orlando,Orange,SR-528 (BEACHLINE EXPRESSWAY),MM 21,50,East,Rear End,3,0,0,0,N,N,N,8200.000000000000000,Clear,Daylight,0,Rear End,W,Property Damage Only,N,Front to Rear,Motor Vehicle in Transport,On Roadway,Non-Junction,N,Not at Intersection,State,Paved,Dry,None, , ,None, , ,N,N, , , , ,0,0,3,0,0,0,0,0,0,0,0,0,0.000000000000000,0.000000000000000,0,1,0,8200,"Mapped, On Network",-81.141027587099998,28.451516732100000,679428.787506000022404,497178.879717000003438,6/24/2019 1:19:00 PM,8101_6488
2941,2942,1,2941,17130,88000976,FHPK19OFF018698,FHP,Long,4/2/2019 0:00:00,06:50 AM,Winter Garden,Orange,STATE ROAD 429 (DANIEL WEBSTER WESTERN BY),MILE MARKER 15,5280,North,Sideswipe,2,0,0,0,N,N,N,1000.000000000000000,Cloudy,Dawn,0,Same Direction Sideswipe,N,Property Damage Only,N,"Sideswipe, Same Direction",Motor Vehicle in Transport,On Roadway,Non-Junction,N,Not at Intersection,Turnpike/Toll,Paved,Dry,None, , ,None, , ,N,N, , , , ,0,0,0,0,0,0,0,0,0,0,0,0,0.000000000000000,0.000000000000000,0,2,0,1000,"Mapped, On Network",-81.627014735399996,28.486676401899999,631860.952203999971971,500075.205778000003193,6/19/2019 11:18:02 AM,8037_6764
2942,2943,1,2942,17202,88097877,FHPD19OFF026162,FHP,Long,3/23/2019 0:00:00,04:58 AM,Orlando,Orange,STATE ROAD 408 (EAST-WEST EXPY),STATE ROAD 417 (GREENWAY EXPY),0, ,Off Road,3,0,2,1,N,Y,N,36200.000000000000000,Clear,Dark - Lighted,0,Off Road,E,Fatality,N,Other,Concrete Traffic Barrier,Shoulder,Intersection,Y,Other,State,Paved,Dry,None, , ,None, , ,N,Y,Lane Closure,Activity Area,Y,Y,0,0,2,0,0,2,0,0,0,1,2,0,2.000000000000000,0.000000000000000,1,1,0,36200,"Mapped, On Network",-81.258094730600007,28.547290160599999,667752.386886999942362,507552.637021999980789,4/4/2019 2:39:38 PM,8033_8027
2943,2944,1,2943,17206,88911876,2019-00103941,Orlando PD,Long,3/18/2019 0:00:00,01:50 AM,Orlando,Orange,S.R. 528 WBO,S.R.436,0,West,Sideswipe,2,0,0,0,N,N,N,2500.000000000000000,Clear,Dark - Lighted,0,Same Direction Sideswipe,W,Property Damage Only,Y,"Sideswipe, Same Direction",Motor Vehicle in Transport,On Roadway,Non-Junction,N,Not at Intersection,Turnpike/Toll,Paved,Dry,None, , ,None, , ,N,N, , , , ,0,0,0,0,0,0,0,0,0,0,0,0,0.000000000000000,0.000000000000000,0,0,0,2500,"Mapped, On Network",-81.299857904400000,28.451410696699998,663907.922820999985561,496817.195012999989558,5/30/2019 2:40:46 PM,8183_6664
2944,2945,1,2944,17232,88083241,FHPD19OFF025812,FHP,Long,3/22/2019 0:00:00,08:33 AM,Orlando Expwy Auth,Orange,SR408,19MM,0, ,Off Road,2,0,0,1,N,N,N,11000.000000000000000,Clear,Daylight,0,Off Road,E,Injury,N,Other,Concrete Traffic Barrier,On Roadway,Non-Junction,N,Not at Intersection,Turnpike/Toll,Paved,Dry,None, , ,None, , ,N,Y,Work on Shoulder or Median,Activity Area,Y,N,0,0,0,0,0,0,0,0,1,0,0,0,1.000000000000000,0.000000000000000,0,1,1000,10000,"Mapped, Not On Network",-81.237110000000001,28.547120049400000,669801.668316000024788,507579.488367000012659,6/12/2019 12:31:23 PM,6303_6305
2945,2946,1,2945,17257,88127570,FHPD19OFF035715,FHP,Long,4/19/2019 0:00:00,10:00 PM,Unincorporated,Orange,SR-528-TOLL E,MILE MARKER 13,0, ,Rear End,3,0,0,1,N,N,N,6050.000000000000000,Clear,Dark - Lighted,0,Rear End,E,Injury,N,Front to Rear,Motor Vehicle in Transport,On Roadway,Non-Junction,N,Not at Intersection,State,Unpaved,Dry,None, , ,None, , ,N,N, , , , ,0,0,0,0,0,0,0,0,1,0,0,0,1.000000000000000,0.000000000000000,0,1,0,6050,"Mapped, On Network",-81.273550680200003,28.448466908699999,666485.962983999983408,496546.923106000002008,6/25/2019 3:40:15 PM,6156_8052
2946,2947,1,2946,17273,88912355,2019-00114065,Orlando PD,Short,3/26/2019 0:00:00,08:09 AM,Orlando,Orange,SR417,BOGGY CREEK ROAD,0,North,Rear End,2,0,0,0,N,N,N,999.000000000000000,Clear,Daylight,0,Rear End,S,Property Damage Only,Y,Front to Rear,Motor Vehicle in Transport,On Roadway,Non-Junction,Y,Not at Intersection,State,Curb,Dry,None, , ,None, , ,N,N, , , , ,0,0,0,0,0,0,0,0,0,0,0,0,0.000000000000000,0.000000000000000,0,0,0,999,"Mapped, On Network",-81.306338846000003,28.370035302000002,663471.979133000015281,487768.219840999983717,7/14/2020 1:09:01 PM,11015_8482
2947,2948,1,2947,17302,88061977,FHPD19OFF019845,FHP,Long,3/3/2019 0:00:00,09:30 PM,Orlando,Orange,STATE ROAD 417(CENTRAL FLORIDA GREENEWAY),LEE VISTA BOULEVARD,1000,South,Other,1,0,0,1,N,N,N,4000.000000000000000,Clear,Dark - Unknown Lighting,0,Single Vehicle,N,Injury,N,Other,Other Non-Collision,Off Roadway,Non-Junction,N,Not at Intersection,State,Paved,Dry,None, , ,None, , ,N,N, , , , ,0,0,0,0,0,0,0,1,0,0,0,0,0.000000000000000,0.000000000000000,0,0,0,4000,"Mapped, On Network",-81.237237277999995,28.470077269099999,669980.917404999956489,499025.286803999973927,5/23/2019 12:45:14 PM,6173_8544
2948,2949,1,2948,17310,88064876,FHPD19OFF028438,FHP,Short,3/29/2019 0:00:00,06:45 PM,Orlando Expwy Auth,Orange,STATE ROAD 429 NB MM26,PLANT ST,5280,North,Rear End,2,0,0,0,N,N,N,3000.000000000000000,Clear,Daylight,0,Rear End,N,Property Damage Only,Y,Front to Rear,Motor Vehicle in Transport,On Roadway,Non-Junction,N,Not at Intersection,Turnpike/Toll,Paved,Dry,None, , ,None, , ,N,N, , , , ,0,0,0,0,0,0,0,0,0,0,0,0,0.000000000000000,0.000000000000000,0,1,0,3000,"Mapped, On Network",-81.557317972600003,28.586437002299999,638450.599172999965958,511285.003977000014856,6/19/2019 1:35:49 PM,6089_6220
2949,2950,1,2949,17386,88061970,FHPD19OFF017838,FHP,Long,2/26/2019 0:00:00,02:46 AM,Orlando,Orange,STATE ROAD 408 (EAST WEST EXPRESSWAY),STATE ROAD 551 (GOLDENROD ROAD),1000,East,Off Road,1,0,0,1,N,Y,N,3000.000000000000000,Clear,Dark - Unknown Lighting,0,Off Road,W,Injury,N,Other,Concrete Traffic Barrier,On Roadway,Non-Junction,N,Not at Intersection,State,Paved,Dry,None, , ,None, , ,N,N, , , , ,0,0,0,0,0,0,0,0,1,0,0,0,1.000000000000000,0.000000000000000,0,2,0,3000,"Mapped, On Network",-81.282574758999999,28.542121034899999,665374.902483999961987,506925.798721000028308,5/23/2019 12:46:07 PM,6918_8406
2950,2951,1,2950,17393,88077668,FHPD19OFF023663,FHP,Long,3/15/2019 0:00:00,09:46 AM,Orlando Expwy Auth,Orange,STATE RD 408,STATE RD 434,750,West,Rear End,2,0,0,0,N,N,N,4000.000000000000000,Clear,Daylight,0,Rear End,W,Property Damage Only,N,Front to Rear,Motor Vehicle in Transport,On Roadway,Non-Junction,N,Not at Intersection,Turnpike/Toll,Paved,Dry,None, , ,None, , ,N,Y,Work on Shoulder or Median,Activity Area,Y,N,0,0,0,0,0,0,0,0,0,0,0,0,0.000000000000000,0.000000000000000,0,1,0,4000,"Mapped, On Network",-81.211296326799996,28.548705085300000,672318.016326999990270,507812.212712000007741,6/20/2019 10:20:20 AM,6946_8057
2951,2952,1,2951,17394,88081008,FHPD19OFF028393,FHP,Short,3/29/2019 0:00:00,04:45 PM,Orlando Expwy Auth,Orange,NB SR-429,WEST ROAD,5280,South,Rear End,2,0,0,0,N,N,N,2000.000000000000000,Cloudy,Daylight,0,Rear End,N,Property Damage Only,Y,Front to Rear,Motor Vehicle in Transport,On Roadway,Non-Junction,N,Not at Intersection,Turnpike/Toll,Paved,Dry,None, , ,None, , ,N,N, , , , ,0,0,0,0,0,0,0,0,0,0,0,0,0.000000000000000,0.000000000000000,0,1,0,2000,"Mapped, On Network",-81.557443887399998,28.590647988400001,638429.046746999956667,511752.321592000022065,6/3/2019 2:48:59 PM,6089_6220
2952,2953,1,2952,17451,88049594,FHPD19OFF037174,FHP,Long,4/24/2019 0:00:00,05:50 PM,Orlando Expwy Auth,Orange,SR-429,MM29,0, ,Rear End,2,0,0,0,N,N,N,500.000000000000000,Clear,Daylight,0,Rear End,N,Property Damage Only,N,Front to Rear,Motor Vehicle in Transport,On Roadway,Non-Junction,N,Not at Intersection,Turnpike/Toll,Paved,Dry,None, , ,None, , ,N,N, , , , ,0,0,0,0,0,0,0,0,0,0,0,0,0.000000000000000,0.000000000000000,0,2,0,500,"Mapped, On Network",-81.540265170699996,28.631836284300000,640014.483725000056438,516358.917223000025842,6/24/2019 10:21:17 AM,8444_8441
2953,2954,1,2953,17454,88915388,2019-00169872,Orlando PD,Long,5/5/2019 0:00:00,02:56 PM,Orlando,Orange,EW WBO,S MILLS AV,0, ,Other,2,0,0,0,N,N,N,2000.000000000000000,Rain,Daylight,0,Other,W,Property Damage Only,Y,Angle,Motor Vehicle in Transport,On Roadway,Non-Junction,N,Not at Intersection,State,Paved,Wet,None, , ,None, , ,N,N, , , , ,0,0,0,0,0,0,0,0,0,0,0,0,0.000000000000000,0.000000000000000,0,0,0,2000,"Mapped, On Network",-81.364147910699998,28.537385405100000,657421.206789999967441,506227.086945999995805,6/12/2019 10:47:32 AM,8309_8313
2954,2955,1,2954,17456,88915365,2019-00169548,Orlando PD,Long,5/5/2019 0:00:00,09:38 AM,Orlando,Orange,SR 408 WBO,INTERSTATE4 EXIT RAMP,0,West,Off Road,1,0,0,0,N,N,N,6500.000000000000000,Clear,Daylight,0,Off Road,W,Property Damage Only,Y,Other,Guardrail Face,On Roadway,Entrance/Exit Ramp,N,Other,State,Paved,Dry,None, , ,None, , ,N,N, , , , ,0,0,0,0,0,0,0,0,0,0,0,0,0.000000000000000,0.000000000000000,0,0,1500,5000,"Mapped, On Network",-81.391708522700000,28.535118989899999,654735.323683999944478,505918.211934000020847,6/21/2019 7:35:54 PM,8267_6679
2955,2956,1,2955,17472,88915543,2019-00162340,Orlando PD,Long,4/30/2019 0:00:00,08:07 AM,Orlando,Orange,SR 408 WBO,EXIT RAMP TO US 441 (S. ORANGE BLOSSOM TRL.),200,East,Rear End,2,0,0,2,N,N,N,5000.000000000000000,Clear,Daylight,0,Rear End,W,Injury,Y,Front to Rear,Motor Vehicle in Transport,On Roadway,Non-Junction,N,Not at Intersection,State,Paved,Dry,None, , ,None, , ,N,Y,Work on Shoulder or Median,Activity Area,N,N,0,0,1,0,0,0,0,0,2,0,0,0,2.000000000000000,0.000000000000000,0,0,0,5000,"Mapped, On Network",-81.391206612600001,28.535271038200001,654783.977553999982774,505936.130928999977186,6/21/2019 8:12:17 PM,8272_8254
2956,2957,1,2956,17520,88103450,FHPD19OFF022628,FHP,Short,3/12/2019 0:00:00,01:44 AM,Orlando,Orange,STATE ROAD 408 (EAST WEST EXPRESS WAY),MILE MARKER 16,50,West,Rear End,2,0,0,0,N,Y,N,1000.000000000000000,Clear,Dark - Lighted,0,Rear End,E,Property Damage Only,N,Front to Rear,Motor Vehicle in Transport,On Roadway,Non-Junction,N,Not at Intersection,Turnpike/Toll,Paved,Dry,None, , ,None, , ,N,N, , , , ,0,0,0,0,0,0,0,0,0,0,0,0,0.000000000000000,0.000000000000000,0,1,0,1000,"Mapped, On Network",-81.282713082399994,28.541833788000002,665362.099339999957010,506893.608345000015106,6/12/2019 11:51:03 AM,8408_8412
2957,2958,1,2957,17521,88103458,FHPD19OFF024302,FHP,Long,3/16/2019 0:00:00,09:28 PM,Orlando,Orange,STATE ROAD 408 (EAST WEST EXPRESS WAY),MILE MARKER 7,100,East,Off Road,1,0,0,0,N,N,N,500.000000000000000,Clear,Dark - Lighted,0,Off Road,W,Property Damage Only,N,Other,Other Fixed Object,On Roadway,Non-Junction,N,Not at Intersection,Turnpike/Toll,Paved,Dry,None, , ,None, , ,N,N, , , , ,0,0,0,0,0,0,0,0,0,0,0,0,0.000000000000000,0.000000000000000,0,0,0,500,"Mapped, On Network",-81.423297552099996,28.545768554599999,651625.963741000043228,507035.790717999974731,6/10/2019 11:45:05 AM,8237_6011
2958,2959,1,2958,17537,88064875,FHPD19OFF028392,FHP,Long,3/29/2019 0:00:00,04:50 PM,Orlando Expwy Auth,Orange,STATE ROAD 417 SB MM17,BOGGY CREEK RD,5280,South,Rear End,2,0,0,1,N,N,N,2000.000000000000000,Clear,Daylight,0,Rear End,S,Injury,Y,Front to Rear,Motor Vehicle in Transport,On Roadway,Non-Junction,N,Not at Intersection,Turnpike/Toll,Paved,Dry,None, , ,None, , ,N,N, , , , ,0,0,4,0,0,0,0,1,0,0,0,0,0.000000000000000,0.000000000000000,0,1,0,2000,"Mapped, On Network",-81.328142403399994,28.367294408300001,661346.262778999982402,487417.499786000000313,6/24/2019 9:53:29 AM,6324_6854
2959,2960,1,2959,17565,88049598,FHPD19OFF039191,FHP,Long,4/30/2019 0:00:00,06:04 PM,Orlando Expwy Auth,Orange,SR-528 (MM13),NARCOOSSEE ROAD,80,West,Rear End,2,0,0,0,N,N,N,7700.000000000000000,Clear,Daylight,0,Rear End,E,Property Damage Only,N,Front to Rear,Motor Vehicle in Transport,On Roadway,Non-Junction,N,Not at Intersection,Turnpike/Toll,Paved,Dry,None, , ,None, , ,N,N, , , , ,0,0,0,0,0,0,0,0,0,0,0,0,0.000000000000000,0.000000000000000,0,1,0,7700,"Mapped, On Network",-81.260145699399999,28.448414932700000,667796.092764999950305,496570.191989000013564,6/24/2019 10:24:16 AM,8052_8060
2960,2961,1,2960,17567,88081023,FHPD19OFF038863,FHP,Long,4/29/2019 0:00:00,06:10 PM,Orlando Expwy Auth,Orange,EB SR-408,DEAN ROAD,0,West,Rear End,2,0,0,0,N,N,N,8500.000000000000000,Cloudy,Daylight,0,Rear End,E,Property Damage Only,Y,Front to Rear,Motor Vehicle in Transport,On Roadway,Non-Junction,N,Not at Intersection,Turnpike/Toll,Paved,Dry,None, , ,None, , ,N,Y,Work on Shoulder or Median,Activity Area,Y,N,0,0,0,0,0,0,0,0,0,0,0,0,0.000000000000000,0.000000000000000,0,1,0,8500,"Mapped, On Network",-81.249531753699998,28.547305158299999,668588.402654999983497,507572.923994000011589,6/12/2019 10:47:01 AM,8027_6269
2961,2962,1,2961,17568,88081021,FHPD19OFF037038,FHP,Long,4/24/2019 0:00:00,12:00 PM,Orlando Expwy Auth,Orange,SB SR-417,SR.50,0,North,Sideswipe,2,0,0,0,N,N,N,6500.000000000000000,Clear,Daylight,0,Same Direction Sideswipe,S,Property Damage Only,Y,"Sideswipe, Same Direction",Motor Vehicle in Transport,On Roadway,Non-Junction,N,Not at Intersection,Turnpike/Toll,Paved,Dry,None, , ,None, , ,N,N, , , , ,0,0,0,0,0,0,0,0,0,0,0,0,0.000000000000000,0.000000000000000,0,1,0,6500,"Mapped, On Network",-81.263889336899993,28.577167277099999,667113.010752000031061,510857.274877000018023,6/24/2019 10:19:55 AM,6691_8563