FID,OBJECTID_1,Join_Count,TARGET_FID,OBJECTID,HSMV_Repor,Agency_Rep,Reporting_,Form_Type,Crash_Date,Crash_Time,City,County,Crash_Stre,Intersecti,Offset_Dis,Offset_Dir,Crash_Type,Vehicles,Non_Motori,Fatalities,Injuries,Alcohol_Re,Distractio,Drug_Relat,Estimated_,Weather_Co,Light_Cond,Street_Num,Crash_Ty_1,Crash_Ty_2,Crash_Seve,Within_Cit,Manner_of_,First_Harm,First_HE_L,First_HE_R,First_HE_W,Type_of_In,Road_Sys_I,Type_of_Sh,Road_Surf_,Contrib_Ci,Contrib__1,Contrib__2,Contrib__3,Contrib__4,Contrib__5,School_Bus,Work_Zone_,Type_of_Wo,Loc_in_Wor,Workers_in,Law_Enforc,Mopeds,Motorcycle,Passengers,Bicyclists,Pedestrian,Fataliti_1,Injuries_U,Possible_I,Non_Incapa,Incapacita,Fataliti_2,Non_Traffi,Transporte,Transpor_1,Transpor_2,Citations,Property_D,Vehicle_Dm,S4_Mapping,S4_Decimal,S4_Decim_1,S4_Albers_,S4_Albers1,S4_Mappi_1,zone_id_st
2962,2963,1,2962,17569,88077700,FHPD19OFF038085,FHP,Long,4/27/2019 0:00:00,10:58 AM,Orlando Expwy Auth,Orange,STATE RD 417,STATE RD 536,5280,North,Rear End,3,0,0,0,N,N,N,9500.000000000000000,Clear,Daylight,0,Rear End,S,Property Damage Only,N,Front to Rear,Motor Vehicle in Transport,On Roadway,Non-Junction,N,Not at Intersection,Turnpike/Toll,Paved,Dry,None, , ,None, , ,N,N, , , , ,0,0,1,0,0,0,0,0,0,0,0,0,0.000000000000000,0.000000000000000,0,1,0,9500,"Mapped, On Network",-81.472261099799994,28.355114363799999,647279.129180000047199,485767.905849999981001,6/24/2019 10:22:05 AM,6071_8579
2963,2964,1,2963,17678,88915531,2019-00165240,Orlando PD,Short,5/2/2019 0:00:00,08:23 AM,Orlando,Orange,SR 408 WBO,S MILLS AVE EXIT RAMP,500,East,Rear End,3,0,0,0,N,N,N,2500.000000000000000,Clear,Daylight,0,Rear End,W,Property Damage Only,Y,Front to Rear,Motor Vehicle in Transport,On Roadway,Non-Junction,N,Not at Intersection,State,Paved,Dry,None, , ,None, , ,N,N, , , , ,0,0,0,0,0,0,0,0,0,0,0,0,0.000000000000000,0.000000000000000,0,0,0,2500,"Mapped, On Network",-81.361805007300006,28.537839749800000,657648.903887999942526,506282.426069999986794,6/24/2019 10:30:17 AM,8309_8313
2964,2965,1,2964,17721,88913581,2019-00108241,Orlando PD,Short,3/21/2019 0:00:00,02:14 PM,Orlando,Orange,SR 408 EBO,SR 527 (S ORANGE AV) EXIT RAMP,100,West,Sideswipe,2,0,0,0,N,N,N,200.000000000000000,Clear,Daylight,0,Same Direction Sideswipe,E,Property Damage Only,Y,"Sideswipe, Same Direction",Motor Vehicle in Transport,On Roadway,Non-Junction,N,Not at Intersection,State,Paved,Dry,None, , ,None, , ,N,N, , , , ,0,0,1,0,0,0,0,0,0,0,0,0,0.000000000000000,0.000000000000000,0,0,0,200,"Mapped, On Network",-81.378640883399996,28.535527273200000,656010.401769999996759,505990.605884000018705,6/19/2019 1:38:34 PM,6679_6276
2965,2966,1,2965,17791,88077670,FHPD19OFF024977,FHP,Short,3/19/2019 0:00:00,01:21 PM,Orlando Expwy Auth,Orange,STATE RD 417,BOGGY CREEK RD,5280,South,Rear End,2,0,0,0,N,N,N,1750.000000000000000,Rain,Daylight,0,Rear End,S,Property Damage Only,N,Front to Rear,Motor Vehicle in Transport,On Roadway,Non-Junction,N,Not at Intersection,Turnpike/Toll,Paved,Wet,Road Surface Condition, , ,Weather Conditions, , ,N,N, , , , ,0,0,1,0,0,0,0,0,0,0,0,0,0.000000000000000,0.000000000000000,0,1,0,1750,"Mapped, Not On Network",-81.309605738800002,28.369411652000000,663154.000000000000000,487692.000000000000000,6/10/2019 11:44:15 AM,11015_8482
2966,2967,1,2966,17810,88913398,2019-00105355,Orlando PD,Short,3/19/2019 0:00:00,07:55 AM,Orlando,Orange,SR 408 WEST,S MILLS AVE EXIT RAMP,3000,East,Rear End,2,0,0,0,N,Y,N,800.000000000000000,Rain,Daylight,0,Rear End,W,Property Damage Only,Y,Front to Rear,Motor Vehicle in Transport,On Roadway,Non-Junction,N,Not at Intersection,State,Paved,Wet,None, , ,None, , ,N,N, , , , ,0,0,0,0,0,0,0,0,0,0,0,0,0.000000000000000,0.000000000000000,0,0,0,800,"Mapped, On Network",-81.356645764099994,28.538386302999999,658151.382899999967776,506353.900153999973554,6/12/2019 2:52:27 PM,8318_8309
2967,2968,1,2967,17889,88102249,FHPD19OFF024646,FHP,Long,3/18/2019 0:00:00,12:02 PM,Orlando,Orange,SR408 EXIT RAMP,SR50 (COLONIAL DR.),100,South,Rear End,2,0,0,0,N,N,N,200.000000000000000,Cloudy,Daylight,0,Rear End,N,Property Damage Only,N,Front to Rear,Motor Vehicle in Transport,On Roadway,Non-Junction,N,Not at Intersection,State,Unpaved,Dry,None, , ,None, , ,N,N, , , , ,0,0,0,0,0,0,0,0,0,0,0,0,0.000000000000000,0.000000000000000,0,0,0,200,"Mapped, On Network",-81.393930000099999,28.535101461600000,654518.439496999955736,505911.678708999999799,6/7/2020 6:36:08 PM,8248_8267
2968,2969,1,2968,17958,88081024,FHPD19OFF039522,FHP,Short,5/1/2019 0:00:00,04:55 PM,Orlando Expwy Auth,Orange,SB SR-417 EXIT RAMP,LANDSTAR BLVD,0,South,Off Road,1,0,0,0,N,N,N,10000.000000000000000,Clear,Daylight,0,Off Road,S,Property Damage Only,Y,Other,Utility Pole/Light Support,On Roadway,Entrance/Exit Ramp,N,Not at Intersection,Turnpike/Toll,Paved,Dry,None, , ,None, , ,N,N, , , , ,0,0,0,0,0,0,0,0,0,0,0,0,0.000000000000000,0.000000000000000,0,1,2000,8000,"Mapped, Not On Network",-81.374719999600003,28.368170024400001,656788.925500000012107,487416.867000000027474,6/24/2019 10:26:58 AM,9178_7997
2969,2970,1,2969,17997,88049581,FHPD19OFF027093,FHP,Long,3/26/2019 0:00:00,07:50 AM,Orlando Expwy Auth,Orange,SR-417 (MM15),RHODE ISLAND WOOD CIRCLE,5280,North,Rear End,2,0,0,1,N,N,N,7500.000000000000000,Clear,Daylight,0,Rear End,S,Injury,N,Front to Rear,Motor Vehicle in Transport,On Roadway,Non-Junction,N,Not at Intersection,Turnpike/Toll,Paved,Dry,None, , ,None, , ,N,N, , , , ,0,0,0,0,0,0,0,0,1,0,0,0,1.000000000000000,0.000000000000000,0,1,800,6700,"Mapped, On Network",-81.348027770700000,28.368675084400000,659398.190350000048056,487528.810562000027858,6/24/2019 9:52:34 AM,7095_6630
2970,2971,1,2970,18044,88104055,FHPD19OFF037586,FHP,Long,4/25/2019 0:00:00,09:45 PM,Orlando,Orange,STATE ROAD 417,MOSS PARK ROAD,500,North,Rear End,2,0,1,6,Y,N,Y,40500.000000000000000,Clear,Dark - Lighted,0,Rear End,S,Fatality,N,Front to Rear,Motor Vehicle in Transport,On Roadway,Non-Junction,N,Not at Intersection,Interstate,Paved,Dry,None, , ,None, , ,N,N, , , , ,0,0,5,0,0,1,2,0,1,5,1,0,5.000000000000000,0.000000000000000,0,2,500,40000,"Mapped, On Network",-81.227839866300002,28.423378292700001,671015.669425999978557,493860.982567000028212,5/7/2019 11:58:24 AM,8516_8536
2971,2972,1,2971,18047,88124911,FHPD19OFF039344,FHP,Long,5/1/2019 0:00:00,08:49 AM,Orlando Expwy Auth,Orange,STATE ROAD 417 SB MM22,NARCOOSSEE RD,200,North,Rear End,4,0,0,0,N,Y,N,11500.000000000000000,Clear,Daylight,0,Rear End,S,Property Damage Only,Y,Front to Rear,Motor Vehicle in Transport,On Roadway,Non-Junction,N,Not at Intersection,Turnpike/Toll,Paved,Dry,None, , ,None, , ,N,N, , , , ,0,0,0,0,0,0,0,0,0,0,0,0,0.000000000000000,0.000000000000000,0,1,0,11500,"Mapped, On Network",-81.236857479299999,28.404653086200000,670180.818500000052154,491762.159859000006691,6/24/2019 10:26:45 AM,6174_8596
2972,2973,1,2972,18063,87280779,FHPK19OFF025834,FHP,Long,5/6/2019 0:00:00,12:11 PM,Unincorporated,Orange,STATE ROAD 429 (WESTERN BELTWAY),COUNTY ROAD 545 (MILE MARKER 21),10560,North,Off Road,1,0,0,1,N,N,N,10000.000000000000000,Clear,Daylight,0,Off Road,N,Injury,N,Other,Utility Pole/Light Support,Shoulder,Non-Junction,N,Not at Intersection,Turnpike/Toll,Paved,Dry,None, , ,None, , ,N,N, , , , ,0,0,0,0,0,0,0,0,0,1,0,0,1.000000000000000,0.000000000000000,0,0,0,10000,"Mapped, On Network",-81.564062270299999,28.529140812000001,637918.004756000009365,504910.153431000013370,6/25/2019 1:42:37 PM,6231_8470
2973,2974,1,2973,18110,88912556,2019-00099050,Orlando PD,Short,3/14/2019 0:00:00,12:25 PM,Orlando,Orange,SR408 EAST,SR15 (S CONWAY RD EXIT RAMP),500,East,Other,1,0,0,0,N,N,N,1000.000000000000000,Clear,Daylight,0,Single Vehicle,E,Property Damage Only,Y,Other,Other Non-Fixed Object,On Roadway,Non-Junction,N,Not at Intersection,State,Paved,Dry,None, , ,None, , ,N,N, , , , ,0,0,0,0,0,0,0,0,0,0,0,0,0.000000000000000,0.000000000000000,0,0,0,1000,"Mapped, On Network",-81.340703062299994,28.538270139900000,659708.393192999996245,506374.478277000016533,6/12/2019 3:41:44 PM,6252_6227
2974,2975,1,2974,18117,88913129,2019-00100195,Orlando PD,Short,3/15/2019 0:00:00,08:16 AM,Orlando,Orange,SR 408 WBO,I4 EBO,300,East,Rear End,2,0,0,0,N,N,N,1000.000000000000000,Clear,Daylight,0,Rear End,W,Property Damage Only,Y,Front to Rear,Motor Vehicle in Transport,On Roadway,Non-Junction,N,Not at Intersection,State,Paved,Dry,None, , ,None, , ,N,N, , , , ,0,0,0,0,0,0,0,0,0,0,0,0,0.000000000000000,0.000000000000000,0,0,0,1000,"Mapped, On Network",-81.379877532699993,28.535520199699999,655889.661470000050031,505987.253727999981493,6/12/2019 4:07:40 PM,6230_8274
2975,2976,1,2975,18137,88111236,FHPD19OFF033813,FHP,Long,4/14/2019 0:00:00,06:05 PM,Orlando,Orange,STATE ROAD 417,CURRY FORD ROAD,0, ,Rear End,2,0,0,2,N,Y,N,4000.000000000000000,Clear,Daylight,0,Rear End,N,Injury,N,Front to Rear,Motor Vehicle in Transport,On Roadway,Entrance/Exit Ramp,N,Not at Intersection,County,Curb,Dry,None, , ,None, , ,N,N, , , , ,0,0,2,0,0,0,1,2,0,0,0,0,2.000000000000000,0.000000000000000,0,2,0,4000,"Mapped, On Network",-81.246030040600004,28.505845436400001,669033.114669000031427,502977.354563999979291,7/10/2020 3:22:21 PM,8559_6030
2976,2977,1,2976,18140,88915797,2019-00165176,Orlando PD,Long,5/2/2019 0:00:00,07:44 AM,Orlando,Orange,SR 408 WEST,SR 527 (S ROSALIND AV EXIT RAMP),50,West,Rear End,2,0,0,1,N,N,N,8000.000000000000000,Clear,Daylight,0,Rear End,W,Injury,Y,Front to Rear,Motor Vehicle in Transport,On Roadway,Non-Junction,N,Not at Intersection,State,Paved,Dry,None, , ,None, , ,N,N, , , , ,0,0,2,0,0,0,0,1,0,0,0,0,0.000000000000000,0.000000000000000,0,1,0,8000,"Mapped, On Network",-81.376031172599994,28.536632497999999,656262.624523999984376,506118.740483000001404,6/26/2019 10:34:06 AM,6737_6230
2977,2978,1,2977,18141,88915451,2019-00168223,Orlando PD,Short,5/4/2019 0:00:00,08:08 AM,Orlando,Orange,EW EBO (SR 408),S ORANGE AV,0, ,Rear End,3,0,0,0,N,N,N,1700.000000000000000,Clear,Daylight,0,Rear End,E,Property Damage Only,Y,Front to Rear,Motor Vehicle in Transport,On Roadway,Non-Junction,N,Not at Intersection,State,Paved,Dry,None, , ,None, , ,N,N, , , , ,0,0,0,0,0,0,0,0,0,0,0,0,0.000000000000000,0.000000000000000,0,0,0,1700,"Mapped, On Network",-81.378198249799993,28.535709002600001,656053.195222000009380,506011.702465999987908,6/21/2019 7:40:13 PM,6679_6276
2978,2979,1,2978,18203,85507872,FHPD19OFF041222,FHP,Short,5/6/2019 0:00:00,12:46 PM,Orlando,Orange,STATE ROAD 408 (EAST-WEST EXPY),INTERSTATE 4 (STATE ROAD 400),100,East,Other,1,0,0,0,N,N,N,200.000000000000000,Clear,Daylight,0,Single Vehicle,E,Property Damage Only,Y,Other,Other Non-Fixed Object,On Roadway,Non-Junction,N,Not at Intersection,State,Curb,Dry,None, , ,None, , ,N,N, , , , ,0,0,0,0,0,0,0,0,0,0,0,0,0.000000000000000,0.000000000000000,0,0,0,200,"Mapped, On Network",-81.388644854800006,28.535141216600000,655034.435767999966629,505927.012234000023454,6/10/2019 1:05:49 PM,8267_6679
2979,2980,1,2979,18266,88915299,2019-00159042,Orlando PD,Short,4/27/2019 0:00:00,04:39 PM,Orlando,Orange,S.R. 408 EBO,ANDES AVENUE,0, ,Unknown,2,0,0,0,N,N,N,1000.000000000000000,Clear,Daylight,0,Unknown, ,Property Damage Only,Y,Angle,Motor Vehicle in Transport,On Roadway,Non-Junction,N,Not at Intersection,State,Paved,Dry,None, , ,None, , ,N,N, , , , ,0,0,3,0,0,0,0,0,0,0,0,0,0.000000000000000,0.000000000000000,0,0,0,1000,"Mapped, On Network",-81.319731051500000,28.539773881599999,661752.580474999966100,506585.780754000006709,6/21/2019 2:04:21 PM,6309_6301
2980,2981,1,2980,18396,87252481,FHPD19OFF027654,FHP,Long,3/27/2019 0:00:00,11:00 AM,Orlando Expwy Auth,Orange,STATE ROAD 408 (EAST WEST EXPRESSWAY),ALAFAYA TRAIL,100,West,Rear End,2,0,0,2,N,N,N,7000.000000000000000,Rain,Daylight,0,Rear End,W,Injury,Y,Angle,Motor Vehicle in Transport,On Roadway,Non-Junction,Y,Not at Intersection,Turnpike/Toll,Paved,Wet,Road Surface Condition, , ,Weather Conditions, , ,N,Y,Work on Shoulder or Median,Activity Area,N,N,0,0,1,0,0,0,0,2,0,0,0,0,2.000000000000000,0.000000000000000,0,1,0,7000,"Mapped, On Network",-81.203231095299998,28.550292349399999,673101.456954999943264,508006.278613000002224,6/24/2019 9:52:58 AM,6921_8043
2981,2982,1,2981,18439,85204385,FHPD19OFF039337,FHP,Short,5/1/2019 0:00:00,08:30 AM,Unincorporated,Orange,SR408 MM17,CHICKASAW TRL,1000,East,Sideswipe,2,0,0,0,N,N,N,1000.000000000000000,Clear,Daylight,0,Same Direction Sideswipe,W,Property Damage Only,N,"Sideswipe, Same Direction",Motor Vehicle in Transport,On Roadway,Entrance/Exit Ramp,N,Not at Intersection,State,Paved,Dry,None, , ,None, , ,N,N, , , , ,0,0,0,0,0,0,0,0,0,0,0,0,0.000000000000000,0.000000000000000,0,1,0,1000,"Mapped, On Network",-81.268987097899995,28.547206811900001,666689.105250000022352,507519.779341000015847,6/21/2019 2:10:01 PM,8412_7015
2982,2983,1,2982,18563,88102657,FHPD19OFF024556,FHP,Long,3/17/2019 0:00:00,11:19 PM,Orlando,Orange,STATE ROAD 408,ROUSE ROAD,0,West,Rear End,2,0,0,2,N,N,N,22500.000000000000000,Cloudy,Dark - Lighted,0,Rear End,E,Injury,N,Front to Rear,Motor Vehicle in Transport,On Roadway,Non-Junction,N,Not at Intersection,State,Paved,Dry,None, , ,None, , ,N,Y,Intermittent or Moving Work,Transition Area,N,N,0,0,1,0,0,0,0,2,0,0,0,0,2.000000000000000,0.000000000000000,0,0,2500,20000,"Mapped, On Network",-81.224768093400002,28.547144834800001,671006.614917000057176,507609.303587000002153,5/23/2019 12:18:30 PM,8077_8070
2983,2984,1,2983,18567,88064863,FHPD19OFF024992,FHP,Long,3/19/2019 0:00:00,02:07 PM,Orlando Expwy Auth,Orange,STATE ROAD 417 OFF RAMP,STATE ROAD 528,200,West,Sideswipe,2,0,0,0,N,N,N,500.000000000000000,Rain,Daylight,0,Same Direction Sideswipe,W,Property Damage Only,Y,"Sideswipe, Same Direction",Motor Vehicle in Transport,On Roadway,Entrance/Exit Ramp,N,Not at Intersection,Turnpike/Toll,Paved,Wet,Road Surface Condition, , ,None, , ,N,N, , , , ,0,0,1,0,0,0,0,0,0,0,0,0,0.000000000000000,0.000000000000000,0,1,0,500,"Mapped, Not On Network",-81.234653820000005,28.451577299099998,670279.403649999992922,496976.921925999980886,6/12/2019 11:54:22 AM,8001_8007
2984,2985,1,2984,18568,88064862,FHPD19OFF024856,FHP,Long,3/19/2019 0:00:00,07:50 AM,Orlando Expwy Auth,Orange,STATE ROAD 408 EB MM14,YUCATAN DR,200,East,Sideswipe,2,0,0,0,N,N,N,3100.000000000000000,Rain,Daylight,0,Same Direction Sideswipe,E,Property Damage Only,Y,"Sideswipe, Same Direction",Motor Vehicle in Transport,On Roadway,Non-Junction,N,Not at Intersection,Turnpike/Toll,Paved,Wet,Road Surface Condition, , ,None, , ,N,N, , , , ,0,0,0,0,0,0,0,0,0,0,0,0,0.000000000000000,0.000000000000000,0,1,0,3100,"Mapped, On Network",-81.302836890099996,28.539509775500001,663402.827809000038542,506592.430509999976493,6/10/2019 11:45:37 AM,6235_6881
2985,2986,1,2985,18598,88915959,2019-00165953,Orlando PD,Short,5/2/2019 0:00:00,05:10 PM,Orlando,Orange,SR 408 WBO,U.S 441 (S. ORANGE BLOSSOM TRL) EXIT.,400,East,Sideswipe,2,0,0,0,N,N,N,2000.000000000000000,Rain,Daylight,0,Same Direction Sideswipe,W,Property Damage Only,Y,"Sideswipe, Same Direction",Motor Vehicle in Transport,On Roadway,Non-Junction,N,Not at Intersection,State,Paved,Wet,None, , ,None, , ,N,N, , , , ,0,0,0,0,0,0,0,0,0,0,0,0,0.000000000000000,0.000000000000000,0,1,0,2000,"Mapped, On Network",-81.392404274000000,28.535289284000001,654666.984304000041448,505935.682817999972031,6/21/2019 8:11:12 PM,8272_8254
2986,2987,1,2986,18647,88083275,FHPD19OFF039209,FHP,Short,4/30/2019 0:00:00,12:00 AM,Orlando Expwy Auth,Orange,SR408,18MM,0, ,Rear End,2,0,0,0,N,N,N,4000.000000000000000,Clear,Daylight,0,Rear End,E,Property Damage Only,N,Front to Rear,Motor Vehicle in Transport,On Roadway,Non-Junction,N,Not at Intersection,Turnpike/Toll,Paved,Dry,None, , ,None, , ,N,N, , , , ,0,0,0,0,0,0,0,0,0,0,0,0,0.000000000000000,0.000000000000000,0,1,0,4000,"Mapped, On Network",-81.252879685600007,28.547313814500001,668261.503503000014462,507566.597454999980982,6/21/2019 2:11:06 PM,8027_6269
2987,2988,1,2987,18648,88083274,FHPD19OFF038544,FHP,Long,4/28/2019 0:00:00,06:08 PM,Orlando Expwy Auth,Orange,SR408,6MM,0, ,Rear End,3,0,0,2,N,N,N,11000.000000000000000,Clear,Daylight,0,Rear End,W,Injury,N,Front to Rear,Motor Vehicle in Transport,On Roadway,Non-Junction,N,Not at Intersection,Turnpike/Toll,Paved,Dry,None, , ,None, , ,N,N, , , , ,0,0,2,0,0,0,0,0,2,0,0,0,2.000000000000000,0.000000000000000,0,2,0,11000,"Mapped, On Network",-81.443049999999999,28.548240049400000,649691.639772000024095,507270.054693999991287,6/25/2019 3:39:09 PM,8205_6294
2988,2989,1,2988,18651,88049589,FHPD19OFF033357,FHP,Long,4/13/2019 0:00:00,09:42 AM,Orlando Expwy Auth,Orange,SR-528 (MM14),SR-417,5280,West,Other,2,0,0,2,N,N,N,5400.000000000000000,Clear,Daylight,0,Other,E,Injury,N,Other,Motor Vehicle in Transport,On Roadway,Non-Junction,N,Not at Intersection,Turnpike/Toll,Paved,Dry,None, , ,None, , ,N,N, , , , ,0,0,1,0,0,0,0,0,2,0,0,0,2.000000000000000,0.000000000000000,0,0,400,5000,"Mapped, On Network",-81.245471196200000,28.451189416300000,669223.273285000002943,496910.192727999994531,6/18/2019 4:28:26 PM,6666_8074
2989,2990,1,2989,18693,88912939,2019-00099065,Orlando PD,Short,3/14/2019 0:00:00,12:33 PM,Orlando,Orange,SR 408 EBO,SR 15 (S CONWAY) ENTRANCE RAMP,500,West,Other,1,0,0,0,N,N,N,1000.000000000000000,Clear,Daylight,0,Single Vehicle,E,Property Damage Only,Y,Other,Other Non-Fixed Object,On Roadway,Non-Junction,N,Not at Intersection,State,Paved,Dry,None, , ,None, , ,N,N, , , , ,0,0,1,0,0,0,0,0,0,0,0,0,0.000000000000000,0.000000000000000,0,0,0,1000,"Mapped, On Network",-81.337650822699999,28.538267883500001,660006.435700000030920,506380.659658999997191,6/12/2019 3:32:41 PM,6227_8355
2990,2991,1,2990,18719,88121388,FHPD19OFF037982,FHP,Long,4/26/2019 0:00:00,10:09 PM,Orlando,Orange,STATE ROAD 408 (EAST WEST EXPRESSWAY),STATE ROAD 423 (JOHN YOUNG PARKWAY),200,West,Rear End,2,0,0,1,N,N,N,22000.000000000000000,Clear,Dark - Lighted,0,Rear End,E,Injury,N,Front to Rear,Motor Vehicle in Transport,On Roadway,Non-Junction,N,Not at Intersection,Interstate,Paved,Dry,None, , ,None, , ,N,N, , , , ,0,1,0,0,0,0,0,0,0,1,0,0,1.000000000000000,0.000000000000000,0,1,0,22000,"Mapped, On Network",-81.418768568299996,28.545437381100001,652068.943555000005290,507008.269641000020783,6/25/2019 2:19:38 PM,6011_8219
2991,2992,1,2991,18744,88124006,FHPD19OFF037890,FHP,Short,4/26/2019 0:00:00,05:13 PM,Orlando Expwy Auth,Orange,STATE ROAD 417 NORTHBOUND,MILE MARKER 7,0, ,Sideswipe,2,0,0,0,N,Y,N,6000.000000000000000,Clear,Daylight,0,Same Direction Sideswipe,N,Property Damage Only,N,"Sideswipe, Same Direction",Motor Vehicle in Transport,On Roadway,Non-Junction,N,Not at Intersection,Turnpike/Toll,Paved,Dry,None, , ,None, , ,N,N, , , , ,0,0,0,0,0,0,0,0,0,0,0,0,0.000000000000000,0.000000000000000,0,1,0,6000,"Mapped, On Network",-81.458119999999994,28.355710679300000,648660.939065000042319,485862.552754000003915,6/21/2019 2:17:27 PM,7010_6916
2992,2993,1,2992,18745,88124005,FHPD19OFF037803,FHP,Long,4/26/2019 0:00:00,02:34 PM,Orlando Expwy Auth,Orange,STATE ROAD 408 EASTBOUND,MILE MARKER 16,0, ,Rear End,3,0,0,0,N,Y,N,5000.000000000000000,Clear,Daylight,0,Rear End,E,Property Damage Only,N,Front to Rear,Motor Vehicle in Transport,On Roadway,Non-Junction,N,Not at Intersection,Turnpike/Toll,Paved,Dry,None, , ,None, , ,N,N, , , , ,0,0,0,0,0,0,0,0,0,0,0,0,0.000000000000000,0.000000000000000,0,1,0,5000,"Mapped, On Network",-81.282774195900004,28.541801343500001,665356.211537000024691,506889.874560000025667,6/21/2019 2:17:33 PM,8408_8412
2993,2994,1,2993,18753,87246737,FHPD19OFF039314,FHP,Long,5/1/2019 0:00:00,07:50 AM,Orlando,Orange,STATE ROAD 417,MM 24,0, ,Other,1,0,0,1,N,N,N,8000.000000000000000,Clear,Daylight,0,Single Vehicle,N,Injury,Y,Other,Other Non-Collision,Median,Through Roadway,N,Not at Intersection,Turnpike/Toll,Unpaved,Dry,None, , ,None, , ,N,N, , , , ,0,0,0,0,0,0,0,1,0,0,0,0,1.000000000000000,0.000000000000000,0,0,0,8000,"Mapped, On Network",-81.228268759700001,28.426657309500001,670965.561993999988772,494224.104470000020228,6/25/2019 1:40:57 PM,8516_8536
2994,2995,1,2994,18785,88913188,2019-00114050,Orlando PD,Short,3/26/2019 0:00:00,07:55 AM,Orlando,Orange,SR 408 WEST,S MILLS AVE,200,East,Rear End,2,0,0,0,N,N,N,7000.000000000000000,Clear,Daylight,0,Rear End,W,Property Damage Only,Y,"Sideswipe, Same Direction",Motor Vehicle in Transport,On Roadway,Non-Junction,N,Not at Intersection,Interstate,Paved,Dry,None, , ,None, , ,N,N, , , , ,0,0,0,0,0,0,0,0,0,0,0,0,0.000000000000000,0.000000000000000,0,0,0,7000,"Mapped, On Network",-81.363521525199999,28.537451716200000,657482.213767000008374,506235.757236999983434,6/18/2019 4:07:33 PM,8309_8313
2995,2996,1,2995,18874,88124910,FHPD19OFF037389,FHP,Short,4/25/2019 0:00:00,12:29 PM,Orlando Expwy Auth,Orange,STATE ROAD 417 SB MM37,UNIVERSITY BLVD,100,South,Rear End,2,0,0,0,N,N,N,2000.000000000000000,Clear,Daylight,0,Rear End,S,Property Damage Only,Y,Front to Rear,Motor Vehicle in Transport,On Roadway,Non-Junction,N,Not at Intersection,Turnpike/Toll,Paved,Dry,None, , ,None, , ,N,N, , , , ,0,0,0,0,0,0,0,0,0,0,0,0,0.000000000000000,0.000000000000000,0,0,0,2000,"Mapped, On Network",-81.250912915499995,28.593671553699998,668338.767697999952361,512717.884306000021752,6/6/2019 1:10:53 PM,8118_8456
2996,2997,1,2996,18915,88913731,2019-00138255,Orlando PD,Long,4/12/2019 0:00:00,05:20 PM,Orlando,Orange,EW EBO,LAKE UNDERHILL RD,400,West,Unknown,2,0,0,0,N,N,N,600.000000000000000,Clear,Daylight,0,Unknown, ,Property Damage Only,Y,Angle,Motor Vehicle in Transport,On Roadway,Non-Junction,N,Not at Intersection,State,Paved,Dry,None, , ,None, , ,N,N, , , , ,0,0,0,0,0,0,0,0,0,0,0,0,0.000000000000000,0.000000000000000,0,0,0,600,"Mapped, On Network",-81.338529400100001,28.538210841700000,659920.783403999987058,506372.474140000005718,6/24/2019 1:51:19 PM,6227_8355
2997,2998,1,2997,18950,88124909,FHPD19OFF037325,FHP,Long,4/25/2019 0:00:00,08:27 AM,Orlando Expwy Auth,Orange,STATE ROAD 417 SB MM37,UNIVERSITY BLVD,0,South,Rear End,2,0,0,0,N,N,N,6000.000000000000000,Cloudy,Daylight,0,Rear End,S,Property Damage Only,Y,Front to Rear,Motor Vehicle in Transport,On Roadway,Non-Junction,N,Not at Intersection,Turnpike/Toll,Paved,Dry,None, , ,None, , ,N,N, , , , ,0,0,0,0,0,0,0,0,0,0,0,0,0.000000000000000,0.000000000000000,0,1,0,6000,"Mapped, On Network",-81.250288228499997,28.595242547300000,668395.843359000049531,512893.667696000018623,6/6/2019 1:12:09 PM,8588_8118
2998,2999,1,2998,18957,88111174,FHPD19OFF032860,FHP,Long,4/11/2019 0:00:00,09:28 PM,Ocoee,Orange,SR429,MM24,0, ,Other,2,0,2,2,Y,Y,Y,10000.000000000000000,Clear,Dark - Lighted,0,Other,N,Fatality,N,Other,Motor Vehicle in Transport,On Roadway,Non-Junction,N,Not at Intersection,State,Curb,Dry,None, , ,None, , ,N,N, , , , ,0,0,2,0,0,0,1,0,1,1,2,0,2.000000000000000,0.000000000000000,0,5,0,10000,"Mapped, On Network",-81.557743023699999,28.566272478799998,638453.460134999942966,509045.239342999993823,4/29/2019 1:37:58 PM,8429_8423
2999,3000,1,2999,18971,88913363,2019-00130855,Orlando PD,Long,4/7/2019 0:00:00,04:01 PM,Orlando,Orange,SR 408 (EW WBO),S ROSALIND AV,0, ,Rear End,2,0,0,2,N,N,N,2000.000000000000000,Clear,Daylight,0,Rear End,W,Injury,Y,Front to Rear,Motor Vehicle in Transport,On Roadway,Non-Junction,N,Not at Intersection,State,Paved,Dry,None, , ,None, , ,N,N, , , , ,0,0,2,0,0,0,0,2,0,0,0,0,0.000000000000000,0.000000000000000,0,0,0,2000,"Mapped, On Network",-81.364808127100005,28.537339531200001,657356.847761000040919,506220.615501000022050,6/20/2019 12:11:30 PM,8309_8313