FID,OBJECTID_1,Join_Count,TARGET_FID,OBJECTID,HSMV_Repor,Agency_Rep,Reporting_,Form_Type,Crash_Date,Crash_Time,City,County,Crash_Stre,Intersecti,Offset_Dis,Offset_Dir,Crash_Type,Vehicles,Non_Motori,Fatalities,Injuries,Alcohol_Re,Distractio,Drug_Relat,Estimated_,Weather_Co,Light_Cond,Street_Num,Crash_Ty_1,Crash_Ty_2,Crash_Seve,Within_Cit,Manner_of_,First_Harm,First_HE_L,First_HE_R,First_HE_W,Type_of_In,Road_Sys_I,Type_of_Sh,Road_Surf_,Contrib_Ci,Contrib__1,Contrib__2,Contrib__3,Contrib__4,Contrib__5,School_Bus,Work_Zone_,Type_of_Wo,Loc_in_Wor,Workers_in,Law_Enforc,Mopeds,Motorcycle,Passengers,Bicyclists,Pedestrian,Fataliti_1,Injuries_U,Possible_I,Non_Incapa,Incapacita,Fataliti_2,Non_Traffi,Transporte,Transpor_1,Transpor_2,Citations,Property_D,Vehicle_Dm,S4_Mapping,S4_Decimal,S4_Decim_1,S4_Albers_,S4_Albers1,S4_Mappi_1,zone_id_st
3000,3001,1,3000,18979,88027265,FHPD19OFF033680,FHP,Long,4/14/2019 0:00:00,10:15 AM,Orlando Expwy Auth,Orange,SR-417,UNIVERSITY BLVD,500,South,Off Road,1,0,0,1,N,N,N,5000.000000000000000,Cloudy,Daylight,0,Off Road,N,Injury,N,Other,Concrete Traffic Barrier,On Roadway,Non-Junction,N,Not at Intersection,Turnpike/Toll,Curb,Dry,None, , ,None, , ,N,Y,Work on Shoulder or Median,Activity Area,N,N,0,0,1,0,0,0,0,0,1,0,0,0,0.000000000000000,0.000000000000000,0,0,0,5000,"Mapped, Not On Network",-81.250079999500002,28.597450024499999,668410.698500000056811,513139.212100000004284,6/4/2019 1:21:56 PM,8588_8118
3001,3002,1,3001,18982,88913451,2019-00137962,Orlando PD,Short,4/12/2019 0:00:00,02:16 PM,Orlando,Orange,SR 408 EAST,CONWAY ROAD,600,East,Sideswipe,2,0,0,0,N,N,N,6000.000000000000000,Clear,Daylight,0,Same Direction Sideswipe,E,Property Damage Only,Y,"Sideswipe, Same Direction",Motor Vehicle in Transport,On Roadway,Non-Junction,N,Not at Intersection,Interstate,Paved,Dry,None, , ,None, , ,N,N, , , , ,0,0,0,0,0,0,0,0,0,0,0,0,0.000000000000000,0.000000000000000,0,0,0,6000,"Mapped, On Network",-81.327628359499997,28.538607995500001,660984.263349000015296,506439.594190999981947,6/24/2019 1:52:50 PM,8355_8348
3002,3003,1,3002,19038,88913885,2019-00115510,Orlando PD,Short,3/27/2019 0:00:00,08:51 AM,Orlando,Orange,SR 408 WBO,SR 408 WBO ENTRANCE RAMP FROM CONWAY RD,500,East,Sideswipe,2,0,0,0,N,N,N,3500.000000000000000,Rain,Daylight,0,Same Direction Sideswipe,W,Property Damage Only,Y,Angle,Motor Vehicle in Transport,On Roadway,Non-Junction,N,Not at Intersection,State,Paved,Wet,None, , ,None, , ,N,N, , , , ,0,0,0,0,0,0,0,0,0,0,0,0,0.000000000000000,0.000000000000000,0,0,0,3500,"Mapped, On Network",-81.329498265500007,28.538651468400001,660801.572031000046991,506440.464869000017643,6/10/2019 2:46:41 PM,6229_6177
3003,3004,1,3003,19042,88912593,2019-00110986,Orlando PD,Long,3/23/2019 0:00:00,04:00 PM,Orlando,Orange,SR 408,N CRYSTAL LAKE DR,0, ,Sideswipe,2,0,0,0,N,N,N,800.000000000000000,Clear,Daylight,0,Same Direction Sideswipe, ,Property Damage Only,Y,"Sideswipe, Same Direction",Motor Vehicle in Transport,On Roadway,Non-Junction,N,Not at Intersection,Interstate,Paved,Dry,None, , ,None, , ,N,N, , , , ,0,0,0,0,0,0,0,0,0,0,0,0,0.000000000000000,0.000000000000000,0,0,0,800,"Mapped, On Network",-81.342599825199997,28.538486601399999,659522.664972000056878,506394.518726999987848,6/19/2019 11:03:03 AM,8353_6185
3004,3005,1,3004,19048,88912315,2019-00110258,Orlando PD,Long,3/23/2019 0:00:00,05:00 AM,Orlando,Orange,SR 408 EAST/WEST EXPRESS WAY,INTERSTATE 4 WBO,0,West,Rear End,2,0,0,0,N,N,N,7000.000000000000000,Clear,Dark - Lighted,0,Rear End,W,Property Damage Only,Y,Front to Rear,Motor Vehicle in Transport,On Roadway,Through Roadway,N,Not at Intersection,State,Paved,Dry,None, , ,None, , ,N,N, , , , ,0,0,0,0,0,0,0,0,0,0,0,0,0.000000000000000,0.000000000000000,0,0,0,7000,"Mapped, On Network",-81.391632030300002,28.535105252299999,654742.825369999976829,505916.844646000012290,6/10/2019 2:52:30 PM,8267_6679
3005,3006,1,3005,19071,88912603,2019-00128472,Orlando PD,Long,4/5/2019 0:00:00,06:20 PM,Orlando,Orange,SR 408 EBO,CR 423 (SOUTH JOHN YOUNG PARKWAY),1400,East,Rear End,2,0,0,0,N,N,N,5000.000000000000000,Clear,Dusk,0,Rear End, ,Property Damage Only,Y,Front to Rear,Motor Vehicle in Transport,On Roadway,Non-Junction,N,Not at Intersection,State,Paved,Dry,None, , ,None, , ,N,N, , , , ,0,0,3,0,0,0,0,0,0,0,0,0,0.000000000000000,0.000000000000000,0,0,0,5000,"Mapped, On Network",-81.392525400899999,28.535129927400000,654655.530564000015147,505917.739141000027303,6/11/2019 4:55:40 PM,8248_8267
3006,3007,1,3006,19176,88914367,2019-00135516,Orlando PD,Short,4/10/2019 0:00:00,09:25 PM,Orlando,Orange,SR-408,SR-400,1200, ,Rear End,2,0,0,0,N,N,N,5000.000000000000000,Clear,Dark - Lighted,0,Rear End,E,Property Damage Only,Y,Front to Rear,Motor Vehicle in Transport,On Roadway,Non-Junction,N,Not at Intersection,State,Paved,Dry,None, , ,None, , ,N,N, , , , ,0,0,0,0,0,0,0,0,0,0,0,0,0.000000000000000,0.000000000000000,0,0,0,5000,"Mapped, On Network",-81.384597841200005,28.535129094399998,655429.651156999985687,505934.042665000015404,7/8/2020 2:12:16 PM,6679_6276
3007,3008,1,3007,19212,88040205,FHPK19OFF022898,FHP,Long,4/22/2019 0:00:00,03:14 PM,Winter Garden,Orange,STATE ROAD 429,MM19,0, ,Rear End,4,0,0,5,N,Y,N,28050.000000000000000,Clear,Daylight,0,Rear End,S,Injury,N,Front to Rear,Motor Vehicle in Transport,On Roadway,Non-Junction,N,Not at Intersection,Turnpike/Toll,Paved,Dry,None, , ,None, , ,N,N, , , , ,0,0,3,0,0,0,0,0,1,4,0,0,4.000000000000000,0.000000000000000,1,1,0,28050,"Mapped, On Network",-81.599538443800000,28.514792996200001,634484.503954999963753,503249.096253999974579,6/6/2019 1:31:00 PM,8492_6233
3008,3009,1,3008,19398,88915634,2019-00154802,Orlando PD,Short,4/24/2019 0:00:00,04:54 PM,Orlando,Orange,SR 408 EAST,CONWAY RD EXIT RAMP,500,West,Rear End,2,0,0,0,N,N,N,10000.000000000000000,Clear,Daylight,0,Rear End,E,Property Damage Only,Y,Front to Rear,Motor Vehicle in Transport,On Roadway,Non-Junction,N,Not at Intersection,State,Curb,Dry,None, , ,None, , ,N,N, , , , ,0,0,0,0,0,0,0,0,0,0,0,0,0.000000000000000,0.000000000000000,0,1,0,10000,"Mapped, On Network",-81.336490999000006,28.538236251099999,660119.762957999948412,506379.593511999992188,6/25/2019 10:20:28 AM,6227_8355
3009,3010,1,3009,19400,88049596,FHPD19OFF037840,FHP,Long,4/26/2019 0:00:00,03:50 PM,Orlando Expwy Auth,Orange,SR-417 (MM33),COLONIAL DRIVE,5280,South,Unknown,2,0,0,0,N,N,N,1400.000000000000000,Clear,Daylight,0,Unknown, ,Property Damage Only,N,Angle,Motor Vehicle in Transport,On Roadway,Non-Junction,N,Not at Intersection,Turnpike/Toll,Paved,Dry,None, , ,None, , ,N,N, , , , ,0,0,0,0,0,0,0,0,0,0,0,0,0.000000000000000,0.000000000000000,0,0,0,1400,"Mapped, On Network",-81.268192448999997,28.559366831199998,666736.777582000009716,508871.606825999973807,6/6/2019 1:28:53 PM,6966_8451
3010,3011,1,3010,19401,88049595,FHPD19OFF037435,FHP,Long,4/25/2019 0:00:00,02:31 PM,Orlando Expwy Auth,Orange,SR-417 (MM27),LEE VISTA BLVD,20,North,Sideswipe,2,0,0,2,N,N,N,2100.000000000000000,Clear,Daylight,0,Same Direction Sideswipe,N,Injury,N,"Sideswipe, Same Direction",Motor Vehicle in Transport,On Roadway,Non-Junction,N,Not at Intersection,Turnpike/Toll,Paved,Dry,None, , ,None, , ,N,N, , , , ,0,0,0,0,0,0,0,2,0,0,0,0,0.000000000000000,0.000000000000000,0,0,0,2100,"Mapped, On Network",-81.238253122800003,28.473190202200001,669873.922388999955729,499368.687430999998469,6/6/2019 1:29:20 PM,6173_8544
3011,3012,1,3011,19402,88049593,FHPD19OFF037141,FHP,Long,4/24/2019 0:00:00,04:42 PM,Orlando Expwy Auth,Orange,SR-408 (MM17),SR-417,5280,West,Rear End,3,0,0,1,N,N,N,9900.000000000000000,Clear,Daylight,0,Rear End,E,Injury,N,Front to Rear,Motor Vehicle in Transport,On Roadway,Non-Junction,N,Not at Intersection,Turnpike/Toll,Paved,Dry,None, , ,None, , ,N,N, , , , ,0,0,1,0,0,0,0,1,0,0,0,0,0.000000000000000,0.000000000000000,0,1,0,9900,"Mapped, On Network",-81.270106528300005,28.546998606999999,666580.320237000007182,507494.242173000006005,6/21/2019 7:21:49 PM,8412_7015
3012,3013,1,3012,19404,88914375,2019-00151404,Orlando PD,Long,4/22/2019 0:00:00,10:00 AM,Orlando,Orange,SR 528 WBO (BEACHLINE EXPRESSWAY),ENTRANCE RAMP FROM SR 436 (S SEMORAN BLVD.),100,West,Rear End,2,0,0,8,N,N,N,6000.000000000000000,Clear,Daylight,0,Rear End,W,Injury,Y,Front to Rear,Motor Vehicle in Transport,On Roadway,Non-Junction,N,Not at Intersection,State,Paved,Dry,None, , ,None, , ,N,N, , , , ,0,0,7,0,0,0,0,8,0,0,0,0,0.000000000000000,0.000000000000000,0,0,0,6000,"Mapped, On Network",-81.300504097499996,28.451475040399998,663844.618523000041023,496822.956324000027962,6/25/2019 3:38:38 PM,8183_6664
3013,3014,1,3013,19405,88915120,2019-00150272,Orlando PD,Long,4/21/2019 0:00:00,12:00 PM,Orlando,Orange,SR 408,SR 441,100,West,Unknown,2,0,0,2,N,N,N,16000.000000000000000,Clear,Daylight,0,Unknown, ,Injury,Y,Unknown,Motor Vehicle in Transport,On Roadway,Non-Junction,N,Not at Intersection,State,Paved,Dry,None, , ,None, , ,N,N, , , , ,0,0,3,0,0,0,0,2,0,0,0,0,3.000000000000000,0.000000000000000,0,0,0,16000,"Mapped, On Network",-81.394506272399994,28.535288231199999,654461.728766000014730,505931.226660999993328,6/26/2019 10:32:41 AM,8272_8254
3014,3015,1,3014,19467,88052769,FHPK19OFF024424,FHP,Long,4/29/2019 0:00:00,05:54 PM,Winter Garden,Orange,SR-429 (DANIEL WEBSTER WESTERN BELTWAY ),NEW INDEPENDENCE PKWY,5280,North,Rollover,1,0,0,0,N,N,N,1000.000000000000000,Clear,Daylight,0,Rollover,N,Property Damage Only,N,Other,Overturn/Rollover,Shoulder,Non-Junction,N,Not at Intersection,State,Paved,Dry,None, , ,None, , ,N,N, , , , ,0,0,1,0,0,0,0,0,0,0,0,0,0.000000000000000,0.000000000000000,0,2,0,1000,"Mapped, On Network",-81.626507947400000,28.487281429300001,631909.170412000035867,500143.338387999974657,6/19/2019 12:45:02 PM,8037_6764
3015,3016,1,3015,19536,88914290,2019-00147180,Orlando PD,Long,4/19/2019 0:00:00,08:04 AM,Orlando,Orange,SR 408 WEST BOUND,I4 WEST BOUND EXIT,0,West,Rear End,2,0,0,1,N,Y,N,11000.000000000000000,Cloudy,Daylight,0,Rear End,W,Injury,Y,Front to Rear,Motor Vehicle in Transport,On Roadway,Non-Junction,N,Not at Intersection,State,Paved,Dry,None, , ,None, , ,N,N, , , , ,0,0,0,0,0,0,0,1,0,0,0,0,0.000000000000000,0.000000000000000,0,0,0,11000,"Mapped, On Network",-81.383845524700007,28.535262938700001,655502.798763999948278,505950.462071000016294,6/24/2019 11:06:36 AM,8274_8272
3016,3017,1,3016,19558,88027531,FHPK19OFF017123,FHP,Long,3/25/2019 0:00:00,02:00 PM,Winter Garden,Orange,STATE ROAD 429,STATE ROAD 50 (COLONIAL DRIVE),5280,South,Other,2,0,0,0,N,N,N,300.000000000000000,Cloudy,Daylight,0,Other,S,Property Damage Only,N,Other,"Struck by Falling, Shifting Cargo",On Roadway,Non-Junction,N,Not at Intersection,Turnpike/Toll,Paved,Dry,None, , ,None, , ,N,N, , , , ,0,0,0,0,0,0,0,0,0,0,0,0,0.000000000000000,0.000000000000000,0,1,0,300,"Mapped, On Network",-81.557520350199994,28.544323361200000,638523.476058000000194,506608.572823999973480,6/19/2019 11:07:15 AM,8529_8524
3017,3018,1,3017,19560,88037154,FHPD19OFF027087,FHP,Long,3/26/2019 0:00:00,07:43 AM,Orlando Expwy Auth,Orange,STATE ROAD 417 NORTHBOUND,MILE MARKER 12,0, ,Rear End,3,0,0,1,N,Y,N,20500.000000000000000,Clear,Daylight,0,Rear End,N,Injury,N,Front to Rear,Motor Vehicle in Transport,On Roadway,Non-Junction,N,Not at Intersection,Turnpike/Toll,Paved,Dry,None, , ,None, , ,N,N, , , , ,0,0,1,0,0,0,0,1,0,0,0,0,0.000000000000000,0.000000000000000,0,1,0,20500,"Mapped, On Network",-81.383920000000003,28.368066697200000,655889.416072999942116,487386.269963999977335,6/20/2019 12:03:10 PM,6167_9178
3018,3019,1,3018,19577,88912154,2019-00108415,Orlando PD,Long,3/21/2019 0:00:00,04:45 PM,Orlando,Orange,EW EBO,S ORANGE BLOSSOM TL,0, ,Rear End,2,0,0,0,N,N,N,5000.000000000000000,Clear,Daylight,0,Rear End,E,Property Damage Only,Y,Front to Rear,Motor Vehicle in Transport,On Roadway,Non-Junction,N,Not at Intersection,State,Paved,Dry,None, , ,None, , ,N,N, , , , ,0,0,0,0,0,0,0,0,0,0,0,0,0.000000000000000,0.000000000000000,0,1,0,5000,"Mapped, On Network",-81.399796469199998,28.535098604800002,653945.590113000012934,505899.266869999992196,6/10/2019 2:52:56 PM,8169_8242
3019,3020,1,3019,19580,88913604,2019-00114718,Orlando PD,Short,3/26/2019 0:00:00,05:04 PM,Orlando,Orange,SR 528 EBO,TRADEPORT DR EXIT RAMP,0,East,Rear End,2,0,0,0,N,N,N,1000.000000000000000,Clear,Daylight,0,Rear End,E,Property Damage Only,Y,Front to Rear,Motor Vehicle in Transport,On Roadway,Non-Junction,N,Not at Intersection,State,Curb,Dry,None, , ,None, , ,N,N, , , , ,0,0,0,0,0,0,0,0,0,0,0,0,0.000000000000000,0.000000000000000,0,0,0,1000,"Mapped, On Network",-81.326987754599998,28.451286653899999,661257.007116999942809,496745.652952999982517,6/5/2019 1:40:39 PM,8341_6947
3020,3021,1,3020,19588,88081019,FHPD19OFF036743,FHP,Long,4/23/2019 0:00:00,03:00 PM,Orlando Expwy Auth,Orange,EB SR-408 EXIT RAMP,CHICKASAW TRAIL,100,West,Rear End,2,0,0,1,N,N,N,3000.000000000000000,Clear,Daylight,0,Rear End,E,Injury,Y,Front to Rear,Motor Vehicle in Transport,On Roadway,Entrance/Exit Ramp,N,Not at Intersection,Turnpike/Toll,Paved,Dry,None, , ,None, , ,N,N, , , , ,0,0,0,0,0,0,0,0,1,0,0,0,0.000000000000000,0.000000000000000,1,0,0,3000,"Mapped, Not On Network",-81.286800000200003,28.540230024900001,664966.966099999961443,506706.756099999998696,6/6/2019 1:29:26 PM,8408_6232
3021,3022,1,3021,19657,88909533,2019-00134366,Orlando PD,Long,4/10/2019 0:00:00,06:40 AM,Orlando,Orange,CENTRAL FL GRNWY SBO  (SR 417),LAKE NONA BV,1063,South,Other,6,0,0,1,N,N,N,30500.000000000000000,Rain,Dusk,0,Other,W,Injury,Y,Other,Motor Vehicle in Transport,On Roadway,Non-Junction,N,Not at Intersection,Turnpike/Toll,Paved,Wet,Road Surface Condition, , ,None, , ,N,N, , , , ,0,0,0,0,0,0,0,0,1,0,0,0,1.000000000000000,0.000000000000000,0,1,0,30500,"Mapped, On Network",-81.280182927900000,28.378169531800001,666010.002110000001267,488727.517053999996278,6/5/2019 10:46:19 AM,8603_8478
3022,3023,1,3022,19687,88912438,2019-00114681,Orlando PD,Long,3/26/2019 0:00:00,04:17 PM,Orlando,Orange,EAST/WEST EXPRESSWAY (SR 408),S ORANGE BLOSSOM TRAIL (SR 500),300,West,Sideswipe,3,0,0,1,N,N,N,8000.000000000000000,Clear,Daylight,0,Same Direction Sideswipe,E,Injury,Y,"Sideswipe, Same Direction",Motor Vehicle in Transport,On Roadway,Non-Junction,N,Not at Intersection,State,Paved,Dry,None, , ,None, , ,N,N, , , , ,0,0,0,0,0,0,0,1,0,0,0,0,0.000000000000000,0.000000000000000,0,1,0,8000,"Mapped, On Network",-81.400829319899998,28.535078662200000,653844.779673999990337,505894.926065000006929,6/10/2019 2:51:51 PM,8169_8242
3023,3024,1,3023,19695,88009618,FHPK19OFF019647,FHP,Short,4/6/2019 0:00:00,11:11 AM,Winter Garden,Orange,STATE ROAD 429,MILE MARKER 15,0,North,Other,2,0,0,0,N,N,N,2000.000000000000000,Clear,Daylight,0,Other,S,Property Damage Only,N,Other,"Struck by Falling, Shifting Cargo",On Roadway,Non-Junction,N,Not at Intersection,Turnpike/Toll,Paved,Dry,None, , ,None, , ,N,N, , , , ,0,0,1,0,0,0,0,0,0,0,0,0,0.000000000000000,0.000000000000000,0,1,0,2000,"Mapped, On Network",-81.631785773700003,28.478056316800000,631413.222120000049472,499109.106027000001632,6/18/2019 4:19:55 PM,8039_8035
3024,3025,1,3024,19701,88912272,2019-00130872,Orlando PD,Short,4/7/2019 0:00:00,04:10 PM,Orlando,Orange,EW WBO,ROSALIND AV EXIT,1600,East,Rear End,2,0,0,0,N,N,N,2500.000000000000000,Clear,Daylight,0,Rear End,W,Property Damage Only,Y,Front to Rear,Motor Vehicle in Transport,On Roadway,Non-Junction,Y,Not at Intersection,State,Paved,Dry,Obstruction in Roadway,None,None,Other,None,None,N,N, , , , ,0,0,3,0,0,0,0,0,0,0,0,0,0.000000000000000,0.000000000000000,0,0,0,2500,"Mapped, On Network",-81.369008550100006,28.537021255900001,656947.444435999961570,506176.517914999974892,6/19/2019 12:45:58 PM,8307_8305
3025,3026,1,3025,19705,88908943,2019-00097214,Orlando PD,Short,3/13/2019 0:00:00,08:55 AM,Orlando,Orange,BEELINE WBO (SR 528),GOLDENROD  ROAD,0,West,Rear End,3,0,0,0,N,Y,N,600.000000000000000,Clear,Daylight,0,Rear End,W,Property Damage Only,Y,Front to Rear,Motor Vehicle in Transport,On Roadway,Non-Junction,N,Not at Intersection,Turnpike/Toll,Paved,Dry,None, , ,None, , ,N,N, , , , ,0,0,2,0,0,0,0,0,0,0,0,0,0.000000000000000,0.000000000000000,0,0,0,600,"Mapped, On Network",-81.286625498899994,28.449419961400000,665205.894749999977648,496624.552847000013571,6/4/2019 9:40:10 AM,8180_8183
3026,3027,1,3026,19768,87267720,FHPK19OFF022230,FHP,Long,4/19/2019 0:00:00,07:29 AM,Unincorporated,Orange,STATE ROAD 429 (WESTERN BELTWAY) SOUTH,NEW INDEPENDENCE PARKWAY (MM 15),300,North,Off Road,1,0,0,0,N,N,N,15000.000000000000000,Clear,Dark - Lighted,0,Off Road,S,Property Damage Only,N,Other,Utility Pole/Light Support,Shoulder,Non-Junction,N,Not at Intersection,Turnpike/Toll,Paved,Dry,None, , ,None, , ,N,N, , , , ,0,0,0,0,0,0,0,0,0,0,0,0,0.000000000000000,0.000000000000000,0,0,5000,10000,"Mapped, On Network",-81.631436922899994,28.473663963700002,631456.675171999959275,498622.052131999982521,6/21/2019 8:12:47 PM,8048_8037
3027,3028,1,3027,19805,88077672,FHPD19OFF027216,FHP,Short,3/26/2019 0:00:00,01:26 PM,Orlando Expwy Auth,Orange,STATE RD 528 EXIT RAMP,MCCOY RD,20,East,Rear End,2,0,0,0,N,N,N,1000.000000000000000,Clear,Daylight,0,Rear End,W,Property Damage Only,N,Front to Rear,Motor Vehicle in Transport,On Roadway,Entrance/Exit Ramp,N,Not at Intersection,Turnpike/Toll,Paved,Dry,None, , ,None, , ,N,N, , , , ,0,0,1,0,0,0,0,0,0,0,0,0,0.000000000000000,0.000000000000000,0,1,0,1000,"Mapped, Not On Network",-81.345770000300007,28.450920024700000,659422.413799999980256,496665.293100000009872,6/10/2019 2:58:10 PM,11452_8329
3028,3029,1,3028,19847,84505755,FHPD19OFF034636,FHP,Long,4/17/2019 0:00:00,07:00 AM,Orlando,Orange,MILE 21 SR-528-TOLL E,DALLAS BLVD,10560,West,Off Road,1,0,0,1,N,N,N,7000.000000000000000,Clear,Dawn,0,Off Road,W,Injury,N,Other,Tree (standing),Shoulder,Non-Junction,N,Not at Intersection,State,Paved,Dry,None, , ,None, , ,N,N, , , , ,0,0,0,0,0,0,0,1,0,0,0,0,0.000000000000000,0.000000000000000,0,0,0,7000,"Mapped, On Network",-81.062133989800003,28.452095226000001,687136.679892000043765,497424.344897000002675,6/11/2019 3:39:26 PM,6322_8112
3029,3030,1,3029,19860,88912762,2019-00141453,Orlando PD,Long,4/15/2019 0:00:00,08:15 AM,Orlando,Orange,S.R. 528 / BEE LINE EXPRESSWAY- WEST,S.R. 436 / S. SEMORAN BLVD.,400,West,Rear End,2,0,0,0,N,N,N,5000.000000000000000,Clear,Daylight,0,Rear End,W,Property Damage Only,Y,Front to Rear,Motor Vehicle in Transport,On Roadway,Non-Junction,N,Not at Intersection,State,Paved,Dry,None, , ,None, , ,N,N, , , , ,0,0,0,0,0,0,0,0,0,0,0,0,0.000000000000000,0.000000000000000,0,0,0,5000,"Mapped, On Network",-81.318447648399996,28.539983143600001,661877.391360000008717,506611.739881000015885,6/19/2019 1:32:49 PM,8188_6226
3030,3031,1,3030,19862,88915332,2019-00147029,Orlando PD,Long,4/19/2019 0:00:00,05:44 AM,Orlando,Orange,408 EBO,I4 EBO,0, ,Rear End,2,0,0,1,N,N,N,6500.000000000000000,Cloudy,Dark - Lighted,0,Rear End,E,Injury,Y,Front to Rear,Motor Vehicle in Transport,On Roadway,Non-Junction,N,Not at Intersection,Turnpike/Toll,Paved,Dry,Work Zone, , ,None, , ,N,Y,Lane Closure,Transition Area,Y,N,0,0,0,0,0,0,0,0,1,0,0,0,1.000000000000000,0.000000000000000,0,0,0,6500,"Mapped, On Network",-81.383278679200004,28.535126585000000,655558.471885000006296,505936.497208999993745,6/5/2019 9:43:37 AM,6679_6276
3031,3032,1,3031,19884,88124908,FHPD19OFF036988,FHP,Long,4/24/2019 0:00:00,09:22 AM,Orlando Expwy Auth,Orange,STATE ROAD 417 NB MM36,UNIVERSITY BLVD,5280,South,Rear End,3,0,0,0,N,N,N,9000.000000000000000,Clear,Daylight,0,Rear End,N,Property Damage Only,Y,Front to Rear,Motor Vehicle in Transport,On Roadway,Non-Junction,N,Not at Intersection,Turnpike/Toll,Paved,Dry,None, , ,None, , ,N,Y,Work on Shoulder or Median,Activity Area,N,N,0,0,0,0,0,0,0,0,0,0,0,0,0.000000000000000,0.000000000000000,0,1,0,9000,"Mapped, On Network",-81.258397590800001,28.583699937100000,667632.926464000018314,511594.491065000009257,6/6/2019 1:12:40 PM,6046_6317
3032,3033,1,3032,19894,88913836,2019-00147618,Orlando PD,Short,4/19/2019 0:00:00,02:21 PM,Orlando,Orange,408 WBO,ROSALIND AVE,0, ,Rear End,2,0,0,0,N,N,N,1600.000000000000000,Cloudy,Daylight,0,Rear End,W,Property Damage Only,Y,"Sideswipe, Same Direction",Motor Vehicle in Transport,On Roadway,Entrance/Exit Ramp,N,Other,State,Curb,Dry,None, , ,None, , ,N,N, , , , ,0,0,0,0,0,0,0,0,0,0,0,0,0.000000000000000,0.000000000000000,0,0,0,1600,"Mapped, On Network",-81.374624850299995,28.537022027799999,656399.027407999965362,506164.913555999984965,6/5/2019 12:38:42 PM,6737_6230
3033,3034,1,3033,19932,89117779,2019TA004369,Apopka PD,Long,4/4/2019 0:00:00,08:20 AM,Apopka,Orange,SR-429-TOLL,OCOEE APOPKA RD,104,South,Rollover,1,0,0,1,N,N,N,10000.000000000000000,Clear,Daylight,0,Rollover,S,Injury,Y, ,Overturn/Rollover,Off Roadway,Through Roadway,N,Not at Intersection,State,Unpaved,Dry,None, , ,None, , ,N,N, , , , ,0,0,0,0,0,0,0,0,0,1,0,0,1.000000000000000,0.000000000000000,0,0,0,10000,"Mapped, On Network",-81.539010045900000,28.629505203699999,640142.105352999991737,516102.534244999988005,4/13/2019 4:41:30 PM,8438_6296
3034,3035,1,3034,19935,89117775,2019TA004576,Apopka PD,Long,4/8/2019 0:00:00,07:19 AM,Apopka,Orange,RAMP FROM SR-429-TOLL N TO SR-414-TOLL E,SR-429-TOLL,0,North,Rear End,2,0,0,1,N,N,N,3000.000000000000000,Clear,Daylight,0,Rear End,N,Injury,Y,Front to Rear,Motor Vehicle in Transport,On Roadway,Entrance/Exit Ramp,Y,Y-Intersection,Turnpike/Toll,Paved,Dry,None, , ,None, , ,N,N, , , , ,0,0,0,0,0,0,0,1,0,0,0,0,0.000000000000000,0.000000000000000,0,0,0,3000,"Mapped, On Network",-81.542532423099999,28.645961197300000,639762.021950999973342,517922.835327000007965,4/13/2019 4:41:30 PM,6652_8320
3035,3036,1,3035,19945,88027269,FHPD19OFF034681,FHP,Long,4/17/2019 0:00:00,08:55 AM,Orlando Expwy Auth,Orange,SR-408,KIRKMAN ROAD,1000,East,Rear End,3,0,0,1,N,N,N,3000.000000000000000,Clear,Daylight,0,Rear End,E,Injury,N,Front to Rear,Motor Vehicle in Transport,On Roadway,Non-Junction,N,Not at Intersection,Turnpike/Toll,Paved,Dry,None, , ,None, , ,N,N, , , , ,0,0,1,0,0,0,0,0,1,0,0,0,0.000000000000000,0.000000000000000,1,1,0,3000,"Mapped, On Network",-81.451454099499998,28.548378164700001,648870.761534000048414,507268.400947000016458,6/18/2019 4:30:30 PM,6994_8201
3036,3037,1,3036,19962,88081007,FHPD19OFF027295,FHP,Short,3/26/2019 0:00:00,04:18 PM,Orlando Expwy Auth,Orange,EB SR-408 EXIT RAMP,SR-434,200,West,Rear End,2,0,0,0,N,N,N,5000.000000000000000,Cloudy,Daylight,0,Rear End,E,Property Damage Only,Y,Front to Rear,Motor Vehicle in Transport,On Roadway,Entrance/Exit Ramp,N,Not at Intersection,Turnpike/Toll,Paved,Dry,None, , ,None, , ,N,N, , , , ,0,0,0,0,0,0,0,0,0,0,0,0,0.000000000000000,0.000000000000000,0,1,0,5000,"Mapped, Not On Network",-81.203944043899995,28.549835705900001,673033.000000000000000,507954.000000000000000,6/10/2019 2:43:31 PM,8041_6970
3037,3038,1,3037,19963,88083248,FHPD19OFF027445,FHP,Short,3/27/2019 0:00:00,06:48 AM,Orlando Expwy Auth,Orange,SR429,26MM,0, ,Rear End,2,0,0,0,N,N,N,4000.000000000000000,Rain,Dark - Lighted,0,Rear End,S,Property Damage Only,N,Front to Rear,Motor Vehicle in Transport,On Roadway,Non-Junction,N,Not at Intersection,Turnpike/Toll,Paved,Wet,None, , ,None, , ,N,N, , , , ,0,0,0,0,0,0,0,0,0,0,0,0,0.000000000000000,0.000000000000000,0,1,0,4000,"Mapped, On Network",-81.552443954899999,28.598393245000000,638899.977687999955378,512621.981695000024047,6/19/2019 11:04:11 AM,8393_6248
3038,3039,1,3038,19969,88123683,FHPD19OFF035744,FHP,Short,4/20/2019 0:00:00,02:11 AM,Orlando,Orange,SR408,MM16,100,East,Sideswipe,2,0,0,0,N,N,N,300.000000000000000,Clear,Dark - Lighted,0,Same Direction Sideswipe,E,Property Damage Only,N,"Sideswipe, Same Direction",Motor Vehicle in Transport,On Roadway,Non-Junction,N,Not at Intersection,State,Paved,Dry,None, , ,None, , ,N,N, , , , ,0,0,2,0,0,0,0,0,0,0,0,0,0.000000000000000,0.000000000000000,0,0,0,300,"Mapped, On Network",-81.299388320600002,28.539488434300001,663739.610484999953769,506597.431958000001032,6/24/2019 1:58:00 PM,6881_8431