FID,OBJECTID_1,Join_Count,TARGET_FID,OBJECTID,HSMV_Repor,Agency_Rep,Reporting_,Form_Type,Crash_Date,Crash_Time,City,County,Crash_Stre,Intersecti,Offset_Dis,Offset_Dir,Crash_Type,Vehicles,Non_Motori,Fatalities,Injuries,Alcohol_Re,Distractio,Drug_Relat,Estimated_,Weather_Co,Light_Cond,Street_Num,Crash_Ty_1,Crash_Ty_2,Crash_Seve,Within_Cit,Manner_of_,First_Harm,First_HE_L,First_HE_R,First_HE_W,Type_of_In,Road_Sys_I,Type_of_Sh,Road_Surf_,Contrib_Ci,Contrib__1,Contrib__2,Contrib__3,Contrib__4,Contrib__5,School_Bus,Work_Zone_,Type_of_Wo,Loc_in_Wor,Workers_in,Law_Enforc,Mopeds,Motorcycle,Passengers,Bicyclists,Pedestrian,Fataliti_1,Injuries_U,Possible_I,Non_Incapa,Incapacita,Fataliti_2,Non_Traffi,Transporte,Transpor_1,Transpor_2,Citations,Property_D,Vehicle_Dm,S4_Mapping,S4_Decimal,S4_Decim_1,S4_Albers_,S4_Albers1,S4_Mappi_1,zone_id_st
3039,3040,1,3039,19972,88083270,FHPD19OFF036195,FHP,Long,4/21/2019 0:00:00,06:29 PM,Orlando Expwy Auth,Orange,SR-528-TOLL E,19MM,0, ,Rear End,2,0,0,4,N,N,N,13000.000000000000000,Clear,Daylight,0,Rear End,W,Injury,N,Front to Rear,Motor Vehicle in Transport,On Roadway,Non-Junction,N,Not at Intersection,Turnpike/Toll,Paved,Dry,None, , ,None, , ,N,N, , , , ,0,0,3,0,0,0,0,1,3,0,0,0,3.000000000000000,0.000000000000000,0,1,0,13000,"Mapped, On Network",-81.163266451699997,28.451794394099998,677254.892334999982268,497159.510722999984864,6/6/2019 1:30:08 PM,8099_8097
3040,3041,1,3040,19973,88077699,FHPD19OFF036343,FHP,Short,4/22/2019 0:00:00,08:59 AM,Orlando Expwy Auth,Orange,STATE RD 429,WEST RD,5280,North,Sideswipe,2,0,0,0,N,N,N,6000.000000000000000,Clear,Daylight,0,Same Direction Sideswipe,S,Property Damage Only,N,"Sideswipe, Same Direction",Motor Vehicle in Transport,On Roadway,Non-Junction,N,Not at Intersection,Turnpike/Toll,Paved,Dry,None, , ,None, , ,N,N, , , , ,0,0,0,0,0,0,0,0,0,0,0,0,0.000000000000000,0.000000000000000,0,1,0,6000,"Mapped, On Network",-81.552229999999994,28.598160049600001,638921.372586000012234,512596.503732000011951,6/6/2019 1:30:35 PM,6220_8389
3041,3042,1,3041,19982,88911221,2019-00148886,Orlando PD,Long,4/20/2019 0:00:00,10:13 AM,Orlando,Orange,CENTRAL FL GRNWY NBO (SR 417), ,0,North,Other,1,0,0,0,N,N,N,15000.000000000000000,Other,Unknown,0,Single Vehicle,N,Property Damage Only,Y,Unknown,Motor Vehicle in Transport,Off Roadway,Non-Junction,N,Not at Intersection,State,Paved,Unknown,Unknown, , ,Unknown, , ,N,N, , , , ,0,0,0,0,0,0,0,0,0,0,0,0,0.000000000000000,0.000000000000000,0,0,0,15000,"Mapped, On Network",-81.264517403100001,28.383739905900001,667528.186448000022210,489379.882969999976922,6/5/2019 12:42:21 PM,6170_8603
3042,3043,1,3042,20035,88083247,FHPD19OFF027442,FHP,Short,3/27/2019 0:00:00,06:48 AM,Orlando Expwy Auth,Orange,SR429,27MM,0, ,Rear End,2,0,0,0,N,N,N,8000.000000000000000,Rain,Dark - Lighted,0,Rear End,S,Property Damage Only,N,Front to Rear,Motor Vehicle in Transport,On Roadway,Non-Junction,N,Not at Intersection,Turnpike/Toll,Paved,Wet,None, , ,None, , ,N,N, , , , ,0,0,0,0,0,0,0,0,0,0,0,0,0.000000000000000,0.000000000000000,0,2,0,8000,"Mapped, On Network",-81.537463138099994,28.607845105100001,640341.064653999987058,513700.562780999985989,6/10/2019 2:43:24 PM,7012_8458
3043,3044,1,3043,20043,88123364,FHPD19OFF031465,FHP,Short,4/7/2019 0:00:00,12:00 AM,Unincorporated,Orange,STATE ROAD 528,STATE ROAD 520,0,West,Head On,2,0,0,0,N,N,N,3000.000000000000000,Clear,Dark - Lighted,0,Head On,E,Property Damage Only,N,Front to Front,Motor Vehicle in Transport,On Roadway,Non-Junction,N,Not at Intersection,Turnpike/Toll,Paved,Dry,None, , ,None, , ,N,N, , , , ,0,0,1,0,0,0,0,0,0,0,0,0,0.000000000000000,0.000000000000000,0,1,0,3000,"Mapped, On Network",-80.983985873999998,28.452455443900000,694772.119956000009552,497648.724417000019457,5/30/2019 10:38:04 AM,7061_8083
3044,3045,1,3044,20053,88914383,2019-00137520,Orlando PD,Long,4/12/2019 0:00:00,07:48 AM,Orlando,Orange,STATE ROAD 408,SOUTH BUMBY AVENUE,50,West,Rear End,2,0,0,0,N,Y,N,5300.000000000000000,Clear,Daylight,0,Rear End,W,Property Damage Only,Y,Front to Rear,Motor Vehicle in Transport,On Roadway,Non-Junction,N,Not at Intersection,State,Curb,Dry,None, , ,None, , ,N,N, , , , ,0,0,1,0,0,0,0,0,0,0,0,0,0.000000000000000,0.000000000000000,0,0,0,5300,"Mapped, On Network",-81.352195602500004,28.538404494400002,658585.877943000057712,506365.243935999984387,6/25/2019 9:57:20 AM,6185_8318
3045,3046,1,3045,20095,88037157,FHPD19OFF027552,FHP,Long,3/27/2019 0:00:00,10:09 AM,Orlando Expwy Auth,Orange,STATE ROAD 417 SOUTHBOUND,STATE ROAD 408 EASTBOUND RAMP,0, ,Off Road,1,0,0,0,N,N,N,8000.000000000000000,Rain,Daylight,0,Off Road,S,Property Damage Only,N,Other,Concrete Traffic Barrier,On Roadway,Non-Junction,N,Not at Intersection,Turnpike/Toll,Paved,Wet,None, , ,None, , ,N,Y,Intermittent or Moving Work,Activity Area,Y,N,0,0,0,0,0,0,0,0,0,0,0,0,0.000000000000000,0.000000000000000,0,1,0,8000,"Mapped, On Network",-81.268139136100004,28.561102806400001,666737.711624999996275,509064.464751999999862,6/12/2019 12:30:29 PM,8572_8453
3046,3047,1,3046,20096,88037156,FHPD19OFF027541,FHP,Long,3/27/2019 0:00:00,09:51 AM,Orlando Expwy Auth,Orange,STATE ROAD 408 EASTBOUND,MILE MARKER 20,0, ,Sideswipe,2,0,0,0,N,N,N,6000.000000000000000,Rain,Daylight,0,Same Direction Sideswipe,E,Property Damage Only,N,"Sideswipe, Same Direction",Motor Vehicle in Transport,On Roadway,Non-Junction,N,Not at Intersection,Turnpike/Toll,Paved,Wet,None, , ,None, , ,N,N, , , , ,0,0,0,0,0,0,0,0,0,0,0,0,0.000000000000000,0.000000000000000,0,2,0,6000,"Mapped, On Network",-81.218857576900007,28.547633360799999,671582.466714999987744,507676.546732000017073,6/5/2019 1:36:28 PM,8077_8070
3047,3048,1,3047,20107,88914351,2019-00147861,Orlando PD,Long,4/19/2019 0:00:00,04:30 PM,Orlando,Orange,SR417,BOGGY CREEK RD,0, ,Other,1,0,0,0,N,N,N,500.000000000000000,Rain,Daylight,0,Single Vehicle,S,Property Damage Only,Y,"Sideswipe, Same Direction",Motor Vehicle in Transport,On Roadway,Entrance/Exit Ramp,N,Not at Intersection,State,Paved,Wet,None,None,None,None,None,None,N,N, , , , ,0,0,0,0,0,0,0,0,0,0,0,0,0.000000000000000,0.000000000000000,0,0,0,500,"Mapped, On Network",-81.315103936400007,28.368291717500000,662619.000806999974884,487555.931952000013553,6/21/2019 7:20:11 PM,11015_8482
3048,3049,1,3048,20140,88913347,2019-00110222,Orlando PD,Long,3/23/2019 0:00:00,04:49 AM,Orlando,Orange,EAST-WEST EXPRESSWAY (SR 408),I-4 WEST EXIT,25,East,Off Road,1,0,0,0,N,N,N,1000.000000000000000,Clear,Dark - Lighted,0,Off Road,W,Property Damage Only,Y,Other,Concrete Traffic Barrier,Separator,Entrance/Exit Ramp,N,Not at Intersection,State,Curb,Dry,None, , ,None, , ,N,N, , , , ,0,0,0,0,0,0,0,0,0,0,0,0,0.000000000000000,0.000000000000000,0,1,0,1000,"Mapped, On Network",-81.374740555900004,28.536995198600000,656387.792515999986790,506161.694116000027861,6/19/2019 10:44:23 AM,6737_6230
3049,3050,1,3049,20166,88914350,2019-00142563,Orlando PD,Short,4/15/2019 0:00:00,11:15 PM,Orlando,Orange,EW EBO,EW EBO,100,East,Rear End,2,0,0,0,N,N,N,800.000000000000000,Clear,Dark - Lighted,0,Rear End,E,Property Damage Only,Y,Front to Rear,Motor Vehicle in Transport,On Roadway,Non-Junction,N,Not at Intersection,Turnpike/Toll,Paved,Dry,None, , ,None, , ,N,N, , , , ,0,0,0,0,0,0,0,0,0,0,0,0,0.000000000000000,0.000000000000000,0,0,0,800,"Mapped, On Network",-81.375524505499996,28.536591438300000,656312.196326000033878,506115.234618999995291,6/19/2019 12:55:17 PM,6276_8307
3050,3051,1,3050,20172,88000982,FHPK19OFF021629,FHP,Long,4/16/2019 0:00:00,07:45 AM,Winter Garden,Orange,STATE ROAD 429 (DANIEL WEBSTER WESTERN BY),MILE MARKER 23,0,North,Rear End,2,0,0,0,N,N,N,300.000000000000000,Clear,Dawn,0,Rear End,S,Property Damage Only,N,Front to Rear,Motor Vehicle in Transport,On Roadway,Non-Junction,Y,Not at Intersection,Turnpike/Toll,Paved,Dry,None, , ,None, , ,N,N, , , , ,0,0,0,0,0,0,0,0,0,0,0,0,0.000000000000000,0.000000000000000,0,0,0,300,"Mapped, On Network",-81.559915428300002,28.557936849299999,638259.698279000003822,508115.502748000028078,6/25/2019 10:10:35 AM,8423_8507
3051,3052,1,3051,20195,88027267,FHPD19OFF034498,FHP,Long,4/16/2019 0:00:00,05:20 PM,Orlando Expwy Auth,Orange,SR-408,SR-423 (JOHN YOUNG PARKWAY),500,West,Rear End,3,0,0,0,N,Y,N,6000.000000000000000,Clear,Daylight,0,Rear End,W,Property Damage Only,N,Front to Rear,Motor Vehicle in Transport,On Roadway,Non-Junction,N,Not at Intersection,Turnpike/Toll,Paved,Dry,None, , ,None, , ,N,N, , , , ,0,0,0,0,0,0,0,0,0,0,0,0,0.000000000000000,0.000000000000000,0,1,0,6000,"Mapped, On Network",-81.418859271200006,28.545662933100001,652059.563028999953531,507033.127619999984745,6/6/2019 3:41:33 PM,8215_6440
3052,3053,1,3052,20206,88000980,FHPK19OFF021433,FHP,Long,4/15/2019 0:00:00,08:10 AM,Winter Garden,Orange,STATE ROAD 429 (DANIEL WEBSTER WESTERN BY),MILE MARKER 22,5280,South,Rear End,2,0,0,2,N,N,N,11000.000000000000000,Cloudy,Daylight,0,Rear End,N,Injury,N,Front to Rear,Motor Vehicle in Transport,On Roadway,Non-Junction,N,Not at Intersection,Turnpike/Toll,Paved,Dry,None, , ,None, , ,N,N, , , , ,0,0,0,0,0,0,0,1,1,0,0,0,1.000000000000000,0.000000000000000,0,1,0,11000,"Mapped, On Network",-81.557320023800003,28.535367656500000,638562.736602999968454,505614.571947999997064,6/4/2019 1:36:58 PM,6231_8470
3053,3054,1,3053,20224,88049573,FHPD19OFF023116,FHP,Long,3/13/2019 0:00:00,04:30 PM,Orlando Expwy Auth,Orange,SR-417 (MM16),SR-528,60,East,Off Road,1,0,0,0,N,N,N,1904.000000000000000,Clear,Daylight,0,Off Road,W,Property Damage Only,N,Other,Traffic Sign Support,Gore,Non-Junction,N,Not at Intersection,Turnpike/Toll,Paved,Dry,None, , ,None, , ,N,N, , , , ,0,0,0,0,0,0,0,0,0,0,0,0,0.000000000000000,0.000000000000000,0,1,904,1000,"Mapped, On Network",-81.236224605299995,28.451462999200000,670126.188428999972530,496960.789517999975942,6/11/2019 3:25:42 PM,8007_6663
3054,3055,1,3054,20258,88123371,FHPD19OFF033860,FHP,Long,4/14/2019 0:00:00,09:50 PM,Orlando,Orange,STATE ROAD 408,STATE ROAD 436 (SEMORAN BLVD),5280,East,Other,1,0,0,1,N,Y,N,7500.000000000000000,Clear,Dark - Lighted,0,Single Vehicle,W,Injury,N,Other,Motor Vehicle in Transport,On Roadway,Non-Junction,N,Not at Intersection,Turnpike/Toll,Paved,Dry,None, , ,None, , ,N,N, , , , ,0,0,0,0,0,0,0,0,1,0,0,0,1.000000000000000,0.000000000000000,0,3,2500,5000,"Mapped, On Network",-81.294148882100004,28.539700323200002,664250.691572000039741,506632.174547999980859,6/5/2019 10:14:01 AM,8427_6883
3055,3056,1,3055,20259,88123367,FHPD19OFF032867,FHP,Long,4/11/2019 0:00:00,09:51 PM,Unincorporated,Orange,STATE ROAD 429,PALM DR,1000,North,Sideswipe,2,0,0,2,N,Y,N,12000.000000000000000,Clear,Dark - Lighted,0,Same Direction Sideswipe,S,Injury,N,"Sideswipe, Same Direction",Motor Vehicle in Transport,On Roadway,Non-Junction,N,Not at Intersection,Turnpike/Toll,Paved,Dry,None, , ,None, , ,N,N, , , , ,0,0,0,0,0,0,0,0,2,0,0,0,1.000000000000000,0.000000000000000,1,1,0,12000,"Mapped, On Network",-81.557325754199994,28.579403137200000,638465.312032000045292,510503.992962000018451,5/30/2019 3:49:18 PM,5993_8395
3056,3057,1,3056,20265,88112522,FHPD19OFF032425,FHP,Long,4/10/2019 0:00:00,05:15 PM,Orlando,Orange,STATE ROAD 417 NORTHBOUND,MILE MARKER 24,0, ,Sideswipe,2,0,0,1,N,Y,N,1000.000000000000000,Clear,Daylight,0,Same Direction Sideswipe,N,Injury,N,"Sideswipe, Same Direction",Motor Vehicle in Transport,On Roadway,Entrance/Exit Ramp,Y,Not at Intersection,Turnpike/Toll,Paved,Dry,None, , ,None, , ,N,N, , , , ,0,0,0,0,0,0,0,1,0,0,0,0,0.000000000000000,0.000000000000000,0,1,0,1000,"Mapped, Not On Network",-81.230239999999995,28.448100049099999,670719.402138000004925,496600.530108999984805,6/4/2019 1:32:32 PM,7993_7091
3057,3058,1,3057,20281,88911725,2019-00130857,Orlando PD,Long,4/7/2019 0:00:00,04:02 PM,Orlando,Orange,SR 408  WESTBOUND,INTERSTATE 4,1000,East,Rear End,2,0,0,0,N,N,N,5000.000000000000000,Clear,Daylight,0,Rear End,W,Property Damage Only,Y,Front to Rear,Motor Vehicle in Transport,On Roadway,Non-Junction,N,Not at Intersection,State,Paved,Dry,None,None,None,None,None,None,N,N, , , , ,0,0,0,0,0,0,0,0,0,0,0,0,0.000000000000000,0.000000000000000,0,0,0,5000,"Mapped, On Network",-81.379759976499997,28.535529486600002,655901.118749000015669,505988.528816999983974,6/25/2019 10:07:16 AM,6230_8274
3058,3059,1,3058,20285,88914638,2019-00143550,Orlando PD,Long,4/16/2019 0:00:00,05:30 PM,Orlando,Orange,EAST-WEST EXPRESSWAY (SR408) WBO,S ORANGE BLOSSOM TRAIL,100,East,Rear End,2,0,0,0,N,N,N,1000.000000000000000,Clear,Daylight,0,Rear End,W,Property Damage Only,Y,Front to Rear,Motor Vehicle in Transport,On Roadway,Non-Junction,N,Not at Intersection,State,Curb,Dry,None, , ,None, , ,N,N, , , , ,0,0,1,0,0,0,0,0,0,0,0,0,0.000000000000000,0.000000000000000,0,1,0,1000,"Mapped, On Network",-81.396793420199998,28.535274075000000,654238.424208999960683,505924.937378000002354,6/25/2019 10:01:35 AM,8254_8252
3059,3060,1,3059,20288,88914232,2019-00137616,Orlando PD,Short,4/13/2019 0:00:00,09:01 AM,Orlando,Orange,EW WBO (SR 408),ORANGE BLOSSOM TRL (SR 500),500,West,Other,1,0,0,0,N,N,N,500.000000000000000,Clear,Daylight,0,Single Vehicle,W,Property Damage Only,Y,Other,Motor Vehicle in Transport,On Roadway,Non-Junction,N,Not at Intersection,State,Paved,Dry,None, , ,None, , ,N,N, , , , ,0,0,0,0,0,0,0,0,0,0,0,0,0.000000000000000,0.000000000000000,0,0,0,500,"Mapped, On Network",-81.390080164099999,28.535321528299999,654893.855403000023216,505944.064792999997735,5/23/2019 1:47:21 PM,8272_8254
3060,3061,1,3060,20306,88124898,FHPD19OFF033061,FHP,Short,4/12/2019 0:00:00,02:13 PM,Orlando Expwy Auth,Orange,STATE ROAD 417 SB MM37,UNIVERSITY BLVD,0,South,Rear End,2,0,0,0,N,N,N,600.000000000000000,Cloudy,Daylight,0,Rear End,S,Property Damage Only,Y,Front to Rear,Motor Vehicle in Transport,On Roadway,Non-Junction,N,Not at Intersection,Turnpike/Toll,Paved,Dry,None, , ,None, , ,N,N, , , , ,0,0,1,0,0,0,0,0,0,0,0,0,0.000000000000000,0.000000000000000,0,1,0,600,"Mapped, On Network",-81.250714744500002,28.593999960900000,668357.294928999966942,512754.777867999975570,6/19/2019 12:35:28 PM,8588_8118
3061,3062,1,3061,20310,88064884,FHPD19OFF031702,FHP,Long,4/8/2019 0:00:00,04:06 PM,Orlando Expwy Auth,Orange,STATE ROAD 417 SB MM32,STATE ROAD 408,5280,South,Rear End,3,0,0,3,N,N,N,9100.000000000000000,Clear,Daylight,0,Rear End,N,Injury,Y,Front to Rear,Motor Vehicle in Transport,On Roadway,Non-Junction,N,Not at Intersection,Turnpike/Toll,Curb,Dry,None, , ,None, , ,N,N, , , , ,0,0,5,0,0,0,0,0,3,0,0,0,3.000000000000000,0.000000000000000,0,2,0,9100,"Mapped, On Network",-81.253325743199994,28.542627065300000,668229.544654999976046,507045.265513000020292,6/20/2019 12:02:51 PM,6251_11709
3062,3063,1,3062,20311,88064885,FHPD19OFF031796,FHP,Short,4/8/2019 0:00:00,08:26 PM,Orlando Expwy Auth,Orange,STATE ROAD 417 SB MM37,UNIVERSITY BLVD,0,North,Sideswipe,2,0,0,0,N,N,N,1000.000000000000000,Cloudy,Dark - Lighted,0,Same Direction Sideswipe,S,Property Damage Only,Y,"Sideswipe, Same Direction",Motor Vehicle in Transport,On Roadway,Non-Junction,N,Not at Intersection,Turnpike/Toll,Paved,Wet,None, , ,None, , ,N,N, , , , ,0,0,1,0,0,0,0,0,0,0,0,0,0.000000000000000,0.000000000000000,0,0,0,1000,"Mapped, On Network",-81.252602665799998,28.602467220000001,668152.097200999967754,513690.771575000020675,6/18/2019 4:33:32 PM,8565_8588
3063,3064,1,3063,20326,88049572,FHPD19OFF023058,FHP,Long,3/13/2019 0:00:00,01:38 PM,Orlando Expwy Auth,Orange,SR-417 (MM37),UNIVERSITY BLVD,20,North,Off Road,1,0,0,1,N,N,N,4600.000000000000000,Cloudy,Daylight,0,Off Road,S,Injury,N,Other,Concrete Traffic Barrier,Shoulder,Non-Junction,N,Not at Intersection,Turnpike/Toll,Paved,Dry,None, , ,None, , ,N,Y,Work on Shoulder or Median,Activity Area, ,N,0,0,0,0,0,0,0,0,1,0,0,0,1.000000000000000,0.000000000000000,0,1,800,3800,"Mapped, On Network",-81.250079999500002,28.596788187500000,668412.337430999963544,513065.729845999972895,6/12/2019 11:44:11 AM,8588_8118
3064,3065,1,3064,20346,88913069,2019-00124189,Orlando PD,Short,4/2/2019 0:00:00,05:58 PM,Orlando,Orange,EAST WEST EXPRESSWAY,TAMPA AVE,0,East,Rear End,2,0,0,1,N,N,N,600.000000000000000,Clear,Daylight,0,Rear End,E,Injury,Y,Front to Rear,Motor Vehicle in Transport,On Roadway,Non-Junction,N,Not at Intersection,State,Paved,Dry,None, , ,None, , ,N,N, , , , ,0,0,0,0,0,0,0,1,0,0,0,0,0.000000000000000,0.000000000000000,0,0,0,600,"Mapped, On Network",-81.405433798399997,28.536290180100000,653392.324738000053912,506019.972487999999430,6/20/2019 12:12:38 PM,8169_8242
3065,3066,1,3065,20387,88914755,2019-00134561,Orlando PD,Short,4/10/2019 0:00:00,08:52 AM,Orlando,Orange,SR 408 WEST,SR 436 (SEMORAN BV EXIT RAMP),200,East,Rear End,2,0,0,0,N,N,N,1600.000000000000000,Clear,Daylight,0,Rear End,W,Property Damage Only,Y,Front to Rear,Motor Vehicle in Transport,On Roadway,Non-Junction,N,Not at Intersection,State,Paved,Wet,None, , ,None, , ,N,N, , , , ,0,0,0,0,0,0,0,0,0,0,0,0,0.000000000000000,0.000000000000000,0,0,0,1600,"Mapped, On Network",-81.305648134199998,28.539643844699999,663128.002335999975912,506601.314369000028819,5/31/2019 10:16:59 AM,6883_8376
3066,3067,1,3066,20424,88911849,2019-00096056,Orlando PD,Short,3/12/2019 0:00:00,02:15 PM,Orlando,Orange,SR 408 EAST,S. ORANGE AVE,0, ,Other,2,0,0,0,N,N,N,501.000000000000000,Cloudy,Daylight,0,Other,E,Property Damage Only,Y,Other,"Struck by Falling, Shifting Cargo",On Roadway,Non-Junction,N,Not at Intersection,State,Paved,Dry,None, , ,None, , ,N,N, , , , ,0,0,0,0,0,0,0,0,0,0,0,0,0.000000000000000,0.000000000000000,0,0,0,501,"Mapped, On Network",-81.371593562399994,28.537063868699999,656694.924789999960922,506175.865549999987707,6/3/2019 3:56:15 PM,8307_8305
3067,3068,1,3067,20505,88914162,2019-00132697,Orlando PD,Long,4/8/2019 0:00:00,10:27 PM,Orlando,Orange,SR 408 WBO,INTERSTATE 4 WBO ON RAMP,0, ,Off Road,1,0,0,1,N,Y,N,15000.000000000000000,Clear,Dark - Unknown Lighting,0,Off Road,W,Injury,Y,Other,Impact Attenuator/Crash Cushion,On Roadway,Entrance/Exit Ramp,N,Not at Intersection,State,Paved,Dry,None, , ,None, , ,N,N, , , , ,0,0,0,0,0,0,0,1,0,0,0,0,0.000000000000000,0.000000000000000,0,0,5000,10000,"Mapped, On Network",-81.383675745700003,28.535299160000001,655519.292153000016697,505954.835538999992423,5/31/2019 10:16:29 AM,8274_8272
3068,3069,1,3068,20562,88090574,FHPD19OFF024087,FHP,Short,3/16/2019 0:00:00,10:06 AM,Orlando,Orange,STATE ROAD 408 EB EXIT RAMP,S GOLDENROD ROAD,0, ,Rear End,2,0,0,0,N,N,N,420.000000000000000,Clear,Daylight,0,Rear End,E,Property Damage Only,N,Front to Rear,Motor Vehicle in Transport,On Roadway,Intersection,N,Four-Way Intersection,Interstate,Paved,Dry,None, , ,None, , ,N,N, , , , ,0,0,0,0,0,0,0,0,0,0,0,0,0.000000000000000,0.000000000000000,0,0,0,420,"Mapped, On Network",-81.281433320299996,28.542467310599999,665485.505893000052311,506966.702228999987710,6/4/2020 11:18:03 PM,8408_8412
3069,3070,1,3069,20571,88911372,2019-00100834,Orlando PD,Short,3/15/2019 0:00:00,05:45 PM,Orlando,Orange,SR 417,SR 527A,200,North,Sideswipe,2,0,0,0,N,N,N,2500.000000000000000,Clear,Daylight,0,Same Direction Sideswipe,S,Property Damage Only,Y,"Sideswipe, Same Direction",Motor Vehicle in Transport,On Roadway,Non-Junction,N,Not at Intersection,State,Paved,Dry,None, , ,None, , ,N,N, , , , ,0,0,1,0,0,0,0,0,0,0,0,0,0.000000000000000,0.000000000000000,0,0,0,2500,"Mapped, On Network",-81.377623096999997,28.368392333900001,656504.480000999988988,487435.508354999998119,6/11/2019 3:38:37 PM,8486_9176
3070,3071,1,3070,20577,88914265,2019-00131812,Orlando PD,Long,4/8/2019 0:00:00,09:01 AM,Orlando,Orange,SR 528 W,SR 436 (S SEMORAN BV ) EXIT RAMP,2500,East,Rear End,3,0,0,1,N,N,N,35000.000000000000000,Cloudy,Daylight,0,Rear End,W,Injury,Y,Front to Rear,Motor Vehicle in Transport,On Roadway,Non-Junction,N,Not at Intersection,State,Paved,Dry,None, , ,None, , ,N,N, , , , ,0,0,0,0,0,0,0,1,0,0,0,0,0.000000000000000,0.000000000000000,0,0,0,35000,"Mapped, On Network",-81.294301249599997,28.450577224800000,664452.965816000010818,496736.559007000003476,6/20/2019 12:12:06 PM,8183_6664
3071,3072,1,3071,20581,88000981,FHPK19OFF021447,FHP,Long,4/15/2019 0:00:00,09:32 AM,Winter Garden,Orange,STATE ROAD 429 (DANIEL WEBSTER WESTERN BY),MILE MARKER 20,0,South,Unknown,2,0,0,0,N,N,N,11000.000000000000000,Cloudy,Daylight,0,Unknown, ,Property Damage Only,N,Angle,Motor Vehicle in Transport,On Roadway,Non-Junction,Y,Not at Intersection,Turnpike/Toll,Paved,Dry,None, , ,None, , ,N,N, , , , ,0,0,1,0,0,0,0,0,0,0,0,0,0.000000000000000,0.000000000000000,0,1,0,11000,"Mapped, On Network",-81.576741161599998,28.523800730900000,636691.470707000000402,504292.821553000016138,6/4/2019 1:37:36 PM,8462_6231
3072,3073,1,3072,20594,88124002,FHPD19OFF035813,FHP,Short,4/20/2019 0:00:00,11:15 AM,Orlando Expwy Auth,Orange,STATE ROAD 417 NORTHBOUND OFF RAMP,JOHN YOUNG PKWY,0, ,Rear End,2,0,0,0,N,Y,N,3500.000000000000000,Clear,Daylight,0,Rear End,N,Property Damage Only,N,Front to Rear,Motor Vehicle in Transport,On Roadway,Entrance/Exit Ramp,N,Not at Intersection,Turnpike/Toll,Unpaved,Dry,None, , ,None, , ,N,N, , , , ,0,0,4,0,0,0,0,0,0,0,0,0,0.000000000000000,0.000000000000000,0,1,0,3500,"Mapped, Not On Network",-81.415549999999996,28.375380048899999,652778.992056000046432,488133.050249999971129,6/25/2019 10:17:40 AM,8107_8280
3073,3074,1,3073,20599,88913701,2019-00145707,Orlando PD,Long,4/18/2019 0:00:00,08:07 AM,Orlando,Orange,SR 408,PARRAMORE AVE,0, ,Rear End,3,0,0,0,N,N,N,3500.000000000000000,Clear,Daylight,0,Rear End,E,Property Damage Only,Y,Front to Rear,Motor Vehicle in Transport,On Roadway,Non-Junction,N,Not at Intersection,State,Paved,Dry,None, , ,None, , ,N,N, , , , ,0,0,2,0,0,0,0,0,0,0,0,0,0.000000000000000,0.000000000000000,0,0,0,3500,"Mapped, On Network",-81.388348390700003,28.535137733100001,655063.393400999950245,505927.238631999993231,6/25/2019 10:12:03 AM,8267_6679
3074,3075,1,3074,20684,88126953,FHPD19OFF033867,FHP,Long,4/14/2019 0:00:00,10:19 PM,Orlando,Orange,STATE ROAD 408 WB,MM16,0, ,Rear End,2,0,0,1,N,Y,N,5000.000000000000000,Cloudy,Dark - Not Lighted,0,Rear End,W,Injury,N,Front to Rear,Motor Vehicle in Transport,On Roadway,Non-Junction,N,Not at Intersection,State,Paved,Wet,None, , ,None, , ,N,Y,Lane Closure,Transition Area, ,N,0,0,0,0,0,0,0,1,0,0,0,0,0.000000000000000,0.000000000000000,0,0,0,5000,"Mapped, On Network",-81.281632535100002,28.542609723599998,665465.705822000047192,506982.085301999992225,6/20/2019 12:18:33 PM,6918_8406
3075,3076,1,3075,20693,88106957,FHPD19OFF033898,FHP,Long,4/15/2019 0:00:00,01:18 AM,Orlando,Orange,STATE ROAD 528,STATE ROAD 417,300,West,Off Road,1,0,0,1,N,N,N,11000.000000000000000,Cloudy,Dark - Lighted,0,Off Road,E,Injury,N,Other,Guardrail Face,Shoulder,Entrance/Exit Ramp,Y,Not at Intersection,Turnpike/Toll,Paved,Wet,Road Surface Condition, , ,None, , ,N,N, , , , ,0,0,0,0,0,0,0,1,0,0,0,0,0.000000000000000,0.000000000000000,0,0,10000,1000,"Mapped, Not On Network",-81.240149999699995,28.451250024800000,669743.121200000052340,496928.550600000016857,6/12/2019 10:39:22 AM,6666_8074
3076,3077,1,3076,20707,88914185,2019-00139253,Orlando PD,Short,4/13/2019 0:00:00,12:31 PM,Orlando,Orange,SR 408,I4 EBO (SR 400),0, ,Sideswipe,2,0,0,0,N,N,N,3500.000000000000000,Clear,Daylight,0,Same Direction Sideswipe,E,Property Damage Only,Y,"Sideswipe, Same Direction",Motor Vehicle in Transport,On Roadway,Non-Junction,N,Not at Intersection,State,Paved,Dry,None, , ,None, , ,N,N, , , , ,0,0,1,0,0,0,0,0,0,0,0,0,0.000000000000000,0.000000000000000,0,0,0,3500,"Mapped, On Network",-81.383570008899994,28.535132233999999,655530.010529999970458,505936.520697000029031,7/8/2020 2:04:01 PM,6679_6276