FID,OBJECTID_1,Join_Count,TARGET_FID,OBJECTID,HSMV_Repor,Agency_Rep,Reporting_,Form_Type,Crash_Date,Crash_Time,City,County,Crash_Stre,Intersecti,Offset_Dis,Offset_Dir,Crash_Type,Vehicles,Non_Motori,Fatalities,Injuries,Alcohol_Re,Distractio,Drug_Relat,Estimated_,Weather_Co,Light_Cond,Street_Num,Crash_Ty_1,Crash_Ty_2,Crash_Seve,Within_Cit,Manner_of_,First_Harm,First_HE_L,First_HE_R,First_HE_W,Type_of_In,Road_Sys_I,Type_of_Sh,Road_Surf_,Contrib_Ci,Contrib__1,Contrib__2,Contrib__3,Contrib__4,Contrib__5,School_Bus,Work_Zone_,Type_of_Wo,Loc_in_Wor,Workers_in,Law_Enforc,Mopeds,Motorcycle,Passengers,Bicyclists,Pedestrian,Fataliti_1,Injuries_U,Possible_I,Non_Incapa,Incapacita,Fataliti_2,Non_Traffi,Transporte,Transpor_1,Transpor_2,Citations,Property_D,Vehicle_Dm,S4_Mapping,S4_Decimal,S4_Decim_1,S4_Albers_,S4_Albers1,S4_Mappi_1,zone_id_st
3077,3078,1,3077,20708,88913091,2019-00143008,Orlando PD,Short,4/16/2019 0:00:00,09:17 AM,Orlando,Orange,EW WBO,I4 WBO,0, ,Rear End,2,0,0,0,N,Y,N,3500.000000000000000,Clear,Daylight,0,Rear End,W,Property Damage Only,Y,Front to Rear,Motor Vehicle in Transport,On Roadway,Entrance/Exit Ramp,Y,Other,State,Paved,Dry,None,None,None,None,None,None,N,N, , , , ,0,0,0,0,0,0,0,0,0,0,0,0,0.000000000000000,0.000000000000000,0,1,0,3500,"Mapped, On Network",-81.382563374000000,28.535277550200000,655627.964847999974154,505954.741610999975819,7/8/2020 2:06:01 PM,8274_8272
3078,3079,1,3078,20716,88912310,2019-00143096,Orlando PD,Short,4/16/2019 0:00:00,10:30 AM,Orlando,Orange,SR 408,S SUMMERLIN AVE,0, ,Rear End,2,0,0,0,N,N,N,800.000000000000000,Clear,Daylight,0,Rear End,W,Property Damage Only,Y,Front to Rear,Motor Vehicle in Transport,On Roadway,Non-Junction,N,Not at Intersection,Local,Paved,Dry,None, , ,None, , ,N,N, , , , ,0,0,0,0,0,0,0,0,0,0,0,0,0.000000000000000,0.000000000000000,0,1,0,800,"Mapped, On Network",-81.368579035300002,28.537288834999998,656988.751203999971040,506207.122425000008661,6/12/2019 4:23:37 PM,8313_6737
3079,3080,1,3079,20751,88081410,FHPK19OFF020844,FHP,Long,4/12/2019 0:00:00,03:37 PM,Winter Garden,Orange,SR 429 (DANIEL WEBSTER WESTERN BLTWY),NEW INDEPENDENCE PARKWAY,0, ,Rear End,3,0,0,1,N,N,N,23700.000000000000000,Clear,Daylight,0,Rear End,S,Injury,N,Front to Rear,Motor Vehicle in Transport,On Roadway,Non-Junction,N,Not at Intersection,State,Unpaved,Dry,None, , ,None, , ,N,N, , , , ,0,0,0,0,0,0,0,1,0,0,0,0,1.000000000000000,0.000000000000000,0,2,0,23700,"Mapped, On Network",-81.631775029500005,28.475056568900001,631420.669377999962308,498776.046666999987792,5/24/2019 11:42:22 AM,8039_8035
3080,3081,1,3080,20755,88083235,FHPD19OFF023106,FHP,Short,3/13/2019 0:00:00,04:03 PM,Orlando Expwy Auth,Orange,SR417,26MM,0, ,Rear End,3,0,0,0,N,N,N,10000.000000000000000,Clear,Daylight,0,Rear End,N,Property Damage Only,N,Front to Rear,Motor Vehicle in Transport,On Roadway,Non-Junction,N,Not at Intersection,Turnpike/Toll,Paved,Dry,None, , ,None, , ,N,N, , , , ,0,0,0,0,0,0,0,0,0,0,0,0,0.000000000000000,0.000000000000000,0,2,0,10000,"Mapped, On Network",-81.233029999999999,28.462233443599999,670411.533902000053786,498163.617520999978296,5/29/2019 4:05:35 PM,6173_8544
3081,3082,1,3081,20785,88912779,2019-00097254,Orlando PD,Long,3/13/2019 0:00:00,09:28 AM,Orlando,Orange,SR 408 WEST,S. ROSALIND AVE. EXIT RAMP,800,West,Rear End,2,0,0,1,N,N,N,3500.000000000000000,Clear,Daylight,0,Rear End,W,Injury,Y,Front to Rear,Motor Vehicle in Transport,On Roadway,Non-Junction,N,Not at Intersection,State,Paved,Dry,None, , ,None, , ,N,N, , , , ,0,0,3,0,0,0,0,1,0,0,0,0,0.000000000000000,0.000000000000000,0,1,0,3500,"Mapped, On Network",-81.375763858599996,28.536726029800001,656288.506031000055373,506129.680927000008523,6/12/2019 2:07:30 PM,6737_6230
3082,3083,1,3082,20786,88912424,2019-00095489,Orlando PD,Short,3/12/2019 0:00:00,07:15 AM,Orlando,Orange,SR 408 WEST,S CRYSTAL LAKE DR,200,West,Rear End,2,0,0,0,N,N,N,5500.000000000000000,Clear,Dark - Lighted,0,Rear End,W,Property Damage Only,Y,Front to Rear,Motor Vehicle in Transport,On Roadway,Non-Junction,N,Not at Intersection,Interstate,Paved,Dry,None, , ,None, , ,N,N, , , , ,0,0,0,0,0,0,0,0,0,0,0,0,0.000000000000000,0.000000000000000,0,0,0,5500,"Mapped, On Network",-81.344042316200003,28.538452792000001,659381.893432999961078,506387.729888000001665,6/11/2019 3:36:24 PM,8353_6185
3083,3084,1,3083,20805,88910792,2019-00141413,Orlando PD,Short,4/15/2019 0:00:00,07:47 AM,Orlando,Orange,SR408 (EW WBO),S MILLS AV,0,West,Rear End,2,0,0,0,N,Y,N,1500.000000000000000,Cloudy,Daylight,0,Rear End,W,Property Damage Only,Y,Front to Rear,Motor Vehicle in Transport,On Roadway,Non-Junction,N,Not at Intersection,State,Paved,Dry,None, , ,None, , ,N,N, , , , ,0,0,0,0,0,0,0,0,0,0,0,0,0.000000000000000,0.000000000000000,0,1,0,1500,"Mapped, On Network",-81.369198236399995,28.537082921600000,656928.776041000033729,506182.969465999980457,6/5/2019 2:47:08 PM,8307_8305
3084,3085,1,3084,20808,88913864,2019-00143011,Orlando PD,Short,4/16/2019 0:00:00,09:20 AM,Orlando,Orange,SR 408 (EW WBO),S ROSALIND AV,0, ,Rear End,2,0,0,0,N,N,N,1500.000000000000000,Clear,Daylight,0,Rear End,W,Property Damage Only,Y,Front to Rear,Motor Vehicle in Transport,On Roadway,Non-Junction,N,Not at Intersection,State,Curb,Dry,None, , ,None, , ,N,N, , , , ,0,0,0,0,0,0,0,0,0,0,0,0,0.000000000000000,0.000000000000000,0,0,0,1500,"Mapped, On Network",-81.376156715600004,28.536556987000001,656250.543987000011839,506110.095553999999538,6/25/2019 10:05:40 AM,6737_6230
3085,3086,1,3085,20811,88914529,2019-00143069,Orlando PD,Long,4/16/2019 0:00:00,10:20 AM,Orlando,Orange,SR 408 (EW WBO),S ROSALIND AV,0,West,Rear End,2,0,0,1,N,N,N,2000.000000000000000,Clear,Daylight,0,Rear End,W,Injury,Y,Front to Rear,Motor Vehicle in Transport,On Roadway,Entrance/Exit Ramp,N,Not at Intersection,State,Paved,Dry,None, , ,None, , ,N,N, , , , ,0,0,0,0,0,0,0,0,1,0,0,0,1.000000000000000,0.000000000000000,0,0,0,2000,"Mapped, On Network",-81.375707241699999,28.536747996700001,656293.982605000026524,506132.237604000023566,6/24/2019 11:34:57 AM,6737_6230
3086,3087,1,3086,20812,88914646,2019-00130850,Orlando PD,Long,4/7/2019 0:00:00,03:54 PM,Orlando,Orange,SR 408,ROSALIND AVE,500,East,Rear End,3,0,0,1,N,N,N,7000.000000000000000,Clear,Daylight,0,Rear End,W,Injury,Y,Front to Rear,Motor Vehicle in Transport,On Roadway,Non-Junction,N,Not at Intersection,State,Paved,Dry,None, , ,None, , ,N,N, , , , ,0,0,1,0,0,0,0,1,0,0,0,0,0.000000000000000,0.000000000000000,0,0,0,7000,"Mapped, On Network",-81.375530534800006,28.536800336100001,656311.113872000016272,506138.416155999992043,6/24/2019 11:34:07 AM,6737_6230
3087,3088,1,3087,20843,88081005,FHPD19OFF023014,FHP,Long,3/13/2019 0:00:00,10:35 AM,Orlando Expwy Auth,Orange,WB SR-408,CR-431,0,East,Rear End,2,0,0,2,N,N,N,22000.000000000000000,Cloudy,Daylight,0,Rear End,W,Injury,Y,Front to Rear,Motor Vehicle in Transport,On Roadway,Non-Junction,N,Not at Intersection,Turnpike/Toll,Paved,Dry,None, , ,None, , ,N,N, , , , ,0,0,0,0,0,0,0,0,2,0,0,0,2.000000000000000,0.000000000000000,0,1,0,22000,"Mapped, On Network",-81.435238895799998,28.548310671799999,650454.137878000037745,507293.736384999996517,5/29/2019 4:05:44 PM,5934_6489
3088,3089,1,3088,20900,88913616,2019-00106412,Orlando PD,Long,3/20/2019 0:00:00,02:21 AM,Orlando,Orange,SR 408,JOHN YOUNG PARKWAY,5280,East,Other,1,0,0,0,N,N,N,50000.000000000000000,Rain,Dark - Lighted,0,Single Vehicle,W,Property Damage Only,Y,Other,Motor Vehicle in Transport,On Roadway,Non-Junction,N,Not at Intersection,State,Curb,Wet,None, , ,Weather Conditions, , ,N,N, , , , ,0,0,0,0,0,0,0,0,0,0,0,0,0.000000000000000,0.000000000000000,0,0,0,50000,"Mapped, On Network",-81.408587671600003,28.538831754800000,653078.423262999975123,506295.690188999986276,5/23/2019 1:48:15 PM,8244_8217
3089,3090,1,3089,20917,88083268,FHPD19OFF035962,FHP,Short,4/20/2019 0:00:00,06:27 PM,Orlando Expwy Auth,Orange,SR417,6.5MM,0, ,Sideswipe,2,0,0,0,N,N,N,2000.000000000000000,Clear,Daylight,0,Same Direction Sideswipe,N,Property Damage Only,N,"Sideswipe, Same Direction",Motor Vehicle in Transport,On Roadway,Non-Junction,N,Not at Intersection,Turnpike/Toll,Paved,Dry,None, , ,None, , ,N,N, , , , ,0,0,0,0,0,0,0,0,0,0,0,0,0.000000000000000,0.000000000000000,0,0,0,2000,"Mapped, On Network",-81.474569172599999,28.355994914200000,647051.368157000048086,485861.050259999989066,6/25/2019 10:17:59 AM,6071_8579
3090,3091,1,3090,20918,88083267,FHPD19OFF035912,FHP,Short,4/20/2019 0:00:00,03:53 PM,Orlando Expwy Auth,Orange,SR417,13MM,0, ,Rear End,2,0,0,0,N,N,N,3000.000000000000000,Clear,Daylight,0,Rear End,S,Property Damage Only,N,Front to Rear,Motor Vehicle in Transport,On Roadway,Non-Junction,N,Not at Intersection,Turnpike/Toll,Paved,Dry,None, , ,None, , ,N,N, , , , ,0,0,0,0,0,0,0,0,0,0,0,0,0.000000000000000,0.000000000000000,0,2,0,3000,"Mapped, On Network",-81.367618980800003,28.368550989900001,657482.495516999973916,487473.973263000021689,6/25/2019 10:18:07 AM,7997_8466
3091,3092,1,3091,20919,88077697,FHPD19OFF035373,FHP,Short,4/19/2019 0:00:00,08:29 AM,Orlando Expwy Auth,Orange,STATE RD 417,STATE RD 528,5280,North,Other,2,0,0,0,N,N,N,500.000000000000000,Clear,Daylight,0,Other,N,Property Damage Only,N,Other,Cargo/Equipment Loss or Shift,On Roadway,Non-Junction,N,Not at Intersection,Turnpike/Toll,Paved,Dry,None, , ,None, , ,N,N, , , , ,0,0,0,0,0,0,0,0,0,0,0,0,0.000000000000000,0.000000000000000,0,0,0,500,"Mapped, On Network",-81.235737112500004,28.466619259900000,670136.098984000040218,498644.634648000006564,6/21/2019 7:05:19 PM,8546_7092
3092,3093,1,3092,20926,88914141,2019-00147893,Orlando PD,Long,4/19/2019 0:00:00,05:59 PM,Orlando,Orange,SR 408 (WBO),MILLS AV,5280,East,Unknown,2,0,0,2,N,N,N,10000.000000000000000,Rain,Daylight,0,Unknown, ,Injury,Y,Angle,Motor Vehicle in Transport,On Roadway,Non-Junction,N,Not at Intersection,State,Paved,Wet,Road Surface Condition, , ,Weather Conditions, , ,N,N, , , , ,0,0,1,0,0,0,0,0,1,1,0,0,1.000000000000000,0.000000000000000,0,0,0,10000,"Mapped, On Network",-81.348869802699994,28.538440522399998,658910.541161000030115,506376.222589000011794,6/24/2019 3:56:09 PM,6185_8318
3093,3094,1,3093,20955,88081014,FHPD19OFF032066,FHP,Short,4/9/2019 0:00:00,04:19 PM,Orlando Expwy Auth,Orange,WB SR-408,SR-423,0,East,Sideswipe,2,0,0,0,N,N,N,1000.000000000000000,Cloudy,Daylight,0,Same Direction Sideswipe,W,Property Damage Only,Y,Front to Rear,Motor Vehicle in Transport,On Roadway,Non-Junction,N,Not at Intersection,Turnpike/Toll,Paved,Wet,None, , ,None, , ,N,N, , , , ,0,0,0,0,0,0,0,0,0,0,0,0,0.000000000000000,0.000000000000000,0,1,0,1000,"Mapped, On Network",-81.407370556700002,28.537819162000002,653199.633834999985993,506185.759138000023086,6/19/2019 12:41:09 PM,8252_8244
3094,3095,1,3094,21059,88081013,FHPD19OFF031919,FHP,Short,4/9/2019 0:00:00,09:43 AM,Orlando Expwy Auth,Orange,EB SR-417 EXIT RAMP,SR-600,0, ,Rear End,2,0,0,0,N,N,N,5500.000000000000000,Cloudy,Daylight,0,Rear End,N,Property Damage Only,Y,Front to Rear,Motor Vehicle in Transport,On Roadway,Entrance/Exit Ramp,N,Four-Way Intersection,Turnpike/Toll,Paved,Dry,None, , ,None, , ,N,N, , , , ,0,0,1,0,0,0,0,0,0,0,0,0,0.000000000000000,0.000000000000000,0,1,0,5500,"Mapped, Not On Network",-81.412760000199995,28.375160024800000,653052.347999999998137,488114.342699999979232,6/18/2019 4:33:50 PM,8107_8280
3095,3096,1,3095,21060,88077688,FHPD19OFF033172,FHP,Long,4/12/2019 0:00:00,05:33 PM,Orlando Expwy Auth,Orange,STATE RD 417,MOSS PARK RD,50,South,Rear End,3,0,0,3,N,N,N,12000.000000000000000,Clear,Daylight,0,Rear End,S,Injury,N,Front to Rear,Motor Vehicle in Transport,On Roadway,Non-Junction,N,Not at Intersection,Turnpike/Toll,Paved,Dry,None, , ,None, , ,N,N, , , , ,0,0,1,0,0,0,0,3,0,0,0,0,3.000000000000000,0.000000000000000,0,2,0,12000,"Mapped, On Network",-81.228022673500007,28.414275738899999,671020.522600000025705,492849.937383999989834,5/24/2019 11:43:31 AM,8514_6174
3096,3097,1,3096,21061,88077687,FHPD19OFF032764,FHP,Long,4/11/2019 0:00:00,05:06 PM,Orlando Expwy Auth,Orange,STATE RD 408,STATE RD 423,100,East,Rear End,2,0,0,1,N,N,N,1750.000000000000000,Clear,Daylight,0,Rear End,E,Injury,N,Front to Rear,Motor Vehicle in Transport,On Roadway,Non-Junction,N,Not at Intersection,Turnpike/Toll,Paved,Dry,None, , ,None, , ,N,N, , , , ,0,0,1,0,0,0,0,1,0,0,0,0,0.000000000000000,0.000000000000000,0,1,0,1750,"Mapped, On Network",-81.413135606500006,28.542046759700000,652626.845761999953538,506643.331207000010181,5/22/2019 3:35:24 PM,8219_8213
3097,3098,1,3097,21062,88077686,FHPD19OFF032756,FHP,Long,4/11/2019 0:00:00,04:59 PM,Orlando Expwy Auth,Orange,STATE RD 408,OLD WINTER GARDEN RD,400,East,Rear End,3,0,0,0,N,N,N,6000.000000000000000,Clear,Daylight,0,Rear End,W,Property Damage Only,N,Front to Rear,Motor Vehicle in Transport,On Roadway,Non-Junction,N,Not at Intersection,Turnpike/Toll,Paved,Dry,None, , ,None, , ,N,N, , , , ,0,0,0,0,0,0,0,0,0,0,0,0,0.000000000000000,0.000000000000000,0,1,0,6000,"Mapped, On Network",-81.418792464500001,28.545667564500000,652066.075270000030287,507033.778400000010151,6/10/2019 2:44:06 PM,8215_6440
3098,3099,1,3098,21063,88077683,FHPD19OFF031769,FHP,Long,4/8/2019 0:00:00,07:08 PM,Orlando Expwy Auth,Orange,STATE RD 528,STATE RD 417,10560,East,Other,2,0,0,0,N,N,N,4500.000000000000000,Rain,Daylight,0,Other,E,Property Damage Only,N,Other,Other Non-Collision,On Roadway,Non-Junction,N,Not at Intersection,Turnpike/Toll,Paved,Wet,Road Surface Condition, , ,Weather Conditions, , ,N,N, , , , ,0,0,0,0,0,0,0,0,0,0,0,0,0.000000000000000,0.000000000000000,0,0,0,4500,"Mapped, On Network",-81.192527205100006,28.451531609700002,674396.184160999953747,497064.885002999973949,6/6/2019 3:50:05 PM,6945_8095
3099,3100,1,3099,21064,88077678,FHPD19OFF030017,FHP,Short,4/3/2019 0:00:00,05:49 PM,Orlando Expwy Auth,Orange,STATE RD 408 EXIT RAMP,STATE RD 417,400,East,Rear End,2,0,0,0,N,N,N,5500.000000000000000,Clear,Daylight,0,Rear End,W,Property Damage Only,N,Front to Rear,Motor Vehicle in Transport,On Roadway,Entrance/Exit Ramp,N,Not at Intersection,Turnpike/Toll,Paved,Dry,None, , ,None, , ,N,Y,Work on Shoulder or Median,Activity Area,N,N,0,0,0,0,0,0,0,0,0,0,0,0,0.000000000000000,0.000000000000000,0,1,0,5500,"Mapped, Not On Network",-81.258099999500004,28.547300024900000,667751.848099999944679,507553.720800000010058,6/6/2019 3:49:14 PM,8033_8027
3100,3101,1,3100,21101,88083266,FHPD19OFF035701,FHP,Long,4/19/2019 0:00:00,08:39 PM,Orlando Expwy Auth,Orange,SR417,29MM,0, ,Off Road,1,0,0,0,N,N,N,19750.000000000000000,Cloudy,Dark - Lighted,0,Off Road,N,Property Damage Only,N,Other,Guardrail Face,Off Roadway,Non-Junction,N,Not at Intersection,Turnpike/Toll,Paved,Wet,None, , ,None, , ,N,N, , , , ,0,0,0,0,0,0,0,0,0,0,0,0,0.000000000000000,0.000000000000000,0,1,9750,10000,"Mapped, On Network",-81.244563693200007,28.503204568400001,669182.889970000018366,502687.343144999991637,6/25/2019 10:18:23 AM,6965_8557
3101,3102,1,3101,21141,81950801,FHPD19OFF034686,FHP,Long,4/17/2019 0:00:00,09:12 AM,Unincorporated,Orange,MILE MARKER 28 SR-528-TOLL E,MILE MARKER 28.5,0,East,Rear End,2,0,0,0,N,N,N,18500.000000000000000,Clear,Daylight,0,Rear End,W,Property Damage Only,N,Front to Rear,Motor Vehicle in Transport,On Roadway,Non-Junction,N,Not at Intersection,Turnpike/Toll,Paved,Dry,Other, , ,Other, , ,N,N, , , , ,0,0,1,0,0,0,0,0,0,0,0,0,0.000000000000000,0.000000000000000,0,1,500,18000,"Mapped, Not On Network",-81.026550000000000,28.452290049100000,690613.342081999988295,497529.333689999999478,4/18/2019 3:19:57 PM,7008_7061
3102,3103,1,3102,21151,88910881,2019-00102215,Orlando PD,Short,3/16/2019 0:00:00,06:00 PM,Orlando,Orange,S.R 408,INTERSTATE 4,0,East,Sideswipe,2,0,0,0,N,N,N,1000.000000000000000,Clear,Daylight,0,Same Direction Sideswipe,E,Property Damage Only,Y,"Sideswipe, Same Direction",Motor Vehicle in Transport,On Roadway,Non-Junction,N,Not at Intersection,State,Paved,Dry,None, , ,None, , ,N,N, , , , ,0,0,1,0,0,0,0,0,0,0,0,0,0.000000000000000,0.000000000000000,0,0,0,1000,"Mapped, On Network",-81.389891241100003,28.535150695999999,654912.705056000035256,505925.487632000003941,6/4/2020 11:18:19 PM,8267_6679
3103,3104,1,3103,21177,88093273,FHPD19OFF031607,FHP,Long,4/8/2019 0:00:00,12:35 PM,Orlando,Orange,SR-528 (BEACHLINE EXPRESSWAY),SR-520,400,East,Rollover,1,0,0,1,N,Y,N,4000.000000000000000,Clear,Daylight,0,Rollover,W,Injury,N,Other,Overturn/Rollover,Off Roadway,Non-Junction,N,Not at Intersection,Turnpike/Toll,Unpaved,Dry,None, , ,None, , ,N,N, , , , ,0,0,0,0,0,0,0,1,0,0,0,0,0.000000000000000,0.000000000000000,0,1,0,4000,"Mapped, On Network",-80.972818345799993,28.452697564299999,695862.706777999992482,497702.349731999973301,6/5/2019 10:22:33 AM,6598_8091
3104,3105,1,3104,21225,88037147,FHPD19OFF018127,FHP,Long,2/26/2019 0:00:00,07:23 PM,Orlando Expwy Auth,Orange,STATE ROAD 417 SOUTHBOUND,MILE MARKER 16,0, ,Rear End,4,0,0,2,N,Y,N,29000.000000000000000,Rain,Dark - Not Lighted,0,Rear End,S,Injury,N,Front to Rear,Motor Vehicle in Transport,On Roadway,Non-Junction,N,Not at Intersection,Turnpike/Toll,Paved,Wet,None, , ,None, , ,N,N, , , , ,0,0,0,0,0,0,0,0,2,0,0,0,2.000000000000000,0.000000000000000,0,2,0,29000,"Mapped, On Network",-81.318430000000006,28.367383496700000,662295.911493999999948,487448.012690000003204,5/28/2019 3:31:54 PM,11007_8480
3105,3106,1,3105,21233,88027268,FHPD19OFF034501,FHP,Long,4/16/2019 0:00:00,05:25 PM,Orlando Expwy Auth,Orange,SR-408,PINE HILLS ROAD,5280,East,Rear End,3,0,0,0,N,N,N,1000.000000000000000,Clear,Daylight,0,Rear End, ,Property Damage Only,N,Front to Rear,Motor Vehicle in Transport,On Roadway,Non-Junction,N,Not at Intersection,Turnpike/Toll,Paved,Dry,None, , ,None, , ,N,N, , , , ,0,0,1,0,0,0,0,0,0,0,0,0,0.000000000000000,0.000000000000000,0,0,0,1000,"Mapped, On Network",-81.438902773799995,28.548411171800002,650096.172439999994822,507297.458985999983270,6/5/2019 2:45:30 PM,6489_6994
3106,3107,1,3106,21319,88112521,FHPD19OFF032407,FHP,Long,4/10/2019 0:00:00,04:30 PM,Orlando,Orange,STATE ROAD 417 SOUTHBOUND,MILE MARKER 32,0, ,Off Road,2,0,0,2,N,N,N,5000.000000000000000,Clear,Daylight,0,Off Road,S,Injury,N,Other,Concrete Traffic Barrier,Median,Non-Junction,N,Not at Intersection,State,Paved,Dry,None, , ,None, , ,N,N, , , , ,0,0,1,0,0,0,0,1,1,0,0,0,1.000000000000000,0.000000000000000,0,0,0,5000,"Mapped, On Network",-81.251147106600001,28.535682973699998,668459.455931999953464,506279.015766999975313,5/30/2019 3:23:20 PM,7071_6968
3107,3108,1,3107,21415,88083261,FHPD19OFF032642,FHP,Long,4/11/2019 0:00:00,12:00 AM,Orlando Expwy Auth,Orange,SR408,7MM,0, ,Sideswipe,2,0,0,0,N,N,N,5000.000000000000000,Clear,Daylight,0,Same Direction Sideswipe,E,Property Damage Only,N,"Sideswipe, Same Direction",Motor Vehicle in Transport,On Roadway,Non-Junction,N,Not at Intersection,Turnpike/Toll,Paved,Dry,None, , ,None, , ,N,N, , , , ,0,0,0,0,0,0,0,0,0,0,0,0,0.000000000000000,0.000000000000000,0,1,0,5000,"Mapped, On Network",-81.427055153799998,28.545790016800002,651259.021504999953322,507030.511821999971289,6/5/2019 1:32:52 PM,6014_8237
3108,3109,1,3108,21416,88031074,FHPK19OFF020469,FHP,Long,4/10/2019 0:00:00,04:19 PM,Winter Garden,Orange,SR 429 (DANIEL WEBSTER EXPRESSWAY),STONEYBROOK W PKWY,0, ,Rear End,2,0,0,0,N,N,N,200.000000000000000,Clear,Daylight,0,Rear End,S,Property Damage Only,N,Front to Rear,Motor Vehicle in Transport,On Roadway,Entrance/Exit Ramp,N,Not at Intersection,Turnpike/Toll,Paved,Dry,None, , ,None, , ,N,N, , , , ,0,0,0,0,0,0,0,0,0,0,0,0,0.000000000000000,0.000000000000000,0,1,0,200,"Mapped, Not On Network",-81.605259999799998,28.511940024499999,633931.827599999960512,502921.449499999987893,6/5/2019 1:29:38 PM,6186_6858
3109,3110,1,3109,21418,88914492,2019-00136016,Orlando PD,Short,4/11/2019 0:00:00,08:23 AM,Orlando,Orange,SR 408 WEST (S MILLS AV EXIT RAMP),SR 15 (E SOUTH ST),5,East,Rear End,2,0,0,0,N,N,N,1900.000000000000000,Clear,Daylight,0,Rear End,W,Property Damage Only,Y,Front to Rear,Motor Vehicle in Transport,On Roadway,Non-Junction,N,Not at Intersection,State,Paved,Dry,None, , ,None, , ,N,N, , , , ,0,0,0,0,0,0,0,0,0,0,0,0,0.000000000000000,0.000000000000000,0,0,0,1900,"Mapped, On Network",-81.341666097699999,28.538254853300000,659614.393798999954015,506370.753154999983963,7/8/2020 2:07:26 PM,6252_6227
3110,3111,1,3110,21527,88083260,FHPD19OFF032271,FHP,Long,4/10/2019 0:00:00,12:00 AM,Orlando Expwy Auth,Orange,SR408,5MM,0, ,Rear End,3,0,0,1,N,N,N,10000.000000000000000,Clear,Daylight,0,Rear End,E,Injury,N,Front to Rear,Motor Vehicle in Transport,On Roadway,Non-Junction,N,Not at Intersection,Turnpike/Toll,Paved,Dry,None, , ,None, , ,N,N, , , , ,0,0,0,0,0,0,0,1,0,0,0,0,0.000000000000000,0.000000000000000,0,1,0,10000,"Mapped, On Network",-81.463515349000005,28.549957036700000,647689.515746999997646,507419.422536999976728,6/20/2019 12:00:48 PM,6068_8208
3111,3112,1,3111,21528,88083259,FHPD19OFF032231,FHP,Long,4/10/2019 0:00:00,07:14 AM,Orlando Expwy Auth,Orange,SR429,28MM,0, ,Off Road,1,0,0,1,N,N,N,5000.000000000000000,Clear,Daylight,0,Off Road,S,Injury,N,Other,Concrete Traffic Barrier,Off Roadway,Non-Junction,N,Not at Intersection,Turnpike/Toll,Paved,Dry,None, , ,None, , ,N,N, , , , ,0,0,0,0,0,0,0,1,0,0,0,0,0.000000000000000,0.000000000000000,0,1,0,5000,"Mapped, On Network",-81.536538911700006,28.619143114100002,640406.192595000029542,514956.816269000002649,6/12/2019 12:29:25 PM,8438_6296
3112,3113,1,3112,21529,88083258,FHPD19OFF031859,FHP,Short,4/9/2019 0:00:00,06:49 AM,Orlando Expwy Auth,Orange,SR528,13MM,0, ,Sideswipe,2,0,0,0,N,N,N,1050.000000000000000,Cloudy,Daylight,0,Same Direction Sideswipe,W,Property Damage Only,N,"Sideswipe, Same Direction",Motor Vehicle in Transport,On Roadway,Non-Junction,N,Not at Intersection,Turnpike/Toll,Paved,Dry,None, , ,None, , ,N,N, , , , ,0,0,0,0,0,0,0,0,0,0,0,0,0.000000000000000,0.000000000000000,0,1,0,1050,"Mapped, Not On Network",-81.264189999999999,28.448460049099999,667400.752541000023484,496566.424898000026587,6/19/2019 11:27:46 AM,8052_8060
3113,3114,1,3113,21536,87252478,FHPD19OFF019926,FHP,Long,3/4/2019 0:00:00,07:30 AM,Orlando Expwy Auth,Orange,STATE ROAD 429 (DANIEL WBSTR BELTWY),OCOEE APOPKA ROAD,5280,South,Sideswipe,2,0,0,0,N,N,N,2100.000000000000000,Clear,Daylight,0,Same Direction Sideswipe,S,Property Damage Only,Y,"Sideswipe, Same Direction",Motor Vehicle in Transport,On Roadway,Non-Junction,N,Not at Intersection,Turnpike/Toll,Paved,Dry,None, , ,None, , ,N,N, , , , ,0,0,0,0,0,0,0,0,0,0,0,0,0.000000000000000,0.000000000000000,0,2,0,2100,"Mapped, On Network",-81.536690397300006,28.624809923800001,640378.840745999943465,515585.723326999985147,6/7/2019 1:01:46 PM,8438_6296
3114,3115,1,3114,21628,88913608,2019-00115645,Orlando PD,Long,3/27/2019 0:00:00,10:57 AM,Orlando,Orange,SR 417 NBO (CENTRAL FLORIDA GREENWAY),SR 15 (NARCOOSSEE RD) EXIT RAMP,2000,South,Other,3,0,0,1,N,N,N,50000.000000000000000,Cloudy,Daylight,0,Other,S,Injury,Y,Angle,Motor Vehicle in Transport,On Roadway,Crossover-Related,N,Not at Intersection,State,Paved,Wet,None, , ,None, , ,N,N, , , , ,0,0,0,0,0,0,0,1,0,0,0,0,0.000000000000000,0.000000000000000,0,3,0,50000,"Mapped, On Network",-81.253835612499998,28.392070739600001,668552.083318999968469,490328.067860000010114,6/24/2019 9:53:49 AM,6701_5900