FID,OBJECTID_1,Join_Count,TARGET_FID,OBJECTID,HSMV_Repor,Agency_Rep,Reporting_,Form_Type,Crash_Date,Crash_Time,City,County,Crash_Stre,Intersecti,Offset_Dis,Offset_Dir,Crash_Type,Vehicles,Non_Motori,Fatalities,Injuries,Alcohol_Re,Distractio,Drug_Relat,Estimated_,Weather_Co,Light_Cond,Street_Num,Crash_Ty_1,Crash_Ty_2,Crash_Seve,Within_Cit,Manner_of_,First_Harm,First_HE_L,First_HE_R,First_HE_W,Type_of_In,Road_Sys_I,Type_of_Sh,Road_Surf_,Contrib_Ci,Contrib__1,Contrib__2,Contrib__3,Contrib__4,Contrib__5,School_Bus,Work_Zone_,Type_of_Wo,Loc_in_Wor,Workers_in,Law_Enforc,Mopeds,Motorcycle,Passengers,Bicyclists,Pedestrian,Fataliti_1,Injuries_U,Possible_I,Non_Incapa,Incapacita,Fataliti_2,Non_Traffi,Transporte,Transpor_1,Transpor_2,Citations,Property_D,Vehicle_Dm,S4_Mapping,S4_Decimal,S4_Decim_1,S4_Albers_,S4_Albers1,S4_Mappi_1,zone_id_st
3115,3116,1,3115,21748,88911903,2019-00106663,Orlando PD,Long,3/20/2019 0:00:00,08:51 AM,Orlando,Orange,EW WBO/SR 408,N MILLS AVE,2640,East,Rear End,2,0,0,0,N,N,N,6500.000000000000000,Cloudy,Daylight,0,Rear End,W,Property Damage Only,Y,Front to Rear,Motor Vehicle in Transport,On Roadway,Non-Junction,N,Not at Intersection,State,Paved,Wet,None, , ,None, , ,N,N, , , , ,0,0,1,0,0,0,0,0,0,0,0,0,0.000000000000000,0.000000000000000,0,0,0,6500,"Mapped, On Network",-81.356307888700002,28.538385112499999,658184.377776999957860,506354.475334000017028,6/19/2019 10:14:21 AM,6185_8318
3116,3117,1,3116,21773,88077696,FHPD19OFF035227,FHP,Short,4/18/2019 0:00:00,06:39 PM,Orlando Expwy Auth,Orange,STATE RD 408 EXIT RAMP,STATE RD 551,15,East,Rear End,2,0,0,0,N,N,N,1750.000000000000000,Clear,Daylight,0,Rear End,W,Property Damage Only,N,Front to Rear,Motor Vehicle in Transport,On Roadway,Entrance/Exit Ramp,N,Four-Way Intersection,Turnpike/Toll,Paved,Dry,Work Zone, , ,None, , ,N,N, , , , ,0,0,0,0,0,0,0,0,0,0,0,0,0.000000000000000,0.000000000000000,0,1,0,1750,"Mapped, Not On Network",-81.289699999600003,28.539670024799999,664685.168999999994412,506638.351900000008754,6/6/2019 3:49:22 PM,6881_8431
3117,3118,1,3117,21810,88064881,FHPD19OFF031116,FHP,Long,4/6/2019 0:00:00,06:20 PM,Orlando Expwy Auth,Orange,STATE ROAD 528 WB MM28,STATE ROAD 520,15840,West,Rear End,2,0,0,0,N,N,N,5000.000000000000000,Clear,Daylight,0,Rear End,W,Property Damage Only,Y,Front to Rear,Motor Vehicle in Transport,On Roadway,Non-Junction,N,Not at Intersection,Turnpike/Toll,Curb,Dry,None, , ,None, , ,N,N, , , , ,0,0,2,0,0,0,0,0,0,0,0,0,0.000000000000000,0.000000000000000,0,1,0,5000,"Mapped, On Network",-81.015827401099997,28.452531830900000,691660.472903999965638,497581.492594000010286,6/18/2019 4:31:30 PM,8091_5943
3118,3119,1,3118,21849,87242006,FHPK19OFF018360,FHP,Short,3/31/2019 0:00:00,11:47 AM,Unincorporated,Orange,STATE ROAD 429 (WESTERN BELTWAY),STATE ROAD 91 (FLORIDA TURNPIKE),0,South,Sideswipe,2,0,0,0,N,Y,N,2000.000000000000000,Clear,Daylight,0,Same Direction Sideswipe,S,Property Damage Only,N,"Sideswipe, Same Direction",Motor Vehicle in Transport,On Roadway,Entrance/Exit Ramp,Y,Not at Intersection,State,Paved,Dry,None, , ,None, , ,N,N, , , , ,0,0,7,0,0,0,0,0,0,0,0,0,0.000000000000000,0.000000000000000,0,1,0,2000,"Mapped, On Network",-81.557775307399993,28.534813251500001,638519.496738999965601,505552.133368999988306,6/24/2019 10:06:10 AM,8524_6989
3119,3120,1,3119,21888,88914894,2019-00145674,Orlando PD,Short,4/18/2019 0:00:00,07:47 AM,Orlando,Orange,SR 408 EBO,S TAMPA AV EXIT FROM SR 408 EBO,200,West,Rear End,2,0,0,0,N,N,N,2000.000000000000000,Clear,Daylight,0,Rear End,E,Property Damage Only,Y,Front to Rear,Motor Vehicle in Transport,On Roadway,Non-Junction,N,Not at Intersection,State,Paved,Dry,None, , ,None, , ,N,N, , , , ,0,0,0,0,0,0,0,0,0,0,0,0,0.000000000000000,0.000000000000000,0,0,0,2000,"Mapped, On Network",-81.408891436199994,28.538804141600000,653048.826272999984212,506292.000876999984030,6/19/2019 1:12:00 PM,8213_8169
3120,3121,1,3120,21916,87246733,FHPD19OFF034644,FHP,Long,4/17/2019 0:00:00,07:26 AM,Orlando,Orange,STATE ROAD 417,STATE ROAD 50,0,North,Sideswipe,2,0,0,1,N,N,N,7500.000000000000000,Clear,Daylight,0,Same Direction Sideswipe,S,Injury,Y,Angle,Fell/Jumped From Motor Vehicle,On Roadway,Entrance/Exit Ramp,N,Not at Intersection,Turnpike/Toll,Paved,Dry,None, , ,None, , ,N,N, , , , ,0,1,0,0,0,0,0,1,0,0,0,0,0.000000000000000,0.000000000000000,0,4,0,7500,"Mapped, On Network",-81.264951265199997,28.572737784000001,667020.266544000012800,510363.176258000021335,6/21/2019 7:08:49 PM,2531_6046
3121,3122,1,3121,21937,88037730,FHPD19OFF029095,FHP,Short,3/31/2019 0:00:00,10:26 PM,Orlando,Orange,STATE ROAD 417 (CENTRAL FLORIDA GREENEWAY),US 441 (ORANGE BLOSSOM TRAIL),0, ,Rear End,2,0,0,0,N,Y,N,6000.000000000000000,Clear,Dark - Lighted,0,Rear End,N,Property Damage Only,N,Front to Rear,Motor Vehicle in Transport,On Roadway,Non-Junction,N,Not at Intersection,State,Paved,Dry,None, , ,None, , ,N,Y,Lane Closure,Transition Area,Y,Y,0,0,0,0,0,0,0,0,0,0,0,0,0.000000000000000,0.000000000000000,0,1,0,6000,"Mapped, On Network",-81.412764463299993,28.375151982999999,653051.930281999986619,488113.440645999973640,6/20/2019 10:27:52 PM,8107_8280
3122,3123,1,3122,21961,88914793,2019-00145797,Orlando PD,Long,4/18/2019 0:00:00,09:00 AM,Orlando,Orange,SR 408 WEST,CRYSTAL LAKE DR. (EXIT RAMP),200,West,Rear End,4,0,0,1,N,N,N,3900.000000000000000,Clear,Daylight,0,Rear End,W,Injury,Y,Front to Rear,Motor Vehicle in Transport,On Roadway,Non-Junction,N,Not at Intersection,State,Paved,Dry,None, , ,None, , ,N,N, , , , ,0,0,0,0,0,0,0,0,1,0,0,0,1.000000000000000,0.000000000000000,0,0,0,3900,"Mapped, On Network",-81.344960895699998,28.538459087300001,659292.183403000002727,506386.497033999999985,6/20/2019 12:15:49 PM,8353_6185
3123,3124,1,3123,22024,88909929,2019-00094848,Orlando PD,Long,3/11/2019 0:00:00,06:20 PM,Orlando,Orange,EAST WEST EXPRESSWAY (SR 408 EB),S TAMPA AV,0, ,Rear End,2,0,0,0,N,N,N,6000.000000000000000,Clear,Daylight,0,Rear End,E,Property Damage Only,Y,Front to Rear,Motor Vehicle in Transport,On Roadway,Non-Junction,N,Not at Intersection,State,Paved,Dry,None, , ,None, , ,N,N, , , , ,0,0,1,0,0,0,0,0,0,0,0,0,0.000000000000000,0.000000000000000,0,0,0,6000,"Mapped, On Network",-81.408298552199994,28.538377309299999,653107.715251000015996,506245.825889999978244,5/31/2019 9:35:00 AM,8213_8169
3124,3125,1,3124,22171,88089925,FHPD19OFF020848,FHP,Long,3/7/2019 0:00:00,01:05 AM,Unincorporated,Orange,STATE ROAD 417 (CENTRAL FLORIDA GREENEWAY),LANDSTAR BOULEVARD,500,East,Angle,2,0,0,2,N,N,N,8000.000000000000000,Clear,Dark - Lighted,0,Right Angle,NE,Injury,N,Front to Rear,Motor Vehicle in Transport,On Roadway,Non-Junction,N,Not at Intersection,State,Paved,Dry,None, , ,None, , ,N,N, , , , ,0,0,1,0,0,0,0,0,2,0,0,0,2.000000000000000,0.000000000000000,0,1,0,8000,"Mapped, On Network",-81.365206247600000,28.368833903900001,657717.786314000026323,487510.425737000012305,5/30/2019 3:59:58 PM,7997_8466
3125,3126,1,3125,22202,88914811,2019-00144322,Orlando PD,Long,4/17/2019 0:00:00,08:59 AM,Orlando,Orange,SR 408 EAST,SR 500 (S ORANGE BLOSSOM TL),600,West,Rear End,2,0,0,1,N,N,N,3600.000000000000000,Clear,Daylight,0,Rear End,E,Injury,Y,Front to Rear,Motor Vehicle in Transport,On Roadway,Non-Junction,N,Not at Intersection,State,Paved,Dry,None, , ,None, , ,N,N, , , , ,0,0,0,0,0,0,0,0,1,0,0,0,1.000000000000000,0.000000000000000,0,1,0,3600,"Mapped, On Network",-81.400858015799997,28.535096106299999,653841.936713999952190,505896.803830999997444,6/20/2019 12:15:26 PM,8169_8242
3126,3127,1,3126,22203,88914974,2019-00145825,Orlando PD,Short,4/18/2019 0:00:00,09:15 AM,Orlando,Orange,SR 408 WEST,S. CRYSTAL LAKE DR,1000,West,Rear End,2,0,0,0,N,N,N,3500.000000000000000,Clear,Daylight,0,Rear End,W,Property Damage Only,Y,Front to Rear,Motor Vehicle in Transport,On Roadway,Non-Junction,N,Not at Intersection,State,Paved,Dry,None, , ,None, , ,N,N, , , , ,0,0,0,0,0,0,0,0,0,0,0,0,0.000000000000000,0.000000000000000,0,0,0,3500,"Mapped, On Network",-81.347081884999994,28.538410362600001,659085.195114000001922,506376.629109999979846,6/19/2019 1:09:04 PM,6185_8318
3127,3128,1,3127,22255,88914538,2019-00135982,Orlando PD,Long,4/11/2019 0:00:00,08:05 AM,Orlando,Orange,SR 528 WBO,SR 551 (S GOLDENROD RD) ENTRANCE RAMP,500,East,Rear End,2,0,0,1,N,Y,N,7000.000000000000000,Clear,Daylight,0,Rear End,W,Injury,Y,Front to Rear,Motor Vehicle in Transport,On Roadway,Non-Junction,N,Not at Intersection,State,Paved,Dry,None, , ,None, , ,N,N, , , , ,0,0,0,0,0,0,0,1,0,0,0,0,0.000000000000000,0.000000000000000,0,1,0,7000,"Mapped, On Network",-81.340337155800000,28.450759231999999,659953.718726000050083,496658.881218999973498,6/21/2019 7:54:23 PM,11452_8329
3128,3129,1,3128,22262,88914830,2019-00136211,Orlando PD,Long,4/12/2019 0:00:00,10:50 AM,Orlando,Orange,SR 408 WBO,SR 408 WBO EXIT RAMP TO I4 WBO,100,East,Rear End,4,0,0,1,N,Y,N,2000.000000000000000,Clear,Daylight,0,Rear End,W,Injury,Y,Front to Rear,Motor Vehicle in Transport,On Roadway,Entrance/Exit Ramp,N,Not at Intersection,State,Paved,Dry,None, , ,None, , ,N,Y,Work on Shoulder or Median,Activity Area,Y,N,0,0,0,0,0,0,0,1,0,0,0,0,0.000000000000000,0.000000000000000,0,0,0,2000,"Mapped, On Network",-81.388669205900001,28.535129569300000,655032.085294999997132,505925.668668000027537,6/20/2019 12:15:00 PM,8267_6679
3129,3130,1,3129,22275,87246735,FHPD19OFF034737,FHP,Long,4/17/2019 0:00:00,12:24 PM,Orlando,Orange,STATE ROAD 417,MOSS PARK RD,0,North,Rear End,3,0,0,0,N,N,N,3650.000000000000000,Clear,Daylight,0,Rear End,N,Property Damage Only,Y,Front to Rear,Cargo/Equipment Loss or Shift,Off Roadway,Non-Junction,N,Not at Intersection,Turnpike/Toll,Paved,Dry,None, , ,None, , ,N,N, , , , ,0,0,0,0,0,0,0,0,0,0,0,0,0.000000000000000,0.000000000000000,0,0,0,3650,"Mapped, On Network",-81.227045707000002,28.418627631000000,671105.158904999960214,493335.269200999988243,6/19/2019 1:20:01 PM,8533_8540
3130,3131,1,3130,22276,87246734,FHPD19OFF034649,FHP,Long,4/17/2019 0:00:00,07:31 AM,Orlando,Orange,STATE ROAD 408,STATE ROAD 417,100,East,Unknown,3,0,0,0,N,N,N,9000.000000000000000,Clear,Daylight,0,Unknown, ,Property Damage Only,Y,Angle,Motor Vehicle in Transport,On Roadway,Through Roadway,N,Not at Intersection,Turnpike/Toll,Paved,Dry,None, , ,None, , ,N,N, , , , ,0,0,0,0,0,0,0,0,0,0,0,0,0.000000000000000,0.000000000000000,0,2,0,9000,"Mapped, On Network",-81.252288003399997,28.547555510599999,668318.674786000046879,507594.719848999986425,6/19/2019 1:20:55 PM,8013_8024
3131,3132,1,3131,22285,87246736,FHPD19OFF037373,FHP,Short,4/25/2019 0:00:00,11:53 AM,Orlando,Orange,STATE ROAD 408,MM 7,0, ,Sideswipe,2,0,0,0,N,N,N,4000.000000000000000,Clear,Daylight,0,Same Direction Sideswipe,W,Property Damage Only,Y,"Sideswipe, Same Direction",Motor Vehicle in Transport,On Roadway,Through Roadway,N,Not at Intersection,Turnpike/Toll,Paved,Dry,None, , ,None, , ,N,N, , , , ,0,0,0,0,0,0,0,0,0,0,0,0,0.000000000000000,0.000000000000000,0,1,0,4000,"Mapped, On Network",-81.416983333299996,28.545011820100001,652244.244231999968179,506964.669476000010036,6/5/2019 3:09:03 PM,8215_6440
3132,3133,1,3132,22354,88021454,FHPK19OFF018695,FHP,Long,4/2/2019 0:00:00,06:33 AM,Unincorporated,Orange,STATE ROAD 429 (DANIEL WEBSTER WESTERN BLTWY),MILE MARKER 22,0, ,Sideswipe,2,0,0,1,N,N,N,17500.000000000000000,Clear,Dark - Lighted,0,Same Direction Sideswipe,S,Injury,N,Other,Motor Vehicle in Transport,On Roadway,Non-Junction,N,Not at Intersection,Turnpike/Toll,Paved,Dry,None, , ,None, , ,N,N, , , , ,0,0,0,0,0,0,0,0,1,0,0,0,0.000000000000000,0.000000000000000,0,1,4500,13000,"Mapped, On Network",-81.557457989800000,28.535914849899999,638548.060403999988921,505675.062187000003178,5/30/2019 3:54:35 PM,8524_6989
3133,3134,1,3133,22417,88064866,FHPD19OFF025522,FHP,Long,3/21/2019 0:00:00,09:12 AM,Orlando Expwy Auth,Orange,STATE ROAD 417 NB OFF RAMP MM32,STATE ROAD 408 WB,0, ,Off Road,1,0,0,0,N,N,N,4000.000000000000000,Clear,Daylight,0,Off Road,N,Property Damage Only,Y,Other,Guardrail End,On Roadway,Entrance/Exit Ramp,N,Not at Intersection,Turnpike/Toll,Paved,Dry,None, , ,None, , ,N,N, , , , ,0,0,0,0,0,0,0,0,0,0,0,0,0.000000000000000,0.000000000000000,0,0,1000,3000,"Mapped, On Network",-81.258346447500003,28.547902157199999,667726.299334999988787,507620.039472999982536,3/28/2019 4:42:48 PM,11876_8570
3134,3135,1,3134,22469,85204411,FHPD19OFF036967,FHP,Short,4/24/2019 0:00:00,08:20 AM,Unincorporated,Orange,STATE ROAD 408,STATE ROAD 423,5280,West,Rear End,2,0,0,0,N,N,N,800.000000000000000,Clear,Daylight,0,Rear End,E,Property Damage Only,N,Front to Rear,Motor Vehicle in Transport,On Roadway,Non-Junction,N,Not at Intersection,State,Paved,Dry,None, , ,None, , ,N,N, , , , ,0,0,0,0,0,0,0,0,0,0,0,0,0.000000000000000,0.000000000000000,0,1,0,800,"Mapped, On Network",-81.412536851100000,28.541805330999999,652685.872714000055566,506617.751818999997340,6/5/2019 3:09:48 PM,8217_8215
3135,3136,1,3135,22536,88083265,FHPD19OFF035639,FHP,Long,4/19/2019 0:00:00,05:44 PM,Orlando Expwy Auth,Orange,SR417,32MM,0, ,Rear End,2,0,0,0,N,N,N,6000.000000000000000,Rain,Daylight,0,Rear End,N,Property Damage Only,N,Front to Rear,Motor Vehicle in Transport,On Roadway,Non-Junction,N,Not at Intersection,Turnpike/Toll,Paved,Wet,None, , ,None, , ,N,N, , , , ,0,0,0,0,0,0,0,0,0,0,0,0,0.000000000000000,0.000000000000000,0,0,0,6000,"Mapped, On Network",-81.250869187000006,28.537278587100001,668482.643562000012025,506456.779069999989588,6/12/2019 1:10:11 PM,6689_11878
3136,3137,1,3136,22572,88914518,2019-00155937,Orlando PD,Short,4/25/2019 0:00:00,12:12 PM,Orlando,Orange,SR 408 WBO,MILLS AVE EXIT RAMP,1000,East,Rear End,2,0,0,0,N,N,N,5000.000000000000000,Clear,Daylight,0,Rear End,W,Property Damage Only,Y,Front to Rear,Motor Vehicle in Transport,On Roadway,Non-Junction,N,Not at Intersection,State,Paved,Dry,None, , ,None, , ,N,N, , , , ,0,0,0,0,0,0,0,0,0,0,0,0,0.000000000000000,0.000000000000000,0,0,0,5000,"Mapped, On Network",-81.361028470999997,28.538019867300001,657724.301622000057250,506304.047308999986853,6/24/2019 2:06:15 PM,8309_8313
3137,3138,1,3137,22576,88915676,2019-00157401,Orlando PD,Long,4/26/2019 0:00:00,11:24 AM,Orlando,Orange,SR 408 WEST,INTERSTATE 4 WEST (SR 400) ENTRANCE RAMP,1500,East,Rear End,3,0,0,0,N,N,N,6000.000000000000000,Rain,Daylight,0,Rear End,W,Property Damage Only,Y,Front to Rear,Motor Vehicle in Transport,On Roadway,Entrance/Exit Ramp,Y,Not at Intersection,State,Curb,Wet,None, , ,None, , ,N,N, , , , ,0,0,1,0,0,0,0,0,0,0,0,0,0.000000000000000,0.000000000000000,0,0,0,6000,"Mapped, On Network",-81.379235287499995,28.535637795200000,655952.098250000039116,506001.643340000009630,6/24/2019 2:06:59 PM,6230_8274
3138,3139,1,3138,22577,88914827,2019-00160916,Orlando PD,Long,4/29/2019 0:00:00,08:19 AM,Orlando,Orange,EAST/WEST EXPRESSWAY (SR 408),S CRYSTAL LAKE DR,100,East,Rear End,2,0,0,1,N,N,N,8000.000000000000000,Clear,Daylight,0,Rear End,W,Injury,Y,Front to Rear,Motor Vehicle in Transport,On Roadway,Non-Junction,N,Not at Intersection,State,Paved,Dry,None, , ,None, , ,N,N, , , , ,0,0,0,0,0,0,0,1,0,0,0,0,0.000000000000000,0.000000000000000,0,1,0,8000,"Mapped, On Network",-81.343369314399993,28.538474069900001,659447.557984999963082,506391.508154999988619,6/24/2019 2:07:23 PM,8353_6185
3139,3140,1,3139,22589,88064864,FHPD19OFF025194,FHP,Long,3/20/2019 0:00:00,06:56 AM,Orlando Expwy Auth,Orange,STATE ROAD 528 WB MM9,VIA FLORA,0,East,Sideswipe,2,0,0,0,N,N,N,2050.000000000000000,Cloudy,Dark - Lighted,0,Same Direction Sideswipe,W,Property Damage Only,Y,"Sideswipe, Same Direction",Motor Vehicle in Transport,On Roadway,Non-Junction,N,Not at Intersection,Turnpike/Toll,Paved,Wet,Road Surface Condition, , ,None, , ,N,N, , , , ,0,0,1,0,0,0,0,0,0,0,0,0,0.000000000000000,0.000000000000000,0,1,0,2050,"Mapped, On Network",-81.338492529099994,28.450876929000000,660133.701260000001639,496675.839111000008415,3/28/2019 4:46:55 PM,8336_11452
3140,3141,1,3140,22608,88071825,FHPK19OFF020480,FHP,Long,4/10/2019 0:00:00,05:26 PM,Ocoee,Orange,STATE ROAD 429(DANIEL WEBSTER WAY),STATE ROAD 91 (FLORIDAS TURNPIKE),0,North,Rear End,3,0,0,5,N,N,N,33000.000000000000000,Cloudy,Daylight,0,Rear End,N,Injury,N,Front to Rear,Motor Vehicle in Transport,On Roadway,Non-Junction,Y,Not at Intersection,Interstate,Unpaved,Dry,None, , ,None, , ,N,N, , , , ,0,0,2,0,0,0,0,3,2,0,0,0,4.000000000000000,0.000000000000000,0,1,0,33000,"Mapped, On Network",-81.558841387000001,28.552678478600001,638376.117991999955848,507533.720619000028819,6/12/2019 10:38:12 AM,8522_8498
3141,3142,1,3141,22691,88914394,2019-00133388,Orlando PD,Long,4/9/2019 0:00:00,12:18 PM,Orlando,Orange,SR 408 EBO,TAMPA AV EXIT,100,East,Other,2,0,0,0,N,N,N,15000.000000000000000,Clear,Daylight,0,Other,E,Property Damage Only,Y,Angle,Motor Vehicle in Transport,On Roadway,Non-Junction,N,Not at Intersection,State,Paved,Dry,None, , ,None, , ,N,N, , , , ,0,0,0,0,0,0,0,0,0,0,0,0,0.000000000000000,0.000000000000000,0,2,1000,14000,"Mapped, On Network",-81.406768218200000,28.537193313200000,653259.911864000023343,506117.507235999975819,6/4/2019 1:47:38 PM,8169_8242
3142,3143,1,3142,22743,85204540,FHPD19OFF032785,FHP,Long,4/11/2019 0:00:00,05:43 PM,Orlando Expwy Auth,Orange,STATE ROAD 528 EASTBOUND,STATE ROAD 551,100,East,Rear End,2,0,0,2,N,N,N,5500.000000000000000,Clear,Daylight,0,Rear End,E,Injury,N,Front to Rear,Motor Vehicle in Transport,On Roadway,Non-Junction,N,Not at Intersection,State,Paved,Dry,None, , ,None, , ,N,N, , , , ,0,0,0,0,0,0,0,2,0,0,0,0,0.000000000000000,0.000000000000000,0,1,0,5500,"Mapped, On Network",-81.286012198400002,28.449120343400001,665266.561483999947086,496592.605521999998018,5/16/2019 2:39:58 PM,8186_8176
3143,3144,1,3143,22909,88912172,2019-00135235,Orlando PD,Long,4/10/2019 0:00:00,05:30 PM,Orlando,Orange,SR 408 WEST,INTERSTATE 4 WBO EXIT RAMP,0, ,Rear End,2,0,0,1,N,N,N,2500.000000000000000,Clear,Daylight,0,Rear End,W,Injury,Y,Front to Rear,Motor Vehicle in Transport,On Roadway,Entrance/Exit Ramp,N,Not at Intersection,State,Paved,Dry,None, , ,None, , ,N,N, , , , ,0,0,1,0,0,0,0,1,0,0,0,0,0.000000000000000,0.000000000000000,0,0,0,2500,"Mapped, On Network",-81.374804434799998,28.536976711900000,656381.598632000037469,506159.508711999980733,6/20/2019 12:13:58 PM,6737_6230
3144,3145,1,3144,22927,88123999,FHPD19OFF031536,FHP,Long,4/8/2019 0:00:00,09:02 AM,Orlando,Orange,STATE ROAD 417 SOUTHBOUND,MILE MARKER 15,0, ,Rear End,2,0,0,0,N,Y,N,5000.000000000000000,Clear,Daylight,0,Rear End,S,Property Damage Only,N,Front to Rear,Motor Vehicle in Transport,On Roadway,Non-Junction,N,Not at Intersection,Turnpike/Toll,Paved,Dry,None, , ,None, , ,N,N, , , , ,0,0,0,0,0,0,0,0,0,0,0,0,0.000000000000000,0.000000000000000,0,1,0,5000,"Mapped, On Network",-81.351294872799997,28.368897332200000,659078.143335000029765,487546.618711000017356,6/12/2019 12:59:46 PM,8466_7095
3145,3146,1,3145,23069,88137416,FHPD19OFF053310,FHP,Long,6/12/2019 0:00:00,03:34 PM,Orlando Expwy Auth,Orange,STATE RD 417,LEE VISTA BLVD,200,South,Other,2,0,0,0,N,N,N,9000.000000000000000,Rain,Daylight,0,Other,N,Property Damage Only,N,Angle,Other Non-Collision,On Roadway,Non-Junction,N,Not at Intersection,Turnpike/Toll,Paved,Wet,Road Surface Condition, , ,Weather Conditions, , ,N,N, , , , ,0,0,0,0,0,0,0,0,0,0,0,0,0.000000000000000,0.000000000000000,0,1,1500,7500,"Mapped, On Network",-81.238893172399997,28.475724965400001,669805.085603000014089,499648.717780000006314,6/19/2019 4:43:53 PM,8544_8386
3146,3147,1,3146,23160,88913243,2019-00139753,Orlando PD,Long,4/13/2019 0:00:00,08:48 PM,Orlando,Orange,EW EBO,SR 436,0, ,Off Road,2,0,0,1,N,N,N,6000.000000000000000,Clear,Dark - Lighted,0,Off Road,E,Injury,Y,Angle,Concrete Traffic Barrier,Shoulder,Non-Junction,N,Not at Intersection,Turnpike/Toll,Paved,Dry,Obstruction in Roadway, , ,None, , ,N,N, , , , ,0,0,0,0,0,0,0,1,0,0,0,0,1.000000000000000,0.000000000000000,0,0,0,6000,"Mapped, On Network",-81.312826664300005,28.539437229800001,662427.564586000051349,506563.076890000025742,6/12/2019 12:19:39 PM,6301_6218
3147,3148,1,3147,23361,88915503,2019-00222752,Orlando PD,Long,6/13/2019 0:00:00,08:43 AM,Orlando,Orange,SR 408 WEST,I4 WEST ENTRANCE RAMP,200,East,Sideswipe,2,0,0,0,N,N,N,4700.000000000000000,Cloudy,Daylight,0,Same Direction Sideswipe,W,Property Damage Only,Y,Other,Motor Vehicle in Transport,On Roadway,Entrance/Exit Ramp,N,Not at Intersection,State,Paved,Dry,None, , ,None, , ,N,Y,Work on Shoulder or Median,Activity Area,Y,N,0,0,1,0,0,0,0,0,0,0,0,0,0.000000000000000,0.000000000000000,0,1,0,4700,"Mapped, On Network",-81.382368054799997,28.535281152600000,655647.029046999989077,505955.546502000011969,6/24/2019 2:20:54 PM,8274_8272
3148,3149,1,3148,23410,88040214,FHPK19OFF027076,FHP,Long,5/11/2019 0:00:00,06:10 PM,Winter Garden,Orange,STATE ROAD 429,MM17,0, ,Rear End,2,0,0,1,N,N,N,4100.000000000000000,Cloudy,Daylight,0,Rear End,S,Injury,N,Front to Rear,Motor Vehicle in Transport,On Roadway,Non-Junction,N,Not at Intersection,Turnpike/Toll,Paved,Dry,None, , ,None, , ,N,N, , , , ,0,0,8,0,0,0,0,1,0,0,0,0,0.000000000000000,0.000000000000000,0,2,0,4100,"Mapped, Not On Network",-81.616699999999994,28.499180049300001,632841.828867999953218,501482.990501000022050,6/24/2019 2:22:22 PM,6763_6186
3149,3150,1,3149,23445,88027279,FHPD19OFF053626,FHP,Long,6/13/2019 0:00:00,03:30 PM,Orlando Expwy Auth,Orange,SR-417,SR-408,1000,South,Rear End,2,0,0,0,N,N,N,1000.000000000000000,Rain,Daylight,0,Rear End,S,Property Damage Only,N,Front to Rear,Motor Vehicle in Transport,On Roadway,Non-Junction,N,Not at Intersection,Turnpike/Toll,Paved,Wet,None, , ,None, , ,N,Y,Work on Shoulder or Median,Transition Area,N,N,0,0,1,0,0,0,0,0,0,0,0,0,0.000000000000000,0.000000000000000,0,0,0,1000,"Mapped, On Network",-81.252277049400007,28.541106870699998,668335.700592000037432,506878.762442999985069,6/19/2019 4:45:54 PM,6251_11709
3150,3151,1,3150,23544,88124018,FHPD19OFF046590,FHP,Long,5/22/2019 0:00:00,05:59 PM,Orlando Expwy Auth,Orange,STATE ROAD 417 NORTHBOUND,MILE MARKER 7,0, ,Rear End,2,0,0,1,N,Y,N,7000.000000000000000,Clear,Daylight,0,Rear End,N,Injury,N,Front to Rear,Motor Vehicle in Transport,On Roadway,Non-Junction,N,Not at Intersection,Turnpike/Toll,Paved,Dry,None, , ,None, , ,N,N, , , , ,0,0,0,0,0,0,0,1,0,0,0,0,1.000000000000000,0.000000000000000,0,1,0,7000,"Mapped, On Network",-81.458126748200002,28.355714110299999,648660.271162000019103,485862.920097999973223,6/24/2019 11:40:47 AM,7010_6916
3151,3152,1,3151,23625,88918296,2019-00222698,Orlando PD,Long,6/13/2019 0:00:00,07:59 AM,Orlando,Orange,SR408 WEST,S SEMORAN BV EXIT RAMP,1000,East,Rear End,2,0,0,0,N,N,N,4000.000000000000000,Cloudy,Daylight,0,Rear End,W,Property Damage Only,Y,Front to Rear,Motor Vehicle in Transport,On Roadway,Non-Junction,N,Not at Intersection,State,Paved,Dry,None, , ,None, , ,N,N, , , , ,0,0,1,0,0,0,0,0,0,0,0,0,0.000000000000000,0.000000000000000,0,0,0,4000,"Mapped, On Network",-81.304603827600005,28.539660851499999,663229.930868000024930,506605.431396000029054,6/24/2019 2:31:44 PM,6883_8376
3152,3153,1,3152,23629,88917547,2019-00228450,Orlando PD,Long,6/17/2019 0:00:00,06:15 PM,Orlando,Orange,(SR 408) EW EBO,MILLS AV,0, ,Other,1,0,0,0,N,N,N,5000.000000000000000,Rain,Daylight,0,Single Vehicle,E,Property Damage Only,Y,Other,Motor Vehicle in Transport,On Roadway,Non-Junction,N,Not at Intersection,State,Paved,Wet,None, , ,None, , ,N,N, , , , ,0,0,0,0,0,0,0,0,0,0,0,0,0.000000000000000,0.000000000000000,0,0,0,5000,"Mapped, On Network",-81.364469745600005,28.537081359700000,657390.502307999995537,506192.656825000012759,6/25/2019 3:44:51 PM,8305_8315