FID,OBJECTID_1,Join_Count,TARGET_FID,OBJECTID,HSMV_Repor,Agency_Rep,Reporting_,Form_Type,Crash_Date,Crash_Time,City,County,Crash_Stre,Intersecti,Offset_Dis,Offset_Dir,Crash_Type,Vehicles,Non_Motori,Fatalities,Injuries,Alcohol_Re,Distractio,Drug_Relat,Estimated_,Weather_Co,Light_Cond,Street_Num,Crash_Ty_1,Crash_Ty_2,Crash_Seve,Within_Cit,Manner_of_,First_Harm,First_HE_L,First_HE_R,First_HE_W,Type_of_In,Road_Sys_I,Type_of_Sh,Road_Surf_,Contrib_Ci,Contrib__1,Contrib__2,Contrib__3,Contrib__4,Contrib__5,School_Bus,Work_Zone_,Type_of_Wo,Loc_in_Wor,Workers_in,Law_Enforc,Mopeds,Motorcycle,Passengers,Bicyclists,Pedestrian,Fataliti_1,Injuries_U,Possible_I,Non_Incapa,Incapacita,Fataliti_2,Non_Traffi,Transporte,Transpor_1,Transpor_2,Citations,Property_D,Vehicle_Dm,S4_Mapping,S4_Decimal,S4_Decim_1,S4_Albers_,S4_Albers1,S4_Mappi_1,zone_id_st
3230,3231,1,3230,25605,88138460,FHPD19OFF053829,FHP,Long,6/14/2019 0:00:00,07:07 AM,Orlando Expwy Auth,Orange,SR408,15MM,0, ,Off Road,1,0,0,0,N,N,N,6000.000000000000000,Clear,Daylight,0,Off Road,E,Property Damage Only,N,Other,Concrete Traffic Barrier,Off Roadway,Non-Junction,N,Not at Intersection,Turnpike/Toll,Paved,Dry,None, , ,None, , ,N,N, , , , ,0,0,0,0,0,0,0,0,0,0,0,0,0.000000000000000,0.000000000000000,0,1,0,6000,"Mapped, On Network",-81.300007515999994,28.539503254900001,663679.113974999985658,506597.753318000002764,6/25/2019 12:10:35 PM,6235_6881
3231,3232,1,3231,25646,84505758,FHPD19OFF042759,FHP,Long,5/10/2019 0:00:00,09:27 PM,Orlando,Orange,SR528 (BEACHLINE),SR 520,15840,West,Rear End,3,0,0,6,N,N,N,9000.000000000000000,Clear,Dark - Lighted,0,Rear End,E,Injury,N,Front to Rear,Motor Vehicle in Transport,On Roadway,Non-Junction,N,Not at Intersection,State,Paved,Dry,None, , ,None, , ,N,N, , , , ,0,0,4,0,0,0,0,6,0,0,0,0,0.000000000000000,0.000000000000000,0,1,0,9000,"Mapped, On Network",-81.019379240000006,28.452344387299998,691313.901869999943301,497552.286133999994490,6/21/2019 8:51:33 PM,7008_7061
3232,3233,1,3232,25664,89213434,2019-00256999,Orlando PD,Short,7/9/2019 0:00:00,08:37 AM,Orlando,Orange,SR528 WEST,SR551 (S GOLDENROD RD),500,East,Rear End,3,0,0,0,N,N,N,2200.000000000000000,Clear,Daylight,0,Rear End,W,Property Damage Only,Y,Front to Rear,Motor Vehicle in Transport,On Roadway,Non-Junction,N,Not at Intersection,State,Paved,Dry,None, , ,None, , ,N,N, , , , ,0,0,0,0,0,0,0,0,0,0,0,0,0.000000000000000,0.000000000000000,0,0,0,2200,"Mapped, On Network",-81.284368815099995,28.449023252700002,665427.398083999985829,496585.361808000016026,7/25/2019 2:17:09 PM,8172_8180
3233,3234,1,3233,25720,88137418,FHPD19OFF053598,FHP,Long,6/13/2019 0:00:00,02:07 PM,Orlando Expwy Auth,Orange,STATE RD. 429,WEST RD,0,North,Other,2,0,0,0,N,N,N,7500.000000000000000,Cloudy,Daylight,0,Other,S,Property Damage Only,N,Other,Other Non-Collision,On Roadway,Non-Junction,N,Not at Intersection,Turnpike/Toll,Paved,Wet,Road Surface Condition, , ,Weather Conditions, , ,N,N, , , , ,0,0,0,0,0,0,0,0,0,0,0,0,0.000000000000000,0.000000000000000,0,0,2000,5500,"Mapped, On Network",-81.538949184200007,28.603978937299999,640204.615701999980956,513268.394642000028398,6/25/2019 12:26:26 PM,8458_8393
3234,3235,1,3234,25721,88137417,FHPD19OFF053585,FHP,Long,6/13/2019 0:00:00,01:34 PM,Orlando Expwy Auth,Orange,STATE RD 528 EXIT RAMP,STATE RD 15 NARCOOSSEE RD,20,West,Rear End,2,0,0,0,N,N,N,3150.000000000000000,Cloudy,Daylight,0,Rear End,E,Property Damage Only,N,Front to Rear,Motor Vehicle in Transport,On Roadway,Entrance/Exit Ramp,N,Four-Way Intersection,Turnpike/Toll,Paved,Wet,Road Surface Condition, , ,Weather Conditions, , ,N,N, , , , ,0,0,4,0,0,0,0,0,0,0,0,0,0.000000000000000,0.000000000000000,0,1,0,3150,"Mapped, On Network",-81.270390622999997,28.448429817499999,666794.870980000006966,496549.637825999991037,6/25/2019 3:59:24 PM,6156_8052
3235,3236,1,3235,25743,88138468,FHPD19OFF059564,FHP,Short,7/1/2019 0:00:00,04:16 PM,Orlando Expwy Auth,Orange,SR417,30MM,0, ,Sideswipe,2,0,0,0,N,N,N,4000.000000000000000,Clear,Daylight,0,Same Direction Sideswipe,S,Property Damage Only,N,"Sideswipe, Same Direction",Motor Vehicle in Transport,On Roadway,Non-Junction,N,Not at Intersection,Turnpike/Toll,Paved,Dry,None, , ,None, , ,N,N, , , , ,0,0,0,0,0,0,0,0,0,0,0,0,0.000000000000000,0.000000000000000,0,0,0,4000,"Mapped, On Network",-81.250653138499999,28.517012415200000,668553.915227000019513,504207.129590999975335,7/25/2019 12:13:02 PM,6968_8555
3236,3237,1,3236,25757,88916207,2019-00189768,Orlando PD,Long,5/19/2019 0:00:00,11:37 PM,Orlando,Orange,S.R. 408 WESTBOUND,S  SEMORAN BLVD (S.R. 436),1500,West,Other,2,0,0,1,N,N,N,30000.000000000000000,Clear,Dark - Lighted,0,Parked Vehicle,W,Injury,Y,Front to Rear,Motor Vehicle in Transport,Shoulder,Other,N,Not at Intersection,State,Paved,Dry,None, , ,None, , ,N,N, , , , ,0,0,2,0,0,0,1,1,0,0,0,0,1.000000000000000,0.000000000000000,0,1,0,30000,"Mapped, On Network",-81.315384926400000,28.539770222600001,662176.960870999959297,506594.607245000021067,5/22/2019 1:27:53 PM,8188_6226
3237,3238,1,3237,25831,88138469,FHPD19OFF061269,FHP,Long,7/7/2019 0:00:00,02:54 AM,Orlando Expwy Auth,Orange,SR408,17MM,0, ,Off Road,1,0,0,1,N,N,N,5300.000000000000000,Clear,Dark - Lighted,0,Off Road,E,Injury,N,Other,Guardrail Face,Off Roadway,Non-Junction,N,Not at Intersection,Turnpike/Toll,Paved,Wet,None, , ,None, , ,N,N, , , , ,0,0,0,0,0,0,0,0,1,0,0,0,1.000000000000000,0.000000000000000,0,0,300,5000,"Mapped, On Network",-81.267574599900001,28.547270373700002,666826.859660999965854,507529.892070000001695,7/24/2019 11:42:35 AM,8412_7015
3238,3239,1,3238,25832,88137429,FHPD19OFF061970,FHP,Short,7/9/2019 0:00:00,08:40 AM,Orlando Expwy Auth,Orange,STATE RD 408,STATE RD 551,200,West,Rear End,2,0,0,0,N,N,N,1250.000000000000000,Clear,Daylight,0,Rear End,W,Property Damage Only,N,Front to Rear,Motor Vehicle in Transport,On Roadway,Non-Junction,N,Not at Intersection,Turnpike/Toll,Paved,Dry,None, , ,None, , ,N,N, , , , ,0,0,0,0,0,0,0,0,0,0,0,0,0.000000000000000,0.000000000000000,0,1,0,1250,"Mapped, On Network",-81.280234881300004,28.543357669100001,665600.341526999953203,507068.138384999998379,7/25/2019 3:21:51 PM,6918_8406
3239,3240,1,3239,25833,88137428,FHPD19OFF061629,FHP,Short,7/8/2019 0:00:00,07:43 AM,Orlando Expwy Auth,Orange,STATE RD 408,STATE RD 417,50,East,Rear End,2,0,0,0,N,N,N,8000.000000000000000,Clear,Daylight,0,Rear End,W,Property Damage Only,N,Front to Rear,Motor Vehicle in Transport,On Roadway,Non-Junction,N,Not at Intersection,Turnpike/Toll,Paved,Dry,None, , ,None, , ,N,Y,Work on Shoulder or Median,Activity Area,Y,N,0,0,1,0,0,0,0,0,0,0,0,0,0.000000000000000,0.000000000000000,0,1,0,8000,"Mapped, On Network",-81.253019912100001,28.547575050999999,668247.166161000030115,507595.297046999970917,7/25/2019 3:22:08 PM,8013_8024
3240,3241,1,3240,25847,88135549,FHPD19OFF050166,FHP,Long,6/2/2019 0:00:00,10:25 PM,Orlando,Orange,STATE ROAD 417,MM33,50,North,Rear End,2,0,0,0,N,N,N,4000.000000000000000,Clear,Dark - Lighted,0,Rear End,N,Property Damage Only,N,Front to Rear,Motor Vehicle in Transport,On Roadway,Non-Junction,N,Not at Intersection,Turnpike/Toll,Paved,Dry,None, , ,None, , ,N,N, , , , ,0,0,1,0,0,0,0,0,0,0,0,0,0.000000000000000,0.000000000000000,0,1,0,4000,"Mapped, On Network",-81.266613985299998,28.555617467699999,666900.104230000055395,508458.736178999999538,7/25/2019 3:22:19 PM,8570_6966
3241,3242,1,3241,25866,88137405,FHPD19OFF048830,FHP,Short,5/29/2019 0:00:00,05:35 PM,Orlando Expwy Auth,Orange,STATE RD 417,STATE RD 15 NARCOOSSEE RD,5280,South,Sideswipe,2,0,0,0,N,N,N,1750.000000000000000,Clear,Daylight,0,Same Direction Sideswipe,S,Property Damage Only,N,"Sideswipe, Same Direction",Motor Vehicle in Transport,On Roadway,Non-Junction,N,Not at Intersection,Turnpike/Toll,Paved,Dry,None, , ,None, , ,N,N, , , , ,0,0,0,0,0,0,0,0,0,0,0,0,0.000000000000000,0.000000000000000,0,1,0,1750,"Mapped, On Network",-81.249930510900001,28.397102538500000,668921.445320999948308,490895.254432999994606,6/21/2019 10:20:49 AM,8510_6855
3242,3243,1,3242,25867,88137402,FHPD19OFF048516,FHP,Short,5/28/2019 0:00:00,05:42 PM,Orlando Expwy Auth,Orange,STATE RD 417,MOSS PARK RD,5280,North,Rear End,2,0,0,0,N,N,N,2250.000000000000000,Clear,Daylight,0,Rear End,S,Property Damage Only,N,Front to Rear,Motor Vehicle in Transport,On Roadway,Non-Junction,N,Not at Intersection,Turnpike/Toll,Paved,Dry,None, , ,None, , ,N,N, , , , ,0,0,0,0,0,0,0,0,0,0,0,0,0.000000000000000,0.000000000000000,0,1,0,2250,"Mapped, On Network",-81.227620000100003,28.421730361800002,671041.274858999997377,493678.498439999995753,6/21/2019 10:21:14 AM,8516_8536
3243,3244,1,3243,25871,88148778,FHPD19OFF052335,FHP,Short,6/9/2019 0:00:00,01:51 PM,Orlando,Orange,S.R. 417 (SBOUND) EXIT RAMP,S.R. 50 (E. COLONIAL DRIVE),5,North,Rear End,2,0,0,0,N,N,N,1200.000000000000000,Clear,Daylight,0,Rear End,S,Property Damage Only,N,Front to Rear,Motor Vehicle in Transport,On Roadway,Entrance/Exit Ramp,Y,T-Intersection,State,Unpaved,Dry,None, , ,None, , ,N,N, , , , ,0,0,1,0,0,0,0,0,0,0,0,0,0.000000000000000,0.000000000000000,0,0,0,1200,"Mapped, Not On Network",-81.412760000199995,28.375160024800000,653052.347999999998137,488114.342699999979232,6/20/2019 11:00:29 PM,8107_8280
3244,3245,1,3244,25912,88917498,2019-00203888,Orlando PD,Short,5/30/2019 0:00:00,07:25 AM,Orlando,Orange,SR 408 WBO,S BUMBY AV ENTRANCE TO SR 408 WBO,500,West,Unknown,3,0,0,0,N,N,N,7000.000000000000000,Clear,Daylight,0,Unknown, ,Property Damage Only,Y,Angle,Motor Vehicle in Transport,On Roadway,Non-Junction,N,Not at Intersection,State,Paved,Dry,None, , ,None, , ,N,N, , , , ,0,0,2,0,0,0,0,0,0,0,0,0,0.000000000000000,0.000000000000000,0,0,0,7000,"Mapped, On Network",-81.356349647900004,28.538373709700000,658180.327316000009887,506353.121853000018746,6/21/2019 10:44:37 AM,6185_8318
3245,3246,1,3245,25919,88156840,FHPD19OFF054427,FHP,Long,6/16/2019 0:00:00,02:35 AM,Orlando,Orange,STATE ROAD 408,EASTBOUND MILE MARKER 16,0, ,Rear End,2,0,0,3,N,N,N,23000.000000000000000,Clear,Dark - Lighted,0,Rear End,E,Injury,N,Front to Rear,Motor Vehicle in Transport,Off Roadway,Non-Junction,N,Not at Intersection,State,Paved,Dry,None, , ,None, , ,N,N, , , , ,0,0,1,0,0,0,0,0,0,3,0,0,3.000000000000000,0.000000000000000,0,1,0,23000,"Mapped, On Network",-81.305882640600004,28.539460378099999,663105.549404000048526,506580.443823000008706,7/1/2019 11:35:16 AM,6218_6235
3246,3247,1,3246,25940,88918404,2019-00237001,Orlando PD,Long,6/24/2019 0:00:00,11:25 AM,Orlando,Orange,SR 408 WEST,INTERSTATE 4 WEST EXIT RAMP,200,East,Sideswipe,2,0,0,0,N,N,N,4500.000000000000000,Cloudy,Daylight,0,Same Direction Sideswipe,W,Property Damage Only,Y,"Sideswipe, Same Direction",Motor Vehicle in Transport,On Roadway,Non-Junction,N,Not at Intersection,State,Paved,Dry,None, , ,None, , ,N,N, , , , ,0,0,5,0,0,0,0,0,0,0,0,0,0.000000000000000,0.000000000000000,0,1,0,4500,"Mapped, On Network",-81.379722397999998,28.535541573900002,655904.759719999972731,505989.948863000026904,7/1/2019 2:36:15 PM,6230_8274
3247,3248,1,3247,25948,88916671,2019-00239839,Orlando PD,Long,6/26/2019 0:00:00,10:42 PM,Orlando,Orange,MARTIN ANDERSEN BEACHLINE EXPRESSWAY (528 EBO),SEMORAN BLVD (436 STATE ROAD),50,West,Other,1,0,0,0,N,N,N,15000.000000000000000,Clear,Daylight,0,Single Vehicle,E,Property Damage Only,Y,Other,Jackknife,On Roadway,Non-Junction,N,Not at Intersection,State,Paved,Dry,None,None,None,None,None,None,N,N, , , , ,0,0,0,0,0,0,0,0,0,0,0,0,0.000000000000000,0.000000000000000,0,0,0,15000,"Mapped, On Network",-81.304481439400007,28.451594724700001,663455.650625000009313,496827.741172000009101,7/25/2019 9:35:44 AM,6664_8199
3248,3249,1,3248,26112,88916644,2019-00196142,Orlando PD,Long,5/24/2019 0:00:00,08:32 AM,Orlando,Orange,SR 408,S ORANGE AVE,1000,East,Rear End,2,0,0,0,N,N,N,4000.000000000000000,Clear,Daylight,0,Rear End,W,Property Damage Only,Y,Front to Rear,Motor Vehicle in Transport,On Roadway,Non-Junction,N,Four-Way Intersection,State,Unpaved,Dry,None, , ,None, , ,N,N, , , , ,0,0,0,0,0,0,0,0,0,0,0,0,0.000000000000000,0.000000000000000,0,0,0,4000,"Mapped, On Network",-81.373164250299993,28.537276085100000,656541.049774999963120,506196.159479000023566,6/21/2019 10:10:03 AM,8313_6737
3249,3250,1,3249,26115,88916094,2019-00197622,Orlando PD,Long,5/25/2019 0:00:00,09:25 AM,Orlando,Orange,SR 417 SBO,NARCOOSSEE RD,5280,South,Other,2,0,0,0,N,N,N,6500.000000000000000,Clear,Daylight,0,Other, ,Property Damage Only,Y,Other,Motor Vehicle in Transport,On Roadway,Non-Junction,N,Not at Intersection,State,Paved,Dry,None, , ,None, , ,N,N, , , , ,0,0,0,0,0,0,0,0,0,0,0,0,0.000000000000000,0.000000000000000,0,0,5000,1500,"Mapped, On Network",-81.260331494400006,28.385334922199998,667933.562813000055030,489566.064751000027172,6/21/2019 10:11:26 AM,6170_8603
3250,3251,1,3250,26121,88917143,2019-00196667,Orlando PD,Long,5/24/2019 0:00:00,04:55 PM,Orlando,Orange,SR 408 WBO,SR 408 WBO EXIT RAMP TO I4 WBO,250,East,Rear End,2,0,0,1,N,Y,N,2250.000000000000000,Clear,Daylight,0,Rear End,W,Injury,Y,Front to Rear,Motor Vehicle in Transport,On Roadway,Entrance/Exit Ramp,N,Not at Intersection,State,Paved,Dry,None, , ,None, , ,N,Y,Work on Shoulder or Median,Activity Area,Y,N,0,0,0,0,0,0,0,1,0,0,0,0,0.000000000000000,0.000000000000000,0,0,0,2250,"Mapped, On Network",-81.382918575199994,28.535278973699999,655593.276518000056967,505954.163390000001527,6/26/2019 2:08:42 PM,8274_8272
3251,3252,1,3251,26162,89213249,2019-00259634,Orlando PD,Short,7/11/2019 0:00:00,09:26 AM,Orlando,Orange,SR 408,SR 400 (I-4),200,East,Rear End,2,0,0,0,N,N,N,2000.000000000000000,Clear,Daylight,0,Rear End,W,Property Damage Only,Y,Front to Rear,Motor Vehicle in Transport,On Roadway,Non-Junction,N,Not at Intersection,State,Paved,Dry,None, , ,None, , ,N,N, , , , ,0,0,2,0,0,0,0,0,0,0,0,0,0.000000000000000,0.000000000000000,0,0,0,2000,"Mapped, On Network",-81.373430326199994,28.537234287699999,656515.167160999961197,506190.965168000024278,7/25/2019 1:32:02 PM,8313_6737
3252,3253,1,3252,26188,88062271,FHPK19OFF029358,FHP,Long,5/22/2019 0:00:00,05:54 PM,Winter Garden,Orange,STATE ROAD 429,REAVES ROAD,250,North,Unknown,2,0,0,1,N,N,N,2500.000000000000000,Clear,Daylight,0,Unknown, ,Injury,N,Angle,Motor Vehicle in Transport,On Roadway,Non-Junction,N,Not at Intersection,Turnpike/Toll,Paved,Dry,None, , ,None, , ,N,N, , , , ,0,0,1,0,0,0,0,1,0,0,0,0,0.000000000000000,0.000000000000000,0,1,0,2500,"Mapped, On Network",-81.562422893700003,28.529743307499999,638076.779254000051878,504980.215069999976549,6/24/2019 11:43:10 AM,6231_8470
3253,3254,1,3253,26197,89214345,2019-00259578,Orlando PD,Short,7/11/2019 0:00:00,08:35 AM,Orlando,Orange,SR 408 WEST,N. MILLS AV. (EXIT RAMP),200,East,Rear End,2,0,0,0,N,N,N,1700.000000000000000,Clear,Daylight,0,Rear End,W,Property Damage Only,Y,Front to Rear,Motor Vehicle in Transport,On Roadway,Non-Junction,N,Not at Intersection,State,Paved,Dry,None, , ,None, , ,N,N, , , , ,0,0,0,0,0,0,0,0,0,0,0,0,0.000000000000000,0.000000000000000,0,1,0,1700,"Mapped, On Network",-81.362021597899997,28.537745459100002,657627.978644000017084,506271.504413000016939,7/25/2019 4:53:10 PM,8309_8313
3254,3255,1,3254,26202,89213845,2019-00258750,Orlando PD,Long,7/10/2019 0:00:00,03:11 PM,Orlando,Orange,SR 408 EAST,S CONWAY RD EXIT RAMP,5,West,Unknown,2,0,0,0,N,N,N,800.000000000000000,Cloudy,Daylight,0,Unknown, ,Property Damage Only,Y,Angle,Motor Vehicle in Transport,On Roadway,Non-Junction,N,Not at Intersection,State,Paved,Dry,None, , ,None, , ,N,N, , , , ,0,0,1,0,0,0,0,0,0,0,0,0,0.000000000000000,0.000000000000000,0,0,0,800,"Mapped, On Network",-81.334566497899999,28.538216086199999,660307.729939999990165,506381.415616000012960,7/25/2019 4:48:47 PM,8355_8348
3255,3256,1,3255,26280,88124954,FHPD19OFF057813,FHP,Short,6/26/2019 0:00:00,12:15 PM,Orlando Expwy Auth,Orange,STATE ROAD 417 NB MM11,JOHN YOUNG PKWY,0,South,Sideswipe,2,0,0,0,N,N,N,2000.000000000000000,Clear,Daylight,0,Same Direction Sideswipe,N,Property Damage Only,Y,"Sideswipe, Same Direction",Motor Vehicle in Transport,On Roadway,Non-Junction,N,Not at Intersection,Turnpike/Toll,Paved,Dry,None, , ,None, , ,N,N, , , , ,0,0,3,0,0,0,0,0,0,0,0,0,0.000000000000000,0.000000000000000,0,1,0,2000,"Mapped, On Network",-81.432377244199998,28.366990830300001,651152.795205999980681,487167.191203999973368,7/25/2019 9:57:19 AM,6959_8287
3256,3257,1,3256,26340,88149278,FHPD19OFF060248,FHP,Long,7/3/2019 0:00:00,06:21 PM,Orlando,Orange,SR 417 (GREENEWAY EXPY) EXIT RAMP,STATE ROAD 423 (JOHN YOUNG PKWY),10,North,Rear End,2,0,0,1,N,Y,N,3000.000000000000000,Cloudy,Daylight,0,Rear End,E,Injury,N,Front to Rear,Motor Vehicle in Transport,On Roadway,Entrance/Exit Ramp,N,Not at Intersection,State,Unpaved,Dry,None, , ,None, , ,N,N, , , , ,0,0,0,0,0,0,0,1,0,0,0,0,0.000000000000000,0.000000000000000,0,1,0,3000,"Mapped, On Network",-81.429908756100005,28.369207927400002,651389.084804999991320,487418.391349999990780,7/24/2019 11:47:07 AM,8287_8107
3257,3258,1,3257,26405,88918189,2019-00223059,Orlando PD,Long,6/13/2019 0:00:00,01:23 PM,Orlando,Orange,SR 408 EAST,TAMPA AVE. EXIT RAMP,500,West,Rear End,2,1,0,2,N,N,Y,8000.000000000000000,Cloudy,Daylight,0,Rear End,E,Injury,Y,Front to Rear,Motor Vehicle in Transport,On Roadway,Non-Junction,N,Not at Intersection,State,Paved,Wet,None, , ,None, , ,N,N, , , , ,0,0,2,0,1,0,0,2,0,0,0,0,1.000000000000000,0.000000000000000,0,0,0,8000,"Mapped, On Network",-81.408784547400003,28.538649185299999,653059.625135999987833,506275.015216000028886,7/1/2019 1:50:57 PM,8213_8169
3258,3259,1,3258,26407,88918411,2019-00233115,Orlando PD,Long,6/21/2019 0:00:00,07:49 AM,Orlando,Orange,SR528 WEST,SR436 (S SEMORAN BV EXIT RAMP),1000,East,Rear End,3,0,0,2,N,N,N,10500.000000000000000,Clear,Daylight,0,Rear End,W,Injury,Y,Front to Rear,Motor Vehicle in Transport,On Roadway,Non-Junction,N,Not at Intersection,State,Paved,Dry,None, , ,None, , ,N,N, , , , ,0,0,0,0,0,0,0,2,0,0,0,0,1.000000000000000,0.000000000000000,0,1,0,10500,"Mapped, On Network",-81.297238332999996,28.451029370899999,664164.843010999960825,496780.465413000027183,7/1/2019 11:15:53 AM,8183_6664
3259,3260,1,3259,26428,88149225,FHPD19OFF050182,FHP,Long,6/3/2019 0:00:00,12:42 AM,Orlando Expwy Auth,Orange,STATE ROAD 408 (EAST-WEST EXPY),MILE MARKER 18,250,East,Off Road,1,0,0,1,N,N,N,19000.000000000000000,Clear,Dark - Lighted,0,Off Road,E,Injury,N,Other,Utility Pole/Light Support,Off Roadway,Non-Junction,N,Not at Intersection,State,Paved,Dry,None, , ,None, , ,N,N, , , , ,0,0,0,0,0,0,0,1,0,0,0,0,0.000000000000000,0.000000000000000,0,0,7000,12000,"Mapped, On Network",-81.250623351100003,28.547314121700001,668481.801580999977887,507571.542073999997228,6/24/2019 11:33:38 AM,8027_6269
3260,3261,1,3260,26613,85597382,FHPD19OFF053496,FHP,Short,6/13/2019 0:00:00,08:55 AM,Unincorporated,Orange,SR408 WB EXIT RAMP,GOLDENROD RD,10,East,Rear End,2,0,0,0,N,N,N,800.000000000000000,Cloudy,Daylight,0,Rear End,W,Property Damage Only,N,Front to Rear,Motor Vehicle in Transport,On Roadway,Intersection-Related,N,T-Intersection,Interstate,Paved,Dry,None, , ,None, , ,N,N, , , , ,0,0,0,0,0,0,0,0,0,0,0,0,0.000000000000000,0.000000000000000,0,1,0,800,"Mapped, On Network",-81.280329030499999,28.543298120799999,665591.294663000036962,507061.324032999982592,7/1/2019 2:45:47 PM,6918_8406
3261,3262,1,3261,26647,88918253,2019-00223374,Orlando PD,Long,6/13/2019 0:00:00,05:50 PM,Orlando,Orange,SR 408 EAST,TAMPA AV EXIT RAMP,0, ,Rear End,2,0,0,1,N,N,N,1300.000000000000000,Rain,Daylight,0,Rear End,W,Injury,Y,Front to Rear,Motor Vehicle in Transport,On Roadway,Non-Junction,N,Not at Intersection,State,Paved,Wet,Road Surface Condition, , ,Weather Conditions, , ,N,N, , , , ,0,0,0,0,0,0,0,1,0,0,0,0,0.000000000000000,0.000000000000000,0,0,0,1300,"Mapped, On Network",-81.409146671000002,28.539012670000002,653023.417079000035301,506314.630340999981854,6/25/2019 3:51:10 PM,8213_8169
3262,3263,1,3262,26663,88161937,FHPD19OFF058392,FHP,Long,6/28/2019 0:00:00,12:38 AM,Orlando,Orange,STATE ROAD 417 (CENTRAL FLORIDA GREENWAY),MILE MARKER 28,0, ,Rear End,2,0,0,1,Y,Y,N,5500.000000000000000,Clear,Dark - Lighted,0,Rear End,N,Injury,N,Front to Rear,Motor Vehicle in Transport,On Roadway,Non-Junction,N,Not at Intersection,State,Paved,Dry,None, , ,None, , ,N,N, , , , ,0,0,0,0,0,0,0,1,0,0,0,0,0.000000000000000,0.000000000000000,0,2,0,5500,"Mapped, On Network",-81.250804107500002,28.532073013700000,668501.885646000038832,505878.954767999995966,7/24/2019 9:54:06 AM,6689_11878
3263,3264,1,3263,26696,88116175,FHPD19OFF047428,FHP,Long,5/25/2019 0:00:00,12:51 AM,Orlando,Orange,STATE ROAD 417,INNOVATION WAY,5280,North,Rear End,2,0,0,2,N,N,N,20000.000000000000000,Clear,Dark - Lighted,0,Rear End,S,Injury,N,Front to Rear,Motor Vehicle in Transport,On Roadway,Non-Junction,N,Not at Intersection,State,Paved,Dry,None, , ,None, , ,N,N, , , , ,0,0,0,0,0,0,0,2,0,0,0,0,0.000000000000000,0.000000000000000,0,3,0,20000,"Mapped, On Network",-81.228362497500001,28.427658143700000,670953.901697000022978,494335.019641000020783,6/5/2019 3:55:51 PM,8516_8536
3264,3265,1,3264,26697,88916627,2019-00202101,Orlando PD,Long,5/28/2019 0:00:00,09:50 PM,Orlando,Orange,SR 408,INTERSTATE 4,400,West,Sideswipe,2,0,0,0,N,N,N,3500.000000000000000,Clear,Dark - Lighted,0,Same Direction Sideswipe,E,Property Damage Only,Y,"Sideswipe, Same Direction",Motor Vehicle in Transport,On Roadway,Non-Junction,N,Not at Intersection,State,Curb,Dry,None,Work Zone, ,None, , ,N,Y,Lane Closure,Transition Area, ,Y,0,0,2,0,0,0,0,0,0,0,0,0,0.000000000000000,0.000000000000000,0,0,0,3500,"Mapped, On Network",-81.385730973799994,28.535141384500001,655318.972973000025377,505933.060625999991316,6/5/2019 3:24:48 PM,6679_6276
3265,3266,1,3265,26703,88124956,FHPD19OFF057919,FHP,Short,6/26/2019 0:00:00,04:41 PM,Orlando Expwy Auth,Orange,STATE ROAD 417 NB EXIT RAMP,JOHN YOUNG PKWY,10,South,Rear End,2,0,0,0,N,N,N,400.000000000000000,Clear,Daylight,0,Rear End,N,Property Damage Only,Y,Front to Rear,Motor Vehicle in Transport,On Roadway,Entrance/Exit Ramp,N,Not at Intersection,Turnpike/Toll,Paved,Dry,None, , ,None, , ,N,N, , , , ,0,0,0,0,0,0,0,0,0,0,0,0,0.000000000000000,0.000000000000000,0,1,0,400,"Mapped, Not On Network",-81.430650000100002,28.368900024700000,651317.304200000013225,487382.693199999979697,7/24/2019 10:43:55 PM,8292_6975
3266,3267,1,3266,26734,88137404,FHPD19OFF048806,FHP,Long,5/29/2019 0:00:00,04:29 PM,Orlando Expwy Auth,Orange,STATE RD 408,STATE RD 434 ALAFAYA TRL,5280,West,Rear End,2,0,0,0,N,N,N,6000.000000000000000,Clear,Daylight,0,Rear End,E,Property Damage Only,N,Front to Rear,Motor Vehicle in Transport,On Roadway,Non-Junction,N,Not at Intersection,Turnpike/Toll,Paved,Dry,None, , ,None, , ,N,Y,Work on Shoulder or Median,Activity Area,Y,N,0,0,1,0,0,0,0,0,0,0,0,0,0.000000000000000,0.000000000000000,0,1,0,6000,"Mapped, On Network",-81.211301197599994,28.548438031600000,672318.211408999981359,507782.551685000013094,6/21/2019 10:21:34 AM,6690_8041
3267,3268,1,3267,26767,89213598,2019-00260190,Orlando PD,Short,7/11/2019 0:00:00,05:22 PM,Orlando,Orange,SR 408 WBO,US 441 (S ORANGE BLOSSOM TRL) EXIT RAMP,100,East,Sideswipe,2,0,0,0,N,N,N,1800.000000000000000,Clear,Daylight,0,Same Direction Sideswipe,W,Property Damage Only,Y,"Sideswipe, Same Direction",Motor Vehicle in Transport,On Roadway,Non-Junction,N,Not at Intersection,State,Paved,Dry,None, , ,None, , ,N,N, , , , ,0,0,0,0,0,0,0,0,0,0,0,0,0.000000000000000,0.000000000000000,0,0,0,1800,"Mapped, On Network",-81.392599510400004,28.535316180300001,654647.856518000015058,505938.265960999997333,7/25/2019 4:50:23 PM,8272_8254