FID,OBJECTID_1,Join_Count,TARGET_FID,OBJECTID,HSMV_Repor,Agency_Rep,Reporting_,Form_Type,Crash_Date,Crash_Time,City,County,Crash_Stre,Intersecti,Offset_Dis,Offset_Dir,Crash_Type,Vehicles,Non_Motori,Fatalities,Injuries,Alcohol_Re,Distractio,Drug_Relat,Estimated_,Weather_Co,Light_Cond,Street_Num,Crash_Ty_1,Crash_Ty_2,Crash_Seve,Within_Cit,Manner_of_,First_Harm,First_HE_L,First_HE_R,First_HE_W,Type_of_In,Road_Sys_I,Type_of_Sh,Road_Surf_,Contrib_Ci,Contrib__1,Contrib__2,Contrib__3,Contrib__4,Contrib__5,School_Bus,Work_Zone_,Type_of_Wo,Loc_in_Wor,Workers_in,Law_Enforc,Mopeds,Motorcycle,Passengers,Bicyclists,Pedestrian,Fataliti_1,Injuries_U,Possible_I,Non_Incapa,Incapacita,Fataliti_2,Non_Traffi,Transporte,Transpor_1,Transpor_2,Citations,Property_D,Vehicle_Dm,S4_Mapping,S4_Decimal,S4_Decim_1,S4_Albers_,S4_Albers1,S4_Mappi_1,zone_id_st
3268,3269,1,3268,26792,88124054,FHPD19OFF062131,FHP,Short,7/9/2019 0:00:00,04:50 PM,Orlando Expwy Auth,Orange,STATE ROAD 417 NORTHBOUND,MILE MARKER 31,0, ,Rear End,2,0,0,0,N,Y,N,5000.000000000000000,Rain,Daylight,0,Rear End,N,Property Damage Only,N,Front to Rear,Motor Vehicle in Transport,On Roadway,Non-Junction,N,Not at Intersection,Turnpike/Toll,Paved,Wet,None, , ,None, , ,N,N, , , , ,0,0,0,0,0,0,0,0,0,0,0,0,0.000000000000000,0.000000000000000,0,1,0,5000,"Mapped, On Network",-81.250820977900005,28.532046335000000,668500.304308000020683,505875.955944999994244,7/25/2019 3:38:48 PM,6689_11878
3269,3270,1,3269,26793,88124053,FHPD19OFF061838,FHP,Short,7/8/2019 0:00:00,05:47 PM,Orlando Expwy Auth,Orange,STATE ROAD 408 WESTBOUND,MILE MARKER 2,0, ,Rear End,2,0,0,0,N,Y,N,4200.000000000000000,Cloudy,Daylight,0,Rear End,W,Property Damage Only,N,Front to Rear,Motor Vehicle in Transport,On Roadway,Non-Junction,N,Not at Intersection,Turnpike/Toll,Paved,Dry,None, , ,None, , ,N,N, , , , ,0,0,0,0,0,0,0,0,0,0,0,0,0.000000000000000,0.000000000000000,0,1,0,4200,"Mapped, On Network",-81.508167970599999,28.545737162799998,643339.223819999955595,506861.976816000009421,7/25/2019 3:38:59 PM,8156_8150
3270,3271,1,3270,26794,88124052,FHPD19OFF061512,FHP,Long,7/7/2019 0:00:00,05:57 PM,Orlando,Orange,STATE ROAD 417 NORTHBOUND,STATE ROAD 528 WESTBOUND RAMP,0, ,Off Road,1,0,0,0,N,Y,N,10000.000000000000000,Rain,Daylight,0,Off Road,N,Property Damage Only,N,Other,Tree (standing),Outside Right-of-way,Entrance/Exit Ramp,N,Not at Intersection,Turnpike/Toll,Curb,Wet,Road Surface Condition, , ,None, , ,N,N, , , , ,0,0,1,0,0,0,0,0,0,0,0,0,0.000000000000000,0.000000000000000,0,0,0,10000,"Mapped, On Network",-81.230043496299999,28.451422778600001,670730.317173999967054,496969.879038000013679,7/25/2019 3:39:38 PM,8001_8007
3271,3272,1,3271,26795,88124050,FHPD19OFF061430,FHP,Long,7/7/2019 0:00:00,03:02 PM,Orlando Expwy Auth,Orange,STATE ROAD 408 WESTBOUND,MILER MARKER 16,0, ,Off Road,1,0,0,0,N,Y,N,11300.000000000000000,Rain,Daylight,0,Off Road,E,Property Damage Only,N,Other,Guardrail Face,Off Roadway,Non-Junction,Y,Not at Intersection,Turnpike/Toll,Paved,Wet,Road Surface Condition, , ,Weather Conditions, , ,N,N, , , , ,0,0,0,0,0,0,0,0,0,0,0,0,0.000000000000000,0.000000000000000,0,1,1300,10000,"Mapped, On Network",-81.282813985299995,28.541986034600001,665351.874533999944106,506910.294993999996223,7/25/2019 3:40:20 PM,6918_8406
3272,3273,1,3272,26860,88917830,2019-00259551,Orlando PD,Short,7/11/2019 0:00:00,08:05 AM,Orlando,Orange,SR 408,SR 400 (I4),200,East,Rear End,2,0,0,0,N,N,N,10000.000000000000000,Clear,Daylight,0,Rear End,W,Property Damage Only,Y,Front to Rear,Motor Vehicle in Transport,On Roadway,Non-Junction,N,Not at Intersection,State,Paved,Dry,None, , ,None, , ,N,N, , , , ,0,0,0,0,0,0,0,0,0,0,0,0,0.000000000000000,0.000000000000000,0,0,0,10000,"Mapped, On Network",-81.373216967199994,28.537225362099999,656536.022117999964394,506190.417995000025257,7/25/2019 4:59:42 PM,8313_6737
3273,3274,1,3273,26864,88917558,2019-00253474,Orlando PD,Long,7/6/2019 0:00:00,11:08 AM,Orlando,Orange,SR 528,SEMORAN BLVD,0,West,Sideswipe,2,0,0,0,N,N,N,300.000000000000000,Clear,Daylight,0,Same Direction Sideswipe, ,Property Damage Only,Y,"Sideswipe, Same Direction",Motor Vehicle in Transport,Shoulder,Non-Junction,N,Not at Intersection,State,Paved,Dry,None,None, ,None,None, ,N,N, , , , ,0,0,0,0,0,0,0,0,0,0,0,0,0.000000000000000,0.000000000000000,0,0,0,300,"Mapped, On Network",-81.298150233599998,28.451165667200002,664075.397528999950737,496793.645221000013407,7/25/2019 2:01:07 PM,8183_6664
3274,3275,1,3274,26870,88020051,FHPK19OFF029428,FHP,Short,5/23/2019 0:00:00,07:43 AM,Winter Garden,Orange,STATE ROAD-429,EXIT  23,0, ,Rear End,2,0,0,0,N,N,N,4000.000000000000000,Clear,Daylight,0,Rear End,S,Property Damage Only,N,Front to Rear,Motor Vehicle in Transport,On Roadway,Entrance/Exit Ramp,N,Not at Intersection,Interstate,Paved,Dry,None, , ,None, , ,N,N, , , , ,0,0,0,0,0,0,0,0,0,0,0,0,0.000000000000000,0.000000000000000,0,1,0,4000,"Mapped, On Network",-81.559272355800005,28.562385909700001,638312.703467000043020,508610.742092999978922,6/25/2019 12:47:07 PM,8429_8423
3275,3276,1,3275,26881,88122457,FHPD19OFF062910,FHP,Long,7/12/2019 0:00:00,07:40 AM,Orlando Expwy Auth,Orange,SB SR-417 EXIT RAMP,SR-15,0,North,Rear End,2,0,0,0,N,N,N,13000.000000000000000,Cloudy,Daylight,0,Rear End,S,Property Damage Only,Y,Front to Rear,Motor Vehicle in Transport,On Roadway,Entrance/Exit Ramp,N,Not at Intersection,Turnpike/Toll,Paved,Dry,None, , ,None, , ,N,N, , , , ,0,0,0,0,0,0,0,0,0,0,0,0,0.000000000000000,0.000000000000000,0,0,0,13000,"Mapped, On Network",-81.238847457800006,28.403636234400000,669988.798776000039652,491644.901534000004176,7/25/2019 3:40:30 PM,8596_8510
3276,3277,1,3276,26882,88122456,FHPD19OFF062902,FHP,Long,7/12/2019 0:00:00,07:00 AM,Orlando Expwy Auth,Orange,WB SR-408,HIAWASSEE ROAD,5280,East,Other,1,0,0,0,N,N,N,11000.000000000000000,Cloudy,Daylight,0,Single Vehicle,W,Property Damage Only,Y,Unknown,Motor Vehicle in Transport,Unknown,Non-Junction,N,Not at Intersection,Turnpike/Toll,Paved,Dry,None, , ,None, , ,N,N, , , , ,0,0,0,0,0,0,0,0,0,0,0,0,0.000000000000000,0.000000000000000,0,0,0,11000,"Mapped, On Network",-81.459818947200006,28.550054334599999,648050.198396999971010,507437.655742999981157,7/25/2019 3:42:34 PM,8201_8203
3277,3278,1,3277,26883,88122451,FHPD19OFF062400,FHP,Long,7/10/2019 0:00:00,02:40 PM,Orlando Expwy Auth,Orange,EB SR-528,SR-520,15840,West,Other,2,0,0,4,N,N,N,22000.000000000000000,Cloudy,Daylight,0,Other,W,Injury,Y,Angle,Motor Vehicle in Transport,On Roadway,Other,N,Not at Intersection,Turnpike/Toll,Paved,Dry,None, , ,None, , ,N,N, , , , ,0,0,2,0,0,0,0,1,3,0,0,0,4.000000000000000,0.000000000000000,0,1,0,22000,"Mapped, On Network",-81.023188967400003,28.452321839500001,690941.687232000054792,497540.788562999980059,7/24/2019 11:54:02 AM,7008_7061
3278,3279,1,3278,26884,88122450,FHPD19OFF062188,FHP,Long,7/9/2019 0:00:00,05:21 PM,Orlando Expwy Auth,Orange,WB SR-528,SR-15,15840,East,Rear End,3,0,0,1,N,N,N,24500.000000000000000,Rain,Daylight,0,Rear End,W,Injury,Y,Front to Rear,Motor Vehicle in Transport,On Roadway,Non-Junction,N,Not at Intersection,Turnpike/Toll,Paved,Wet,None, , ,None, , ,N,N, , , , ,0,0,0,0,0,0,0,1,0,0,0,0,0.000000000000000,0.000000000000000,0,1,0,24500,"Mapped, On Network",-81.215253665000006,28.451647221799998,672175.039435000042431,497027.355511999980081,7/24/2019 11:56:04 AM,6320_6667
3279,3280,1,3279,26886,88122449,FHPD19OFF062150,FHP,Short,7/9/2019 0:00:00,05:20 PM,Orlando Expwy Auth,Orange,WB SR-528,SR-15,15840,East,Rear End,2,0,0,0,N,N,N,6500.000000000000000,Rain,Daylight,0,Rear End,W,Property Damage Only,Y,Front to Rear,Motor Vehicle in Transport,On Roadway,Non-Junction,N,Not at Intersection,Turnpike/Toll,Paved,Wet,None, , ,None, , ,N,N, , , , ,0,0,1,0,0,0,0,0,0,0,0,0,0.000000000000000,0.000000000000000,0,1,0,6500,"Mapped, On Network",-81.236923247199996,28.451570675700001,670057.647996000014246,496971.214472000021487,7/25/2019 3:43:45 PM,8007_6663
3280,3281,1,3280,26943,88915775,2019-00215035,Orlando PD,Long,6/7/2019 0:00:00,08:49 AM,Orlando,Orange,EW WBO,S ROSALIND AV,700,East,Rear End,3,0,0,1,N,N,N,6700.000000000000000,Clear,Daylight,0,Rear End,W,Injury,Y,Front to Rear,Motor Vehicle in Transport,On Roadway,Non-Junction,N,Not at Intersection,State,Paved,Dry,None, , ,None, , ,N,N, , , , ,0,0,0,0,0,0,0,1,0,0,0,0,0.000000000000000,0.000000000000000,0,0,0,6700,"Mapped, On Network",-81.376181099899995,28.536576144200001,656248.117656999966130,506112.171919999993406,6/26/2019 12:34:15 PM,6737_6230
3281,3282,1,3281,26953,88914820,2019-00165387,Orlando PD,Short,5/2/2019 0:00:00,10:31 AM,Orlando,Orange,SR 528 WEST,ENTRANCE RAMP FROM SR 436 (S SEMORAN BV) NBO,25,West,Rear End,2,0,0,0,N,N,N,300.000000000000000,Rain,Daylight,0,Rear End,W,Property Damage Only,Y,Front to Rear,Motor Vehicle in Transport,On Roadway,Crossover-Related,N,Not at Intersection,State,Paved,Wet,Road Surface Condition, , ,Weather Conditions, , ,N,N, , , , ,0,0,3,0,0,0,0,0,0,0,0,0,0.000000000000000,0.000000000000000,0,0,0,300,"Mapped, On Network",-81.300233382100004,28.451435526899999,663871.169675000011921,496819.148400000005495,6/20/2019 9:43:21 PM,8183_6664
3282,3283,1,3282,26983,88105629,FHPK19OFF029392,FHP,Long,5/22/2019 0:00:00,09:10 PM,Unincorporated,Orange,STATE ROAD 429(DANIEL WEBSTER WESTERN BLTWY),STATE ROAD 91(FLORIDAS TURNPIKE),5280,North,Sideswipe,2,0,0,0,N,N,N,1000.000000000000000,Clear,Dusk,0,Same Direction Sideswipe, ,Property Damage Only,N,"Sideswipe, Same Direction",Motor Vehicle in Transport,On Roadway,Non-Junction,N,Not at Intersection,State,Paved,Dry,None, , ,None, , ,N,N, , , , ,0,0,0,0,0,0,0,0,0,0,0,0,0.000000000000000,0.000000000000000,0,0,0,1000,"Mapped, On Network",-81.559343607499997,28.561028113500001,638308.731632999959402,508459.842951000027824,6/21/2019 9:47:48 AM,8500_8421
3283,3284,1,3283,27000,88914618,2019-00206267,Orlando PD,Long,5/31/2019 0:00:00,07:25 PM,Orlando,Orange,SR 408, ,0,West,Other,1,0,0,1,N,Y,N,12000.000000000000000,Clear,Daylight,0,Single Vehicle,W,Injury,Y,Other,Motor Vehicle in Transport,On Roadway,Non-Junction,N,Other,State,Paved,Dry,None, , ,None, , ,N,N, , , , ,0,0,1,0,0,0,0,1,0,0,0,0,0.000000000000000,0.000000000000000,0,2,10000,2000,"Mapped, On Network",-81.322222062700007,28.539475179299998,661510.069175999960862,506547.330857000022661,6/5/2019 3:22:11 PM,8348_7102
3284,3285,1,3284,27013,88124951,FHPD19OFF057236,FHP,Long,6/24/2019 0:00:00,04:42 PM,Orlando Expwy Auth,Orange,STATE ROAD 417 SB MM23,MOSS PARK RD,0,North,Rear End,2,0,0,0,N,N,N,500.000000000000000,Clear,Daylight,0,Rear End,S,Property Damage Only,Y,Front to Rear,Motor Vehicle in Transport,On Roadway,Non-Junction,N,Not at Intersection,Turnpike/Toll,Paved,Dry,None, , ,None, , ,N,N, , , , ,0,0,0,0,0,0,0,0,0,0,0,0,0.000000000000000,0.000000000000000,0,1,0,500,"Mapped, On Network",-81.227312586400004,28.418242916499999,671080.031719999969937,493291.968206999998074,7/25/2019 9:58:50 AM,8536_8514
3285,3286,1,3285,27022,85204414,FHPD19OFF057826,FHP,Long,6/26/2019 0:00:00,12:40 PM,Unincorporated,Orange,STATE ROAD 417,UNIVERSITY BLVD,5280,North,Rollover,1,0,0,0,N,N,N,500.000000000000000,Clear,Daylight,0,Rollover,S,Property Damage Only,N,Other,Overturn/Rollover,On Roadway,Non-Junction,N,Not at Intersection,State,Paved,Dry,None, , ,None, , ,N,N, , , , ,0,0,0,0,0,0,0,0,0,0,0,0,0.000000000000000,0.000000000000000,0,0,0,500,"Mapped, On Network",-81.258252023300003,28.609962699600000,667582.292117999983020,514510.705980999977328,7/1/2019 3:00:52 PM,6052_8088
3286,3287,1,3286,27081,88127104,FHPK19OFF030122,FHP,Short,5/26/2019 0:00:00,10:35 AM,Winter Garden,Orange,STATE ROAD 429 ( DANIEL WEBSTER HWY),MILE MARKER 23,0, ,Other,1,0,0,0,N,N,N,3000.000000000000000,Clear,Daylight,0,Single Vehicle,S,Property Damage Only,N,Other,Other Non-Collision,On Roadway,Non-Junction,N,Not at Intersection,Turnpike/Toll,Paved,Dry,None, , ,None, , ,N,N, , , , ,0,0,0,0,0,0,0,0,0,0,0,0,0.000000000000000,0.000000000000000,0,0,0,3000,"Mapped, On Network",-81.559798324100001,28.559920038400001,638266.773303000023589,508335.930346000008285,6/21/2019 9:47:08 AM,8423_8507
3287,3288,1,3287,27103,88912508,2019-00115585,Orlando PD,Long,3/27/2019 0:00:00,09:58 AM,Orlando,Orange,SR 408 (EAST/WEST EXPRESSWAY),SR 441 (ORANGE BLOSSOM TRAIL),100,East,Sideswipe,2,0,0,0,N,N,N,550.000000000000000,Rain,Daylight,0,Same Direction Sideswipe,W,Property Damage Only,Y,"Sideswipe, Same Direction",Motor Vehicle in Transport,On Roadway,Non-Junction,N,Not at Intersection,State,Paved,Wet,None, , ,None, , ,N,N, , , , ,0,0,3,0,0,0,0,0,0,0,0,0,0.000000000000000,0.000000000000000,0,0,0,550,"Mapped, On Network",-81.392574080900005,28.535271439799999,654650.444730999995954,505933.350892000016756,6/10/2019 2:51:31 PM,8272_8254
3288,3289,1,3288,27104,88913828,2019-00131419,Orlando PD,Long,4/8/2019 0:00:00,12:45 AM,Orlando,Orange,SR 408 EAST,N MILLS AV,50,West,Rear End,2,0,0,0,N,N,N,10500.000000000000000,Clear,Dark - Lighted,0,Rear End,E,Property Damage Only,Y,Front to Rear,Motor Vehicle in Transport,On Roadway,Non-Junction,N,Not at Intersection,State,Paved,Dry,None, , ,None, , ,N,N, , , , ,0,0,2,0,0,0,0,0,0,0,0,0,0.000000000000000,0.000000000000000,0,0,0,10500,"Mapped, On Network",-81.364944483100004,28.537062410800001,657344.190639000036754,506189.562108999991324,6/25/2019 10:13:52 AM,8305_8315
3289,3290,1,3289,27116,88124957,FHPD19OFF058321,FHP,Long,6/27/2019 0:00:00,06:40 PM,Orlando Expwy Auth,Orange,STATE ROAD 417 SB MM24,STATE ROAD 528,0,South,Rear End,2,0,0,0,N,N,N,11000.000000000000000,Clear,Daylight,0,Rear End,S,Property Damage Only,Y,Front to Rear,Motor Vehicle in Transport,On Roadway,Non-Junction,N,Not at Intersection,Turnpike/Toll,Paved,Dry,None, , ,None, , ,N,N, , , , ,0,0,0,0,0,0,0,0,0,0,0,0,0.000000000000000,0.000000000000000,0,1,0,11000,"Mapped, On Network",-81.229225882999998,28.434302473399999,670852.933241000049748,495070.833011000009719,7/1/2019 3:13:26 PM,8391_8516
3290,3291,1,3290,27117,88124955,FHPD19OFF057915,FHP,Short,6/26/2019 0:00:00,04:36 PM,Orlando Expwy Auth,Orange,STATE ROAD 417 NB MM10,US 441,10,South,Rear End,2,0,0,0,N,N,N,510.000000000000000,Clear,Daylight,0,Rear End,N,Property Damage Only,Y,Front to Rear,Motor Vehicle in Transport,On Roadway,Entrance/Exit Ramp,N,Not at Intersection,Turnpike/Toll,Curb,Dry,None, , ,None, , ,N,N, , , , ,0,0,1,0,0,0,0,0,0,0,0,0,0.000000000000000,0.000000000000000,0,1,0,510,"Mapped, On Network",-81.412301195900000,28.375107712999998,653097.337978000054136,488109.475985999975819,7/1/2019 3:14:10 PM,8280_8017
3291,3292,1,3291,27118,88124953,FHPD19OFF057586,FHP,Long,6/25/2019 0:00:00,05:21 PM,Orlando Expwy Auth,Orange,STATE ROAD 528 WB MM21,INNOVATION WAY,5280,West,Sideswipe,2,0,0,0,N,N,N,1000.000000000000000,Clear,Daylight,0,Same Direction Sideswipe,W,Property Damage Only,Y,"Sideswipe, Same Direction",Motor Vehicle in Transport,On Roadway,Non-Junction,N,Not at Intersection,Turnpike/Toll,Paved,Dry,None, , ,None, , ,N,N, , , , ,0,0,0,0,0,0,0,0,0,0,0,0,0.000000000000000,0.000000000000000,0,0,0,1000,"Mapped, On Network",-81.183686606899997,28.451774203500001,675259.479435999994166,497111.522426999988966,7/1/2019 3:15:48 PM,8097_6953
3292,3293,1,3292,27119,88124950,FHPD19OFF056382,FHP,Long,6/21/2019 0:00:00,06:59 PM,Orlando Expwy Auth,Orange,STATE ROAD 417 SB MM13,STATE ROAD 91,200,South,Off Road,2,0,0,0,N,N,N,4000.000000000000000,Clear,Daylight,0,Off Road,N,Property Damage Only,Y,Other,Concrete Traffic Barrier,Shoulder,Non-Junction,N,Not at Intersection,Turnpike/Toll,Paved,Dry,None, , ,None, , ,N,N, , , , ,0,0,0,0,0,0,0,0,0,0,0,0,0.000000000000000,0.000000000000000,0,0,0,4000,"Mapped, On Network",-81.392704991100004,28.368375201199999,655029.524309000000358,487402.324653999996372,7/1/2019 3:19:28 PM,8017_6167
3293,3294,1,3293,27125,88119214,FHPD19OFF048621,FHP,Long,5/29/2019 0:00:00,07:54 AM,Orlando Expwy Auth,Orange,SR-408 (MM16),GOLDENROD ROAD,20,West,Rear End,2,0,0,2,N,N,N,5300.000000000000000,Clear,Daylight,0,Rear End,W,Injury,N,Front to Rear,Motor Vehicle in Transport,On Roadway,Non-Junction,N,Not at Intersection,Turnpike/Toll,Paved,Dry,None, , ,None, , ,N,N, , , , ,0,0,0,0,0,0,0,2,0,0,0,0,0.000000000000000,0.000000000000000,0,1,0,5300,"Mapped, On Network",-81.281954501900003,28.542433551799999,665434.700031999964267,506961.832073000026867,6/25/2019 2:15:10 PM,6918_8406
3294,3295,1,3294,27234,88119234,FHPD19OFF057263,FHP,Long,6/24/2019 0:00:00,05:35 PM,Orlando Expwy Auth,Orange,SR-528 (MM27),SR-520,15840,West,Rear End,3,0,0,3,N,N,N,20100.000000000000000,Clear,Daylight,0,Rear End,E,Injury,N,Front to Rear,Motor Vehicle in Transport,On Roadway,Non-Junction,N,Not at Intersection,Turnpike/Toll,Paved,Dry,None, , ,None, , ,N,N, , , , ,0,0,1,0,0,0,0,0,3,0,0,0,3.000000000000000,0.000000000000000,0,1,1000,19100,"Mapped, On Network",-81.025387980500000,28.452477051500001,690726.390372999943793,497552.834519999974873,7/1/2019 11:57:28 AM,5943_6937
3295,3296,1,3295,27261,88917539,2019-00203646,Orlando PD,Short,5/30/2019 0:00:00,12:01 AM,Orlando,Orange,SR 408 EAST,SR 400 ENTRANCE RAMP,100,East,Rear End,2,0,0,0,N,N,N,1600.000000000000000,Clear,Dark - Lighted,0,Rear End,E,Property Damage Only,Y,Front to Rear,Motor Vehicle in Transport,On Roadway,Non-Junction,Y,Not at Intersection,State,Paved,Dry,Work Zone, , ,None, , ,N,Y,Lane Closure,Advance Warning Area,Y,Y,0,0,1,0,0,0,0,0,0,0,0,0,0.000000000000000,0.000000000000000,0,0,0,1600,"Mapped, On Network",-81.384920869400005,28.535140850800001,655398.080100000021048,505934.678926000022329,6/21/2019 10:09:20 AM,6679_6276
3296,3297,1,3296,27336,88085841,FHPK19OFF040306,FHP,Short,7/12/2019 0:00:00,06:47 PM,Winter Garden,Orange,STATE ROAD 429,MM22,0, ,Rear End,2,0,0,0,N,N,N,10000.000000000000000,Cloudy,Daylight,0,Rear End,S,Property Damage Only,N,Front to Rear,Motor Vehicle in Transport,On Roadway,Non-Junction,N,Not at Intersection,Turnpike/Toll,Paved,Dry,None, , ,None, , ,N,N, , , , ,0,0,0,0,0,0,0,0,0,0,0,0,0.000000000000000,0.000000000000000,0,1,0,10000,"Mapped, On Network",-81.577860977900002,28.523299780399999,636583.199552000034600,504235.049835000012536,7/25/2019 3:46:35 PM,6989_8464
3297,3298,1,3297,27345,88136615,FHPD19OFF047425,FHP,Long,5/25/2019 0:00:00,12:25 AM,Orlando,Orange,SR-417 (CENTRAL FL GREENEWAY),SR-528 (BEACHLINE EXPRESSWAY),5280,South,Rear End,2,0,0,1,N,N,N,2000.000000000000000,Clear,Dark - Not Lighted,0,Rear End,N,Injury,N,Front to Rear,Motor Vehicle in Transport,On Roadway,Non-Junction,N,Not at Intersection,State,Paved,Dry,None, , ,None, , ,N,N, , , , ,0,0,0,0,0,0,0,1,0,0,0,0,1.000000000000000,0.000000000000000,0,0,0,2000,"Mapped, On Network",-81.228889195400001,28.434008389900001,670886.573964999988675,495038.920917999988887,6/25/2019 3:39:35 PM,8538_6642
3298,3299,1,3298,27371,88076698,FHPK19OFF029561,FHP,Long,5/23/2019 0:00:00,05:41 PM,Winter Garden,Orange,STATE ROAD 429,MILE MARKER 19,500,South,Sideswipe,2,0,0,1,N,Y,N,6100.000000000000000,Clear,Daylight,0,Same Direction Sideswipe,N,Injury,N,"Sideswipe, Same Direction",Motor Vehicle in Transport,On Roadway,Non-Junction,N,Not at Intersection,Turnpike/Toll,Paved,Dry,None, , ,None, , ,N,N, , , , ,0,0,0,0,0,0,1,1,0,0,0,0,1.000000000000000,0.000000000000000,0,1,0,6100,"Mapped, On Network",-81.594082972600006,28.515260709300001,635016.330342000001110,503311.414203000022098,6/24/2019 11:36:03 AM,6858_8494
3299,3300,1,3299,27400,88156294,FHPK19OFF036168,FHP,Long,6/22/2019 0:00:00,10:04 PM,Winter Garden,Orange,STATE ROAD 429,MILE MARKER 16,0, ,Sideswipe,2,0,0,4,N,Y,N,5000.000000000000000,Clear,Dark - Lighted,0,Same Direction Sideswipe,N,Injury,N,"Sideswipe, Same Direction",Motor Vehicle in Transport,On Roadway,Non-Junction,N,Not at Intersection,Turnpike/Toll,Paved,Dry,None, , ,None, , ,N,N, , , , ,0,0,4,0,0,0,1,1,3,0,0,0,4.000000000000000,0.000000000000000,0,0,0,5000,"Mapped, On Network",-81.626880661000001,28.486812989200001,631873.758901000022888,500090.623947000014596,7/1/2019 11:52:03 AM,8037_6764
3300,3301,1,3300,27526,88914404,2019-00222756,Orlando PD,Short,6/13/2019 0:00:00,08:46 AM,Orlando,Orange,SR 528,SR 436,50,West,Rear End,2,0,0,0,N,Y,N,700.000000000000000,Clear,Daylight,0,Rear End,W,Property Damage Only,Y,Front to Rear,Motor Vehicle in Transport,On Roadway,Non-Junction,N,Not at Intersection,State,Paved,Dry,None, , ,None, , ,N,N, , , , ,0,0,0,0,0,0,0,0,0,0,0,0,0.000000000000000,0.000000000000000,0,0,0,700,"Mapped, On Network",-81.308534206000004,28.451535987400000,663059.745052000042051,496812.567531000007875,6/25/2019 3:53:03 PM,8199_6602
3301,3302,1,3301,27543,88127605,FHPD19OFF043127,FHP,Long,5/12/2019 0:00:00,04:50 AM,Unincorporated,Orange,STATE ROAD 417,MM 27 NB,0, ,Sideswipe,2,0,0,0,N,N,N,150.000000000000000,Clear,Dark - Lighted,0,Same Direction Sideswipe,N,Property Damage Only,N,"Sideswipe, Same Direction",Motor Vehicle in Transport,On Roadway,Non-Junction,N,Not at Intersection,State,Unpaved,Dry,None, , ,None, , ,N,N, , , , ,0,0,0,0,0,0,0,0,0,0,0,0,0.000000000000000,0.000000000000000,0,0,0,150,"Mapped, On Network",-81.230314363800005,28.454045803100001,670697.305311999982223,497260.514717000012752,6/21/2019 9:45:44 AM,7993_7091
3302,3303,1,3302,27588,88138449,FHPD19OFF043311,FHP,Short,5/12/2019 0:00:00,06:48 PM,Orlando Expwy Auth,Orange,SR417,33MM,0, ,Sideswipe,2,0,0,0,N,N,N,4000.000000000000000,Cloudy,Daylight,0,Same Direction Sideswipe,S,Property Damage Only,N,"Sideswipe, Same Direction",Motor Vehicle in Transport,On Roadway,Non-Junction,N,Not at Intersection,Turnpike/Toll,Paved,Wet,None, , ,None, , ,N,N, , , , ,0,0,0,0,0,0,0,0,0,0,0,0,0.000000000000000,0.000000000000000,0,1,0,4000,"Mapped, On Network",-81.266597935600004,28.555596706199999,666901.722240000031888,508456.465803000028245,6/24/2019 10:52:44 AM,8570_6966
3303,3304,1,3303,27594,88124928,FHPD19OFF048164,FHP,Long,5/27/2019 0:00:00,04:34 PM,Orlando Expwy Auth,Orange,STATE ROAD 417 NB MM7,STATE ROAD 536,5280,North,Rear End,2,0,0,1,N,N,N,5000.000000000000000,Clear,Daylight,0,Rear End,N,Injury,Y,Front to Rear,Motor Vehicle in Transport,On Roadway,Non-Junction,N,Not at Intersection,Turnpike/Toll,Paved,Dry,None, , ,None, , ,N,N, , , , ,0,0,0,0,0,0,0,0,1,0,0,0,1.000000000000000,0.000000000000000,0,1,0,5000,"Mapped, On Network",-81.463896129099993,28.354401461599998,648098.955575000029057,485705.551741999981459,6/25/2019 3:42:44 PM,8581_7010
3304,3305,1,3304,27613,88915874,2019-00216137,Orlando PD,Short,6/8/2019 0:00:00,02:25 AM,Orlando,Orange,SR 417,LAKE NONA BV,0,North,Rear End,2,0,0,1,N,Y,N,2500.000000000000000,Clear,Dark - Lighted,0,Rear End,N,Injury,Y,Front to Rear,Motor Vehicle in Transport,On Roadway,Non-Junction,N,Not at Intersection,Local,Unpaved,Dry,None, , ,None, , ,N,N, , , , ,0,0,1,0,0,0,0,1,0,0,0,0,0.000000000000000,0.000000000000000,0,0,0,2500,"Mapped, On Network",-81.281709938299997,28.377291917499999,665862.826316999970004,488626.782651000015903,6/24/2019 3:30:39 PM,8520_8502
3305,3306,1,3305,27616,88122447,FHPD19OFF055693,FHP,Long,6/19/2019 0:00:00,11:30 PM,Orlando Expwy Auth,Orange,SB SR-417,LEE VISTA BLVD,0,North,Sideswipe,2,0,0,0,N,N,N,18950.000000000000000,Cloudy,Dark - Lighted,0,Same Direction Sideswipe,S,Property Damage Only,Y,"Sideswipe, Same Direction",Motor Vehicle in Transport,On Roadway,Non-Junction,N,Not at Intersection,Turnpike/Toll,Paved,Dry,None, , ,None, , ,N,N, , , , ,0,0,3,0,0,0,0,0,0,0,0,0,0.000000000000000,0.000000000000000,0,1,950,18000,"Mapped, On Network",-81.240599971500004,28.482478114599999,669621.550546000013128,500394.776575999974739,6/26/2019 2:20:01 PM,8386_6314