FID,OBJECTID_1,Join_Count,TARGET_FID,OBJECTID,HSMV_Repor,Agency_Rep,Reporting_,Form_Type,Crash_Date,Crash_Time,City,County,Crash_Stre,Intersecti,Offset_Dis,Offset_Dir,Crash_Type,Vehicles,Non_Motori,Fatalities,Injuries,Alcohol_Re,Distractio,Drug_Relat,Estimated_,Weather_Co,Light_Cond,Street_Num,Crash_Ty_1,Crash_Ty_2,Crash_Seve,Within_Cit,Manner_of_,First_Harm,First_HE_L,First_HE_R,First_HE_W,Type_of_In,Road_Sys_I,Type_of_Sh,Road_Surf_,Contrib_Ci,Contrib__1,Contrib__2,Contrib__3,Contrib__4,Contrib__5,School_Bus,Work_Zone_,Type_of_Wo,Loc_in_Wor,Workers_in,Law_Enforc,Mopeds,Motorcycle,Passengers,Bicyclists,Pedestrian,Fataliti_1,Injuries_U,Possible_I,Non_Incapa,Incapacita,Fataliti_2,Non_Traffi,Transporte,Transpor_1,Transpor_2,Citations,Property_D,Vehicle_Dm,S4_Mapping,S4_Decimal,S4_Decim_1,S4_Albers_,S4_Albers1,S4_Mappi_1,zone_id_st
3306,3307,1,3306,27617,88122446,FHPD19OFF055433,FHP,Short,6/19/2019 0:00:00,10:51 AM,Orlando Expwy Auth,Orange,SB SR-417,CURRY FORD RD,0,North,Sideswipe,2,0,0,0,N,N,N,1500.000000000000000,Cloudy,Daylight,0,Same Direction Sideswipe,S,Property Damage Only,Y,"Sideswipe, Same Direction",Motor Vehicle in Transport,On Roadway,Non-Junction,N,Not at Intersection,Turnpike/Toll,Paved,Dry,None, , ,None, , ,N,N, , , , ,0,0,2,0,0,0,0,0,0,0,0,0,0.000000000000000,0.000000000000000,0,1,0,1500,"Mapped, On Network",-81.250787979999998,28.517944845399999,668538.437778000021353,504310.362213000014890,6/26/2019 2:21:01 PM,6968_8555
3307,3308,1,3307,27618,88122445,FHPD19OFF055408,FHP,Short,6/19/2019 0:00:00,08:38 AM,Orlando Expwy Auth,Orange,WB SR-528,SR-15,26400,East,Rear End,2,0,0,0,N,N,N,12000.000000000000000,Cloudy,Daylight,0,Rear End,W,Property Damage Only,Y,Front to Rear,Motor Vehicle in Transport,On Roadway,Non-Junction,N,Not at Intersection,Turnpike/Toll,Paved,Wet,None, , ,None, , ,N,N, , , , ,0,0,0,0,0,0,0,0,0,0,0,0,0.000000000000000,0.000000000000000,0,1,0,12000,"Mapped, Not On Network",-81.270300000500001,28.448450024900001,666803.677400000044145,496552.077500000013970,6/26/2019 2:21:27 PM,6156_8052
3308,3309,1,3308,27619,88122443,FHPD19OFF055055,FHP,Short,6/18/2019 0:00:00,07:25 AM,Orlando Expwy Auth,Orange,EB SR-408,CR-431,0,East,Rear End,2,0,0,0,N,N,N,7000.000000000000000,Cloudy,Daylight,0,Rear End,E,Property Damage Only,Y,Front to Rear,Motor Vehicle in Transport,On Roadway,Non-Junction,N,Not at Intersection,Turnpike/Toll,Paved,Wet,None, , ,None, , ,N,N, , , , ,0,0,0,0,0,0,0,0,0,0,0,0,0.000000000000000,0.000000000000000,0,1,0,7000,"Mapped, On Network",-81.441507692599998,28.548253174500001,649842.197548000025563,507274.635853999992833,6/26/2019 2:26:11 PM,6294_5905
3309,3310,1,3309,27620,88124943,FHPD19OFF054797,FHP,Long,6/17/2019 0:00:00,10:22 AM,Orlando Expwy Auth,Orange,STATE ROAD 417 SB MM27,LEE VISTA BLVD,0,North,Sideswipe,2,0,0,0,N,N,N,1010.000000000000000,Cloudy,Daylight,0,Same Direction Sideswipe,S,Property Damage Only,Y,"Sideswipe, Same Direction",Motor Vehicle in Transport,On Roadway,Non-Junction,N,Not at Intersection,Turnpike/Toll,Paved,Dry,None, , ,None, , ,N,N, , , , ,0,0,0,0,0,0,0,0,0,0,0,0,0.000000000000000,0.000000000000000,0,1,0,1010,"Mapped, On Network",-81.239423178400003,28.476952842799999,669750.251595000037923,499783.887647999974433,6/26/2019 2:27:51 PM,8383_8546
3310,3311,1,3310,27634,88138453,FHPD19OFF046039,FHP,Short,5/21/2019 0:00:00,07:34 AM,Orlando Expwy Auth,Orange,SR408,20MM,0, ,Rear End,2,0,0,0,N,N,N,5000.000000000000000,Clear,Daylight,0,Rear End,W,Property Damage Only,N,Front to Rear,Motor Vehicle in Transport,On Roadway,Non-Junction,N,Not at Intersection,Turnpike/Toll,Paved,Dry,None, , ,None, , ,N,N, , , , ,0,0,0,0,0,0,0,0,0,0,0,0,0.000000000000000,0.000000000000000,0,1,0,5000,"Mapped, On Network",-81.219951180699994,28.547715416900001,671475.487438000040129,507683.249192000017501,6/25/2019 11:03:13 AM,6946_8057
3311,3312,1,3311,27635,88137393,FHPD19OFF043774,FHP,Long,5/14/2019 0:00:00,07:26 AM,Orlando Expwy Auth,Orange,STATE RD 408,MERCY DR,250,West,Rear End,3,0,0,0,N,N,N,11000.000000000000000,Cloudy,Dusk,0,Rear End,E,Property Damage Only,N,Front to Rear,Motor Vehicle in Transport,On Roadway,Non-Junction,N,Not at Intersection,Turnpike/Toll,Paved,Dry,None, , ,None, , ,N,N, , , , ,0,0,0,0,0,0,0,0,0,0,0,0,0.000000000000000,0.000000000000000,0,0,0,11000,"Mapped, On Network",-81.435122182499995,28.548109547500001,650465.998076000018045,507271.642255000013392,6/25/2019 11:04:18 AM,5905_6014
3312,3313,1,3312,27655,88124024,FHPD19OFF048194,FHP,Long,5/27/2019 0:00:00,06:12 PM,Orlando,Orange,STATE ROAD 528 WESTBOUND,MILE MARKER 26,0, ,Rear End,2,0,0,1,N,Y,N,600.000000000000000,Clear,Daylight,0,Rear End,W,Injury,N,Front to Rear,Motor Vehicle in Transport,On Roadway,Non-Junction,N,Not at Intersection,Turnpike/Toll,Paved,Dry,None, , ,None, , ,N,N, , , , ,0,0,1,0,0,0,0,1,0,0,0,0,0.000000000000000,0.000000000000000,0,2,0,600,"Mapped, On Network",-81.059225461300002,28.451986695999999,687421.182776000001468,497419.071200000005774,6/25/2019 2:21:53 PM,6321_7008
3313,3314,1,3313,27665,88912235,2019-00098684,Orlando PD,Short,3/14/2019 0:00:00,08:00 AM,Orlando,Orange,SR 408 (EAST/WEST EXPRESSWAY),WESTMORELAND DRIVE,100,East,Rear End,2,0,0,0,N,N,N,800.000000000000000,Clear,Daylight,0,Rear End,E,Property Damage Only,Y,Front to Rear,Motor Vehicle in Transport,On Roadway,Non-Junction,N,Not at Intersection,State,Paved,Dry,None, , ,None, , ,N,N, , , , ,0,0,0,0,0,0,0,0,0,0,0,0,0.000000000000000,0.000000000000000,0,0,0,800,"Mapped, On Network",-81.392642050500001,28.535093436000000,654644.225516999955289,505913.446572999993805,5/31/2019 10:33:29 AM,8248_8267
3314,3315,1,3314,27672,88062282,FHPK19OFF035182,FHP,Long,6/18/2019 0:00:00,02:14 PM,Orlando,Orange,STATE ROAD 528,STATE ROAD 482 (MCCOY ROAD),200,East,Rear End,2,0,0,0,N,N,N,1000.000000000000000,Rain,Daylight,0,Rear End,W,Property Damage Only,N,Front to Rear,Motor Vehicle in Transport,On Roadway,Entrance/Exit Ramp,Y,Not at Intersection,Turnpike/Toll,Paved,Wet,None, , ,None, , ,N,N, , , , ,0,0,0,0,0,0,0,0,0,0,0,0,0.000000000000000,0.000000000000000,0,0,0,1000,"Mapped, Not On Network",-81.345770000300007,28.450920024700000,659422.413799999980256,496665.293100000009872,6/25/2019 2:11:26 PM,11452_8329
3315,3316,1,3315,27725,88916420,2019-00182380,Orlando PD,Long,5/14/2019 0:00:00,02:15 PM,Orlando,Orange,EAST/WEST EXPRESSWAY (SR408),MILLS AVE,0,East,Sideswipe,2,0,0,0,N,N,N,1000.000000000000000,Rain,Daylight,0,Same Direction Sideswipe,W,Property Damage Only,Y,"Sideswipe, Same Direction",Motor Vehicle in Transport,On Roadway,Non-Junction,N,Not at Intersection,State,Paved,Wet,None, , ,None, , ,N,N, , , , ,0,0,2,0,0,0,0,0,0,0,0,0,0.000000000000000,0.000000000000000,0,1,0,1000,"Mapped, On Network",-81.360602686199996,28.538109122000002,657765.665657000034116,506314.847248999984004,6/10/2019 2:13:29 PM,8309_8313
3316,3317,1,3316,27728,88124020,FHPD19OFF046573,FHP,Long,5/22/2019 0:00:00,05:33 PM,Orlando Expwy Auth,Orange,STATE ROAD 408 EASTBOUND,MILE MARKER 18,0, ,Rear End,3,0,0,0,N,Y,N,14000.000000000000000,Clear,Dusk,0,Rear End,E,Property Damage Only,N,Front to Rear,Motor Vehicle in Transport,On Roadway,Non-Junction,N,Not at Intersection,Turnpike/Toll,Paved,Dry,None, , ,None, , ,N,N, , , , ,0,0,1,0,0,0,0,0,0,0,0,0,0.000000000000000,0.000000000000000,0,1,0,14000,"Mapped, On Network",-81.252833840299999,28.547330169599999,668265.939184000017121,507568.513069999986328,6/24/2019 12:01:40 PM,8027_6269
3317,3318,1,3317,27731,88137399,FHPD19OFF047235,FHP,Long,5/24/2019 0:00:00,03:46 PM,Orlando Expwy Auth,Orange,STATE RD 417,MOSS PARK RD,300,North,Sideswipe,2,0,0,0,N,N,N,8500.000000000000000,Clear,Daylight,0,Same Direction Sideswipe,N,Property Damage Only,N,Angle,Motor Vehicle in Transport,On Roadway,Non-Junction,N,Not at Intersection,Turnpike/Toll,Paved,Dry,None, , ,None, , ,N,N, , , , ,0,0,4,0,0,0,0,0,0,0,0,0,0.000000000000000,0.000000000000000,0,1,0,8500,"Mapped, On Network",-81.227128445899993,28.417004331600001,671101.124509999994189,493154.854735000000801,6/24/2019 12:00:49 PM,8533_8540
3318,3319,1,3318,27769,88119210,FHPD19OFF046031,FHP,Long,5/21/2019 0:00:00,07:09 AM,Orlando Expwy Auth,Orange,SR-417 (MM12),FLORIDA TURNPIKE,5280,North,Sideswipe,2,0,0,0,N,N,N,3000.000000000000000,Clear,Daylight,0,Same Direction Sideswipe,S,Property Damage Only,N,Angle,Motor Vehicle in Transport,On Roadway,Non-Junction,N,Not at Intersection,Turnpike/Toll,Paved,Dry,None, , ,None, , ,N,N, , , , ,0,0,0,0,0,0,0,0,0,0,0,0,0.000000000000000,0.000000000000000,0,1,0,3000,"Mapped, On Network",-81.378720487999999,28.368114636800001,656397.811778999981470,487402.392988000006881,6/25/2019 11:04:48 AM,9178_7997
3319,3320,1,3319,27770,88119209,FHPD19OFF045737,FHP,Short,5/20/2019 0:00:00,10:22 AM,Orlando Expwy Auth,Orange,SR-528 (MM27),DALLAS BLVD,15840,East,Rear End,2,0,0,0,N,N,N,3200.000000000000000,Clear,Daylight,0,Rear End,W,Property Damage Only,N,Front to Rear,Motor Vehicle in Transport,On Roadway,Non-Junction,N,Not at Intersection,Turnpike/Toll,Paved,Dry,None, , ,None, , ,N,N, , , , ,0,0,0,0,0,0,0,0,0,0,0,0,0.000000000000000,0.000000000000000,0,1,0,3200,"Mapped, Not On Network",-81.100470000000001,28.451640024400000,683391.736900000018068,497285.123000000021420,6/25/2019 11:05:02 AM,8112_6073
3320,3321,1,3320,27773,88124923,FHPD19OFF045256,FHP,Long,5/18/2019 0:00:00,04:45 PM,Orlando Expwy Auth,Orange,STATE ROAD 408 WB MM4,HIAWASSEE RD,0,West,Sideswipe,2,0,0,0,N,N,N,1000.000000000000000,Clear,Daylight,0,Same Direction Sideswipe,W,Property Damage Only,Y,"Sideswipe, Same Direction",Motor Vehicle in Transport,On Roadway,Non-Junction,N,Not at Intersection,Turnpike/Toll,Paved,Dry,None, , ,None, , ,N,N, , , , ,0,0,0,0,0,0,0,0,0,0,0,0,0.000000000000000,0.000000000000000,0,1,0,1000,"Mapped, On Network",-81.485802150100000,28.549094799399999,645515.448992999969050,507279.117360999982338,6/25/2019 3:41:59 PM,8148_6298
3321,3322,1,3321,27775,88124014,FHPD19OFF046204,FHP,Short,5/21/2019 0:00:00,04:11 PM,Orlando Expwy Auth,Orange,STATE ROAD 417 SOUTHBOUND,MILE MARKER 32,0, ,Sideswipe,2,0,0,0,N,Y,N,3000.000000000000000,Clear,Daylight,0,Same Direction Sideswipe,S,Property Damage Only,N,"Sideswipe, Same Direction",Motor Vehicle in Transport,On Roadway,Non-Junction,N,Not at Intersection,Turnpike/Toll,Paved,Dry,None, , ,None, , ,N,N, , , , ,0,0,1,0,0,0,0,0,0,0,0,0,0.000000000000000,0.000000000000000,0,1,0,3000,"Mapped, On Network",-81.255457576900000,28.545190016999999,668015.058094999985769,507325.190440999984276,6/25/2019 2:21:25 PM,2529_11876
3322,3323,1,3322,27832,88081037,FHPD19OFF046054,FHP,Short,5/21/2019 0:00:00,07:58 AM,Orlando Expwy Auth,Orange,SB SR-417,LANDSTAR BLVD,0,South,Rear End,2,0,0,0,N,N,N,13500.000000000000000,Clear,Daylight,0,Rear End,S,Property Damage Only,Y,Front to Rear,Motor Vehicle in Transport,On Roadway,Non-Junction,N,Not at Intersection,Turnpike/Toll,Paved,Dry,None, , ,None, , ,N,N, , , , ,0,0,0,0,0,0,0,0,0,0,0,0,0.000000000000000,0.000000000000000,0,1,0,13500,"Mapped, On Network",-81.367006257400007,28.368897957000001,657541.596367000020109,487513.777043999987654,6/19/2019 1:00:47 PM,8484_8486
3323,3324,1,3323,27833,88124925,FHPD19OFF045464,FHP,Long,5/19/2019 0:00:00,02:08 PM,Orlando Expwy Auth,Orange,STATE ROAD 417 NB MM27,LEE VISTA BLVD,0,South,Sideswipe,2,0,0,1,N,N,N,6000.000000000000000,Clear,Daylight,0,Same Direction Sideswipe,N,Injury,Y,"Sideswipe, Same Direction",Motor Vehicle in Transport,On Roadway,Non-Junction,N,Not at Intersection,Turnpike/Toll,Paved,Dry,None, , ,None, , ,N,N, , , , ,0,0,0,0,0,0,0,0,1,0,0,0,1.000000000000000,0.000000000000000,0,0,0,6000,"Mapped, On Network",-81.238410327899999,28.473838704599999,669856.950365999946371,499440.345642999978736,5/24/2019 10:16:17 AM,8544_8386
3324,3325,1,3324,27858,88124009,FHPD19OFF042647,FHP,Long,5/10/2019 0:00:00,04:27 PM,Orlando,Orange,STATE ROAD 528 EASTBOUND,MILE MARKER 30,0, ,Rear End,2,0,0,0,N,Y,N,13000.000000000000000,Clear,Daylight,0,Rear End,E,Property Damage Only,N,Front to Rear,Motor Vehicle in Transport,On Roadway,Non-Junction,N,Not at Intersection,Turnpike/Toll,Paved,Dry,None, , ,None, , ,N,N, , , , ,0,0,0,0,0,0,0,0,0,0,0,0,0.000000000000000,0.000000000000000,0,2,0,13000,"Mapped, On Network",-80.993012761399996,28.452426707699999,693890.124140999978408,497623.988349999999627,6/24/2019 10:49:16 AM,7061_8083
3325,3326,1,3325,27872,88917447,2019-00231826,Orlando PD,Long,6/20/2019 0:00:00,08:30 AM,Orlando,Orange,EAST/WEST EXPRESSWAY (SR 408),CRYSTAL LAKE DR,5280,East,Sideswipe,2,0,0,0,N,N,N,250.000000000000000,Clear,Daylight,0,Same Direction Sideswipe, ,Property Damage Only,Y,"Sideswipe, Same Direction",Motor Vehicle in Transport,On Roadway,Non-Junction,N,Not at Intersection,State,Paved,Dry,None, , ,None, , ,N,N, , , , ,0,0,0,0,0,0,0,0,0,0,0,0,0.000000000000000,0.000000000000000,0,0,0,250,"Mapped, On Network",-81.330254092999994,28.538509974800000,660728.109519000048749,506423.156559999973979,6/26/2019 2:39:35 PM,6229_6177
3326,3327,1,3326,27899,88091779,FHPD19OFF060290,FHP,Long,7/3/2019 0:00:00,07:00 PM,Orlando,Orange,STATE ROAD 417 CENTRAL FLORIDA GREENEWAY,STATE ROAD 528 BEACHLINE EXPRESSWAY,100,North,Rear End,2,0,0,0,N,N,N,7500.000000000000000,Rain,Dusk,0,Rear End,N,Property Damage Only,N,Angle,Motor Vehicle in Transport,On Roadway,Non-Junction,N,Not at Intersection,State,Paved,Wet,None, , ,Weather Conditions, , ,N,N, , , , ,0,0,0,0,0,0,0,0,0,0,0,0,0.000000000000000,0.000000000000000,0,2,3000,4500,"Mapped, On Network",-81.230326580300002,28.451947159100001,670701.345849000033922,497027.478730999981053,7/25/2019 10:59:04 AM,7993_7091
3327,3328,1,3327,27900,88091778,FHPD19OFF060269,FHP,Long,7/3/2019 0:00:00,07:00 PM,Orlando,Orange,STATE ROAD 417 CENTRAL FLORIDA GREENEWAY,STATE ROAD 528 BEACHLINE EXPRESSWAY,100,South,Rear End,2,0,0,0,N,N,N,8000.000000000000000,Rain,Dusk,0,Rear End,N,Property Damage Only,N,Front to Rear,Motor Vehicle in Transport,On Roadway,Non-Junction,N,Not at Intersection,State,Paved,Wet,None, , ,Weather Conditions, , ,N,N, , , , ,0,0,0,0,0,0,0,0,0,0,0,0,0.000000000000000,0.000000000000000,0,1,0,8000,"Mapped, On Network",-81.230326390000002,28.451828235299999,670701.661060999962501,497014.275222999975085,7/25/2019 10:59:47 AM,7993_7091
3328,3329,1,3328,27909,85597383,FHPD19OFF055731,FHP,Short,6/20/2019 0:00:00,07:40 AM,Unincorporated,Orange,SR417 NB,SR408 WB EXIT RAMP,0, ,Sideswipe,2,0,0,0,N,N,N,600.000000000000000,Clear,Daylight,0,Same Direction Sideswipe,N,Property Damage Only,N,"Sideswipe, Same Direction",Motor Vehicle in Transport,On Roadway,Entrance/Exit Ramp,Y,Y-Intersection,Interstate,Paved,Dry,None, , ,None, , ,N,N, , , , ,0,0,0,0,0,0,0,0,0,0,0,0,0.000000000000000,0.000000000000000,0,1,0,600,"Mapped, Not On Network",-81.258260000199996,28.547800025099999,667734.991799999959767,507608.887600000016391,6/25/2019 1:40:14 PM,11876_8570
3329,3330,1,3329,27946,88138451,FHPD19OFF043652,FHP,Long,5/13/2019 0:00:00,05:24 PM,Orlando Expwy Auth,Orange,SR417,23MM,0, ,Rear End,2,0,0,0,N,N,N,4500.000000000000000,Cloudy,Daylight,0,Rear End,S,Property Damage Only,N,Front to Rear,Motor Vehicle in Transport,On Roadway,Non-Junction,N,Not at Intersection,Turnpike/Toll,Paved,Wet,None, , ,None, , ,N,N, , , , ,0,0,0,0,0,0,0,0,0,0,0,0,0.000000000000000,0.000000000000000,0,1,0,4500,"Mapped, On Network",-81.227547640200001,28.421232216700002,671049.591616000048816,493623.349170000001322,6/24/2019 10:55:21 AM,8516_8536
3330,3331,1,3330,27947,88138448,FHPD19OFF043031,FHP,Short,5/11/2019 0:00:00,07:55 PM,Orlando Expwy Auth,Orange,SR417,9MM,0, ,Rear End,2,0,0,0,N,N,N,4000.000000000000000,Clear,Dark - Lighted,0,Rear End,S,Property Damage Only,N,Front to Rear,Motor Vehicle in Transport,On Roadway,Non-Junction,N,Not at Intersection,Turnpike/Toll,Paved,Dry,None, , ,None, , ,N,N, , , , ,0,0,0,0,0,0,0,0,0,0,0,0,0.000000000000000,0.000000000000000,0,1,0,4000,"Mapped, On Network",-81.426564776000006,28.372384229900000,651708.762084000045434,487777.885934000019915,6/24/2019 10:50:54 AM,8290_8292
3331,3332,1,3331,27948,88138446,FHPD19OFF042690,FHP,Long,5/10/2019 0:00:00,06:12 PM,Orlando Expwy Auth,Orange,SR417,37MM,0, ,Sideswipe,2,0,0,0,N,N,N,500.000000000000000,Clear,Daylight,0,Same Direction Sideswipe,N,Property Damage Only,N,"Sideswipe, Same Direction",Motor Vehicle in Transport,On Roadway,Non-Junction,N,Not at Intersection,Turnpike/Toll,Paved,Dry,None, , ,None, , ,N,N, , , , ,0,0,0,0,0,0,0,0,0,0,0,0,0.000000000000000,0.000000000000000,0,0,0,500,"Mapped, On Network",-81.250084825800002,28.594786696400000,668416.822791000013240,512843.498324999993201,6/24/2019 10:49:00 AM,8120_8585
3332,3333,1,3332,27949,88137392,FHPD19OFF043424,FHP,Long,5/13/2019 0:00:00,08:43 AM,Orlando Expwy Auth,Orange,STATE RD 528,DALLAS BLVD,20,West,Other,1,0,0,1,N,N,N,10500.000000000000000,Clear,Daylight,0,Single Vehicle,E,Injury,N,Other,Other Non-Collision,Shoulder,Non-Junction,N,Not at Intersection,Turnpike/Toll,Paved,Dry,None, , ,None, , ,N,N, , , , ,0,0,0,0,0,0,0,0,1,0,0,0,1.000000000000000,0.000000000000000,0,1,2500,8000,"Mapped, On Network",-81.095379097600002,28.451531329800002,683889.499445999972522,497284.764905999996699,5/20/2019 1:53:38 PM,8109_6321
3333,3334,1,3333,27950,88137391,FHPD19OFF043224,FHP,Short,5/12/2019 0:00:00,01:23 PM,Orlando Expwy Auth,Orange,STATE RD 417,LANDSTAR BLVD,0,South,Sideswipe,2,0,0,0,N,N,N,6000.000000000000000,Cloudy,Daylight,0,Same Direction Sideswipe,S,Property Damage Only,N,"Sideswipe, Same Direction",Motor Vehicle in Transport,On Roadway,Non-Junction,N,Not at Intersection,Turnpike/Toll,Paved,Dry,None, , ,None, , ,N,N, , , , ,0,0,2,0,0,0,0,0,0,0,0,0,0.000000000000000,0.000000000000000,0,1,0,6000,"Mapped, On Network",-81.377634513600000,28.368421592200001,656503.294375999947079,487438.733202999981586,6/24/2019 10:53:52 AM,8486_9176
3334,3335,1,3334,27968,88918023,2019-00230949,Orlando PD,Long,6/19/2019 0:00:00,06:35 PM,Orlando,Orange,408 EB,I4 WB,100,West,Rear End,2,0,0,0,N,N,N,300.000000000000000,Rain,Daylight,0,Rear End, ,Property Damage Only,Y,Front to Rear,Motor Vehicle in Transport,On Roadway,Non-Junction,N,Not at Intersection,U.S.,Paved,Wet,None, , ,None, , ,N,N, , , , ,0,0,0,0,0,0,0,0,0,0,0,0,0.000000000000000,0.000000000000000,0,0,0,300,"Mapped, On Network",-81.388365456100004,28.535127827899998,655061.750267999945208,505926.103552000015043,6/25/2019 4:16:28 PM,8267_6679
3335,3336,1,3335,27974,89213227,2019-00228999,Orlando PD,Long,6/18/2019 0:00:00,07:40 AM,Orlando,Orange,SR 408 WEST,CONWAY RD RAMP TO SR 408,5280,East,Rear End,3,0,0,0,N,N,N,2000.000000000000000,Clear,Daylight,0,Rear End,W,Property Damage Only,Y,Front to Rear,Motor Vehicle in Transport,On Roadway,Non-Junction,N,Other,State,Paved,Dry,None, , ,Unknown, , ,N,N, , , , ,0,0,0,0,0,0,0,0,0,0,0,0,0.000000000000000,0.000000000000000,0,0,0,2000,"Mapped, On Network",-81.331679054500000,28.538226783999999,660589.649587000021711,506388.701877999992575,6/26/2019 11:17:21 AM,8355_8348
3336,3337,1,3336,28004,88918236,2019-00249999,Orlando PD,Long,7/3/2019 0:00:00,07:00 PM,Orlando,Orange,STATE ROAD 528,NARCOOSEE ROAD (STATE ROAD 15),500,East,Rear End,2,0,0,1,N,N,N,4000.000000000000000,Rain,Daylight,0,Rear End,E,Injury,Y,Front to Rear,Motor Vehicle in Transport,On Roadway,Non-Junction,N,Not at Intersection,State,Paved,Wet,None,None,None,None,None,None,N,N, , , , ,0,0,2,0,0,0,0,0,0,1,0,0,0.000000000000000,0.000000000000000,0,0,0,4000,"Mapped, On Network",-81.262649073600002,28.448453127299999,667551.356533000012860,496568.998728999984451,7/24/2019 2:33:40 PM,8052_8060
3337,3338,1,3337,28040,88134976,FHPD19OFF043505,FHP,Long,5/13/2019 0:00:00,12:21 PM,Orlando,Orange,STATE ROAD 417 (GREENWAY EXPY),STATE ROAD 50 (EAST COLONIAL DRIVE),500,South,Other,1,0,0,1,N,N,N,12000.000000000000000,Rain,Daylight,0,Single Vehicle,N,Injury,N,Other,Other Non-Collision,Off Roadway,Non-Junction,N,Not at Intersection,State,Paved,Wet,Road Surface Condition, , ,Weather Conditions, , ,N,N, , , , ,0,0,0,0,0,0,0,1,0,0,0,0,0.000000000000000,0.000000000000000,0,0,0,12000,"Mapped, On Network",-81.266681350699997,28.565659838500000,666868.809190000058152,509573.578764999983832,5/20/2019 1:56:38 PM,8451_2531
3338,3339,1,3338,28049,88137400,FHPD19OFF047282,FHP,Short,5/24/2019 0:00:00,05:17 PM,Orlando Expwy Auth,Orange,STATE RD 417,STATE RD 552 CURRY FORD RD,0,South,Rear End,2,0,0,0,N,N,N,6500.000000000000000,Clear,Daylight,0,Rear End,N,Property Damage Only,N,Angle,Motor Vehicle in Transport,On Roadway,Non-Junction,N,Not at Intersection,Turnpike/Toll,Paved,Dry,None, , ,None, , ,N,N, , , , ,0,0,0,0,0,0,0,0,0,0,0,0,0.000000000000000,0.000000000000000,0,0,0,6500,"Mapped, On Network",-81.250500722100000,28.517604038599998,668567.335822000051849,504273.148560000001453,6/24/2019 12:01:05 PM,8553_6689
3339,3340,1,3339,28108,88081045,FHPD19OFF054772,FHP,Long,6/17/2019 0:00:00,08:45 AM,Orlando Expwy Auth,Orange,NB SR-417,SR-408,0,South,Sideswipe,2,0,0,0,N,N,N,13000.000000000000000,Cloudy,Daylight,0,Same Direction Sideswipe,N,Property Damage Only,Y,Front to Rear,Motor Vehicle in Transport,On Roadway,Non-Junction,N,Not at Intersection,Turnpike/Toll,Paved,Wet,None, , ,None, , ,N,Y,Work on Shoulder or Median,Activity Area,N,N,0,0,0,0,0,0,0,0,0,0,0,0,0.000000000000000,0.000000000000000,0,2,0,13000,"Mapped, On Network",-81.254918435199997,28.544647423699999,668069.039935000007972,507266.119135999993887,6/27/2019 2:30:01 PM,6035_2529
3340,3341,1,3340,28143,88081033,FHPD19OFF043633,FHP,Short,5/13/2019 0:00:00,04:56 PM,Orlando Expwy Auth,Orange,SB SR-417,CURRY FORD RD,0,South,Sideswipe,2,0,0,0,N,N,N,6000.000000000000000,Rain,Daylight,0,Same Direction Sideswipe,S,Property Damage Only,Y,"Sideswipe, Same Direction",Motor Vehicle in Transport,On Roadway,Entrance/Exit Ramp,N,Not at Intersection,Turnpike/Toll,Paved,Wet,None, , ,None, , ,N,N, , , , ,0,0,3,0,0,0,0,0,0,0,0,0,0.000000000000000,0.000000000000000,0,1,0,6000,"Mapped, On Network",-81.243846600799998,28.500341674400001,669260.037796000018716,502371.046113000018522,6/25/2019 10:32:34 AM,8559_6030
3341,3342,1,3341,28148,88081034,FHPD19OFF043676,FHP,Short,5/13/2019 0:00:00,05:54 PM,Orlando Expwy Auth,Orange,NB SR-417 EXIT RAMP,LANDSTAR BLVD,0,South,Rear End,2,0,0,0,N,N,N,10000.000000000000000,Cloudy,Daylight,0,Rear End,N,Property Damage Only,Y,Front to Rear,Motor Vehicle in Transport,On Roadway,Non-Junction,N,Not at Intersection,Turnpike/Toll,Paved,Wet,None, , ,None, , ,N,N, , , , ,0,0,1,0,0,0,0,0,0,0,0,0,0.000000000000000,0.000000000000000,0,1,0,10000,"Mapped, Not On Network",-81.374719999600003,28.368170024400001,656788.925500000012107,487416.867000000027474,6/25/2019 10:33:29 AM,9178_7997
3342,3343,1,3342,28182,88918251,2019-00227688,Orlando PD,Long,6/17/2019 0:00:00,07:29 AM,Orlando,Orange,SR 408 WEST,I4 WEST (SR 400) EXIT RAMP,250,East,Rear End,2,0,0,1,N,Y,N,3500.000000000000000,Cloudy,Daylight,0,Rear End,W,Injury,Y,Front to Rear,Motor Vehicle in Transport,On Roadway,Non-Junction,N,Not at Intersection,State,Paved,Dry,None, , ,None, , ,N,Y,Other,Activity Area,N,N,0,0,0,0,0,0,0,1,0,0,0,0,0.000000000000000,0.000000000000000,0,0,0,3500,"Mapped, On Network",-81.373993208700000,28.537124445200000,656460.463186000008136,506177.598518999991938,6/24/2019 2:59:05 PM,6737_6230
3343,3344,1,3343,28196,88916643,2019-00229354,Orlando PD,Long,6/18/2019 0:00:00,01:54 PM,Orlando,Orange,STATE ROAD 408,MILLS AVENUE,300,East,Rear End,2,0,0,2,N,Y,N,9800.000000000000000,Rain,Daylight,0,Rear End,E,Injury,Y,"Sideswipe, Same Direction",Motor Vehicle in Transport,On Roadway,Non-Junction,N,Not at Intersection,State,Curb,Wet,None, , ,None, , ,N,N, , , , ,0,0,1,0,0,0,0,2,0,0,0,0,2.000000000000000,0.000000000000000,0,0,0,9800,"Mapped, On Network",-81.365196283100005,28.537035752900000,657319.666395999956876,506186.076804000011180,6/24/2019 3:33:42 PM,8305_8315