FID,OBJECTID_1,Join_Count,TARGET_FID,OBJECTID,HSMV_Repor,Agency_Rep,Reporting_,Form_Type,Crash_Date,Crash_Time,City,County,Crash_Stre,Intersecti,Offset_Dis,Offset_Dir,Crash_Type,Vehicles,Non_Motori,Fatalities,Injuries,Alcohol_Re,Distractio,Drug_Relat,Estimated_,Weather_Co,Light_Cond,Street_Num,Crash_Ty_1,Crash_Ty_2,Crash_Seve,Within_Cit,Manner_of_,First_Harm,First_HE_L,First_HE_R,First_HE_W,Type_of_In,Road_Sys_I,Type_of_Sh,Road_Surf_,Contrib_Ci,Contrib__1,Contrib__2,Contrib__3,Contrib__4,Contrib__5,School_Bus,Work_Zone_,Type_of_Wo,Loc_in_Wor,Workers_in,Law_Enforc,Mopeds,Motorcycle,Passengers,Bicyclists,Pedestrian,Fataliti_1,Injuries_U,Possible_I,Non_Incapa,Incapacita,Fataliti_2,Non_Traffi,Transporte,Transpor_1,Transpor_2,Citations,Property_D,Vehicle_Dm,S4_Mapping,S4_Decimal,S4_Decim_1,S4_Albers_,S4_Albers1,S4_Mappi_1,zone_id_st
3344,3345,1,3344,28201,88915253,2019-00228486,Orlando PD,Long,6/17/2019 0:00:00,06:50 PM,Orlando,Orange,EW EBO,EXIT 9 (ORANGE BLOSSOM TRAIL),0,East,Rear End,2,0,0,3,N,N,N,5000.000000000000000,Clear,Daylight,0,Rear End,E,Injury,Y,Front to Rear,Motor Vehicle in Transport,On Roadway,Entrance/Exit Ramp,N,Not at Intersection,Turnpike/Toll,Paved,Wet,None, , ,None, , ,N,N, , , , ,0,0,1,0,0,0,0,3,0,0,0,0,0.000000000000000,0.000000000000000,0,0,0,5000,"Mapped, On Network",-81.400000623799997,28.535055443899999,653925.755619999952614,505894.054260000004433,6/24/2019 3:35:25 PM,8169_8242
3345,3346,1,3345,28231,88138454,FHPD19OFF046066,FHP,Short,5/21/2019 0:00:00,08:44 AM,Orlando Expwy Auth,Orange,SR408,7MM,0, ,Rear End,2,0,0,0,N,N,N,5000.000000000000000,Clear,Daylight,0,Rear End,E,Property Damage Only,N,Front to Rear,Motor Vehicle in Transport,On Roadway,Non-Junction,N,Not at Intersection,Turnpike/Toll,Paved,Dry,None, , ,None, , ,N,N, , , , ,0,0,0,0,0,0,0,0,0,0,0,0,0.000000000000000,0.000000000000000,0,1,0,5000,"Mapped, On Network",-81.427032245199996,28.545763237300001,651261.320348000037484,507027.585128000006080,6/25/2019 11:04:29 AM,6014_8237
3346,3347,1,3346,28242,88138452,FHPD19OFF043990,FHP,Short,5/14/2019 0:00:00,05:51 PM,Orlando Expwy Auth,Orange,SR408,21MM,0, ,Rear End,2,0,0,0,N,N,N,4000.000000000000000,Clear,Daylight,0,Rear End,E,Property Damage Only,N,Front to Rear,Motor Vehicle in Transport,On Roadway,Non-Junction,N,Not at Intersection,Turnpike/Toll,Paved,Dry,None, , ,None, , ,N,Y,Work on Shoulder or Median,Advance Warning Area,N,N,0,0,0,0,0,0,0,0,0,0,0,0,0.000000000000000,0.000000000000000,0,1,0,4000,"Mapped, On Network",-81.204084283599997,28.549803019900001,673019.390337000018917,507950.060465999995358,6/25/2019 10:27:05 AM,8041_6970
3347,3348,1,3347,28252,88124918,FHPD19OFF043785,FHP,Short,5/14/2019 0:00:00,08:14 AM,Orlando Expwy Auth,Orange,STATE ROAD 408 EB,STATE ROAD 417,200,West,Sideswipe,2,0,0,0,N,N,N,400.000000000000000,Cloudy,Daylight,0,Same Direction Sideswipe,E,Property Damage Only,Y,"Sideswipe, Same Direction",Motor Vehicle in Transport,On Roadway,Non-Junction,N,Not at Intersection,Turnpike/Toll,Paved,Dry,None, , ,None, , ,N,N, , , , ,0,0,0,0,0,0,0,0,0,0,0,0,0.000000000000000,0.000000000000000,0,1,0,400,"Mapped, On Network",-81.271764632599997,28.546752283299998,666419.034176000044681,507463.309804000018630,6/25/2019 10:27:31 AM,8412_7015
3348,3349,1,3348,28253,88124917,FHPD19OFF043454,FHP,Long,5/13/2019 0:00:00,10:29 AM,Orlando Expwy Auth,Orange,STATE ROAD 528 EB MM22,DALLAS BLVD,10560,West,Rear End,2,0,0,0,N,N,N,510.000000000000000,Cloudy,Daylight,0,Rear End,E,Property Damage Only,Y,Front to Rear,Motor Vehicle in Transport,On Roadway,Non-Junction,N,Not at Intersection,Turnpike/Toll,Paved,Dry,None, , ,None, , ,N,N, , , , ,0,0,2,0,0,0,0,0,0,0,0,0,0.000000000000000,0.000000000000000,0,1,0,510,"Mapped, On Network",-81.116253297300005,28.451321444500000,681850.232030999963172,497213.579071999993175,6/24/2019 10:55:37 AM,8101_6488
3349,3350,1,3349,28256,88119205,FHPD19OFF043895,FHP,Long,5/14/2019 0:00:00,02:23 PM,Orlando Expwy Auth,Orange,SR-417 (EXIT34),SR-50,80,South,Off Road,1,0,0,0,N,N,N,7400.000000000000000,Rain,Daylight,0,Off Road,N,Property Damage Only,N,Other,Utility Pole/Light Support,Shoulder,Entrance/Exit Ramp,N,Not at Intersection,Turnpike/Toll,Paved,Wet,None, , ,Weather Conditions, , ,N,N, , , , ,0,0,0,0,0,0,0,0,0,0,0,0,0.000000000000000,0.000000000000000,0,1,4000,3400,"Mapped, Not On Network",-81.412760000199995,28.375160024800000,653052.347999999998137,488114.342699999979232,6/25/2019 10:29:55 AM,8107_8280
3350,3351,1,3350,28294,88917939,2019-00232882,Orlando PD,Long,6/21/2019 0:00:00,12:15 AM,Orlando,Orange,CENTRAL FL GRNWY (417),NARCOOSSEE RD,5280,West,Other,1,0,1,0,Y,N,N,8000.000000000000000,Clear,Dark - Not Lighted,0,Single Vehicle,N,Fatality,Y,Other,Other Non-Collision,Off Roadway,Non-Junction,N,Not at Intersection,State,Paved,Dry,None, , ,None, , ,N,N, , , , ,0,1,0,0,0,0,0,0,0,0,1,0,0.000000000000000,0.000000000000000,0,0,0,8000,"Mapped, On Network",-81.255859890099998,28.389685196500000,668360.053520999965258,490058.796052000019699,6/24/2019 12:40:12 PM,6701_5900
3351,3352,1,3351,28306,88138464,FHPD19OFF056100,FHP,Short,6/21/2019 0:00:00,08:26 AM,Orlando Expwy Auth,Orange,SR408,20MM,0, ,Rear End,2,0,0,0,N,N,N,700.000000000000000,Clear,Daylight,0,Rear End,W,Property Damage Only,N,Front to Rear,Motor Vehicle in Transport,On Roadway,Non-Junction,N,Not at Intersection,Turnpike/Toll,Paved,Dry,None, , ,None, , ,N,Y,Work on Shoulder or Median,Advance Warning Area,Y,N,0,0,0,0,0,0,0,0,0,0,0,0,0.000000000000000,0.000000000000000,0,1,0,700,"Mapped, On Network",-81.218262259300005,28.547959709000001,671639.772955000051297,507714.091608999995515,6/26/2019 4:10:45 PM,6946_8057
3352,3353,1,3352,28307,88138463,FHPD19OFF055136,FHP,Long,6/18/2019 0:00:00,12:00 PM,Orlando Expwy Auth,Orange,SR528,24MM,0, ,Off Road,1,0,0,1,N,N,N,4600.000000000000000,Clear,Daylight,0,Off Road,E,Injury,N,Other,Guardrail Face,Off Roadway,Non-Junction,N,Not at Intersection,Turnpike/Toll,Paved,Dry,None, , ,None, , ,N,N, , , , ,0,0,0,0,0,0,0,1,0,0,0,0,0.000000000000000,0.000000000000000,0,1,600,4000,"Mapped, On Network",-81.092039999999997,28.451573647899998,684215.682200000039302,497297.154844000004232,6/26/2019 4:11:00 PM,8109_6321
3353,3354,1,3353,28309,88122444,FHPD19OFF055400,FHP,Short,6/19/2019 0:00:00,08:00 AM,Orlando Expwy Auth,Orange,WB SR-528,SR-15,10560,East,Rear End,2,0,0,0,N,N,N,1000.000000000000000,Cloudy,Daylight,0,Rear End,W,Property Damage Only,Y,Front to Rear,Motor Vehicle in Transport,On Roadway,Non-Junction,N,Not at Intersection,Turnpike/Toll,Paved,Wet,None, , ,None, , ,N,N, , , , ,0,0,0,0,0,0,0,0,0,0,0,0,0.000000000000000,0.000000000000000,0,1,0,1000,"Mapped, On Network",-81.237906174499997,28.451473306099999,669961.836886000004597,496958.251438000006601,6/26/2019 4:10:02 PM,8007_6663
3354,3355,1,3354,28317,88124947,FHPD19OFF055886,FHP,Long,6/20/2019 0:00:00,04:28 PM,Orlando Expwy Auth,Orange,STATE ROAD 528 EB MM24,DALLAS BLVD,0,West,Sideswipe,2,0,0,0,N,N,N,1500.000000000000000,Clear,Daylight,0,Same Direction Sideswipe,E,Property Damage Only,Y,"Sideswipe, Same Direction",Motor Vehicle in Transport,On Roadway,Non-Junction,N,Not at Intersection,Turnpike/Toll,Paved,Dry,None, , ,None, , ,N,N, , , , ,0,0,0,0,0,0,0,0,0,0,0,0,0.000000000000000,0.000000000000000,0,0,0,1500,"Mapped, On Network",-81.110824456600000,28.451342603899999,682380.681370000005700,497228.348270000016782,6/26/2019 3:39:41 PM,8101_6488
3355,3356,1,3355,28329,88119208,FHPD19OFF044785,FHP,Long,5/17/2019 0:00:00,11:07 AM,Orlando Expwy Auth,Orange,SR-528 (MM24),DALLAS BLVD,10,West,Other,2,0,0,2,N,N,N,12400.000000000000000,Clear,Daylight,0,Parked Vehicle,W,Injury,N,Front to Rear,Parked Motor Vehicle,Shoulder,Non-Junction,N,Not at Intersection,Turnpike/Toll,Paved,Dry,None, , ,None, , ,N,N, , , , ,0,0,0,0,0,0,0,1,1,0,0,0,1.000000000000000,0.000000000000000,0,1,400,12000,"Mapped, On Network",-81.095251087999998,28.451733391000001,683901.479882000014186,497307.493583999981638,5/24/2019 10:12:36 AM,6322_8112
3356,3357,1,3356,28339,88917668,2019-00207475,Orlando PD,Long,6/1/2019 0:00:00,06:45 PM,Orlando,Orange,EW EBO,S ORANGE AV,0,East,Sideswipe,2,0,0,0,N,N,N,1.000000000000000,Clear,Daylight,0,Same Direction Sideswipe,E,Property Damage Only,Y,"Sideswipe, Same Direction",Motor Vehicle in Transport,On Roadway,Non-Junction,N,Not at Intersection,Turnpike/Toll,Paved,Dry,None, , ,None, , ,N,N, , , , ,0,0,0,0,0,0,0,0,0,0,0,0,0.000000000000000,0.000000000000000,0,0,0,1,"Mapped, On Network",-81.378875417399996,28.535769772999998,655986.927476000040770,506017.043950000021141,6/5/2019 4:30:50 PM,6230_8274
3357,3358,1,3357,28340,88917428,2019-00207435,Orlando PD,Long,6/1/2019 0:00:00,05:20 PM,Orlando,Orange,EW EBO,S ORANGE AV,0,East,Rear End,2,0,0,0,N,N,N,2.000000000000000,Clear,Daylight,0,Rear End,E,Property Damage Only,Y,Front to Rear,Motor Vehicle in Transport,On Roadway,Non-Junction,N,Not at Intersection,Turnpike/Toll,Paved,Dry,None, , ,None, , ,N,N, , , , ,0,0,2,0,0,0,0,0,0,0,0,0,1.000000000000000,0.000000000000000,0,1,0,2,"Mapped, On Network",-81.378534639400002,28.535841760800000,656020.033928000018932,506025.744269000017084,6/5/2019 4:26:53 PM,6737_6230
3358,3359,1,3358,28341,88917268,2019-00207399,Orlando PD,Long,6/1/2019 0:00:00,05:20 PM,Orlando,Orange,EW EBO,S ORANGE AV,0,East,Rear End,2,0,0,0,N,N,N,2.000000000000000,Clear,Daylight,0,Rear End,E,Property Damage Only,Y,Front to Rear,Motor Vehicle in Transport,On Roadway,Non-Junction,N,Not at Intersection,Turnpike/Toll,Paved,Dry,None, , ,None, , ,N,N, , , , ,0,0,0,0,0,0,0,0,0,0,0,0,1.000000000000000,0.000000000000000,0,1,0,2,"Mapped, On Network",-81.378621259400006,28.535817783599999,656011.632244999986142,506022.902231000014581,6/5/2019 4:29:32 PM,6230_8274
3359,3360,1,3359,28345,88916243,2019-00206016,Orlando PD,Long,5/31/2019 0:00:00,04:05 PM,Orlando,Orange,SR 408,SR 441,1100,East,Other,1,0,0,0,N,N,N,0.000000000000000,Clear,Daylight,0,Single Vehicle,W,Property Damage Only,Y,Other,Motor Vehicle in Transport,On Roadway,Non-Junction,N,Not at Intersection,State,Paved,Dry,Work Zone, , ,None, , ,N,N, , , , ,0,0,0,0,0,0,0,0,0,0,0,0,0.000000000000000,0.000000000000000,0,0,0,0,"Mapped, On Network",-81.393358441600000,28.535208937600000,654573.999414999969304,505924.791698999993969,6/5/2019 3:26:59 PM,8272_8254
3360,3361,1,3360,28351,88049608,FHPD19OFF043597,FHP,Long,5/13/2019 0:00:00,04:00 PM,Orlando Expwy Auth,Orange,SR-408 (MM21),ALAFAYA TRAIL,100,West,Rear End,2,0,0,2,N,N,N,4500.000000000000000,Rain,Daylight,0,Rear End,W,Injury,N,Front to Rear,Motor Vehicle in Transport,On Roadway,Non-Junction,N,Not at Intersection,Turnpike/Toll,Paved,Wet,None, , ,None, , ,N,Y,Work on Shoulder or Median,Activity Area,N,N,0,0,1,0,0,0,0,2,0,0,0,0,0.000000000000000,0.000000000000000,0,1,0,4500,"Mapped, Not On Network",-81.203944043899995,28.549835705900001,673033.000000000000000,507954.000000000000000,6/25/2019 1:54:28 PM,8041_6970
3361,3362,1,3361,28352,88124013,FHPD19OFF043877,FHP,Long,5/14/2019 0:00:00,01:48 PM,Orlando Expwy Auth,Orange,STATE ROAD 408 EASTBOUND,MILE MARKER 20,0, ,Off Road,1,0,0,0,N,N,N,6000.000000000000000,Rain,Daylight,0,Off Road,E,Property Damage Only,N,Other,Guardrail Face,Off Roadway,Non-Junction,N,Not at Intersection,Turnpike/Toll,Paved,Wet,None, , ,None, , ,N,N, , , , ,0,0,0,0,0,0,0,0,0,0,0,0,0.000000000000000,0.000000000000000,0,0,0,6000,"Mapped, On Network",-81.229381009600004,28.547143210600002,670556.234884000034072,507598.993934000027366,6/25/2019 10:28:04 AM,6305_8077
3362,3363,1,3362,28353,88124011,FHPD19OFF043217,FHP,Long,5/12/2019 0:00:00,01:07 PM,Orlando Expwy Auth,Orange,STATE ROAD 528 EASTBOUND,MILE MARKER 26,0, ,Off Road,1,0,0,0,N,Y,N,25000.000000000000000,Clear,Daylight,0,Off Road,E,Property Damage Only,N,Other,Cable Barrier,Off Roadway,Non-Junction,N,Not at Intersection,Turnpike/Toll,Paved,Dry,None, , ,None, , ,N,N, , , , ,0,0,1,0,0,0,0,0,0,0,0,0,0.000000000000000,0.000000000000000,0,1,22500,2500,"Mapped, On Network",-81.059187587099998,28.451946707699999,687424.989663999993354,497414.719777000020258,6/24/2019 10:54:12 AM,6321_7008
3363,3364,1,3363,28378,88121431,FHPK19OFF034525,FHP,Short,6/15/2019 0:00:00,04:22 PM,Winter Garden,Orange,STATE ROAD 429 (WESTERN BELTWAY),MILE MARKER 19,100,South,Sideswipe,2,0,0,0,N,N,N,1000.000000000000000,Clear,Daylight,0,Same Direction Sideswipe,S,Property Damage Only,N,"Sideswipe, Same Direction",Motor Vehicle in Transport,On Roadway,Intersection,N,Not at Intersection,Turnpike/Toll,Paved,Dry,None, , ,None, , ,N,N, , , , ,0,0,0,0,0,0,0,0,0,0,0,0,0.000000000000000,0.000000000000000,0,1,0,1000,"Mapped, On Network",-81.594895135200005,28.515462200300000,634936.569817999959923,503332.239150999987032,6/25/2019 2:19:58 PM,8492_6233
3364,3365,1,3364,28416,88916497,2019-00180791,Orlando PD,Long,5/13/2019 0:00:00,12:58 PM,Orlando,Orange,SR 408 WEST,S BUMBY AVENUE,1000,East,Off Road,1,0,0,0,N,N,N,6000.000000000000000,Rain,Daylight,0,Off Road,W,Property Damage Only,Y,Other,Concrete Traffic Barrier,Shoulder,Non-Junction,N,Not at Intersection,State,Paved,Wet,None, , ,None, , ,N,N, , , , ,0,0,0,0,0,0,0,0,0,0,0,0,0.000000000000000,0.000000000000000,0,0,0,6000,"Mapped, On Network",-81.354635388600002,28.538392713200000,658347.671872999984771,506358.822079000005033,6/25/2019 10:57:37 AM,6185_8318
3365,3366,1,3365,28421,88124916,FHPD19OFF043410,FHP,Short,5/13/2019 0:00:00,08:11 AM,Orlando Expwy Auth,Orange,STATE ROAD 429 SB,CROWN POINT RD,100,South,Rear End,2,0,0,0,N,N,N,500.000000000000000,Cloudy,Daylight,0,Rear End,S,Property Damage Only,Y,Other,Other Non-Fixed Object,On Roadway,Non-Junction,N,Not at Intersection,Turnpike/Toll,Paved,Dry,None, , ,None, , ,N,N, , , , ,0,0,1,0,0,0,0,0,0,0,0,0,0.000000000000000,0.000000000000000,0,1,0,500,"Mapped, On Network",-81.554578930800005,28.597162401999999,638694.325743000023067,512481.182574999984354,6/25/2019 10:29:24 AM,6248_5993
3366,3367,1,3366,28459,88121429,FHPK19OFF034263,FHP,Long,6/14/2019 0:00:00,03:50 PM,Winter Garden,Orange,STATE ROAD 429 (WESTERN BELTWAY),NEW INDEPENDENCE PKWY,1000,South,Rear End,4,0,0,1,N,Y,N,9000.000000000000000,Clear,Daylight,0,Rear End,S,Injury,N,Front to Rear,Motor Vehicle in Transport,On Roadway,Non-Junction,N,Not at Intersection,Turnpike/Toll,Paved,Dry,None, , ,None, , ,N,N, , , , ,0,0,0,0,0,0,0,1,0,0,0,0,0.000000000000000,0.000000000000000,0,1,0,9000,"Mapped, Not On Network",-81.631379999800004,28.479240024300001,631450.343100000056438,499241.301500000001397,6/27/2019 2:17:29 PM,8037_6764
3367,3368,1,3367,28460,88119230,FHPD19OFF056614,FHP,Short,6/22/2019 0:00:00,04:10 PM,Orlando Expwy Auth,Orange,SR-417,BOGGY CREEK RD,80,South,Rear End,2,0,0,0,N,N,N,2200.000000000000000,Clear,Daylight,0,Rear End,S,Property Damage Only,N,Front to Rear,Motor Vehicle in Transport,On Roadway,Non-Junction,N,Not at Intersection,State,Paved,Dry,None, , ,None, , ,N,N, , , , ,0,0,0,0,0,0,0,0,0,0,0,0,0.000000000000000,0.000000000000000,0,1,0,2200,"Mapped, Not On Network",-81.309605738800002,28.369411652000000,663154.000000000000000,487692.000000000000000,6/27/2019 2:28:07 PM,11015_8482
3368,3369,1,3368,28468,88138462,FHPD19OFF054786,FHP,Short,6/17/2019 0:00:00,09:32 AM,Orlando Expwy Auth,Orange,SR417,36MM,0, ,Sideswipe,2,0,0,0,N,N,N,4000.000000000000000,Clear,Daylight,0,Same Direction Sideswipe,N,Property Damage Only,N,"Sideswipe, Same Direction",Motor Vehicle in Transport,On Roadway,Non-Junction,N,Not at Intersection,Turnpike/Toll,Paved,Dry,None, , ,None, , ,N,N, , , , ,0,0,0,0,0,0,0,0,0,0,0,0,0.000000000000000,0.000000000000000,0,1,0,4000,"Mapped, On Network",-81.255551679800007,28.587101652699999,667902.289022000040859,511978.356336000026204,6/27/2019 2:10:16 PM,6317_6318
3369,3370,1,3369,28514,88139948,FHPD19OFF045320,FHP,Long,5/18/2019 0:00:00,08:51 PM,Orlando,Orange,SR 417 NB,MM 33,0, ,Rear End,2,0,0,0,N,N,N,6000.000000000000000,Clear,Dark - Lighted,0,Rear End,N,Property Damage Only,N,Front to Rear,Motor Vehicle in Transport,On Roadway,Non-Junction,N,Not at Intersection,Interstate,Paved,Dry,None, , ,None, , ,N,N, , , , ,0,0,0,0,0,0,0,0,0,0,0,0,0.000000000000000,0.000000000000000,0,0,0,6000,"Mapped, On Network",-81.254038712300002,28.543768603400000,668157.107592000043951,507170.457920000015292,6/10/2019 11:24:24 AM,6035_2529
3370,3371,1,3370,28536,88081044,FHPD19OFF054772,FHP,Short,6/17/2019 0:00:00,08:48 AM,Orlando Expwy Auth,Orange,NB SR-417,CURRY FORD RD,5280,North,Rear End,2,0,0,0,N,N,N,13000.000000000000000,Cloudy,Daylight,0,Rear End,N,Property Damage Only,Y,Front to Rear,Motor Vehicle in Transport,On Roadway,Non-Junction,N,Not at Intersection,Turnpike/Toll,Paved,Wet,None, , ,None, , ,N,N, , , , ,0,0,1,0,0,0,0,0,0,0,0,0,0.000000000000000,0.000000000000000,0,1,0,13000,"Mapped, On Network",-81.250671540900001,28.523010339500001,668537.268227000022307,504873.029569000005722,6/26/2019 3:37:57 PM,8553_6689
3371,3372,1,3371,28537,88081042,FHPD19OFF054746,FHP,Short,6/17/2019 0:00:00,07:20 AM,Orlando Expwy Auth,Orange,WB SR-408,SR-436,5280,East,Rear End,2,0,0,0,N,N,N,20000.000000000000000,Cloudy,Daylight,0,Rear End,W,Property Damage Only,Y,Front to Rear,Motor Vehicle in Transport,On Roadway,Non-Junction,N,Not at Intersection,Turnpike/Toll,Paved,Wet,None, , ,None, , ,N,N, , , , ,0,0,0,0,0,0,0,0,0,0,0,0,0.000000000000000,0.000000000000000,0,2,0,20000,"Mapped, On Network",-81.292955118400002,28.539710962200001,664367.228677000035532,506635.914469000010286,6/26/2019 3:35:07 PM,8427_6883
3372,3373,1,3372,28547,88138461,FHPD19OFF054805,FHP,Short,6/17/2019 0:00:00,08:57 AM,Orlando Expwy Auth,Orange,SR417,30MM,0, ,Rear End,3,0,0,0,N,N,N,1000.000000000000000,Clear,Daylight,0,Rear End,N,Property Damage Only,N,Front to Rear,Motor Vehicle in Transport,On Roadway,Non-Junction,N,Not at Intersection,Turnpike/Toll,Paved,Dry,None, , ,None, , ,N,N, , , , ,0,0,0,0,0,0,0,0,0,0,0,0,0.000000000000000,0.000000000000000,0,1,0,1000,"Mapped, On Network",-81.250488087899996,28.517546870699999,668568.711264000041410,504266.828809999977238,6/27/2019 2:10:32 PM,8553_6689
3373,3374,1,3373,28578,88124015,FHPD19OFF046260,FHP,Long,5/21/2019 0:00:00,06:00 PM,Orlando Expwy Auth,Orange,STATE ROAD 408 EASTBOUND,MILE MARKER 18,0, ,Off Road,2,0,0,0,N,Y,N,7000.000000000000000,Clear,Daylight,0,Off Road,E,Property Damage Only,N,Front to Rear,Mailbox,On Roadway,Non-Junction,N,Not at Intersection,Turnpike/Toll,Paved,Dry,None, , ,None, , ,N,N, , , , ,0,0,1,0,0,0,0,0,0,0,0,0,0.000000000000000,0.000000000000000,0,1,0,7000,"Mapped, On Network",-81.252890128199994,28.547333253900000,668260.435841000056826,507568.733070000016596,6/25/2019 12:10:04 PM,8027_6269
3374,3375,1,3374,28613,88138456,FHPD19OFF048094,FHP,Short,5/27/2019 0:00:00,12:31 PM,Orlando Expwy Auth,Orange,SR408,6MM,0, ,Sideswipe,2,0,0,0,N,N,N,3500.000000000000000,Clear,Daylight,0,Same Direction Sideswipe,W,Property Damage Only,N,"Sideswipe, Same Direction",Motor Vehicle in Transport,On Roadway,Non-Junction,N,Not at Intersection,Turnpike/Toll,Paved,Dry,None, , ,None, , ,N,N, , , , ,0,0,3,0,0,0,0,0,0,0,0,0,0.000000000000000,0.000000000000000,0,2,0,3500,"Mapped, On Network",-81.443030798699994,28.548236676100000,649693.522322000004351,507269.719024999998510,6/24/2019 12:01:45 PM,8205_6294
3375,3376,1,3375,28658,88138455,FHPD19OFF046391,FHP,Long,5/22/2019 0:00:00,08:46 AM,Orlando Expwy Auth,Orange,SR408,5MM,0, ,Rear End,2,0,0,2,N,N,N,8000.000000000000000,Clear,Daylight,0,Rear End,E,Injury,N,Front to Rear,Motor Vehicle in Transport,On Roadway,Non-Junction,N,Not at Intersection,Turnpike/Toll,Paved,Dry,None, , ,None, , ,N,N, , , , ,0,0,0,0,0,0,0,2,0,0,0,0,0.000000000000000,0.000000000000000,0,1,0,8000,"Mapped, On Network",-81.462569725500003,28.550090836100001,647781.537780000013299,507436.178320000006352,6/25/2019 3:39:02 PM,6068_8208
3376,3377,1,3376,28673,88119206,FHPD19OFF044032,FHP,Long,5/14/2019 0:00:00,08:45 PM,Orlando Expwy Auth,Orange,SR-528 (MM24),DALLAS BLVD,10560,East,Off Road,1,0,0,0,N,N,N,4800.000000000000000,Cloudy,Dark - Lighted,0,Off Road,W,Property Damage Only,N,Other,Cable Barrier,Median,Non-Junction,N,Not at Intersection,State,Paved,Dry,None, , ,None, , ,N,N, , , , ,0,0,1,0,0,0,0,0,0,0,0,0,0.000000000000000,0.000000000000000,0,1,1600,3200,"Mapped, On Network",-81.130566107299998,28.451626107900001,680450.799451999948360,497214.772238000005018,6/25/2019 10:30:59 AM,6073_8099
3377,3378,1,3377,28680,88133518,FHPD19OFF045638,FHP,Long,5/20/2019 0:00:00,03:26 AM,Orlando,Orange,STATE ROAD 408 (EAST-WEST EXPY),MILE MARKER 18,0,West,Off Road,1,0,0,1,N,N,N,25000.000000000000000,Clear,Dark - Lighted,0,Off Road,E,Injury,N,Other,Concrete Traffic Barrier,Shoulder,Non-Junction,N,Not at Intersection,State,Paved,Dry,None, , ,None, , ,N,N, , , , ,0,0,0,0,0,0,0,1,0,0,0,0,0.000000000000000,0.000000000000000,0,0,0,25000,"Mapped, Not On Network",-81.252830000000003,28.547320049400000,668266.339167000027373,507567.397804000007454,6/25/2019 2:28:30 PM,8027_6269
3378,3379,1,3378,28684,88132199,FHPD19OFF045047,FHP,Long,5/17/2019 0:00:00,09:45 PM,Orlando,Orange,SR-528-TOLL E,MM19,50,West,Rear End,2,0,0,0,N,N,N,5000.000000000000000,Clear,Dark - Lighted,0,Rear End,E,Property Damage Only,N,Front to Rear,Motor Vehicle in Transport,On Roadway,Non-Junction,N,Not at Intersection,Turnpike/Toll,Curb,Dry,None, , ,None, , ,N,N, , , , ,0,0,0,0,0,0,0,0,0,0,0,0,0.000000000000000,0.000000000000000,0,0,0,5000,"Mapped, On Network",-81.175807680500000,28.451623554899999,676029.794817000045441,497112.408057999971788,6/24/2019 12:01:27 PM,6945_8095
3379,3380,1,3379,28738,88916214,2019-00193840,Orlando PD,Long,5/22/2019 0:00:00,05:50 PM,Orlando,Orange,SR 408 EASTBOUND (EAST-WEST EXPRESSWAY),SR 15 (SOUTH CONWAY ROAD),2000,West,Rear End,2,0,0,1,N,N,N,5100.000000000000000,Clear,Daylight,0,Rear End,E,Injury,Y,Front to Rear,Motor Vehicle in Transport,On Roadway,Non-Junction,N,Not at Intersection,State,Paved,Dry,None, , ,None, , ,N,N, , , , ,0,0,0,0,0,0,0,1,0,0,0,0,0.000000000000000,0.000000000000000,0,2,0,5100,"Mapped, On Network",-81.337543777899995,28.538118569800002,660017.246127999969758,506364.307060000021011,6/5/2019 3:31:51 PM,6227_8355
3380,3381,1,3380,28751,88915422,2019-00187981,Orlando PD,Long,5/18/2019 0:00:00,02:53 PM,Orlando,Orange,EW WBO,S TAMPA AV,0, ,Rear End,2,0,0,0,N,N,N,4000.000000000000000,Clear,Daylight,0,Rear End,W,Property Damage Only,Y,Front to Rear,Motor Vehicle in Transport,On Roadway,Non-Junction,N,Not at Intersection,Turnpike/Toll,Paved,Dry,None, , ,None, , ,N,N, , , , ,0,0,2,0,0,0,0,0,0,0,0,0,0.000000000000000,0.000000000000000,0,0,0,4000,"Mapped, On Network",-81.405332047599998,28.536399393200000,653402.005343999946490,506032.307647000008728,6/5/2019 4:37:19 PM,8252_8244
3381,3382,1,3381,28771,88916926,2019-00201489,Orlando PD,Long,5/28/2019 0:00:00,01:15 PM,Orlando,Orange,EAST/WEST EXPRESSWAY (SR 408) (WBO),INTERSTATE 4 (WBO),0, ,Sideswipe,2,0,0,0,N,N,N,3000.000000000000000,Clear,Daylight,0,Same Direction Sideswipe, ,Property Damage Only,Y,"Sideswipe, Same Direction",Motor Vehicle in Transport,On Roadway,Non-Junction,N,Not at Intersection,State,Curb,Dry,None, , ,None, , ,N,N, , , , ,0,0,1,0,0,0,0,0,0,0,0,0,0.000000000000000,0.000000000000000,0,0,0,3000,"Mapped, On Network",-81.382083901300007,28.535309255500000,655674.710039000026882,505959.255906999984290,6/26/2019 3:31:38 PM,8274_8272