FID,OBJECTID_1,Join_Count,TARGET_FID,OBJECTID,HSMV_Repor,Agency_Rep,Reporting_,Form_Type,Crash_Date,Crash_Time,City,County,Crash_Stre,Intersecti,Offset_Dis,Offset_Dir,Crash_Type,Vehicles,Non_Motori,Fatalities,Injuries,Alcohol_Re,Distractio,Drug_Relat,Estimated_,Weather_Co,Light_Cond,Street_Num,Crash_Ty_1,Crash_Ty_2,Crash_Seve,Within_Cit,Manner_of_,First_Harm,First_HE_L,First_HE_R,First_HE_W,Type_of_In,Road_Sys_I,Type_of_Sh,Road_Surf_,Contrib_Ci,Contrib__1,Contrib__2,Contrib__3,Contrib__4,Contrib__5,School_Bus,Work_Zone_,Type_of_Wo,Loc_in_Wor,Workers_in,Law_Enforc,Mopeds,Motorcycle,Passengers,Bicyclists,Pedestrian,Fataliti_1,Injuries_U,Possible_I,Non_Incapa,Incapacita,Fataliti_2,Non_Traffi,Transporte,Transpor_1,Transpor_2,Citations,Property_D,Vehicle_Dm,S4_Mapping,S4_Decimal,S4_Decim_1,S4_Albers_,S4_Albers1,S4_Mappi_1,zone_id_st
3382,3383,1,3382,28795,88135546,FHPD19OFF048267,FHP,Short,5/28/2019 0:00:00,04:00 AM,Orlando,Orange,SR-528,MM21,20,East,Off Road,1,0,0,0,N,N,N,2200.000000000000000,Clear,Dark - Lighted,0,Off Road,W,Property Damage Only,N,Other,Guardrail Face,On Roadway,Non-Junction,N,Not at Intersection,Turnpike/Toll,Paved,Dry,None, , ,None, , ,N,N, , , , ,0,0,0,0,0,0,0,0,0,0,0,0,0.000000000000000,0.000000000000000,0,0,200,2000,"Mapped, On Network",-81.141287700299998,28.451706332699999,679402.881164000020362,497199.341038000013214,6/27/2019 2:11:02 PM,6073_8099
3383,3384,1,3383,28812,88124924,FHPD19OFF045285,FHP,Long,5/18/2019 0:00:00,06:34 PM,Orlando Expwy Auth,Orange,STATE ROAD 408 WB OFF RAMP MM7,OLD WINTER GARDEN RD,200,West,Other,1,0,0,1,N,N,N,2000.000000000000000,Clear,Daylight,0,Single Vehicle,W,Injury,Y,Other,Other Non-Collision,Shoulder,Entrance/Exit Ramp,N,Not at Intersection,Turnpike/Toll,Unpaved,Dry,Debris, , ,None, , ,N,N, , , , ,0,1,0,0,0,0,0,0,1,0,0,0,1.000000000000000,0.000000000000000,0,0,0,2000,"Mapped, On Network",-81.426792176399999,28.545956620399998,651284.312575999996625,507049.545938000024762,5/24/2019 10:22:29 AM,8239_5934
3384,3385,1,3384,28899,88124949,FHPD19OFF056271,FHP,Long,6/21/2019 0:00:00,03:51 PM,Orlando Expwy Auth,Orange,STATE ROAD 417 NB MM13,LANDSTAR BLVD,200,North,Rear End,2,0,0,0,N,N,N,6000.000000000000000,Clear,Daylight,0,Rear End,N,Property Damage Only,Y,Front to Rear,Motor Vehicle in Transport,On Roadway,Non-Junction,N,Not at Intersection,Turnpike/Toll,Paved,Dry,None, , ,None, , ,N,N, , , , ,0,0,0,0,0,0,0,0,0,0,0,0,0.000000000000000,0.000000000000000,0,1,0,6000,"Mapped, On Network",-81.364248862200000,28.368927097600000,657811.195845999987796,487522.774396999971941,6/27/2019 2:30:50 PM,7997_8466
3385,3386,1,3385,28901,88124946,FHPD19OFF055612,FHP,Long,6/19/2019 0:00:00,06:48 PM,Orlando Expwy Auth,Orange,STATE ROAD 417 SB MM9,JOHN YOUNG PKWY,0,North,Sideswipe,2,0,0,0,N,N,N,600.000000000000000,Rain,Daylight,0,Same Direction Sideswipe,S,Property Damage Only,Y,"Sideswipe, Same Direction",Motor Vehicle in Transport,On Roadway,Non-Junction,N,Not at Intersection,Turnpike/Toll,Paved,Wet,Road Surface Condition, , ,None, , ,N,N, , , , ,0,0,2,0,0,0,0,0,0,0,0,0,0.000000000000000,0.000000000000000,0,0,0,600,"Mapped, On Network",-81.416213867899998,28.375628782800000,652713.491446000058204,488159.307101999991573,6/26/2019 3:40:47 PM,8277_8290
3386,3387,1,3386,28902,88124945,FHPD19OFF055516,FHP,Long,6/19/2019 0:00:00,03:48 PM,Orlando Expwy Auth,Orange,STATE ROAD 417 SB MM16,BOGGY CREEK RD,5280,South,Rear End,2,0,0,1,N,N,N,6000.000000000000000,Rain,Daylight,0,Rear End,S,Injury,Y,Front to Rear,Motor Vehicle in Transport,On Roadway,Non-Junction,N,Not at Intersection,Turnpike/Toll,Paved,Wet,Road Surface Condition, , ,None, , ,N,N, , , , ,0,0,1,0,0,0,0,0,1,0,0,0,1.000000000000000,0.000000000000000,0,1,0,6000,"Mapped, On Network",-81.322319498499994,28.367247746800000,661915.850070000044070,487424.673140999977477,6/26/2019 3:42:31 PM,6618_6299
3387,3388,1,3387,28903,88124039,FHPD19OFF056090,FHP,Long,6/21/2019 0:00:00,07:52 AM,Orlando Expwy Auth,Orange,SATE ROAD 408 WESTBOUND,MILE MAKER 21,0, ,Rear End,2,0,0,1,N,Y,N,4500.000000000000000,Clear,Daylight,0,Rear End,W,Injury,N,Front to Rear,Motor Vehicle in Transport,On Roadway,Entrance/Exit Ramp,N,Not at Intersection,Turnpike/Toll,Paved,Dry,None, , ,None, , ,N,N, , , , ,0,0,0,0,0,0,0,1,0,0,0,0,0.000000000000000,0.000000000000000,0,1,0,4500,"Mapped, On Network",-81.208484455999994,28.549147534399999,672591.437516000005417,507867.549302999977954,6/26/2019 3:43:25 PM,8043_6946
3388,3389,1,3388,28904,88124038,FHPD19OFF055183,FHP,Long,6/18/2019 0:00:00,01:59 PM,Orlando Expwy Auth,Orange,STATE ROAD 408 EASTBOUND,MILE MARKER 20,0, ,Off Road,1,0,0,0,N,N,N,6000.000000000000000,Rain,Daylight,0,Off Road,E,Property Damage Only,N,Other,Guardrail Face,On Roadway,Non-Junction,N,Not at Intersection,Turnpike/Toll,Paved,Wet,None, , ,None, , ,N,N, , , , ,0,0,1,0,0,0,0,0,0,0,0,0,0.000000000000000,0.000000000000000,0,1,1000,5000,"Mapped, On Network",-81.218842266600006,28.547613256199998,671584.011886000051163,507674.348288999986835,6/26/2019 3:43:40 PM,8077_8070
3389,3390,1,3389,28907,88122448,FHPD19OFF055797,FHP,Long,6/20/2019 0:00:00,11:39 AM,Orlando Expwy Auth,Orange,WB SR-528,DALLAS BLVD,10560,West,Off Road,1,0,0,0,N,N,N,2000.000000000000000,Cloudy,Daylight,0,Off Road,W,Property Damage Only,Y,Other,Cable Barrier,On Roadway,Non-Junction,N,Not at Intersection,Turnpike/Toll,Paved,Dry,None, , ,None, , ,N,N, , , , ,0,0,0,0,0,0,0,0,0,0,0,0,0.000000000000000,0.000000000000000,0,0,0,2000,"Mapped, On Network",-81.125207656599997,28.451610311500001,680974.466199000016786,497225.216390000015963,6/26/2019 4:05:12 PM,6073_8099
3390,3391,1,3390,28920,89213865,2019-00244379,Orlando PD,Long,6/29/2019 0:00:00,05:20 PM,Orlando,Orange,EAST WEST EXPRESSWAY (WESTBOUND),S ROSALIND AVE,0, ,Sideswipe,2,0,0,1,N,N,N,31000.000000000000000,Clear,Daylight,0,Same Direction Sideswipe,W,Injury,Y,"Sideswipe, Same Direction",Motor Vehicle in Transport,On Roadway,Non-Junction,N,Not at Intersection,Interstate,Paved,Wet,None, , ,None, , ,N,N, , , , ,0,0,2,0,0,0,0,1,0,0,0,0,0.000000000000000,0.000000000000000,0,0,10000,21000,"Mapped, On Network",-81.365918895999997,28.537364844399999,657248.324838000000454,506221.108355999982450,7/10/2019 10:40:46 AM,8309_8313
3391,3392,1,3391,29033,88915522,2019-00179010,Orlando PD,Long,5/11/2019 0:00:00,10:00 PM,Orlando,Orange,S.R 408 WBO,S ROSALIND AVE,500,West,Other,1,0,0,0,N,N,N,2000.000000000000000,Rain,Dark - Lighted,0,Single Vehicle,W,Property Damage Only,Y,Other,Motor Vehicle in Transport,On Roadway,Non-Junction,N,Not at Intersection,State,Paved,Wet,None, , ,Weather Conditions, , ,N,N, , , , ,0,0,1,0,0,0,0,0,0,0,0,0,0.000000000000000,0.000000000000000,0,0,0,2000,"Mapped, On Network",-81.377514055999995,28.536176801800000,656118.900857000029646,506065.063435000018217,6/24/2019 10:52:18 AM,6737_6230
3392,3393,1,3392,29034,88912597,2019-00172026,Orlando PD,Short,5/7/2019 0:00:00,06:40 AM,Orlando,Orange,EW WBO,I4 EBO,0, ,Rear End,2,0,0,0,N,N,N,1000.000000000000000,Clear,Dawn,0,Rear End,W,Property Damage Only,Y,Front to Rear,Motor Vehicle in Transport,On Roadway,Entrance/Exit Ramp,N,Not at Intersection,Interstate,Paved,Dry,Work Zone, , ,None, , ,N,N, , , , ,0,0,0,0,0,0,0,0,0,0,0,0,0.000000000000000,0.000000000000000,0,1,0,1000,"Mapped, On Network",-81.380566554100000,28.535434715600001,655822.581172000034712,505976.332759000011720,5/29/2019 11:35:43 AM,6230_8274
3393,3394,1,3393,29060,88916009,2019-00173638,Orlando PD,Short,5/8/2019 0:00:00,07:25 AM,Orlando,Orange,SR 408 WBO,S CRYSTAL LAKE AV EXIT RAMP,500,East,Rear End,3,0,0,0,N,N,N,5500.000000000000000,Clear,Daylight,0,Rear End,W,Property Damage Only,Y,Front to Rear,Motor Vehicle in Transport,On Roadway,Non-Junction,N,Not at Intersection,State,Paved,Dry,None, , ,None, , ,N,N, , , , ,0,0,4,0,0,0,0,0,0,0,0,0,0.000000000000000,0.000000000000000,0,0,0,5500,"Mapped, On Network",-81.345142321500006,28.538416249299999,659274.570441000047140,506381.359250999987125,5/31/2019 9:58:41 AM,8353_6185
3394,3395,1,3394,29061,88915944,2019-00168256,Orlando PD,Long,5/4/2019 0:00:00,08:52 AM,Orlando,Orange,SR 408 WBO,CRYSTAL LAKE RD EXIT RAMP,100,West,Rear End,3,0,0,1,N,N,N,5000.000000000000000,Cloudy,Daylight,0,Rear End,W,Injury,Y,Front to Rear,Cargo/Equipment Loss or Shift,On Roadway,Non-Junction,N,Not at Intersection,State,Paved,Dry,None, , ,None, , ,N,N, , , , ,0,0,2,0,0,0,0,1,0,0,0,0,0.000000000000000,0.000000000000000,0,0,0,5000,"Mapped, On Network",-81.342565032799996,28.538509280300001,659526.008016000036150,506397.109991999983322,6/20/2019 12:17:15 PM,8353_6185
3395,3396,1,3395,29091,88127597,FHPD19OFF042394,FHP,Long,5/9/2019 0:00:00,10:50 PM,Unincorporated,Orange,STATE ROAD 528,DALLAS AVE,50,West,Sideswipe,2,0,0,1,N,N,N,1500.000000000000000,Clear,Dark - Lighted,0,Same Direction Sideswipe,E,Injury,N,"Sideswipe, Same Direction",Motor Vehicle in Transport,On Roadway,Non-Junction,N,Not at Intersection,State,Unpaved,Dry,None, , ,None, , ,N,N, , , , ,0,1,0,0,0,0,0,0,1,0,0,0,1.000000000000000,0.000000000000000,0,0,0,1500,"Mapped, On Network",-81.095317945100007,28.451522410300001,683895.498539999942295,497283.915390999987721,5/28/2019 3:48:16 PM,8109_6321
3396,3397,1,3396,29093,88124021,FHPD19OFF046895,FHP,Short,5/23/2019 0:00:00,04:56 PM,Orlando Expwy Auth,Orange,STATE ROAD 408 WESTBOUND,MILE MARKER 1.5,0, ,Rear End,2,0,0,0,N,Y,N,3500.000000000000000,Clear,Daylight,0,Rear End,W,Property Damage Only,N,Front to Rear,Motor Vehicle in Transport,On Roadway,Non-Junction,N,Not at Intersection,Turnpike/Toll,Paved,Dry,None, , ,None, , ,N,N, , , , ,0,0,1,0,0,0,0,0,0,0,0,0,0.000000000000000,0.000000000000000,0,1,0,3500,"Mapped, On Network",-81.508075153799993,28.545493393600001,643348.833620000048541,506835.093517999979667,6/25/2019 2:21:41 PM,8114_8152
3397,3398,1,3397,29107,88124920,FHPD19OFF044094,FHP,Long,5/15/2019 0:00:00,08:33 AM,Orlando Expwy Auth,Orange,STATE ROAD 417 SB MM16,BOGGY CREEK RD,0,South,Rear End,3,0,0,0,N,N,N,5000.000000000000000,Clear,Daylight,0,Rear End,S,Property Damage Only,Y,Front to Rear,Motor Vehicle in Transport,On Roadway,Non-Junction,N,Not at Intersection,Turnpike/Toll,Paved,Dry,None, , ,None, , ,N,N, , , , ,0,0,0,0,0,0,0,0,0,0,0,0,0.000000000000000,0.000000000000000,0,1,0,5000,"Mapped, On Network",-81.322776170300003,28.367254831299999,661871.170907999970950,487424.489859999972396,6/21/2019 9:49:47 AM,6618_6299
3398,3399,1,3398,29108,88124919,FHPD19OFF044073,FHP,Long,5/15/2019 0:00:00,07:19 AM,Orlando Expwy Auth,Orange,STATE ROAD 429 SB MM26,WEST RD,200,South,Rear End,3,0,0,0,N,N,N,9000.000000000000000,Cloudy,Daylight,0,Rear End,S,Property Damage Only,Y,Front to Rear,Motor Vehicle in Transport,On Roadway,Non-Junction,N,Not at Intersection,Turnpike/Toll,Paved,Dry,None, , ,None, , ,N,N, , , , ,0,0,0,0,0,0,0,0,0,0,0,0,0.000000000000000,0.000000000000000,0,2,0,9000,"Mapped, On Network",-81.548511795500005,28.599828177199999,639280.567847999976948,512788.931034000008367,6/21/2019 9:50:15 AM,8393_6248
3399,3400,1,3399,29148,88144908,FHPD19OFF054434,FHP,Long,6/16/2019 0:00:00,03:12 AM,Orlando,Orange,STATE ROAD 408 (EAST-WEST EXPY),GOLDENROD ROAD,5280,West,Sideswipe,4,0,0,0,N,Y,N,27000.000000000000000,Cloudy,Dark - Lighted,0,Same Direction Sideswipe,E,Property Damage Only,N,"Sideswipe, Same Direction",Motor Vehicle in Transport,On Roadway,Non-Junction,N,Not at Intersection,County,Paved,Dry,None, , ,None, , ,N,N, , , , ,0,0,1,0,0,0,0,0,0,0,0,0,0.000000000000000,0.000000000000000,0,4,0,27000,"Mapped, On Network",-81.298815639400004,28.539520260100002,663795.451717999996617,506602.190509999985807,6/25/2019 3:59:54 PM,6881_8431
3400,3401,1,3400,29161,88137423,FHPD19OFF057102,FHP,Long,6/24/2019 0:00:00,11:15 AM,Orlando Expwy Auth,Orange,STATE RD 417,LEE VISTA BLVD,5280,South,Other,1,0,0,1,N,N,N,6500.000000000000000,Clear,Daylight,0,Single Vehicle,S,Injury,N,Other,Other Non-Collision,On Roadway,Non-Junction,N,Not at Intersection,Turnpike/Toll,Paved,Dry,None, , ,None, , ,N,N, , , , ,0,0,0,0,0,0,0,1,0,0,0,0,0.000000000000000,0.000000000000000,0,0,0,5000,"Mapped, On Network",-81.239005461800005,28.475220583900001,669795.368990999995731,499592.471391999977641,6/26/2019 1:29:58 PM,8383_8546
3401,3402,1,3401,29173,88124019,FHPD19OFF046607,FHP,Long,5/22/2019 0:00:00,06:45 PM,Orlando Expwy Auth,Orange,STATE ROAD 417 NORTHBOUND OFF RAMP,BOGGY CREEK RD,0, ,Rear End,2,0,0,0,N,Y,N,6000.000000000000000,Clear,Daylight,0,Rear End,N,Property Damage Only,N,Front to Rear,Motor Vehicle in Transport,On Roadway,Entrance/Exit Ramp,N,Not at Intersection,Turnpike/Toll,Paved,Dry,None, , ,None, , ,N,N, , , , ,0,0,0,0,0,0,0,0,0,0,0,0,0.000000000000000,0.000000000000000,0,1,0,6000,"Mapped, Not On Network",-81.302340000000001,28.370540048799999,663861.825116000021808,487832.812211000011303,6/25/2019 2:21:36 PM,8480_11010
3402,3403,1,3402,29174,88124016,FHPD19OFF046278,FHP,Short,5/21/2019 0:00:00,06:47 PM,Orlando Expwy Auth,Orange,STATE ROAD 408 EASTBOUND,MILE MARKER 18,0, ,Rear End,3,0,0,0,N,Y,N,5000.000000000000000,Clear,Daylight,0,Rear End,E,Property Damage Only,N,Front to Rear,Motor Vehicle in Transport,On Roadway,Non-Junction,N,Not at Intersection,Turnpike/Toll,Paved,Dry,None, , ,None, , ,N,N, , , , ,0,0,2,0,0,0,0,0,0,0,0,0,0.000000000000000,0.000000000000000,0,1,0,5000,"Mapped, On Network",-81.237110000000001,28.547123377300000,669801.660036999965087,507579.857851999986451,6/25/2019 2:21:31 PM,6303_6305
3403,3404,1,3403,29187,88119207,FHPD19OFF044222,FHP,Long,5/15/2019 0:00:00,04:01 PM,Orlando Expwy Auth,Orange,SR-528 (MM28),SR-520,10560,West,Rollover,1,0,0,0,N,N,N,4300.000000000000000,Clear,Daylight,0,Rollover,E,Property Damage Only,N,Other,Overturn/Rollover,Shoulder,Non-Junction,N,Not at Intersection,Turnpike/Toll,Paved,Dry,None, , ,None, , ,N,N, , , , ,0,0,0,0,0,0,0,0,0,0,0,0,0.000000000000000,0.000000000000000,0,0,0,4300,"Mapped, On Network",-80.983770681199999,28.452472909800001,694793.100333999958821,497651.177950999990571,6/21/2019 9:50:56 AM,7061_8083
3404,3405,1,3404,29198,88916108,2019-00175344,Orlando PD,Short,5/9/2019 0:00:00,08:45 AM,Orlando,Orange,SR 408 WBO,SR 408 WBO EXIT RAMP TO ROSALIND AV,1000,East,Rear End,2,0,0,0,N,Y,N,1000.000000000000000,Clear,Daylight,0,Rear End,W,Property Damage Only,Y,Front to Rear,Motor Vehicle in Transport,On Roadway,Non-Junction,N,Not at Intersection,State,Paved,Dry,None, , ,None, , ,N,Y,Work on Shoulder or Median,Activity Area, ,N,0,0,0,0,0,0,0,0,0,0,0,0,0.000000000000000,0.000000000000000,0,0,0,1000,"Mapped, On Network",-81.368817865099999,28.537275867500000,656965.460965999984182,506205.184929999988526,6/10/2019 1:53:38 PM,8313_6737
3405,3406,1,3405,29209,88915101,2019-00186256,Orlando PD,Long,5/17/2019 0:00:00,10:05 AM,Orlando,Orange,EW WBO (SR-408), ,0, ,Rear End,2,0,0,2,N,Y,N,12500.000000000000000,Clear,Daylight,0,Rear End,W,Injury,Y,Front to Rear,Motor Vehicle in Transport,On Roadway,Non-Junction,N,Not at Intersection,State,Paved,Dry,None,None,None,None,None,None,N,N, , , , ,0,0,1,0,0,0,0,1,1,0,0,0,0.000000000000000,0.000000000000000,0,0,0,12500,"Mapped, On Network",-81.374108026299993,28.537146911299999,656449.198468000045978,506179.854151999985334,6/26/2019 10:43:26 AM,6737_6230
3406,3407,1,3406,29234,88916889,2019-00211265,Orlando PD,Short,6/4/2019 0:00:00,04:13 PM,Orlando,Orange,EW EBO (SR 408),S ORANGE AVE,0, ,Sideswipe,2,0,0,0,N,N,N,1000.000000000000000,Clear,Daylight,0,Same Direction Sideswipe,E,Property Damage Only,Y,"Sideswipe, Same Direction",Motor Vehicle in Transport,On Roadway,Non-Junction,N,Not at Intersection,State,Paved,Dry,None, , ,None, , ,N,N, , , , ,0,0,0,0,0,0,0,0,0,0,0,0,0.000000000000000,0.000000000000000,0,0,0,1000,"Mapped, On Network",-81.378255675800006,28.535682311199999,656047.650682999985293,506008.619658000010531,6/25/2019 3:47:43 PM,6679_6276
3407,3408,1,3407,29238,88914114,2019-00190246,Orlando PD,Short,5/20/2019 0:00:00,08:45 AM,Orlando,Orange,EW WBO,S CRYTAL LAKE AVE,1000,East,Rear End,2,0,0,0,N,N,N,1500.000000000000000,Clear,Daylight,0,Rear End,W,Property Damage Only,Y,Front to Rear,Motor Vehicle in Transport,On Roadway,Non-Junction,N,Not at Intersection,State,Paved,Dry,None, , ,None, , ,N,N, , , , ,0,0,0,0,0,0,0,0,0,0,0,0,0.000000000000000,0.000000000000000,0,0,0,1500,"Mapped, On Network",-81.336196379599997,28.538576204100000,660147.715691999997944,506417.959991000010632,6/20/2019 12:25:33 PM,6177_8353
3408,3409,1,3408,29303,88148904,FHPD19OFF053654,FHP,Long,6/13/2019 0:00:00,04:15 PM,Orlando,Orange,STATE ROAD 408 EB EXIT RAMP,STATE ROAD 417,0, ,Sideswipe,2,0,0,0,N,N,N,11000.000000000000000,Rain,Daylight,0,Same Direction Sideswipe,E,Property Damage Only,N,"Sideswipe, Same Direction",Motor Vehicle in Transport,On Roadway,Entrance/Exit Ramp,Y,Not at Intersection,State,Paved,Wet,Road Surface Condition, , ,Weather Conditions, , ,N,N, , , , ,0,0,1,0,0,0,0,0,0,0,0,0,0.000000000000000,0.000000000000000,0,2,0,11000,"Mapped, On Network",-81.258622138600003,28.547542723500001,667700.269467000034638,507579.533623000024818,4/27/2020 5:53:02 PM,6971_6258
3409,3410,1,3409,29318,88119232,FHPD19OFF056941,FHP,Long,6/23/2019 0:00:00,06:03 PM,Orlando Expwy Auth,Orange,SR-417,CURRY FORD ROAD,5280,South,Off Road,1,0,0,0,N,N,N,3300.000000000000000,Clear,Daylight,0,Off Road,N,Property Damage Only,N,Other,Guardrail Face,Median,Non-Junction,N,Not at Intersection,Turnpike/Toll,Paved,Dry,None, , ,None, , ,N,N, , , , ,0,0,0,0,0,0,0,0,0,0,0,0,0.000000000000000,0.000000000000000,0,1,0,2800,"Mapped, On Network",-81.243727497899997,28.500959435599999,669270.138185000047088,502439.895223999978043,6/26/2019 2:52:50 PM,6965_8557
3410,3411,1,3410,29382,88918312,2019-00224158,Orlando PD,Long,6/14/2019 0:00:00,10:38 AM,Orlando,Orange,SR528 WEST,S SEMORAN BV EXIT RAMP,1000,West,Rear End,2,0,0,0,N,N,N,2500.000000000000000,Cloudy,Daylight,0,Rear End, ,Property Damage Only,Y,Front to Rear,Motor Vehicle in Transport,On Roadway,Non-Junction,N,Not at Intersection,State,Paved,Dry,None, , ,None, , ,N,N, , , , ,0,0,0,0,0,0,0,0,0,0,0,0,0.000000000000000,0.000000000000000,0,0,0,2500,"Mapped, On Network",-81.320551345499993,28.451608153399999,661885.219374999986030,496795.001877999980934,6/25/2019 12:50:49 PM,7054_6094
3411,3412,1,3411,29409,88127596,FHPD19OFF042014,FHP,Long,5/9/2019 0:00:00,12:10 AM,Unincorporated,Orange,SR-528-TOLL E,WB MM 20,0, ,Other,1,0,0,0,N,N,N,1000.000000000000000,Clear,Dark - Not Lighted,0,Single Vehicle,W,Property Damage Only,N,Other,Other Non-Collision,On Roadway,Non-Junction,N,Not at Intersection,State,Unpaved,Dry,None, , ,None, , ,N,N, , , , ,0,0,0,0,0,0,0,0,0,0,0,0,0.000000000000000,0.000000000000000,0,0,0,1000,"Mapped, Not On Network",-81.175799999999995,28.451610049100001,676030.579710999969393,497110.925741999992169,6/25/2019 3:40:26 PM,6945_8095
3412,3413,1,3412,29531,81975851,FHPD19OFF037436,FHP,Long,4/25/2019 0:00:00,02:30 PM,Winter Garden,Orange,STATE ROAD 429 NB EXIT RAMP,STATE ROAD 91 (FLORIDA TURNPIKE),0,South,Off Road,1,0,0,0,N,Y,N,10000.000000000000000,Clear,Daylight,0,Off Road,N,Property Damage Only,N,Other,Guardrail Face,Shoulder,Entrance/Exit Ramp,N,Not at Intersection,Turnpike/Toll,Paved,Dry,None, , ,None, , ,N,N, , , , ,0,0,0,0,0,0,0,0,0,0,0,0,0.000000000000000,0.000000000000000,0,0,0,10000,"Mapped, Not On Network",-81.559329999599996,28.561050024299998,638310.011999999987893,508462.302099999971688,6/12/2019 12:24:29 PM,8500_8421
3413,3414,1,3413,29558,88915559,2019-00165051,Orlando PD,Long,5/2/2019 0:00:00,05:41 AM,Orlando,Orange,STATE ROAD 408,PRIMROSE DRIVE,100,West,Off Road,1,0,0,0,N,N,N,8000.000000000000000,Clear,Daylight,0,Off Road,W,Property Damage Only,Y,Other,Concrete Traffic Barrier,Shoulder,Non-Junction,N,Not at Intersection,State,Curb,Dry,None, , ,None, , ,N,N, , , , ,0,0,0,0,0,0,0,0,0,0,0,0,0.000000000000000,0.000000000000000,0,0,0,8000,"Mapped, On Network",-81.348241420199997,28.538430858000002,658971.922891999944113,506376.469061999989208,6/24/2019 10:29:34 AM,6185_8318
3414,3415,1,3414,29559,88916213,2019-00182033,Orlando PD,Long,5/14/2019 0:00:00,10:05 AM,Orlando,Orange,SR 408 WEST,INTERSTATE 4 (SR 400 WEST EXIT RAMP),50,East,Rear End,2,0,0,0,N,N,N,7500.000000000000000,Cloudy,Daylight,0,Rear End,W,Property Damage Only,Y,Angle,Motor Vehicle in Transport,On Roadway,Non-Junction,N,Not at Intersection,State,Curb,Dry,None, , ,None, , ,N,N, , , , ,0,0,1,0,0,0,0,0,0,0,0,0,0.000000000000000,0.000000000000000,0,1,0,7500,"Mapped, On Network",-81.374243857799996,28.537119658900000,656435.999366999953054,506176.545829000009689,6/25/2019 10:36:25 AM,6737_6230
3415,3416,1,3415,29560,88916022,2019-00175241,Orlando PD,Long,5/9/2019 0:00:00,07:57 AM,Orlando,Orange,SR 528 WBO,SR 436 (S SEMORAN BV) EXIT RAMP,1500,East,Rear End,3,0,0,0,N,N,N,2200.000000000000000,Cloudy,Daylight,0,Rear End,W,Property Damage Only,Y,Front to Rear,Motor Vehicle in Transport,On Roadway,Non-Junction,N,Not at Intersection,State,Paved,Dry,None, , ,None, , ,N,N, , , , ,0,0,0,0,0,0,0,0,0,0,0,0,0.000000000000000,0.000000000000000,0,0,0,2200,"Mapped, On Network",-81.295647647999999,28.450758525800001,664320.949427000014111,496753.802128000010271,6/25/2019 10:47:34 AM,8183_6664
3416,3417,1,3416,29571,88119233,FHPD19OFF056966,FHP,Long,6/23/2019 0:00:00,07:50 PM,Orlando Expwy Auth,Orange,SR-417,SR-408,80,South,Off Road,1,0,0,0,N,N,N,3400.000000000000000,Clear,Daylight,0,Off Road,N,Property Damage Only,N,Other,Guardrail Face,Median,Non-Junction,N,Not at Intersection,Turnpike/Toll,Paved,Dry,None, , ,None, , ,N,N, , , , ,0,0,3,0,0,0,0,0,0,0,0,0,0.000000000000000,0.000000000000000,0,1,0,3200,"Mapped, On Network",-81.257419404000004,28.547027534000001,667818.971589999971911,507524.944544999976642,6/26/2019 2:52:36 PM,11876_8570
3417,3418,1,3417,29572,88119231,FHPD19OFF056680,FHP,Long,6/22/2019 0:00:00,07:18 PM,Orlando Expwy Auth,Orange,SR-408,ROUSE ROAD,40,East,Other,1,0,0,0,N,N,N,8000.000000000000000,Clear,Daylight,0,Single Vehicle,W,Property Damage Only,N,Other,"Struck by Falling, Shifting Cargo",On Roadway,Non-Junction,N,Not at Intersection,Turnpike/Toll,Paved,Dry,None, , ,None, , ,N,N, , , , ,0,0,0,0,0,0,0,0,0,0,0,0,0.000000000000000,0.000000000000000,0,0,0,8000,"Mapped, On Network",-81.223017875799997,28.547444035500000,671176.749858999974094,507646.370776999974623,6/26/2019 2:53:20 PM,8057_6045
3418,3419,1,3418,29601,88119212,FHPD19OFF046709,FHP,Long,5/23/2019 0:00:00,07:32 AM,Orlando Expwy Auth,Orange,SR-408 (MM16),GOLDENROD ROAD,0,East,Rear End,2,0,0,2,N,N,N,4000.000000000000000,Clear,Daylight,0,Rear End,W,Injury,N,Front to Rear,Motor Vehicle in Transport,On Roadway,Non-Junction,N,Not at Intersection,Turnpike/Toll,Paved,Dry,None, , ,None, , ,N,N, , , , ,0,0,0,0,0,0,0,2,0,0,0,0,0.000000000000000,0.000000000000000,0,1,0,4000,"Mapped, On Network",-81.278515165399995,28.544256160400000,665766.052212000009604,507171.601963999972213,6/25/2019 2:14:50 PM,6918_8406
3419,3420,1,3419,29617,88137394,FHPD19OFF043797,FHP,Long,5/14/2019 0:00:00,08:34 AM,Orlando Expwy Auth,Orange,STATE RD 408 EXIT RAMP,OLD WINTER GARDEN RD,100,South,Other,1,0,0,0,N,N,N,5500.000000000000000,Clear,Dark - Lighted,0,Single Vehicle,W,Property Damage Only,N,Other,Other Non-Collision,On Roadway,Entrance/Exit Ramp,N,Not at Intersection,Turnpike/Toll,Paved,Dry,None, , ,None, , ,N,N, , , , ,0,0,0,0,0,0,0,0,0,0,0,0,0.000000000000000,0.000000000000000,0,0,500,5000,"Mapped, Not On Network",-81.421349999599997,28.545960024999999,651815.678199999965727,507061.025499999988824,6/21/2019 9:50:33 AM,6440_8239