FID,OBJECTID_1,Join_Count,TARGET_FID,OBJECTID,HSMV_Repor,Agency_Rep,Reporting_,Form_Type,Crash_Date,Crash_Time,City,County,Crash_Stre,Intersecti,Offset_Dis,Offset_Dir,Crash_Type,Vehicles,Non_Motori,Fatalities,Injuries,Alcohol_Re,Distractio,Drug_Relat,Estimated_,Weather_Co,Light_Cond,Street_Num,Crash_Ty_1,Crash_Ty_2,Crash_Seve,Within_Cit,Manner_of_,First_Harm,First_HE_L,First_HE_R,First_HE_W,Type_of_In,Road_Sys_I,Type_of_Sh,Road_Surf_,Contrib_Ci,Contrib__1,Contrib__2,Contrib__3,Contrib__4,Contrib__5,School_Bus,Work_Zone_,Type_of_Wo,Loc_in_Wor,Workers_in,Law_Enforc,Mopeds,Motorcycle,Passengers,Bicyclists,Pedestrian,Fataliti_1,Injuries_U,Possible_I,Non_Incapa,Incapacita,Fataliti_2,Non_Traffi,Transporte,Transpor_1,Transpor_2,Citations,Property_D,Vehicle_Dm,S4_Mapping,S4_Decimal,S4_Decim_1,S4_Albers_,S4_Albers1,S4_Mappi_1,zone_id_st
3420,3421,1,3420,29618,88135796,FHPD19OFF044365,FHP,Long,5/15/2019 0:00:00,11:15 PM,Orlando,Orange,STATE ROAD 528 WESTBOUND,MILE MARKER 31,0, ,Rear End,2,0,0,5,N,Y,N,8000.000000000000000,Clear,Dark - Not Lighted,0,Rear End,W,Injury,N,Front to Rear,Motor Vehicle in Transport,On Roadway,Non-Junction,N,Not at Intersection,State,Paved,Dry,None, , ,None, , ,N,Y,Lane Closure,Before the First Work Zone Warning Sign,Y,Y,0,0,3,0,0,0,0,5,0,0,0,0,0.000000000000000,0.000000000000000,0,2,0,8000,"Mapped, On Network",-80.976460851100001,28.452526885099999,695507.241293000057340,497674.666367999976501,6/25/2019 2:29:51 PM,8083_6824
3421,3422,1,3421,29694,88123710,FHPD19OFF040801,FHP,Long,5/5/2019 0:00:00,04:12 AM,Orlando,Orange,NB SR417,MM33,50,South,Off Road,1,0,0,1,N,Y,N,5300.000000000000000,Clear,Dark - Lighted,0,Off Road,N,Injury,N,Other,Other Traffic Barrier,Shoulder,Non-Junction,N,Not at Intersection,State,Paved,Dry,None, , ,None, , ,N,N, , , , ,0,0,0,0,0,0,0,0,0,1,0,0,1.000000000000000,0.000000000000000,0,0,300,5000,"Mapped, On Network",-81.254297786400002,28.544101983400001,668130.987567999982275,507206.909182999981567,6/20/2019 12:25:58 PM,6035_2529
3422,3423,1,3422,29717,88137420,FHPD19OFF057019,FHP,Long,6/24/2019 0:00:00,05:26 AM,Orlando Expwy Auth,Orange,STATE RD 408,KIRKMAN RD,400,West,Other,1,0,0,0,N,N,N,10500.000000000000000,Clear,Dark - Lighted,0,Single Vehicle,W,Property Damage Only,N,Other,Other Non-Collision,On Roadway,Non-Junction,N,Not at Intersection,Turnpike/Toll,Paved,Dry,None, , ,None, , ,N,N, , , , ,0,0,0,0,0,0,0,0,0,0,0,0,0.000000000000000,0.000000000000000,0,0,0,0,"Mapped, On Network",-81.460347642100004,28.550170644600001,647998.312324999948032,507449.506531000020914,6/26/2019 1:33:34 PM,8201_8203
3423,3424,1,3423,29719,88137422,FHPD19OFF057067,FHP,Short,6/24/2019 0:00:00,08:10 AM,Orlando Expwy Auth,Orange,STATE RD 417,LEE VISTA BLVD,5280,North,Rear End,2,0,0,0,N,N,N,4000.000000000000000,Clear,Daylight,0,Rear End,S,Property Damage Only,N,Front to Rear,Motor Vehicle in Transport,On Roadway,Non-Junction,N,Not at Intersection,Turnpike/Toll,Paved,Dry,None, , ,None, , ,N,N, , , , ,0,0,1,0,0,0,0,0,0,0,0,0,0.000000000000000,0.000000000000000,0,1,0,4000,"Mapped, On Network",-81.241114257000007,28.483525297700002,669568.706336000002921,500509.919371000025421,6/26/2019 1:30:24 PM,6895_8383
3424,3425,1,3424,29720,88138465,FHPD19OFF056915,FHP,Long,6/23/2019 0:00:00,04:07 PM,Orlando Expwy Auth,Orange,SR408 EXIT RAMP,20MM,0, ,Off Road,1,0,0,0,N,N,N,11000.000000000000000,Rain,Daylight,0,Off Road,E,Property Damage Only,N,Other,Utility Pole/Light Support,Off Roadway,Non-Junction,N,Not at Intersection,Turnpike/Toll,Paved,Wet,None, , ,None, , ,N,N, , , , ,0,0,0,0,0,0,0,0,0,0,0,0,0.000000000000000,0.000000000000000,0,1,0,6000,"Mapped, Not On Network",-81.218850000000003,28.547620049399999,671583.239821000024676,507675.085490000026766,6/26/2019 1:28:46 PM,8077_8070
3425,3426,1,3425,29853,88062269,FHPK19OFF027457,FHP,Short,5/13/2019 0:00:00,01:39 PM,Winter Garden,Orange,STATE ROAD 429,SCHOFIELD ROAD,100,North,Off Road,1,0,0,0,N,N,N,500.000000000000000,Rain,Daylight,0,Off Road,N,Property Damage Only,N,Other,Guardrail Face,Shoulder,Non-Junction,N,Not at Intersection,Turnpike/Toll,Paved,Wet,None, , ,None, , ,N,N, , , , ,0,0,0,0,0,0,0,0,0,0,0,0,0.000000000000000,0.000000000000000,0,0,0,500,"Mapped, On Network",-81.642373422500000,28.449167481700002,630440.097167000058107,495881.578053999983240,6/21/2019 10:01:40 AM,9706_9710
3426,3427,1,3426,29894,88108605,FHPD19OFF056989,FHP,Short,6/23/2019 0:00:00,09:30 PM,Orlando,Orange,STATE ROAD 528 (BEACHLINE EXPRESSWAY),INNOVATION WAY,5280,East,Rear End,2,0,0,0,N,N,N,6000.000000000000000,Clear,Dark - Not Lighted,0,Rear End,E,Property Damage Only,N,Front to Rear,Motor Vehicle in Transport,On Roadway,Non-Junction,N,Not at Intersection,State,Paved,Dry,None, , ,None, , ,N,Y,Work on Shoulder or Median,Advance Warning Area,Y,Y,0,0,1,0,0,0,0,0,0,0,0,0,0.000000000000000,0.000000000000000,0,0,0,6000,"Mapped, On Network",-81.141023866699996,28.451490049099998,679429.219761000014842,497175.925622000009753,6/26/2019 3:01:23 PM,8101_6488
3427,3428,1,3427,29966,88127109,FHPK19OFF034867,FHP,Long,6/17/2019 0:00:00,07:30 AM,Winter Garden,Orange,STATE ROAD 429 ( DAN WEBSTER EXPRESSWAY),MILE MARKER 23,0, ,Other,3,0,0,1,N,N,N,10300.000000000000000,Clear,Daylight,0,Other,N,Injury,N,Other,Motor Vehicle in Transport,On Roadway,Non-Junction,N,Not at Intersection,Turnpike/Toll,Paved,Dry,None, , ,None, , ,N,N, , , , ,0,0,0,0,0,0,0,0,1,0,0,0,1.000000000000000,0.000000000000000,0,1,0,10300,"Mapped, On Network",-81.556992967200003,28.537301490000001,638590.419739000033587,505829.926164000004064,6/25/2019 4:08:48 PM,8470_6274
3428,3429,1,3428,29981,88137396,FHPD19OFF046259,FHP,Long,5/21/2019 0:00:00,06:02 PM,Orlando Expwy Auth,Orange,STATE RD 417,HONTERS VISAT BLVD,5280,South,Rear End,2,0,0,0,N,N,N,8000.000000000000000,Clear,Daylight,0,Rear End,N,Property Damage Only,N,Front to Rear,Motor Vehicle in Transport,On Roadway,Non-Junction,N,Not at Intersection,Turnpike/Toll,Paved,Dry,None, , ,None, , ,N,N, , , , ,0,0,0,0,0,0,0,0,0,0,0,0,0.000000000000000,0.000000000000000,0,1,0,8000,"Mapped, On Network",-81.458135340100000,28.355733548300002,648659.386275999946520,485865.061036999977659,6/25/2019 3:40:46 PM,7010_6916
3429,3430,1,3429,30142,88124012,FHPD19OFF043418,FHP,Short,5/13/2019 0:00:00,08:25 AM,Orlando Expwy Auth,Orange,STATE ROAD 417 SOUTHBOUND,MILE MARKER 26,0, ,Rear End,2,0,0,0,N,Y,N,4000.000000000000000,Clear,Daylight,0,Rear End,S,Property Damage Only,N,Front to Rear,Motor Vehicle in Transport,On Roadway,Non-Junction,N,Not at Intersection,Turnpike/Toll,Paved,Dry,None, , ,None, , ,N,N, , , , ,0,0,1,0,0,0,0,0,0,0,0,0,0.000000000000000,0.000000000000000,0,1,0,4000,"Mapped, On Network",-81.233052853999993,28.462233443599999,670409.300790000008419,498163.567404999979772,6/20/2019 12:25:40 PM,6173_8544
3430,3431,1,3430,30302,87246739,FHPD19OFF044410,FHP,Short,5/16/2019 0:00:00,07:25 AM,Orlando,Orange,STATE ROAD 417,MM 37,0, ,Rear End,2,0,0,0,N,N,N,2500.000000000000000,Clear,Daylight,0,Rear End,S,Property Damage Only,Y,Front to Rear,Motor Vehicle in Transport,On Roadway,Through Roadway,N,Not at Intersection,Turnpike/Toll,Unpaved,Dry,None, , ,None, , ,N,N, , , , ,0,0,0,0,0,0,0,0,0,0,0,0,0.000000000000000,0.000000000000000,0,1,0,2500,"Mapped, On Network",-81.253336030800000,28.603368549599999,668078.301623999956064,513789.249635000014678,6/25/2019 10:36:48 AM,8565_8588
3431,3432,1,3431,30370,87284968,FHPK19OFF028583,FHP,Long,5/18/2019 0:00:00,11:09 PM,Unincorporated,Orange,STATE ROAD 429 (WESTERN BELTWAY) NORTH,STATE ROAD 91 (FLORIDAS TURNPIKE),100,East,Off Road,1,0,0,0,N,N,N,8000.000000000000000,Clear,Dark - Lighted,0,Off Road,N,Property Damage Only,N,Other,Utility Pole/Light Support,Shoulder,Entrance/Exit Ramp,N,Not at Intersection,Turnpike/Toll,Curb,Dry,None, , ,None, , ,N,N, , , , ,0,0,0,0,0,0,0,0,0,0,0,0,0.000000000000000,0.000000000000000,0,1,0,8000,"Mapped, Not On Network",-81.557060000000007,28.536860024900001,638584.845199999981560,505780.778799999970943,6/25/2019 10:37:59 AM,6231_8470
3432,3433,1,3432,30385,88915585,2019-00211493,Orlando PD,Short,6/4/2019 0:00:00,08:00 PM,Orlando,Orange,EW EBO,S ORANGE AV,150,East,Other,1,0,0,0,N,N,N,1000.000000000000000,Clear,Dusk,0,Single Vehicle,E,Property Damage Only,Y,Angle,Motor Vehicle in Transport,On Roadway,Non-Junction,N,Not at Intersection,Turnpike/Toll,Paved,Dry,None,None, ,None, , ,N,N, , , , ,0,0,0,0,0,0,0,0,0,0,0,0,0.000000000000000,0.000000000000000,0,0,0,1000,"Mapped, On Network",-81.377933534099995,28.535793492800000,656078.844775000005029,506021.633170999994036,6/25/2019 3:47:22 PM,6679_6276
3433,3434,1,3433,30402,88137410,FHPD19OFF051054,FHP,Long,6/5/2019 0:00:00,05:07 PM,Orlando Expwy Auth,Orange,STATE RD 408 EXIT RAMP,STATE RD 434 ALAFAYA TRL,100,West,Rear End,2,0,0,0,N,N,N,1250.000000000000000,Clear,Daylight,0,Rear End,E,Property Damage Only,N,Front to Rear,Motor Vehicle in Transport,On Roadway,Entrance/Exit Ramp,N,T-Intersection,Turnpike/Toll,Paved,Dry,None, , ,None, , ,N,Y,Work on Shoulder or Median,Activity Area,Y,N,0,0,0,0,0,0,0,0,0,0,0,0,0.000000000000000,0.000000000000000,0,0,0,1250,"Mapped, Not On Network",-81.203944043899995,28.549835705900001,673033.000000000000000,507954.000000000000000,6/19/2019 3:32:37 PM,8041_6970
3434,3435,1,3434,30405,88119219,FHPD19OFF051276,FHP,Short,6/6/2019 0:00:00,11:08 AM,Orlando Expwy Auth,Orange,SR-408 (MM16),GOLDENROD ROAD,20,West,Sideswipe,2,0,0,0,N,N,N,1400.000000000000000,Clear,Daylight,0,Same Direction Sideswipe,E,Property Damage Only,N,Angle,Motor Vehicle in Transport,On Roadway,Entrance/Exit Ramp,N,Not at Intersection,Turnpike/Toll,Paved,Dry,None, , ,None, , ,N,N, , , , ,0,0,0,0,0,0,0,0,0,0,0,0,0.000000000000000,0.000000000000000,0,0,0,1400,"Mapped, Not On Network",-81.289699999600003,28.539670024799999,664685.168999999994412,506638.351900000008754,6/24/2019 12:13:36 PM,6881_8431
3435,3436,1,3435,30406,88124026,FHPD19OFF050336,FHP,Long,6/3/2019 0:00:00,02:09 PM,Orlando Expwy Auth,Orange,STATE ROAD 429 NORTHBOUND,MILE MARKER 25,0, ,Off Road,1,0,0,1,N,N,N,11000.000000000000000,Clear,Daylight,0,Off Road,N,Injury,N,Other,Guardrail Face,Off Roadway,Non-Junction,N,Not at Intersection,Turnpike/Toll,Paved,Dry,None, , ,None, , ,N,N, , , , ,0,0,0,0,0,0,0,0,1,0,0,0,1.000000000000000,0.000000000000000,0,0,1000,10000,"Mapped, On Network",-81.557314872800006,28.585610049600000,638452.720792999956757,511193.190388999995776,6/12/2019 1:09:26 PM,6089_6220
3436,3437,1,3436,30481,88917252,2019-00213165,Orlando PD,Long,6/5/2019 0:00:00,11:59 PM,Orlando,Orange,EW EBO,S DIVISION AVENUE,300,West,Sideswipe,3,0,0,1,N,N,N,3000.000000000000000,Clear,Dark - Lighted,0,Same Direction Sideswipe,E,Injury,Y,"Sideswipe, Same Direction",Motor Vehicle in Transport,On Roadway,Non-Junction,N,Not at Intersection,Turnpike/Toll,Paved,Wet,Work Zone, , ,Weather Conditions, , ,N,Y,Lane Closure,Transition Area,N,N,0,0,0,0,0,0,0,0,1,0,0,0,0.000000000000000,0.000000000000000,0,0,0,3000,"Mapped, On Network",-81.385793772900001,28.535106936700000,655312.921797999995761,505929.105830000014976,6/24/2019 11:05:07 AM,6679_6276
3437,3438,1,3437,30494,88081036,FHPD19OFF044636,FHP,Long,5/16/2019 0:00:00,07:00 PM,Orlando Expwy Auth,Orange,NB  SR-417,SR-15,5280,North,Sideswipe,2,0,0,0,N,Y,N,400.000000000000000,Clear,Daylight,0,Same Direction Sideswipe,N,Property Damage Only,Y,Front to Rear,Motor Vehicle in Transport,On Roadway,Non-Junction,N,Not at Intersection,Turnpike/Toll,Paved,Dry,None, , ,None, , ,N,N, , , , ,0,0,0,0,0,0,0,0,0,0,0,0,0.000000000000000,0.000000000000000,0,1,0,400,"Mapped, On Network",-81.228037466399996,28.427168209000001,670986.894204000011086,494281.337141000025440,6/12/2019 1:02:32 PM,8538_6642
3438,3439,1,3438,30495,88081035,FHPD19OFF044553,FHP,Short,5/16/2019 0:00:00,03:55 PM,Orlando Expwy Auth,Orange,NB SR-417,LANDSTAR BLVD,0,North,Sideswipe,2,0,0,0,N,N,N,4000.000000000000000,Cloudy,Daylight,0,Same Direction Sideswipe,N,Property Damage Only,Y,"Sideswipe, Same Direction",Motor Vehicle in Transport,On Roadway,Non-Junction,N,Not at Intersection,Turnpike/Toll,Paved,Dry,None, , ,None, , ,N,N, , , , ,0,0,0,0,0,0,0,0,0,0,0,0,0.000000000000000,0.000000000000000,0,1,0,4000,"Mapped, On Network",-81.350643579299998,28.368815559900000,659142.033686000038870,487538.907945999992080,6/20/2019 12:18:16 PM,8466_7095
3439,3440,1,3439,30501,88137403,FHPD19OFF048733,FHP,Long,5/29/2019 0:00:00,01:59 PM,Orlando Expwy Auth,Orange,STATE RD 528,STATE RD 15 NARCOOSSEE RD,500,East,Other,3,0,0,2,N,N,N,10500.000000000000000,Clear,Daylight,0,Other,W,Injury,N,Angle,Parked Motor Vehicle,On Roadway,Non-Junction,N,Not at Intersection,Turnpike/Toll,Paved,Dry,None, , ,None, , ,N,N, , , , ,0,0,0,0,0,0,0,1,1,0,0,0,2.000000000000000,0.000000000000000,0,0,0,10500,"Mapped, On Network",-81.258782732800000,28.448678822000002,667928.637124000000767,496602.451991999987513,6/25/2019 3:41:10 PM,8065_8055
3440,3441,1,3440,30502,88137401,FHPD19OFF048162,FHP,Long,5/27/2019 0:00:00,04:23 PM,Orlando Expwy Auth,Orange,STATE RD 417 EXIT RAMP,STATE RD 91,500,South,Rear End,3,0,0,0,N,N,N,14000.000000000000000,Clear,Daylight,0,Rear End,N,Property Damage Only,N,Front to Rear,Motor Vehicle in Transport,On Roadway,Entrance/Exit Ramp,N,Not at Intersection,Turnpike/Toll,Paved,Dry,None, , ,None, , ,N,Y,Work on Shoulder or Median,Activity Area,N,N,0,0,2,0,0,0,0,0,0,0,0,0,0.000000000000000,0.000000000000000,0,1,0,14000,"Mapped, Not On Network",-81.383920000000003,28.368070048800000,655889.408177000004798,487386.642097999982070,6/21/2019 10:40:48 AM,6167_9178
3441,3442,1,3441,30564,88916440,2019-00182446,Orlando PD,Long,5/14/2019 0:00:00,03:03 PM,Orlando,Orange,SR 408 WEST,S ROSALIND AV EXIT RAMP,20,West,Other,1,0,0,0,N,N,N,1200.000000000000000,Cloudy,Daylight,0,Single Vehicle,W,Property Damage Only,Y,Other,Other Non-Fixed Object,On Roadway,Non-Junction,N,Not at Intersection,State,Curb,Wet,Obstruction in Roadway, , ,None, , ,N,N, , , , ,0,0,0,0,0,0,0,0,0,0,0,0,0.000000000000000,0.000000000000000,0,0,0,1200,"Mapped, On Network",-81.374775560800003,28.537037116299999,656384.275295999948867,506166.275484999991022,5/30/2019 2:45:20 PM,6737_6230
3442,3443,1,3442,30566,88913049,2019-00181832,Orlando PD,Short,5/14/2019 0:00:00,07:45 AM,Orlando,Orange,SR 408 WEST,S. CRYSTAL LAKE DR,500,East,Rear End,2,0,0,0,N,N,N,2000.000000000000000,Clear,Daylight,0,Rear End,W,Property Damage Only,Y,Front to Rear,Motor Vehicle in Transport,On Roadway,Non-Junction,N,Not at Intersection,State,Paved,Dry,None, , ,None, , ,N,N, , , , ,0,0,0,0,0,0,0,0,0,0,0,0,0.000000000000000,0.000000000000000,0,0,0,2000,"Mapped, On Network",-81.342142763599995,28.538537778100000,659567.172371999942698,506401.162886000005528,5/30/2019 2:56:11 PM,8353_6185
3443,3444,1,3443,30629,88137395,FHPD19OFF044992,FHP,Long,5/17/2019 0:00:00,06:21 PM,Orlando Expwy Auth,Orange,STATE RD 417,MOSS PARK RD,0,South,Rear End,2,0,0,0,N,N,N,7000.000000000000000,Clear,Daylight,0,Rear End,N,Property Damage Only,N,Front to Rear,Motor Vehicle in Transport,On Roadway,Non-Junction,N,Not at Intersection,Turnpike/Toll,Paved,Dry,None, , ,None, , ,N,N, , , , ,0,0,1,0,0,0,0,0,0,0,0,0,0.000000000000000,0.000000000000000,0,1,0,7000,"Mapped, On Network",-81.228550575300005,28.412293729600002,670973.864110999973491,492628.717570999986492,6/25/2019 10:37:05 AM,8533_8540
3444,3445,1,3444,30630,88127860,FHPD19OFF046999,FHP,Long,5/24/2019 0:00:00,12:19 AM,Orlando,Orange,STATE ROAD 528 (BEACHLINE),STATE ROAD 520,15840,West,Off Road,1,0,0,1,N,N,N,9000.000000000000000,Cloudy,Dark - Not Lighted,0,Off Road,W,Injury,N,Other,Guardrail Face,Shoulder,Non-Junction,N,Not at Intersection,State,Curb,Dry,None, , ,None, , ,N,N, , , , ,0,0,1,0,0,0,0,0,1,0,0,0,1.000000000000000,0.000000000000000,0,0,5000,4000,"Mapped, On Network",-81.020498908199997,28.452508458499999,691204.051084000035189,497567.857406000024639,5/30/2019 3:18:44 PM,5943_6937
3445,3446,1,3445,30659,88124025,FHPD19OFF049500,FHP,Long,5/31/2019 0:00:00,05:26 PM,Orlando Expwy Auth,Orange,STATE ROAD 417 NORTHBOUND,MILE MARKER 37,0, ,Rear End,2,0,0,1,N,Y,N,7000.000000000000000,Clear,Daylight,0,Rear End,N,Injury,N,Front to Rear,Motor Vehicle in Transport,On Roadway,Non-Junction,N,Not at Intersection,Turnpike/Toll,Paved,Dry,None, , ,None, , ,N,N, , , , ,0,0,0,0,0,0,0,1,0,0,0,0,1.000000000000000,0.000000000000000,0,3,0,7000,"Mapped, On Network",-81.251825616399998,28.602026387399999,668229.017350999987684,513643.516912000020966,6/6/2019 2:31:15 PM,8449_5988
3446,3447,1,3446,30764,88910403,2019-00203190,Orlando PD,Short,5/29/2019 0:00:00,04:40 PM,Orlando,Orange,SR 417 (GREENWAY EXPWAY),LAKE NONA BLVD,200,North,Sideswipe,2,0,0,0,N,N,N,1000.000000000000000,Clear,Daylight,0,Same Direction Sideswipe,S,Property Damage Only,Y,"Sideswipe, Same Direction",Motor Vehicle in Transport,On Roadway,Non-Junction,N,Not at Intersection,State,Unpaved,Dry,None, , ,None, , ,N,N, , , , ,0,0,3,0,0,0,0,0,0,0,0,0,0.000000000000000,0.000000000000000,0,0,0,1000,"Mapped, On Network",-81.276633085599997,28.379541039199999,666353.772236000047997,488887.457679999992251,6/20/2019 10:14:57 AM,8603_8478
3447,3448,1,3447,30766,88124930,FHPD19OFF049478,FHP,Long,5/31/2019 0:00:00,04:42 PM,Orlando Expwy Auth,Orange,STATE ROAD 417 NB MM36,UNIVERSITY BLVD,0,South,Rear End,2,0,0,0,N,N,N,5000.000000000000000,Clear,Daylight,0,Rear End,N,Property Damage Only,Y,Front to Rear,Motor Vehicle in Transport,On Roadway,Non-Junction,N,Not at Intersection,Turnpike/Toll,Paved,Dry,None, , ,None, , ,N,N, , , , ,0,0,1,0,0,0,0,0,0,0,0,0,0.000000000000000,0.000000000000000,0,1,0,5000,"Mapped, On Network",-81.250526399400002,28.593681722700001,668376.464156999951228,512719.854480999987572,6/6/2019 2:29:01 PM,6318_8120
3448,3449,1,3448,30798,88124932,FHPD19OFF050929,FHP,Long,6/5/2019 0:00:00,11:49 AM,Orlando Expwy Auth,Orange,STATE ROAD 417 NB MM26,LEE VISTA BLVD,0, ,Rollover,1,0,0,1,N,N,N,4000.000000000000000,Clear,Daylight,0,Rollover,N,Injury,Y,Other,Overturn/Rollover,On Roadway,Non-Junction,N,Not at Intersection,Turnpike/Toll,Paved,Dry,None, , ,None, , ,N,N, , , , ,0,0,0,0,0,0,0,0,1,0,0,0,1.000000000000000,0.000000000000000,0,0,0,4000,"Mapped, Not On Network",-81.239420000300001,28.477840025100001,669748.356600000057369,499882.397100000001956,6/25/2019 3:42:28 PM,8544_8386
3449,3450,1,3449,30846,88124922,FHPD19OFF044796,FHP,Long,5/17/2019 0:00:00,11:49 AM,Orlando Expwy Auth,Orange,STATE ROAD 528 EB,DALLAS BLVD,0,West,Rear End,3,0,0,1,N,N,N,10010.000000000000000,Clear,Daylight,0,Rear End,E,Injury,Y,Front to Rear,Motor Vehicle in Transport,On Roadway,Non-Junction,N,Not at Intersection,Turnpike/Toll,Paved,Dry,None, , ,None, , ,N,N, , , , ,0,0,0,0,0,0,0,0,1,0,0,0,1.000000000000000,0.000000000000000,0,1,0,10010,"Mapped, On Network",-81.103645158800006,28.451426831700001,683082.019143000012264,497254.160196000011638,5/22/2019 1:13:41 PM,6488_8109
3450,3451,1,3450,30847,88124921,FHPD19OFF044467,FHP,Long,5/16/2019 0:00:00,11:07 AM,Orlando Expwy Auth,Orange,STATE ROAD 417 NB MM37,ALOMA AVE,5280,South,Sideswipe,2,0,0,0,N,N,N,7000.000000000000000,Clear,Daylight,0,Same Direction Sideswipe,N,Property Damage Only,Y,"Sideswipe, Same Direction",Motor Vehicle in Transport,On Roadway,Non-Junction,N,Not at Intersection,Turnpike/Toll,Paved,Dry,None, , ,None, , ,N,N, , , , ,0,0,1,0,0,0,0,0,0,0,0,0,0.000000000000000,0.000000000000000,0,1,0,7000,"Mapped, On Network",-81.255579989200001,28.606339757499999,667851.981293000048026,514114.259918000025209,6/21/2019 7:58:20 PM,5988_6758
3451,3452,1,3451,30870,88081038,FHPD19OFF049679,FHP,Long,6/1/2019 0:00:00,09:13 AM,Orlando Expwy Auth,Orange,EB SR-408,ROUSE RD,0,West,Sideswipe,2,0,0,0,N,N,N,100.000000000000000,Cloudy,Daylight,0,Same Direction Sideswipe,E,Property Damage Only,Y,"Sideswipe, Same Direction",Motor Vehicle in Transport,On Roadway,Non-Junction,N,Not at Intersection,Turnpike/Toll,Paved,Dry,None, , ,None, , ,N,Y,Work on Shoulder or Median,Activity Area,Y,N,0,0,0,0,0,0,0,0,0,0,0,0,0.000000000000000,0.000000000000000,0,1,0,100,"Mapped, On Network",-81.250677003400000,28.547301997500000,668476.593224999960512,507570.079130999976769,6/6/2019 1:37:43 PM,8027_6269
3452,3453,1,3452,30873,88137407,FHPD19OFF049465,FHP,Short,5/31/2019 0:00:00,04:18 PM,Orlando Expwy Auth,Orange,STATE RD 408,GOOD HOMES RD,0,East,Sideswipe,2,0,0,0,N,N,N,2000.000000000000000,Clear,Daylight,0,Same Direction Sideswipe,E,Property Damage Only,N,"Sideswipe, Same Direction",Motor Vehicle in Transport,On Roadway,Non-Junction,N,Not at Intersection,Turnpike/Toll,Paved,Dry,None, , ,None, , ,N,N, , , , ,0,0,0,0,0,0,0,0,0,0,0,0,0.000000000000000,0.000000000000000,0,2,0,2000,"Mapped, On Network",-81.509009033900000,28.545345629900002,643257.979457000037655,506816.844276999996509,6/6/2019 2:24:08 PM,8114_8152
3453,3454,1,3453,30881,88139971,FHPD19OFF051119,FHP,Long,6/5/2019 0:00:00,08:20 PM,Orlando,Orange,SR 417 SB,MM  30,0, ,Sideswipe,2,0,0,0,N,N,N,3300.000000000000000,Rain,Dark - Lighted,0,Opposing Sideswipe,S,Property Damage Only,N,"Sideswipe, Opposite Direction",Motor Vehicle in Transport,On Roadway,Non-Junction,N,Not at Intersection,State,Paved,Wet,None, , ,None, , ,N,N, , , , ,0,0,0,0,0,0,0,0,0,0,0,0,0.000000000000000,0.000000000000000,0,0,0,3300,"Mapped, On Network",-81.250892429399997,28.518832287300000,668526.040055999998003,504408.666053000022657,6/24/2019 12:12:25 PM,6968_8555
3454,3455,1,3454,30884,88138457,FHPD19OFF050849,FHP,Long,6/5/2019 0:00:00,07:41 AM,Orlando Expwy Auth,Orange,SR408,2MM,0, ,Rear End,4,0,0,0,N,N,N,11000.000000000000000,Clear,Daylight,0,Rear End,E,Property Damage Only,N,Front to Rear,Motor Vehicle in Transport,On Roadway,Non-Junction,N,Not at Intersection,Turnpike/Toll,Paved,Dry,None, , ,None, , ,N,N, , , , ,0,0,0,0,0,0,0,0,0,0,0,0,0.000000000000000,0.000000000000000,0,1,0,11000,"Mapped, On Network",-81.508087691599997,28.545487886800000,643347.621763000031933,506834.457333000027575,6/21/2019 7:55:37 PM,8114_8152
3455,3456,1,3455,30885,88137409,FHPD19OFF050789,FHP,Short,6/4/2019 0:00:00,09:04 PM,Orlando Expwy Auth,Orange,STATE RD 528,DALLAS BLVD,0,West,Other,1,0,0,0,N,N,N,1000.000000000000000,Clear,Dark - Not Lighted,0,Single Vehicle,E,Property Damage Only,N,Other,Other Non-Fixed Object,On Roadway,Non-Junction,N,Not at Intersection,Turnpike/Toll,Paved,Dry,Debris, , ,None, , ,N,N, , , , ,0,0,0,0,0,0,0,0,0,0,0,0,0.000000000000000,0.000000000000000,0,0,0,1000,"Mapped, On Network",-81.101485395699996,28.451452348099998,683293.003177999984473,497261.952998999971896,6/19/2019 3:19:40 PM,6488_8109
3456,3457,1,3456,30992,88020052,FHPK19OFF029449,FHP,Long,5/23/2019 0:00:00,10:01 AM,Unincorporated,Orange,STATE ROAD-429,COUNTY ROAD 535,1167,South,Head On,4,0,2,0,N,N,N,38000.000000000000000,Clear,Daylight,0,Head On,NS,Fatality,N,Front to Front,Motor Vehicle in Transport,On Roadway,Crossover-Related,N,Not at Intersection,Interstate,Paved,Dry,None, , ,None, , ,N,N, , , , ,0,0,0,0,0,1,0,0,0,0,2,0,1.000000000000000,0.000000000000000,1,0,0,38000,"Mapped, On Network",-81.589087346599996,28.516140343499998,635502.344390999991447,503418.614930999989156,6/6/2019 3:15:06 PM,8494_8462
3457,3458,1,3457,31005,88047853,FHPK19OFF033469,FHP,Short,6/10/2019 0:00:00,04:10 PM,Ocoee,Orange,STATE ROAD 429,MM22,0, ,Sideswipe,2,0,0,0,N,N,N,1150.000000000000000,Cloudy,Daylight,0,Same Direction Sideswipe,S,Property Damage Only,N,"Sideswipe, Same Direction",Motor Vehicle in Transport,On Roadway,Non-Junction,Y,Not at Intersection,Turnpike/Toll,Paved,Wet,None, , ,None, , ,N,N, , , , ,0,0,0,0,0,0,0,0,0,0,0,0,0.000000000000000,0.000000000000000,0,1,0,1150,"Mapped, Not On Network",-81.556939999999997,28.542640049399999,638583.846864999970421,506422.790615000005346,6/24/2019 12:50:38 PM,6274_6738