FID,OBJECTID_1,Join_Count,TARGET_FID,OBJECTID,HSMV_Repor,Agency_Rep,Reporting_,Form_Type,Crash_Date,Crash_Time,City,County,Crash_Stre,Intersecti,Offset_Dis,Offset_Dir,Crash_Type,Vehicles,Non_Motori,Fatalities,Injuries,Alcohol_Re,Distractio,Drug_Relat,Estimated_,Weather_Co,Light_Cond,Street_Num,Crash_Ty_1,Crash_Ty_2,Crash_Seve,Within_Cit,Manner_of_,First_Harm,First_HE_L,First_HE_R,First_HE_W,Type_of_In,Road_Sys_I,Type_of_Sh,Road_Surf_,Contrib_Ci,Contrib__1,Contrib__2,Contrib__3,Contrib__4,Contrib__5,School_Bus,Work_Zone_,Type_of_Wo,Loc_in_Wor,Workers_in,Law_Enforc,Mopeds,Motorcycle,Passengers,Bicyclists,Pedestrian,Fataliti_1,Injuries_U,Possible_I,Non_Incapa,Incapacita,Fataliti_2,Non_Traffi,Transporte,Transpor_1,Transpor_2,Citations,Property_D,Vehicle_Dm,S4_Mapping,S4_Decimal,S4_Decim_1,S4_Albers_,S4_Albers1,S4_Mappi_1,zone_id_st
3458,3459,1,3458,31080,88914756,2019-00197522,Orlando PD,Short,5/25/2019 0:00:00,07:00 AM,Orlando,Orange,SR408,ORANGE AVENUE,0, ,Other,1,0,0,0,N,N,N,12000.000000000000000,Clear,Daylight,0,Single Vehicle,E,Property Damage Only,Y,Other,Motor Vehicle in Transport,On Roadway,Non-Junction,N,Not at Intersection,State,Paved,Dry,None, , ,Glare, , ,N,N, , , , ,0,0,0,0,0,0,0,0,0,0,0,0,0.000000000000000,0.000000000000000,0,0,0,12000,"Mapped, On Network",-81.378922681600002,28.535485514099999,655982.983157000038773,505985.384337999974377,6/21/2019 10:28:32 AM,6679_6276
3459,3460,1,3459,31092,88081039,FHPD19OFF050572,FHP,Short,6/4/2019 0:00:00,08:50 AM,Orlando Expwy Auth,Orange,NB SR-417,SR-600,5280,South,Rear End,2,0,0,0,N,N,N,6000.000000000000000,Cloudy,Daylight,0,Rear End,N,Property Damage Only,Y,Front to Rear,Motor Vehicle in Transport,On Roadway,Non-Junction,N,Not at Intersection,Turnpike/Toll,Paved,Dry,None, , ,None, , ,N,N, , , , ,0,0,1,0,0,0,0,0,0,0,0,0,0.000000000000000,0.000000000000000,0,1,0,6000,"Mapped, On Network",-81.418098744500000,28.375169213400000,652530.231992000015453,488104.418652999971528,6/24/2019 12:13:19 PM,8107_8280
3460,3461,1,3460,31189,88915566,2019-00209273,Orlando PD,Long,6/3/2019 0:00:00,08:33 AM,Orlando,Orange,SR 408,S ROSALIND AVE,2625,East,Rear End,2,0,0,0,N,N,N,2000.000000000000000,Clear,Daylight,0,Rear End,W,Property Damage Only,Y,Front to Rear,Motor Vehicle in Transport,On Roadway,Non-Junction,N,Not at Intersection,State,Curb,Dry,None, , ,None, , ,N,N, , , , ,0,0,0,0,0,0,0,0,0,0,0,0,0.000000000000000,0.000000000000000,0,0,0,2000,"Mapped, On Network",-81.371004581500003,28.537280177000000,656751.924912999966182,506201.108584999979939,6/21/2019 10:48:52 AM,8313_6737
3461,3462,1,3461,31191,88912304,2019-00207805,Orlando PD,Short,6/2/2019 0:00:00,12:30 AM,Orlando,Orange,EW EBO,S ORANGE AV,0, ,Rear End,2,0,0,0,N,N,N,2300.000000000000000,Clear,Dark - Lighted,0,Rear End,E,Property Damage Only,Y,Front to Rear,Motor Vehicle in Transport,On Roadway,Non-Junction,N,Not at Intersection,Turnpike/Toll,Paved,Dry,Work Zone, , ,None, , ,N,Y,Lane Closure,Transition Area,N,N,0,0,1,0,0,0,0,0,0,0,0,0,0.000000000000000,0.000000000000000,0,0,0,2300,"Mapped, On Network",-81.378709483500003,28.535561059399999,656003.623322000028566,505994.214778999972623,5/15/2020 6:23:00 PM,6679_6276
3462,3463,1,3462,31212,88124032,FHPD19OFF051321,FHP,Long,6/6/2019 0:00:00,01:28 PM,Orlando Expwy Auth,Orange,STATE ROAD 417 SOUTHBOUND,MILE MARKER 26,0, ,Rear End,3,0,0,1,N,Y,N,17000.000000000000000,Clear,Daylight,0,Rear End,S,Injury,N,Front to Rear,Motor Vehicle in Transport,On Roadway,Non-Junction,N,Not at Intersection,Turnpike/Toll,Paved,Dry,None, , ,None, , ,N,N, , , , ,0,0,0,0,0,0,0,1,0,0,0,0,1.000000000000000,0.000000000000000,0,1,0,17000,"Mapped, On Network",-81.232409169099995,28.460416547099999,670476.724717000033706,497963.251889000006486,6/24/2019 9:57:51 AM,8546_7092
3463,3464,1,3463,31213,88124036,FHPD19OFF052755,FHP,Short,6/10/2019 0:00:00,05:03 PM,Orlando Expwy Auth,Orange,STATE ROD 417 SOUTHBOUND,MILE MARKER 31,0, ,Rear End,2,0,0,0,N,N,N,3000.000000000000000,Clear,Daylight,0,Rear End,S,Property Damage Only,N,Front to Rear,Motor Vehicle in Transport,On Roadway,Non-Junction,N,Not at Intersection,Turnpike/Toll,Paved,Dry,None, , ,None, , ,N,N, , , , ,0,0,0,0,0,0,0,0,0,0,0,0,0.000000000000000,0.000000000000000,0,1,0,3000,"Mapped, On Network",-81.251077943499993,28.531833878499999,668475.737686999957077,505851.807771000021603,6/24/2019 12:42:30 PM,7071_6968
3464,3465,1,3464,31285,88124931,FHPD19OFF050066,FHP,Long,6/2/2019 0:00:00,04:04 PM,Orlando Expwy Auth,Orange,STATE ROAD 417 NB MM26,STATE ROAD 528,200,North,Other,1,0,0,0,N,N,N,4925.000000000000000,Clear,Daylight,0,Single Vehicle,N,Property Damage Only,Y,Other,Cargo/Equipment Loss or Shift,Median,Non-Junction,N,Not at Intersection,Turnpike/Toll,Paved,Dry,None, , ,None, , ,N,N, , , , ,0,0,0,0,0,0,0,0,0,0,0,0,0.000000000000000,0.000000000000000,0,0,925,4000,"Mapped, On Network",-81.230309713400004,28.454135723800000,670697.535477000055835,497270.508680000028107,6/24/2019 12:43:20 PM,7993_7091
3465,3466,1,3465,31325,88917778,2019-00218521,Orlando PD,Long,6/10/2019 0:00:00,07:30 AM,Orlando,Orange,SR 408 EBO,I4 WBO EXIT RAMP,75,West,Rear End,3,0,0,2,N,N,N,7000.000000000000000,Cloudy,Daylight,0,Rear End,E,Injury,Y,Front to Rear,Motor Vehicle in Transport,On Roadway,Non-Junction,N,Not at Intersection,State,Paved,Wet,None, , ,None, , ,N,N, , , , ,0,0,0,0,0,0,0,2,0,0,0,0,0.000000000000000,0.000000000000000,0,0,0,7000,"Mapped, On Network",-81.392081656100004,28.535061372300000,654699.022853999980725,505911.043851999973413,6/24/2019 10:41:42 AM,8248_8267
3466,3467,1,3466,31366,88916085,2019-00187905,Orlando PD,Long,5/18/2019 0:00:00,01:29 PM,Orlando,Orange,SR 408 EBO,SR 436/ANDES AVE EXIT RAMP,250,West,Unknown,2,0,0,0,N,N,N,15000.000000000000000,Clear,Daylight,0,Unknown, ,Property Damage Only,Y,Angle,Motor Vehicle in Transport,On Roadway,Non-Junction,N,Not at Intersection,State,Paved,Dry,None, , ,None, , ,N,N, , , , ,0,0,2,0,0,0,0,0,0,0,0,0,0.000000000000000,0.000000000000000,0,1,0,15000,"Mapped, On Network",-81.313761485200004,28.539499279600001,662336.134935999987647,506567.977193999977317,6/21/2019 10:35:57 AM,6301_6218
3467,3468,1,3467,31384,88135537,FHPD19OFF047425,FHP,Long,5/25/2019 0:00:00,12:00 AM,Orlando,Orange,STATE ROAD 417,MM26,50,South,Rear End,4,0,0,1,N,N,N,9000.000000000000000,Clear,Dark - Lighted,0,Rear End,N,Injury,N,Front to Rear,Motor Vehicle in Transport,On Roadway,Non-Junction,N,Not at Intersection,Turnpike/Toll,Curb,Dry,None, , ,None, , ,N,N, , , , ,0,0,2,0,0,0,0,1,0,0,0,0,1.000000000000000,0.000000000000000,0,1,0,9000,"Mapped, On Network",-81.233029999999999,28.462244393700001,670411.506617999984883,498164.833293000003323,6/21/2019 8:01:12 PM,6173_8544
3468,3469,1,3468,31393,88119217,FHPD19OFF050952,FHP,Short,6/5/2019 0:00:00,12:47 PM,Orlando Expwy Auth,Orange,SR-417 (MM27),LEE VISTA BLVD,20,North,Unknown,2,0,0,0,N,N,N,3600.000000000000000,Clear,Daylight,0,Unknown, ,Property Damage Only,N,Angle,Motor Vehicle in Transport,On Roadway,Non-Junction,N,Not at Intersection,Turnpike/Toll,Paved,Dry,None, , ,None, , ,N,N, , , , ,0,0,0,0,0,0,0,0,0,0,0,0,0.000000000000000,0.000000000000000,0,0,0,3600,"Mapped, On Network",-81.238223927500002,28.473119133200001,669876.951579999993555,499360.860640999977477,6/24/2019 12:14:06 PM,6173_8544
3469,3470,1,3469,31398,88064426,FHPK19OFF032054,FHP,Long,6/4/2019 0:00:00,10:39 AM,Ocoee,Orange,STATE ROAD 429,STATE ROAD 50,10,North,Sideswipe,2,0,0,0,N,N,N,1000.000000000000000,Clear,Daylight,0,Same Direction Sideswipe,S,Property Damage Only,N,Other,Motor Vehicle in Transport,On Roadway,Non-Junction,N,Not at Intersection,Turnpike/Toll,Paved,Dry,None, , ,None, , ,N,N, , , , ,0,0,0,0,0,0,0,0,0,0,0,0,0.000000000000000,0.000000000000000,0,1,0,1000,"Mapped, On Network",-81.559232854399994,28.561387697699999,638318.753931000013836,508499.983034999982920,6/20/2019 10:56:21 PM,8500_8421
3470,3471,1,3470,31440,84505759,FHPD19OFF047246,FHP,Long,5/24/2019 0:00:00,04:16 PM,Orlando,Orange,SR-528 (BEACHLINE),DALLAS BLVD,0,East,Rear End,2,0,0,4,N,N,N,11000.000000000000000,Clear,Daylight,0,Rear End,E,Injury,N,Front to Rear,Motor Vehicle in Transport,On Roadway,Non-Junction,N,Not at Intersection,Turnpike/Toll,Paved,Dry,None, , ,None, , ,N,N, , , , ,0,0,2,0,0,0,0,4,0,0,0,0,0.000000000000000,0.000000000000000,0,1,0,11000,"Mapped, On Network",-81.090384464600007,28.451588591600000,684377.420311999972910,497302.630745999980718,6/21/2019 8:52:05 PM,8109_6321
3471,3472,1,3471,31467,88124031,FHPD19OFF051117,FHP,Long,6/5/2019 0:00:00,08:16 PM,Orlando Expwy Auth,Orange,STATE ROAD 408 WESTBOUND,MILE MARKER 5,0, ,Off Road,1,0,0,0,N,N,N,4500.000000000000000,Rain,Dusk,0,Off Road,W,Property Damage Only,N,Other,Guardrail Face,On Roadway,Non-Junction,N,Not at Intersection,Turnpike/Toll,Paved,Wet,Road Surface Condition, , ,Weather Conditions, , ,N,N, , , , ,0,0,0,0,0,0,0,0,0,0,0,0,0.000000000000000,0.000000000000000,0,0,500,4000,"Mapped, On Network",-81.457475263999996,28.549169482700002,648281.054018000024371,507344.125270000018645,6/12/2019 1:03:03 PM,8201_8203
3472,3473,1,3472,31468,88124029,FHPD19OFF051020,FHP,Long,6/5/2019 0:00:00,03:46 PM,Orlando Expwy Auth,Orange,STATE ROAD 417 SOUTHBOUND,MILE MARKER 15,0, ,Off Road,1,0,0,0,N,Y,N,11000.000000000000000,Clear,Daylight,0,Off Road,S,Property Damage Only,N,Other,Utility Pole/Light Support,On Roadway,Non-Junction,N,Not at Intersection,Turnpike/Toll,Paved,Dry,None, , ,None, , ,N,N, , , , ,0,0,1,0,0,0,0,0,0,0,0,0,0.000000000000000,0.000000000000000,0,1,5000,6000,"Mapped, On Network",-81.350986954999996,28.368873288000000,659108.314459000015631,487544.596015000017360,6/12/2019 1:08:08 PM,8466_7095
3473,3474,1,3473,31469,88124028,FHPD19OFF050717,FHP,Short,6/4/2019 0:00:00,05:03 PM,Orlando Expwy Auth,Orange,STATE ROAD 417 NORTHBOUND OFF RAMP,ORANGE BLOSSOM TRL,0, ,Rear End,2,0,0,0,N,Y,N,700.000000000000000,Clear,Daylight,0,Rear End,N,Property Damage Only,N,Front to Rear,Motor Vehicle in Transport,On Roadway,Entrance/Exit Ramp,N,Not at Intersection,Turnpike/Toll,Paved,Dry,None, , ,None, , ,N,N, , , , ,0,0,0,0,0,0,0,0,0,0,0,0,0.000000000000000,0.000000000000000,0,1,0,700,"Mapped, Not On Network",-81.399889999999999,28.370710048799999,654321.368327999953181,487646.728668000025209,6/12/2019 1:08:38 PM,8017_6167
3474,3475,1,3474,31470,88124027,FHPD19OFF050428,FHP,Short,6/3/2019 0:00:00,05:51 PM,Orlando Expwy Auth,Orange,STATE ROAD 417 NORTHBOUND,MILE MARKER 11,0, ,Rear End,2,0,0,0,N,Y,N,4000.000000000000000,Clear,Daylight,0,Rear End,N,Property Damage Only,N,Front to Rear,Motor Vehicle in Transport,On Roadway,Non-Junction,N,Not at Intersection,Turnpike/Toll,Paved,Dry,None, , ,None, , ,N,N, , , , ,0,0,0,0,0,0,0,0,0,0,0,0,0.000000000000000,0.000000000000000,0,1,0,4000,"Mapped, On Network",-81.399034815700006,28.370343628299999,654405.861262000049464,487607.808240999991540,6/12/2019 1:09:09 PM,8017_6167
3475,3476,1,3475,31499,88916695,2019-00214026,Orlando PD,Long,6/6/2019 0:00:00,02:19 PM,Orlando,Orange,SR408 (EW WBO),SR400(I-4 WBO),0,West,Rear End,3,0,0,2,N,Y,N,3500.000000000000000,Cloudy,Daylight,0,Rear End,W,Injury,Y,Front to Rear,Motor Vehicle in Transport,On Roadway,Entrance/Exit Ramp,N,Not at Intersection,State,Paved,Dry,None, , ,None, , ,N,N, , , , ,0,0,0,0,0,0,0,2,0,0,0,0,0.000000000000000,0.000000000000000,0,1,0,3500,"Mapped, On Network",-81.391828914000001,28.535109911999999,654723.588899999973364,505916.955308999982662,6/24/2019 9:52:33 AM,8267_6679
3476,3477,1,3476,31576,88136980,FHPD19OFF048193,FHP,Short,5/27/2019 0:00:00,06:10 PM,Unincorporated,Orange,SR 528 (MARTIN ANDERSEN BEACHLINE EXPRESSWAY),MILE MARKER 31 (STATE ROAD 520),500,East,Rear End,2,0,0,0,N,N,N,1100.000000000000000,Clear,Daylight,0,Rear End,W,Property Damage Only,N,Front to Rear,Motor Vehicle in Transport,On Roadway,Non-Junction,N,Not at Intersection,State,Paved,Dry,None, , ,None, , ,N,N, , , , ,0,0,0,0,0,0,0,0,0,0,0,0,0.000000000000000,0.000000000000000,0,1,0,1100,"Mapped, On Network",-80.972686154499996,28.452714353400001,695875.578178999945521,497704.530882999999449,6/6/2019 2:20:21 PM,6598_8091
3477,3478,1,3477,31591,88917456,2019-00210597,Orlando PD,Short,6/4/2019 0:00:00,07:45 AM,Orlando,Orange,SR 408 WBO,I4 EBO (SR 400) EXIT RAMP,100,East,Rear End,2,0,0,0,N,N,N,150.000000000000000,Clear,Daylight,0,Rear End,W,Property Damage Only,Y,Front to Rear,Motor Vehicle in Transport,On Roadway,Non-Junction,N,Not at Intersection,State,Paved,Dry,None, , ,None, , ,N,N, , , , ,0,0,0,0,0,0,0,0,0,0,0,0,0.000000000000000,0.000000000000000,0,0,0,150,"Mapped, On Network",-81.384533431099996,28.535276595999999,655435.593335999990813,505950.553320000006352,6/24/2019 12:41:46 PM,8274_8272
3478,3479,1,3478,31640,88138458,FHPD19OFF051211,FHP,Long,6/6/2019 0:00:00,07:34 AM,Orlando Expwy Auth,Orange,SR408,7MM,0, ,Other,1,0,0,1,N,N,N,6600.000000000000000,Clear,Daylight,0,Single Vehicle,W,Injury,N,Other,Motor Vehicle in Transport,Off Roadway,Non-Junction,N,Not at Intersection,Turnpike/Toll,Paved,Dry,None, , ,None, , ,N,N, , , , ,0,0,0,0,0,0,0,1,0,0,0,0,0.000000000000000,0.000000000000000,0,1,600,6000,"Mapped, On Network",-81.427046922900004,28.545751805500000,651259.913703999947757,507026.285921000002418,6/21/2019 7:56:03 PM,6014_8237
3479,3480,1,3479,31641,88124030,FHPD19OFF051058,FHP,Long,6/5/2019 0:00:00,05:10 PM,Orlando Expwy Auth,Orange,STATE ROAD 417 SOUTHBOUND,MILE MARKER 26,0, ,Unknown,2,0,0,2,N,Y,N,12000.000000000000000,Clear,Daylight,0,Unknown, ,Injury,N,Angle,Motor Vehicle in Transport,On Roadway,Non-Junction,N,Not at Intersection,Turnpike/Toll,Paved,Wet,None, , ,None, , ,N,N, , , , ,0,0,2,0,0,0,0,2,0,0,0,0,2.000000000000000,0.000000000000000,0,1,0,12000,"Mapped, On Network",-81.234249567099994,28.463834814300000,670288.379163000034168,498338.741495999973267,6/12/2019 1:07:11 PM,8546_7092
3480,3481,1,3480,31646,88119218,FHPD19OFF051214,FHP,Long,6/6/2019 0:00:00,07:35 AM,Orlando Expwy Auth,Orange,SR-408 (MM6),PINE HILLS ROAD,0,East,Rear End,3,0,0,1,N,N,N,4300.000000000000000,Clear,Daylight,0,Rear End,E,Injury,N,Front to Rear,Motor Vehicle in Transport,On Roadway,Non-Junction,N,Not at Intersection,Turnpike/Toll,Paved,Dry,None, , ,None, , ,N,N, , , , ,0,0,0,0,0,0,0,1,0,0,0,0,0.000000000000000,0.000000000000000,0,1,0,4300,"Mapped, On Network",-81.442179745700003,28.548249577000000,649776.587839000043459,507272.874973999976646,6/11/2019 4:15:09 PM,6294_5905
3481,3482,1,3481,31733,88119221,FHPD19OFF052585,FHP,Short,6/10/2019 0:00:00,09:10 AM,Orlando Expwy Auth,Orange,SRE-417 (MM15),WINDHAM LAKES BLVD,20,North,Sideswipe,2,0,0,0,N,N,N,1900.000000000000000,Cloudy,Daylight,0,Same Direction Sideswipe,N,Property Damage Only,N,Angle,Motor Vehicle in Transport,On Roadway,Non-Junction,N,Not at Intersection,Turnpike/Toll,Paved,Dry,None, , ,None, , ,N,N, , , , ,0,0,0,0,0,0,0,0,0,0,0,0,0.000000000000000,0.000000000000000,0,1,0,1900,"Mapped, On Network",-81.326514869199997,28.367172872299999,661505.726798000046983,487407.455919999978505,6/24/2019 12:46:33 PM,6324_6854
3482,3483,1,3482,31757,88135533,FHPD19OFF046993,FHP,Long,5/23/2019 0:00:00,11:25 PM,Orlando,Orange,STATE ROAD 408 EAST-WEST EXPY,DEAN RD,50,East,Sideswipe,3,0,0,0,N,N,N,8000.000000000000000,Clear,Dark - Unknown Lighting,0,Same Direction Sideswipe,W,Property Damage Only,N,"Sideswipe, Same Direction",Motor Vehicle in Transport,On Roadway,Non-Junction,N,Not at Intersection,State,Curb,Dry,None, , ,None, , ,N,N, , , , ,0,0,2,0,0,0,0,0,0,0,0,0,0.000000000000000,0.000000000000000,0,0,2000,6000,"Mapped, On Network",-81.237125319200004,28.547093136000001,669800.239581999951042,507576.466705999977421,6/25/2019 2:29:17 PM,6303_6305
3483,3484,1,3483,31768,89213413,2019-00253595,Orlando PD,Long,7/6/2019 0:00:00,01:43 PM,Orlando,Orange,SR528 WEST,SR551 (S GOLDENROD RD),1000,East,Sideswipe,2,0,0,2,N,N,N,12000.000000000000000,Clear,Daylight,0,Same Direction Sideswipe,W,Injury,Y,Front to Rear,Motor Vehicle in Transport,On Roadway,Non-Junction,N,Not at Intersection,State,Paved,Dry,None, , ,None, , ,N,N, , , , ,0,0,2,0,0,0,0,1,1,0,0,0,1.000000000000000,0.000000000000000,0,0,5000,7000,"Mapped, On Network",-81.283475263000000,28.448944923300001,665514.911883999942802,496578.588566999998875,7/24/2019 10:39:11 AM,8172_8180
3484,3485,1,3484,31779,89214114,2019-00253894,Orlando PD,Long,7/6/2019 0:00:00,07:49 PM,Orlando,Orange,SR 408 WEST,S BUMBY AV EXIT RAMP,100,East,Rear End,2,0,0,2,Y,N,N,15000.000000000000000,Rain,Daylight,0,Rear End,W,Injury,Y,Front to Rear,Motor Vehicle in Transport,On Roadway,Non-Junction,N,Not at Intersection,State,Curb,Wet,None, , ,None, , ,N,N, , , , ,0,0,4,0,0,0,0,2,0,0,0,0,0.000000000000000,0.000000000000000,0,1,0,15000,"Mapped, On Network",-81.339782636400003,28.538495678699999,659797.728251000051387,506401.458669000014197,7/24/2019 10:36:11 AM,8353_6185
3485,3486,1,3485,31783,88918008,2019-00261691,Orlando PD,Long,7/12/2019 0:00:00,08:28 PM,Orlando,Orange,STATE ROAD 408 (EAST/WEST EXPRESSWAY),SOUTH BUMBY AVE EXIT,1000,West,Off Road,1,0,0,1,N,N,N,15000.000000000000000,Rain,Dark - Lighted,0,Off Road,E,Injury,Y,Other,Concrete Traffic Barrier,On Roadway,Non-Junction,N,Not at Intersection,Turnpike/Toll,Paved,Wet,Road Surface Condition, , ,Weather Conditions, , ,N,N, , , , ,0,0,0,0,0,0,0,1,0,0,0,0,0.000000000000000,0.000000000000000,0,1,0,15000,"Mapped, On Network",-81.361252679399996,28.537705418300000,657703.155786999966949,506268.665314999991097,7/24/2019 10:41:28 AM,8315_8311
3486,3487,1,3486,31809,88918106,2019-00235655,Orlando PD,Short,6/23/2019 0:00:00,08:59 AM,Orlando,Orange,SR 408,I4 WBO (SR 400),0, ,Rear End,2,0,0,0,N,N,N,1000.000000000000000,Clear,Daylight,0,Rear End,W,Property Damage Only,Y,Front to Rear,Motor Vehicle in Transport,On Roadway,Non-Junction,N,Not at Intersection,State,Paved,Dry,None, , ,None, , ,N,N, , , , ,0,0,1,0,0,0,0,0,0,0,0,0,0.000000000000000,0.000000000000000,0,0,0,1000,"Mapped, On Network",-81.374735506500002,28.536988094000002,656388.302375999977812,506160.915779999981169,7/1/2019 4:01:11 PM,6737_6230
3487,3488,1,3487,32005,89213226,2019-00229491,Orlando PD,Long,6/18/2019 0:00:00,04:15 PM,Orlando,Orange,EW EBO (STATE ROAD 408),I4 WBO (STATE ROAD 400),1000,West,Rear End,2,0,0,1,N,N,N,2500.000000000000000,Cloudy,Daylight,0,Rear End,E,Injury,Y,Front to Rear,Motor Vehicle in Transport,On Roadway,Entrance/Exit Ramp,N,Not at Intersection,State,Paved,Wet,None, , ,None, , ,N,N, , , , ,0,0,0,0,0,0,0,1,0,0,0,0,0.000000000000000,0.000000000000000,0,0,0,2500,"Mapped, On Network",-81.386355840899995,28.535108799700001,655258.032025999971665,505928.149091000028420,7/1/2019 9:43:11 AM,6679_6276
3488,3489,1,3488,32055,88171218,FHPD19OFF063152,FHP,Long,7/12/2019 0:00:00,09:29 PM,Orlando,Orange,STATE ROAD 528,DALLAS BOULEVARD,10560,East,Off Road,1,0,0,0,N,N,N,10400.000000000000000,Rain,Dark - Not Lighted,0,Off Road,E,Property Damage Only,N,Unknown,Cable Barrier,On Roadway,Non-Junction,N,Not at Intersection,State,Unpaved,Wet,None, , ,None, , ,N,N, , , , ,0,0,0,0,0,0,0,0,0,0,0,0,0.000000000000000,0.000000000000000,0,0,400,10000,"Mapped, On Network",-81.099985209200000,28.451474068100001,683439.543617999996059,497267.811779999989085,7/25/2019 3:54:59 PM,6488_8109
3489,3490,1,3489,32173,88059621,FHPD19OFF060255,FHP,Long,7/3/2019 0:00:00,06:40 PM,Orlando,Orange,STATE ROAD 417 NB,MM27,0, ,Rear End,4,0,0,0,N,Y,N,12500.000000000000000,Clear,Daylight,0,Rear End,N,Property Damage Only,N,Front to Rear,Motor Vehicle in Transport,On Roadway,Non-Junction,N,Not at Intersection,Turnpike/Toll,Paved,Dry,Road Surface Condition, , ,Weather Conditions, , ,N,N, , , , ,0,0,1,0,0,0,0,0,0,0,0,0,0.000000000000000,0.000000000000000,0,1,0,12500,"Mapped, On Network",-81.238143937499999,28.472740551800001,669885.708359000040218,499319.002380000019912,7/25/2019 2:11:25 PM,6173_8544
3490,3491,1,3490,32225,89213420,2019-00238367,Orlando PD,Long,6/25/2019 0:00:00,09:13 AM,Orlando,Orange,SR 408 WBO,INTERSTATE 4 EXIT RAMP,1000,West,Rear End,2,0,0,1,N,N,N,10000.000000000000000,Clear,Daylight,0,Rear End,W,Injury,Y,Front to Rear,Motor Vehicle in Transport,On Roadway,Non-Junction,N,Not at Intersection,State,Paved,Dry,None, , ,None, , ,N,N, , , , ,0,0,1,0,0,0,0,0,1,0,0,0,2.000000000000000,0.000000000000000,0,1,0,10000,"Mapped, On Network",-81.384183148800005,28.535286415200002,655469.774865000043064,505952.369192000012845,7/1/2019 10:37:01 AM,8274_8272
3491,3492,1,3491,32267,89213582,2019-00241181,Orlando PD,Long,6/27/2019 0:00:00,09:06 AM,Orlando,Orange,SR 408 WEST,S ROSALIND AV EXIT,150,West,Rear End,2,0,0,2,N,Y,N,10000.000000000000000,Cloudy,Daylight,0,Rear End,W,Injury,Y,Front to Rear,Motor Vehicle in Transport,On Roadway,Non-Junction,N,Not at Intersection,State,Paved,Dry,None, , ,None, , ,N,N, , , , ,0,0,0,0,0,0,0,0,2,0,0,0,1.000000000000000,0.000000000000000,0,1,0,10000,"Mapped, On Network",-81.366350480899996,28.537321675099999,657206.284398999996483,506215.414982000016607,7/24/2019 3:23:07 PM,8313_6737
3492,3493,1,3492,32308,89213456,2019-00240338,Orlando PD,Long,6/26/2019 0:00:00,05:03 PM,Orlando,Orange,SR 408 (EAST WEST EXRESSWAY),TAMPA AV,0,East,Rear End,3,0,0,3,N,Y,N,12000.000000000000000,Clear,Daylight,0,Rear End,E,Injury,Y,Front to Rear,Motor Vehicle in Transport,On Roadway,Non-Junction,N,Not at Intersection,State,Curb,Dry,None, , ,None, , ,N,N, , , , ,0,0,0,0,0,0,0,3,0,0,0,0,1.000000000000000,0.000000000000000,0,1,0,12000,"Mapped, On Network",-81.407651123500003,28.537862526900000,653172.136110999970697,506189.997955000028014,7/1/2019 10:32:12 AM,8213_8169
3493,3494,1,3493,32343,88914875,2019-00245474,Orlando PD,Short,6/30/2019 0:00:00,12:41 PM,Orlando,Orange,BEELIINE WESTBOUND (SR 528),SOUTH SEMORAN BLVD (SR 436),0,West,Rear End,2,0,0,0,N,N,N,2000.000000000000000,Clear,Daylight,0,Rear End,W,Property Damage Only,Y,Front to Front,Motor Vehicle in Transport,On Roadway,Non-Junction,N,Not at Intersection,Turnpike/Toll,Paved,Dry,None, , ,None, , ,N,N, , , , ,0,0,0,0,0,0,0,0,0,0,0,0,0.000000000000000,0.000000000000000,0,0,0,2000,"Mapped, On Network",-81.310955451200002,28.539621688699999,662609.830383999971673,506587.540814000007231,7/25/2019 5:06:16 PM,6256_8188
3494,3495,1,3494,32373,88161922,FHPD19OFF056462,FHP,Long,6/22/2019 0:00:00,02:30 AM,Orlando,Orange,STATE ROAD 417 (CENTRAL FLORIDA GREENWAY),MILE MARKER 17,20,South,Off Road,1,0,0,1,N,Y,N,3300.000000000000000,Clear,Dark - Lighted,0,Off Road,N,Injury,N,Other,Guardrail Face,On Roadway,Non-Junction,N,Not at Intersection,Turnpike/Toll,Paved,Dry,None, , ,None, , ,N,N, , , , ,0,0,0,0,0,0,0,0,1,0,0,0,1.000000000000000,0.000000000000000,0,0,300,3000,"Mapped, On Network",-81.302336625899997,28.370643957900000,663861.902659000013955,487844.356468999991193,7/1/2019 10:00:10 AM,8480_11010
3495,3496,1,3495,32376,88137924,FHPD19OFF052487,FHP,Long,6/9/2019 0:00:00,09:00 PM,Orlando,Orange,STATE ROAD 417,MM7,30,South,Off Road,1,0,0,0,N,N,N,4000.000000000000000,Rain,Dark - Lighted,0,Off Road,N,Property Damage Only,N,Other,Utility Pole/Light Support,Off Roadway,Non-Junction,N,Not at Intersection,Turnpike/Toll,Paved,Wet,None, , ,None, , ,N,N, , , , ,0,0,0,0,0,0,0,0,0,0,0,0,0.000000000000000,0.000000000000000,0,0,1000,3000,"Mapped, On Network",-81.458134106700001,28.355726255899999,648659.523608000017703,485864.253818999975920,7/24/2019 9:47:40 PM,7010_6916
3496,3497,1,3496,32464,88161963,FHPD19OFF056015,FHP,Long,6/20/2019 0:00:00,11:10 PM,Orlando,Orange,STATE ROAD 417 (CENTRAL FLORIDA GREENEWAY),STATE ROAD 527A (BOGGY CREEK ROAD),5280,South,Rear End,2,0,0,2,N,Y,N,20500.000000000000000,Cloudy,Dark - Lighted,0,Rear End,S,Injury,N,Front to Rear,Motor Vehicle in Transport,On Roadway,Non-Junction,N,Not at Intersection,State,Paved,Dry,None, , ,None, , ,N,N, , , , ,0,0,1,0,0,0,0,2,0,0,0,0,0.000000000000000,0.000000000000000,0,3,500,20000,"Mapped, On Network",-81.325134390499997,28.367356307800002,661640.294657999998890,487430.751138999999966,7/1/2019 10:50:42 AM,6618_6299