FID,OBJECTID_1,Join_Count,TARGET_FID,OBJECTID,HSMV_Repor,Agency_Rep,Reporting_,Form_Type,Crash_Date,Crash_Time,City,County,Crash_Stre,Intersecti,Offset_Dis,Offset_Dir,Crash_Type,Vehicles,Non_Motori,Fatalities,Injuries,Alcohol_Re,Distractio,Drug_Relat,Estimated_,Weather_Co,Light_Cond,Street_Num,Crash_Ty_1,Crash_Ty_2,Crash_Seve,Within_Cit,Manner_of_,First_Harm,First_HE_L,First_HE_R,First_HE_W,Type_of_In,Road_Sys_I,Type_of_Sh,Road_Surf_,Contrib_Ci,Contrib__1,Contrib__2,Contrib__3,Contrib__4,Contrib__5,School_Bus,Work_Zone_,Type_of_Wo,Loc_in_Wor,Workers_in,Law_Enforc,Mopeds,Motorcycle,Passengers,Bicyclists,Pedestrian,Fataliti_1,Injuries_U,Possible_I,Non_Incapa,Incapacita,Fataliti_2,Non_Traffi,Transporte,Transpor_1,Transpor_2,Citations,Property_D,Vehicle_Dm,S4_Mapping,S4_Decimal,S4_Decim_1,S4_Albers_,S4_Albers1,S4_Mappi_1,zone_id_st
3535,3536,1,3535,33797,88124938,FHPD19OFF052433,FHP,Short,6/9/2019 0:00:00,05:49 PM,Orlando Expwy Auth,Orange,STATE ROAD 417 SB MM26,STATE ROAD 528,0,North,Off Road,2,0,0,0,N,N,N,2000.000000000000000,Cloudy,Daylight,0,Off Road,S,Property Damage Only,Y,Other,Guardrail Face,Shoulder,Non-Junction,N,Not at Intersection,Turnpike/Toll,Paved,Wet,None, , ,None, , ,N,N, , , , ,0,0,0,0,0,0,0,0,0,0,0,0,0.000000000000000,0.000000000000000,0,1,0,2000,"Mapped, On Network",-81.234559032099995,28.464453269500002,670256.601002000039443,498406.729365999985021,6/12/2019 12:21:02 PM,8546_7092
3536,3537,1,3536,33801,88149236,FHPD19OFF052455,FHP,Short,6/9/2019 0:00:00,06:59 AM,Orlando Expwy Auth,Orange,STATE ROAD 408 (EAST-WEST EXPY),MILE MARKER 23,0,West,Sideswipe,2,0,0,0,N,Y,N,4000.000000000000000,Cloudy,Dark - Lighted,0,Same Direction Sideswipe,E,Property Damage Only,N,"Sideswipe, Same Direction",Motor Vehicle in Transport,On Roadway,Non-Junction,N,Not at Intersection,State,Unpaved,Wet,None, , ,None, , ,N,N, , , , ,0,0,0,0,0,0,0,0,0,0,0,0,0.000000000000000,0.000000000000000,0,1,0,4000,"Mapped, On Network",-81.190961340900003,28.557454886399999,674281.260245000012219,508828.746219999971800,6/24/2019 1:19:51 PM,6970_8174
3537,3538,1,3537,33808,88137390,FHPD19OFF041429,FHP,Long,5/7/2019 0:00:00,08:01 AM,Orlando Expwy Auth,Orange,STATE RD 408,DEAN RD,0,East,Sideswipe,2,0,0,0,N,N,N,3500.000000000000000,Clear,Daylight,0,Same Direction Sideswipe,W,Property Damage Only,N,"Sideswipe, Same Direction",Motor Vehicle in Transport,On Roadway,Non-Junction,N,Not at Intersection,Turnpike/Toll,Paved,Dry,None, , ,None, , ,N,Y,Work on Shoulder or Median,Activity Area,Y,N,0,0,1,0,0,0,0,0,0,0,0,0,0.000000000000000,0.000000000000000,0,2,0,3500,"Mapped, On Network",-81.238951845399995,28.547306144699998,669621.375839999993332,507596.121679999982007,6/24/2019 10:41:19 AM,6308_8005
3538,3539,1,3538,33819,88027281,FHPD19OFF056316,FHP,Long,6/21/2019 0:00:00,04:50 PM,Orlando Expwy Auth,Orange,SR-417,UNIVERSITY BLVD,0,South,Rear End,2,0,0,0,N,N,N,2500.000000000000000,Clear,Daylight,0,Rear End,N,Property Damage Only,N,Front to Rear,Motor Vehicle in Transport,On Roadway,Non-Junction,N,Not at Intersection,Turnpike/Toll,Paved,Dry,None, , ,None, , ,N,Y,Lane Shift/Crossover,Activity Area,N,N,0,0,0,0,0,0,0,0,0,0,0,0,0.000000000000000,0.000000000000000,0,1,0,2500,"Mapped, On Network",-81.256850651500002,28.607784615400000,667724.417546999990009,514271.919870999990962,7/25/2019 11:35:54 AM,5988_6758
3539,3540,1,3539,33836,88915037,2019-00178803,Orlando PD,Long,5/11/2019 0:00:00,06:54 PM,Orlando,Orange,EW EBO,CONWAY  ROAD,0, ,Off Road,1,0,0,1,Y,N,N,10000.000000000000000,Clear,Daylight,0,Off Road,E,Injury,Y,Angle,Concrete Traffic Barrier,On Roadway,Entrance/Exit Ramp,N,Four-Way Intersection,State,Paved,Dry,None, , ,None, , ,N,N, , , , ,0,0,0,0,0,0,0,1,0,0,0,0,1.000000000000000,0.000000000000000,0,2,0,10000,"Mapped, On Network",-81.331403841799997,28.538212298200001,660616.557626000023447,506387.675130999996327,5/22/2019 12:58:45 PM,8355_8348
3540,3541,1,3540,33840,88916380,2019-00181822,Orlando PD,Long,5/14/2019 0:00:00,07:36 AM,Orlando,Orange,SR 408 WBO,S CRYSTAL LAKE DR EXIT,250,East,Rear End,2,0,0,0,N,N,N,2000.000000000000000,Clear,Daylight,0,Rear End,W,Property Damage Only,Y,Front to Rear,Motor Vehicle in Transport,On Roadway,Non-Junction,N,Not at Intersection,State,Curb,Dry,None, , ,None, , ,N,N, , , , ,0,0,0,0,0,0,0,0,0,0,0,0,0.000000000000000,0.000000000000000,0,1,0,2000,"Mapped, On Network",-81.339015041899998,28.538492549299999,659872.687651999993250,506402.728606000018772,6/20/2019 12:17:34 PM,6177_8353
3541,3542,1,3541,33873,88138459,FHPD19OFF051314,FHP,Long,6/6/2019 0:00:00,01:08 PM,Orlando Expwy Auth,Orange,SR417,22MM,0, ,Sideswipe,2,0,0,0,N,N,N,500.000000000000000,Clear,Daylight,0,Opposing Sideswipe,N,Property Damage Only,N,"Sideswipe, Opposite Direction",Motor Vehicle in Transport,On Roadway,Non-Junction,N,Not at Intersection,Turnpike/Toll,Paved,Dry,None, , ,None, , ,N,N, , , , ,0,0,0,0,0,0,0,0,0,0,0,0,0.000000000000000,0.000000000000000,0,0,0,500,"Mapped, On Network",-81.229069198500000,28.411314056999998,670925.609688999946229,492518.806367999990471,6/25/2019 12:24:36 PM,8533_8540
3542,3543,1,3542,33874,88137413,FHPD19OFF051714,FHP,Long,6/7/2019 0:00:00,02:04 PM,Orlando Expwy Auth,Orange,STATE RD 429,OCOEE APOPKA RD,5280,South,Sideswipe,2,0,0,0,N,N,N,1250.000000000000000,Clear,Daylight,0,Same Direction Sideswipe,S,Property Damage Only,N,"Sideswipe, Same Direction",Motor Vehicle in Transport,On Roadway,Non-Junction,N,Not at Intersection,Turnpike/Toll,Paved,Dry,None, , ,None, , ,N,N, , , , ,0,0,0,0,0,0,0,0,0,0,0,0,0.000000000000000,0.000000000000000,0,1,0,1250,"Mapped, On Network",-81.539198942799999,28.629747909500001,640123.137509000021964,516129.114716999989469,6/26/2019 11:19:41 AM,8438_6296
3543,3544,1,3543,33875,88137412,FHPD19OFF051103,FHP,Long,6/5/2019 0:00:00,07:26 PM,Orlando Expwy Auth,Orange,STATE RD 417,ECONLOCKHATCHEE TRL,100,South,Rear End,3,0,0,0,N,N,N,13500.000000000000000,Clear,Dusk,0,Rear End,S,Property Damage Only,N,Front to Rear,Motor Vehicle in Transport,On Roadway,Non-Junction,N,Not at Intersection,Turnpike/Toll,Paved,Dry,None, , ,None, , ,N,Y,Work on Shoulder or Median,Activity Area,Y,N,0,0,0,0,0,0,0,0,0,0,0,0,0.000000000000000,0.000000000000000,0,2,0,13500,"Mapped, On Network",-81.259528153399998,28.582711656299999,667525.018975000013597,511482.310990000027232,6/26/2019 11:19:04 AM,6789_6691
3544,3545,1,3544,33992,88130812,FHPD19OFF051133,FHP,Long,6/5/2019 0:00:00,08:56 PM,Orlando,Orange,STATE ROAD 408 EASTBOUND,MILE MARKER 16,0, ,Off Road,1,0,0,0,N,N,N,400.000000000000000,Rain,Dark - Lighted,0,Off Road,E,Property Damage Only,N,Other,Other Fixed Object,Off Roadway,Non-Junction,N,Not at Intersection,Local,Paved,Wet,None, , ,None, , ,N,N, , , , ,0,0,0,0,0,0,0,0,0,0,0,0,0.000000000000000,0.000000000000000,0,0,0,400,"Mapped, On Network",-81.291283694100002,28.539546249400001,664530.833791999961250,506621.210944999998901,6/24/2019 12:21:40 PM,6881_8431
3545,3546,1,3545,34019,88124022,FHPD19OFF046957,FHP,Long,5/23/2019 0:00:00,06:59 PM,Orlando Expwy Auth,Orange,STATE ROAD 528 WESTBOUND,MILE MARKER 25,0, ,Other,1,0,0,0,N,Y,N,10600.000000000000000,Clear,Daylight,0,Single Vehicle,W,Property Damage Only,N,Other,Motor Vehicle in Transport,Off Roadway,Non-Junction,N,Not at Intersection,Turnpike/Toll,Paved,Dry,None, , ,None, , ,N,N, , , , ,0,0,0,0,0,0,0,0,0,0,0,0,0.000000000000000,0.000000000000000,0,2,3600,7000,"Mapped, On Network",-81.075654787199994,28.451941901000001,685815.856834999984130,497375.911314999975730,6/21/2019 9:30:50 AM,6322_8112
3546,3547,1,3546,34031,88916605,2019-00216756,Orlando PD,Long,6/8/2019 0:00:00,05:15 PM,Orlando,Orange,SR 408 EBO (EAST WEST EXPRESS WAY),S ORANGE AVE (SR 527),2000,West,Off Road,1,0,0,0,N,N,N,7000.000000000000000,Rain,Daylight,0,Off Road,E,Property Damage Only,Y,Angle,Concrete Traffic Barrier,Shoulder,Non-Junction,N,Not at Intersection,State,Curb,Wet,Road Surface Condition, , ,None, , ,N,N, , , , ,0,0,0,0,0,0,0,0,0,0,0,0,0.000000000000000,0.000000000000000,0,0,0,7000,"Mapped, On Network",-81.381710659600003,28.535128301600000,655711.583290999988094,505939.938359999970999,6/24/2019 12:26:58 PM,6679_6276
3547,3548,1,3547,34032,88917573,2019-00217751,Orlando PD,Long,6/9/2019 0:00:00,03:38 PM,Orlando,Orange,SR 408,BUMBY AVE,0,West,Other,1,0,0,0,N,N,N,5000.000000000000000,Rain,Daylight,0,Single Vehicle,E,Property Damage Only,Y,Angle,Motor Vehicle in Transport,On Roadway,Non-Junction,N,Not at Intersection,State,Paved,Wet,None, , ,Weather Conditions, , ,N,N, , , , ,0,0,2,0,0,0,0,0,0,0,0,0,0.000000000000000,0.000000000000000,0,0,0,5000,"Mapped, On Network",-81.352194409199996,28.538171512300000,658586.549991999985650,506339.378370999998879,6/24/2019 12:27:33 PM,8311_6252
3548,3549,1,3548,34049,88917922,2019-00222636,Orlando PD,Long,6/13/2019 0:00:00,07:15 AM,Orlando,Orange,SR 408 WBO,I4 EBO EXIT RAMP (EXIT 10B),300,East,Rear End,2,0,0,1,N,N,N,5000.000000000000000,Cloudy,Daylight,0,Rear End,W,Injury,Y,Angle,Motor Vehicle in Transport,On Roadway,Non-Junction,N,Not at Intersection,State,Paved,Dry,None, , ,None, , ,N,N, , , , ,0,0,0,0,0,0,0,1,0,0,0,0,0.000000000000000,0.000000000000000,0,0,0,5000,"Mapped, On Network",-81.374829980700000,28.537041448800000,656378.951102999970317,506166.643387000018265,6/24/2019 2:16:43 PM,6737_6230
3549,3550,1,3549,34055,88916748,2019-00212095,Orlando PD,Long,6/5/2019 0:00:00,09:03 AM,Orlando,Orange,SR 408 WBO,I4 EBO EXIT RAMP,1000,East,Unknown,3,0,0,1,N,N,N,25000.000000000000000,Clear,Daylight,0,Unknown, ,Injury,Y,Angle,Motor Vehicle in Transport,On Roadway,Non-Junction,N,Not at Intersection,State,Paved,Dry,None, , ,None, , ,N,N, , , , ,0,0,8,0,0,0,0,1,0,0,0,0,1.000000000000000,0.000000000000000,0,1,0,25000,"Mapped, On Network",-81.371739322699995,28.537278581300001,656680.183547999942675,506199.401821999985259,6/24/2019 2:28:08 PM,8313_6737
3550,3551,1,3550,34081,88137397,FHPD19OFF046874,FHP,Long,5/23/2019 0:00:00,04:22 PM,Orlando Expwy Auth,Orange,STATE RD 417,STATE RD 91,0,South,Sideswipe,2,0,0,1,N,N,N,3750.000000000000000,Clear,Daylight,0,Same Direction Sideswipe,N,Injury,N,"Sideswipe, Same Direction",Motor Vehicle in Transport,On Roadway,Non-Junction,N,Not at Intersection,Turnpike/Toll,Paved,Dry,None, , ,None, , ,N,Y,Work on Shoulder or Median,Activity Area,Y,N,0,0,0,0,0,0,0,1,0,0,0,0,1.000000000000000,0.000000000000000,0,0,0,3750,"Mapped, On Network",-81.400651425299998,28.370999691700000,654246.225009000045247,487677.318206999974791,5/30/2019 11:50:48 AM,8017_6167
3551,3552,1,3551,34084,88137398,FHPD19OFF046959,FHP,Long,5/23/2019 0:00:00,07:08 PM,Orlando Expwy Auth,Orange,STATE RD 417,STATE RD 528,5280,South,Other,1,0,0,0,N,N,N,2000.000000000000000,Clear,Daylight,0,Single Vehicle,N,Property Damage Only,N,Other,Other Non-Fixed Object,On Roadway,Non-Junction,N,Not at Intersection,Turnpike/Toll,Paved,Dry,Debris, , ,None, , ,N,N, , , , ,0,0,0,0,0,0,0,0,0,0,0,0,0.000000000000000,0.000000000000000,0,0,0,2000,"Mapped, Not On Network",-81.229709999600004,28.438150024999999,670796.018599999952130,495496.957700000028126,6/21/2019 9:31:55 AM,7999_8391
3552,3553,1,3552,34124,88138466,FHPD19OFF058506,FHP,Long,6/28/2019 0:00:00,11:16 AM,Orlando Expwy Auth,Orange,SR408,SR417,0, ,Sideswipe,2,0,0,0,N,N,N,8000.000000000000000,Clear,Daylight,0,Same Direction Sideswipe,W,Property Damage Only,N,"Sideswipe, Same Direction",Motor Vehicle in Transport,On Roadway,Non-Junction,N,Not at Intersection,Turnpike/Toll,Paved,Dry,None, , ,None, , ,N,Y,Work on Shoulder or Median,Before the First Work Zone Warning Sign,Y,N,0,0,0,0,0,0,0,0,0,0,0,0,0.000000000000000,0.000000000000000,0,1,0,8000,"Mapped, On Network",-81.278172215900000,28.544424738600000,665799.124246999970637,507191.058156999992207,7/25/2019 10:35:32 AM,6918_8406
3553,3554,1,3553,34153,88124033,FHPD19OFF051410,FHP,Short,6/6/2019 0:00:00,05:02 PM,Orlando Expwy Auth,Orange,STATE ROAD 417 NORTHBOUND,MILE MARKER 34,0, ,Rear End,2,0,0,0,N,Y,N,4500.000000000000000,Rain,Daylight,0,Rear End,N,Property Damage Only,N,Front to Rear,Motor Vehicle in Transport,On Roadway,Non-Junction,N,Not at Intersection,Turnpike/Toll,Paved,Wet,None, , ,None, , ,N,N, , , , ,0,0,0,0,0,0,0,0,0,0,0,0,0.000000000000000,0.000000000000000,0,1,0,4500,"Mapped, On Network",-81.265791230100007,28.569509975300001,666946.222486000042409,510002.979645000013988,6/25/2019 2:22:06 PM,8451_2531
3554,3555,1,3554,34157,88033361,FHPD19OFF052873,FHP,Short,6/11/2019 0:00:00,07:44 AM,Orlando,Orange,SR-408 (EAST-WEST EXPY),SR-436 (SEMORAN BLVD),5280,East,Rear End,2,0,0,0,N,N,N,7500.000000000000000,Clear,Daylight,0,Rear End,W,Property Damage Only,N,Front to Rear,Motor Vehicle in Transport,On Roadway,Non-Junction,N,Not at Intersection,State,Paved,Dry,None, , ,None, , ,N,N, , , , ,0,0,0,0,0,0,0,0,0,0,0,0,0.000000000000000,0.000000000000000,0,0,0,7500,"Mapped, On Network",-81.301256318499995,28.539660667200000,663556.793839000049047,506612.561038999992888,6/25/2019 1:53:37 PM,6883_8376
3555,3556,1,3555,34175,88916775,2019-00212960,Orlando PD,Long,6/5/2019 0:00:00,08:29 PM,Orlando,Orange,SR-408,S MILLS AVE,0,West,Other,1,0,0,1,N,N,N,5000.000000000000000,Rain,Dark - Lighted,0,Single Vehicle,W,Injury,Y,Angle,Motor Vehicle in Transport,On Roadway,Non-Junction,N,Not at Intersection,State,Paved,Wet,Road Surface Condition, , ,None, , ,N,N, , , , ,0,0,0,0,0,0,0,1,0,0,0,0,0.000000000000000,0.000000000000000,0,0,0,5000,"Mapped, On Network",-81.359136433900005,28.538351831100002,657908.261946000042371,506344.861112000013236,6/24/2019 11:26:28 AM,8318_8309
3556,3557,1,3556,34208,88119220,FHPD19OFF051590,FHP,Long,6/7/2019 0:00:00,07:43 AM,Orlando Expwy Auth,Orange,SR-528 (MM22),DALLAS BLVD,5280,West,Sideswipe,2,0,0,1,N,N,N,3650.000000000000000,Cloudy,Daylight,0,Same Direction Sideswipe,W,Injury,N,Angle,Motor Vehicle in Transport,On Roadway,Non-Junction,N,Not at Intersection,Turnpike/Toll,Paved,Dry,None, , ,None, , ,N,N, , , , ,0,0,1,0,0,0,0,0,1,0,0,0,1.000000000000000,0.000000000000000,0,1,50,3600,"Mapped, On Network",-81.117886386999999,28.451525406199998,681690.117611999972723,497232.492580000020098,6/24/2019 9:41:24 AM,6073_8099
3557,3558,1,3557,34215,88119223,FHPD19OFF053580,FHP,Long,6/13/2019 0:00:00,01:23 PM,Orlando Expwy Auth,Orange,SR-408 (MM21),ALAFAYA TRAIL,80,West,Rear End,2,0,0,2,N,N,N,15100.000000000000000,Cloudy,Daylight,0,Rear End,E,Injury,N,Front to Rear,Motor Vehicle in Transport,On Roadway,Non-Junction,N,Not at Intersection,Turnpike/Toll,Paved,Dry,None, , ,None, , ,N,Y,Work on Shoulder or Median,Activity Area,Y,N,0,0,0,0,0,0,0,0,1,1,0,0,2.000000000000000,0.000000000000000,0,1,300,14800,"Mapped, On Network",-81.208687172899999,28.548837369000001,672572.425229000044055,507832.664371000020765,6/25/2019 2:18:22 PM,6690_8041
3558,3559,1,3558,34223,88049606,FHPD19OFF042582,FHP,Short,5/10/2019 0:00:00,02:20 PM,Orlando Expwy Auth,Orange,SR-417 (EXIT 14),LANDSTAR BLVD,10,South,Rear End,2,0,0,0,N,N,N,1000.000000000000000,Cloudy,Daylight,0,Rear End,N,Property Damage Only,N,Front to Rear,Motor Vehicle in Transport,On Roadway,Non-Junction,N,Not at Intersection,Turnpike/Toll,Curb,Dry,None, , ,None, , ,N,N, , , , ,0,0,0,0,0,0,0,0,0,0,0,0,0.000000000000000,0.000000000000000,0,1,0,1000,"Mapped, Not On Network",-81.374719999600003,28.368170024400001,656788.925500000012107,487416.867000000027474,6/24/2019 10:48:14 AM,9178_7997
3559,3560,1,3559,34264,88916028,2019-00203079,Orlando PD,Short,5/29/2019 0:00:00,03:22 PM,Orlando,Orange,EW WBO (STATE ROAD 408),S DIVISION AVE,500,West,Sideswipe,2,0,0,0,N,N,N,1000.000000000000000,Clear,Daylight,0,Same Direction Sideswipe,W,Property Damage Only,Y,"Sideswipe, Same Direction",Motor Vehicle in Transport,On Roadway,Entrance/Exit Ramp,Y,Not at Intersection,State,Paved,Dry,None, , ,None, , ,N,N, , , , ,0,0,0,0,0,0,0,0,0,0,0,0,0.000000000000000,0.000000000000000,0,0,0,1000,"Mapped, On Network",-81.388604404000006,28.535294657300000,655038.024912999942899,505944.132568000000902,6/19/2019 3:07:57 PM,8272_8254
3560,3561,1,3560,34280,88915937,2019-00176075,Orlando PD,Short,5/9/2019 0:00:00,05:50 PM,Orlando,Orange,EW WBO,SR 441,300,West,Rear End,2,0,0,0,N,N,N,998.000000000000000,Rain,Daylight,0,Rear End,W,Property Damage Only,Y,Front to Rear,Motor Vehicle in Transport,On Roadway,Non-Junction,N,Not at Intersection,Turnpike/Toll,Paved,Wet,Road Surface Condition, , ,Weather Conditions, , ,N,N, , , , ,0,0,0,0,0,0,0,0,0,0,0,0,0.000000000000000,0.000000000000000,0,1,0,998,"Mapped, On Network",-81.401051351199996,28.535246461900002,653822.705750999972224,505913.100032999995165,6/10/2019 2:14:07 PM,8252_8244
3561,3562,1,3561,34281,88916169,2019-00170029,Orlando PD,Long,5/5/2019 0:00:00,05:30 PM,Orlando,Orange,EXPRESSWAY EBO(SR408),I-4 EBO,15,West,Sideswipe,2,0,0,1,N,N,N,500.000000000000000,Clear,Daylight,0,Same Direction Sideswipe, ,Injury,Y,"Sideswipe, Same Direction",Motor Vehicle in Transport,On Roadway,Non-Junction,N,Not at Intersection,State,Paved,Dry,None, , ,None, , ,N,N, , , , ,0,0,3,0,0,0,0,0,1,0,0,0,0.000000000000000,0.000000000000000,0,0,0,500,"Mapped, On Network",-81.389998248799998,28.535104331700001,654902.364831999992020,505920.118554999993648,6/26/2019 10:40:55 AM,8267_6679
3562,3563,1,3562,34285,88135782,FHPD19OFF040771,FHP,Long,5/4/2019 0:00:00,10:50 PM,Orlando,Orange,STATE ROAD 528 EASTBOUND,MILE MARKER 29,0, ,Rear End,2,0,0,2,N,Y,N,9000.000000000000000,Clear,Dark - Not Lighted,0,Rear End,E,Injury,N,Front to Rear,Motor Vehicle in Transport,On Roadway,Non-Junction,N,Not at Intersection,State,Paved,Dry,None, , ,None, , ,N,N, , , , ,0,0,0,0,0,0,0,0,2,0,0,0,1.000000000000000,0.000000000000000,1,2,0,9000,"Mapped, On Network",-80.992982381999994,28.452446747000000,693893.038440000033006,497626.285578000009991,6/20/2019 12:26:06 PM,7061_8083
3563,3564,1,3563,34304,88124937,FHPD19OFF052373,FHP,Long,6/9/2019 0:00:00,03:10 PM,Orlando Expwy Auth,Orange,STATE ROAD 417 NB MM34,STATE ROAD 50,20,South,Off Road,1,0,0,0,N,N,N,4450.000000000000000,Rain,Daylight,0,Off Road,N,Property Damage Only,Y,Other,Guardrail Face,Median,Non-Junction,N,Not at Intersection,Turnpike/Toll,Paved,Wet,Road Surface Condition, , ,Weather Conditions, , ,N,N, , , , ,0,0,0,0,0,0,0,0,0,0,0,0,0.000000000000000,0.000000000000000,0,0,450,4000,"Mapped, On Network",-81.266644788299999,28.565807000500001,666872.016165000037290,509589.997046999982558,6/12/2019 12:21:43 PM,8451_2531
3564,3565,1,3564,34306,88124935,FHPD19OFF052106,FHP,Long,6/8/2019 0:00:00,05:10 PM,Orlando Expwy Auth,Orange,STATE ROAD 408 WB MM21,STATE ROAD 434,0,West,Off Road,1,0,0,1,N,N,N,8000.000000000000000,Rain,Daylight,0,Off Road,W,Injury,Y,Other,Guardrail End,On Roadway,Entrance/Exit Ramp,N,Not at Intersection,Turnpike/Toll,Paved,Wet,Road Surface Condition, , ,Weather Conditions, , ,N,N, , , , ,0,0,0,0,0,0,0,0,1,0,0,0,1.000000000000000,0.000000000000000,0,0,2000,6000,"Mapped, Not On Network",-81.203940000499998,28.549840025100000,673033.383900000015274,507954.488499999977648,6/12/2019 12:23:27 PM,8041_6970
3565,3566,1,3565,34321,88144907,FHPD19OFF054433,FHP,Long,6/16/2019 0:00:00,03:00 AM,Orlando,Orange,STATE ROAD 408 (EAST WEST EXPY),GOLDENROD ROAD,5280,West,Rear End,2,0,0,3,N,Y,N,1600.000000000000000,Cloudy,Dark - Lighted,0,Rear End,E,Injury,N,Front to Rear,Motor Vehicle in Transport,On Roadway,Non-Junction,N,Not at Intersection,State,Paved,Dry,None, , ,None, , ,N,N, , , , ,0,0,1,0,0,0,0,3,0,0,0,0,0.000000000000000,0.000000000000000,0,1,0,1600,"Mapped, On Network",-81.301956978199996,28.539407562000001,663488.993940999964252,506582.961636000021826,6/24/2019 2:50:57 PM,6235_6881
3566,3567,1,3566,34332,88917434,2019-00212847,Orlando PD,Long,6/5/2019 0:00:00,06:25 PM,Orlando,Orange,SR 408  WBO (EAST/WEST EXPRESSWAY),S MILLS AV,5280,East,Unknown,2,0,0,2,N,N,N,4000.000000000000000,Clear,Daylight,0,Unknown, ,Injury,Y,Angle,Motor Vehicle in Transport,On Roadway,Non-Junction,N,Not at Intersection,State,Paved,Dry,None, , ,None, , ,N,N, , , , ,0,0,3,0,0,0,0,2,0,0,0,0,0.000000000000000,0.000000000000000,0,0,0,4000,"Mapped, On Network",-81.358073621299994,28.538397102200001,658011.933260999969207,506352.110869000025559,6/21/2019 8:05:44 PM,8318_8309
3567,3568,1,3567,34377,89213897,2019-00280492,Orlando PD,Long,7/27/2019 0:00:00,04:18 PM,Orlando,Orange,408 EAST BOUND,408 EAST BOUND EXIT 10A,0, ,Rear End,2,0,0,3,N,N,N,8000.000000000000000,Clear,Daylight,0,Rear End,E,Injury,Y,Rear to Side,Motor Vehicle in Transport,On Roadway,Non-Junction,Y,Not at Intersection,Interstate,Paved,Dry,None, , ,None, , ,N,N, , , , ,0,0,1,0,0,0,0,2,1,0,0,0,1.000000000000000,0.000000000000000,0,0,0,8000,"Mapped, On Network",-81.391830122399995,28.535107893900001,654723.475640999968164,505916.728743000014219,9/20/2019 3:13:00 PM,8267_6679
3568,3569,1,3568,34379,88201023,FHPD19OFF079671,FHP,Long,9/1/2019 0:00:00,12:31 PM,Orlando Expwy Auth,Orange,STATE RD 528 EXIT RAMP,STATE RD 417,100,West,Other,1,0,0,0,N,N,N,5000.000000000000000,Rain,Daylight,0,Single Vehicle,E,Property Damage Only,N,Other,Other Non-Collision,On Roadway,Entrance/Exit Ramp,N,Not at Intersection,Turnpike/Toll,Paved,Wet,Road Surface Condition, , ,Weather Conditions, , ,N,N, , , , ,0,0,0,0,0,0,0,0,0,0,0,0,0.000000000000000,0.000000000000000,0,1,1500,3500,"Mapped, On Network",-81.239773560100005,28.451259537999999,669779.883982000057586,496930.430331000010483,9/20/2019 1:50:33 PM,6666_8074
3569,3570,1,3569,34428,88193348,FHPD19OFF081567,FHP,Long,9/8/2019 0:00:00,09:15 PM,Orlando Expwy Auth,Orange,STATE ROAD 528 EASTBOUND,MILE MARKER 23,0, ,Rear End,2,0,0,0,N,Y,N,8000.000000000000000,Clear,Dark - Not Lighted,0,Rear End,E,Property Damage Only,N,Front to Rear,Motor Vehicle in Transport,On Roadway,Non-Junction,N,Not at Intersection,Turnpike/Toll,Paved,Dry,None, , ,None, , ,N,N, , , , ,0,0,3,0,0,0,0,0,0,0,0,0,0.000000000000000,0.000000000000000,0,1,0,8000,"Mapped, On Network",-81.108731882300006,28.451341063099999,682585.170807000016794,497232.970770000014454,11/8/2019 1:49:59 PM,8101_6488
3570,3571,1,3570,34429,88196285,FHPD19OFF081629,FHP,Short,9/9/2019 0:00:00,07:22 AM,Orlando Expwy Auth,Orange,STATE ROAD 528 WB MM24,DALLAS BLVD,5280,East,Sideswipe,2,0,0,0,N,N,N,1500.000000000000000,Clear,Daylight,0,Same Direction Sideswipe,W,Property Damage Only,Y,"Sideswipe, Same Direction",Motor Vehicle in Transport,On Roadway,Non-Junction,N,Not at Intersection,Turnpike/Toll,Paved,Dry,None, , ,None, , ,N,N, , , , ,0,0,0,0,0,0,0,0,0,0,0,0,0.000000000000000,0.000000000000000,0,1,0,1500,"Mapped, On Network",-81.086272764699999,28.451805212899998,684778.642869999981485,497336.169983999978285,11/8/2019 1:41:04 PM,6322_8112
3571,3572,1,3571,34438,89214021,2019-00333802,Orlando PD,Short,9/4/2019 0:00:00,04:54 PM,Orlando,Orange,SR 408,S BUMBY AVE,200,West,Sideswipe,2,0,0,1,N,N,N,7000.000000000000000,Clear,Daylight,0,Same Direction Sideswipe,E,Injury,Y,"Sideswipe, Same Direction",Motor Vehicle in Transport,On Roadway,Non-Junction,N,Not at Intersection,State,Paved,Dry,None, , ,None, , ,N,N, , , , ,0,0,0,0,0,0,0,1,0,0,0,0,0.000000000000000,0.000000000000000,0,2,0,7000,"Mapped, On Network",-81.352050886100002,28.538198649999998,658600.499686999944970,506342.692446000000928,11/8/2019 1:44:07 PM,8311_6252
3572,3573,1,3572,34482,88185327,FHPD19OFF075726,FHP,Long,8/21/2019 0:00:00,05:15 AM,Unincorporated,Orange,STATE ROAD 417,STATE ROAD 408,0,North,Off Road,1,0,0,1,N,N,N,27000.000000000000000,Clear,Dark - Lighted,0,Off Road,N,Injury,N,Other,Guardrail End,Off Roadway,Non-Junction,Y,Not at Intersection,State,Paved,Dry,None, , ,None, , ,N,N, , , , ,0,0,0,0,0,0,0,0,0,1,0,0,1.000000000000000,0.000000000000000,0,1,11000,16000,"Mapped, On Network",-81.260812711200003,28.550124486000001,667480.023086000001058,507861.428992000001017,9/20/2019 2:12:06 PM,11876_8570