FID,OBJECTID_1,Join_Count,TARGET_FID,OBJECTID,HSMV_Repor,Agency_Rep,Reporting_,Form_Type,Crash_Date,Crash_Time,City,County,Crash_Stre,Intersecti,Offset_Dis,Offset_Dir,Crash_Type,Vehicles,Non_Motori,Fatalities,Injuries,Alcohol_Re,Distractio,Drug_Relat,Estimated_,Weather_Co,Light_Cond,Street_Num,Crash_Ty_1,Crash_Ty_2,Crash_Seve,Within_Cit,Manner_of_,First_Harm,First_HE_L,First_HE_R,First_HE_W,Type_of_In,Road_Sys_I,Type_of_Sh,Road_Surf_,Contrib_Ci,Contrib__1,Contrib__2,Contrib__3,Contrib__4,Contrib__5,School_Bus,Work_Zone_,Type_of_Wo,Loc_in_Wor,Workers_in,Law_Enforc,Mopeds,Motorcycle,Passengers,Bicyclists,Pedestrian,Fataliti_1,Injuries_U,Possible_I,Non_Incapa,Incapacita,Fataliti_2,Non_Traffi,Transporte,Transpor_1,Transpor_2,Citations,Property_D,Vehicle_Dm,S4_Mapping,S4_Decimal,S4_Decim_1,S4_Albers_,S4_Albers1,S4_Mappi_1,zone_id_st
3573,3574,1,3573,34489,88121449,FHPK19OFF050443,FHP,Long,8/29/2019 0:00:00,09:11 PM,Winter Garden,Orange,STATE ROAD 429 (WESTERN BELTWAY),MILE MARKER 21,5280,South,Rear End,2,0,0,0,N,N,N,3000.000000000000000,Clear,Dark - Lighted,0,Rear End,S,Property Damage Only,N,Front to Rear,Motor Vehicle in Transport,On Roadway,Non-Junction,N,Not at Intersection,Turnpike/Toll,Paved,Dry,None, , ,None, , ,N,N, , , , ,0,0,0,0,0,0,0,0,0,0,0,0,0.000000000000000,0.000000000000000,0,1,0,3000,"Mapped, On Network",-81.561934058800006,28.530229486900001,638123.449819999979809,505035.141493999981321,10/30/2019 3:07:51 PM,8524_6989
3574,3575,1,3574,34557,88201031,FHPD19OFF082183,FHP,Long,9/10/2019 0:00:00,05:23 PM,Orlando Expwy Auth,Orange,STATE RD 408,STATE RD 551,20,East,Rear End,2,0,0,1,N,N,N,5500.000000000000000,Clear,Daylight,0,Rear End,W,Injury,N,Front to Rear,Motor Vehicle in Transport,On Roadway,Entrance/Exit Ramp,N,Four-Way Intersection,Turnpike/Toll,Paved,Dry,None, , ,None, , ,N,N, , , , ,0,0,0,0,0,0,0,1,0,0,0,0,0.000000000000000,0.000000000000000,0,1,0,5500,"Mapped, On Network",-81.281396126299995,28.542891171099999,665488.099866000004113,507013.843049000017345,9/20/2019 2:49:32 PM,6918_8406
3575,3576,1,3575,34690,88196287,FHPD19OFF081645,FHP,Short,9/9/2019 0:00:00,08:10 AM,Orlando Expwy Auth,Orange,STATE ROAD 408 EB OFF RAMP,STATE ROAD 417 SB,0, ,Angle,2,0,0,0,N,N,N,2000.000000000000000,Clear,Daylight,0,Right Angle,SE,Property Damage Only,Y,Front to Rear,Motor Vehicle in Transport,On Roadway,Non-Junction,N,Not at Intersection,Turnpike/Toll,Paved,Dry,None, , ,None, , ,N,N, , , , ,0,0,0,0,0,0,0,0,0,0,0,0,0.000000000000000,0.000000000000000,0,1,0,2000,"Mapped, On Network",-81.255523547500005,28.544726754700001,668009.761805000016466,507273.611830000008922,9/25/2019 2:51:29 PM,6251_11709
3576,3577,1,3576,34691,88161559,FHPD19OFF082197,FHP,Long,9/10/2019 0:00:00,05:42 PM,Orlando Expwy Auth,Orange,SR-417 (MM24),INNOVATION WAY,0,North,Rear End,2,0,0,2,N,N,N,6000.000000000000000,Clear,Daylight,0,Rear End,S,Injury,N,Front to Rear,Motor Vehicle in Transport,On Roadway,Non-Junction,N,Not at Intersection,Turnpike/Toll,Paved,Dry,None, , ,None, , ,N,N, , , , ,0,0,0,0,0,0,0,2,0,0,0,0,0.000000000000000,0.000000000000000,0,1,0,6000,"Mapped, On Network",-81.227913070100001,28.424179429199999,671006.514088999945670,493949.770688000018708,9/23/2019 11:09:03 AM,8516_8536
3577,3578,1,3577,34826,88203815,FHPD19OFF082003,FHP,Short,9/10/2019 0:00:00,07:50 AM,Orlando Expwy Auth,Orange,EB SR-408,SR-435,0,West,Rear End,3,0,0,0,N,N,N,21000.000000000000000,Clear,Daylight,0,Rear End,E,Property Damage Only,Y,Front to Rear,Motor Vehicle in Transport,On Roadway,Non-Junction,N,Not at Intersection,Turnpike/Toll,Paved,Dry,None, , ,None, , ,N,N, , , , ,0,0,0,0,0,0,0,0,0,0,0,0,0.000000000000000,0.000000000000000,0,1,0,21000,"Mapped, On Network",-81.463621286999995,28.549938624799999,647679.214339000056498,507417.165444999991450,9/23/2019 3:36:49 PM,6068_8208
3578,3579,1,3578,34898,88196283,FHPD19OFF080403,FHP,Long,9/4/2019 0:00:00,04:08 PM,Orlando Expwy Auth,Orange,STATE ROAD 417 SB MM26,STATE ROAD 528,5280,North,Sideswipe,2,0,0,3,N,N,N,7300.000000000000000,Cloudy,Daylight,0,Same Direction Sideswipe,S,Injury,Y,"Sideswipe, Same Direction",Motor Vehicle in Transport,On Roadway,Non-Junction,N,Not at Intersection,Turnpike/Toll,Paved,Dry,None, , ,None, , ,N,N, , , , ,0,0,1,0,0,0,0,2,1,0,0,0,2.000000000000000,0.000000000000000,0,1,300,7000,"Mapped, On Network",-81.235185530899997,28.465562011199999,670192.625271999975666,498528.458374999987427,9/12/2019 3:21:55 PM,8546_7092
3579,3580,1,3579,34914,88151930,FHPD19OFF064336,FHP,Long,7/17/2019 0:00:00,12:54 AM,Orlando,Orange,SR408,MM21,100,East,Rear End,2,0,0,0,N,N,N,100.000000000000000,Clear,Dark - Lighted,0,Rear End,E,Property Damage Only,N,Front to Rear,Motor Vehicle in Transport,On Roadway,Non-Junction,N,Not at Intersection,State,Paved,Dry,None, , ,None, , ,N,N, , , , ,0,0,1,0,0,0,0,0,0,0,0,0,0.000000000000000,0.000000000000000,0,0,0,100,"Mapped, On Network",-81.208794017100004,28.548826244400001,672562.021610000054352,507831.193077999982052,7/30/2019 10:22:12 AM,6690_8041
3580,3581,1,3580,34941,88055033,FHPD19OFF063219,FHP,Long,7/13/2019 0:00:00,03:07 AM,Winter Garden,Orange,STATE ROAD-429 NB,STONEYBROOK WEST PARKWAY,0,North,Rollover,1,0,1,0,Y,N,N,20000.000000000000000,Clear,Dark - Lighted,0,Rollover,N,Fatality,N,Other,Overturn/Rollover,Shoulder,Non-Junction,N,Not at Intersection,State,Paved,Dry,None, , ,None, , ,N,N, , , , ,0,0,0,0,0,0,0,0,0,0,1,0,0.000000000000000,0.000000000000000,0,0,0,20000,"Mapped, On Network",-81.601216892099998,28.514247228399999,634321.747592000057921,503185.306416000006720,8/29/2019 2:52:47 PM,6233_6759
3581,3582,1,3581,34973,88171250,FHPD19OFF071521,FHP,Long,8/7/2019 0:00:00,09:42 PM,Orlando,Orange,STATE ROAD 408 EAST EXIT RAMP,DEAN ROAD,150,West,Sideswipe,2,0,0,1,N,Y,N,10000.000000000000000,Cloudy,Dark - Lighted,0,Same Direction Sideswipe,E,Injury,N,"Sideswipe, Same Direction",Motor Vehicle in Transport,On Roadway,Entrance/Exit Ramp,N,Not at Intersection,State,Paved,Wet,None, , ,None, , ,N,N, , , , ,0,0,0,0,0,0,0,1,0,0,0,0,0.000000000000000,0.000000000000000,0,1,0,10000,"Mapped, On Network",-81.244710723300003,28.547188993599999,669059.395291000022553,507570.536227000004146,10/16/2019 3:10:18 PM,6269_8009
3582,3583,1,3582,35002,88193345,FHPD19OFF080960,FHP,Long,9/6/2019 0:00:00,02:54 PM,Orlando Expwy Auth,Orange,STATE ROAD 417 NORTHBOUND ON RAMP,COLONIAL DR,0, ,Rear End,2,0,0,1,N,Y,N,10000.000000000000000,Clear,Daylight,0,Rear End,N,Injury,N,Front to Rear,Motor Vehicle in Transport,On Roadway,Entrance/Exit Ramp,N,Not at Intersection,Turnpike/Toll,Unpaved,Dry,None, , ,None, , ,N,N, , , , ,0,0,0,0,0,0,0,1,0,0,0,0,1.000000000000000,0.000000000000000,0,1,0,10000,"Mapped, On Network",-81.264889981200000,28.573030177600000,667025.528500000014901,510395.772916999994777,9/12/2019 3:39:27 PM,2531_6046
3583,3584,1,3583,35003,88193343,FHPD19OFF080673,FHP,Short,9/5/2019 0:00:00,04:35 PM,Orlando Expwy Auth,Orange,STATE ROAD 417 SOUTHBOUND OFF RAMP,COLONIAL DR,0, ,Rear End,2,0,0,0,N,Y,N,1700.000000000000000,Clear,Daylight,0,Rear End,S,Property Damage Only,N,Front to Rear,Motor Vehicle in Transport,On Roadway,Entrance/Exit Ramp,N,Not at Intersection,Turnpike/Toll,Curb,Dry,None, , ,None, , ,N,N, , , , ,0,0,1,0,0,0,0,0,0,0,0,0,0.000000000000000,0.000000000000000,0,1,0,1700,"Mapped, On Network",-81.265107903100002,28.573844367800000,667002.251332000014372,510485.699162999982946,11/8/2019 10:06:16 AM,8563_8572
3584,3585,1,3584,35004,88193341,FHPD19OFF080252,FHP,Long,9/3/2019 0:00:00,09:22 PM,Orlando Expwy Auth,Orange,STATE ROAD 528 EASTBOUND,MILE MARKER 29,0, ,Other,1,0,0,0,N,N,N,20000.000000000000000,Rain,Dark - Not Lighted,0,Single Vehicle,E,Property Damage Only,N,Other,Jackknife,Off Roadway,Non-Junction,N,Not at Intersection,Turnpike/Toll,Paved,Wet,Road Surface Condition, , ,Weather Conditions, , ,N,N, , , , ,0,0,0,0,0,0,0,0,0,0,0,0,0.000000000000000,0.000000000000000,0,0,0,20000,"Mapped, On Network",-81.002209574999995,28.452596690499998,692990.985230999998748,497620.975588999979664,11/8/2019 10:09:50 AM,8091_5943
3585,3586,1,3585,35028,89213817,2019-00291071,Orlando PD,Long,8/5/2019 0:00:00,08:20 AM,Orlando,Orange,SR 408 EAST,SR 441,100,West,Sideswipe,2,0,0,0,N,N,N,250.000000000000000,Clear,Daylight,0,Same Direction Sideswipe, ,Property Damage Only,Y,"Sideswipe, Same Direction",Motor Vehicle in Transport,On Roadway,Non-Junction,N,Not at Intersection,State,Paved,Dry,None, , ,None, , ,N,N, , , , ,0,0,0,0,0,0,0,0,0,0,0,0,0.000000000000000,0.000000000000000,0,0,0,250,"Mapped, On Network",-81.400189572399995,28.535088050300001,653907.228589999955148,505897.285519999975804,9/20/2019 3:16:00 PM,8169_8242
3586,3587,1,3586,35049,88917746,2019-00281982,Orlando PD,Long,7/28/2019 0:00:00,07:06 PM,Orlando,Orange,S.R. 408 WEST (EAST WEST EXPRESSWAY),S. ROSALIND AVENUE EXIT RAMP,100,East,Rear End,3,0,0,4,N,N,N,11000.000000000000000,Rain,Dusk,0,Rear End,W,Injury,Y,Front to Rear,Motor Vehicle in Transport,On Roadway,Non-Junction,N,Not at Intersection,State,Paved,Wet,Road Surface Condition, , ,Weather Conditions, , ,N,N, , , , ,0,0,2,0,0,0,0,4,0,0,0,0,0.000000000000000,0.000000000000000,0,0,0,11000,"Mapped, On Network",-81.364476180300002,28.537421637700000,657389.066380999982357,506230.424637000018265,8/6/2019 10:50:08 AM,8309_8313
3587,3588,1,3587,35133,89214017,2019-00295026,Orlando PD,Short,8/8/2019 0:00:00,09:14 AM,Orlando,Orange,SR 408,S MILLS AVE,1000,East,Rear End,2,0,0,0,N,N,N,1500.000000000000000,Clear,Daylight,0,Rear End,W,Property Damage Only,Y,Front to Rear,Motor Vehicle in Transport,On Roadway,Non-Junction,N,Not at Intersection,State,Paved,Dry,None, , ,None, , ,N,N, , , , ,0,0,0,0,0,0,0,0,0,0,0,0,0.000000000000000,0.000000000000000,0,0,0,1500,"Mapped, On Network",-81.361250843899995,28.537965935700001,657702.715960999950767,506297.594521999999415,9/20/2019 3:00:20 PM,8309_8313
3588,3589,1,3588,35140,89215415,2019-00281949,Orlando PD,Long,7/28/2019 0:00:00,06:30 PM,Orlando,Orange,EW WBO,S SUMMERLIN AV,270,East,Rear End,2,0,0,0,N,N,N,4000.000000000000000,Clear,Daylight,0,Rear End,W,Property Damage Only,Y,Front to Rear,Motor Vehicle in Transport,On Roadway,Non-Junction,N,Not at Intersection,State,Paved,Dry,None, , ,None, , ,N,N, , , , ,0,0,1,0,0,0,0,0,0,0,0,0,0.000000000000000,0.000000000000000,0,0,0,4000,"Mapped, On Network",-81.367492898999998,28.537354240300001,657094.653831999981776,506216.648395000025630,8/6/2019 11:00:55 AM,8313_6737
3589,3590,1,3589,35145,89214530,2019-00279846,Orlando PD,Long,7/27/2019 0:00:00,01:49 AM,Orlando,Orange,EW EBO (SR 408 EASTBOUND),CONWAY RD,100,East,Off Road,1,0,0,1,N,Y,N,10000.000000000000000,Clear,Dark - Lighted,0,Off Road,E,Injury,Y,Other,Concrete Traffic Barrier,On Roadway,Non-Junction,N,Not at Intersection,State,Paved,Dry,None, , ,None, , ,N,N, , , , ,0,0,0,0,0,0,0,1,0,0,0,0,1.000000000000000,0.000000000000000,0,2,0,10000,"Mapped, On Network",-81.334568750299994,28.538288598400001,660307.335955000016838,506389.461892999999691,8/6/2019 11:04:51 AM,8355_8348
3590,3591,1,3590,35180,89215775,2019-00325662,Orlando PD,Short,8/28/2019 0:00:00,08:38 AM,Orlando,Orange,SR 408 EBO,ANDES AVE EXIT RAMP,100,East,Sideswipe,2,0,0,0,N,N,N,1600.000000000000000,Cloudy,Daylight,0,Same Direction Sideswipe,E,Property Damage Only,Y,"Sideswipe, Same Direction",Motor Vehicle in Transport,On Roadway,Non-Junction,N,Not at Intersection,State,Paved,Wet,None, , ,None, , ,N,N, , , , ,0,0,2,0,0,0,0,0,0,0,0,0,0.000000000000000,0.000000000000000,0,1,0,1600,"Mapped, On Network",-81.325819219300001,28.539035148200000,661159.887944999965839,506490.851031000027433,10/24/2019 1:56:28 PM,8348_7102
3591,3592,1,3591,35182,89217023,2019-00334508,Orlando PD,Long,9/5/2019 0:00:00,08:51 AM,Orlando,Orange,SR 408,S CRYSTAL LAKE DR,1000,West,Rear End,2,0,0,0,N,N,N,6000.000000000000000,Clear,Daylight,0,Rear End,W,Property Damage Only,Y,Front to Rear,Motor Vehicle in Transport,On Roadway,Non-Junction,N,Not at Intersection,State,Paved,Dry,None, , ,None, , ,N,N, , , , ,0,0,0,0,0,0,0,0,0,0,0,0,0.000000000000000,0.000000000000000,0,1,0,6000,"Mapped, On Network",-81.346684299499998,28.538453304600001,659123.914896999951452,506382.232361999980640,10/24/2019 1:57:20 PM,6185_8318
3592,3593,1,3592,35198,88196280,FHPD19OFF079341,FHP,Long,8/31/2019 0:00:00,10:55 AM,Orlando Expwy Auth,Orange,STATE ROAD 408 WB MM6,PINE HILLS RD,5280,West,Off Road,1,0,0,0,N,N,N,5625.000000000000000,Rain,Daylight,0,Off Road,W,Property Damage Only,Y,Other,Guardrail Face,Shoulder,Non-Junction,N,Not at Intersection,Turnpike/Toll,Paved,Wet,Road Surface Condition, , ,None, , ,N,N, , , , ,0,0,0,0,0,0,0,0,0,0,0,0,0.000000000000000,0.000000000000000,0,0,625,5000,"Mapped, On Network",-81.433062910199993,28.547470175299999,650668.539502999978140,507204.835951999993995,10/24/2019 2:03:47 PM,5934_6489
3593,3594,1,3593,35239,89213356,2019-00296234,Orlando PD,Long,8/9/2019 0:00:00,08:32 AM,Orlando,Orange,EWWBO,INTERSTATE4,1000,West,Sideswipe,3,0,0,1,N,N,N,20000.000000000000000,Clear,Daylight,0,Same Direction Sideswipe,W,Injury,Y,Front to Rear,Motor Vehicle in Transport,On Roadway,Through Roadway,N,Not at Intersection,State,Paved,Dry,None, , ,None, , ,N,N, , , , ,0,0,0,0,0,0,0,0,1,0,0,0,0.000000000000000,0.000000000000000,0,0,0,20000,"Mapped, On Network",-81.371714579400006,28.537277703000001,656682.601726999972016,506199.355810999986716,10/8/2019 2:52:57 PM,8313_6737
3594,3595,1,3594,35251,89213830,2019-00282013,Orlando PD,Long,7/28/2019 0:00:00,07:45 PM,Orlando,Orange,EW WBO,S ROSALIND AV,1056,East,Off Road,1,0,0,0,N,N,N,3000.000000000000000,Rain,Daylight,0,Off Road,W,Property Damage Only,Y,Other,Concrete Traffic Barrier,On Roadway,Non-Junction,N,Not at Intersection,State,Curb,Wet,Road Surface Condition, , ,Weather Conditions, , ,N,N, , , , ,0,0,1,0,0,0,0,0,0,0,0,0,0.000000000000000,0.000000000000000,0,0,0,3000,"Mapped, On Network",-81.372680954600000,28.536974239300001,656588.956231000018306,506163.650864000024740,8/6/2019 11:16:32 AM,8307_8305
3595,3596,1,3595,35287,88201021,FHPD19OFF079370,FHP,Short,8/31/2019 0:00:00,12:35 PM,Orlando Expwy Auth,Orange,STATE TD 528,STATE RD 417,10560,East,Rear End,2,0,0,0,N,N,N,2200.000000000000000,Rain,Daylight,0,Rear End,W,Property Damage Only,N,Front to Rear,Motor Vehicle in Transport,On Roadway,Non-Junction,N,Not at Intersection,State,Paved,Wet,Road Surface Condition, , ,Weather Conditions, , ,N,N, , , , ,0,0,2,0,0,0,0,0,0,0,0,0,0.000000000000000,0.000000000000000,0,1,0,2200,"Mapped, On Network",-81.208104494099999,28.451411063100000,672874.258316999999806,497016.934915999998339,11/1/2019 1:33:19 PM,6319_6945
3596,3597,1,3596,35288,88201020,FHPD19OFF079331,FHP,Long,8/31/2019 0:00:00,10:10 AM,Orlando Expwy Auth,Orange,STATE RD 417,CURRY FORD RD,5280,South,Other,2,0,0,1,N,N,N,17000.000000000000000,Rain,Daylight,0,Other,N,Injury,N,Other,Other Non-Collision,On Roadway,Non-Junction,N,Not at Intersection,Turnpike/Toll,Paved,Wet,Road Surface Condition, , ,Weather Conditions, , ,N,N, , , , ,0,0,0,0,0,0,0,1,0,0,0,0,0.000000000000000,0.000000000000000,0,2,10000,7000,"Mapped, On Network",-81.243178821100003,28.495548939799999,669337.163377000018954,501840.374607999983709,11/1/2019 1:34:02 PM,6965_8557
3597,3598,1,3597,35294,88201022,FHPD19OFF079387,FHP,Long,8/31/2019 0:00:00,01:00 PM,Orlando Expwy Auth,Orange,STATE RD 417,UNIVERSITY BLVD,20,South,Other,1,0,0,0,N,N,N,2750.000000000000000,Rain,Daylight,0,Single Vehicle,N,Property Damage Only,N,Other,Other Non-Collision,On Roadway,Non-Junction,N,Not at Intersection,Turnpike/Toll,Paved,Wet,Road Surface Condition, , ,Weather Conditions, , ,N,Y,Work on Shoulder or Median,Activity Area,N,N,0,0,0,0,0,0,0,0,0,0,0,0,0.000000000000000,0.000000000000000,0,1,750,2000,"Mapped, On Network",-81.250073152699997,28.597025379000002,668412.418256000033580,513092.079584999999497,10/24/2019 2:18:24 PM,8588_8118
3598,3599,1,3598,35392,88201032,FHPD19OFF082204,FHP,Long,9/10/2019 0:00:00,05:45 PM,Orlando Expwy Auth,Orange,STATE RD 417,UNIVERSITY BLVD,5280,South,Rear End,4,0,0,0,N,N,N,9000.000000000000000,Clear,Daylight,0,Rear End,N,Property Damage Only,N,Front to Rear,Motor Vehicle in Transport,On Roadway,Non-Junction,N,Not at Intersection,Turnpike/Toll,Paved,Dry,None, , ,None, , ,N,Y,Work on Shoulder or Median,Activity Area,N,N,0,0,0,0,0,0,0,0,0,0,0,0,0.000000000000000,0.000000000000000,0,0,0,9000,"Mapped, On Network",-81.252368976000000,28.591117284700001,668202.984927000012249,512431.121778999979142,11/13/2019 2:15:37 PM,6318_8120
3599,3600,1,3599,35393,88201029,FHPD19OFF081043,FHP,Short,9/6/2019 0:00:00,05:42 PM,Orlando Expwy Auth,Orange,STATE RD 417,BOGGY CREEK RD,10560,South,Rear End,2,0,0,0,N,N,N,4000.000000000000000,Clear,Daylight,0,Rear End,S,Property Damage Only,N,Front to Rear,Motor Vehicle in Transport,On Roadway,Non-Junction,N,Not at Intersection,Turnpike/Toll,Paved,Dry,None, , ,None, , ,N,N, , , , ,0,0,0,0,0,0,0,0,0,0,0,0,0.000000000000000,0.000000000000000,0,1,0,4000,"Mapped, On Network",-81.344048356100004,28.368689622400002,659787.335163000039756,487538.801903999992646,11/13/2019 2:16:56 PM,6323_6700
3600,3601,1,3600,35394,88201030,FHPD19OFF081659,FHP,Long,9/9/2019 0:00:00,08:36 AM,Orlando Expwy Auth,Orange,STATE RD 528,DALLAS BLVD,15840,East,Rear End,2,0,0,0,N,N,N,8000.000000000000000,Clear,Daylight,0,Rear End,W,Property Damage Only,N,Front to Rear,Motor Vehicle in Transport,On Roadway,Non-Junction,N,Not at Intersection,Turnpike/Toll,Paved,Dry,None, , ,None, , ,N,Y,Intermittent or Moving Work,Activity Area,N,N,0,0,2,0,0,0,0,0,0,0,0,0,0.000000000000000,0.000000000000000,0,1,0,8000,"Mapped, On Network",-81.054054905499996,28.452199710399999,687925.873950000037439,497454.783189999987371,10/24/2019 2:27:16 PM,6937_6322
3601,3602,1,3601,35410,88196281,FHPD19OFF079393,FHP,Long,8/31/2019 0:00:00,01:17 PM,Orlando Expwy Auth,Orange,STATE ROAD 408 EB MM16,STATE ROAD 551,0,West,Sideswipe,2,0,0,0,N,N,N,9000.000000000000000,Clear,Daylight,0,Same Direction Sideswipe,E,Property Damage Only,Y,"Sideswipe, Same Direction",Motor Vehicle in Transport,On Roadway,Non-Junction,N,Not at Intersection,Turnpike/Toll,Paved,Dry,None, , ,None, , ,N,N, , , , ,0,0,1,0,0,0,0,0,0,0,0,0,0.000000000000000,0.000000000000000,0,1,0,9000,"Mapped, On Network",-81.290740229400001,28.539557178799999,664583.872865000041202,506623.590366000018548,11/1/2019 1:39:08 PM,6881_8431
3602,3603,1,3602,35411,88196279,FHPD19OFF079291,FHP,Long,8/31/2019 0:00:00,08:21 AM,Orlando Expwy Auth,Orange,STATE ROAD 408 MM7,OLD WINTER GARDEN RD OFF RAMP,300,South,Off Road,1,0,0,0,N,N,N,4000.000000000000000,Clear,Daylight,0,Off Road,W,Property Damage Only,Y,Other,Concrete Traffic Barrier,Median,Non-Junction,N,Not at Intersection,Turnpike/Toll,Paved,Dry,None, , ,None, , ,N,N, , , , ,0,0,0,0,0,0,0,0,0,0,0,0,0.000000000000000,0.000000000000000,0,0,0,4000,"Mapped, On Network",-81.422891521200000,28.545953151599999,651665.180214999942109,507057.115386000019498,11/1/2019 1:39:36 PM,8239_5934
3603,3604,1,3603,35440,89216644,2019-00323572,Orlando PD,Short,8/26/2019 0:00:00,04:56 PM,Orlando,Orange,SR 408 EBO,S TAMPA AVE,0, ,Rear End,2,0,0,0,N,N,N,3000.000000000000000,Clear,Daylight,0,Rear End,E,Property Damage Only,Y,Front to Rear,Motor Vehicle in Transport,On Roadway,Non-Junction,N,Not at Intersection,State,Paved,Dry,None, , ,None, , ,N,N, , , , ,0,0,4,0,0,0,0,0,0,0,0,0,0.000000000000000,0.000000000000000,0,0,0,3000,"Mapped, On Network",-81.405366762000000,28.536263650799999,653398.932712999987416,506017.164650999999139,10/30/2019 2:21:28 PM,8169_8242
3604,3605,1,3604,35491,89216884,2019-00322950,Orlando PD,Long,8/26/2019 0:00:00,08:56 AM,Orlando,Orange,SR 408 EBO,US 441 EXIT RAMP,1000,West,Rear End,2,0,0,0,N,N,N,3500.000000000000000,Clear,Daylight,0,Rear End,E,Property Damage Only,Y,Front to Rear,Motor Vehicle in Transport,On Roadway,Non-Junction,N,Not at Intersection,State,Paved,Dry,None, , ,None, , ,N,N, , , , ,0,0,0,0,0,0,0,0,0,0,0,0,0.000000000000000,0.000000000000000,0,0,0,3500,"Mapped, On Network",-81.397719067300002,28.535097499199999,654148.449426000006497,505903.423888000019360,11/6/2019 4:41:27 PM,8242_8248
3605,3606,1,3605,35508,89213916,2019-00315426,Orlando PD,Long,8/20/2019 0:00:00,12:20 PM,Orlando,Orange,STATE ROAD 417 (CENTRAL FLORIDA GREENEWAY),BOGGY CREEK ROAD,200,East,Sideswipe,2,0,0,0,N,N,N,500.000000000000000,Clear,Daylight,0,Same Direction Sideswipe, ,Property Damage Only,Y,"Sideswipe, Same Direction",Motor Vehicle in Transport,On Roadway,Non-Junction,N,Not at Intersection,Turnpike/Toll,Paved,Dry,None, , ,None, , ,N,N, , , , ,0,0,0,0,0,0,0,0,0,0,0,0,0.000000000000000,0.000000000000000,0,0,0,500,"Mapped, On Network",-81.295052560499997,28.372257221700000,664570.322577000013553,488039.084356000006665,10/28/2019 2:42:16 PM,8476_8600
3606,3607,1,3606,35583,89215724,2019-00292869,Orlando PD,Long,8/6/2019 0:00:00,02:01 PM,Orlando,Orange,SR 408 EAST,SR 527 (S ORANGE AV EXIT RAMP),250,East,Other,1,0,0,1,N,N,N,1500.000000000000000,Rain,Daylight,0,Single Vehicle,E,Injury,Y, ,Motor Vehicle in Transport,On Roadway,Non-Junction,N,Not at Intersection,State,Curb,Wet,Road Surface Condition, , ,None, , ,N,N, , , , ,0,0,0,0,0,0,0,1,0,0,0,0,1.000000000000000,0.000000000000000,0,0,0,1500,"Mapped, On Network",-81.377702074799998,28.535870506900000,656101.264510000008158,506030.664784999971744,10/9/2019 11:08:32 AM,6679_6276
3607,3608,1,3607,35603,88021985,FHPK19OFF051400,FHP,Long,9/3/2019 0:00:00,09:58 PM,Unincorporated,Orange,STATE ROAD 429(WESTERN BELTWAY) MM 22 NORTH,STATE ROAD 91 (FLORIDAS TURNPIKE),75,South,Off Road,1,0,0,1,N,N,N,13500.000000000000000,Rain,Dark - Lighted,0,Off Road,N,Injury,N,Other,Guardrail Face,Shoulder,Entrance/Exit Ramp,N,Not at Intersection,Turnpike/Toll,Paved,Wet,None, , ,None, , ,N,N, , , , ,0,0,1,0,0,0,0,0,1,0,0,0,1.000000000000000,0.000000000000000,0,1,3500,10000,"Mapped, Not On Network",-81.556939999999997,28.542640049399999,638583.846864999970421,506422.790615000005346,9/4/2019 3:32:45 PM,6274_6738
3608,3609,1,3608,35646,88124045,FHPD19OFF059272,FHP,Long,6/30/2019 0:00:00,07:33 PM,Orlando Expwy Auth,Orange,STATE ROAD 528 WESTBOUND,MILE MARKER 20,0, ,Off Road,1,0,0,0,N,N,N,10000.000000000000000,Rain,Dark - Not Lighted,0,Off Road,W,Property Damage Only,N,Other,Cable Barrier,Off Roadway,Non-Junction,N,Not at Intersection,Turnpike/Toll,Paved,Wet,Road Surface Condition, , ,Weather Conditions, , ,N,N, , , , ,0,0,0,0,0,0,0,0,0,0,0,0,0.000000000000000,0.000000000000000,0,1,1000,9000,"Mapped, On Network",-81.157978950000000,28.451777072500001,677771.631786999991164,497169.486823000013828,10/2/2019 11:04:53 AM,8099_8097
3609,3610,1,3609,35647,88124072,FHPD19OFF071049,FHP,Long,8/6/2019 0:00:00,01:23 PM,Orlando Expwy Auth,Orange,STATE ROAD 408 EASTBOUND,MILE MARKER 6,0, ,Head On,2,0,0,0,N,N,N,2000.000000000000000,Clear,Daylight,0,Head On,E,Property Damage Only,N,Front to Front,Motor Vehicle in Transport,On Roadway,Non-Junction,N,Not at Intersection,Turnpike/Toll,Paved,Dry,None, , ,None, , ,N,N, , , , ,0,0,3,0,0,0,0,0,0,0,0,0,0.000000000000000,0.000000000000000,0,0,0,2000,"Mapped, On Network",-81.443089474600001,28.548253050700001,649687.755613000015728,507271.418324999976903,10/9/2019 11:28:59 AM,8205_6294
3610,3611,1,3610,35652,89214146,2019-00287854,Orlando PD,Long,8/2/2019 0:00:00,11:03 AM,Orlando,Orange,EW WBO (SR408),S ORANGE BLOSSOM TRAIL (SR 500),100,West,Off Road,2,0,0,0,N,N,N,4000.000000000000000,Clear,Daylight,0,Off Road,W,Property Damage Only,Y,Front to Rear,Concrete Traffic Barrier,On Roadway,Non-Junction,N,Not at Intersection,State,Paved,Dry,None, , ,None, , ,N,N, , , , ,0,0,1,0,0,0,0,0,0,0,0,0,0.000000000000000,0.000000000000000,0,0,0,4000,"Mapped, On Network",-81.393308253699999,28.535305676699998,654578.673135000048205,505935.636355999973603,10/3/2019 11:25:54 AM,8272_8254