FID,OBJECTID_1,Join_Count,TARGET_FID,OBJECTID,HSMV_Repor,Agency_Rep,Reporting_,Form_Type,Crash_Date,Crash_Time,City,County,Crash_Stre,Intersecti,Offset_Dis,Offset_Dir,Crash_Type,Vehicles,Non_Motori,Fatalities,Injuries,Alcohol_Re,Distractio,Drug_Relat,Estimated_,Weather_Co,Light_Cond,Street_Num,Crash_Ty_1,Crash_Ty_2,Crash_Seve,Within_Cit,Manner_of_,First_Harm,First_HE_L,First_HE_R,First_HE_W,Type_of_In,Road_Sys_I,Type_of_Sh,Road_Surf_,Contrib_Ci,Contrib__1,Contrib__2,Contrib__3,Contrib__4,Contrib__5,School_Bus,Work_Zone_,Type_of_Wo,Loc_in_Wor,Workers_in,Law_Enforc,Mopeds,Motorcycle,Passengers,Bicyclists,Pedestrian,Fataliti_1,Injuries_U,Possible_I,Non_Incapa,Incapacita,Fataliti_2,Non_Traffi,Transporte,Transpor_1,Transpor_2,Citations,Property_D,Vehicle_Dm,S4_Mapping,S4_Decimal,S4_Decim_1,S4_Albers_,S4_Albers1,S4_Mappi_1,zone_id_st
3611,3612,1,3611,35667,88196291,FHPD19OFF082382,FHP,Long,9/11/2019 0:00:00,09:01 AM,Orlando Expwy Auth,Orange,STATE ROAD 417 SB MM11,RHODES ISLAND WOODS CIRCLE,0,South,Rear End,2,0,0,1,N,N,N,10000.000000000000000,Clear,Daylight,0,Rear End,S,Injury,Y,Front to Rear,Motor Vehicle in Transport,On Roadway,Non-Junction,N,Not at Intersection,Turnpike/Toll,Paved,Dry,None, , ,None, , ,N,N, , , , ,0,0,0,0,0,0,0,1,0,0,0,0,0.000000000000000,0.000000000000000,0,1,0,10000,"Mapped, On Network",-81.344193245300005,28.368705971800001,659773.126163000008091,487540.311971999995876,11/8/2019 1:30:04 PM,6323_6700
3612,3613,1,3612,35668,88196289,FHPD19OFF082017,FHP,Long,9/10/2019 0:00:00,08:21 AM,Orlando Expwy Auth,Orange,STATE ROAD 417 NB MM29,CURRY FORD RD,5280,South,Other,2,0,0,1,N,N,N,3600.000000000000000,Clear,Daylight,0,Other,N,Injury,Y,Other,Motor Vehicle in Transport,Off Roadway,Non-Junction,N,Not at Intersection,Turnpike/Toll,Paved,Dry,None, , ,None, , ,N,N, , , , ,0,0,0,0,0,0,0,0,1,0,0,0,1.000000000000000,0.000000000000000,0,1,600,3000,"Mapped, On Network",-81.243441165899995,28.499338564100000,669302.129865000024438,502260.557703999977093,11/8/2019 1:34:44 PM,6965_8557
3613,3614,1,3613,35669,88196288,FHPD19OFF081641,FHP,Long,9/9/2019 0:00:00,08:03 AM,Orlando Expwy Auth,Orange,STATE ROAD 528 WB MM25,DALLAS BLVD,5280,West,Rear End,2,0,0,2,N,N,N,8500.000000000000000,Clear,Daylight,0,Rear End,W,Injury,Y,Front to Rear,Motor Vehicle in Transport,On Roadway,Non-Junction,N,Not at Intersection,Turnpike/Toll,Paved,Dry,None, , ,None, , ,N,N, , , , ,0,0,0,0,0,0,0,0,2,0,0,0,2.000000000000000,0.000000000000000,0,1,500,8000,"Mapped, On Network",-81.084244975800004,28.451827613999999,684976.736913000000641,497343.341621000028681,11/8/2019 1:38:56 PM,6322_8112
3614,3615,1,3614,35670,88196286,FHPD19OFF081610,FHP,Long,9/9/2019 0:00:00,05:47 AM,Orlando Expwy Auth,Orange,STATE ROAD 528 WB MM24,DALLAS BLVD,0, ,Rear End,2,0,0,2,N,N,N,8000.000000000000000,Clear,Daylight,0,Rear End,W,Injury,Y,Front to Rear,Motor Vehicle in Transport,On Roadway,Non-Junction,N,Not at Intersection,Turnpike/Toll,Paved,Dry,None, , ,None, , ,N,N, , , , ,0,0,1,0,0,0,0,0,2,0,0,0,2.000000000000000,0.000000000000000,0,1,0,8000,"Mapped, On Network",-81.083407154599996,28.451834059900001,685058.590727000031620,497345.993743999977596,11/8/2019 1:39:34 PM,6322_8112
3615,3616,1,3615,35671,88196284,FHPD19OFF081609,FHP,Long,9/9/2019 0:00:00,05:18 AM,Orlando Expwy Auth,Orange,STATE ROAD 528 WB MM24,DALLAS BLVD,5280,East,Other,1,0,0,0,N,N,N,3000.000000000000000,Clear,Dark - Not Lighted,0,Single Vehicle,W,Property Damage Only,Y,Other,Motor Vehicle in Transport,On Roadway,Non-Junction,N,Not at Intersection,Turnpike/Toll,Paved,Dry,None, , ,None, , ,N,N, , , , ,0,0,0,0,0,0,0,0,0,0,0,0,0.000000000000000,0.000000000000000,0,0,0,3000,"Mapped, On Network",-81.089381590000002,28.451732549399999,684475.042861000052653,497320.926881999999750,11/8/2019 1:41:23 PM,6322_8112
3616,3617,1,3616,35685,89216524,2019-00317831,Orlando PD,Long,8/22/2019 0:00:00,07:47 AM,Orlando,Orange,SR 528 WEST,NARCOOSSEE RD EXIT,1800,West,Rear End,3,0,0,1,N,N,N,2500.000000000000000,Clear,Daylight,0,Rear End,W,Injury,Y,Front to Rear,Motor Vehicle in Transport,Shoulder,Non-Junction,N,Not at Intersection,State,Paved,Dry,None, , ,None, , ,N,N, , , , ,0,0,0,0,0,0,0,1,0,0,0,0,0.000000000000000,0.000000000000000,0,0,0,2500,"Mapped, On Network",-81.276042440900000,28.448667997899999,666241.962087000021711,496563.867609000008088,11/1/2019 1:25:24 PM,6665_8172
3617,3618,1,3617,35707,88201025,FHPD19OFF080951,FHP,Long,9/6/2019 0:00:00,01:31 PM,Orlando Expwy Auth,Orange,STATE RD 417,BOGGY CREEK RD,5280,South,Unknown,2,0,0,0,N,N,N,3250.000000000000000,Clear,Daylight,0,Unknown, ,Property Damage Only,N,Angle,Other Non-Collision,On Roadway,Non-Junction,N,Not at Intersection,Turnpike/Toll,Paved,Dry,None, , ,None, , ,N,N, , , , ,0,0,3,0,0,0,0,0,0,0,0,0,0.000000000000000,0.000000000000000,0,0,250,3000,"Mapped, On Network",-81.301767792400000,28.371007237699999,663916.649406000040472,487885.908791000023484,11/8/2019 9:10:39 AM,8601_11015
3618,3619,1,3618,35787,88187672,FHPD19OFF073749,FHP,Long,8/14/2019 0:00:00,03:40 PM,Orlando,Orange,STATE ROAD 417 CENTRAL FLORIDA GREENEWAY,LEE VISTA ROAD,200,South,Rear End,3,0,0,0,N,Y,N,9000.000000000000000,Rain,Daylight,0,Rear End,N,Property Damage Only,N,Front to Rear,Motor Vehicle in Transport,On Roadway,Non-Junction,N,Not at Intersection,State,Paved,Wet,None, , ,None, , ,N,N, , , , ,0,0,1,0,0,0,0,0,0,0,0,0,0.000000000000000,0.000000000000000,0,1,0,9000,"Mapped, On Network",-81.239125505900006,28.476680145400000,669780.011846999987029,499754.261663999990560,10/16/2019 3:08:38 PM,8544_8386
3619,3620,1,3619,35795,88196053,FHPD19OFF079724,FHP,Long,9/1/2019 0:00:00,04:01 PM,Unincorporated,Orange,STATE ROAD 528 (BEACH LINE EXPRESSWAY),MILE MARKER 31,5280,East,Rollover,1,0,0,1,N,N,N,10000.000000000000000,Rain,Daylight,0,Rollover,E,Injury,N,Other,Overturn/Rollover,Off Roadway,Non-Junction,N,Not at Intersection,State,Paved,Wet,None, , ,Weather Conditions, , ,N,N, , , , ,0,0,0,0,0,0,0,1,0,0,0,0,0.000000000000000,0.000000000000000,0,0,0,10000,"Mapped, On Network",-80.967926829700005,28.452518419600000,696341.173762000049464,497694.206041999976151,11/8/2019 8:57:47 AM,8083_6824
3620,3621,1,3620,35842,88027288,FHPD19OFF066736,FHP,Long,7/24/2019 0:00:00,05:20 PM,Orlando Expwy Auth,Orange,SR-417,N ECONLOCKHATCHEE TRAIL,0, ,Rear End,2,0,0,0,N,N,N,5050.000000000000000,Cloudy,Daylight,0,Rear End,N,Property Damage Only,N,Front to Rear,Motor Vehicle in Transport,On Roadway,Non-Junction,N,Not at Intersection,Turnpike/Toll,Paved,Dry,Work Zone, , ,None, , ,N,Y,Work on Shoulder or Median,Activity Area,N,N,0,0,2,0,0,0,0,0,0,0,0,0,0.000000000000000,0.000000000000000,0,1,0,5050,"Mapped, On Network",-81.258478711400002,28.583671256799999,667625.079649999970570,511591.130690000019968,7/30/2019 11:31:32 AM,6046_6317
3621,3622,1,3621,35852,88124051,FHPD19OFF061432,FHP,Long,7/7/2019 0:00:00,05:25 PM,Orlando Expwy Auth,Orange,STATE ROAD 429 NORTHBOUND,MILE MARKER 24,0, ,Off Road,1,0,0,0,N,Y,N,15000.000000000000000,Cloudy,Daylight,0,Off Road,N,Property Damage Only,N,Other,Guardrail Face,Off Roadway,Non-Junction,N,Not at Intersection,Turnpike/Toll,Paved,Wet,Road Surface Condition, , ,None, , ,N,N, , , , ,0,0,0,0,0,0,0,0,0,0,0,0,0.000000000000000,0.000000000000000,0,1,1000,14000,"Mapped, On Network",-81.556688787699997,28.570097207100002,638547.963145000045188,509471.952541999984533,10/2/2019 10:41:18 AM,8421_8425
3622,3623,1,3622,35854,88124048,FHPD19OFF060767,FHP,Long,7/5/2019 0:00:00,03:27 PM,Orlando Expwy Auth,Orange,STATE ROAD 528 EASTBOUND,MILE MARKER 27,0, ,Off Road,2,0,0,0,N,N,N,2500.000000000000000,Clear,Daylight,0,Off Road,E,Property Damage Only,N,Other,Cable Barrier,Off Roadway,Non-Junction,N,Not at Intersection,Turnpike/Toll,Paved,Dry,Debris, , ,None, , ,N,N, , , , ,0,0,0,0,0,0,0,0,0,0,0,0,0.000000000000000,0.000000000000000,0,0,500,2000,"Mapped, On Network",-81.043463201700007,28.452144168600000,688961.018119000014849,497473.391621000017039,10/2/2019 10:44:43 AM,7008_7061
3623,3624,1,3623,35874,88161558,FHPD19OFF081876,FHP,Short,9/9/2019 0:00:00,05:48 PM,Orlando Expwy Auth,Orange,SR-429 (MM24),PLANT STREET,80,South,Unknown,2,0,0,0,N,N,N,1000.000000000000000,Clear,Daylight,0,Unknown, ,Property Damage Only,N,Angle,Motor Vehicle in Transport,On Roadway,Non-Junction,N,Not at Intersection,Turnpike/Toll,Paved,Dry,None, , ,None, , ,N,N, , , , ,0,0,2,0,0,0,0,0,0,0,0,0,0.000000000000000,0.000000000000000,0,1,0,1000,"Mapped, On Network",-81.556714769999999,28.570987387100001,638543.468124000006355,509570.742336999974214,11/8/2019 12:35:48 PM,8421_8425
3624,3625,1,3624,35875,88193350,FHPD19OFF082206,FHP,Long,9/10/2019 0:00:00,05:44 PM,Orlando Expwy Auth,Orange,STATE ROAD 408 EASTBOUND,MILE MARKER 20,0, ,Rear End,2,0,0,0,N,Y,N,8000.000000000000000,Clear,Daylight,0,Rear End,E,Property Damage Only,N,Front to Rear,Motor Vehicle in Transport,On Roadway,Non-Junction,N,Not at Intersection,Turnpike/Toll,Paved,Dry,None, , ,None, , ,N,N, , , , ,0,0,0,0,0,0,0,0,0,0,0,0,0.000000000000000,0.000000000000000,0,1,0,8000,"Mapped, On Network",-81.229042423400003,28.547088924200001,670589.428369999979623,507593.709550999978092,11/8/2019 1:44:42 PM,6305_8077
3625,3626,1,3625,35876,88193347,FHPD19OFF081281,FHP,Short,9/7/2019 0:00:00,04:30 PM,Orlando Expwy Auth,Orange,STATE ROAD 417 SOUTHBOUND,MILE MARKER 31,0, ,Sideswipe,2,0,0,0,N,Y,N,2500.000000000000000,Clear,Daylight,0,Same Direction Sideswipe,S,Property Damage Only,N,"Sideswipe, Same Direction",Motor Vehicle in Transport,On Roadway,Non-Junction,N,Not at Intersection,Turnpike/Toll,Paved,Dry,None, , ,None, , ,N,N, , , , ,0,0,6,0,0,0,0,0,0,0,0,0,0.000000000000000,0.000000000000000,0,0,0,2500,"Mapped, On Network",-81.251128694100004,28.532696107300001,668468.647543000057340,505947.429111999983434,11/8/2019 1:50:30 PM,7071_6968
3626,3627,1,3626,35877,88193346,FHPD19OFF081038,FHP,Long,9/6/2019 0:00:00,05:30 PM,Orlando Expwy Auth,Orange,STATE ROAD 408 EASTBOUND,MILE MARKER 8,0, ,Rear End,3,0,0,0,N,Y,N,12000.000000000000000,Clear,Daylight,0,Rear End,E,Property Damage Only,N,Front to Rear,Motor Vehicle in Transport,On Roadway,Non-Junction,N,Not at Intersection,Turnpike/Toll,Paved,Dry,None, , ,None, , ,N,N, , , , ,0,0,1,0,0,0,0,0,0,0,0,0,0.000000000000000,0.000000000000000,0,1,0,12000,"Mapped, On Network",-81.411803911800007,28.541017688499998,652759.275205999962054,506531.800867000012659,11/8/2019 1:51:04 PM,8219_8213
3627,3628,1,3627,35896,89216307,2019-00315254,Orlando PD,Long,8/20/2019 0:00:00,08:43 AM,Orlando,Orange,SR 408 WBO,SR 436 (SEMORAN BV),75,West,Rear End,5,0,0,2,N,N,N,15000.000000000000000,Cloudy,Daylight,0,Rear End,W,Injury,Y,Front to Rear,Motor Vehicle in Transport,On Roadway,Non-Junction,N,Not at Intersection,State,Curb,Dry,None, , ,None, , ,N,N, , , , ,0,0,1,0,0,0,0,2,0,0,0,0,0.000000000000000,0.000000000000000,0,1,0,15000,"Mapped, On Network",-81.310849310099997,28.539640390999999,662620.149096000008285,506589.843359999998938,11/1/2019 12:30:27 PM,6256_8188
3628,3629,1,3628,35933,88201027,FHPD19OFF081010,FHP,Short,9/6/2019 0:00:00,03:50 PM,Orlando Expwy Auth,Orange,STATE RD 528,STATE RD 520,10560,West,Rear End,2,0,0,0,N,N,N,4500.000000000000000,Clear,Daylight,0,Rear End,E,Property Damage Only,N,Front to Rear,Motor Vehicle in Transport,On Roadway,Non-Junction,N,Not at Intersection,Turnpike/Toll,Paved,Dry,None, , ,None, , ,N,Y,Lane Closure,Advance Warning Area,N,N,0,0,0,0,0,0,0,0,0,0,0,0,0.000000000000000,0.000000000000000,0,1,0,4500,"Mapped, On Network",-81.012037125000006,28.452379288800000,692031.256524999975227,497573.527156000025570,11/8/2019 9:19:02 AM,7061_8083
3629,3630,1,3629,35935,88199011,FHPD19OFF081701,FHP,Long,9/9/2019 0:00:00,10:00 AM,Orlando,Orange,SR 528 (MARTIN ANDERSEN BEACHLINE EXPRESSWAY),MM28,800,East,Rear End,3,0,0,0,N,N,N,700.000000000000000,Clear,Daylight,0,Rear End,W,Property Damage Only,N,Front to Rear,Motor Vehicle in Transport,On Roadway,Non-Junction,N,Not at Intersection,State,Paved,Dry,None, , ,None, , ,N,N, , , , ,0,0,1,0,0,0,0,0,0,0,0,0,0.000000000000000,0.000000000000000,0,0,0,700,"Mapped, On Network",-81.024436863500000,28.452482885700000,690819.314979000017047,497555.724968000024091,11/8/2019 9:43:14 AM,5943_6937
3630,3631,1,3630,35973,89214151,2019-00316536,Orlando PD,Short,8/21/2019 0:00:00,08:35 AM,Orlando,Orange,EW EBO (SR408),TAMPA BLVD,50,East,Sideswipe,2,0,0,0,N,N,N,2000.000000000000000,Clear,Daylight,0,Same Direction Sideswipe,E,Property Damage Only,Y,"Sideswipe, Same Direction",Motor Vehicle in Transport,On Roadway,Non-Junction,N,Not at Intersection,State,Paved,Dry,None, , ,None, , ,N,N, , , , ,0,0,0,0,0,0,0,0,0,0,0,0,0.000000000000000,0.000000000000000,0,0,0,2000,"Mapped, On Network",-81.405126267200004,28.536173460200001,653422.627374000032432,506007.644887999980710,10/20/2019 3:23:17 PM,8169_8242
3631,3632,1,3631,35980,89216391,2019-00315157,Orlando PD,Short,8/20/2019 0:00:00,08:14 AM,Orlando,Orange,SR 408 EAST,US 441 (S ORANGE BLOSSOM TL ENTRANCE RAMP),200,East,Rear End,3,0,0,0,N,N,N,3000.000000000000000,Clear,Daylight,0,Rear End,E,Property Damage Only,Y,Front to Rear,Motor Vehicle in Transport,On Roadway,Intersection,N,Not at Intersection,State,Paved,Dry,None, , ,None, , ,N,N, , , , ,0,0,3,0,0,0,0,0,0,0,0,0,0.000000000000000,0.000000000000000,0,0,0,3000,"Mapped, On Network",-81.398650991500006,28.535073229199998,654057.504597999970429,505898.808828999986872,10/25/2019 11:34:30 AM,8242_8248
3632,3633,1,3632,35988,88195886,FHPD19OFF081338,FHP,Long,9/7/2019 0:00:00,09:30 PM,Orlando,Orange,STATE ROAD 417,MM37.5,0, ,Off Road,1,0,0,0,N,N,N,6800.000000000000000,Clear,Dark - Lighted,0,Off Road,N,Property Damage Only,N,Other,Guardrail Face,On Roadway,Non-Junction,N,Not at Intersection,Interstate,Paved,Dry,None, , ,None, , ,N,N, , , , ,0,0,1,0,0,0,0,0,0,0,0,0,0.000000000000000,0.000000000000000,0,0,800,6000,"Mapped, On Network",-81.256930723500005,28.607873375600001,667716.384757000021636,514281.600877000018954,11/6/2019 3:48:03 PM,5988_6758
3633,3634,1,3633,35994,88201028,FHPD19OFF080983,FHP,Long,9/6/2019 0:00:00,03:50 PM,Orlando Expwy Auth,Orange,STATE RD 528,STATE RD 520,5280,West,Rear End,2,0,0,1,N,N,N,7000.000000000000000,Clear,Daylight,0,Rear End,E,Injury,N,Front to Rear,Motor Vehicle in Transport,On Roadway,Non-Junction,N,Not at Intersection,Turnpike/Toll,Paved,Dry,None, , ,None, , ,N,Y,Lane Closure,Activity Area,N,N,0,0,0,0,0,0,0,1,0,0,0,0,1.000000000000000,0.000000000000000,0,1,0,7000,"Mapped, On Network",-81.000544466299999,28.452419902999999,693154.171121999970637,497605.305346000008285,11/8/2019 9:58:02 AM,7061_8083
3634,3635,1,3634,36003,88193342,FHPD19OFF080672,FHP,Long,9/5/2019 0:00:00,04:34 PM,Orlando Expwy Auth,Orange,STATE ROAD 417 NORTHBOUND,MILE MARKER 26,0, ,Rear End,2,0,0,0,N,Y,N,3000.000000000000000,Clear,Daylight,0,Rear End,N,Property Damage Only,N,Front to Rear,Motor Vehicle in Transport,On Roadway,Non-Junction,N,Not at Intersection,Turnpike/Toll,Paved,Dry,None, , ,None, , ,N,N, , , , ,0,0,1,0,0,0,0,0,0,0,0,0,0.000000000000000,0.000000000000000,0,1,0,3000,"Mapped, On Network",-81.232123047100004,28.460473500300001,670504.540779000031762,497970.202920000010636,11/8/2019 1:51:37 PM,6173_8544
3635,3636,1,3635,36004,88193349,FHPD19OFF082158,FHP,Long,9/10/2019 0:00:00,04:27 PM,Orlando Expwy Auth,Orange,STATE ROAD 408 WESTBOUND,MILE MARKER 18,0, ,Rear End,2,0,0,0,N,N,N,2000.000000000000000,Clear,Daylight,0,Rear End, ,Property Damage Only,N,Front to Rear,Motor Vehicle in Transport,On Roadway,Non-Junction,N,Not at Intersection,Turnpike/Toll,Paved,Dry,None, , ,None, , ,N,N, , , , ,0,0,0,0,0,0,0,0,0,0,0,0,0.000000000000000,0.000000000000000,0,0,0,2000,"Mapped, On Network",-81.251794517700006,28.547588393200002,668366.775131999980658,507599.444615999993403,11/8/2019 1:47:58 PM,8013_8024
3636,3637,1,3636,36025,89215684,2019-00322203,Orlando PD,Long,8/26/2019 0:00:00,05:30 PM,Orlando,Orange,SR 408,ORANGE AVE,300,West,Sideswipe,2,0,0,0,N,N,N,500.000000000000000,Clear,Daylight,0,Same Direction Sideswipe, ,Property Damage Only,Y,"Sideswipe, Same Direction",Motor Vehicle in Transport,On Roadway,Entrance/Exit Ramp,N,Not at Intersection,State,Paved,Dry,None, , ,None, , ,N,N, , , , ,0,0,0,0,0,0,0,0,0,0,0,0,0.000000000000000,0.000000000000000,0,0,0,500,"Mapped, On Network",-81.377704697599995,28.535884235000001,656100.975975999957882,506032.183574999973644,11/1/2019 12:42:28 PM,6679_6276
3637,3638,1,3637,36027,89216285,2019-00315074,Orlando PD,Long,8/20/2019 0:00:00,07:08 AM,Orlando,Orange,SR 408 WEST,S CRYSTAL LAKE EXIT RAMP,100,West,Rear End,2,0,0,1,N,N,N,200.000000000000000,Clear,Daylight,0,Rear End,W,Injury,Y,Front to Rear,Motor Vehicle in Transport,On Roadway,Non-Junction,N,Not at Intersection,State,Paved,Dry,None, , ,None, , ,N,N, , , , ,0,0,0,0,0,0,0,1,0,0,0,0,1.000000000000000,0.000000000000000,0,0,0,200,"Mapped, On Network",-81.344341786200005,28.538464235300001,659352.624227000051178,506388.370563999982551,11/1/2019 1:20:07 PM,8353_6185
3638,3639,1,3638,36032,89217259,2019-00319787,Orlando PD,Long,8/23/2019 0:00:00,05:40 PM,Orlando,Orange,SR528 / BEACHLINE EXPRESSWAY EB,NARCOOSSEE ROAD,0, ,Rear End,2,0,0,2,N,N,N,15000.000000000000000,Clear,Daylight,0,Rear End,E,Injury,Y,Front to Rear,Motor Vehicle in Transport,On Roadway,Non-Junction,N,Not at Intersection,State,Unpaved,Dry,None, , ,None, , ,N,N, , , , ,0,0,0,0,0,0,0,1,1,0,0,0,1.000000000000000,0.000000000000000,0,0,0,15000,"Mapped, On Network",-81.269712516499993,28.448449430800000,666861.090769000002183,496553.282757000008132,11/1/2019 1:24:41 PM,8052_8060
3639,3640,1,3639,36039,89216011,2019-00296458,Orlando PD,Short,8/9/2019 0:00:00,11:28 AM,Orlando,Orange,SR 408 EAST,SR 436 (S. SEMORAN BV EXIT RAMP),15,West,Sideswipe,2,0,0,0,N,N,N,1700.000000000000000,Clear,Daylight,0,Same Direction Sideswipe,E,Property Damage Only,Y,"Sideswipe, Same Direction",Motor Vehicle in Transport,On Roadway,Non-Junction,N,Not at Intersection,State,Paved,Dry,None, , ,None, , ,N,N, , , , ,0,0,0,0,0,0,0,0,0,0,0,0,0.000000000000000,0.000000000000000,0,0,0,1700,"Mapped, On Network",-81.311281192500005,28.539412749000000,662578.529698000056669,506563.648692000017036,10/16/2019 2:54:40 PM,6301_6218
3640,3641,1,3640,36067,89217045,2019-00346785,Orlando PD,Long,9/14/2019 0:00:00,11:09 PM,Orlando,Orange,SR 408 EBO,S ORANGE BLOSSOM TRAIL,0, ,Sideswipe,2,0,0,0,N,N,N,20000.000000000000000,Clear,Dark - Lighted,0,Same Direction Sideswipe, ,Property Damage Only,Y,"Sideswipe, Same Direction",Motor Vehicle in Transport,On Roadway,Non-Junction,N,Not at Intersection,State,Paved,Dry,None, , ,None, , ,N,N, , , , ,0,0,0,0,0,0,0,0,0,0,0,0,0.000000000000000,0.000000000000000,0,0,0,20000,"Mapped, On Network",-81.399891980899994,28.535088460299999,653936.287222999962978,505897.943826999980956,11/15/2019 9:26:32 AM,8169_8242
3641,3642,1,3641,36129,88027290,FHPD19OFF068199,FHP,Long,7/29/2019 0:00:00,08:35 AM,Orlando Expwy Auth,Orange,SR-528,SR-417,0, ,Sideswipe,3,0,0,0,N,N,N,750.000000000000000,Clear,Daylight,0,Same Direction Sideswipe,W,Property Damage Only,N,Other,Other Non-Collision,On Roadway,Non-Junction,N,Not at Intersection,Turnpike/Toll,Paved,Dry,None, , ,None, , ,N,N, , , , ,0,0,1,0,0,0,0,0,0,0,0,0,0.000000000000000,0.000000000000000,0,0,0,750,"Mapped, On Network",-81.225964920699994,28.451521887999998,671128.634672999964096,496989.843874000012875,8/7/2019 11:54:13 AM,6667_8001
3642,3643,1,3642,36251,85211021,FHPD19OFF073340,FHP,Long,8/13/2019 0:00:00,10:17 AM,Orlando,Orange,STATE ROAD 408 WESTBOUND,INTERSTATE 4,0, ,Sideswipe,2,0,0,1,N,N,N,1500.000000000000000,Clear,Daylight,0,Opposing Sideswipe,EW,Injury,N,"Sideswipe, Same Direction",Motor Vehicle in Transport,On Roadway,Non-Junction,N,Not at Intersection,State,Paved,Dry,None, , ,None, , ,N,N, , , , ,0,0,0,0,0,0,0,1,0,0,0,0,0.000000000000000,0.000000000000000,0,0,0,1500,"Mapped, On Network",-81.382543550899996,28.535117858200000,655630.276955000008456,505937.051967000006698,8/28/2019 5:29:08 PM,6679_6276
3643,3644,1,3643,36338,88193308,FHPD19OFF071742,FHP,Long,8/8/2019 0:00:00,03:47 PM,Orlando Expwy Auth,Orange,STATE ROAD 528 WESTBOUND,MILE MAARKER 29,0, ,Off Road,1,0,0,0,N,N,N,13200.000000000000000,Cloudy,Daylight,0,Off Road,W,Property Damage Only,N,Other,Cable Barrier,Off Roadway,Non-Junction,N,Not at Intersection,Turnpike/Toll,Paved,Wet,"Rut, Holes, Bumps", , ,Weather Conditions, , ,N,Y,Intermittent or Moving Work,Activity Area,N,N,0,0,1,0,0,0,0,0,0,0,0,0,0.000000000000000,0.000000000000000,0,0,3200,10000,"Mapped, On Network",-81.010228734300000,28.452558872200001,692207.483112000045367,497597.749086000025272,9/20/2019 12:03:02 PM,8091_5943
3644,3645,1,3644,36380,88132458,FHPD19OFF063640,FHP,Long,7/14/2019 0:00:00,07:23 PM,Orlando,Orange,SR 417,SR 408,4000,North,Off Road,2,0,0,1,N,N,N,2500.000000000000000,Clear,Daylight,0,Off Road,N,Injury,N,Other,Concrete Traffic Barrier,Off Roadway,Non-Junction,N,Not at Intersection,State,Paved,Dry,None, , ,None, , ,N,N, , , , ,0,0,0,0,0,0,0,1,0,0,0,0,1.000000000000000,0.000000000000000,0,0,0,2500,"Mapped, On Network",-81.263546207100006,28.552544328700002,667207.179633000050671,508124.174065000028349,9/27/2019 2:16:04 PM,11876_8570
3645,3646,1,3645,36464,89215667,2019-00293179,Orlando PD,Long,8/6/2019 0:00:00,05:55 PM,Orlando,Orange,SR 408 EBO,SR408 EBO EXIT RAMP TO US 441(S ORANGE BLOSSOM TR),1000,West,Rear End,2,0,0,2,N,Y,N,6000.000000000000000,Cloudy,Daylight,0,Rear End,E,Injury,Y,Front to Rear,Motor Vehicle in Transport,On Roadway,Non-Junction,N,Not at Intersection,State,Paved,Dry,None, , ,None, , ,N,Y,Work on Shoulder or Median,Activity Area, ,N,0,0,0,0,0,0,0,2,0,0,0,0,0.000000000000000,0.000000000000000,0,0,0,6000,"Mapped, On Network",-81.402843080899999,28.535332858899999,653647.542776999995112,505919.006090999988373,10/9/2019 11:15:33 AM,8169_8242
3646,3647,1,3646,36475,88916636,2019-00288239,Orlando PD,Long,8/2/2019 0:00:00,05:32 PM,Orlando,Orange,S.R 408,S BUMBY AVE,1000,East,Sideswipe,2,0,0,0,N,N,N,2000.000000000000000,Rain,Daylight,0,Same Direction Sideswipe, ,Property Damage Only,Y,"Sideswipe, Same Direction",Motor Vehicle in Transport,On Roadway,Non-Junction,N,Not at Intersection,State,Paved,Wet,None, , ,Weather Conditions, , ,N,N, , , , ,0,0,0,0,0,0,0,0,0,0,0,0,0.000000000000000,0.000000000000000,0,0,0,2000,"Mapped, On Network",-81.357434002700003,28.538193837700000,658074.872891000006348,506330.880777999991551,10/7/2019 11:16:37 AM,8311_6252
3647,3648,1,3647,36507,89118129,2019TA009593,Apopka PD,Long,7/25/2019 0:00:00,06:28 AM,Apopka,Orange,SR 429,CR 437,400,North,Off Road,1,0,0,1,N,N,N,5000.000000000000000,Rain,Dark - Lighted,0,Off Road,N,Injury,Y, ,Utility Pole/Light Support,Off Roadway,Non-Junction,N,Not at Intersection,State,Paved,Wet,Road Surface Condition,None, ,None, , ,N,N, , , , ,0,0,0,0,0,0,0,1,0,0,0,0,1.000000000000000,0.000000000000000,0,0,0,5000,"Mapped, On Network",-81.552657975000002,28.662053558000000,638738.790030000032857,519689.968878999992739,7/31/2019 4:55:23 PM,6016_6222
3648,3649,1,3648,36542,88176062,FHPD19OFF073105,FHP,Long,8/12/2019 0:00:00,04:20 PM,Orlando Expwy Auth,Orange,STATE ROAD 528,MM21.5,0, ,Off Road,1,0,0,1,N,N,N,24000.000000000000000,Rain,Daylight,0,Off Road,E,Injury,Y,Other,Bridge Rail,Off Roadway,Through Roadway,N,Not at Intersection,Turnpike/Toll,Paved,Wet,None, , ,None, , ,N,N, , , , ,0,0,0,0,0,0,0,0,1,0,0,0,0.000000000000000,0.000000000000000,0,1,1000,23000,"Mapped, On Network",-81.139575893400007,28.451501915400002,679570.685131000005640,497180.525014000013471,10/11/2019 11:11:14 AM,8101_6488