FID,OBJECTID_1,Join_Count,TARGET_FID,OBJECTID,HSMV_Repor,Agency_Rep,Reporting_,Form_Type,Crash_Date,Crash_Time,City,County,Crash_Stre,Intersecti,Offset_Dis,Offset_Dir,Crash_Type,Vehicles,Non_Motori,Fatalities,Injuries,Alcohol_Re,Distractio,Drug_Relat,Estimated_,Weather_Co,Light_Cond,Street_Num,Crash_Ty_1,Crash_Ty_2,Crash_Seve,Within_Cit,Manner_of_,First_Harm,First_HE_L,First_HE_R,First_HE_W,Type_of_In,Road_Sys_I,Type_of_Sh,Road_Surf_,Contrib_Ci,Contrib__1,Contrib__2,Contrib__3,Contrib__4,Contrib__5,School_Bus,Work_Zone_,Type_of_Wo,Loc_in_Wor,Workers_in,Law_Enforc,Mopeds,Motorcycle,Passengers,Bicyclists,Pedestrian,Fataliti_1,Injuries_U,Possible_I,Non_Incapa,Incapacita,Fataliti_2,Non_Traffi,Transporte,Transpor_1,Transpor_2,Citations,Property_D,Vehicle_Dm,S4_Mapping,S4_Decimal,S4_Decim_1,S4_Albers_,S4_Albers1,S4_Mappi_1,zone_id_st
3649,3650,1,3649,36543,88176061,FHPD19OFF072954,FHP,Short,8/12/2019 0:00:00,08:55 AM,Orlando Expwy Auth,Orange,STATE ROAD 528,MM 8,0, ,Sideswipe,2,0,0,0,N,N,N,300.000000000000000,Cloudy,Daylight,0,Same Direction Sideswipe,W,Property Damage Only,Y,"Sideswipe, Same Direction",Motor Vehicle in Transport,On Roadway,Through Roadway,N,Not at Intersection,Turnpike/Toll,Paved,Dry,None, , ,None, , ,N,N, , , , ,0,0,0,0,0,0,0,0,0,0,0,0,0.000000000000000,0.000000000000000,0,1,0,300,"Mapped, On Network",-81.192253007399998,28.451721775100001,674422.498192999977618,497086.608793999999762,10/11/2019 11:19:06 AM,8097_6953
3650,3651,1,3650,36544,88176059,FHPD19OFF072743,FHP,Long,8/11/2019 0:00:00,03:33 PM,Orlando Expwy Auth,Orange,STATE ROAD 417,MM8,100,South,Sideswipe,3,0,0,0,N,Y,N,2800.000000000000000,Rain,Daylight,0,Same Direction Sideswipe,S,Property Damage Only,Y,"Sideswipe, Same Direction",Motor Vehicle in Transport,On Roadway,Non-Junction,N,Not at Intersection,Turnpike/Toll,Curb,Wet,Road Surface Condition, , ,Weather Conditions, , ,N,N, , , , ,0,0,0,0,0,0,0,0,0,0,0,0,0.000000000000000,0.000000000000000,0,1,0,2800,"Mapped, On Network",-81.446819643799998,28.358445062099999,649759.958618000033312,486188.997062999987975,10/11/2019 11:21:22 AM,8292_6975
3651,3652,1,3651,36545,88176058,FHPD19OFF072445,FHP,Long,8/10/2019 0:00:00,03:30 PM,Orlando Expwy Auth,Orange,STATE ROAD 408,MM 21.5,0, ,Off Road,1,0,0,0,N,Y,N,1000.000000000000000,Rain,Daylight,0,Off Road,E,Property Damage Only,N,Other,Ditch,On Roadway,Non-Junction,N,Not at Intersection,Turnpike/Toll,Paved,Wet,None, , ,None, , ,N,Y,Intermittent or Moving Work,Activity Area,N,N,0,0,0,0,0,0,0,0,0,0,0,0,0.000000000000000,0.000000000000000,0,0,0,1000,"Mapped, On Network",-81.205114350499997,28.549770514300000,672918.903994000051171,507944.171298999979626,10/11/2019 11:23:08 AM,6921_8043
3652,3653,1,3652,36638,89215969,2019-00296805,Orlando PD,Long,8/9/2019 0:00:00,04:45 PM,Orlando,Orange,SR 408 WBO,SR 408 WB EXIT RAMP TO US 441(S ORANGE BLOSSOM TR),500,East,Off Road,1,0,0,1,N,Y,N,2000.000000000000000,Cloudy,Daylight,0,Off Road,W,Injury,Y,Other,Concrete Traffic Barrier,Shoulder,Entrance/Exit Ramp,N,Not at Intersection,State,Paved,Wet,None, , ,None, , ,N,Y,Work on Shoulder or Median,Activity Area, ,N,0,0,0,0,0,0,0,1,0,0,0,0,0.000000000000000,0.000000000000000,0,0,0,2000,"Mapped, On Network",-81.395141947400006,28.535267681400001,654399.703934999997728,505927.633433000009973,10/17/2019 1:42:47 PM,8272_8254
3653,3654,1,3653,36643,89213834,2019-00261762,Orlando PD,Long,7/12/2019 0:00:00,09:45 PM,Orlando,Orange,SR 408 WESTBOUND,ROSALIND AVENUE EXIT RAMP,500,East,Other,1,0,0,0,N,N,N,5000.000000000000000,Rain,Dark - Lighted,0,Single Vehicle,W,Property Damage Only,Y,"Sideswipe, Same Direction",Motor Vehicle in Transport,On Roadway,Non-Junction,N,Not at Intersection,Turnpike/Toll,Paved,Wet,"Rut, Holes, Bumps",Work Zone,Road Surface Condition,None, , ,N,Y,Other,Before the First Work Zone Warning Sign,N,N,0,0,0,0,0,0,0,0,0,0,0,0,0.000000000000000,0.000000000000000,0,0,0,5000,"Mapped, On Network",-81.372124151199998,28.537259685599999,656642.650982000050135,506196.502855999977328,7/25/2019 5:14:31 PM,8313_6737
3654,3655,1,3654,36683,88917647,2019-00260884,Orlando PD,Short,7/12/2019 0:00:00,08:40 AM,Orlando,Orange,SRO 408 WBO,I4,900,West,Rear End,2,0,0,1,N,N,N,5500.000000000000000,Clear,Daylight,0,Rear End,W,Injury,Y,Front to Rear,Motor Vehicle in Transport,On Roadway,Non-Junction,N,Not at Intersection,State,Paved,Dry,None,None, ,None, , ,N,N, , , , ,0,0,0,0,0,0,0,1,0,0,0,0,0.000000000000000,0.000000000000000,0,0,0,5500,"Mapped, On Network",-81.394258441800005,28.535106145200000,654486.356443000026047,505911.520883999997750,7/24/2019 11:31:00 AM,8248_8267
3655,3656,1,3655,36689,88138476,FHPD19OFF069377,FHP,Short,8/1/2019 0:00:00,05:11 PM,Orlando Expwy Auth,Orange,SR417,34MM,0, ,Rear End,2,0,0,0,N,N,N,5000.000000000000000,Cloudy,Daylight,0,Rear End,N,Property Damage Only,N,Front to Rear,Motor Vehicle in Transport,On Roadway,Non-Junction,N,Not at Intersection,Turnpike/Toll,Paved,Wet,None, , ,None, , ,N,N, , , , ,0,0,0,0,0,0,0,0,0,0,0,0,0.000000000000000,0.000000000000000,0,1,0,5000,"Mapped, On Network",-81.267227310400003,28.563506698000001,666820.811569000012241,509333.337651000008918,10/2/2019 11:42:13 AM,6966_8451
3656,3657,1,3656,36741,88119236,FHPD19OFF063759,FHP,Long,7/15/2019 0:00:00,10:09 AM,Orlando Expwy Auth,Orange,SR-408,DEAN ROAD,5280,West,Rear End,2,0,0,0,N,N,N,5600.000000000000000,Clear,Daylight,0,Rear End,E,Property Damage Only,N,Front to Rear,Motor Vehicle in Transport,On Roadway,Non-Junction,N,Not at Intersection,Turnpike/Toll,Paved,Dry,None, , ,None, , ,N,Y,Work on Shoulder or Median,Advance Warning Area,N,N,0,0,2,0,0,0,0,0,0,0,0,0,0.000000000000000,0.000000000000000,0,1,0,5600,"Mapped, On Network",-81.240346479899998,28.547097032800000,669485.729654000024311,507569.855872999993153,7/23/2019 2:19:33 PM,8009_6303
3657,3658,1,3657,36764,87250687,FHPD19OFF064768,FHP,Short,7/18/2019 0:00:00,10:56 AM,Unincorporated,Orange,STATE ROAD 417,MM33,0, ,Sideswipe,3,0,0,0,N,N,N,6500.000000000000000,Clear,Daylight,0,Same Direction Sideswipe,N,Property Damage Only,N,"Sideswipe, Same Direction",Motor Vehicle in Transport,On Roadway,Non-Junction,N,Not at Intersection,County,Curb,Dry,None, , ,None, , ,N,N, , , , ,0,0,0,0,0,0,0,0,0,0,0,0,0.000000000000000,0.000000000000000,0,0,0,6500,"Mapped, On Network",-81.250806537800003,28.531954362699999,668501.942078000050969,505865.775856000022031,8/7/2019 12:10:58 PM,6689_11878
3658,3659,1,3658,36765,87250685,FHPD19OFF064356,FHP,Short,7/17/2019 0:00:00,06:29 AM,Unincorporated,Orange,SR 528 EXIT RAMP WESTBOUND,SR417,0, ,Sideswipe,2,0,0,0,N,N,N,2000.000000000000000,Clear,Daylight,0,Same Direction Sideswipe,S,Property Damage Only,N,"Sideswipe, Same Direction",Motor Vehicle in Transport,On Roadway,Non-Junction,N,Not at Intersection,Interstate,Curb,Dry,None, , ,None, , ,N,N, , , , ,0,0,0,0,0,0,0,0,0,0,0,0,0.000000000000000,0.000000000000000,0,0,0,2000,"Mapped, On Network",-81.239181644499993,28.451182756800002,669837.918048999970779,496923.200515999982599,8/7/2019 12:12:42 PM,8074_8019
3659,3660,1,3659,36818,85579097,FHPD19OFF066988,FHP,Long,7/25/2019 0:00:00,11:57 AM,Unincorporated,Orange,STATE ROAD 408 EAST BOUND,STATE ROAD 417 EXIT RAMP,0,West,Off Road,1,0,0,0,N,N,N,10000.000000000000000,Rain,Daylight,0,Off Road,E,Property Damage Only,N,Other,Concrete Traffic Barrier,Shoulder,Non-Junction,N,Not at Intersection,State,Curb,Wet,None, , ,Weather Conditions, , ,N,N, , , , ,0,0,0,0,0,0,0,0,0,0,0,0,0.000000000000000,0.000000000000000,0,0,0,10000,"Mapped, On Network",-81.252469129700003,28.547581755700001,668300.925490000052378,507597.239697000011802,8/7/2019 12:15:19 PM,8013_8024
3660,3661,1,3660,36840,88027292,FHPD19OFF074744,FHP,Short,8/17/2019 0:00:00,04:25 PM,Orlando Expwy Auth,Orange,SR-417,LAKE NONA BLVD,5280,North,Other,1,0,0,0,N,N,N,1000.000000000000000,Clear,Daylight,0,Single Vehicle,N,Property Damage Only,N,Other,Other Non-Fixed Object,On Roadway,Non-Junction,N,Not at Intersection,Turnpike/Toll,Paved,Dry,Debris, , ,None, , ,N,N, , , , ,0,0,0,0,0,0,0,0,0,0,0,0,0.000000000000000,0.000000000000000,0,0,0,1000,"Mapped, On Network",-81.258334199999993,28.386643179400000,668125.631641000043601,489715.660855999973137,10/17/2019 2:18:33 PM,6701_5900
3661,3662,1,3661,36877,89215932,2019-00302898,Orlando PD,Short,8/14/2019 0:00:00,08:16 AM,Orlando,Orange,SR 408 WBO,I4 EBO EXIT RAMP,1000,West,Rear End,2,0,0,0,N,N,N,1000.000000000000000,Clear,Daylight,0,Rear End,W,Property Damage Only,Y,Front to Rear,Motor Vehicle in Transport,On Roadway,Non-Junction,N,Not at Intersection,State,Paved,Dry,None, , ,None, , ,N,N, , , , ,0,0,0,0,0,0,0,0,0,0,0,0,0.000000000000000,0.000000000000000,0,0,0,1000,"Mapped, On Network",-81.374098480000001,28.537193213599998,656450.021140999975614,506185.014992000011262,10/17/2019 2:40:45 PM,6737_6230
3662,3663,1,3662,36894,89213402,2019-00268118,Orlando PD,Long,7/17/2019 0:00:00,06:30 AM,Orlando,Orange,SR 417 CENTRAL FLORIDA GREENWAY NB,LAKE NONA BV,0, ,Other,2,0,0,0,N,N,N,500.000000000000000,Clear,Daylight,0,Other, ,Property Damage Only,Y,Other,Motor Vehicle in Transport,On Roadway,Non-Junction,N,Not at Intersection,Interstate,Unpaved,Dry,None, , ,None, , ,N,N, , , , ,0,0,0,0,0,0,0,0,0,0,0,0,0.000000000000000,0.000000000000000,0,0,0,500,"Mapped, On Network",-81.281853405400000,28.377252165600002,665848.894065000000410,488622.059697000018787,9/30/2019 11:33:27 AM,8600_8520
3663,3664,1,3663,36915,89214283,2019-00292409,Orlando PD,Long,8/6/2019 0:00:00,08:28 AM,Orlando,Orange,SR 408 WBO,N PRIMROSE DR,400,West,Sideswipe,2,0,0,0,N,N,N,1000.000000000000000,Clear,Daylight,0,Same Direction Sideswipe,W,Property Damage Only,Y,"Sideswipe, Same Direction",Motor Vehicle in Transport,On Roadway,Through Roadway,N,Not at Intersection,State,Paved,Dry,None, , ,None, , ,N,N, , , , ,0,0,0,0,0,0,0,0,0,0,0,0,0.000000000000000,0.000000000000000,0,0,0,1000,"Mapped, On Network",-81.349753927099997,28.538411386500002,658824.280012000002898,506371.131628000002820,9/20/2019 11:59:07 AM,6185_8318
3664,3665,1,3664,36916,89215563,2019-00286378,Orlando PD,Short,8/1/2019 0:00:00,08:29 AM,Orlando,Orange,SR 408 WEST,E. CRYSTAL LAKE DR. (EXIT RAMP),300,West,Rear End,2,0,0,0,N,Y,N,700.000000000000000,Clear,Daylight,0,Rear End,W,Property Damage Only,Y,Front to Rear,Motor Vehicle in Transport,On Roadway,Non-Junction,N,Not at Intersection,State,Paved,Dry,Other, , ,None, , ,N,N, , , , ,0,0,0,0,0,0,0,0,0,0,0,0,0.000000000000000,0.000000000000000,0,0,0,700,"Mapped, On Network",-81.340861740600005,28.538496386399999,659692.357210000045598,506399.264257000002544,10/1/2019 11:50:03 AM,8353_6185
3665,3666,1,3665,36917,89215602,2019-00287676,Orlando PD,Short,8/2/2019 0:00:00,07:35 AM,Orlando,Orange,SR 408 WEST,I4 EBO (ENTRANCE RAMP),50,East,Rear End,2,0,0,0,N,N,N,2200.000000000000000,Clear,Daylight,0,Rear End,W,Property Damage Only,Y,Front to Rear,Motor Vehicle in Transport,On Roadway,Non-Junction,N,Not at Intersection,State,Paved,Dry,None, , ,None, , ,N,N, , , , ,0,0,0,0,0,0,0,0,0,0,0,0,0.000000000000000,0.000000000000000,0,0,0,2200,"Mapped, On Network",-81.387088761399994,28.535281489999999,655186.056710000033490,505945.806142000015825,10/7/2019 10:59:36 AM,8272_8254
3666,3667,1,3666,36926,89215882,2019-00293071,Orlando PD,Short,8/6/2019 0:00:00,04:36 PM,Orlando,Orange,SR 408 EBO,I4 WBO (SR 400) ENTRANCE RAMP,300,East,Rear End,2,0,0,0,N,N,N,2000.000000000000000,Cloudy,Daylight,0,Rear End,E,Property Damage Only,Y,Front to Rear,Motor Vehicle in Transport,On Roadway,Non-Junction,N,Not at Intersection,State,Paved,Wet,Road Surface Condition, , ,None, , ,N,N, , , , ,0,0,0,0,0,0,0,0,0,0,0,0,0.000000000000000,0.000000000000000,0,0,0,2000,"Mapped, On Network",-81.384507810000002,28.535137944900001,655438.421773000038229,505935.211841000011191,10/9/2019 1:24:54 PM,6679_6276
3667,3668,1,3667,36928,89216127,2019-00296296,Orlando PD,Short,8/9/2019 0:00:00,09:00 AM,Orlando,Orange,STATE ROAD 408,MILLS AVENUE,200,West,Rear End,3,0,0,0,N,Y,N,12000.000000000000000,Clear,Daylight,0,Rear End,W,Property Damage Only,Y,Angle,Motor Vehicle in Transport,On Roadway,Non-Junction,N,Not at Intersection,State,Paved,Dry,None, , ,None, , ,N,N, , , , ,0,0,3,0,0,0,0,0,0,0,0,0,0.000000000000000,0.000000000000000,0,1,0,12000,"Mapped, On Network",-81.359457668399997,28.538274531599999,657877.078605000046082,506335.606703000026755,10/17/2019 1:57:07 PM,8318_8309
3668,3669,1,3668,36948,89118184,2019TA010037,Apopka PD,Long,8/3/2019 0:00:00,01:17 PM,Apopka,Orange,SR-429-TOLL,CR 437A,176,North,Rear End,2,0,0,0,N,N,N,1000.000000000000000,Clear,Daylight,0,Rear End,S,Property Damage Only,Y,"Sideswipe, Same Direction",Motor Vehicle in Transport,On Roadway,Entrance/Exit Ramp,N,Not at Intersection,State,Paved,Dry,None, , ,None, , ,N,N, , , , ,0,0,0,0,0,0,0,0,0,0,0,0,0.000000000000000,0.000000000000000,0,0,0,1000,"Mapped, On Network",-81.544256497000006,28.639046534900000,639609.126935999956913,517151.729958000010811,8/14/2019 4:26:01 PM,6255_8434
3669,3670,1,3669,36954,88097692,FHPD19OFF065610,FHP,Long,7/20/2019 0:00:00,08:05 PM,Orlando,Orange,STATE ROAD 528 EB,MM 20.5,0, ,Rear End,3,0,0,4,N,Y,N,41000.000000000000000,Clear,Dark - Lighted,0,Rear End,E,Injury,N,"Sideswipe, Same Direction",Motor Vehicle in Transport,On Roadway,Non-Junction,N,Not at Intersection,Turnpike/Toll,Paved,Dry,None, , ,None, , ,N,N, , , , ,0,0,4,0,0,0,0,0,4,0,0,0,4.000000000000000,0.000000000000000,0,2,20000,21000,"Mapped, On Network",-81.141023904099995,28.451483189899999,679429.233766000019386,497175.163977999996860,8/7/2019 11:43:26 AM,8101_6488
3670,3671,1,3670,36967,89118228,2019TA010746,Apopka PD,Long,8/19/2019 0:00:00,02:10 PM,Apopka,Orange,SR 429 TOLL,US 441,0,North,Off Road,1,0,0,0,N,N,N,11000.000000000000000,Clear,Daylight,0,Off Road,S,Property Damage Only,Y, ,Cable Barrier,Off Roadway,Through Roadway,N,Not at Intersection,State,Paved,Dry,None, , ,None, , ,N,N, , , , ,0,0,1,0,0,0,0,0,0,0,0,0,0.000000000000000,0.000000000000000,0,0,200,11000,"Mapped, On Network",-81.559305168199998,28.694853366499999,638018.349037999985740,523318.966408999986015,10/18/2019 10:34:30 AM,6116_5880
3671,3672,1,3671,36991,88111013,FHPK19OFF041604,FHP,Long,7/19/2019 0:00:00,01:06 PM,Winter Garden,Orange,STATE ROAD 429 (DANIEL WEBSTER WESTERN BY),MILE MARKER 12,0,South,Other,2,0,0,0,N,N,N,500.000000000000000,Cloudy,Daylight,0,Other,N,Property Damage Only,N,Other,Other Non-Fixed Object,On Roadway,Non-Junction,N,Not at Intersection,Turnpike/Toll,Paved,Dry,None, , ,None, , ,N,N, , , , ,0,0,1,0,0,0,0,0,0,0,0,0,0.000000000000000,0.000000000000000,0,1,0,500,"Mapped, On Network",-81.636313742599995,28.434609214300000,631063.301095000002533,494276.423091000004206,7/23/2019 2:56:34 PM,6244_9706
3672,3673,1,3672,37047,88124967,FHPD19OFF072931,FHP,Long,8/12/2019 0:00:00,07:43 AM,Orlando Expwy Auth,Orange,STATE ROAD 417 SB MM8,HUNTERS VISTA BLVD,0,North,Rear End,2,0,0,1,N,N,N,4000.000000000000000,Clear,Daylight,0,Rear End,S,Injury,Y,Front to Rear,Motor Vehicle in Transport,On Roadway,Non-Junction,N,Not at Intersection,Turnpike/Toll,Curb,Dry,None, , ,None, , ,N,N, , , , ,0,0,0,0,0,0,0,1,0,0,0,0,1.000000000000000,0.000000000000000,0,1,0,4000,"Mapped, On Network",-81.448114274700004,28.358180981800000,649633.938800000003539,486157.053958999982569,9/16/2019 12:50:01 PM,6975_6889
3673,3674,1,3673,37048,88124073,FHPD19OFF071421,FHP,Long,8/7/2019 0:00:00,04:43 PM,Orlando Expwy Auth,Orange,STATE ROAD 528 EASTBOUND,STATE ROAD 417 NORTHBOUND RAMP,0, ,Off Road,1,0,0,1,N,Y,N,10000.000000000000000,Rain,Daylight,0,Off Road,N,Injury,N,Other,Tree (standing),Off Roadway,Entrance/Exit Ramp,N,Not at Intersection,Turnpike/Toll,Paved,Wet,Road Surface Condition, , ,None, , ,N,N, , , , ,0,0,0,0,0,0,0,1,0,0,0,0,0.000000000000000,0.000000000000000,1,1,0,10000,"Mapped, On Network",-81.230452648599993,28.455461205199999,670680.262162999948487,497417.361045000026934,9/20/2019 1:39:54 PM,7993_7091
3674,3675,1,3674,37056,88119247,FHPD19OFF071313,FHP,Long,8/7/2019 0:00:00,12:13 PM,Orlando Expwy Auth,Orange,SR-528 EB,SR-417 NB,200,South,Off Road,1,0,0,0,N,N,N,4200.000000000000000,Cloudy,Daylight,0,Off Road,N,Property Damage Only,N,Other,Guardrail Face,Shoulder,Entrance/Exit Ramp,N,Not at Intersection,Turnpike/Toll,Paved,Dry,None, , ,None, , ,N,N, , , , ,0,0,0,0,0,0,0,0,0,0,0,0,0.000000000000000,0.000000000000000,0,1,200,4000,"Mapped, On Network",-81.231385070200005,28.458851921800001,670580.694031000020914,497791.780665999976918,9/20/2019 2:27:15 PM,6173_8544
3675,3676,1,3675,37097,88119251,FHPD19OFF072934,FHP,Long,8/12/2019 0:00:00,07:51 AM,Orlando Expwy Auth,Orange,SR-408,JOHNYOUNG PARKWAY,0,West,Rear End,2,0,0,1,N,N,N,2100.000000000000000,Clear,Daylight,0,Rear End,E,Injury,N,Front to Rear,Motor Vehicle in Transport,On Roadway,Non-Junction,N,Not at Intersection,Turnpike/Toll,Paved,Dry,None, , ,None, , ,N,N, , , , ,0,1,0,0,0,0,0,0,1,0,0,0,0.000000000000000,0.000000000000000,0,1,0,2100,"Mapped, On Network",-81.417275473199993,28.544923429699999,652215.925093000056222,506954.257815000019036,9/20/2019 2:12:42 PM,6011_8219
3676,3677,1,3676,37113,88193313,FHPD19OFF073132,FHP,Long,8/12/2019 0:00:00,05:03 PM,Orlando Expwy Auth,Orange,STATE ROAD 417 NORTHBOUND,MILE MARKER 14,0, ,Rear End,2,0,0,0,N,Y,N,8000.000000000000000,Cloudy,Daylight,0,Rear End,N,Property Damage Only,N,Front to Rear,Motor Vehicle in Transport,On Roadway,Non-Junction,N,Not at Intersection,Turnpike/Toll,Paved,Wet,None, , ,None, , ,N,N, , , , ,0,0,0,0,0,0,0,0,0,0,0,0,0.000000000000000,0.000000000000000,0,1,0,8000,"Mapped, On Network",-81.351399277699997,28.368906719400002,659067.910338000045158,487547.441636000003200,9/24/2019 11:40:21 AM,8466_7095
3677,3678,1,3677,37114,88193307,FHPD19OFF071724,FHP,Long,8/8/2019 0:00:00,03:07 PM,Orlando Expwy Auth,Orange,STATE ROAD 528 WESTBOUND,MILE MARKER 29,0, ,Off Road,1,0,0,0,N,Y,N,11920.000000000000000,Cloudy,Daylight,0,Off Road,W,Property Damage Only,N,Other,Cable Barrier,Off Roadway,Non-Junction,N,Not at Intersection,Turnpike/Toll,Paved,Wet,Work Zone, , ,Weather Conditions, , ,N,Y,Intermittent or Moving Work,Activity Area,N,N,0,0,0,0,0,0,0,0,0,0,0,0,0.000000000000000,0.000000000000000,0,0,1920,10000,"Mapped, On Network",-81.010032808899993,28.452551157799999,692226.649041000055149,497597.356880999985151,9/24/2019 11:42:12 AM,8091_5943
3678,3679,1,3678,37118,88124966,FHPD19OFF070988,FHP,Long,8/6/2019 0:00:00,10:45 AM,Orlando Expwy Auth,Orange,STATE ROAD 408 OFF RAMP EB,STATE ROAD 417,0, ,Other,2,0,0,1,N,N,N,10000.000000000000000,Cloudy,Daylight,0,Parked Vehicle,E,Injury,Y,Front to Rear,Motor Vehicle in Transport,Shoulder,Non-Junction,N,Not at Intersection,Turnpike/Toll,Paved,Dry,None, , ,None, , ,N,N, , , , ,0,0,0,0,0,0,1,0,0,1,0,0,1.000000000000000,0.000000000000000,0,0,0,10000,"Mapped, On Network",-81.267333390999994,28.547253932899999,666850.450799999991432,507528.588621000002604,9/16/2019 12:52:08 PM,8412_7015
3679,3680,1,3679,37173,88193314,FHPD19OFF073190,FHP,Short,8/12/2019 0:00:00,06:43 PM,Orlando Expwy Auth,Orange,STATE ROAD 417 SOUTHBOUND,MILE MARKER 15,0, ,Rear End,2,0,0,0,N,Y,N,600.000000000000000,Cloudy,Daylight,0,Rear End,S,Property Damage Only,N,Front to Rear,Motor Vehicle in Transport,On Roadway,Non-Junction,N,Not at Intersection,Turnpike/Toll,Paved,Wet,None, , ,None, , ,N,N, , , , ,0,0,3,0,0,0,0,0,0,0,0,0,0.000000000000000,0.000000000000000,0,1,0,600,"Mapped, On Network",-81.342001499399998,28.368239548199998,659988.591225999989547,487493.143510999972932,10/8/2019 1:34:50 PM,7095_6630
3680,3681,1,3680,37216,89214823,2019-00303211,Orlando PD,Long,8/14/2019 0:00:00,12:33 PM,Orlando,Orange,SR 408,S ORANGE AVE,2000,West,Off Road,1,0,0,1,N,N,N,5000.000000000000000,Rain,Daylight,0,Off Road,E,Injury,Y,Other,Guardrail Face,Shoulder,Non-Junction,N,Not at Intersection,State,Paved,Wet,None, , ,None, , ,N,N, , , , ,0,0,0,0,0,0,0,1,0,0,0,0,0.000000000000000,0.000000000000000,0,0,0,5000,"Mapped, On Network",-81.384290903400000,28.535120656600000,655459.643196000019088,505933.741628999996465,10/18/2019 9:38:26 AM,6679_6276
3681,3682,1,3681,37296,88093962,FHPK19OFF042817,FHP,Long,7/25/2019 0:00:00,07:40 AM,Ocoee,Orange,STATE ROAD 429,STATE ROAD 91 (FLORIDA TURNPIKE),5280,South,Off Road,1,0,0,0,N,N,N,2000.000000000000000,Rain,Daylight,0,Off Road,N,Property Damage Only,N,Other,Guardrail Face,Shoulder,Entrance/Exit Ramp,N,Not at Intersection,Turnpike/Toll,Paved,Wet,None, , ,None, , ,N,N, , , , ,0,0,0,0,0,0,0,0,0,0,0,0,0.000000000000000,0.000000000000000,0,0,500,1500,"Mapped, On Network",-81.556979592100006,28.537103818199999,638592.160705000045709,505808.003736999991816,8/5/2019 9:38:41 AM,6231_8470
3682,3683,1,3682,37393,89214504,2019-00267273,Orlando PD,Long,7/17/2019 0:00:00,07:41 AM,Orlando,Orange,SR408 WEST,S CRYSTAL LAKE DR EXIT RAMP,1000,East,Rear End,2,0,0,1,N,N,N,1500.000000000000000,Clear,Daylight,0,Rear End,W,Injury,Y,Front to Rear,Motor Vehicle in Transport,On Roadway,Non-Junction,N,Not at Intersection,State,Paved,Dry,None, , ,None, , ,N,N, , , , ,0,1,0,0,0,0,0,1,0,0,0,0,1.000000000000000,0.000000000000000,0,0,0,1500,"Mapped, On Network",-81.342517412600003,28.538538911100002,659530.586991999996826,506400.500126999977510,7/30/2019 9:50:11 AM,8353_6185
3683,3684,1,3683,37493,89214585,2019-00274181,Orlando PD,Long,7/22/2019 0:00:00,05:35 PM,Orlando,Orange,SR 408 (EAST BOUND),SR 17 (MILLS AVE.),300,East,Rear End,2,0,0,1,N,N,N,3000.000000000000000,Clear,Daylight,0,Rear End,W,Injury,Y,"Sideswipe, Same Direction",Motor Vehicle in Transport,On Roadway,Non-Junction,N,Not at Intersection,State,Paved,Dry,None, , ,None, , ,N,N, , , , ,0,0,0,0,0,0,0,1,0,0,0,0,0.000000000000000,0.000000000000000,0,0,0,3000,"Mapped, On Network",-81.363417489699998,28.537551282900001,657492.136073000030592,506247.029411000024993,8/1/2019 4:26:31 PM,8309_8313
3684,3685,1,3684,37494,89214544,2019-00261647,Orlando PD,Long,7/12/2019 0:00:00,08:01 PM,Orlando,Orange,SR 408 EBO,N BUMBY AVE,0, ,Other,2,0,0,1,N,N,N,2000.000000000000000,Rain,Dark - Lighted,0,Other, ,Injury,Y,Other,Motor Vehicle in Transport,On Roadway,Non-Junction,N,Not at Intersection,State,Paved,Wet,Road Surface Condition, , ,Weather Conditions, , ,N,N, , , , ,0,0,0,0,0,0,0,0,1,0,0,0,1.000000000000000,0.000000000000000,0,0,0,2000,"Mapped, On Network",-81.358108393899997,28.538136579400000,658009.157674000016414,506323.112159000011161,8/2/2019 10:45:21 AM,8315_8311
3685,3686,1,3685,37531,89214892,2019-00277489,Orlando PD,Long,7/25/2019 0:00:00,10:46 AM,Orlando,Orange,SR 528 WEST,S CONWAY RD EXIT,50,West,Off Road,1,0,0,2,N,N,N,8000.000000000000000,Rain,Daylight,0,Off Road,W,Injury,Y,Angle,Concrete Traffic Barrier,On Roadway,Non-Junction,N,Not at Intersection,State,Paved,Wet,Road Surface Condition, , ,Weather Conditions, , ,N,N, , , , ,0,0,1,0,0,0,0,2,0,0,0,0,2.000000000000000,0.000000000000000,0,0,0,8000,"Mapped, On Network",-81.326716487200002,28.451473650699999,661283.066135999979451,496766.990026000014041,8/7/2019 12:39:46 PM,6094_8344
3686,3687,1,3686,37605,88179213,FHPD19OFF068094,FHP,Short,7/28/2019 0:00:00,08:55 PM,Orlando,Orange,SR 528 (MARTIN ANDERSEN BEACHLINE EXPRESSWAY),MILE MARKER 24 (DALLAS BOULEVARD),500,East,Rear End,3,0,0,0,N,N,N,800.000000000000000,Cloudy,Dark - Not Lighted,0,Rear End,E,Property Damage Only,N,Front to Rear,Motor Vehicle in Transport,On Roadway,Non-Junction,N,Not at Intersection,State,Paved,Wet,None, , ,None, , ,N,N, , , , ,0,0,0,0,0,0,0,0,0,0,0,0,0.000000000000000,0.000000000000000,0,1,0,800,"Mapped, On Network",-81.092073416900007,28.451582713600001,684212.392993999994360,497298.084353999991436,8/14/2019 9:21:23 AM,8109_6321