FID,OBJECTID_1,Join_Count,TARGET_FID,OBJECTID,HSMV_Repor,Agency_Rep,Reporting_,Form_Type,Crash_Date,Crash_Time,City,County,Crash_Stre,Intersecti,Offset_Dis,Offset_Dir,Crash_Type,Vehicles,Non_Motori,Fatalities,Injuries,Alcohol_Re,Distractio,Drug_Relat,Estimated_,Weather_Co,Light_Cond,Street_Num,Crash_Ty_1,Crash_Ty_2,Crash_Seve,Within_Cit,Manner_of_,First_Harm,First_HE_L,First_HE_R,First_HE_W,Type_of_In,Road_Sys_I,Type_of_Sh,Road_Surf_,Contrib_Ci,Contrib__1,Contrib__2,Contrib__3,Contrib__4,Contrib__5,School_Bus,Work_Zone_,Type_of_Wo,Loc_in_Wor,Workers_in,Law_Enforc,Mopeds,Motorcycle,Passengers,Bicyclists,Pedestrian,Fataliti_1,Injuries_U,Possible_I,Non_Incapa,Incapacita,Fataliti_2,Non_Traffi,Transporte,Transpor_1,Transpor_2,Citations,Property_D,Vehicle_Dm,S4_Mapping,S4_Decimal,S4_Decim_1,S4_Albers_,S4_Albers1,S4_Mappi_1,zone_id_st
3687,3688,1,3687,37678,88060149,FHPK19OFF042387,FHP,Long,7/23/2019 0:00:00,09:50 AM,Winter Garden,Orange,STATE ROAD 429,MM 11,0, ,Off Road,1,0,0,1,N,N,N,3250.000000000000000,Clear,Daylight,0,Off Road,N,Injury,N,Other,Guardrail Face,Median,Non-Junction,N,Not at Intersection,State,Paved,Dry,None, , ,None, , ,N,N, , , , ,0,0,0,0,0,0,0,1,0,0,0,0,0.000000000000000,0.000000000000000,0,0,250,3000,"Mapped, On Network",-81.632764001599995,28.420911398699999,631439.466085999971256,492762.127279000007547,8/7/2019 9:45:50 AM,6244_9706
3688,3689,1,3688,37684,88124064,FHPD19OFF067485,FHP,Long,7/26/2019 0:00:00,04:19 PM,Orlando,Orange,STATE ROAD 417 SOUTHBOUND,MILE MARKER 10,0, ,Rear End,2,0,0,0,N,Y,N,4000.000000000000000,Clear,Daylight,0,Rear End,S,Property Damage Only,N,Front to Rear,Motor Vehicle in Transport,On Roadway,Non-Junction,N,Not at Intersection,Turnpike/Toll,Paved,Dry,None, , ,None, , ,N,N, , , , ,0,0,0,0,0,0,0,0,0,0,0,0,0.000000000000000,0.000000000000000,0,3,0,4000,"Mapped, On Network",-81.415556651000003,28.375404648699998,652778.284379999968223,488135.767989000014495,8/14/2019 10:25:43 AM,8107_8280
3689,3690,1,3689,37685,88124067,FHPD19OFF069018,FHP,Short,7/31/2019 0:00:00,04:29 PM,Orlando Expwy Auth,Orange,STATE ROAD 417 NORTHBOUND,MILE MARKER 6,0, ,Rear End,2,0,0,0,N,Y,N,6000.000000000000000,Clear,Daylight,0,Rear End,N,Property Damage Only,N,Front to Rear,Motor Vehicle in Transport,On Roadway,Non-Junction,N,Not at Intersection,Turnpike/Toll,Paved,Dry,None, , ,None, , ,N,N, , , , ,0,0,0,0,0,0,0,0,0,0,0,0,0.000000000000000,0.000000000000000,0,2,0,6000,"Mapped, On Network",-81.474676361899995,28.355976974699999,647040.924573000054806,485858.843624999979511,8/14/2019 10:28:27 AM,6071_8579
3690,3691,1,3690,37751,88138472,FHPD19OFF066710,FHP,Long,7/24/2019 0:00:00,04:44 PM,Orlando Expwy Auth,Orange,SR408,21MM,0, ,Rear End,5,0,0,0,N,N,N,17000.000000000000000,Cloudy,Daylight,0,Rear End,E,Property Damage Only,N,Front to Rear,Motor Vehicle in Transport,On Roadway,Non-Junction,N,Not at Intersection,Turnpike/Toll,Paved,Dry,None, , ,None, , ,N,N, , , , ,0,0,0,0,0,0,0,0,0,0,0,0,0.000000000000000,0.000000000000000,0,3,0,17000,"Mapped, On Network",-81.204093475899995,28.549788306000000,673018.529909000033513,507948.406468999979552,8/2/2019 11:47:32 AM,8041_6970
3691,3692,1,3691,37752,88138471,FHPD19OFF066719,FHP,Long,7/24/2019 0:00:00,05:00 PM,Orlando Expwy Auth,Orange,SR408,21MM,0, ,Rear End,2,0,0,2,N,N,N,5000.000000000000000,Cloudy,Daylight,0,Rear End,E,Injury,N,Front to Rear,Motor Vehicle in Transport,On Roadway,Non-Junction,N,Not at Intersection,Turnpike/Toll,Paved,Dry,None, , ,None, , ,N,N, , , , ,0,0,2,0,0,0,0,1,1,0,0,0,1.000000000000000,0.000000000000000,0,1,0,5000,"Mapped, On Network",-81.204121492200002,28.549783504200001,673015.806697000050917,507947.811309000011533,8/2/2019 11:48:58 AM,8041_6970
3692,3693,1,3692,37753,88137447,FHPD19OFF067781,FHP,Long,7/27/2019 0:00:00,04:13 PM,Orlando Expwy Auth,Orange,STATE RD 528,STATE RD 520,10560,West,Other,1,0,0,2,N,N,N,6000.000000000000000,Clear,Daylight,0,Single Vehicle,W,Injury,N,Other,Other Non-Collision,Shoulder,Non-Junction,N,Not at Intersection,Turnpike/Toll,Paved,Dry,None, , ,None, , ,N,Y,Work on Shoulder or Median,Activity Area,N,N,0,0,1,0,0,0,0,2,0,0,0,0,0.000000000000000,0.000000000000000,0,1,0,6000,"Mapped, On Network",-81.025948939700001,28.452468178400000,690671.598909000051208,497550.526998999994248,8/2/2019 11:51:05 AM,5943_6937
3693,3694,1,3693,37754,88137446,FHPD19OFF067429,FHP,Short,7/26/2019 0:00:00,02:35 PM,Orlando Expwy Auth,Orange,STATE RD 417,CURRY FORD RD,0,South,Sideswipe,2,0,0,0,N,N,N,500.000000000000000,Rain,Daylight,0,Same Direction Sideswipe,S,Property Damage Only,N,"Sideswipe, Same Direction",Motor Vehicle in Transport,On Roadway,Non-Junction,N,Not at Intersection,Turnpike/Toll,Paved,Wet,Road Surface Condition, , ,Weather Conditions, , ,N,N, , , , ,0,0,1,0,0,0,0,0,0,0,0,0,0.000000000000000,0.000000000000000,0,0,0,500,"Mapped, On Network",-81.247071833299998,28.508031967800001,668925.939143000054173,503217.849305999989156,8/2/2019 11:52:51 AM,8559_6030
3694,3695,1,3694,37755,88137445,FHPD19OFF065847,FHP,Short,7/21/2019 0:00:00,05:17 PM,Orlando Expwy Auth,Orange,STATE RD 417,STATE RD 408,100,South,Other,1,0,0,0,N,N,N,6500.000000000000000,Cloudy,Daylight,0,Single Vehicle,S,Property Damage Only,N,Other,Other Non-Collision,On Roadway,Entrance/Exit Ramp,Y,Not at Intersection,Turnpike/Toll,Paved,Wet,Road Surface Condition, , ,Weather Conditions, , ,N,Y,Work on Shoulder or Median,Activity Area,N,N,0,0,0,0,0,0,0,0,0,0,0,0,0.000000000000000,0.000000000000000,0,1,5000,1500,"Mapped, On Network",-81.257913740500001,28.547030530000001,667770.699112999951467,507524.203671000024769,8/2/2019 11:56:37 AM,8568_11875
3695,3696,1,3695,37777,88122468,FHPD19OFF068924,FHP,Short,7/31/2019 0:00:00,12:55 PM,Orlando Expwy Auth,Orange,NB SR-429,WEST ROAD,0,South,Rear End,2,0,0,0,N,N,N,20000.000000000000000,Cloudy,Daylight,0,Rear End,N,Property Damage Only,Y,Front to Front,Motor Vehicle in Transport,On Roadway,Non-Junction,N,Not at Intersection,Turnpike/Toll,Paved,Dry,None, , ,None, , ,N,N, , , , ,0,0,2,0,0,0,0,0,0,0,0,0,0.000000000000000,0.000000000000000,0,1,0,20000,"Mapped, On Network",-81.544531731000006,28.601066573899999,639666.257349999970756,512934.163506000011694,8/14/2019 10:41:52 AM,8389_8460
3696,3697,1,3696,37778,88124960,FHPD19OFF068575,FHP,Long,7/30/2019 0:00:00,09:35 AM,Orlando Expwy Auth,Orange,STATE ROAD 417 NB MM27,LEE VISTA BLVD,0,South,Other,1,0,0,0,N,N,N,3625.000000000000000,Clear,Daylight,0,Single Vehicle,N,Property Damage Only,Y,Other,"Struck by Falling, Shifting Cargo",On Roadway,Non-Junction,N,Not at Intersection,Turnpike/Toll,Paved,Dry,None, , ,None, , ,N,N, , , , ,0,0,0,0,0,0,0,0,0,0,0,0,0.000000000000000,0.000000000000000,0,0,625,3000,"Mapped, On Network",-81.238394912199993,28.473788696000000,669858.580863000010140,499434.826991999987513,8/14/2019 10:29:41 AM,8544_8386
3697,3698,1,3697,37779,88138473,FHPD19OFF069004,FHP,Short,7/31/2019 0:00:00,04:16 PM,Orlando Expwy Auth,Orange,SR417,14MM,0, ,Rear End,2,0,0,0,N,N,N,4000.000000000000000,Rain,Daylight,0,Rear End,S,Property Damage Only,N,Front to Rear,Motor Vehicle in Transport,On Roadway,Non-Junction,N,Not at Intersection,Turnpike/Toll,Paved,Wet,None, , ,None, , ,N,N, , , , ,0,0,0,0,0,0,0,0,0,0,0,0,0.000000000000000,0.000000000000000,0,1,0,4000,"Mapped, On Network",-81.351280815199999,28.369143731600001,659078.930416999966837,487574.006258999987040,8/14/2019 10:12:44 AM,6700_8484
3698,3699,1,3698,37834,89214638,2019-00268677,Orlando PD,Short,7/18/2019 0:00:00,07:44 AM,Orlando,Orange,SR 408 WEST,CONWAY RD (EXIT RAMP),200,West,Rear End,2,0,0,0,N,N,N,2300.000000000000000,Clear,Daylight,0,Rear End,W,Property Damage Only,Y,Front to Rear,Motor Vehicle in Transport,On Roadway,Non-Junction,N,Not at Intersection,State,Paved,Wet,None, , ,None, , ,N,N, , , , ,0,0,1,0,0,0,0,0,0,0,0,0,0.000000000000000,0.000000000000000,0,0,0,2300,"Mapped, On Network",-81.335351268099998,28.538478031699999,660230.472223000018857,506408.843065000022762,7/30/2019 12:13:41 PM,6177_8353
3699,3700,1,3699,37865,89213288,2019-00274773,Orlando PD,Long,7/23/2019 0:00:00,07:27 AM,Orlando,Orange,SR 408 EB,I4 EBO EXIT (SR 400),50,West,Rear End,2,0,0,0,N,N,N,7000.000000000000000,Clear,Daylight,0,Rear End,E,Property Damage Only,Y,Front to Rear,Motor Vehicle in Transport,On Roadway,Non-Junction,N,Not at Intersection,State,Paved,Dry,None, , ,None, , ,N,N, , , , ,0,0,1,0,0,0,0,0,0,0,0,0,0.000000000000000,0.000000000000000,0,0,0,7000,"Mapped, On Network",-81.389941750800006,28.535138234500000,654907.802125000045635,505923.999608999991324,8/5/2019 11:05:49 AM,8267_6679
3700,3701,1,3700,37889,84505761,FHPD19OFF069390,FHP,Long,8/1/2019 0:00:00,05:27 PM,Orlando,Orange,SR-528 (BEACHLINE),SR 520,10560,West,Rollover,1,0,0,1,N,N,N,10000.000000000000000,Cloudy,Daylight,0,Rollover,E,Injury,N,Other,Overturn/Rollover,Shoulder,Non-Junction,N,Not at Intersection,Turnpike/Toll,Paved,Wet,None, , ,None, , ,N,N, , , , ,0,0,0,0,0,0,0,1,0,0,0,0,0.000000000000000,0.000000000000000,0,0,0,10000,"Mapped, On Network",-81.003844806399997,28.452420139800001,692831.672628000029363,497597.490089000028092,8/28/2019 5:19:03 PM,7061_8083
3701,3702,1,3701,37947,89214447,2019-00268724,Orlando PD,Long,7/18/2019 0:00:00,08:24 AM,Orlando,Orange,SR 408 WBO,S SEMORAN EXIT RAMP,2640,East,Rear End,4,0,0,0,N,N,N,5750.000000000000000,Clear,Dawn,0,Rear End,W,Property Damage Only,Y,Front to Rear,Motor Vehicle in Transport,On Roadway,Non-Junction,N,Not at Intersection,Local,Curb,Dry,None, , ,None, , ,N,N, , , , ,0,0,0,0,0,0,0,0,0,0,0,0,0.000000000000000,0.000000000000000,0,0,0,5750,"Mapped, On Network",-81.307078437399994,28.539614307000001,662988.414046999998391,506594.983651000016835,7/30/2019 12:19:51 PM,6883_8376
3702,3703,1,3702,37949,89213255,2019-00266006,Orlando PD,Long,7/16/2019 0:00:00,09:22 AM,Orlando,Orange,STATE ROAD 408,NORTH CRYSTAL LAKE DRIVE,0, ,Rear End,2,0,0,0,N,Y,N,0.000000000000000,Clear,Daylight,0,Rear End,W,Property Damage Only,Y,Front to Rear,Motor Vehicle in Transport,On Roadway,Non-Junction,N,Not at Intersection,State,Curb,Dry,None, , ,None, , ,N,N, , , , ,0,0,0,0,0,0,0,0,0,0,0,0,0.000000000000000,0.000000000000000,0,0,0,0,"Mapped, On Network",-81.343664474099995,28.538463675199999,659418.761904999963008,506389.733064999978524,7/30/2019 11:04:05 AM,8353_6185
3703,3704,1,3703,37960,88105840,FHPK19OFF042389,FHP,Long,7/23/2019 0:00:00,10:13 AM,Winter Garden,Orange,STATE ROAD 429,NEW INDEPENDENCE PARKWAY,5280,North,Other,1,0,0,0,N,N,N,2500.000000000000000,Clear,Daylight,0,Single Vehicle,S,Property Damage Only,N,Other,Other Non-Fixed Object,On Roadway,Non-Junction,N,Not at Intersection,Turnpike/Toll,Paved,Dry,None, , ,None, , ,N,N, , , , ,0,0,0,0,0,0,0,0,0,0,0,0,0.000000000000000,0.000000000000000,0,0,0,2500,"Mapped, On Network",-81.626757967399996,28.487376943400001,631884.540344999986701,500153.473693999985699,8/7/2019 9:26:17 AM,6859_8039
3704,3705,1,3704,38057,88171797,FHPK19OFF042606,FHP,Long,7/24/2019 0:00:00,09:30 AM,Ocoee,Orange,STATE ROAD 429 (WESTERN BELTWAY),MILE MARKER 19,0, ,Sideswipe,2,0,0,0,N,N,N,500.000000000000000,Clear,Daylight,0,Same Direction Sideswipe,N,Property Damage Only,N,"Sideswipe, Same Direction",Motor Vehicle in Transport,On Roadway,Non-Junction,N,Not at Intersection,Turnpike/Toll,Paved,Dry,None, , ,None, , ,N,N, , , , ,0,0,0,0,0,0,0,0,0,0,0,0,0.000000000000000,0.000000000000000,0,0,0,500,"Mapped, On Network",-81.556955623299999,28.542642041200001,638582.316941000055522,506422.981545999995433,8/2/2019 11:29:53 AM,6274_6738
3705,3706,1,3705,38088,88064447,FHPK19OFF043823,FHP,Long,7/29/2019 0:00:00,11:30 AM,Winter Garden,Orange,STATE ROAD 429,SEIDEL ROAD,5280,South,Other,2,0,0,0,N,N,N,1500.000000000000000,Clear,Daylight,0,Other,N,Property Damage Only,N,Other,Other Non-Collision,On Roadway,Non-Junction,N,Not at Intersection,Turnpike/Toll,Paved,Dry,None, , ,None, , ,N,N, , , , ,0,0,0,0,0,0,0,0,0,0,0,0,0.000000000000000,0.000000000000000,0,0,0,1500,"Mapped, On Network",-81.633274081200000,28.422015210400001,631387.250246000010520,492883.733050999988336,8/13/2019 10:37:50 AM,6244_9706
3706,3707,1,3706,38114,89213868,2019-00269415,Orlando PD,Short,7/18/2019 0:00:00,05:37 PM,Orlando,Orange,STATE ROAD 408 EASTBOUND,S ORANGE AVENUE,0, ,Sideswipe,2,0,0,0,N,N,N,3000.000000000000000,Clear,Daylight,0,Same Direction Sideswipe,E,Property Damage Only,Y,"Sideswipe, Same Direction",Motor Vehicle in Transport,On Roadway,Non-Junction,N,Other,Interstate,Paved,Dry,None, , ,None, , ,N,N, , , , ,0,0,0,0,0,0,0,0,0,0,0,0,0.000000000000000,0.000000000000000,0,0,0,3000,"Mapped, On Network",-81.395841960799999,28.535108858099999,654331.720762999961153,505908.555148000014015,8/2/2019 10:49:37 AM,8242_8248
3707,3708,1,3707,38115,88917712,2019-00269464,Orlando PD,Long,7/19/2019 0:00:00,06:00 PM,Orlando,Orange,EW WBO,S MILLS AV,0,West,Sideswipe,2,0,0,0,N,N,N,1.000000000000000,Clear,Daylight,0,Same Direction Sideswipe, ,Property Damage Only,Y,"Sideswipe, Same Direction",Motor Vehicle in Transport,On Roadway,Non-Junction,N,Not at Intersection,Interstate,Paved,Dry,None, , ,None, , ,N,N, , , , ,0,0,0,0,0,0,0,0,0,0,0,0,0.000000000000000,0.000000000000000,0,0,0,1,"Mapped, On Network",-81.363412622499993,28.537195285100001,657493.456581000005826,506207.512963999994099,8/2/2019 10:55:43 AM,8305_8315
3708,3709,1,3708,38125,88122465,FHPD19OFF066589,FHP,Short,7/24/2019 0:00:00,10:50 AM,Orlando Expwy Auth,Orange,NB SR-429,PLANT STREET,0,South,Sideswipe,2,0,0,0,N,N,N,8000.000000000000000,Cloudy,Daylight,0,Same Direction Sideswipe,N,Property Damage Only,Y,"Sideswipe, Same Direction",Motor Vehicle in Transport,On Roadway,Non-Junction,N,Not at Intersection,Turnpike/Toll,Paved,Dry,None, , ,None, , ,N,N, , , , ,0,0,0,0,0,0,0,0,0,0,0,0,0.000000000000000,0.000000000000000,0,1,0,8000,"Mapped, On Network",-81.558246503800007,28.564335179200000,638408.568394999951124,508829.159999999974389,8/2/2019 12:20:31 PM,8500_8421
3709,3710,1,3709,38127,88124959,FHPD19OFF067260,FHP,Long,7/26/2019 0:00:00,06:35 AM,Orlando Expwy Auth,Orange,STATE ROAD 429 SB,WEST RD,0,North,Rollover,1,0,0,0,N,N,N,4000.000000000000000,Clear,Daylight,0,Rollover,S,Property Damage Only,Y,Other,Overturn/Rollover,On Roadway,Non-Junction,N,Not at Intersection,Turnpike/Toll,Paved,Dry,None, , ,None, , ,N,N, , , , ,0,0,1,0,0,0,0,0,0,0,0,0,0.000000000000000,0.000000000000000,0,0,0,4000,"Mapped, On Network",-81.537149736200007,28.608248322600002,640370.754008000018075,513745.944114000012632,8/2/2019 12:21:28 PM,8460_6069
3710,3711,1,3710,38128,88124063,FHPD19OFF067469,FHP,Short,7/26/2019 0:00:00,03:45 PM,Orlando,Orange,STATE ROAD 417 NORTHBOUND RAMP,WORLD DR,0, ,Sideswipe,2,0,0,0,N,Y,N,1500.000000000000000,Clear,Daylight,0,Same Direction Sideswipe,N,Property Damage Only,N,"Sideswipe, Same Direction",Motor Vehicle in Transport,On Roadway,Entrance/Exit Ramp,N,Not at Intersection,Turnpike/Toll,Paved,Dry,None, , ,None, , ,N,N, , , , ,0,0,5,0,0,0,0,0,0,0,0,0,0.000000000000000,0.000000000000000,0,1,0,1500,"Mapped, On Network",-81.476529250300004,28.356290912700000,646858.976832999964245,485889.990671999985352,8/2/2019 12:22:46 PM,8581_7010
3711,3712,1,3711,38129,88122466,FHPD19OFF066876,FHP,Short,7/25/2019 0:00:00,07:35 AM,Orlando Expwy Auth,Orange,SB SR-429,WEST ROAD,0,South,Rear End,3,0,0,0,N,N,N,4700.000000000000000,Cloudy,Daylight,0,Rear End,S,Property Damage Only,Y,Front to Rear,Motor Vehicle in Transport,On Roadway,Non-Junction,N,Not at Intersection,Turnpike/Toll,Paved,Wet,None, , ,None, , ,N,N, , , , ,0,0,0,0,0,0,0,0,0,0,0,0,0.000000000000000,0.000000000000000,0,1,0,4700,"Mapped, On Network",-81.552630522900003,28.598252357000000,638882.080135000054725,512605.976995999983046,8/2/2019 12:24:10 PM,8393_6248
3712,3713,1,3712,38184,87291338,FHPK19OFF042362,FHP,Short,7/23/2019 0:00:00,07:10 AM,Unincorporated,Orange,STATE ROAD 429 (WESTERN BELTWAY),STONEYBROOK WEST PARKWAY,10560,South,Rear End,2,0,0,0,N,N,N,3000.000000000000000,Clear,Daylight,0,Rear End,S,Property Damage Only,N,Front to Rear,Motor Vehicle in Transport,On Roadway,Non-Junction,N,Not at Intersection,Turnpike/Toll,Paved,Dry,None, , ,None, , ,N,N, , , , ,0,0,1,0,0,0,0,0,0,0,0,0,0.000000000000000,0.000000000000000,0,1,0,3000,"Mapped, On Network",-81.626611588800003,28.487565657200001,631898.437584999948740,500174.702930000028573,8/7/2019 10:00:28 AM,6859_8039
3713,3714,1,3713,38191,88119243,FHPD19OFF066520,FHP,Long,7/24/2019 0:00:00,06:26 AM,Orlando Expwy Auth,Orange,SR-417,ECONLOCKHATCHEE TRAIL,60,North,Rear End,2,0,0,1,N,N,N,4200.000000000000000,Clear,Dark - Lighted,0,Rear End,S,Injury,N,Front to Rear,Motor Vehicle in Transport,On Roadway,Non-Junction,N,Not at Intersection,Turnpike/Toll,Paved,Dry,None, , ,None, , ,N,Y,Work on Shoulder or Median,Activity Area,N,N,0,0,0,0,0,0,0,1,0,0,0,0,0.000000000000000,0.000000000000000,0,1,0,4200,"Mapped, On Network",-81.257827210200006,28.584748503000000,667686.008079000050202,511712.149290999979712,8/2/2019 12:26:57 PM,8456_6789
3714,3715,1,3714,38234,88124068,FHPD19OFF069050,FHP,Short,7/31/2019 0:00:00,05:27 PM,Orlando Expwy Auth,Orange,STATA ROAD 417 NORTHBOUND,MILE MARKER 11,0, ,Rear End,2,0,0,0,N,Y,N,1100.000000000000000,Clear,Daylight,0,Rear End,N,Property Damage Only,N,Front to Rear,Motor Vehicle in Transport,On Roadway,Non-Junction,N,Not at Intersection,Turnpike/Toll,Paved,Dry,None, , ,None, , ,N,N, , , , ,0,0,0,0,0,0,0,0,0,0,0,0,0.000000000000000,0.000000000000000,0,1,0,1100,"Mapped, On Network",-81.399291108699998,28.370727757299999,654379.896784999989904,487649.930157999973744,8/14/2019 10:31:43 AM,7090_8283
3715,3716,1,3715,38235,88124066,FHPD19OFF069013,FHP,Short,7/31/2019 0:00:00,04:20 PM,Orlando Expwy Auth,Orange,SATE ROAD 417 NORTHBOUND,MILE MARKER 6,0, ,Rear End,3,0,0,0,N,Y,N,4500.000000000000000,Clear,Daylight,0,Rear End,N,Property Damage Only,N,Front to Rear,Motor Vehicle in Transport,On Roadway,Non-Junction,N,Not at Intersection,Turnpike/Toll,Paved,Dry,None, , ,None, , ,N,N, , , , ,0,0,1,0,0,0,0,0,0,0,0,0,0.000000000000000,0.000000000000000,0,1,0,4500,"Mapped, On Network",-81.474140844000004,28.355771907000001,647093.770981000037864,485837.147185000008903,8/14/2019 10:32:45 AM,6071_8579
3716,3717,1,3716,38237,88124055,FHPD19OFF064107,FHP,Long,7/16/2019 0:00:00,10:34 AM,Orlando Expwy Auth,Orange,STATE ROAD 417 SOUTHBOUND,MILE MARKER 16,0, ,Rear End,2,0,0,2,N,Y,N,19000.000000000000000,Clear,Daylight,0,Rear End,S,Injury,N,Front to Rear,Motor Vehicle in Transport,On Roadway,Non-Junction,N,Not at Intersection,Turnpike/Toll,Paved,Dry,None, , ,None, , ,N,N, , , , ,0,0,1,0,0,0,0,2,0,0,0,0,2.000000000000000,0.000000000000000,0,1,0,19000,"Mapped, On Network",-81.318551099800004,28.367589901999999,662283.569657000014558,487470.672393999993801,8/14/2019 10:35:15 AM,8482_6618
3717,3718,1,3717,38238,88122467,FHPD19OFF068615,FHP,Long,7/30/2019 0:00:00,12:00 PM,Orlando Expwy Auth,Orange,WB SR-408,DEAN RD,5280,East,Sideswipe,2,0,0,0,N,N,N,1000.000000000000000,Cloudy,Daylight,0,Same Direction Sideswipe,W,Property Damage Only,Y,"Sideswipe, Same Direction",Motor Vehicle in Transport,On Roadway,Non-Junction,N,Not at Intersection,Turnpike/Toll,Paved,Dry,None, , ,None, , ,N,N, , , , ,0,0,0,0,0,0,0,0,0,0,0,0,0.000000000000000,0.000000000000000,0,1,0,1000,"Mapped, On Network",-81.247856395599996,28.547515256099999,668751.456666999962181,507599.900938000006136,8/14/2019 10:43:06 AM,8013_8024
3718,3719,1,3718,38241,88124062,FHPD19OFF067411,FHP,Long,7/26/2019 0:00:00,02:01 PM,Orlando Expwy Auth,Orange,STATE ROAD 408 WESTBOUND,MILE MARKER 4,0, ,Rear End,2,0,0,0,N,Y,N,14100.000000000000000,Rain,Daylight,0,Rear End,W,Property Damage Only,N,Front to Rear,Motor Vehicle in Transport,On Roadway,Non-Junction,N,Not at Intersection,Turnpike/Toll,Paved,Wet,None, , ,None, , ,N,N, , , , ,0,0,0,0,0,0,0,0,0,0,0,0,0.000000000000000,0.000000000000000,0,1,1100,13000,"Mapped, On Network",-81.476721902999998,28.548490528300000,646403.399209999945015,507230.134751999983564,8/14/2019 10:37:52 AM,8210_8148
3719,3720,1,3719,38257,88138474,FHPD19OFF069044,FHP,Long,7/31/2019 0:00:00,05:22 PM,Orlando Expwy Auth,Orange,SR528,13MM,0, ,Off Road,1,0,0,0,N,N,N,5600.000000000000000,Rain,Daylight,0,Off Road,W,Property Damage Only,N,Other,Guardrail Face,Off Roadway,Non-Junction,N,Not at Intersection,Turnpike/Toll,Paved,Wet,None, , ,None, , ,N,N, , , , ,0,0,0,0,0,0,0,0,0,0,0,0,0.000000000000000,0.000000000000000,0,1,600,5000,"Mapped, On Network",-81.273538182199999,28.448633273799999,666486.775877999956720,496565.421519999974407,8/14/2019 10:13:54 AM,8055_6665
3720,3721,1,3720,38317,88174932,FHPD19OFF067221,FHP,Long,7/25/2019 0:00:00,11:45 PM,Unincorporated,Orange,STATE ROAD 408 (EAST-WEST EXPRESSWAY),STATE ROAD 551 (GOLDENROD ROAD),1000,West,Sideswipe,2,0,0,1,N,N,N,2000.000000000000000,Cloudy,Dark - Lighted,0,Same Direction Sideswipe,W,Injury,N,"Sideswipe, Same Direction",Motor Vehicle in Transport,On Roadway,Non-Junction,N,Not at Intersection,Turnpike/Toll,Paved,Wet,None, , ,None, , ,N,N, , , , ,0,0,2,0,0,0,0,1,0,0,0,0,0.000000000000000,0.000000000000000,0,1,0,2000,"Mapped, On Network",-81.289872051100005,28.539864959999999,664667.893583999946713,506659.626082999981008,8/14/2019 9:27:12 AM,8427_6883
3721,3722,1,3721,38336,88137451,FHPD19OFF068405,FHP,Short,7/29/2019 0:00:00,05:15 PM,Orlando Expwy Auth,Orange,STATE RD 417,CURRY FORD RD,0,North,Rear End,2,0,0,0,N,N,N,3500.000000000000000,Rain,Daylight,0,Rear End,N,Property Damage Only,N,Front to Rear,Motor Vehicle in Transport,On Roadway,Non-Junction,N,Not at Intersection,Turnpike/Toll,Paved,Wet,Road Surface Condition, , ,Weather Conditions, , ,N,N, , , , ,0,0,0,0,0,0,0,0,0,0,0,0,0.000000000000000,0.000000000000000,0,1,0,3500,"Mapped, On Network",-81.250630432600005,28.520134696000000,668548.402436999953352,504553.840974999999162,8/14/2019 10:15:28 AM,8553_6689
3722,3723,1,3722,38338,88137448,FHPD19OFF067816,FHP,Long,7/27/2019 0:00:00,05:41 PM,Orlando Expwy Auth,Orange,STATE RD 408,OLD WINTER GARDEN RD,600,East,Other,1,0,0,1,N,N,N,16500.000000000000000,Clear,Daylight,0,Single Vehicle,W,Injury,N,Other,Other Non-Collision,On Roadway,Non-Junction,N,Not at Intersection,Turnpike/Toll,Paved,Dry,None, , ,None, , ,N,N, , , , ,0,0,0,0,0,0,0,1,0,0,0,0,0.000000000000000,0.000000000000000,0,1,10000,6500,"Mapped, On Network",-81.513941526200000,28.544783347199999,642777.620563999982551,506744.691674000001512,8/14/2019 10:19:45 AM,8116_6273
3723,3724,1,3723,38370,88162637,FHPD19OFF063478,FHP,Long,7/14/2019 0:00:00,02:35 AM,Orlando,Orange,STATE ROAD 417 SB (CENTRAL FLORIDA PARKWAY),MILE MARKER 24 (DOWDEN ROAD),500,North,Other,5,0,0,0,N,N,N,3000.000000000000000,Clear,Dark - Lighted,0,Other,S,Property Damage Only,N,Other,Motor Vehicle in Transport,On Roadway,Non-Junction,N,Not at Intersection,State,Curb,Dry,None, , ,None, , ,N,N, , , , ,0,0,0,0,0,0,0,0,0,0,0,0,0.000000000000000,0.000000000000000,0,0,0,3000,"Mapped, On Network",-81.229440501300004,28.435901350200002,670827.967964999959804,495247.882548000023235,10/2/2019 9:24:45 AM,7999_8391
3724,3725,1,3724,38458,89215012,2019-00277360,Orlando PD,Long,7/25/2019 0:00:00,08:56 AM,Orlando,Orange,SR 408 WBO,I4 EBO (SR 400),200,East,Rear End,2,0,0,1,N,N,N,3000.000000000000000,Clear,Daylight,0,Rear End,W,Injury,Y,Front to Rear,Motor Vehicle in Transport,On Roadway,Non-Junction,N,Not at Intersection,State,Paved,Dry,None, , ,None, , ,N,N, , , , ,0,0,0,0,0,0,0,1,0,0,0,0,1.000000000000000,0.000000000000000,0,0,0,3000,"Mapped, On Network",-81.385517109000006,28.535257058300001,655339.584314999985509,505946.346810000017285,8/5/2019 10:56:47 AM,8274_8272