FID,OBJECTID_1,Join_Count,TARGET_FID,OBJECTID,HSMV_Repor,Agency_Rep,Reporting_,Form_Type,Crash_Date,Crash_Time,City,County,Crash_Stre,Intersecti,Offset_Dis,Offset_Dir,Crash_Type,Vehicles,Non_Motori,Fatalities,Injuries,Alcohol_Re,Distractio,Drug_Relat,Estimated_,Weather_Co,Light_Cond,Street_Num,Crash_Ty_1,Crash_Ty_2,Crash_Seve,Within_Cit,Manner_of_,First_Harm,First_HE_L,First_HE_R,First_HE_W,Type_of_In,Road_Sys_I,Type_of_Sh,Road_Surf_,Contrib_Ci,Contrib__1,Contrib__2,Contrib__3,Contrib__4,Contrib__5,School_Bus,Work_Zone_,Type_of_Wo,Loc_in_Wor,Workers_in,Law_Enforc,Mopeds,Motorcycle,Passengers,Bicyclists,Pedestrian,Fataliti_1,Injuries_U,Possible_I,Non_Incapa,Incapacita,Fataliti_2,Non_Traffi,Transporte,Transpor_1,Transpor_2,Citations,Property_D,Vehicle_Dm,S4_Mapping,S4_Decimal,S4_Decim_1,S4_Albers_,S4_Albers1,S4_Mappi_1,zone_id_st
3725,3726,1,3725,38487,88094305,FHPK19OFF046020,FHP,Long,8/8/2019 0:00:00,12:10 PM,Orlando,Orange,STATE ROAD 528,BOGGY CREEK RD,200,East,Sideswipe,2,0,0,1,N,N,N,500.000000000000000,Cloudy,Daylight,0,Same Direction Sideswipe,E,Injury,N,"Sideswipe, Same Direction",Motor Vehicle in Transport,On Roadway,Entrance/Exit Ramp,N,Not at Intersection,Turnpike/Toll,Paved,Wet,None, , ,None, , ,N,N, , , , ,0,1,0,0,0,0,0,1,0,0,0,0,1.000000000000000,0.000000000000000,0,1,0,500,"Mapped, On Network",-81.345457970699997,28.450729128100001,659453.362957000033930,496644.754183000011835,9/17/2019 1:41:27 PM,8327_8331
3726,3727,1,3726,38581,89214435,2019-00278255,Orlando PD,Long,7/25/2019 0:00:00,10:15 PM,Orlando,Orange,EW WBO,SR 441,200,West,Off Road,1,0,0,2,N,N,N,8000.000000000000000,Rain,Dark - Lighted,0,Off Road,W,Injury,Y,Other,Concrete Traffic Barrier,On Roadway,Non-Junction,N,Not at Intersection,Turnpike/Toll,Paved,Wet,None, , ,Weather Conditions, , ,N,N, , , , ,0,0,1,0,0,0,0,2,0,0,0,0,1.000000000000000,0.000000000000000,0,0,0,8000,"Mapped, On Network",-81.395786480900000,28.535213933500000,654336.891911000013351,505920.336216999974567,8/13/2019 12:18:08 PM,8254_8252
3727,3728,1,3727,38695,88016524,FHPK19OFF048672,FHP,Short,8/21/2019 0:00:00,07:26 AM,Unincorporated,Orange,STATE ROAD 429 (WESTERN BELTWAY),COUNTY ROAD 535 (DANIELS ROAD),5280,North,Rear End,2,0,0,0,N,N,N,3000.000000000000000,Clear,Daylight,0,Rear End,N,Property Damage Only,N,Front to Rear,Motor Vehicle in Transport,On Roadway,Non-Junction,N,Not at Intersection,State,Paved,Dry,None, , ,None, , ,N,N, , , , ,0,0,0,0,0,0,0,0,0,0,0,0,0.000000000000000,0.000000000000000,0,1,0,3000,"Mapped, On Network",-81.572964511799995,28.526145705200001,637055.181612999993376,504560.449139999982435,10/24/2019 1:32:12 PM,8462_6231
3728,3729,1,3728,38768,89213728,2019-00254893,Orlando PD,Long,7/7/2019 0:00:00,05:25 PM,Orlando,Orange,SR 408 (EW EBO),MILLS AV,0,West,Other,1,0,0,1,N,N,N,5000.000000000000000,Rain,Daylight,0,Single Vehicle,E,Injury,Y,Other,Motor Vehicle in Transport,On Roadway,Non-Junction,N,Not at Intersection,State,Paved,Wet,None, , ,None, , ,N,N, , , , ,0,0,1,0,0,0,0,1,0,0,0,0,1.000000000000000,0.000000000000000,0,0,0,5000,"Mapped, On Network",-81.358108036100006,28.538144110000001,658009.174697999958880,506323.949043000000529,7/24/2019 3:08:49 PM,8315_8311
3729,3730,1,3729,38778,88199815,FHPD19OFF082626,FHP,Long,9/11/2019 0:00:00,07:34 PM,Unincorporated,Orange,STATE ROAD 528,STATE ROAD 520,10560,West,Off Road,1,0,0,1,N,Y,N,6000.000000000000000,Rain,Daylight,0,Off Road,W,Injury,N,Other,Guardrail Face,Median,Non-Junction,N,Not at Intersection,State,Paved,Wet,None, , ,None, , ,N,N, , , , ,0,0,0,0,0,0,0,0,1,0,0,0,1.000000000000000,0.000000000000000,0,0,0,6000,"Mapped, On Network",-80.985276140200000,28.452666004899999,694645.468448000028729,497669.017983999976423,11/8/2019 1:13:50 PM,8091_5943
3730,3731,1,3730,38781,87250692,FHPD19OFF082426,FHP,Short,9/11/2019 0:00:00,11:35 AM,Unincorporated,Orange,SR528,MM26,0, ,Sideswipe,2,0,0,0,N,N,N,1600.000000000000000,Clear,Daylight,0,Same Direction Sideswipe,S,Property Damage Only,N,"Sideswipe, Same Direction",Motor Vehicle in Transport,On Roadway,Non-Junction,N,Not at Intersection,Interstate,Paved,Dry,None, , ,None, , ,N,N, , , , ,0,0,0,0,0,0,0,0,0,0,0,0,0.000000000000000,0.000000000000000,0,1,0,1600,"Mapped, On Network",-81.232925196599993,28.461364496900000,670423.939702000003308,498067.369545000023209,11/8/2019 2:18:00 PM,8546_7092
3731,3732,1,3731,38782,87250691,FHPD19OFF078118,FHP,Long,8/28/2019 0:00:00,10:08 AM,Orlando,Orange,SR 528,MM21,0, ,Head On,2,0,0,1,N,N,N,25000.000000000000000,Cloudy,Daylight,0,Head On,EW,Injury,N,Front to Front,Motor Vehicle in Transport,On Roadway,Non-Junction,N,Not at Intersection,County,Curb,Wet,None, , ,None, , ,N,N, , , , ,0,0,0,0,0,0,0,0,0,1,0,0,1.000000000000000,0.000000000000000,0,1,0,25000,"Mapped, On Network",-81.142161523900000,28.451666995099998,679317.592514000018127,497192.993934999976773,11/7/2019 4:59:23 PM,6073_8099
3732,3733,1,3732,38783,87246749,FHPD19OFF082748,FHP,Short,9/12/2019 0:00:00,08:49 AM,Orlando,Orange,MILE 23 SR-528-TOLL E,MM 25,0, ,Other,1,0,0,0,N,N,N,650.000000000000000,Cloudy,Daylight,0,Single Vehicle,W,Property Damage Only,Y,Other,Cargo/Equipment Loss or Shift,On Roadway,Through Roadway,N,Not at Intersection,Turnpike/Toll,Paved,Dry,None, , ,None, , ,N,N, , , , ,0,0,0,0,0,0,0,0,0,0,0,0,0.000000000000000,0.000000000000000,0,0,0,650,"Mapped, On Network",-81.109422894100007,28.451491685400001,682517.253382000024430,497248.110438000003342,11/8/2019 2:22:22 PM,6073_8099
3733,3734,1,3733,38826,88021174,FHPK19OFF053074,FHP,Long,9/12/2019 0:00:00,07:35 AM,Unincorporated,Orange,STATE ROAD 429 (WESTERN BELTWAY),WINTER GARDEN VINELAND ROAD,5280,South,Rear End,2,0,0,0,N,N,N,1100.000000000000000,Clear,Daylight,0,Rear End,S,Property Damage Only,N,"Sideswipe, Same Direction",Motor Vehicle in Transport,On Roadway,Non-Junction,N,Not at Intersection,State,Paved,Dry,None, , ,None, , ,N,N, , , , ,0,0,1,0,0,0,0,0,0,0,0,0,0.000000000000000,0.000000000000000,0,2,0,1100,"Mapped, On Network",-81.609825895300006,28.507869435700002,633494.622550999978557,502460.817316000000574,10/30/2019 2:46:58 PM,6233_6759
3734,3735,1,3734,38871,88016525,FHPK19OFF048685,FHP,Long,8/21/2019 0:00:00,08:39 AM,Unincorporated,Orange,STATE ROAD 429 (WESTERN BELTWAY),COUNTY ROAD 525 (DANIELS ROAD),5280,North,Rear End,3,0,0,1,N,Y,N,9000.000000000000000,Clear,Daylight,0,Rear End,N,Injury,N,Front to Rear,Motor Vehicle in Transport,On Roadway,Non-Junction,N,Not at Intersection,State,Paved,Dry,None, , ,None, , ,N,N, , , , ,0,0,0,0,0,0,0,1,0,0,0,0,0.000000000000000,0.000000000000000,0,1,0,9000,"Mapped, On Network",-81.573641347700004,28.525835072000000,636989.760477000032552,504524.657195999985561,10/24/2019 1:33:32 PM,8462_6231
3735,3736,1,3735,38879,88137459,FHPD19OFF073963,FHP,Long,8/15/2019 0:00:00,08:28 AM,Orlando Expwy Auth,Orange,STATE RD 408,STATE RD 417,20,West,Other,2,0,0,0,N,N,N,3500.000000000000000,Cloudy,Daylight,0,Other,E,Property Damage Only,N,Other,Other Non-Collision,On Roadway,Non-Junction,N,Not at Intersection,Turnpike/Toll,Paved,Dry,None, , ,None, , ,N,Y,Work on Shoulder or Median,Activity Area,Y,N,0,0,0,0,0,0,0,0,0,0,0,0,0.000000000000000,0.000000000000000,0,1,0,3500,"Mapped, On Network",-81.258525964800000,28.547231464700001,667710.427877999958582,507545.183855000010226,10/18/2019 12:40:42 PM,8033_8027
3736,3737,1,3736,38880,88137458,FHPD19OFF073939,FHP,Long,8/15/2019 0:00:00,07:33 AM,Orlando Expwy Auth,Orange,STATE RD 417,WORLD CENTER DR,10560,North,Sideswipe,2,0,0,0,N,N,N,30.000000000000000,Clear,Daylight,0,Same Direction Sideswipe,S,Property Damage Only,N,"Sideswipe, Same Direction",Motor Vehicle in Transport,On Roadway,Non-Junction,N,Not at Intersection,Turnpike/Toll,Paved,Dry,None, , ,None, , ,N,N, , , , ,0,0,0,0,0,0,0,0,0,0,0,0,0.000000000000000,0.000000000000000,0,1,0,30,"Mapped, On Network",-81.465763664999997,28.354318642100001,647916.475238000042737,485692.600068000028841,10/18/2019 12:43:34 PM,6071_8579
3737,3738,1,3737,38881,88122475,FHPD19OFF075274,FHP,Short,8/19/2019 0:00:00,03:55 PM,Orlando Expwy Auth,Orange,EB SR-408,SR-434,0,West,Sideswipe,2,0,0,0,N,N,N,10000.000000000000000,Rain,Daylight,0,Same Direction Sideswipe,E,Property Damage Only,Y,"Sideswipe, Same Direction",Motor Vehicle in Transport,On Roadway,Non-Junction,N,Not at Intersection,Turnpike/Toll,Paved,Wet,None, , ,None, , ,N,Y,Work on Shoulder or Median,Activity Area,Y,N,0,0,0,0,0,0,0,0,0,0,0,0,0.000000000000000,0.000000000000000,0,1,0,10000,"Mapped, On Network",-81.210245482700003,28.548550172100001,672421.003333000000566,507797.334150000009686,10/18/2019 12:45:54 PM,6690_8041
3738,3739,1,3738,38896,87246747,FHPD19OFF082351,FHP,Long,9/11/2019 0:00:00,07:55 AM,Orlando,Orange,SR-528-TOLL E,MM 14,0, ,Sideswipe,2,0,0,1,N,N,N,11000.000000000000000,Clear,Daylight,0,Same Direction Sideswipe,W,Injury,Y,"Sideswipe, Same Direction",Motor Vehicle in Transport,On Roadway,Through Roadway,N,Not at Intersection,Turnpike/Toll,Paved,Dry,None, , ,None, , ,N,N, , , , ,0,0,0,0,0,0,0,1,0,0,0,0,1.000000000000000,0.000000000000000,0,1,0,11000,"Mapped, On Network",-81.255550898500005,28.449021688500000,668243.619538999977522,496647.546144000021741,11/8/2019 2:02:10 PM,8060_6666
3739,3740,1,3739,39010,88196268,FHPD19OFF075737,FHP,Short,8/21/2019 0:00:00,07:23 AM,Orlando Expwy Auth,Orange,STATE ROAD 408 WB MM16,STATE ROAD 551,0,West,Rear End,2,0,0,0,N,N,N,1000.000000000000000,Clear,Daylight,0,Rear End,W,Property Damage Only,Y,Front to Rear,Motor Vehicle in Transport,On Roadway,Non-Junction,N,Not at Intersection,Turnpike/Toll,Paved,Dry,None, , ,None, , ,N,N, , , , ,0,0,0,0,0,0,0,0,0,0,0,0,0.000000000000000,0.000000000000000,0,1,0,1000,"Mapped, On Network",-81.282256370599995,28.542312983199999,665405.520457000005990,506947.795733999984805,10/18/2019 11:38:24 AM,6918_8406
3740,3741,1,3740,39031,88176064,FHPD19OFF075007,FHP,Long,8/18/2019 0:00:00,04:20 PM,Orlando Expwy Auth,Orange,SR-417,MM16.5,0, ,Sideswipe,2,0,0,0,N,Y,N,1495.000000000000000,Cloudy,Daylight,0,Same Direction Sideswipe,S,Property Damage Only,N,"Sideswipe, Same Direction",Motor Vehicle in Transport,On Roadway,Through Roadway,N,Not at Intersection,Turnpike/Toll,Paved,Dry,None, , ,None, , ,N,N, , , , ,0,0,0,0,0,0,0,0,0,0,0,0,0.000000000000000,0.000000000000000,0,0,0,1495,"Mapped, On Network",-81.323004414699994,28.367228844400000,661848.911460999981500,487421.119842000014614,10/18/2019 11:49:28 AM,6618_6299
3741,3742,1,3741,39032,88176063,FHPD19OFF074684,FHP,Long,8/17/2019 0:00:00,01:20 PM,Orlando Expwy Auth,Orange,SR 417,MM 25,0, ,Head On,3,0,0,0,N,N,N,4395.000000000000000,Cloudy,Daylight,0,Head On,N,Property Damage Only,N,Other,Motor Vehicle in Transport,On Roadway,Through Roadway,N,Not at Intersection,Turnpike/Toll,Paved,Dry,None, , ,None, , ,N,N, , , , ,0,0,2,0,0,0,0,0,0,0,0,0,0.000000000000000,0.000000000000000,0,3,0,4395,"Mapped, On Network",-81.230326376500003,28.447549436100001,670712.334336000028998,496539.206767000025138,10/18/2019 11:51:22 AM,7993_7091
3742,3743,1,3742,39119,87246748,FHPD19OFF082394,FHP,Long,9/11/2019 0:00:00,09:43 AM,Orlando,Orange,STATE ROAD 417,MM 16,0, ,Rear End,2,0,0,0,N,N,N,9500.000000000000000,Clear,Daylight,0,Rear End,S,Property Damage Only,Y,Front to Rear,Motor Vehicle in Transport,On Roadway,Through Roadway,N,Not at Intersection,Turnpike/Toll,Paved,Dry,None, , ,None, , ,N,N, , , , ,0,0,0,0,0,0,0,0,0,0,0,0,0.000000000000000,0.000000000000000,0,1,0,9500,"Mapped, On Network",-81.318371687600006,28.367638996699998,662300.997376000043005,487476.505019999982323,11/8/2019 2:01:36 PM,8482_6618
3743,3744,1,3743,39124,89216539,2019-00341440,Orlando PD,Short,9/10/2019 0:00:00,06:51 PM,Orlando,Orange,S.R. 408 WESTBOUND,I-4 WESTBOUND ENTRANCE RAMP,0, ,Other,1,0,0,0,N,N,N,15000.000000000000000,Clear,Daylight,0,Single Vehicle,W,Property Damage Only,Y, ,Motor Vehicle in Transport,On Roadway,Entrance/Exit Ramp,Y,Not at Intersection,State,Paved,Dry,None, , ,None, , ,N,N, , , , ,0,0,0,0,0,0,0,0,0,0,0,0,0.000000000000000,0.000000000000000,0,0,10000,5000,"Mapped, On Network",-81.383743453500003,28.535284570599998,655512.714935999945737,505953.075372999999672,11/8/2019 2:10:10 PM,8274_8272
3744,3745,1,3744,39130,88204759,FHPD19OFF079989,FHP,Long,9/2/2019 0:00:00,05:15 PM,Orlando,Orange,STATE ROAD 417,MM 25,50,South,Rear End,2,0,0,0,N,N,N,6000.000000000000000,Clear,Daylight,0,Rear End,N,Property Damage Only,N,Front to Rear,Motor Vehicle in Transport,On Roadway,Non-Junction,N,Not at Intersection,State,Curb,Dry,None, , ,None, , ,N,N, , , , ,0,0,2,0,0,0,0,0,0,0,0,0,0.000000000000000,0.000000000000000,0,1,0,6000,"Mapped, On Network",-81.228210153000006,28.428428096699999,670966.870469999965280,494420.841130000015255,10/23/2019 2:57:46 PM,8538_6642
3745,3746,1,3745,39296,88199817,FHPD19OFF082681,FHP,Long,9/12/2019 0:00:00,02:44 AM,Unincorporated,Orange,STATE ROAD 528,MM18.5,100,West,Rear End,2,0,0,0,N,N,N,4000.000000000000000,Clear,Dark - Lighted,0,Rear End,W,Property Damage Only,N,Front to Rear,Motor Vehicle in Transport,On Roadway,Non-Junction,N,Not at Intersection,State,Paved,Dry,None, , ,None, , ,N,N, , , , ,0,0,1,0,0,0,0,0,0,0,0,0,0.000000000000000,0.000000000000000,0,0,0,4000,"Mapped, On Network",-81.177832983499997,28.451787993200000,675831.463220000034198,497126.133353999990504,11/8/2019 1:13:25 PM,8097_6953
3746,3747,1,3746,39408,88112476,FHPK19OFF053190,FHP,Long,9/12/2019 0:00:00,06:15 PM,Winter Garden,Orange,STATE ROAD 429 (DANIEL WEBSTER BELTWAY),WINTER GARDEN VINELAND ROAD,5280,North,Rear End,2,0,0,0,N,N,N,3000.000000000000000,Clear,Daylight,0,Rear End,S,Property Damage Only,N,Front to Rear,Motor Vehicle in Transport,On Roadway,Non-Junction,N,Not at Intersection,Turnpike/Toll,Paved,Dry,None, , ,None, , ,N,N, , , , ,0,0,0,0,0,0,0,0,0,0,0,0,0.000000000000000,0.000000000000000,0,1,0,3000,"Mapped, On Network",-81.573050888300003,28.526411321000001,637046.165561000001617,504589.775596000021324,11/8/2019 1:16:10 PM,6989_8464
3747,3748,1,3747,39409,88112475,FHPK19OFF052931,FHP,Long,9/11/2019 0:00:00,01:42 PM,Winter Garden,Orange,STATE ROAD 429 (DANIEL WEBSTER WESTERN BELTWA,REAVES ROAD,5280,West,Other,2,0,0,0,N,N,N,250.000000000000000,Clear,Daylight,0,Parked Vehicle, ,Property Damage Only,N,"Sideswipe, Same Direction",Motor Vehicle in Transport,On Roadway,Non-Junction,N,Not at Intersection,Turnpike/Toll,Paved,Dry,None, , ,None, , ,N,N, , , , ,0,0,0,0,0,0,0,0,0,0,0,0,0.000000000000000,0.000000000000000,0,0,0,250,"Mapped, On Network",-81.566110320700005,28.528790268000002,637718.766012000036426,504867.281248999992386,11/8/2019 1:16:47 PM,8524_6989
3748,3749,1,3748,39446,89214876,2019-00276510,Orlando PD,Short,7/24/2019 0:00:00,02:00 PM,Orlando,Orange,SR 408 WEST,I4 WBO ENTRANCE RAMP,500,East,Rear End,2,0,0,0,N,N,N,4500.000000000000000,Cloudy,Daylight,0,Rear End,W,Property Damage Only,Y,Front to Rear,Motor Vehicle in Transport,On Roadway,Non-Junction,N,Not at Intersection,State,Curb,Dry,None, , ,None, , ,N,N, , , , ,0,0,3,0,0,0,0,0,0,0,0,0,0.000000000000000,0.000000000000000,0,1,0,4500,"Mapped, On Network",-81.380668386400004,28.535397568400001,655812.725012999959290,505971.997022999974433,8/20/2019 1:08:48 PM,6230_8274
3749,3750,1,3749,39453,88915962,2019-00279010,Orlando PD,Long,7/26/2019 0:00:00,02:11 PM,Orlando,Orange,SR 528 BEACHLINE EXPRESSWAY,SOUTH SEMORAN BLVD (SR 436),75,East,Rollover,1,0,0,1,N,N,N,6000.000000000000000,Rain,Daylight,0,Rollover,E,Injury,Y,Other,Overturn/Rollover,Off Roadway,Entrance/Exit Ramp,Y,Not at Intersection,State,Paved,Wet,Road Surface Condition, , ,Weather Conditions, , ,N,N, , , , ,0,0,0,0,0,0,0,1,0,0,0,0,0.000000000000000,0.000000000000000,0,0,0,6000,"Mapped, On Network",-81.307778091599999,28.451361279400000,663134.058333000051789,496794.782906999986153,10/1/2019 10:21:32 AM,8296_8190
3750,3751,1,3750,39455,89217285,2019-00326096,Orlando PD,Long,8/28/2019 0:00:00,03:09 PM,Orlando,Orange,SR 417 N,ENTRANCE RAMP FROM BOGGY CREEK RD,1500,East,Sideswipe,2,0,0,0,N,N,N,2800.000000000000000,Clear,Daylight,0,Same Direction Sideswipe,E,Property Damage Only,Y,Angle,Motor Vehicle in Transport,On Roadway,Non-Junction,N,Not at Intersection,State,Paved,Dry,None, , ,None, , ,N,N, , , , ,0,0,1,0,0,0,0,0,0,0,0,0,0.000000000000000,0.000000000000000,0,0,0,2800,"Mapped, On Network",-81.291349822100003,28.373616008399999,664929.114045999944210,488197.900054999976419,11/6/2019 1:54:26 PM,8476_8600
3751,3752,1,3751,39461,88161548,FHPD19OFF075111,FHP,Short,8/19/2019 0:00:00,05:42 AM,Orlando Expwy Auth,Orange,SR-429 (MM24),PLANT STREET,5280,North,Sideswipe,2,0,0,0,N,N,N,1800.000000000000000,Clear,Dark - Lighted,0,Same Direction Sideswipe,S,Property Damage Only,N,Angle,Motor Vehicle in Transport,On Roadway,Non-Junction,N,Not at Intersection,Turnpike/Toll,Paved,Dry,None, , ,None, , ,N,N, , , , ,0,0,0,0,0,0,0,0,0,0,0,0,0.000000000000000,0.000000000000000,0,1,0,1800,"Mapped, On Network",-81.557307009400006,28.577906609100001,638470.433684000046924,510337.864118999976199,10/18/2019 12:10:29 PM,8395_8429
3752,3753,1,3752,39465,88193329,FHPD19OFF075943,FHP,Long,8/21/2019 0:00:00,05:36 PM,Orlando Expwy Auth,Orange,STATE ROAD 429 NORTHBOUND,MILE MARKER 24,0, ,Sideswipe,2,0,0,0,N,Y,N,11000.000000000000000,Clear,Daylight,0,Same Direction Sideswipe,N,Property Damage Only,N,Front to Front,Motor Vehicle in Transport,On Roadway,Entrance/Exit Ramp,Y,Not at Intersection,Turnpike/Toll,Paved,Dry,None, , ,None, , ,N,N, , , , ,0,0,1,0,0,0,0,0,0,0,0,0,0.000000000000000,0.000000000000000,0,1,0,11000,"Mapped, On Network",-81.559525641099995,28.558999335999999,638295.418654000037350,508234.228028999990784,10/18/2019 11:19:59 AM,8498_8500
3753,3754,1,3753,39466,88193328,FHPD19OFF075927,FHP,Short,8/21/2019 0:00:00,05:02 PM,Orlando Expwy Auth,Orange,STATE ROAD 417 NORTHBOUND,MILE MARKER 35,0, ,Rear End,2,0,0,0,N,Y,N,600.000000000000000,Clear,Daylight,0,Rear End,N,Property Damage Only,N,Front to Rear,Motor Vehicle in Transport,On Roadway,Non-Junction,N,Not at Intersection,Turnpike/Toll,Paved,Dry,None, , ,None, , ,N,N, , , , ,0,0,0,0,0,0,0,0,0,0,0,0,0.000000000000000,0.000000000000000,0,1,0,600,"Mapped, On Network",-81.259484347099999,28.582354575600000,667530.175883000018075,511442.760051999997813,10/18/2019 11:20:48 AM,6046_6317
3754,3755,1,3754,39467,88193327,FHPD19OFF075613,FHP,Short,8/20/2019 0:00:00,04:37 PM,Orlando Expwy Auth,Orange,STATE ROAD 408 EASTBOUND,MILE MARKER 18,0, ,Sideswipe,2,0,0,0,N,N,N,1500.000000000000000,Clear,Daylight,0,Same Direction Sideswipe,E,Property Damage Only,N,"Sideswipe, Same Direction",Motor Vehicle in Transport,On Roadway,Non-Junction,N,Not at Intersection,Turnpike/Toll,Paved,Dry,None, , ,None, , ,N,N, , , , ,0,0,0,0,0,0,0,0,0,0,0,0,0.000000000000000,0.000000000000000,0,0,0,1500,"Mapped, On Network",-81.253283476500002,28.547282111900000,668222.157495000050403,507562.199223999981768,10/18/2019 11:21:25 AM,8027_6269
3755,3756,1,3755,39472,88161552,FHPD19OFF076391,FHP,Long,8/23/2019 0:00:00,06:36 AM,Orlando Expwy Auth,Orange,SR-429 (MM25),PLANT STREET,5280,North,Rear End,2,0,0,0,N,N,N,2500.000000000000000,Clear,Dark - Lighted,0,Rear End,S,Property Damage Only,N,Front to Rear,Motor Vehicle in Transport,On Roadway,Non-Junction,N,Not at Intersection,Turnpike/Toll,Paved,Dry,None, , ,None, , ,N,N, , , , ,0,0,0,0,0,0,0,0,0,0,0,0,0.000000000000000,0.000000000000000,0,1,0,2500,"Mapped, On Network",-81.557606473500002,28.586084917099999,638423.214266999973916,511245.352833000011742,10/18/2019 12:13:08 PM,6248_5993
3756,3757,1,3756,39473,88161551,FHPD19OFF075480,FHP,Long,8/20/2019 0:00:00,10:39 AM,Orlando Expwy Auth,Orange,SR-417 (MM35),UNIVERSITY BLVD,5280,South,Rear End,2,0,0,0,N,N,N,3200.000000000000000,Clear,Daylight,0,Rear End,N,Property Damage Only,N,Front to Rear,Motor Vehicle in Transport,On Roadway,Non-Junction,N,Not at Intersection,Turnpike/Toll,Paved,Dry,None, , ,None, , ,N,Y,Work on Shoulder or Median,Advance Warning Area,Y,N,0,0,1,0,0,0,0,0,0,0,0,0,0.000000000000000,0.000000000000000,0,1,0,3200,"Mapped, On Network",-81.252887234799999,28.590434691199999,668154.093391999951564,512354.207812000007834,10/18/2019 12:20:49 PM,6318_8120
3757,3758,1,3757,39493,88204760,FHPD19OFF080204,FHP,Short,9/3/2019 0:00:00,05:40 PM,Orlando,Orange,STATE ROAD 417 SB EXIT RAMP,NARCOOSSEE RD,20,West,Rear End,2,0,0,0,N,N,N,4000.000000000000000,Clear,Daylight,0,Rear End,W,Property Damage Only,N,Front to Rear,Motor Vehicle in Transport,On Roadway,Entrance/Exit Ramp,N,Not at Intersection,State,Curb,Dry,None, , ,None, , ,N,N, , , , ,0,0,0,0,0,0,0,0,0,0,0,0,0.000000000000000,0.000000000000000,0,1,0,4000,"Mapped, On Network",-81.244713068999999,28.400290444700001,669423.649411999969743,491260.593247000011615,11/8/2019 1:15:36 PM,8512_8598
3758,3759,1,3758,39515,89215089,2019-00277532,Orlando PD,Long,7/25/2019 0:00:00,09:43 AM,Orlando,Orange,SR 408 WEST,SR 527 (S ROSALIND AV EXIT RAMP),500,East,Off Road,1,0,0,1,N,N,N,6000.000000000000000,Rain,Daylight,0,Off Road,W,Injury,Y,Other,Other Fixed Object,On Roadway,Entrance/Exit Ramp,N,Not at Intersection,State,Paved,Wet,Road Surface Condition, , ,None, , ,N,N, , , , ,0,0,0,0,0,0,0,0,1,0,0,0,0.000000000000000,0.000000000000000,1,0,0,6000,"Mapped, On Network",-81.364867098900007,28.537368832199999,657351.019833000027575,506223.745732999988832,8/20/2019 1:22:26 PM,8309_8313
3759,3760,1,3759,39551,88185337,FHPD19OFF077091,FHP,Long,8/25/2019 0:00:00,03:12 AM,Unincorporated,Orange,STATE ROAD 408,STATE ROAD 551 (GOLDENROD ROAD),5280,East,Rear End,2,0,0,1,N,N,N,34000.000000000000000,Clear,Dark - Lighted,0,Rear End,W,Injury,N,Front to Rear,Motor Vehicle in Transport,On Roadway,Non-Junction,Y,Not at Intersection,State,Paved,Dry,None, , ,None, , ,N,N, , , , ,0,0,0,0,0,0,0,0,0,1,0,0,1.000000000000000,0.000000000000000,0,1,0,34000,"Mapped, On Network",-81.280280072899998,28.543331203200001,665595.993847999954596,507065.102573000011034,11/6/2019 4:24:18 PM,6918_8406
3760,3761,1,3760,39567,88161550,FHPD19OFF075441,FHP,Long,8/20/2019 0:00:00,08:22 AM,Orlando Expwy Auth,Orange,SR-417 (MM33),SR-408,10,North,Rear End,2,0,0,0,N,N,N,4000.000000000000000,Clear,Daylight,0,Rear End,N,Property Damage Only,N,Front to Rear,Motor Vehicle in Transport,On Roadway,Non-Junction,N,Not at Intersection,Turnpike/Toll,Paved,Dry,None, , ,None, , ,N,Y,Work on Shoulder or Median,Advance Warning Area,N,N,0,0,0,0,0,0,0,0,0,0,0,0,0.000000000000000,0.000000000000000,0,1,0,4000,"Mapped, On Network",-81.261969128900006,28.551148674099998,667364.592859999975190,507972.635106000001542,10/18/2019 12:23:19 PM,11876_8570
3761,3762,1,3761,39570,88203235,FHPD19OFF081595,FHP,Long,9/9/2019 0:00:00,12:22 AM,Orlando,Orange,STATE ROAD 408,STATE ROAD 436,5280,East,Rear End,3,2,0,4,N,N,N,50000.000000000000000,Clear,Dark - Lighted,0,Rear End,W,Injury,N,Front to Rear,Motor Vehicle in Transport,On Roadway,Non-Junction,N,Not at Intersection,State,Paved,Dry,None, , ,None, , ,N,N, , , , ,0,0,2,0,0,0,0,2,2,0,0,0,2.000000000000000,0.000000000000000,0,4,5000,45000,"Mapped, On Network",-81.304616117300000,28.539633177399999,663228.798029999947175,506602.332516999973450,11/8/2019 2:24:46 PM,6883_8376
3762,3763,1,3762,39669,88918182,2019-00278639,Orlando PD,Long,7/26/2019 0:00:00,08:40 AM,Orlando,Orange,S.R. 528 / BEE LINE EXPRESSWAY,S.R. 436 / S. SEMORAN BOULEVARD,10,East,Rear End,2,0,0,0,N,N,N,2.000000000000000,Clear,Daylight,0,Rear End,W,Property Damage Only,Y,Front to Rear,Motor Vehicle in Transport,On Roadway,Non-Junction,N,Not at Intersection,State,Paved,Dry,None, , ,None, , ,N,N, , , , ,0,0,0,0,0,0,0,0,0,0,0,0,0.000000000000000,0.000000000000000,0,0,0,2,"Mapped, On Network",-81.307998669599996,28.451554607500000,663112.034098000032827,496815.777465999999549,9/30/2019 11:28:57 AM,8199_6602