FID,OBJECTID_1,Join_Count,TARGET_FID,OBJECTID,HSMV_Repor,Agency_Rep,Reporting_,Form_Type,Crash_Date,Crash_Time,City,County,Crash_Stre,Intersecti,Offset_Dis,Offset_Dir,Crash_Type,Vehicles,Non_Motori,Fatalities,Injuries,Alcohol_Re,Distractio,Drug_Relat,Estimated_,Weather_Co,Light_Cond,Street_Num,Crash_Ty_1,Crash_Ty_2,Crash_Seve,Within_Cit,Manner_of_,First_Harm,First_HE_L,First_HE_R,First_HE_W,Type_of_In,Road_Sys_I,Type_of_Sh,Road_Surf_,Contrib_Ci,Contrib__1,Contrib__2,Contrib__3,Contrib__4,Contrib__5,School_Bus,Work_Zone_,Type_of_Wo,Loc_in_Wor,Workers_in,Law_Enforc,Mopeds,Motorcycle,Passengers,Bicyclists,Pedestrian,Fataliti_1,Injuries_U,Possible_I,Non_Incapa,Incapacita,Fataliti_2,Non_Traffi,Transporte,Transpor_1,Transpor_2,Citations,Property_D,Vehicle_Dm,S4_Mapping,S4_Decimal,S4_Decim_1,S4_Albers_,S4_Albers1,S4_Mappi_1,zone_id_st
3763,3764,1,3763,39714,88161549,FHPD19OFF075411,FHP,Long,8/20/2019 0:00:00,05:53 AM,Orlando,Orange,SR-528 (MM31),SR-520,40,East,Rear End,2,0,0,0,N,Y,N,4700.000000000000000,Clear,Dawn,0,Rear End,W,Property Damage Only,N,Front to Rear,Motor Vehicle in Transport,On Roadway,Non-Junction,N,Not at Intersection,County,Paved,Dry,None, , ,None, , ,N,N, , , , ,0,0,1,0,0,0,0,0,0,0,0,0,0.000000000000000,0.000000000000000,0,1,0,4700,"Mapped, On Network",-80.974080000000001,28.452700024700000,695739.416599999996834,497699.596499999985099,10/18/2019 12:29:27 PM,6598_8091
3764,3765,1,3764,39741,89214838,2019-00274041,Orlando PD,Long,7/22/2019 0:00:00,03:45 PM,Orlando,Orange,SR 408 WBO,I4 WBO EXIT RAMP (INTERCHANGE),75,East,Off Road,1,0,0,1,N,Y,N,5000.000000000000000,Clear,Daylight,0,Off Road,W,Injury,Y,Other,Concrete Traffic Barrier,Shoulder,Entrance/Exit Ramp,Y,Not at Intersection,State,Paved,Dry,None, , ,None, , ,N,Y,Work on Shoulder or Median,Activity Area, ,N,0,0,0,0,0,0,0,1,0,0,0,0,0.000000000000000,0.000000000000000,0,0,1000,5000,"Mapped, On Network",-81.381182149200001,28.535329905200001,655762.716326999943703,505963.418642000004184,8/19/2019 11:51:25 AM,6230_8274
3765,3766,1,3765,39750,89215016,2019-00285059,Orlando PD,Long,7/31/2019 0:00:00,08:41 AM,Orlando,Orange,EAST/WEST EXPRESSWAY (WBO),S BUMBY AVE,200,East,Rear End,2,0,0,2,N,N,N,4000.000000000000000,Clear,Daylight,0,Rear End,W,Injury,Y,Front to Rear,Motor Vehicle in Transport,On Roadway,Non-Junction,N,Not at Intersection,State,Paved,Dry,None, , ,None, , ,N,N, , , , ,0,0,0,0,0,0,0,2,0,0,0,0,0.000000000000000,0.000000000000000,0,1,0,4000,"Mapped, On Network",-81.351237931100002,28.538429195999999,658679.331299999961630,506369.995119999977760,9/12/2019 12:03:58 PM,6185_8318
3766,3767,1,3766,39751,89215107,2019-00283781,Orlando PD,Long,7/30/2019 0:00:00,08:59 AM,Orlando,Orange,SR 408 WEST,SR 527 (S ROSALIND AV EXIT RAMP),300,East,Rear End,3,0,0,3,N,Y,N,18500.000000000000000,Clear,Daylight,0,Rear End,W,Injury,Y,Front to Rear,Motor Vehicle in Transport,On Roadway,Non-Junction,N,Not at Intersection,State,Paved,Dry,None, , ,None, , ,N,Y,Work on Shoulder or Median,Activity Area, ,N,0,0,0,0,0,0,1,0,3,0,0,0,2.000000000000000,0.000000000000000,0,1,0,18500,"Mapped, On Network",-81.373778303999998,28.537176576400000,656481.324692999944091,506183.833642999990843,9/23/2019 10:20:42 AM,6737_6230
3767,3768,1,3767,39804,88138478,FHPD19OFF069486,FHP,Long,8/1/2019 0:00:00,09:33 PM,Orlando Expwy Auth,Orange,SR429,24MM,0, ,Unknown,2,0,0,0,N,N,N,3000.000000000000000,Cloudy,Dawn,0,Unknown, ,Property Damage Only,N,Angle,Motor Vehicle in Transport,On Roadway,Non-Junction,N,Not at Intersection,Turnpike/Toll,Paved,Wet,None, , ,None, , ,N,N, , , , ,0,0,0,0,0,0,0,0,0,0,0,0,0.000000000000000,0.000000000000000,0,0,0,3000,"Mapped, On Network",-81.556693890299996,28.569971129700001,638547.742427999968641,509457.943812999990769,10/2/2019 11:15:47 AM,8421_8425
3768,3769,1,3768,39805,88138477,FHPD19OFF069414,FHP,Short,8/1/2019 0:00:00,06:07 PM,Orlando Expwy Auth,Orange,SR408,16MM,0, ,Rear End,3,0,0,0,N,N,N,700.000000000000000,Cloudy,Daylight,0,Rear End,E,Property Damage Only,N,Front to Rear,Motor Vehicle in Transport,On Roadway,Non-Junction,N,Not at Intersection,Turnpike/Toll,Paved,Wet,None, , ,None, , ,N,N, , , , ,0,0,0,0,0,0,0,0,0,0,0,0,0.000000000000000,0.000000000000000,0,1,0,700,"Mapped, On Network",-81.284073353799997,28.541176734099999,665230.887780999997631,506817.729917999997269,10/2/2019 11:25:28 AM,8408_8412
3769,3770,1,3769,39819,89216933,2019-00326939,Orlando PD,Long,8/29/2019 0:00:00,07:59 AM,Orlando,Orange,SR 408 WEST,SR 527 (S ROSALIND AV EXIT RAMP),200,West,Rear End,2,0,0,1,N,N,N,7000.000000000000000,Clear,Daylight,0,Rear End,W,Injury,Y,Angle,Motor Vehicle in Transport,On Roadway,Non-Junction,N,Not at Intersection,State,Paved,Dry,None, , ,None, , ,N,N, , , , ,0,0,0,0,0,0,0,1,0,0,0,0,0.000000000000000,0.000000000000000,0,1,0,7000,"Mapped, On Network",-81.378438897600006,28.535656584900000,656029.820106999948621,506005.382817999983672,11/6/2019 1:57:03 PM,6679_6276
3770,3771,1,3770,39820,89216988,2019-00323065,Orlando PD,Long,8/26/2019 0:00:00,10:50 AM,Orlando,Orange,SR 408 WBO,CRYSTAL LAKE DR EXIT RAMP,2000,East,Unknown,2,0,0,0,N,N,N,3500.000000000000000,Cloudy,Daylight,0,Unknown, ,Property Damage Only,Y,Angle,Motor Vehicle in Transport,On Roadway,Non-Junction,N,Not at Intersection,State,Paved,Dry,None, , ,None, , ,N,N, , , , ,0,0,0,0,0,0,0,0,0,0,0,0,0.000000000000000,0.000000000000000,0,0,0,3500,"Mapped, On Network",-81.338559961300007,28.538487948299998,659917.135108000016771,506403.176872999989428,11/6/2019 2:07:26 PM,6177_8353
3771,3772,1,3771,39853,88204767,FHPD19OFF081149,FHP,Long,9/7/2019 0:00:00,02:15 AM,Orlando,Orange,STATE ROAD 417,MM14,50,North,Rear End,2,0,0,0,N,N,N,5000.000000000000000,Clear,Dark - Lighted,0,Rear End,S,Property Damage Only,N,Front to Rear,Motor Vehicle in Transport,On Roadway,Non-Junction,N,Not at Intersection,State,Paved,Dry,None, , ,None, , ,N,N, , , , ,0,0,0,0,0,0,0,0,0,0,0,0,0.000000000000000,0.000000000000000,0,1,0,5000,"Mapped, On Network",-81.361095576099999,28.369513266300000,658118.188751999987289,487594.453952000010759,11/7/2019 4:18:38 PM,8484_8486
3772,3773,1,3772,39887,88124961,FHPD19OFF069571,FHP,Short,8/2/2019 0:00:00,08:25 AM,Orlando Expwy Auth,Orange,STATE ROAD 417 NB MM33,CURRY FORD RD,300,North,Rear End,3,0,0,0,N,N,N,4000.000000000000000,Cloudy,Daylight,0,Rear End,N,Property Damage Only,Y,Front to Rear,Motor Vehicle in Transport,On Roadway,Non-Junction,N,Not at Intersection,Turnpike/Toll,Paved,Wet,None, , ,None, , ,N,N, , , , ,0,0,0,0,0,0,0,0,0,0,0,0,0.000000000000000,0.000000000000000,0,1,0,4000,"Mapped, On Network",-81.248226394300005,28.510971815900000,668805.886989000020549,503541.738722999987658,10/2/2019 11:32:47 AM,8557_8553
3773,3774,1,3773,39912,89217284,2019-00327026,Orlando PD,Long,8/29/2019 0:00:00,08:57 AM,Orlando,Orange,SR 408 WBO,S MILLS AV EXIT,500,East,Rear End,2,0,0,1,N,N,N,2500.000000000000000,Clear,Daylight,0,Rear End,W,Injury,Y,Front to Rear,Motor Vehicle in Transport,On Roadway,Non-Junction,N,Not at Intersection,State,Paved,Dry,None, , ,None, , ,N,N, , , , ,0,0,1,0,0,0,0,1,0,0,0,0,0.000000000000000,0.000000000000000,0,0,0,2500,"Mapped, On Network",-81.357714430300007,28.538370634000000,658047.069652999984100,506349.923675999976695,10/28/2019 12:13:20 PM,8318_8309
3774,3775,1,3774,39914,89214135,2019-00285949,Orlando PD,Long,7/31/2019 0:00:00,10:45 PM,Orlando,Orange,SR 408 EASTBOUND,E ANDERSON ST ON RAMP,200,West,Rear End,2,0,0,1,N,N,N,2000.000000000000000,Rain,Dark - Not Lighted,0,Rear End,E,Injury,Y,Front to Rear,Motor Vehicle in Transport,On Roadway,Non-Junction,N,Not at Intersection,Turnpike/Toll,Paved,Wet,None, , ,None, , ,N,Y,Lane Closure,Activity Area,Y,Y,0,0,0,0,0,0,0,1,0,0,0,0,0.000000000000000,0.000000000000000,0,0,0,2000,"Mapped, On Network",-81.375446040200003,28.536577082899999,656319.892201000009663,506113.803821999987122,5/15/2020 6:32:38 PM,6276_8307
3775,3776,1,3775,39916,89118156,2019TA009904,Apopka PD,Long,7/31/2019 0:00:00,05:35 PM,Apopka,Orange,SR 429-TOLL,US 441,0,South,Off Road,1,0,0,0,N,N,N,15000.000000000000000,Rain,Daylight,0,Off Road,S,Property Damage Only,Y, ,Guardrail Face,Shoulder,Through Roadway,N,Not at Intersection,State,Paved,Wet,Road Surface Condition, , ,Weather Conditions, , ,N,N, , , , ,0,0,0,0,0,0,0,0,0,0,0,0,0.000000000000000,0.000000000000000,0,0,0,15000,"Mapped, Not On Network",-81.559673557699995,28.677881738300002,638019.724298999994062,521433.852465000003576,8/1/2019 6:53:20 PM,6116_5880
3776,3777,1,3776,39922,89216161,2019-00336381,Orlando PD,Long,9/7/2019 0:00:00,05:16 PM,Orlando,Orange,STATE ROAD 408 EASTBOUND,INTERSTATE 4,1000,West,Rear End,3,0,0,0,N,N,N,10000.000000000000000,Clear,Daylight,0,Rear End,E,Property Damage Only,Y,Front to Rear,Motor Vehicle in Transport,On Roadway,Non-Junction,N,Not at Intersection,State,Paved,Dry,None, , ,None, , ,N,N, , , , ,0,0,1,0,0,0,0,0,0,0,0,0,0.000000000000000,0.000000000000000,0,1,0,10000,"Mapped, On Network",-81.388910729800003,28.535152110999999,655008.447720999945886,505927.672009999980219,10/30/2019 2:48:29 PM,8267_6679
3777,3778,1,3777,39943,88176065,FHPD19OFF075080,FHP,Long,8/18/2019 0:00:00,09:43 PM,Orlando Expwy Auth,Orange,SR- 417,MM10,0, ,Rear End,2,0,0,2,N,N,N,6000.000000000000000,Cloudy,Dark - Lighted,0,Rear End,N,Injury,N,Front to Rear,Motor Vehicle in Transport,On Roadway,Through Roadway,N,Not at Intersection,Turnpike/Toll,Paved,Dry,None, , ,None, , ,N,Y,Lane Closure,Transition Area,Y,Y,0,0,1,0,0,0,0,0,0,2,0,0,2.000000000000000,0.000000000000000,0,1,0,6000,"Mapped, On Network",-81.420235923500002,28.374829057700001,652322.019837999949232,488062.275499999988824,10/18/2019 11:53:19 AM,8107_8280
3778,3779,1,3778,39966,89215901,2019-00335853,Orlando PD,Short,9/6/2019 0:00:00,09:05 AM,Orlando,Orange,SR 408 EASTBOUND,ORANGE BLOSSOM TRAIL,100,West,Rear End,2,0,0,0,N,N,N,750.000000000000000,Clear,Daylight,0,Rear End,E,Property Damage Only,Y,"Sideswipe, Same Direction",Motor Vehicle in Transport,On Roadway,Non-Junction,N,Not at Intersection,State,Paved,Dry,None, , ,None, , ,N,N, , , , ,0,0,0,0,0,0,0,0,0,0,0,0,0.000000000000000,0.000000000000000,0,0,0,750,"Mapped, On Network",-81.397747856199999,28.535103033900000,654145.625247000018135,505903.979074999981094,9/20/2019 1:42:16 PM,8242_8248
3779,3780,1,3779,39974,88204778,FHPD19OFF083324,FHP,Long,9/13/2019 0:00:00,09:55 PM,Orlando,Orange,STATE ROAD 417,MM 27,75,North,Off Road,1,0,0,0,N,N,N,5000.000000000000000,Clear,Dark - Lighted,0,Off Road,S,Property Damage Only,N,Other,Guardrail Face,On Roadway,Non-Junction,N,Not at Intersection,State,Curb,Wet,None, , ,None, , ,N,N, , , , ,0,0,0,0,0,0,0,0,0,0,0,0,0.000000000000000,0.000000000000000,0,0,2000,3000,"Mapped, On Network",-81.238045799999995,28.472390245600000,669896.167931000003591,499280.323206999979448,11/8/2019 1:42:07 PM,6173_8544
3780,3781,1,3780,39992,88178849,FHPD19OFF071210,FHP,Long,8/6/2019 0:00:00,10:13 PM,Orlando,Orange,SB STATE ROAD 417 OFF RAMP,STATE ROAD 408 WESTBOUND,0, ,Off Road,1,0,0,0,N,N,N,300.000000000000000,Rain,Dark - Lighted,0,Off Road,S,Property Damage Only,N,Other,Other Fixed Object,Off Roadway,Non-Junction,N,Not at Intersection,State,Curb,Wet,None, , ,None, , ,N,N, , , , ,0,0,0,0,0,0,0,0,0,0,0,0,0.000000000000000,0.000000000000000,0,0,0,300,"Mapped, On Network",-81.268206581300007,28.557277122700000,666740.538645999971777,508639.559145000006538,10/8/2019 9:12:20 AM,8572_8453
3781,3782,1,3781,40003,88094300,FHPK19OFF044237,FHP,Short,7/31/2019 0:00:00,10:00 AM,Winter Garden,Orange,STATE ROAD 429,DANIELS ROAD,2000,South,Sideswipe,2,0,0,0,N,N,N,2200.000000000000000,Clear,Daylight,0,Same Direction Sideswipe,N,Property Damage Only,N,"Sideswipe, Same Direction",Motor Vehicle in Transport,On Roadway,Non-Junction,N,Not at Intersection,Turnpike/Toll,Paved,Dry,None, , ,None, , ,N,N, , , , ,0,0,3,0,0,0,0,0,0,0,0,0,0.000000000000000,0.000000000000000,0,1,0,2200,"Mapped, On Network",-81.579107867100007,28.522165538300001,636463.897667999961413,504106.718134000024293,8/20/2019 2:45:06 PM,8462_6231
3782,3783,1,3782,40033,88196270,FHPD19OFF076044,FHP,Long,8/22/2019 0:00:00,06:19 AM,Orlando Expwy Auth,Orange,STATE ROAD 408 WB MM16,STATE ROAD 551,5280,East,Other,2,0,0,1,N,N,N,8510.000000000000000,Clear,Dawn,0,Backed Into,E,Injury,Y,Angle,Motor Vehicle in Transport,On Roadway,Non-Junction,N,Not at Intersection,Turnpike/Toll,Paved,Dry,None, , ,None, , ,N,N, , , , ,0,0,0,0,0,0,0,0,1,0,0,0,1.000000000000000,0.000000000000000,0,1,500,8010,"Mapped, On Network",-81.287874466999995,28.540132329399999,664862.290843000053428,506693.600809000025038,10/18/2019 11:41:30 AM,8406_8427
3783,3784,1,3783,40035,88196267,FHPD19OFF075430,FHP,Long,8/20/2019 0:00:00,07:28 AM,Orlando Expwy Auth,Orange,STATE ROAD 408 WB,CHICKASAW TR,200,East,Rear End,2,0,0,0,N,N,N,1000.000000000000000,Clear,Daylight,0,Rear End,W,Property Damage Only,Y,Front to Rear,Motor Vehicle in Transport,On Roadway,Non-Junction,N,Not at Intersection,Turnpike/Toll,Paved,Dry,None, , ,None, , ,N,N, , , , ,0,0,0,0,0,0,0,0,0,0,0,0,0.000000000000000,0.000000000000000,0,2,0,1000,"Mapped, On Network",-81.278921040800000,28.544040744099998,665726.950818000012077,507146.809874999977183,10/18/2019 11:44:48 AM,6918_8406
3784,3785,1,3784,40054,89217121,2019-00341962,Orlando PD,Long,9/11/2019 0:00:00,07:43 AM,Orlando,Orange,EAST/WEST EXPRESSWAY (SR 408( (WBO),S CRYSTAL LAKE DR,1500,East,Sideswipe,2,0,0,0,N,N,N,1500.000000000000000,Clear,Daylight,0,Same Direction Sideswipe,W,Property Damage Only,Y,"Sideswipe, Same Direction",Motor Vehicle in Transport,On Roadway,Non-Junction,N,Not at Intersection,State,Paved,Dry,None, , ,None, , ,N,N, , , , ,0,0,1,0,0,0,0,0,0,0,0,0,0.000000000000000,0.000000000000000,0,1,0,1500,"Mapped, On Network",-81.338898378600007,28.538536653700000,659883.973573000053875,506407.871382999990601,11/8/2019 2:01:44 PM,6177_8353
3785,3786,1,3785,40072,89215622,2019-00304169,Orlando PD,Long,8/15/2019 0:00:00,02:35 AM,Orlando,Orange,SR 408 WEST BOUND,SR 408 WESTBOUND S. SEMORAN TOLL BOTH,200, ,Sideswipe,4,0,0,1,N,N,N,17000.000000000000000,Clear,Dark - Lighted,0,Same Direction Sideswipe,W,Injury,Y,"Sideswipe, Same Direction",Motor Vehicle in Transport,On Roadway,Non-Junction,N,Not at Intersection,Turnpike/Toll,Paved,Dry,None, , ,None, , ,N,N, , , , ,0,0,1,0,0,0,1,1,0,0,0,0,1.000000000000000,0.000000000000000,0,1,0,17000,"Mapped, On Network",-81.317426074400004,28.539757294600001,661977.686974999960512,506588.833853000018280,10/28/2019 12:25:03 PM,6309_6301
3786,3787,1,3786,40080,85204418,FHPD19OFF082336,FHP,Long,9/11/2019 0:00:00,07:05 AM,Apopka,Orange,STATE ROAD 429,STATE ROAD 500,10560,South,Off Road,1,0,0,0,N,N,N,5500.000000000000000,Clear,Daylight,0,Off Road,N,Property Damage Only,N,Other,Guardrail End,Shoulder,Non-Junction,N,Not at Intersection,State,Paved,Dry,None, , ,None, , ,N,N, , , , ,0,0,1,0,0,0,0,0,0,0,0,0,0.000000000000000,0.000000000000000,0,0,500,5000,"Mapped, On Network",-81.557488034000002,28.672810820399999,638244.017355000018142,520875.035394000005908,11/7/2019 4:45:42 PM,5881_6875
3787,3788,1,3787,40141,87250684,FHPD19OFF062657,FHP,Short,7/11/2019 0:00:00,11:44 AM,Unincorporated,Orange,STATE ROAD 528,MM13,0, ,Rear End,2,0,0,0,N,N,N,1600.000000000000000,Clear,Daylight,0,Rear End,E,Property Damage Only,N,Front to Rear,Motor Vehicle in Transport,On Roadway,Non-Junction,N,Not at Intersection,County,Curb,Dry,None, , ,None, , ,N,N, , , , ,0,0,0,0,0,0,0,0,0,0,0,0,0.000000000000000,0.000000000000000,0,1,0,1600,"Mapped, On Network",-81.270519074999996,28.448388754600000,666782.418929000035860,496544.800731999974232,8/2/2019 10:40:17 AM,6156_8052
3788,3789,1,3788,40204,88181524,FHPD19OFF069130,FHP,Long,7/31/2019 0:00:00,10:45 PM,Orlando,Orange,EB SR528 EXIT RAMP,NB SR417 ENTRANCE RAMP,100,South,Off Road,1,0,0,0,N,Y,N,5100.000000000000000,Rain,Dark - Lighted,0,Off Road,E,Property Damage Only,N,Other,Other Fixed Object,Shoulder,Non-Junction,N,Not at Intersection,State,Paved,Wet,None, , ,None, , ,N,N, , , , ,0,0,0,0,0,0,0,0,0,0,0,0,0.000000000000000,0.000000000000000,0,0,100,5000,"Mapped, On Network",-81.230375011299998,28.455002122000000,670688.993722000042908,497366.560175999999046,9/26/2019 11:47:11 AM,7993_7091
3789,3790,1,3789,40334,89118182,2019TA010207,Apopka PD,Long,8/7/2019 0:00:00,05:15 PM,Apopka,Orange,SR 429,TOLL 451 NORTH,300,South,Sideswipe,2,0,0,0,N,N,N,1000.000000000000000,Cloudy,Daylight,0,Same Direction Sideswipe,N,Property Damage Only,Y,"Sideswipe, Same Direction",Motor Vehicle in Transport,On Roadway,Other,N,Not at Intersection,State,Paved,Wet,None, , ,None, , ,N,N, , , , ,0,0,0,0,0,0,0,0,0,0,0,0,0.000000000000000,0.000000000000000,0,0,0,1000,"Mapped, Not On Network",-81.542630501500000,28.645615330700000,639753.219601999968290,517884.242114000022411,8/20/2019 3:12:30 PM,6652_8320
3790,3791,1,3790,40345,88193321,FHPD19OFF073750,FHP,Long,8/14/2019 0:00:00,03:43 PM,Orlando Expwy Auth,Orange,STATE ROAD 417 SOUTHBOUND,MILE MARKER 23,0, ,Other,1,0,0,0,N,Y,N,8600.000000000000000,Cloudy,Daylight,0,Single Vehicle,S,Property Damage Only,N,Other,Motor Vehicle in Transport,On Roadway,Non-Junction,N,Not at Intersection,Turnpike/Toll,Paved,Wet,Road Surface Condition, , ,Weather Conditions, , ,N,N, , , , ,0,0,0,0,0,0,0,0,0,0,0,0,0.000000000000000,0.000000000000000,0,1,1600,7000,"Mapped, On Network",-81.227315941200004,28.418660130300001,671078.662062000017613,493338.283476000011433,10/11/2019 12:32:36 PM,8536_8514
3791,3792,1,3791,40436,88193316,FHPD19OFF073424,FHP,Long,8/13/2019 0:00:00,03:17 PM,Orlando Expwy Auth,Orange,STATE ROAD 528 WESTBOUND,MILE MARKER 28,0, ,Off Road,1,0,0,0,N,N,N,23200.000000000000000,Rain,Daylight,0,Off Road,W,Property Damage Only,N,Other,Cable Barrier,Off Roadway,Non-Junction,N,Not at Intersection,Turnpike/Toll,Paved,Wet,Work Zone, , ,Weather Conditions, , ,N,Y,Intermittent or Moving Work,Activity Area,N,N,0,0,0,0,0,0,0,0,0,0,0,0,0.000000000000000,0.000000000000000,0,0,3200,20000,"Mapped, On Network",-81.026355652899994,28.452309034999999,690632.282279000035487,497531.899608000006992,10/11/2019 12:33:48 PM,7008_7061
3792,3793,1,3792,40493,88119245,FHPD19OFF070940,FHP,Long,8/6/2019 0:00:00,08:36 AM,Orlando Expwy Auth,Orange,SR-408,SR-417,200,West,Rear End,4,0,0,1,N,N,N,11200.000000000000000,Clear,Daylight,0,Rear End,E,Injury,N,Front to Rear,Motor Vehicle in Transport,On Roadway,Non-Junction,N,Not at Intersection,Turnpike/Toll,Paved,Dry,None, , ,None, , ,N,Y,Work on Shoulder or Median,Activity Area,Y,N,0,0,1,0,0,0,0,1,0,0,0,0,0.000000000000000,0.000000000000000,0,1,0,11200,"Mapped, On Network",-81.259064853799998,28.547284318999999,667657.682491000043228,507549.882395000022370,10/9/2019 11:21:56 AM,7015_8033
3793,3794,1,3793,40560,88160808,FHPD19OFF063627,FHP,Long,7/14/2019 0:00:00,06:04 PM,Ocoee,Orange,STATE ROAD 429 MM26,OCOEE APOPKA,1000,South,Sideswipe,2,0,0,0,N,Y,N,100.000000000000000,Clear,Daylight,0,Same Direction Sideswipe,N,Property Damage Only,N,"Sideswipe, Same Direction",Motor Vehicle in Transport,On Roadway,Non-Junction,N,Not at Intersection,State,Paved,Dry,None, , ,None, , ,N,N, , , , ,0,0,1,0,0,0,0,0,0,0,0,0,0.000000000000000,0.000000000000000,0,0,0,100,"Mapped, On Network",-81.555619045699999,28.595822982800001,638595.763176999986172,512330.449273000005633,7/23/2019 2:57:55 PM,6089_6220
3794,3795,1,3794,40581,88168090,FHPD19OFF083090,FHP,Long,9/13/2019 0:00:00,10:00 AM,Orlando Expwy Auth,Orange,SR 417 (CENTRAL FLORIDA GREENEWAY),MM12,100,North,Rear End,3,0,0,2,N,Y,N,15300.000000000000000,Clear,Daylight,0,Rear End,S,Injury,N,Front to Rear,Motor Vehicle in Transport,On Roadway,Non-Junction,N,Not at Intersection,Turnpike/Toll,Paved,Dry,None, , ,None, , ,N,N, , , , ,0,0,2,0,0,0,0,2,0,0,0,0,2.000000000000000,0.000000000000000,0,2,0,15300,"Mapped, On Network",-81.384956517600003,28.368279059100001,655787.545174999977462,487407.698442000022624,10/30/2019 3:00:14 PM,9176_7090
3795,3796,1,3795,40586,88193311,FHPD19OFF072111,FHP,Long,8/9/2019 0:00:00,04:14 PM,Orlando Expwy Auth,Orange,STATE ROAD 528 WESTBOUND,MILE MARKER 26,0, ,Rear End,2,0,0,0,N,Y,N,11000.000000000000000,Clear,Daylight,0,Rear End,W,Property Damage Only,N,Front to Rear,Motor Vehicle in Transport,On Roadway,Non-Junction,N,Not at Intersection,Turnpike/Toll,Paved,Dry,None, , ,None, , ,N,N, , , , ,0,0,3,0,0,0,0,0,0,0,0,0,0.000000000000000,0.000000000000000,0,1,0,11000,"Mapped, On Network",-81.058856088200002,28.452149908100001,687456.844909999985248,497438.052787000022363,10/10/2019 3:29:19 PM,6937_6322
3796,3797,1,3796,40587,88193310,FHPD19OFF071778,FHP,Long,8/8/2019 0:00:00,04:53 PM,Orlando Expwy Auth,Orange,STATE ROAD 417 SOUTHBOUND,MILE MARKER 15,0, ,Rear End,3,0,0,0,N,Y,N,11000.000000000000000,Cloudy,Daylight,0,Rear End,S,Property Damage Only,N,Front to Rear,Motor Vehicle in Transport,On Roadway,Non-Junction,N,Not at Intersection,Turnpike/Toll,Paved,Wet,None, , ,None, , ,N,N, , , , ,0,0,0,0,0,0,0,0,0,0,0,0,0.000000000000000,0.000000000000000,0,1,0,11000,"Mapped, On Network",-81.338871904399994,28.368318834099998,660294.470911000040360,487508.548828000028152,10/10/2019 3:31:41 PM,6323_6700
3797,3798,1,3797,40588,88193306,FHPD19OFF071468,FHP,Long,8/7/2019 0:00:00,05:53 PM,Orlando Expwy Auth,Orange,STATE ROAD 417 SOUTHBOUND,MILE MARKER 17,0, ,Rear End,3,0,0,1,N,Y,N,18500.000000000000000,Cloudy,Dusk,0,Rear End,S,Injury,N,Front to Rear,Motor Vehicle in Transport,On Roadway,Non-Junction,N,Not at Intersection,Turnpike/Toll,Paved,Wet,None, , ,None, , ,N,N, , , , ,0,0,4,0,0,0,0,1,0,0,0,0,0.000000000000000,0.000000000000000,1,1,0,18500,"Mapped, On Network",-81.301543716899999,28.371062561700001,663938.428502999944612,487892.531004999997094,10/10/2019 3:33:45 PM,8601_11015
3798,3799,1,3798,40594,89214156,2019-00284303,Orlando PD,Short,7/30/2019 0:00:00,03:50 PM,Orlando,Orange,SR 417 NBO (CENTRAL FLORIDA GREENWAY),LEE VISTA BLVD EXIT RAMP,0,South,Other,1,0,0,0,N,N,N,1500.000000000000000,Cloudy,Daylight,0,Single Vehicle,N,Property Damage Only,Y, ,Motor Vehicle in Transport,On Roadway,Non-Junction,N,Not at Intersection,State,Unpaved,Dry,Obstruction in Roadway, , ,None, , ,N,N, , , , ,0,0,0,0,0,0,0,0,0,0,0,0,0.000000000000000,0.000000000000000,0,0,0,1500,"Mapped, On Network",-81.236804028199998,28.469172754700001,670025.498786999960430,498925.808558000018820,9/26/2019 2:34:07 PM,6173_8544
3799,3800,1,3799,40604,89214615,2019-00320263,Orlando PD,Long,8/24/2019 0:00:00,01:05 AM,Orlando,Orange,SR 417 (SOUTHBOUND),LAKE NONA BLVD,500,North,Other,2,0,0,0,N,N,N,1000.000000000000000,Clear,Dark - Not Lighted,0,Parked Vehicle, ,Property Damage Only,Y,Other,Motor Vehicle in Transport,Shoulder,Non-Junction,N,Not at Intersection,State,Paved,Dry,None, , ,None, , ,N,N, , , , ,0,0,0,0,0,0,0,0,0,0,0,0,0.000000000000000,0.000000000000000,0,0,0,1000,"Mapped, On Network",-81.268506145000003,28.382567191800000,667141.038889999967068,489241.029932999983430,9/20/2019 12:47:01 PM,6170_8603
3800,3801,1,3800,40651,88124969,FHPD19OFF073314,FHP,Short,8/13/2019 0:00:00,09:03 AM,Orlando Expwy Auth,Orange,STATE ROAD 429 SB MM26,WEST RD,0,North,Rear End,3,0,0,0,N,N,N,2000.000000000000000,Cloudy,Daylight,0,Rear End,S,Property Damage Only,Y,Front to Rear,Motor Vehicle in Transport,On Roadway,Non-Junction,N,Not at Intersection,Turnpike/Toll,Paved,Dry,None, , ,None, , ,N,N, , , , ,0,0,1,0,0,0,0,0,0,0,0,0,0.000000000000000,0.000000000000000,0,2,0,2000,"Mapped, On Network",-81.539186568800005,28.603793133400000,640181.861201000050642,513247.301868000009563,10/11/2019 12:52:09 PM,8458_8393