FID,OBJECTID_1,Join_Count,TARGET_FID,OBJECTID,HSMV_Repor,Agency_Rep,Reporting_,Form_Type,Crash_Date,Crash_Time,City,County,Crash_Stre,Intersecti,Offset_Dis,Offset_Dir,Crash_Type,Vehicles,Non_Motori,Fatalities,Injuries,Alcohol_Re,Distractio,Drug_Relat,Estimated_,Weather_Co,Light_Cond,Street_Num,Crash_Ty_1,Crash_Ty_2,Crash_Seve,Within_Cit,Manner_of_,First_Harm,First_HE_L,First_HE_R,First_HE_W,Type_of_In,Road_Sys_I,Type_of_Sh,Road_Surf_,Contrib_Ci,Contrib__1,Contrib__2,Contrib__3,Contrib__4,Contrib__5,School_Bus,Work_Zone_,Type_of_Wo,Loc_in_Wor,Workers_in,Law_Enforc,Mopeds,Motorcycle,Passengers,Bicyclists,Pedestrian,Fataliti_1,Injuries_U,Possible_I,Non_Incapa,Incapacita,Fataliti_2,Non_Traffi,Transporte,Transpor_1,Transpor_2,Citations,Property_D,Vehicle_Dm,S4_Mapping,S4_Decimal,S4_Decim_1,S4_Albers_,S4_Albers1,S4_Mappi_1,zone_id_st
3801,3802,1,3801,40692,89214244,2019-00323526,Orlando PD,Short,8/27/2019 0:00:00,04:22 PM,Orlando,Orange,SR 408 WBO,S CRYSTAL LAKE DR EXIT RAMP,1000,East,Rear End,2,0,0,0,N,N,N,600.000000000000000,Rain,Daylight,0,Rear End,W,Property Damage Only,Y,Front to Rear,Motor Vehicle in Transport,On Roadway,Non-Junction,N,Not at Intersection,State,Paved,Wet,Road Surface Condition, , ,None, , ,N,N, , , , ,0,0,0,0,0,0,0,0,0,0,0,0,0.000000000000000,0.000000000000000,0,0,0,600,"Mapped, On Network",-81.337086162800006,28.538483205700000,660061.055775000015274,506405.757576000003610,11/6/2019 3:03:27 PM,6177_8353
3802,3803,1,3802,40713,88107798,FHPK19OFF043185,FHP,Long,7/26/2019 0:00:00,03:17 PM,Winter Garden,Orange,STATE ROAD 429 (DANIEL WEBSTER WESTERN BELTW),STONEYBROOK WEST PARKWAY,5280,North,Rear End,2,0,0,1,N,N,N,3000.000000000000000,Rain,Daylight,0,Rear End,S,Injury,N,Front to Rear,Motor Vehicle in Transport,On Roadway,Non-Junction,N,Not at Intersection,Turnpike/Toll,Paved,Wet,None, , ,None, , ,N,N, , , , ,0,0,0,0,0,0,0,1,0,0,0,0,0.000000000000000,0.000000000000000,0,1,0,3000,"Mapped, On Network",-81.597493339300001,28.515193159100001,634683.385052000056021,503297.418793999997433,8/2/2019 9:10:34 AM,8492_6233
3803,3804,1,3803,40719,88124970,FHPD19OFF073687,FHP,Short,8/14/2019 0:00:00,01:40 PM,Orlando Expwy Auth,Orange,STATE ROAD 528 EB MM16,STATE ROAD 417,100,East,Sideswipe,2,0,0,0,N,N,N,1500.000000000000000,Cloudy,Daylight,0,Same Direction Sideswipe,E,Property Damage Only,Y,"Sideswipe, Same Direction",Motor Vehicle in Transport,On Roadway,Non-Junction,N,Not at Intersection,Turnpike/Toll,Paved,Dry,None, , ,None, , ,N,N, , , , ,0,0,0,0,0,0,0,0,0,0,0,0,0.000000000000000,0.000000000000000,0,1,0,1500,"Mapped, On Network",-81.222166303500003,28.451305049100000,671500.383578000008129,496974.126279000018258,10/11/2019 12:53:13 PM,8019_6319
3804,3805,1,3804,40727,88124968,FHPD19OFF073292,FHP,Long,8/13/2019 0:00:00,07:54 AM,Orlando Expwy Auth,Orange,STATE ROAD 429 SB MM29,MCCORMICK RD,300,South,Rear End,2,0,0,0,N,Y,N,2000.000000000000000,Clear,Daylight,0,Rear End,S,Property Damage Only,Y,Front to Rear,Motor Vehicle in Transport,On Roadway,Non-Junction,N,Not at Intersection,Turnpike/Toll,Paved,Dry,None, , ,None, , ,N,N, , , , ,0,0,1,0,0,0,0,0,0,0,0,0,0.000000000000000,0.000000000000000,0,1,0,2000,"Mapped, On Network",-81.536353451899998,28.621343236800001,640419.407847999944352,515201.463904000003822,10/11/2019 1:01:30 PM,8438_6296
3805,3806,1,3805,40731,88193351,FHPD19OFF083576,FHP,Long,9/14/2019 0:00:00,07:52 PM,Orlando Expwy Auth,Orange,STATE ROAD 417 SOUTHBOUND,MILE MARKER 35,0, ,Rear End,2,0,0,0,N,N,N,2000.000000000000000,Clear,Dark - Lighted,0,Rear End, ,Property Damage Only,N,Front to Rear,Motor Vehicle in Transport,On Roadway,Non-Junction,N,Not at Intersection,Turnpike/Toll,Paved,Dry,None, , ,None, , ,N,N, , , , ,0,0,0,0,0,0,0,0,0,0,0,0,0.000000000000000,0.000000000000000,0,0,0,2000,"Mapped, On Network",-81.260686400099999,28.581267573000002,667415.531726000015624,511319.464960000012070,10/23/2019 4:54:04 PM,6789_6691
3806,3807,1,3806,40754,88124965,FHPD19OFF070920,FHP,Short,8/6/2019 0:00:00,07:46 AM,Orlando Expwy Auth,Orange,STATE ROAD 528 WB MM18,STATE ROAD 417,10560,East,Rear End,2,0,0,0,N,N,N,6000.000000000000000,Clear,Daylight,0,Rear End,W,Property Damage Only,Y,Front to Rear,Motor Vehicle in Transport,On Roadway,Non-Junction,N,Not at Intersection,Turnpike/Toll,Paved,Dry,None, , ,None, , ,N,N, , , , ,0,0,2,0,0,0,0,0,0,0,0,0,0.000000000000000,0.000000000000000,0,1,0,6000,"Mapped, On Network",-81.191126874199995,28.451688241500001,674532.629555999999866,497085.392224000010174,10/9/2019 2:02:44 PM,8097_6953
3807,3808,1,3807,40755,88119246,FHPD19OFF070994,FHP,Long,8/6/2019 0:00:00,10:47 AM,Orlando Expwy Auth,Orange,SR-528,SR-417,20,West,Rear End,2,0,0,3,N,N,N,10200.000000000000000,Clear,Daylight,0,Rear End,W,Injury,N,Front to Rear,Motor Vehicle in Transport,On Roadway,Non-Junction,N,Not at Intersection,Turnpike/Toll,Paved,Dry,None, , ,None, , ,N,N, , , , ,0,0,2,0,0,0,0,3,0,0,0,0,0.000000000000000,0.000000000000000,0,2,4000,6200,"Mapped, On Network",-81.232680762499996,28.451502269500001,670472.400956999976188,496972.917567000025883,10/9/2019 11:26:36 AM,8001_8007
3808,3809,1,3808,40783,88193318,FHPD19OFF073684,FHP,Short,8/14/2019 0:00:00,01:23 PM,Orlando,Orange,STATE ROAD 417 NORTHBOUND,MILE MARKER 11,0, ,Sideswipe,2,0,0,0,N,Y,N,3000.000000000000000,Clear,Daylight,0,Same Direction Sideswipe,N,Property Damage Only,N,"Sideswipe, Same Direction",Motor Vehicle in Transport,On Roadway,Non-Junction,N,Not at Intersection,Turnpike/Toll,Paved,Dry,None, , ,None, , ,N,N, , , , ,0,0,2,0,0,0,0,0,0,0,0,0,0.000000000000000,0.000000000000000,0,1,0,3000,"Mapped, On Network",-81.418806446800005,28.375118069199999,652461.142133999965154,488097.290913000004366,10/11/2019 12:39:34 PM,8107_8280
3809,3810,1,3809,40784,88122474,FHPD19OFF073522,FHP,Short,8/13/2019 0:00:00,08:50 PM,Orlando Expwy Auth,Orange,WB SR-408 EXIT RAMP,SR-551,30,East,Sideswipe,2,0,0,0,N,N,N,5500.000000000000000,Cloudy,Dark - Lighted,0,Same Direction Sideswipe,W,Property Damage Only,Y,"Sideswipe, Same Direction",Motor Vehicle in Transport,On Roadway,Entrance/Exit Ramp,N,Not at Intersection,Turnpike/Toll,Paved,Wet,None, , ,None, , ,N,Y,Lane Shift/Crossover,Before the First Work Zone Warning Sign,Y,Y,0,0,0,0,0,0,0,0,0,0,0,0,0.000000000000000,0.000000000000000,0,1,0,5500,"Mapped, On Network",-81.286343129000002,28.540269656600000,665011.479388999985531,506712.138136000023223,9/30/2019 10:17:59 AM,8408_6232
3810,3811,1,3810,40805,88916995,2019-00267322,Orlando PD,Long,7/17/2019 0:00:00,08:21 AM,Orlando,Orange,EW WBO,S SEMORAN BV,0, ,Rear End,4,0,0,3,N,N,N,30000.000000000000000,Clear,Daylight,0,Rear End,W,Injury,Y,Front to Rear,Motor Vehicle in Transport,On Roadway,Non-Junction,N,Other,State,Paved,Dry,None, , ,None, , ,N,N, , , , ,0,0,0,0,0,0,0,2,1,0,0,0,1.000000000000000,0.000000000000000,0,1,0,30000,"Mapped, On Network",-81.307206408599995,28.539651518500001,662975.828241999959573,506598.842307000013534,8/1/2019 2:14:54 PM,8376_6256
3811,3812,1,3811,40821,88918347,2019-00323577,Orlando PD,Long,8/26/2019 0:00:00,04:22 PM,Orlando,Orange,SR 408 WBO,CRYSTAL LAKE DRIVE,5280,East,Other,1,0,0,1,N,N,N,5000.000000000000000,Cloudy,Daylight,0,Single Vehicle,W,Injury,Y,Other,Motor Vehicle in Transport,Off Roadway,Non-Junction,N,Not at Intersection,State,Paved,Wet,None, , ,None, , ,N,N, , , , ,0,0,0,0,0,0,0,1,0,0,0,0,1.000000000000000,0.000000000000000,0,0,0,5000,"Mapped, On Network",-81.340066151000002,28.538445265000000,659770.165173999965191,506395.263956999988295,11/6/2019 3:05:46 PM,8353_6185
3812,3813,1,3812,40826,88137456,FHPD19OFF070755,FHP,Short,8/5/2019 0:00:00,05:20 PM,Orlando Expwy Auth,Orange,STATE RD 417,LEE VISTA BLVD,0,South,Rear End,2,0,0,0,N,N,N,2250.000000000000000,Rain,Daylight,0,Rear End,N,Property Damage Only,N,Front to Rear,Motor Vehicle in Transport,On Roadway,Non-Junction,N,Not at Intersection,Turnpike/Toll,Paved,Wet,Road Surface Condition, , ,Weather Conditions, , ,N,N, , , , ,0,0,0,0,0,0,0,0,0,0,0,0,0.000000000000000,0.000000000000000,0,1,0,2250,"Mapped, On Network",-81.238468718500002,28.474049935899998,669850.720216999994591,499463.670556000026409,10/7/2019 10:41:12 AM,8544_8386
3813,3814,1,3813,40836,89214662,2019-00267744,Orlando PD,Long,7/17/2019 0:00:00,07:30 AM,Orlando,Orange,SR408 WBO,EXIT RAMP TO I4 WBO,200,East,Rear End,2,0,0,0,N,N,N,1800.000000000000000,Clear,Daylight,0,Rear End,W,Property Damage Only,Y,Angle,Motor Vehicle in Transport,On Roadway,Non-Junction,N,Not at Intersection,Interstate,Paved,Dry,None, , ,None, , ,N,N, , , , ,0,0,0,0,0,0,0,0,0,0,0,0,0.000000000000000,0.000000000000000,0,0,0,1800,"Mapped, On Network",-81.380137655100000,28.535491083299998,655864.329586999956518,505983.481163999997079,7/30/2019 12:31:35 PM,6230_8274
3814,3815,1,3814,40841,89213526,2019-00270326,Orlando PD,Long,7/19/2019 0:00:00,11:52 AM,Orlando,Orange,WBO SR 408,SR400,0, ,Rear End,4,0,0,1,N,N,N,16500.000000000000000,Clear,Daylight,0,Rear End,W,Injury,Y,Front to Rear,Motor Vehicle in Transport,On Roadway,Non-Junction,N,Not at Intersection,State,Paved,Dry,None, , ,None, , ,N,N, , , , ,0,0,3,0,0,0,0,1,0,0,0,0,0.000000000000000,0.000000000000000,0,0,0,16500,"Mapped, On Network",-81.374367119799999,28.537144656799999,656423.904098000028171,506179.065043999988120,7/30/2019 12:42:33 PM,6737_6230
3815,3816,1,3815,40864,88158472,FHPD19OFF065019,FHP,Long,7/19/2019 0:00:00,01:00 AM,Orlando,Orange,SR 408 WB,MM 7,0, ,Off Road,1,0,0,0,N,Y,N,1200.000000000000000,Clear,Dark - Lighted,0,Off Road,W,Property Damage Only,N,Other,Other Fixed Object,On Roadway,Non-Junction,N,Not at Intersection,State,Unpaved,Dry,None, , ,None, , ,N,N, , , , ,0,0,0,0,0,0,0,0,0,0,0,0,0.000000000000000,0.000000000000000,0,0,0,1200,"Mapped, On Network",-81.419993743500001,28.545883194900000,651948.281319999950938,507055.265217999985907,9/26/2019 3:27:36 PM,8215_6440
3816,3817,1,3816,40867,88122470,FHPD19OFF073124,FHP,Short,8/12/2019 0:00:00,04:50 PM,Orlando Expwy Auth,Orange,EB SR-528,DALLAS BLVD,10560,West,Rear End,2,0,0,0,N,N,N,6500.000000000000000,Rain,Daylight,0,Rear End,E,Property Damage Only,Y,Front to Rear,Motor Vehicle in Transport,On Roadway,Non-Junction,N,Not at Intersection,Turnpike/Toll,Paved,Wet,None, , ,None, , ,N,N, , , , ,0,0,0,0,0,0,0,0,0,0,0,0,0.000000000000000,0.000000000000000,0,1,0,6500,"Mapped, On Network",-81.127878461099996,28.451412362799999,680713.988158000051044,497197.156215999973938,9/27/2019 2:30:58 PM,8101_6488
3817,3818,1,3817,40873,89216263,2019-00337869,Orlando PD,Long,9/7/2019 0:00:00,10:13 PM,Orlando,Orange,EW EBO ON RAMP FROM I4,EW EBO,600,South,Rear End,2,0,0,0,N,N,N,5000.000000000000000,Clear,Dark - Lighted,0,Rear End, ,Property Damage Only,Y,Front to Rear,Motor Vehicle in Transport,On Roadway,Entrance/Exit Ramp,Y,Not at Intersection,Turnpike/Toll,Paved,Dry,None, , ,None, , ,N,N, , , , ,0,0,0,0,0,0,0,0,0,0,0,0,0.000000000000000,0.000000000000000,0,0,0,5000,"Mapped, On Network",-81.385001365199997,28.535124512500001,655390.258247000048868,505932.698149000003468,11/8/2019 2:42:12 PM,6679_6276
3818,3819,1,3818,40908,89217084,2019-00342049,Orlando PD,Long,9/11/2019 0:00:00,08:19 AM,Orlando,Orange,EW EBO,S ORANGE BLOSSOM TL,500,West,Rear End,2,0,0,1,N,N,N,1400.000000000000000,Clear,Daylight,0,Rear End,E,Injury,Y,Front to Rear,Motor Vehicle in Transport,On Roadway,Non-Junction,N,Not at Intersection,Turnpike/Toll,Curb,Dry,None, , ,None, , ,N,N, , , , ,0,0,0,0,0,0,0,0,1,0,0,0,0.000000000000000,0.000000000000000,0,0,0,1400,"Mapped, On Network",-81.400702432599999,28.535106428399999,653857.105132999946363,505898.270177999977022,11/8/2019 12:03:40 PM,8169_8242
3819,3820,1,3819,40953,88196292,FHPD19OFF083976,FHP,Long,9/16/2019 0:00:00,07:47 AM,Orlando Expwy Auth,Orange,STATE ROAD 417 SB MM23,NARCOOSSEE RD,200,North,Unknown,2,0,0,0,N,N,N,8000.000000000000000,Clear,Daylight,0,Unknown, ,Property Damage Only,Y,Angle,Motor Vehicle in Transport,On Roadway,Non-Junction,N,Not at Intersection,Turnpike/Toll,Paved,Dry,None, , ,None, , ,N,N, , , , ,0,0,0,0,0,0,0,0,0,0,0,0,0.000000000000000,0.000000000000000,0,1,0,8000,"Mapped, On Network",-81.243806116100004,28.400765323200002,669511.141698000021279,491315.300389999989420,10/23/2019 4:22:47 PM,8512_8598
3820,3821,1,3820,40954,88195899,FHPD19OFF083940,FHP,Long,9/15/2019 0:00:00,10:50 PM,Orlando,Orange,STATE ROAD 417,STATE ROAD 528,0, ,Rollover,1,0,0,1,N,N,N,10000.000000000000000,Clear,Dark - Lighted,0,Rollover,S,Injury,N,Other,Overturn/Rollover,Off Roadway,Non-Junction,N,Not at Intersection,Interstate,Paved,Dry,None, , ,None, , ,N,N, , , , ,0,0,0,0,0,0,0,0,0,1,0,0,1.000000000000000,0.000000000000000,0,0,0,10000,"Mapped, On Network",-81.232258105400007,28.460117312700000,670492.231509999954142,497930.359713000012562,10/23/2019 4:24:19 PM,8546_7092
3821,3822,1,3821,40975,88124962,FHPD19OFF070009,FHP,Long,8/3/2019 0:00:00,06:01 AM,Orlando Expwy Auth,Orange,STATE ROAD 417 NB OFF RAMP,STATE ROAD 528 EB,5280,East,Off Road,1,0,0,0,N,N,N,3200.000000000000000,Cloudy,Dark - Lighted,0,Off Road,N,Property Damage Only,Y,Other,Utility Pole/Light Support,Shoulder,Entrance/Exit Ramp,N,Not at Intersection,Turnpike/Toll,Paved,Wet,Road Surface Condition,"Worn, Travel-Polished Surface", ,None, , ,N,N, , , , ,0,0,0,0,0,0,0,0,0,0,0,0,0.000000000000000,0.000000000000000,0,0,200,3000,"Mapped, On Network",-81.225406225000000,28.451337640799998,671183.691610999987461,496970.615734999999404,10/8/2019 10:39:21 AM,8074_8019
3822,3823,1,3822,40997,88193319,FHPD19OFF073718,FHP,Short,8/14/2019 0:00:00,02:56 PM,Orlando Expwy Auth,Orange,STATE ROAD 417 SOUTHBOUND,MILE MARKER 30,0, ,Rear End,2,0,0,0,N,Y,N,2000.000000000000000,Rain,Daylight,0,Rear End,S,Property Damage Only,N,Front to Rear,Motor Vehicle in Transport,On Roadway,Non-Junction,N,Not at Intersection,Turnpike/Toll,Paved,Wet,None, , ,None, , ,N,N, , , , ,0,0,0,0,0,0,0,0,0,0,0,0,0.000000000000000,0.000000000000000,0,1,0,2000,"Mapped, On Network",-81.250448405900002,28.515975185399999,668576.478229000000283,504092.413469000020996,10/11/2019 12:43:24 PM,6968_8555
3823,3824,1,3823,40998,88193317,FHPD19OFF073478,FHP,Short,8/13/2019 0:00:00,05:22 PM,Orlando Expwy Auth,Orange,STATE ROAD 528 EASTBOUND,MILE MARKER 25,0, ,Rear End,2,0,0,0,N,Y,N,1000.000000000000000,Cloudy,Daylight,0,Rear End,E,Property Damage Only,N,Front to Rear,Motor Vehicle in Transport,On Roadway,Non-Junction,N,Not at Intersection,Turnpike/Toll,Paved,Dry,None, , ,None, , ,N,N, , , , ,0,0,0,0,0,0,0,0,0,0,0,0,0.000000000000000,0.000000000000000,0,1,0,1000,"Mapped, On Network",-81.076379417599995,28.451751063200000,685745.549547999980859,497353.044172000023536,10/11/2019 12:44:50 PM,8109_6321
3824,3825,1,3824,41003,88191361,FHPD19OFF072926,FHP,Short,8/12/2019 0:00:00,07:32 AM,Unincorporated,Orange,STATE ROAD 429 NB EXIT RAMP,COUNTY RD 437A (CLARCONA APOPKA RD),5,South,Rear End,2,0,0,0,N,Y,N,1450.000000000000000,Cloudy,Daylight,0,Rear End,N,Property Damage Only,N,Front to Rear,Motor Vehicle in Transport,On Roadway,Entrance/Exit Ramp,N,Not at Intersection,Turnpike/Toll,Paved,Dry,None, , ,None, , ,N,N, , , , ,0,0,0,0,0,0,0,0,0,0,0,0,0.000000000000000,0.000000000000000,0,1,0,1450,"Mapped, On Network",-81.538880040799995,28.629820844000001,640154.089945000014268,516137.833870999980718,9/30/2019 9:28:38 AM,6295_8444
3825,3826,1,3825,41081,88161546,FHPD19OFF072969,FHP,Long,8/12/2019 0:00:00,09:24 AM,Orlando Expwy Auth,Orange,SR-408,JOHN YOUNG PARKWAY,5280,West,Rear End,2,0,0,0,N,N,N,3600.000000000000000,Clear,Daylight,0,Rear End,E,Property Damage Only,N,Front to Rear,Motor Vehicle in Transport,On Roadway,Non-Junction,N,Not at Intersection,Turnpike/Toll,Paved,Dry,None, , ,None, , ,N,N, , , , ,0,0,0,0,0,0,0,0,0,0,0,0,0.000000000000000,0.000000000000000,0,1,0,3600,"Mapped, On Network",-81.425096165499994,28.545796519200000,651450.282181999995373,507035.226836999994703,9/27/2019 2:28:18 PM,8237_6011
3826,3827,1,3826,41104,89118300,2019TA011536,Apopka PD,Long,9/4/2019 0:00:00,11:14 PM,Apopka,Orange,SR-429-TOLL,104TH ST,100,North,Sideswipe,2,0,0,0,N,N,N,20000.000000000000000,Clear,Dark - Not Lighted,0,Same Direction Sideswipe,N,Property Damage Only,Y,"Sideswipe, Same Direction",Motor Vehicle in Transport,On Roadway,Non-Junction,N,Not at Intersection,Turnpike/Toll,Paved,Dry,None, , ,None, , ,N,N, , , , ,0,0,0,0,0,0,0,0,0,0,0,0,0.000000000000000,0.000000000000000,0,1,0,20000,"Mapped, On Network",-81.557481403699995,28.672811002200000,638244.663601999985985,520875.068389999971259,9/7/2019 4:06:28 PM,5881_6875
3827,3828,1,3827,41151,88161567,FHPD19OFF085136,FHP,Long,9/19/2019 0:00:00,05:16 PM,Orlando Expwy Auth,Orange,MSR-408 (M7),PINE HILLS RD,5280,East,Other,2,0,0,0,N,N,N,500.000000000000000,Clear,Daylight,0,Other,W,Property Damage Only,N,Other,Thrown or Falling Object,On Roadway,Non-Junction,N,Not at Intersection,Turnpike/Toll,Paved,Dry,None, , ,None, , ,N,N, , , , ,0,0,0,0,0,0,0,0,0,0,0,0,0.000000000000000,0.000000000000000,0,0,0,500,"Mapped, On Network",-81.431580665799999,28.546651381499998,650815.157670999993570,507116.937781999993604,10/24/2019 4:07:23 PM,5934_6489
3828,3829,1,3828,41152,88161565,FHPD19OFF084825,FHP,Long,9/18/2019 0:00:00,05:21 PM,Orlando Expwy Auth,Orange,SR-417 (MM36),UNIVERSITY BLVD,0,South,Rear End,2,0,0,1,N,Y,N,2000.000000000000000,Rain,Daylight,0,Rear End,N,Injury,N,Front to Rear,Motor Vehicle in Transport,On Roadway,Non-Junction,N,Not at Intersection,Turnpike/Toll,Paved,Wet,None, , ,None, , ,N,N, , , , ,0,0,0,0,0,0,0,1,0,0,0,0,0.000000000000000,0.000000000000000,0,1,0,2000,"Mapped, On Network",-81.251246081900007,28.592596222200001,668308.914421999943443,512597.767683000012767,10/24/2019 4:08:23 PM,6318_8120
3829,3830,1,3829,41154,88161563,FHPD19OFF084593,FHP,Long,9/17/2019 0:00:00,09:46 PM,Orlando Expwy Auth,Orange,SR-417 (MM36),COLONIAL DR,5280,North,Rear End,2,0,0,1,N,N,N,1400.000000000000000,Clear,Dark - Lighted,0,Rear End,S,Injury,N,Front to Rear,Motor Vehicle in Transport,On Roadway,Non-Junction,N,Not at Intersection,Turnpike/Toll,Paved,Dry,None, , ,None, , ,N,Y,Work on Shoulder or Median,Activity Area,Y,Y,0,0,0,0,0,0,0,0,1,0,0,0,1.000000000000000,0.000000000000000,0,1,0,1400,"Mapped, On Network",-81.260552036899995,28.581469667600000,667428.147738000028767,511342.194512000016402,10/24/2019 4:10:12 PM,6789_6691
3830,3831,1,3830,41155,88059741,FHPD19OFF067103,FHP,Long,7/25/2019 0:00:00,05:16 PM,Unincorporated,Orange,STATE ROAD 417 (CENTRAL FLORIDA GREENEWAY),STATE ROAD 50 (EAST COLONIAL DRIVE),5280,South,Sideswipe,2,0,0,0,N,Y,N,250.000000000000000,Clear,Daylight,0,Same Direction Sideswipe,S,Property Damage Only,N,"Sideswipe, Same Direction",Motor Vehicle in Transport,On Roadway,Non-Junction,N,Not at Intersection,State,Paved,Dry,None, , ,None, , ,N,N, , , , ,0,0,0,0,0,0,0,0,0,0,0,0,0.000000000000000,0.000000000000000,0,1,0,250,"Mapped, On Network",-81.267454565700007,28.563777351999999,666797.960583999985829,509362.896234999992885,7/30/2019 12:14:18 PM,8572_8453
3831,3832,1,3831,41184,88201033,FHPD19OFF082557,FHP,Short,9/11/2019 0:00:00,04:48 PM,Orlando Expwy Auth,Orange,STATE RD 408,STATE RD 436,5280,East,Sideswipe,2,0,0,0,N,N,N,3250.000000000000000,Clear,Daylight,0,Same Direction Sideswipe,W,Property Damage Only,N,"Sideswipe, Same Direction",Motor Vehicle in Transport,On Roadway,Non-Junction,N,Not at Intersection,Turnpike/Toll,Paved,Dry,None, , ,None, , ,N,N, , , , ,0,0,0,0,0,0,0,0,0,0,0,0,0.000000000000000,0.000000000000000,0,1,0,3250,"Mapped, On Network",-81.294222429300007,28.539746338299999,664243.398065999965183,506637.125959000026342,10/18/2019 1:33:39 PM,8427_6883
3832,3833,1,3832,41199,89214764,2019-00273455,Orlando PD,Short,7/22/2019 0:00:00,07:50 AM,Orlando,Orange,EW WBO,S ROSALIND AV,0,West,Rear End,2,0,0,0,N,N,N,2500.000000000000000,Clear,Daylight,0,Rear End,W,Property Damage Only,Y,Front to Rear,Motor Vehicle in Transport,On Roadway,Non-Junction,N,Not at Intersection,State,Paved,Dry,None, , ,None, , ,N,N, , , , ,0,0,0,0,0,0,0,0,0,0,0,0,0.000000000000000,0.000000000000000,0,0,0,2500,"Mapped, On Network",-81.365761743899995,28.537381835400002,657263.629912000033073,506223.322723000019323,8/2/2019 9:33:37 AM,8309_8313
3833,3834,1,3833,41200,89214754,2019-00269419,Orlando PD,Long,7/18/2019 0:00:00,05:40 PM,Orlando,Orange,SR 408 WBO,I4 WBO (SR 400) EXIT RAMP,100,East,Off Road,1,0,0,1,N,N,N,3000.000000000000000,Clear,Daylight,0,Off Road, ,Injury,Y,Unknown,Other Traffic Barrier,Off Roadway,Entrance/Exit Ramp, ,Not at Intersection,State,Paved,Dry,None, , ,None, , ,N,Y,Work on Shoulder or Median,Activity Area, ,N,0,0,0,0,0,0,0,0,1,0,0,0,1.000000000000000,0.000000000000000,0,0,0,3000,"Mapped, On Network",-81.388122424299993,28.535332213699999,655085.001368000055663,505949.299415000015870,8/2/2019 9:35:06 AM,8272_8254
3834,3835,1,3834,41227,88193309,FHPD19OFF071780,FHP,Long,8/8/2019 0:00:00,05:06 PM,Orlando Expwy Auth,Orange,STATE ROAD 417 SOUTHBOUND,MILE MARKER 17,0, ,Rear End,3,0,0,1,N,Y,N,13700.000000000000000,Cloudy,Daylight,0,Rear End,S,Injury,N,Front to Rear,Motor Vehicle in Transport,On Roadway,Non-Junction,N,Not at Intersection,Turnpike/Toll,Paved,Wet,None, , ,None, , ,N,N, , , , ,0,0,0,0,0,0,0,1,0,0,0,0,1.000000000000000,0.000000000000000,0,1,0,13700,"Mapped, On Network",-81.302447970599999,28.370848806700000,663850.516009000013582,487866.862637999991421,10/10/2019 3:43:55 PM,8601_11015
3835,3836,1,3835,41263,88181530,FHPD19OFF070000,FHP,Long,8/3/2019 0:00:00,04:00 AM,Ocoee,Orange,SB SR429,MM26,100,North,Off Road,1,0,0,0,N,Y,N,5000.000000000000000,Clear,Dark - Lighted,0,Off Road,N,Property Damage Only,N,Other,Guardrail Face,Shoulder,Non-Junction,N,Not at Intersection,State,Paved,Dry,None, , ,None, , ,N,N, , , , ,0,0,0,0,0,0,0,0,0,0,0,0,0.000000000000000,0.000000000000000,0,0,0,5000,"Mapped, On Network",-81.555371411600007,28.596487188600001,638618.469329999992624,512404.677534000016749,9/26/2019 3:09:36 PM,6248_5993
3836,3837,1,3836,41299,88918168,2019-00283181,Orlando PD,Short,7/29/2019 0:00:00,05:30 PM,Orlando,Orange,SR 417,LEE VISTA BOULEVARD,5280,South,Rear End,2,0,0,0,N,N,N,0.000000000000000,Cloudy,Daylight,0,Rear End,N,Property Damage Only,Y,Front to Rear,Motor Vehicle in Transport,On Roadway,Non-Junction,N,Not at Intersection,State,Paved,Wet,None,None,None,None,None,None,N,N, , , , ,0,0,1,0,0,0,0,0,0,0,0,0,0.000000000000000,0.000000000000000,0,0,0,0,"Mapped, On Network",-81.237410392699999,28.470481649600000,669962.997228999971412,499069.805552000005264,9/26/2019 2:47:01 PM,6173_8544
3837,3838,1,3837,41400,88201037,FHPD19OFF084836,FHP,Short,9/18/2019 0:00:00,05:39 PM,Orlando Expwy Auth,Orange,STATE RD 417,DOWDEN RD,100,North,Rear End,2,0,0,0,N,N,N,350.000000000000000,Cloudy,Daylight,0,Rear End,S,Property Damage Only,N,Front to Rear,Motor Vehicle in Transport,On Roadway,Non-Junction,N,Not at Intersection,Turnpike/Toll,Paved,Dry,None, , ,None, , ,N,N, , , , ,0,0,0,0,0,0,0,0,0,0,0,0,0.000000000000000,0.000000000000000,0,1,0,350,"Mapped, On Network",-81.228450080299993,28.428209479700001,670943.965039000031538,494396.041229000024032,10/7/2019 10:33:28 AM,8516_8536
3838,3839,1,3838,41401,88201036,FHPD19OFF084783,FHP,Long,9/18/2019 0:00:00,03:28 PM,Orlando Expwy Auth,Orange,STATE RD 417 EXIT RAMP,STATE RD 528,5280,North,Unknown,2,0,0,1,N,N,N,8500.000000000000000,Clear,Daylight,0,Unknown, ,Injury,N,Angle,Motor Vehicle in Transport,On Roadway,Entrance/Exit Ramp,N,Not at Intersection,Turnpike/Toll,Paved,Dry,None, , ,None, , ,N,Y,Work on Shoulder or Median,Advance Warning Area,N,N,0,0,1,0,0,0,0,1,0,0,0,0,0.000000000000000,0.000000000000000,0,1,0,8500,"Mapped, On Network",-81.232494636599995,28.460447267199999,670468.296816000016406,497966.475227000017185,10/7/2019 10:35:25 AM,8546_7092