FID,OBJECTID_1,Join_Count,TARGET_FID,OBJECTID,HSMV_Repor,Agency_Rep,Reporting_,Form_Type,Crash_Date,Crash_Time,City,County,Crash_Stre,Intersecti,Offset_Dis,Offset_Dir,Crash_Type,Vehicles,Non_Motori,Fatalities,Injuries,Alcohol_Re,Distractio,Drug_Relat,Estimated_,Weather_Co,Light_Cond,Street_Num,Crash_Ty_1,Crash_Ty_2,Crash_Seve,Within_Cit,Manner_of_,First_Harm,First_HE_L,First_HE_R,First_HE_W,Type_of_In,Road_Sys_I,Type_of_Sh,Road_Surf_,Contrib_Ci,Contrib__1,Contrib__2,Contrib__3,Contrib__4,Contrib__5,School_Bus,Work_Zone_,Type_of_Wo,Loc_in_Wor,Workers_in,Law_Enforc,Mopeds,Motorcycle,Passengers,Bicyclists,Pedestrian,Fataliti_1,Injuries_U,Possible_I,Non_Incapa,Incapacita,Fataliti_2,Non_Traffi,Transporte,Transpor_1,Transpor_2,Citations,Property_D,Vehicle_Dm,S4_Mapping,S4_Decimal,S4_Decim_1,S4_Albers_,S4_Albers1,S4_Mappi_1,zone_id_st
3839,3840,1,3839,41447,89118352,2019TA012073,Apopka PD,Long,9/15/2019 0:00:00,12:59 PM,Apopka,Orange,SR 429,SR 414,512,South,Sideswipe,2,0,0,0,N,N,N,250.000000000000000,Clear,Dark - Lighted,0,Same Direction Sideswipe,S,Property Damage Only,Y,"Sideswipe, Same Direction",Motor Vehicle in Transport,Shoulder,Non-Junction,N,Not at Intersection,State,Unpaved,Dry,None, , ,None, , ,N,N, , , , ,0,0,0,0,0,0,0,0,0,0,0,0,0.000000000000000,0.000000000000000,0,0,0,250,"Mapped, On Network",-81.543045843300007,28.644975768500000,639714.117210999946110,517812.422308999986853,9/17/2019 3:05:35 PM,5990_8339
3840,3841,1,3840,41455,88137436,FHPD19OFF063920,FHP,Long,7/15/2019 0:00:00,05:05 PM,Orlando Expwy Auth,Orange,STATE RD 417,STATE RD 423,5280,South,Rear End,2,0,0,0,N,N,N,6500.000000000000000,Rain,Daylight,0,Rear End,N,Property Damage Only,N,Front to Rear,Motor Vehicle in Transport,On Roadway,Non-Junction,N,Not at Intersection,Turnpike/Toll,Paved,Wet,Road Surface Condition, , ,Weather Conditions, , ,N,N, , , , ,0,0,3,0,0,0,0,0,0,0,0,0,0.000000000000000,0.000000000000000,0,1,0,6500,"Mapped, On Network",-81.431849987299998,28.367457388799998,651203.282528999960050,487220.068415999994613,9/30/2019 4:44:57 PM,6959_8287
3841,3842,1,3841,41456,88137434,FHPD19OFF063860,FHP,Long,7/15/2019 0:00:00,02:51 PM,Orlando Expwy Auth,Orange,STATE RD 408,STATE RD 551,5280,West,Other,3,0,0,0,N,N,N,750.000000000000000,Cloudy,Daylight,0,Other,E,Property Damage Only,N,Other,Cargo/Equipment Loss or Shift,On Roadway,Non-Junction,N,Not at Intersection,Turnpike/Toll,Paved,Dry,Debris, , ,Physical Obstruction(s), , ,N,N, , , , ,0,0,0,0,0,0,0,0,0,0,0,0,0.000000000000000,0.000000000000000,0,0,0,750,"Mapped, On Network",-81.302025790599998,28.539446615999999,663482.179958999971859,506587.150749999971595,9/30/2019 4:55:08 PM,6235_6881
3842,3843,1,3842,41503,89217070,2019-00343389,Orlando PD,Long,9/12/2019 0:00:00,07:55 AM,Orlando,Orange,SR 408 WBO,CRYSTAL LAKE DR,0, ,Rear End,2,0,0,1,N,N,N,10000.000000000000000,Clear,Daylight,0,Rear End,W,Injury,Y,Front to Rear,Motor Vehicle in Transport,On Roadway,Non-Junction,N,Not at Intersection,State,Paved,Dry,None, , ,None, , ,N,N, , , , ,0,0,0,0,0,0,0,0,1,0,0,0,1.000000000000000,0.000000000000000,0,0,0,10000,"Mapped, On Network",-81.343585992100003,28.538483205700000,659426.378581000026315,506392.066642999998294,11/8/2019 11:53:04 AM,8353_6185
3843,3844,1,3843,41505,89217740,2019-00340521,Orlando PD,Short,9/10/2019 0:00:00,07:15 AM,Orlando,Orange,EW EBO,ANDES AV (EXIT RAMP),100,West,Sideswipe,2,0,0,0,N,N,N,2000.000000000000000,Clear,Daylight,0,Same Direction Sideswipe,E,Property Damage Only,Y,"Sideswipe, Same Direction",Motor Vehicle in Transport,On Roadway,Entrance/Exit Ramp,N,Not at Intersection,State,Paved,Dry,None, , ,None, , ,N,N, , , , ,0,0,0,0,0,0,0,0,0,0,0,0,0.000000000000000,0.000000000000000,0,0,0,2000,"Mapped, On Network",-81.326820449899998,28.538725694800000,661062.868250000057742,506454.372441000014078,11/8/2019 2:36:21 PM,8355_8348
3844,3845,1,3844,41509,88193354,FHPD19OFF084095,FHP,Long,9/16/2019 0:00:00,01:41 PM,Orlando Expwy Auth,Orange,STATE ROAD 408 EASTBOUND ON RAMP,HIAWASSEE RD,0, ,Rear End,2,0,0,0,N,Y,N,4000.000000000000000,Clear,Daylight,0,Rear End,E,Property Damage Only,N,Front to Rear,Motor Vehicle in Transport,On Roadway,Entrance/Exit Ramp,N,Not at Intersection,Turnpike/Toll,Paved,Dry,None, , ,None, , ,N,N, , , , ,0,0,1,0,0,0,0,0,0,0,0,0,0.000000000000000,0.000000000000000,0,2,0,4000,"Mapped, On Network",-81.473922657900005,28.548224151199999,646677.319103999994695,507206.154704999993555,10/15/2019 4:41:06 PM,8144_8146
3845,3846,1,3845,41514,88124958,FHPD19OFF058343,FHP,Long,6/27/2019 0:00:00,07:53 PM,Orlando Expwy Auth,Orange,STATE ROAD 417 NB MM14,LANDSTAR BLVD,0,North,Sideswipe,2,0,0,0,N,N,N,6600.000000000000000,Clear,Dusk,0,Same Direction Sideswipe,N,Property Damage Only,Y,"Sideswipe, Same Direction",Motor Vehicle in Transport,On Roadway,Non-Junction,N,Not at Intersection,Turnpike/Toll,Paved,Dry,None, , ,None, , ,N,N, , , , ,0,0,0,0,0,0,0,0,0,0,0,0,0.000000000000000,0.000000000000000,0,0,500,6100,"Mapped, On Network",-81.351286102700001,28.368913939500001,659078.961419999948703,487548.481058000004850,7/25/2019 10:19:43 PM,8466_7095
3846,3847,1,3846,41515,88122458,FHPD19OFF064065,FHP,Long,7/16/2019 0:00:00,08:14 AM,Orlando Expwy Auth,Orange,SB SR-429,WEST RD,0,South,Rear End,2,0,0,0,N,N,N,11500.000000000000000,Cloudy,Daylight,0,Rear End,S,Property Damage Only,Y,Front to Rear,Motor Vehicle in Transport,On Roadway,Non-Junction,N,Not at Intersection,Turnpike/Toll,Paved,Dry,None, , ,None, , ,N,N, , , , ,0,0,0,0,0,0,0,0,0,0,0,0,0.000000000000000,0.000000000000000,0,1,0,11500,"Mapped, On Network",-81.545621720000000,28.600960223600001,639560.117963999975473,512920.237123000028078,7/25/2019 10:19:54 PM,8458_8393
3847,3848,1,3847,41523,89215338,2019-00291779,Orlando PD,Short,8/5/2019 0:00:00,07:00 PM,Orlando,Orange,SR 408 EBO (EW EBO),SR 500 (N ORANGE BLOSSOM TRL),30,East,Sideswipe,2,0,0,0,N,N,N,2500.000000000000000,Clear,Daylight,0,Same Direction Sideswipe,E,Property Damage Only,Y,"Sideswipe, Same Direction",Motor Vehicle in Transport,On Roadway,Non-Junction,N,Not at Intersection,State,Paved,Dry,None, , ,None, , ,N,N, , , , ,0,0,1,0,0,0,0,0,0,0,0,0,0.000000000000000,0.000000000000000,0,0,0,2500,"Mapped, On Network",-81.396924716300006,28.535104424400000,654226.000946999993175,505905.830197000002954,10/8/2019 10:44:23 AM,8242_8248
3848,3849,1,3848,41536,88122481,FHPD19OFF077963,FHP,Long,8/27/2019 0:00:00,05:40 PM,Orlando Expwy Auth,Orange,SB SR-417,MOSS PARK RD,0,North,Rear End,5,0,0,2,N,N,N,42500.000000000000000,Cloudy,Daylight,0,Rear End,S,Injury,Y,Front to Rear,Motor Vehicle in Transport,On Roadway,Non-Junction,N,Not at Intersection,Turnpike/Toll,Paved,Dry,None, , ,None, , ,N,N, , , , ,0,0,3,0,0,0,0,1,1,0,0,0,0.000000000000000,0.000000000000000,0,1,0,42500,"Mapped, On Network",-81.227922317799994,28.414886928500000,671028.807165000005625,492918.017466999997851,10/24/2019 3:01:21 PM,8514_6174
3849,3850,1,3849,41555,88137457,FHPD19OFF071993,FHP,Long,8/9/2019 0:00:00,11:52 AM,Orlando Expwy Auth,Orange,STATE RD 417,RHODE ISLAND WOOD CIR,250,South,Rear End,2,0,0,0,N,N,N,5750.000000000000000,Clear,Daylight,0,Rear End,N,Property Damage Only,N,Front to Rear,Motor Vehicle in Transport,On Roadway,Non-Junction,N,Not at Intersection,Turnpike/Toll,Paved,Dry,None, , ,None, , ,N,N, , , , ,0,0,1,0,0,0,0,0,0,0,0,0,0.000000000000000,0.000000000000000,0,1,0,5750,"Mapped, On Network",-81.349805829800005,28.368797884199999,659224.006213000044227,487538.706178999971598,9/25/2019 2:19:36 PM,8466_7095
3850,3851,1,3850,41611,89215075,2019-00291664,Orlando PD,Long,8/5/2019 0:00:00,05:05 PM,Orlando,Orange,SR 528,SR 436 (S SEMORAN BV),15,East,Rear End,2,0,0,1,N,N,N,400.000000000000000,Rain,Daylight,0,Rear End,E,Injury,Y,Front to Rear,Motor Vehicle in Transport,On Roadway,Non-Junction,N,Not at Intersection,State,Paved,Wet,None, , ,None, , ,N,N, , , , ,0,0,2,0,0,0,0,1,0,0,0,0,1.000000000000000,0.000000000000000,0,0,0,400,"Mapped, On Network",-81.309733989300000,28.451352953800001,662942.942097999970429,496789.686441000027116,10/8/2019 10:52:44 AM,8296_8190
3851,3852,1,3851,41647,88196275,FHPD19OFF078143,FHP,Long,8/28/2019 0:00:00,11:25 AM,Orlando Expwy Auth,Orange,STATE ROAD 528 WB MM22.5,DALLAS BLVD,10560,West,Sideswipe,2,0,0,0,N,N,N,310.000000000000000,Cloudy,Daylight,0,Same Direction Sideswipe,W,Property Damage Only,Y,"Sideswipe, Same Direction",Motor Vehicle in Transport,On Roadway,Non-Junction,N,Not at Intersection,Turnpike/Toll,Paved,Wet,None, , ,None, , ,N,N, , , , ,0,0,0,0,0,0,0,0,0,0,0,0,0.000000000000000,0.000000000000000,0,1,0,310,"Mapped, On Network",-81.114521727099998,28.451523455099998,682018.915611000033095,497239.966415999981109,10/24/2019 3:18:04 PM,6073_8099
3852,3853,1,3852,41654,89118255,2019TA011119,Apopka PD,Long,8/26/2019 0:00:00,09:00 PM,Apopka,Orange,SR-429-TOLL,LUST RD,0, ,Rear End,2,0,0,1,N,N,N,5000.000000000000000,Rain,Dark - Not Lighted,0,Rear End, ,Injury,Y,Front to Rear,Motor Vehicle in Transport,On Roadway,Through Roadway,N,Other,Turnpike/Toll,Paved,Wet,None, , ,Unknown,Unknown, ,N,N, , , , ,0,0,1,0,0,0,0,0,1,0,0,0,0.000000000000000,0.000000000000000,0,0,1000,5000,"Mapped, On Network",-81.556052080499995,28.669957441800001,638390.342538999975659,520560.992240999999922,9/4/2019 3:31:13 PM,5880_6221
3853,3854,1,3853,41683,88193331,FHPD19OFF076579,FHP,Short,8/23/2019 0:00:00,03:43 PM,Orlando,Orange,STATE ROAD 417 SOUTHBOUND,MILE MARKER 35,0, ,Sideswipe,2,0,0,0,N,Y,N,6000.000000000000000,Clear,Daylight,0,Same Direction Sideswipe,S,Property Damage Only,N,Angle,Motor Vehicle in Transport,On Roadway,Non-Junction,N,Not at Intersection,Turnpike/Toll,Paved,Wet,None, , ,None, , ,N,N, , , , ,0,0,1,0,0,0,0,0,0,0,0,0,0.000000000000000,0.000000000000000,0,1,0,6000,"Mapped, On Network",-81.250214952999997,28.595531092500000,668402.280003000050783,512925.863700999994762,10/24/2019 2:14:54 PM,8588_8118
3854,3855,1,3854,41684,88193330,FHPD19OFF076250,FHP,Long,8/22/2019 0:00:00,04:18 PM,Orlando Expwy Auth,Orange,STATE ROAD 417 SOUTHBOUND,MILE  MARKER 34,0, ,Sideswipe,3,0,0,1,N,Y,N,20000.000000000000000,Clear,Daylight,0,Same Direction Sideswipe,S,Injury,N,"Sideswipe, Same Direction",Motor Vehicle in Transport,On Roadway,Non-Junction,N,Not at Intersection,Turnpike/Toll,Paved,Dry,None, , ,None, , ,N,N, , , , ,0,0,1,0,0,0,0,1,0,0,0,0,1.000000000000000,0.000000000000000,0,1,1000,19000,"Mapped, On Network",-81.264525511800002,28.575519638100001,667054.973002000013366,510672.962594999989960,10/24/2019 2:16:45 PM,6691_8563
3855,3856,1,3855,41689,88201015,FHPD19OFF076437,FHP,Long,8/23/2019 0:00:00,09:25 AM,Orlando Expwy Auth,Orange,STATE RD 417,TOWN LOOP BLVD,5280,South,Sideswipe,2,0,0,0,N,N,N,2000.000000000000000,Clear,Daylight,0,Same Direction Sideswipe,N,Property Damage Only,N,"Sideswipe, Same Direction",Other Non-Collision,On Roadway,Non-Junction,N,Not at Intersection,Turnpike/Toll,Paved,Dry,None, , ,None, , ,N,N, , , , ,0,0,0,0,0,0,0,0,0,0,0,0,0.000000000000000,0.000000000000000,0,1,0,2000,"Mapped, On Network",-81.419393752900007,28.374981055500001,652404.025753000052646,488080.875697000010405,10/24/2019 2:10:28 PM,8107_8280
3856,3857,1,3856,41707,88137432,FHPD19OFF063368,FHP,Short,7/13/2019 0:00:00,04:47 PM,Orlando Expwy Auth,Orange,STATE RD 408,GOOD HOMES RD,5280,East,Sideswipe,2,0,0,0,N,N,N,5000.000000000000000,Cloudy,Daylight,0,Same Direction Sideswipe,E,Property Damage Only,N,"Sideswipe, Same Direction",Motor Vehicle in Transport,On Roadway,Non-Junction,N,Not at Intersection,Turnpike/Toll,Paved,Dry,None, , ,None, , ,N,N, , , , ,0,0,1,0,0,0,0,0,0,0,0,0,0.000000000000000,0.000000000000000,0,1,0,5000,"Mapped, On Network",-81.499909047800003,28.546750254999999,644143.355618000030518,506990.787996999977622,7/25/2019 5:52:49 PM,8154_6302
3857,3858,1,3857,41738,88127906,FHPD19OFF075321,FHP,Long,8/19/2019 0:00:00,05:23 PM,Oviedo,Seminole,STATE ROAD 417,MM 38,5280,South,Other,4,0,0,0,N,N,N,4750.000000000000000,Cloudy,Daylight,0,Other,N,Property Damage Only,N,Other,"Struck by Falling, Shifting Cargo",On Roadway,Non-Junction,N,Not at Intersection,State,Paved,Dry,None, , ,None, , ,N,N, , , , ,0,0,2,0,0,0,0,0,0,0,0,0,0.000000000000000,0.000000000000000,0,3,0,4750,"Mapped, On Network",-81.257785399200003,28.609368500799999,667629.292343999957666,514445.746052999980748,11/18/2019 10:15:24 AM,5988_6758
3858,3859,1,3858,41785,88918512,2019-00296976,Orlando PD,Long,8/9/2019 0:00:00,07:38 PM,Orlando,Orange,EW EBO,LAKE UNDERHILL RD,0, ,Unknown,2,0,0,0,N,N,N,500.000000000000000,Clear,Daylight,0,Unknown, ,Property Damage Only,Y,Angle,Motor Vehicle in Transport,On Roadway,Non-Junction,N,Not at Intersection,Interstate,Paved,Dry,None, , ,None, , ,N,N, , , , ,0,0,0,0,0,0,0,0,0,0,0,0,0.000000000000000,0.000000000000000,0,0,0,500,"Mapped, On Network",-81.335155851400003,28.538291638899999,660250.001001000055112,506388.560288999986369,10/20/2019 3:14:28 PM,6227_8355
3859,3860,1,3859,41795,88137431,FHPD19OFF063304,FHP,Long,7/13/2019 0:00:00,01:44 PM,Orlando Expwy Auth,Orange,STATE RD 408,GOOD HOMES RD,5280,East,Sideswipe,2,0,0,0,N,N,N,9000.000000000000000,Cloudy,Daylight,0,Same Direction Sideswipe,W,Property Damage Only,N,"Sideswipe, Same Direction",Motor Vehicle in Transport,On Roadway,Non-Junction,N,Not at Intersection,Turnpike/Toll,Paved,Dry,None, , ,None, , ,N,N, , , , ,0,0,0,0,0,0,0,0,0,0,0,0,0.000000000000000,0.000000000000000,0,0,0,9000,"Mapped, On Network",-81.486608046599997,28.549016754899998,645436.939447000040673,507268.847607999981847,7/25/2019 10:19:25 PM,8148_6298
3860,3861,1,3860,41842,88119249,FHPD19OFF072342,FHP,Long,8/10/2019 0:00:00,09:35 AM,Orlando Expwy Auth,Orange,SR-528 (MM18),INNOVATION WAY,5280,West,Off Road,1,0,0,0,N,N,N,4300.000000000000000,Clear,Daylight,0,Off Road,E,Property Damage Only,N,Other,Guardrail Face,Median,Non-Junction,N,Not at Intersection,Turnpike/Toll,Paved,Dry,None, , ,None, , ,N,N, , , , ,0,0,1,0,0,0,0,0,0,0,0,0,0.000000000000000,0.000000000000000,0,1,500,3800,"Mapped, On Network",-81.187520129999996,28.451595289099998,674885.318547999951988,497083.106727999984287,10/11/2019 11:57:39 AM,6945_8095
3861,3862,1,3861,41860,89215943,2019-00293964,Orlando PD,Long,8/7/2019 0:00:00,11:40 AM,Orlando,Orange,SR 408 WBO,US 441 (S ORANGE BLOSSOM TR) EXIT RAMP,20,West,Off Road,1,0,0,0,N,N,N,1500.000000000000000,Cloudy,Daylight,0,Off Road,W,Property Damage Only,Y,"Sideswipe, Same Direction",Guardrail End,On Roadway,Non-Junction,N,Not at Intersection,State,Paved,Dry,None, , ,None, , ,N,N, , , , ,0,0,0,0,0,0,0,0,0,0,0,0,0.000000000000000,0.000000000000000,0,0,0,1500,"Mapped, On Network",-81.394807238599995,28.535315108799999,654432.276658999966457,505933.589895999990404,10/24/2019 1:40:32 PM,8272_8254
3862,3863,1,3862,41905,88027294,FHPD19OFF081722,FHP,Long,9/9/2019 0:00:00,11:15 AM,Orlando Expwy Auth,Orange,SR-528,SR-520,0, ,Rear End,3,0,0,7,N,Y,N,15050.000000000000000,Clear,Daylight,0,Rear End,W,Injury,N,Front to Rear,Motor Vehicle in Transport,On Roadway,Non-Junction,N,Not at Intersection,Turnpike/Toll,Paved,Dry,None, , ,None, , ,N,N, , , , ,0,0,5,0,0,0,0,4,3,0,0,0,3.000000000000000,0.000000000000000,0,1,0,15050,"Mapped, On Network",-80.984262982299995,28.452639011599999,694744.543478999985382,497668.442327000026125,10/23/2019 4:29:55 PM,8091_5943
3863,3864,1,3863,41932,85579100,FHPD19OFF076086,FHP,Short,8/22/2019 0:00:00,07:53 AM,Orlando City Code Enforcement,Orange,STATE ROAD 408 EAST BOUND,STATE ROAD 50,5280,East,Rear End,2,0,0,0,N,N,N,6000.000000000000000,Clear,Daylight,0,Rear End,E,Property Damage Only,N,Front to Rear,Motor Vehicle in Transport,On Roadway,Non-Junction,N,Not at Intersection,State,Paved,Dry,Obstruction in Roadway, , ,None, , ,N,Y,Work on Shoulder or Median,Activity Area,Y,N,0,0,1,0,0,0,0,0,0,0,0,0,0.000000000000000,0.000000000000000,0,1,0,6000,"Mapped, On Network",-81.196699191799993,28.551358831300000,673736.488277000025846,508139.169915999984369,8/26/2019 11:22:05 AM,8041_6970
3864,3865,1,3864,41947,85204415,FHPD19OFF062267,FHP,Long,7/10/2019 0:00:00,04:40 AM,Unincorporated,Orange,EAST-WEST EXPY,STATE ROAD 435,0,West,Sideswipe,2,0,0,0,N,N,N,1000.000000000000000,Clear,Dark - Lighted,0,Same Direction Sideswipe,E,Property Damage Only,N,"Sideswipe, Same Direction",Motor Vehicle in Transport,On Roadway,Non-Junction,N,Not at Intersection,State,Paved,Dry,None, , ,None, , ,N,N, , , , ,0,0,0,0,0,0,0,0,0,0,0,0,0.000000000000000,0.000000000000000,0,1,0,1000,"Mapped, On Network",-81.463739663499993,28.549911873100001,647667.717516000033356,507413.957381999993231,7/23/2019 3:30:03 PM,6068_8208
3865,3866,1,3865,41970,89214975,2019-00294401,Orlando PD,Short,8/7/2019 0:00:00,06:06 PM,Orlando,Orange,EB SR 408,SR 436,50,West,Rear End,2,0,0,0,N,N,N,501.000000000000000,Cloudy,Daylight,0,Rear End,E,Property Damage Only,Y,Front to Rear,Motor Vehicle in Transport,On Roadway,Non-Junction,N,Not at Intersection,Turnpike/Toll,Paved,Wet,None, , ,None, , ,N,N, , , , ,0,0,0,0,0,0,0,0,0,0,0,0,0.000000000000000,0.000000000000000,0,0,0,501,"Mapped, On Network",-81.310986871799997,28.539424020700000,662607.241015000035986,506565.526927999977488,10/19/2019 12:45:42 PM,6301_6218
3866,3867,1,3866,41974,88201018,FHPD19OFF078480,FHP,Long,8/29/2019 0:00:00,08:49 AM,Orlando Expwy Auth,Orange,STATE RD 528,STATE RD 520,10,East,Rear End,2,0,0,0,N,N,N,500.000000000000000,Clear,Daylight,0,Rear End,W,Property Damage Only,N,Other,Motor Vehicle in Transport,On Roadway,Non-Junction,N,Not at Intersection,Turnpike/Toll,Paved,Dry,None, , ,None, , ,N,Y,Lane Closure,Activity Area,Y,Y,0,0,0,0,0,0,0,0,0,0,0,0,0.000000000000000,0.000000000000000,0,0,0,500,"Mapped, On Network",-80.982697192900005,28.452692998200000,694897.399456999963149,497678.179597000009380,10/24/2019 3:15:17 PM,6598_8091
3867,3868,1,3867,41975,88201017,FHPD19OFF077762,FHP,Long,8/27/2019 0:00:00,08:25 AM,Orlando Expwy Auth,Orange,STATE RD 417,DOWDEN RD,100,North,Rear End,3,0,0,0,N,N,N,6500.000000000000000,Clear,Daylight,0,Rear End,N,Property Damage Only,N,Front to Rear,Motor Vehicle in Transport,On Roadway,Non-Junction,N,Not at Intersection,Turnpike/Toll,Paved,Dry,None, , ,None, , ,N,N, , , , ,0,0,1,0,0,0,0,0,0,0,0,0,0.000000000000000,0.000000000000000,0,1,0,6500,"Mapped, On Network",-81.228169241800003,28.428731658499999,670970.111509999958798,494454.635048999974970,10/24/2019 3:16:44 PM,8538_6642
3868,3869,1,3868,42040,88119235,FHPD19OFF057542,FHP,Long,6/25/2019 0:00:00,03:44 PM,Orlando Expwy Auth,Orange,SR-417,MM30 (CURRY FORD ROAD),60,North,Other,5,0,0,0,N,N,N,2000.000000000000000,Clear,Daylight,0,Other,S,Property Damage Only,N,Other,Cargo/Equipment Loss or Shift,On Roadway,Non-Junction,N,Not at Intersection,Turnpike/Toll,Paved,Dry,None, , ,None, , ,N,N, , , , ,0,0,0,0,0,0,0,0,0,0,0,0,0.000000000000000,0.000000000000000,0,2,0,2000,"Mapped, On Network",-81.250915355199993,28.518570577399998,668524.448979999986477,504379.558880999975372,7/25/2019 10:20:29 PM,6968_8555
3869,3870,1,3869,42041,88122453,FHPD19OFF062669,FHP,Long,7/11/2019 0:00:00,12:30 PM,Ocoee,Orange,NB SR-429,PLANT STREET,0,South,Sideswipe,2,0,0,0,N,N,N,6000.000000000000000,Cloudy,Daylight,0,Same Direction Sideswipe,N,Property Damage Only,Y,"Sideswipe, Same Direction",Motor Vehicle in Transport,On Roadway,Non-Junction,N,Not at Intersection,Turnpike/Toll,Paved,Dry,None, , ,None, , ,N,N, , , , ,0,0,1,0,0,0,0,0,0,0,0,0,0.000000000000000,0.000000000000000,0,1,0,6000,"Mapped, On Network",-81.556763110000006,28.568830458099999,638543.494889999972656,509331.156805999984499,7/25/2019 10:21:04 PM,8421_8425
3870,3871,1,3870,42103,85204416,FHPD19OFF071590,FHP,Long,8/8/2019 0:00:00,08:10 AM,Unincorporated,Orange,SR-429-TOLL N,WEST ROAD,0,South,Rear End,2,0,0,0,N,N,N,5000.000000000000000,Clear,Daylight,0,Rear End,S,Property Damage Only,N,Front to Rear,Motor Vehicle in Transport,On Roadway,Non-Junction,N,Not at Intersection,State,Paved,Dry,None, , ,None, , ,N,N, , , , ,0,0,0,0,0,0,0,0,0,0,0,0,0.000000000000000,0.000000000000000,0,3,0,5000,"Mapped, On Network",-81.552274897600000,28.598397455499999,638916.467507999972440,512622.776731999998447,8/28/2019 5:27:20 PM,8393_6248
3871,3872,1,3871,42133,88161986,FHPD19OFF060325,FHP,Long,7/3/2019 0:00:00,10:41 PM,Orlando,Orange,STATE ROAD 417 (CENTRAL FLORIDA GREENEWAY),STATE ROAD 528 (BEACHLINE EXPRESSWAY,800,South,Rear End,2,0,0,0,N,Y,N,1200.000000000000000,Cloudy,Dark - Lighted,0,Rear End,N,Property Damage Only,N,Front to Rear,Motor Vehicle in Transport,On Roadway,Non-Junction,N,Not at Intersection,State,Paved,Wet,None, , ,None, , ,N,N, , , , ,0,0,0,0,0,0,0,0,0,0,0,0,0.000000000000000,0.000000000000000,0,0,0,1200,"Mapped, On Network",-81.230076126399993,28.443002846900001,670748.130953000043519,496034.955291000020225,7/25/2019 2:25:33 PM,7993_7091
3872,3873,1,3872,42192,88161560,FHPD19OFF082509,FHP,Long,9/11/2019 0:00:00,02:47 PM,Orlando Expwy Auth,Orange,SR-417 (MM29),CURRY FORD RD,80,North,Unknown,2,0,0,0,N,N,N,1000.000000000000000,Clear,Daylight,0,Unknown, ,Property Damage Only,N,Angle,Motor Vehicle in Transport,On Roadway,Entrance/Exit Ramp,N,Not at Intersection,Turnpike/Toll,Paved,Dry,None, , ,None, , ,N,N, , , , ,0,0,0,0,0,0,0,0,0,0,0,0,0.000000000000000,0.000000000000000,0,0,0,1000,"Mapped, On Network",-81.249504205799994,28.513918722700001,668673.786088000051677,503866.144443999975920,10/23/2019 4:08:55 PM,8557_8553
3873,3874,1,3873,42226,89213445,2019-00255515,Orlando PD,Long,7/8/2019 0:00:00,07:40 AM,Orlando,Orange,SR 408 WBO,CRYSTAL LAKE EXIT RAMP,50,West,Rear End,3,0,0,0,N,N,N,2300.000000000000000,Clear,Daylight,0,Rear End,W,Property Damage Only,Y,Front to Rear,Motor Vehicle in Transport,On Roadway,Non-Junction,N,Not at Intersection,State,Paved,Dry,None, , ,None, , ,N,N, , , , ,0,0,0,0,0,0,0,0,0,0,0,0,0.000000000000000,0.000000000000000,0,0,0,2300,"Mapped, On Network",-81.339446215300001,28.538520479100001,659830.518730000010692,506404.921071999997366,7/25/2019 1:44:08 PM,6177_8353
3874,3875,1,3874,42239,89216056,2019-00317891,Orlando PD,Short,8/22/2019 0:00:00,08:45 AM,Orlando,Orange,SR 408 (WEST),PRIMROSE DRIVE,1000,West,Rear End,2,0,0,0,N,N,N,3500.000000000000000,Clear,Daylight,0,Rear End,W,Property Damage Only,Y,Front to Rear,Motor Vehicle in Transport,On Roadway,Non-Junction,N,Not at Intersection,Interstate,Paved,Dry,None, , ,None, , ,N,N, , , , ,0,0,0,0,0,0,0,0,0,0,0,0,0.000000000000000,0.000000000000000,0,0,0,3500,"Mapped, On Network",-81.348039778800000,28.538428665900000,658991.617479000007734,506376.649149000004400,10/31/2019 2:32:47 PM,6185_8318
3875,3876,1,3875,42260,88027295,FHPD19OFF081672,FHP,Long,9/9/2019 0:00:00,09:05 AM,Orlando Expwy Auth,Orange,SR-528,SR-520,10560,West,Rear End,3,0,0,3,N,Y,N,25000.000000000000000,Clear,Daylight,0,Rear End,W,Injury,N,Front to Rear,Motor Vehicle in Transport,On Roadway,Non-Junction,N,Not at Intersection,Turnpike/Toll,Paved,Dry,None, , ,None, , ,N,N, , , , ,0,0,0,0,0,0,0,0,3,0,0,0,2.000000000000000,0.000000000000000,0,1,0,25000,"Mapped, On Network",-81.010420875899996,28.452558031599999,692188.709953999961726,497597.200468999973964,10/23/2019 4:26:31 PM,8091_5943
3876,3877,1,3876,42311,88137438,FHPD19OFF063985,FHP,Long,7/15/2019 0:00:00,08:03 PM,Orlando Expwy Auth,Orange,STATE RD 528 EXIT RAMP,STATE RD 15 NARCOOSSEE RD,15,West,Rear End,2,0,0,1,N,N,N,5000.000000000000000,Clear,Dusk,0,Rear End,E,Injury,N,Front to Rear,Motor Vehicle in Transport,On Roadway,Entrance/Exit Ramp,N,Four-Way Intersection,Turnpike/Toll,Paved,Dry,None, , ,None, , ,N,N, , , , ,0,0,0,0,0,0,0,1,0,0,0,0,0.000000000000000,0.000000000000000,0,1,0,5000,"Mapped, On Network",-81.270184183900000,28.448440195100002,666815.019742000033148,496551.236692000005860,7/24/2019 1:25:53 PM,6156_8052