FID,OBJECTID_1,Join_Count,TARGET_FID,OBJECTID,HSMV_Repor,Agency_Rep,Reporting_,Form_Type,Crash_Date,Crash_Time,City,County,Crash_Stre,Intersecti,Offset_Dis,Offset_Dir,Crash_Type,Vehicles,Non_Motori,Fatalities,Injuries,Alcohol_Re,Distractio,Drug_Relat,Estimated_,Weather_Co,Light_Cond,Street_Num,Crash_Ty_1,Crash_Ty_2,Crash_Seve,Within_Cit,Manner_of_,First_Harm,First_HE_L,First_HE_R,First_HE_W,Type_of_In,Road_Sys_I,Type_of_Sh,Road_Surf_,Contrib_Ci,Contrib__1,Contrib__2,Contrib__3,Contrib__4,Contrib__5,School_Bus,Work_Zone_,Type_of_Wo,Loc_in_Wor,Workers_in,Law_Enforc,Mopeds,Motorcycle,Passengers,Bicyclists,Pedestrian,Fataliti_1,Injuries_U,Possible_I,Non_Incapa,Incapacita,Fataliti_2,Non_Traffi,Transporte,Transpor_1,Transpor_2,Citations,Property_D,Vehicle_Dm,S4_Mapping,S4_Decimal,S4_Decim_1,S4_Albers_,S4_Albers1,S4_Mappi_1,zone_id_st
3877,3878,1,3877,42327,87250688,FHPD19OFF066895,FHP,Long,7/25/2019 0:00:00,08:17 AM,Unincorporated,Orange,STATE ROAD 408,MM 4,0, ,Off Road,1,0,0,0,N,N,N,15000.000000000000000,Rain,Daylight,0,Off Road,E,Property Damage Only,N,Other,Concrete Traffic Barrier,On Roadway,Non-Junction,N,Not at Intersection,County,Curb,Wet,None, , ,Weather Conditions, , ,N,N, , , , ,0,0,0,0,0,0,0,0,0,0,0,0,0.000000000000000,0.000000000000000,0,0,0,15000,"Mapped, On Network",-81.459278862900007,28.549727620100001,648103.678007000009529,507402.466421000019182,10/2/2019 10:14:29 AM,8208_8205
3878,3879,1,3878,42338,88196276,FHPD19OFF078446,FHP,Short,8/29/2019 0:00:00,07:32 AM,Orlando Expwy Auth,Orange,STATE ROAD 408 WB MM17,DEAN RD,300,East,Rear End,2,0,0,0,N,N,N,4000.000000000000000,Clear,Daylight,0,Rear End,W,Property Damage Only,Y,Front to Rear,Motor Vehicle in Transport,On Roadway,Non-Junction,N,Not at Intersection,Turnpike/Toll,Paved,Dry,None, , ,None, , ,N,N, , , , ,0,0,0,0,0,0,0,0,0,0,0,0,0.000000000000000,0.000000000000000,0,1,0,4000,"Mapped, On Network",-81.243248038199994,28.547367299899999,669201.762921000015922,507593.525511000014376,10/24/2019 3:17:20 PM,8005_8013
3879,3880,1,3879,42374,85579099,FHPD19OFF071327,FHP,Short,8/7/2019 0:00:00,12:38 PM,Unincorporated,Orange,STATE ROAD 417 NORTH BOUND,STATE ROAD 423 MERGE RAMPT TO 417,5280,South,Rear End,2,0,0,0,N,N,N,4000.000000000000000,Clear,Daylight,0,Rear End,N,Property Damage Only,N,Front to Rear,Motor Vehicle in Transport,On Roadway,Non-Junction,N,Not at Intersection,State,Unpaved,Dry,None, , ,None, , ,N,N, , , , ,0,0,0,0,0,0,0,0,0,0,0,0,0.000000000000000,0.000000000000000,0,1,0,4000,"Mapped, On Network",-81.420516646999999,28.374715059200000,652294.831594999996014,488049.043584999977611,10/11/2019 12:01:56 PM,8107_8280
3880,3881,1,3880,42416,85579098,FHPD19OFF071253,FHP,Short,8/7/2019 0:00:00,07:34 AM,Unincorporated,Orange,STATE ROAD 417 SOUTHBOUND,CURRY FORD ROAD EXIT RAMP,0,South,Rear End,2,0,0,0,N,N,N,5000.000000000000000,Clear,Daylight,0,Rear End,S,Property Damage Only,N,Front to Rear,Motor Vehicle in Transport,On Roadway,Non-Junction,N,Not at Intersection,State,Paved,Dry,None, , ,None, , ,N,N, , , , ,0,0,1,0,0,0,0,0,0,0,0,0,0.000000000000000,0.000000000000000,0,1,0,5000,"Mapped, On Network",-81.248916599799998,28.511938822699999,668736.080069000017829,503647.599639000021853,9/20/2019 11:31:04 AM,8555_8559
3881,3882,1,3881,42420,88193336,FHPD19OFF078587,FHP,Short,8/29/2019 0:00:00,02:35 PM,Orlando Expwy Auth,Orange,STATE ROAD 408 WESTBOUND,MILE MARKER 6,0, ,Sideswipe,2,0,0,0,N,Y,N,1200.000000000000000,Clear,Daylight,0,Same Direction Sideswipe,W,Property Damage Only,N,"Sideswipe, Same Direction",Motor Vehicle in Transport,On Roadway,Non-Junction,N,Not at Intersection,Turnpike/Toll,Paved,Dry,None, , ,None, , ,N,N, , , , ,0,0,0,0,0,0,0,0,0,0,0,0,0.000000000000000,0.000000000000000,0,1,0,1200,"Mapped, On Network",-81.442682899999994,28.548429735300001,649727.045900000026450,507291.859242999984417,10/24/2019 3:26:26 PM,6489_6994
3882,3883,1,3882,42421,88193333,FHPD19OFF077518,FHP,Long,8/26/2019 0:00:00,03:24 PM,Orlando Expwy Auth,Orange,STATE ROAD 528 EASTBOUND,MILE MARKER 24,0, ,Rear End,3,0,0,0,N,Y,N,16000.000000000000000,Cloudy,Daylight,0,Rear End,E,Property Damage Only,N,Front to Rear,Motor Vehicle in Transport,On Roadway,Non-Junction,N,Not at Intersection,Turnpike/Toll,Paved,Wet,None, , ,None, , ,N,N, , , , ,0,0,5,0,0,0,0,0,0,0,0,0,0.000000000000000,0.000000000000000,0,1,500,15500,"Mapped, On Network",-81.094566511699995,28.451484105199999,683969.028170999954455,497281.392717999988236,10/24/2019 3:40:22 PM,8109_6321
3883,3884,1,3883,42479,88137433,FHPD19OFF063539,FHP,Long,7/14/2019 0:00:00,12:19 PM,Orlando Expwy Auth,Orange,STATE RD 408 ENTRANCE RAMP,HIAWASSEE RD,200,East,Sideswipe,3,0,0,0,N,N,N,7500.000000000000000,Clear,Daylight,0,Same Direction Sideswipe,E,Property Damage Only,N,Other,Other Non-Collision,On Roadway,Entrance/Exit Ramp,N,Not at Intersection,Turnpike/Toll,Paved,Dry,None, , ,None, , ,N,N, , , , ,0,0,1,0,0,0,0,0,0,0,0,0,0.000000000000000,0.000000000000000,0,0,0,7500,"Mapped, Not On Network",-81.483189999999993,28.549130024400000,645770.414400000008754,507288.231900000013411,7/25/2019 5:52:07 PM,8148_6298
3884,3885,1,3884,42501,88173397,FHPD19OFF078153,FHP,Long,8/28/2019 0:00:00,12:10 PM,Orlando Expwy Auth,Orange,STATE RD 417 (GREENEWAY EXPY),MILE MARKER 31,200,South,Off Road,1,0,0,1,N,N,N,4500.000000000000000,Clear,Daylight,0,Off Road,S,Injury,N,Other,Guardrail Face,On Roadway,Non-Junction,N,Not at Intersection,State,Unpaved,Dry,None, , ,None, , ,N,N, , , , ,0,0,0,0,0,0,0,1,0,0,0,0,0.000000000000000,0.000000000000000,0,0,0,4500,"Mapped, On Network",-81.251085505899994,28.532107992400000,668474.320671000052243,505882.225717999972403,10/25/2019 1:52:16 PM,7071_6968
3885,3886,1,3885,42544,89216380,2019-00309150,Orlando PD,Short,8/18/2019 0:00:00,09:50 PM,Orlando,Orange,SR 408 (E/W EXPRESSWAY),SR 15 (MILLS AVE),300,East,Rear End,2,0,0,0,N,N,N,300.000000000000000,Clear,Dark - Lighted,0,Rear End,W,Property Damage Only,Y,Front to Rear,Motor Vehicle in Transport,On Roadway,Non-Junction,N,Not at Intersection,State,Paved,Dry,Work Zone, , ,None, , ,N,Y,Lane Closure,Transition Area,Y,Y,0,0,3,0,0,0,0,0,0,0,0,0,0.000000000000000,0.000000000000000,0,0,0,300,"Mapped, On Network",-81.358631320399994,28.538402458000000,657957.463661000016145,506351.538771999999881,10/8/2019 1:26:50 PM,8318_8309
3886,3887,1,3886,42627,88184547,FHPD19OFF075099,FHP,Long,8/19/2019 0:00:00,01:07 AM,Orlando,Orange,STATE ROAD 408 WB,COLONIAL DRIVE,0, ,Other,1,0,0,0,N,Y,N,5500.000000000000000,Cloudy,Dark - Not Lighted,0,Single Vehicle,W,Property Damage Only,N,Other,Other Non-Collision,Off Roadway,Non-Junction,N,Not at Intersection,State,Paved,Wet,None, , ,None, , ,N,N, , , , ,0,0,1,0,0,0,0,0,0,0,0,0,0.000000000000000,0.000000000000000,0,0,500,5000,"Mapped, On Network",-81.191207097900005,28.560498987500001,674249.568489999976009,509166.176702000026125,10/7/2019 11:48:06 AM,8178_6921
3887,3888,1,3887,42652,88027284,FHPD19OFF063941,FHP,Short,7/15/2019 0:00:00,05:35 PM,Orlando Expwy Auth,Orange,SR-408 (W/B ENT RAMP),SR-434 (ALAFAYA TRAIL),100,West,Rear End,2,0,0,0,N,Y,N,750.000000000000000,Clear,Daylight,0,Rear End,W,Property Damage Only,N,Front to Rear,Motor Vehicle in Transport,On Roadway,Entrance/Exit Ramp,N,Not at Intersection,Turnpike/Toll,Paved,Wet,None, , ,None, , ,N,N, , , , ,0,0,1,0,0,0,0,0,0,0,0,0,0.000000000000000,0.000000000000000,0,1,0,750,"Mapped, Not On Network",-81.203944043899995,28.549835705900001,673033.000000000000000,507954.000000000000000,7/25/2019 10:22:58 PM,8041_6970
3888,3889,1,3888,42861,89215434,2019-00291690,Orlando PD,Short,8/5/2019 0:00:00,05:35 PM,Orlando,Orange,EW WBO,S ORANGE BLOSSOM TL,600,West,Rear End,2,0,0,0,N,N,N,4000.000000000000000,Rain,Daylight,0,Rear End,W,Property Damage Only,Y,Front to Rear,Motor Vehicle in Transport,On Roadway,Non-Junction,N,Not at Intersection,State,Paved,Wet,None, , ,None, , ,N,N, , , , ,0,0,0,0,0,0,0,0,0,0,0,0,0.000000000000000,0.000000000000000,0,0,0,4000,"Mapped, On Network",-81.399280865700007,28.535256463900001,653995.568702999968082,505917.856059000012465,10/1/2019 11:38:28 AM,8254_8252
3889,3890,1,3889,42874,88122480,FHPD19OFF077879,FHP,Short,8/27/2019 0:00:00,03:15 PM,Orlando Expwy Auth,Orange,EB SR-528,SR-520,21120,West,Sideswipe,2,0,0,0,N,N,N,7500.000000000000000,Cloudy,Daylight,0,Same Direction Sideswipe,E,Property Damage Only,Y,"Sideswipe, Same Direction",Motor Vehicle in Transport,On Roadway,Non-Junction,N,Not at Intersection,Turnpike/Toll,Paved,Dry,None, , ,None, , ,N,N, , , , ,0,0,0,0,0,0,0,0,0,0,0,0,0.000000000000000,0.000000000000000,0,1,0,7500,"Mapped, On Network",-81.044297374600006,28.452144901600001,688879.502795999986120,497471.518573999986984,10/20/2019 2:22:59 PM,7008_7061
3890,3891,1,3890,42882,89215423,2019-00291695,Orlando PD,Short,8/5/2019 0:00:00,05:39 PM,Orlando,Orange,EW WBO,S ORANGE BLOSSOM TL,600,East,Rear End,2,0,0,0,N,N,N,3000.000000000000000,Rain,Daylight,0,Rear End,W,Property Damage Only,Y,Front to Rear,Motor Vehicle in Transport,On Roadway,Non-Junction,N,Not at Intersection,State,Paved,Wet,None, , ,None, , ,N,N, , , , ,0,0,0,0,0,0,0,0,0,0,0,0,0.000000000000000,0.000000000000000,0,0,0,3000,"Mapped, On Network",-81.395127091399999,28.535267305400001,654401.155495999963023,505927.622327000019141,10/8/2019 11:30:19 AM,8272_8254
3891,3892,1,3891,42891,88185342,FHPD19OFF078805,FHP,Long,8/30/2019 0:00:00,04:13 AM,Unincorporated,Orange,STATE ROAD 528,INNOVATION WAY,5280,East,Animal,1,0,0,0,N,N,N,10000.000000000000000,Clear,Dark - Not Lighted,0,Animal,W,Property Damage Only,N,Other,Animal,On Roadway,Non-Junction,N,Not at Intersection,State,Paved,Dry,None, , ,None, , ,N,N, , , , ,0,0,0,0,0,0,0,0,0,0,0,0,0.000000000000000,0.000000000000000,0,0,0,10000,"Mapped, On Network",-81.153756706899998,28.451730824900000,678184.347986000007950,497173.869960999989416,11/7/2019 3:46:46 PM,6073_8099
3892,3893,1,3892,42895,88161561,FHPD19OFF082622,FHP,Long,9/11/2019 0:00:00,07:26 PM,Orlando Expwy Auth,Orange,SR-528 (MM29.5),SR-520,5280,West,Off Road,1,0,0,0,N,N,N,4400.000000000000000,Rain,Dark - Not Lighted,0,Off Road,W,Property Damage Only,N,Other,Cable Barrier,Median,Non-Junction,N,Not at Intersection,Turnpike/Toll,Paved,Wet,None, , ,None, , ,N,N, , , , ,0,0,1,0,0,0,0,0,0,0,0,0,0.000000000000000,0.000000000000000,0,1,800,3600,"Mapped, On Network",-80.984569999800001,28.452639011599999,694714.542951000039466,497667.708534999983385,10/23/2019 4:07:22 PM,8091_5943
3893,3894,1,3893,42948,88176067,FHPD19OFF076585,FHP,Long,8/23/2019 0:00:00,03:50 PM,Orlando Expwy Auth,Orange,SR-417,MM-37,100,North,Rear End,2,0,0,1,N,Y,N,1095.000000000000000,Rain,Daylight,0,Rear End,S,Injury,N,Front to Rear,Motor Vehicle in Transport,On Roadway,Non-Junction,N,Not at Intersection,Turnpike/Toll,Paved,Wet,None, , ,None, , ,N,N, , , , ,0,0,2,0,0,0,0,0,1,0,0,0,0.000000000000000,0.000000000000000,0,1,0,1095,"Mapped, On Network",-81.256498841199999,28.607039227100000,667760.589200000045821,514189.924938999989536,10/24/2019 2:40:39 PM,6052_8088
3894,3895,1,3894,43007,88122478,FHPD19OFF077569,FHP,Short,8/26/2019 0:00:00,04:40 PM,Orlando Expwy Auth,Orange,EB SR-528,SR-15,5280,West,Rear End,2,0,0,0,N,N,N,15000.000000000000000,Cloudy,Daylight,0,Rear End,E,Property Damage Only,Y,Front to Rear,Motor Vehicle in Transport,On Roadway,Non-Junction,N,Not at Intersection,Turnpike/Toll,Paved,Wet,None, , ,None, , ,N,N, , , , ,0,0,0,0,0,0,0,0,0,0,0,0,0.000000000000000,0.000000000000000,0,1,0,15000,"Mapped, On Network",-81.272659958800006,28.448375160699999,666573.234152000048198,496538.661575999984052,10/19/2019 1:19:22 PM,6156_8052
3895,3896,1,3895,43008,88122476,FHPD19OFF076664,FHP,Long,8/23/2019 0:00:00,05:44 PM,Orlando Expwy Auth,Orange,EB SR-408,DEAN ROAD,5280,West,Other,1,0,0,0,N,N,N,20000.000000000000000,Cloudy,Daylight,0,Single Vehicle,E,Property Damage Only,Y,Other,Jackknife,On Roadway,Non-Junction,N,Not at Intersection,Turnpike/Toll,Paved,Wet,None, , ,None, , ,N,Y,Work on Shoulder or Median,Activity Area,Y,N,0,0,0,0,0,0,0,0,0,0,0,0,0.000000000000000,0.000000000000000,0,0,0,20000,"Mapped, On Network",-81.252538864100003,28.547318967599999,668294.767114000045694,507567.911072999995667,10/19/2019 1:02:39 PM,8027_6269
3896,3897,1,3896,43024,89215400,2019-00319678,Orlando PD,Short,8/23/2019 0:00:00,03:50 PM,Orlando,Orange,EW EBO,I4 WBO,0, ,Rear End,2,0,0,0,N,N,N,1000.000000000000000,Rain,Daylight,0,Rear End,W,Property Damage Only,Y,Front to Rear,Motor Vehicle in Transport,On Roadway,Non-Junction,Y,Not at Intersection,Other,Curb,Wet,None, , ,Weather Conditions, , ,N,N, , , , ,0,0,0,0,0,0,0,0,0,0,0,0,0.000000000000000,0.000000000000000,0,0,0,1000,"Mapped, On Network",-81.385225317600003,28.535088573800000,655368.474138000048697,505928.244053000002168,10/20/2019 3:02:00 PM,6679_6276
3897,3898,1,3897,43128,88918467,2019-00319176,Orlando PD,Long,8/23/2019 0:00:00,08:27 AM,Orlando,Orange,EAST/WEST EXPRESSWAY (SR 408) (WBO),S PRIMROSE DR,0, ,Rear End,2,0,0,0,N,N,N,2000.000000000000000,Cloudy,Daylight,0,Rear End,W,Property Damage Only,Y,Front to Rear,Motor Vehicle in Transport,On Roadway,Non-Junction,N,Not at Intersection,Interstate,Paved,Dry,None, , ,None, , ,N,N, , , , ,0,0,1,0,0,0,0,0,0,0,0,0,0.000000000000000,0.000000000000000,0,1,0,2000,"Mapped, On Network",-81.347930291799997,28.538458659300002,659002.236750000040047,506380.209280000010040,10/19/2019 12:37:57 PM,6185_8318
3898,3899,1,3898,43152,88169339,FHPD19OFF061273,FHP,Long,7/7/2019 0:00:00,03:49 AM,Unincorporated,Orange,STATE ROAD 408 (EAST WEST EXPRESSWAY)(MM6),STATE ROAD 408(EAST WEST EXPRESSWAY),0, ,Other,2,0,0,0,N,N,N,1500.000000000000000,Clear,Dark - Lighted,0,Other,W,Property Damage Only,N,Other,Motor Vehicle in Transport,On Roadway,Non-Junction,N,Not at Intersection,State,Paved,Dry,None, , ,None, , ,N,N, , , , ,0,0,2,0,0,0,0,0,0,0,0,0,0.000000000000000,0.000000000000000,0,1,0,1500,"Mapped, On Network",-81.442645565299998,28.548409233000001,649730.738404999952763,507289.658447999972850,8/27/2019 1:33:40 PM,6489_6994
3899,3900,1,3899,43172,83213578,FHPK19OFF044793,FHP,Long,8/2/2019 0:00:00,04:15 PM,Ocoee,Orange,SR 429,WEST ROAD,0,South,Sideswipe,2,0,0,0,N,N,N,2000.000000000000000,Rain,Daylight,0,Same Direction Sideswipe,S,Property Damage Only,N,"Sideswipe, Same Direction",Motor Vehicle in Transport,On Roadway,Non-Junction,N,Not at Intersection,State,Paved,Wet,None, , ,None, , ,N,N, , , , ,0,0,0,0,0,0,0,0,0,0,0,0,0.000000000000000,0.000000000000000,0,2,0,2000,"Mapped, On Network",-81.551010991300004,28.598890170899999,639038.731471000006422,512679.934004999988247,8/28/2019 4:50:23 PM,8393_6248
3900,3901,1,3900,43203,89215988,2019-00300141,Orlando PD,Long,8/12/2019 0:00:00,09:00 AM,Orlando,Orange,SR 408 EBO,I4 (SR 400) ENTRANCE RAMP,75,West,Unknown,3,0,0,2,N,N,N,4750.000000000000000,Clear,Daylight,0,Unknown, ,Injury,Y,Angle,Motor Vehicle in Transport,On Roadway,Non-Junction,N,Not at Intersection,State,Paved,Dry,None, , ,None, , ,N,Y,Lane Shift/Crossover,Activity Area,N,N,0,0,0,0,0,0,0,2,0,0,0,0,0.000000000000000,0.000000000000000,0,0,0,4750,"Mapped, On Network",-81.389797403399996,28.535144370299999,654921.883092000032775,505924.979261000000406,10/24/2019 3:45:18 PM,8267_6679
3901,3902,1,3901,43300,89216186,2019-00320243,Orlando PD,Long,8/24/2019 0:00:00,12:20 AM,Orlando,Orange,SR417,NARCOOSSEE RD,0,North,Other,1,0,0,1,Y,N,N,15000.000000000000000,Clear,Dark - Lighted,0,Single Vehicle,N,Injury,Y,Other,Motor Vehicle in Transport,On Roadway,Non-Junction,N,Not at Intersection,State,Paved,Dry,None,None,None,None,None,None,N,N, , , , ,0,0,0,0,0,0,0,0,0,1,0,0,1.000000000000000,0.000000000000000,0,1,0,15000,"Mapped, On Network",-81.244154929399997,28.400576960999999,669477.506544000003487,491293.624435000005178,10/31/2019 2:43:27 PM,8512_8598
3902,3903,1,3902,43303,87250690,FHPD19OFF076091,FHP,Short,8/22/2019 0:00:00,08:02 AM,Unincorporated,Orange,SR408,MM6,0, ,Rear End,2,0,0,0,N,N,N,5500.000000000000000,Clear,Daylight,0,Rear End,E,Property Damage Only,N,Front to Rear,Motor Vehicle in Transport,On Roadway,Non-Junction,N,Not at Intersection,Interstate,Paved,Dry,None, , ,None, , ,N,N, , , , ,0,0,0,0,0,0,0,0,0,0,0,0,0.000000000000000,0.000000000000000,0,1,0,5500,"Mapped, On Network",-81.443589852900004,28.548240049400000,649638.929530999972485,507268.961696000013035,11/1/2019 11:49:47 AM,8205_6294
3903,3904,1,3903,43332,88172610,FHPD19OFF062437,FHP,Long,7/10/2019 0:00:00,04:36 PM,Orlando,Orange,STATE ROAD 417 (CENTRAL FLORIDA GREENWAY),MILE MARKER 9,20,South,Rear End,2,0,0,1,N,Y,N,500.000000000000000,Clear,Daylight,0,Rear End,N,Injury,N,Front to Rear,Motor Vehicle in Transport,On Roadway,Non-Junction,N,Not at Intersection,Turnpike/Toll,Paved,Dry,None, , ,None, , ,N,N, , , , ,0,0,0,0,0,0,0,1,0,0,0,0,0.000000000000000,0.000000000000000,0,0,0,500,"Mapped, On Network",-81.429826460800001,28.369319702599999,651396.874503999948502,487430.969813000003342,8/26/2019 8:53:24 AM,8287_8107
3904,3905,1,3904,43334,88172608,FHPD19OFF062244,FHP,Long,7/9/2019 0:00:00,10:27 PM,Orlando,Orange,ENTRANCE RAMP STATE ROAD 417,STATE ROAD 528,70,North,Off Road,1,0,0,0,N,Y,N,2100.000000000000000,Clear,Dark - Not Lighted,0,Off Road,N,Property Damage Only,N,Other,Guardrail Face,On Roadway,Non-Junction,N,Not at Intersection,Turnpike/Toll,Curb,Dry,None, , ,None, , ,N,N, , , , ,0,0,0,0,0,0,0,0,0,0,0,0,0.000000000000000,0.000000000000000,0,0,100,2000,"Mapped, On Network",-81.239532364499993,28.451208601699999,669803.580716999946162,496925.302642999973614,8/26/2019 8:56:50 AM,8074_8019
3905,3906,1,3905,43348,88137454,FHPD19OFF069808,FHP,Long,8/2/2019 0:00:00,05:11 PM,Orlando Expwy Auth,Orange,STATE RD 528,STATE RD 520,15840,West,Rear End,3,0,0,6,N,N,N,16000.000000000000000,Rain,Daylight,0,Rear End,W,Injury,N,Front to Rear,Motor Vehicle in Transport,On Roadway,Non-Junction,N,Not at Intersection,Turnpike/Toll,Paved,Wet,Road Surface Condition, , ,Weather Conditions, , ,N,Y,Intermittent or Moving Work,Activity Area,N,N,0,0,9,0,0,0,0,6,0,0,0,0,5.000000000000000,0.000000000000000,0,1,0,16000,"Mapped, On Network",-81.019715862599995,28.452520769100001,691280.534765999997035,497571.073565999977291,9/13/2019 11:12:11 AM,5943_6937
3906,3907,1,3906,43349,88137453,FHPD19OFF069850,FHP,Short,8/2/2019 0:00:00,06:06 PM,Orlando Expwy Auth,Orange,STATE RD 429,WEST RD,5280,North,Rear End,2,0,0,0,N,N,N,1750.000000000000000,Rain,Daylight,0,Rear End,N,Property Damage Only,N,Front to Rear,Motor Vehicle in Transport,On Roadway,Non-Junction,N,Not at Intersection,Turnpike/Toll,Paved,Wet,Road Surface Condition, , ,Weather Conditions, , ,N,N, , , , ,0,0,0,0,0,0,0,0,0,0,0,0,0.000000000000000,0.000000000000000,0,1,0,1750,"Mapped, On Network",-81.537678398300002,28.606264586700000,640323.562883000005968,513524.653414000000339,9/13/2019 11:13:01 AM,7012_8458
3907,3908,1,3907,43383,88196278,FHPD19OFF078920,FHP,Short,8/30/2019 0:00:00,11:39 AM,Orlando Expwy Auth,Orange,STATE ROAD 417 SB MM37,ALOMA AVE,0,South,Sideswipe,2,0,0,0,N,N,N,1000.000000000000000,Rain,Daylight,0,Same Direction Sideswipe,S,Property Damage Only,Y,"Sideswipe, Same Direction",Motor Vehicle in Transport,On Roadway,Non-Junction,N,Not at Intersection,Turnpike/Toll,Paved,Wet,None, , ,None, , ,N,N, , , , ,0,0,0,0,0,0,0,0,0,0,0,0,0.000000000000000,0.000000000000000,0,0,0,1000,"Mapped, On Network",-81.257091741200000,28.607708249000002,667701.080314000020735,514262.917676999990363,10/31/2019 3:00:03 PM,6052_8088
3908,3909,1,3908,43445,88196273,FHPD19OFF077482,FHP,Long,8/26/2019 0:00:00,02:07 PM,Orlando Expwy Auth,Orange,STATE ROAD 528 EB MM24,DALLAS BLVD,5280,West,Other,1,0,0,0,N,N,N,6000.000000000000000,Rain,Daylight,0,Single Vehicle,E,Property Damage Only,Y,Other,Jackknife,Median,Non-Junction,N,Not at Intersection,Turnpike/Toll,Paved,Wet,"Worn, Travel-Polished Surface",Road Surface Condition, ,None, , ,N,N, , , , ,0,0,0,0,0,0,0,0,0,0,0,0,0.000000000000000,0.000000000000000,0,0,2000,4000,"Mapped, On Network",-81.103751769499993,28.451397123200000,683071.678692999994382,497250.617050000000745,10/31/2019 3:17:18 PM,6488_8109
3909,3910,1,3909,43446,88196272,FHPD19OFF077378,FHP,Long,8/26/2019 0:00:00,08:13 AM,Orlando Expwy Auth,Orange,STATE ROAD 417 NB,STATE ROAD 408,300,South,Other,1,0,0,0,N,N,N,3000.000000000000000,Clear,Daylight,0,Single Vehicle,N,Property Damage Only,Y,Other,Motor Vehicle in Transport,On Roadway,Non-Junction,N,Not at Intersection,Turnpike/Toll,Paved,Dry,None, , ,None, , ,N,N, , , , ,0,0,0,0,0,0,0,0,0,0,0,0,0.000000000000000,0.000000000000000,0,0,0,3000,"Mapped, On Network",-81.254752657500006,28.544515448500000,668085.552421999978833,507251.826539999980014,10/31/2019 3:18:13 PM,6035_2529
3910,3911,1,3910,43453,88176070,FHPD19OFF077572,FHP,Long,8/26/2019 0:00:00,05:15 PM,Orlando Expwy Auth,Orange,SR-417,MM27,400,South,Rollover,1,0,0,0,N,Y,N,15000.000000000000000,Cloudy,Daylight,0,Rollover,N,Property Damage Only,N,Other,Overturn/Rollover,On Roadway,Through Roadway,N,Not at Intersection,Turnpike/Toll,Curb,Dry,None, , ,None, , ,N,N, , , , ,0,0,0,0,0,0,0,0,0,0,0,0,0.000000000000000,0.000000000000000,0,1,10000,5000,"Mapped, On Network",-81.237890120000003,28.471615081500001,669913.306412999983877,499194.598647999984678,10/31/2019 3:38:56 PM,6173_8544
3911,3912,1,3911,43464,89215267,2019-00318998,Orlando PD,Long,8/23/2019 0:00:00,06:00 AM,Orlando,Orange,S.R. 528 / BEE LINE EXPRESSWAY (WESTBOUND),S.R.551 / S. GOLDENROD ROAD (OVER PASS),900,East,Rear End,2,0,0,1,N,N,N,1900.000000000000000,Clear,Dark - Lighted,0,Rear End,W,Injury,Y,Front to Rear,Motor Vehicle in Transport,On Roadway,Non-Junction,N,Not at Intersection,State,Paved,Dry,None, , ,None, , ,N,N, , , , ,0,0,0,0,0,0,0,1,0,0,0,0,0.000000000000000,0.000000000000000,0,0,0,1900,"Mapped, On Network",-81.283675812599995,28.448957319600002,665495.282881999970414,496579.533120999985840,10/23/2019 2:15:45 PM,8172_8180
3912,3913,1,3912,43468,89214830,2019-00315136,Orlando PD,Long,8/20/2019 0:00:00,08:00 AM,Orlando,Orange,S.R. 528 / BEE LINE EXPRESSWAY (WESTBOUND),S.R. 436 / S. SEMORAN BOULEVARD,900,East,Rear End,2,0,0,0,N,N,N,1000.000000000000000,Clear,Daylight,0,Rear End,W,Property Damage Only,Y,Front to Rear,Motor Vehicle in Transport,On Roadway,Non-Junction,N,Not at Intersection,State,Paved,Dry,None, , ,None, , ,N,N, , , , ,0,0,0,0,0,0,0,0,0,0,0,0,0.000000000000000,0.000000000000000,0,0,0,1000,"Mapped, On Network",-81.304997304300002,28.451563178000001,663405.315412000054494,496823.136526999995112,10/23/2019 2:27:40 PM,6664_8199
3913,3914,1,3913,43471,89213595,2019-00319796,Orlando PD,Long,8/23/2019 0:00:00,05:25 PM,Orlando,Orange,SR 408 EAST (EAST WEST EXPRESSWAY), ,0, ,Rear End,2,0,0,0,N,N,N,250.000000000000000,Clear,Daylight,0,Rear End, ,Property Damage Only,Y,Front to Rear,Motor Vehicle in Transport,On Roadway,Non-Junction,N,Not at Intersection,State,Paved,Dry,None, , ,None, , ,N,N, , , , ,0,0,0,0,0,0,0,0,0,0,0,0,0.000000000000000,0.000000000000000,0,0,0,250,"Mapped, On Network",-81.392107973899996,28.535125399300000,654696.302573999972083,505918.098480999993626,10/23/2019 2:32:38 PM,8248_8267
3914,3915,1,3914,43505,88193332,FHPD19OFF076707,FHP,Long,8/23/2019 0:00:00,07:48 PM,Orlando Expwy Auth,Orange,STATE ROAD 417 SOUTHBOUND,MILE MARKER 27,0, ,Off Road,1,0,0,0,N,Y,N,13000.000000000000000,Clear,Dark - Lighted,0,Off Road,S,Property Damage Only,N,Other,Guardrail Face,Off Roadway,Non-Junction,N,Not at Intersection,Turnpike/Toll,Paved,Dry,None, , ,None, , ,N,N, , , , ,0,0,0,0,0,0,0,0,0,0,0,0,0.000000000000000,0.000000000000000,0,1,1000,12000,"Mapped, On Network",-81.238420482500004,28.473027364899998,669857.975927000050433,499350.241589999990538,10/31/2019 3:31:28 PM,8546_7092