FID,OBJECTID_1,Join_Count,TARGET_FID,OBJECTID,HSMV_Repor,Agency_Rep,Reporting_,Form_Type,Crash_Date,Crash_Time,City,County,Crash_Stre,Intersecti,Offset_Dis,Offset_Dir,Crash_Type,Vehicles,Non_Motori,Fatalities,Injuries,Alcohol_Re,Distractio,Drug_Relat,Estimated_,Weather_Co,Light_Cond,Street_Num,Crash_Ty_1,Crash_Ty_2,Crash_Seve,Within_Cit,Manner_of_,First_Harm,First_HE_L,First_HE_R,First_HE_W,Type_of_In,Road_Sys_I,Type_of_Sh,Road_Surf_,Contrib_Ci,Contrib__1,Contrib__2,Contrib__3,Contrib__4,Contrib__5,School_Bus,Work_Zone_,Type_of_Wo,Loc_in_Wor,Workers_in,Law_Enforc,Mopeds,Motorcycle,Passengers,Bicyclists,Pedestrian,Fataliti_1,Injuries_U,Possible_I,Non_Incapa,Incapacita,Fataliti_2,Non_Traffi,Transporte,Transpor_1,Transpor_2,Citations,Property_D,Vehicle_Dm,S4_Mapping,S4_Decimal,S4_Decim_1,S4_Albers_,S4_Albers1,S4_Mappi_1,zone_id_st
3915,3916,1,3915,43511,88016526,FHPK19OFF050770,FHP,Long,8/31/2019 0:00:00,09:57 AM,Orlando,Orange,STATE ROAD 528 (BEACHLINE EXPRESSWAY),JETPORT DRIVE,5280,West,Off Road,1,0,0,5,N,N,N,35000.000000000000000,Rain,Daylight,0,Off Road,W,Injury,N,Unknown,Guardrail Face,Shoulder,Through Roadway,N,Not at Intersection,State,Paved,Wet,Work Zone, , ,Weather Conditions, , ,N,Y,Lane Shift/Crossover,Activity Area,N,N,0,0,4,0,0,0,0,1,2,2,0,0,4.000000000000000,0.000000000000000,0,3,15000,20000,"Mapped, On Network",-81.328205379799996,28.451427473599999,661137.677703000023030,496758.709124999993946,11/1/2019 12:07:52 PM,6094_8344
3916,3917,1,3916,43522,89214058,2019-00310312,Orlando PD,Long,8/20/2019 0:00:00,05:55 PM,Orlando,Orange,S.R. 408,S.R. 436 (SEMORAN BOULEVARD),50,East,Rear End,4,0,0,2,N,N,N,7600.000000000000000,Clear,Daylight,0,Rear End,E,Injury,Y,Front to Rear,Motor Vehicle in Transport,On Roadway,Through Roadway,N,Not at Intersection,State,Paved,Wet,None, , ,None, , ,N,N, , , , ,0,0,0,0,0,0,0,1,1,0,0,0,0.000000000000000,0.000000000000000,0,0,0,7600,"Mapped, On Network",-81.310240809099994,28.539430323099999,662680.074184000026435,506567.815692999982275,10/25/2019 11:23:32 AM,6301_6218
3917,3918,1,3917,43525,88193334,FHPD19OFF077527,FHP,Long,8/26/2019 0:00:00,03:35 PM,Orlando Expwy Auth,Orange,STATE ROAD 417 SOUTHBOUND OFF RAMP,ORANGE BLOSSOM TRL,0, ,Rollover,1,0,0,0,N,N,N,10000.000000000000000,Clear,Daylight,0,Rollover,S,Property Damage Only,N,Other,Overturn/Rollover,Off Roadway,Entrance/Exit Ramp,N,Not at Intersection,Turnpike/Toll,Unpaved,Dry,None, , ,None, , ,N,N, , , , ,0,0,0,0,0,0,0,0,0,0,0,0,0.000000000000000,0.000000000000000,0,0,0,10000,"Mapped, Not On Network",-81.399889999999999,28.370710048799999,654321.368327999953181,487646.728668000025209,10/30/2019 12:01:26 PM,8017_6167
3918,3919,1,3918,43527,88196274,FHPD19OFF077738,FHP,Long,8/27/2019 0:00:00,07:43 AM,Orlando Expwy Auth,Orange,STATE ROAD 408 WB MM19,ROUSE RD,0,West,Rear End,3,0,0,0,N,N,N,10000.000000000000000,Clear,Daylight,0,Rear End,W,Property Damage Only,Y,Front to Rear,Motor Vehicle in Transport,On Roadway,Non-Junction,N,Not at Intersection,Turnpike/Toll,Paved,Dry,None, , ,None, , ,N,N, , , , ,0,0,0,0,0,0,0,0,0,0,0,0,0.000000000000000,0.000000000000000,0,1,0,10000,"Mapped, On Network",-81.226876139900000,28.547359207300001,670800.259583999984898,507628.473801999993157,10/31/2019 3:20:10 PM,6045_6306
3919,3920,1,3919,43594,88122479,FHPD19OFF077635,FHP,Long,8/26/2019 0:00:00,07:38 PM,Orlando Expwy Auth,Orange,WB SR-408,SR-551,0,East,Off Road,1,0,0,0,N,N,N,10000.000000000000000,Rain,Dusk,0,Off Road,W,Property Damage Only,Y,Other,Concrete Traffic Barrier,On Roadway,Non-Junction,N,Not at Intersection,Turnpike/Toll,Paved,Wet,None, , ,None, , ,N,N, , , , ,0,0,0,0,0,0,0,0,0,0,0,0,0.000000000000000,0.000000000000000,0,1,0,10000,"Mapped, On Network",-81.281357139400001,28.542755568499999,665492.238530999980867,506998.871181000024080,11/1/2019 10:51:44 AM,6918_8406
3920,3921,1,3920,43692,89215753,2019-00318443,Orlando PD,Long,8/22/2019 0:00:00,04:14 PM,Orlando,Orange,408 EBO,I4 EBO,0,East,Rear End,2,0,0,0,N,N,N,1100.000000000000000,Clear,Daylight,0,Rear End,E,Property Damage Only,Y,Front to Rear,Motor Vehicle in Transport,On Roadway,Non-Junction,N,Not at Intersection,State,Paved,Dry,None, , ,None, , ,N,N, , , , ,0,0,0,0,0,0,0,0,0,0,0,0,0.000000000000000,0.000000000000000,0,0,0,1100,"Mapped, On Network",-81.382996686599995,28.535127130599999,655586.006878999993205,505937.142214999999851,10/12/2019 11:24:32 AM,6679_6276
3921,3922,1,3921,43693,89214928,2019-00323771,Orlando PD,Long,8/26/2019 0:00:00,08:36 PM,Orlando,Orange,EW EBO,S MILLS AV,300,West,Rear End,4,0,0,5,N,N,N,36000.000000000000000,Rain,Dark - Lighted,0,Rear End,E,Injury,Y,Front to Rear,Motor Vehicle in Transport,On Roadway,Non-Junction,N,Not at Intersection,State,Paved,Wet,None, , ,None, , ,N,N, , , , ,0,0,2,0,0,0,0,2,3,0,0,0,0.000000000000000,0.000000000000000,0,0,0,36000,"Mapped, On Network",-81.365208453600005,28.537074692899999,657318.385590999969281,506190.374942000024021,10/20/2019 3:20:54 PM,8305_8315
3922,3923,1,3922,43694,89215731,2019-00331016,Orlando PD,Long,9/1/2019 0:00:00,09:29 PM,Orlando,Orange,EAST WEST EXPRESSWAY (SR 408),ROSALIND AVE (EXIT 11A),500,East,Sideswipe,2,0,0,1,N,N,N,2000.000000000000000,Clear,Dark - Lighted,0,Same Direction Sideswipe,W,Injury,Y,"Sideswipe, Same Direction",Motor Vehicle in Transport,On Roadway,Non-Junction,N,Not at Intersection,State,Curb,Wet,None, , ,None, , ,N,N, , , , ,0,0,0,0,0,0,0,1,0,0,0,0,0.000000000000000,0.000000000000000,0,0,0,2000,"Mapped, On Network",-81.374465580000006,28.537079390100001,656414.444066999945790,506171.613693999999668,11/6/2019 3:29:08 PM,6737_6230
3923,3924,1,3923,43718,88137455,FHPD19OFF070158,FHP,Long,8/3/2019 0:00:00,05:09 PM,Orlando Expwy Auth,Orange,STATE RD 417,LEE VISTA BLVD,5280,South,Other,2,0,0,0,N,N,N,6500.000000000000000,Cloudy,Daylight,0,Other,N,Property Damage Only,N,Other,Other Non-Collision,On Roadway,Non-Junction,N,Not at Intersection,Turnpike/Toll,Paved,Dry,None, , ,None, , ,N,N, , , , ,0,0,0,0,0,0,0,0,0,0,0,0,0.000000000000000,0.000000000000000,0,1,1500,5000,"Mapped, On Network",-81.237416004500005,28.470479674700002,669962.453835999942385,499069.573994999984279,9/13/2019 11:17:43 AM,6173_8544
3924,3925,1,3924,43721,89215021,2019-00282541,Orlando PD,Long,7/29/2019 0:00:00,07:29 AM,Orlando,Orange,SR 408 WBO,S ROSALIND EXIT RAMP,500,East,Rear End,2,0,0,0,N,N,N,2500.000000000000000,Clear,Daylight,0,Rear End,W,Property Damage Only,Y,Front to Rear,Motor Vehicle in Transport,On Roadway,Intersection,N,Not at Intersection,State,Paved,Dry,None, , ,None, , ,N,N, , , , ,0,0,0,0,0,0,0,0,0,0,0,0,0.000000000000000,0.000000000000000,0,1,0,2500,"Mapped, On Network",-81.363910697899996,28.537474288799999,657444.158811999950558,506237.450947000004817,8/28/2019 3:08:46 PM,8309_8313
3925,3926,1,3925,43725,88201019,FHPD19OFF078515,FHP,Long,8/29/2019 0:00:00,11:00 AM,Orlando Expwy Auth,Orange,STATE RD 528,MONUMENT PKWY,10560,East,Other,1,0,0,0,N,N,N,6000.000000000000000,Clear,Daylight,0,Single Vehicle,E,Property Damage Only,N,Other,Other Non-Collision,On Roadway,Non-Junction,N,Not at Intersection,Turnpike/Toll,Paved,Dry,None, , ,None, , ,N,Y,Intermittent or Moving Work,Activity Area,N,N,0,0,1,0,0,0,0,0,0,0,0,0,0.000000000000000,0.000000000000000,0,0,1500,4500,"Mapped, On Network",-81.123283537500001,28.451366795300000,681163.121149000013247,497202.565309999976307,10/31/2019 3:35:33 PM,8101_6488
3926,3927,1,3926,43734,88161555,FHPD19OFF077719,FHP,Long,8/27/2019 0:00:00,07:08 AM,Orlando Expwy Auth,Orange,SR-417 (MM36),COLONIAL DRIVE,5280,North,Off Road,1,0,0,1,N,N,N,6400.000000000000000,Clear,Daylight,0,Off Road,S,Injury,N,Other,Impact Attenuator/Crash Cushion,Separator,Non-Junction,N,Not at Intersection,Turnpike/Toll,Paved,Dry,None, , ,None, , ,N,Y,Work on Shoulder or Median,Advance Warning Area,Y,N,0,0,0,0,0,0,0,0,1,0,0,0,1.000000000000000,0.000000000000000,0,0,400,6000,"Mapped, On Network",-81.250698691699995,28.594100175200001,668358.613474000012502,512765.939367000013590,10/31/2019 3:45:49 PM,8588_8118
3927,3928,1,3927,43747,88196282,FHPD19OFF080173,FHP,Long,9/3/2019 0:00:00,03:11 PM,Orlando Expwy Auth,Orange,STATE ROAD 408 EB OFF RAMP,GOOD HOMES RD,200,East,Off Road,1,0,0,1,N,N,N,4625.000000000000000,Cloudy,Daylight,0,Off Road,E,Injury,Y,Other,Guardrail Face,Shoulder,Entrance/Exit Ramp,N,Not at Intersection,Turnpike/Toll,Paved,Wet,None, , ,Weather Conditions, , ,N,N, , , , ,0,0,2,0,0,0,0,0,1,0,0,0,1.000000000000000,0.000000000000000,0,0,625,4000,"Mapped, On Network",-81.502798964500002,28.546291776600000,643862.213937000022270,506934.163469000020996,9/11/2019 2:00:39 PM,8152_8154
3928,3929,1,3928,43750,88169927,FHPD19OFF070636,FHP,Long,8/5/2019 0:00:00,12:25 PM,Orlando,Orange,STATE ROAD 417,BOGGY CREEK ROAD,400,West,Off Road,1,0,0,0,N,N,N,12000.000000000000000,Clear,Daylight,0,Off Road,W,Property Damage Only,N,Other,Guardrail Face,Off Roadway,Non-Junction,N,Not at Intersection,State,Unpaved,Dry,None, , ,None, , ,N,N, , , , ,0,0,0,0,0,0,0,0,0,0,0,0,0.000000000000000,0.000000000000000,0,0,7000,5000,"Mapped, On Network",-81.311934468999993,28.368945288700001,662927.386246999958530,487635.252118000003975,9/17/2019 2:33:30 PM,11015_8482
3929,3930,1,3929,43752,88168889,FHPD19OFF069452,FHP,Short,8/1/2019 0:00:00,07:39 PM,Orlando,Orange,SR-528 TOLL,SR-520,5280,West,Off Road,1,0,0,0,N,N,N,3300.000000000000000,Rain,Dusk,0,Off Road,E,Property Damage Only,N,Other,Guardrail Face,Off Roadway,Non-Junction,N,Not at Intersection,Turnpike/Toll,Curb,Wet,None, , ,None, , ,N,N, , , , ,0,0,0,0,0,0,0,0,0,0,0,0,0.000000000000000,0.000000000000000,0,0,300,3000,"Mapped, On Network",-81.000415118500001,28.452410282300001,693166.836526000057347,497604.544724999985192,9/13/2019 12:02:07 PM,7061_8083
3930,3931,1,3930,43816,88196277,FHPD19OFF078847,FHP,Long,8/30/2019 0:00:00,08:11 AM,Orlando Expwy Auth,Orange,STATE ROAD 408 WB MM17,STATE ROAD 417,100,West,Rear End,2,0,0,0,N,N,N,6000.000000000000000,Clear,Daylight,0,Rear End,W,Property Damage Only,Y,Front to Rear,Motor Vehicle in Transport,On Roadway,Non-Junction,N,Not at Intersection,Turnpike/Toll,Paved,Dry,None, , ,None, , ,N,N, , , , ,0,0,0,0,0,0,0,0,0,0,0,0,0.000000000000000,0.000000000000000,0,1,0,6000,"Mapped, On Network",-81.258975857099998,28.547502839400000,667665.832384999957867,507574.337531000026502,10/31/2019 3:24:39 PM,6971_6258
3931,3932,1,3931,43840,88193340,FHPD19OFF080235,FHP,Long,9/3/2019 0:00:00,07:53 PM,Orlando Expwy Auth,Orange,STATE ROAD 528 EASTBOUND,MILE MARKER 14.5,0, ,Off Road,1,0,0,0,N,N,N,9000.000000000000000,Rain,Dark - Lighted,0,Off Road,E,Property Damage Only,N,Other,Utility Pole/Light Support,Off Roadway,Non-Junction,N,Not at Intersection,Turnpike/Toll,Paved,Wet,Road Surface Condition, , ,Weather Conditions, , ,N,N, , , , ,0,0,0,0,0,0,0,0,0,0,0,0,0.000000000000000,0.000000000000000,0,0,5000,4000,"Mapped, On Network",-81.255996858900005,28.448889603600001,668200.364759000018239,496631.910878000024240,9/16/2019 12:19:51 PM,8060_6666
3932,3933,1,3932,43841,88193339,FHPD19OFF080215,FHP,Long,9/3/2019 0:00:00,06:36 PM,Orlando Expwy Auth,Orange,STATE ROAD 417 SOUTHBOUND,MILE MARKER 37,0, ,Off Road,1,0,0,0,N,N,N,1000.000000000000000,Rain,Daylight,0,Off Road,S,Property Damage Only,N,Other,Other Fixed Object,Off Roadway,Non-Junction,N,Not at Intersection,Turnpike/Toll,Paved,Wet,Road Surface Condition, , ,None, , ,N,N, , , , ,0,0,0,0,0,0,0,0,0,0,0,0,0.000000000000000,0.000000000000000,0,0,0,1000,"Mapped, On Network",-81.253626241800006,28.603662141299999,668049.255206999951042,513821.215580000018235,9/16/2019 12:22:07 PM,8565_8588
3933,3934,1,3933,43874,88027286,FHPD19OFF065982,FHP,Long,7/22/2019 0:00:00,09:40 AM,Orlando Expwy Auth,Orange,SR-417,CURRY FORD ROAD,5280,South,Other,2,0,0,0,N,N,N,2000.000000000000000,Clear,Daylight,0,Other,N,Property Damage Only,N,Other,"Struck by Falling, Shifting Cargo",On Roadway,Non-Junction,N,Not at Intersection,Turnpike/Toll,Paved,Dry,None, , ,None, , ,N,N, , , , ,0,0,0,0,0,0,0,0,0,0,0,0,0.000000000000000,0.000000000000000,0,1,0,2000,"Mapped, On Network",-81.242974440500006,28.492024888000000,669365.877068000030704,501449.551008999987971,8/26/2019 10:55:41 AM,6315_6965
3934,3935,1,3934,43898,88199814,FHPD19OFF082278,FHP,Long,9/10/2019 0:00:00,09:25 PM,Unincorporated,Orange,STATE ROAD 417,MM30.5,100,South,Rear End,2,0,0,0,N,Y,N,23000.000000000000000,Clear,Dark - Lighted,0,Rear End,N,Property Damage Only,N,Front to Rear,Motor Vehicle in Transport,On Roadway,Non-Junction,N,Not at Intersection,State,Paved,Dry,None, , ,None, , ,N,N, , , , ,0,0,0,0,0,0,0,0,0,0,0,0,0.000000000000000,0.000000000000000,0,0,3000,20000,"Mapped, On Network",-81.250590211800002,28.519216341000000,668554.604159999988042,504451.965058000001591,11/8/2019 1:14:18 PM,8553_6689
3935,3936,1,3935,43937,88176068,FHPD19OFF076902,FHP,Long,8/24/2019 0:00:00,02:32 PM,Orlando Expwy Auth,Orange,SR-528,MM 28.5,0, ,Other,1,0,0,0,N,N,N,5000.000000000000000,Cloudy,Daylight,0,Single Vehicle,W,Property Damage Only,N,Other,Ran into Water/Canal,Off Roadway,Through Roadway,N,Not at Intersection,Turnpike/Toll,Paved,Dry,None, , ,None, , ,N,N, , , , ,0,0,1,0,0,0,0,0,0,0,0,0,0.000000000000000,0.000000000000000,0,0,0,5000,"Mapped, On Network",-81.014520647699996,28.452516085900001,691788.206863000057638,497582.835908000008203,10/31/2019 3:41:03 PM,8091_5943
3936,3937,1,3936,43938,88105849,FHPK19OFF049924,FHP,Long,8/27/2019 0:00:00,09:17 AM,Winter Garden,Orange,STATE ROAD 429 NB ENTRANCE RAMP,STATE ROAD 429,0,South,Off Road,2,0,0,0,N,N,N,1200.000000000000000,Clear,Daylight,0,Off Road,N,Property Damage Only,N,Other,Curb,Median,Non-Junction,N,Not at Intersection,Turnpike/Toll,Curb,Dry,None, , ,None, , ,N,N, , , , ,0,0,0,0,0,0,0,0,0,0,0,0,0.000000000000000,0.000000000000000,0,0,0,1200,"Mapped, On Network",-81.581179023600001,28.520632267000000,636264.960438000038266,503932.502006999973673,11/1/2019 11:23:02 AM,8494_8462
3937,3938,1,3937,43946,88150845,FHPD19OFF075289,FHP,Long,8/19/2019 0:00:00,04:30 PM,Ocoee,Orange,SR429,SR91,500,North,Rear End,2,0,0,0,N,N,N,2500.000000000000000,Rain,Daylight,0,Rear End, ,Property Damage Only,N,Front to Rear,Motor Vehicle in Transport,On Roadway,Non-Junction,N,Not at Intersection,State,Paved,Wet,Road Surface Condition, , ,Weather Conditions, , ,N,N, , , , ,0,0,1,0,0,0,0,0,0,0,0,0,0.000000000000000,0.000000000000000,0,0,0,2500,"Mapped, On Network",-81.558219999700000,28.549063501500001,638444.736733000027016,507133.536604000022635,10/24/2019 2:59:17 PM,8522_8498
3938,3939,1,3938,43956,88179373,FHPD19OFF074577,FHP,Long,8/16/2019 0:00:00,11:30 PM,Orlando,Orange,STATE ROAD  528 BEACHLINE EXPRESSWAY,MILE MARKER 24.5,0, ,Other,1,0,0,0,N,N,N,8500.000000000000000,Clear,Dark - Not Lighted,0,Single Vehicle, ,Property Damage Only,N,Other,Motor Vehicle in Transport,Off Roadway,Non-Junction,N,Not at Intersection,State,Unpaved,Dry,None, , ,None, , ,N,N, , , , ,0,0,0,0,0,0,0,0,0,0,0,0,0.000000000000000,0.000000000000000,0,0,3500,5000,"Mapped, On Network",-81.092299129400004,28.451579035100000,684190.346221999963745,497297.155746000004001,10/23/2019 2:34:27 PM,8109_6321
3939,3940,1,3939,43980,88161959,FHPD19OFF061252,FHP,Long,7/7/2019 0:00:00,12:19 AM,Orlando,Orange,STATE ROAD 408 (EAST WEST EXPRESS WAY),MILE MARKER 14,50,West,Rear End,2,0,0,0,Y,Y,Y,2000.000000000000000,Cloudy,Dark - Lighted,0,Rear End,E,Property Damage Only,N,Front to Rear,Motor Vehicle in Transport,On Roadway,Non-Junction,N,Not at Intersection,Turnpike/Toll,Paved,Wet,None, , ,None, , ,N,N, , , , ,0,0,0,0,0,0,0,0,0,0,0,0,0.000000000000000,0.000000000000000,0,2,0,2000,"Mapped, On Network",-81.284976894200000,28.540775964200002,665143.644304999965243,506771.289799000020139,8/27/2019 2:05:05 PM,8408_8412
3940,3941,1,3940,43992,88137452,FHPD19OFF069743,FHP,Long,8/2/2019 0:00:00,03:54 PM,Orlando Expwy Auth,Orange,STATE RD 429,WEST RD,0,South,Rear End,2,0,0,0,N,N,N,7500.000000000000000,Rain,Daylight,0,Rear End,S,Property Damage Only,N,Front to Rear,Motor Vehicle in Transport,On Roadway,Non-Junction,N,Not at Intersection,Turnpike/Toll,Paved,Wet,Road Surface Condition, , ,Weather Conditions, , ,N,N, , , , ,0,0,1,0,0,0,0,0,0,0,0,0,0.000000000000000,0.000000000000000,0,1,0,7500,"Mapped, On Network",-81.549923235400001,28.599319744999999,639143.942414000048302,512729.740106999990530,9/19/2019 11:28:04 AM,8393_6248
3941,3942,1,3941,44020,88122477,FHPD19OFF077487,FHP,Short,8/26/2019 0:00:00,02:15 PM,Orlando Expwy Auth,Orange,EB SR-528,DALLAS BLVD,5280,West,Other,2,0,0,0,N,N,N,7500.000000000000000,Cloudy,Daylight,0,Other,E,Property Damage Only,Y,Rear to Rear,Motor Vehicle in Transport,On Roadway,Non-Junction,N,Not at Intersection,Turnpike/Toll,Paved,Wet,None, , ,None, , ,N,N, , , , ,0,0,0,0,0,0,0,0,0,0,0,0,0.000000000000000,0.000000000000000,0,1,0,7500,"Mapped, On Network",-81.111378092799995,28.451346709900001,682326.569587999954820,497227.536480000009760,10/19/2019 1:04:23 PM,8101_6488
3942,3943,1,3942,44062,89215132,2019-00304558,Orlando PD,Long,8/15/2019 0:00:00,09:10 AM,Orlando,Orange,SR 408 EAST,US 441 (S ORANGE BLOSSOM TRL) EXIT RAMP,0,West,Rear End,2,0,0,1,N,Y,N,4000.000000000000000,Cloudy,Daylight,0,Rear End,E,Injury,Y,Front to Rear,Motor Vehicle in Transport,On Roadway,Non-Junction,N,Not at Intersection,State,Paved,Dry,None, , ,None, , ,N,N, , , , ,0,0,0,0,0,0,0,1,0,0,0,0,0.000000000000000,0.000000000000000,0,0,0,4000,"Mapped, On Network",-81.404870097300005,28.536017030699998,653448.007523000007495,505990.802795000025071,10/24/2019 4:31:40 PM,8169_8242
3943,3944,1,3943,44113,88161553,FHPD19OFF077461,FHP,Short,8/26/2019 0:00:00,01:04 PM,Orlando Expwy Auth,Orange,SR-417 (MM32),SR-408,0,South,Sideswipe,2,0,0,0,N,N,N,1400.000000000000000,Clear,Daylight,0,Same Direction Sideswipe,S,Property Damage Only,N,Angle,Motor Vehicle in Transport,On Roadway,Non-Junction,N,Not at Intersection,Turnpike/Toll,Paved,Dry,None, , ,None, , ,N,Y,Work on Shoulder or Median,Advance Warning Area,N,N,0,0,0,0,0,0,0,0,0,0,0,0,0.000000000000000,0.000000000000000,0,1,0,1400,"Mapped, On Network",-81.254380147000006,28.543749497099999,668123.817504000035115,507167.594152999983635,10/31/2019 3:46:49 PM,6251_11709
3944,3945,1,3944,44114,88161556,FHPD19OFF077763,FHP,Long,8/27/2019 0:00:00,08:34 AM,Orlando Expwy Auth,Orange,SR-417 (MM24),DOWDEN RD,0,South,Rear End,2,0,0,1,N,N,N,2000.000000000000000,Clear,Daylight,0,Rear End,N,Injury,N,Front to Rear,Motor Vehicle in Transport,On Roadway,Non-Junction,N,Not at Intersection,Turnpike/Toll,Paved,Dry,None, , ,None, , ,N,N, , , , ,0,0,0,0,0,0,0,1,0,0,0,0,0.000000000000000,0.000000000000000,0,1,0,2000,"Mapped, On Network",-81.234701066900001,28.405454646599999,670389.641694999998435,491855.882619999989402,10/31/2019 3:48:52 PM,8598_8531
3945,3946,1,3945,44197,88124964,FHPD19OFF070647,FHP,Long,8/5/2019 0:00:00,01:04 PM,Orlando Expwy Auth,Orange,STATE ROAD 417 NB MM6,STATE ROAD 536,5280,North,Sideswipe,2,0,0,1,N,N,N,2500.000000000000000,Cloudy,Daylight,0,Same Direction Sideswipe,N,Injury,Y,"Sideswipe, Same Direction",Motor Vehicle in Transport,On Roadway,Non-Junction,N,Not at Intersection,Turnpike/Toll,Paved,Dry,None, , ,None, , ,N,N, , , , ,0,1,0,0,0,0,0,0,1,0,0,0,1.000000000000000,0.000000000000000,0,2,0,2500,"Mapped, On Network",-81.471384851200000,28.354495954800001,647366.245437999954447,485700.999169000016991,9/20/2019 10:36:05 AM,8581_7010
3946,3947,1,3946,44199,88124071,FHPD19OFF069806,FHP,Long,8/2/2019 0:00:00,05:07 PM,Orlando Expwy Auth,Orange,STATE ROAD 528 WESTBOUND,MILE MARKER 29,0, ,Rollover,1,0,0,0,N,N,N,15000.000000000000000,Cloudy,Daylight,0,Rollover,W,Property Damage Only,N,Other,Overturn/Rollover,Off Roadway,Non-Junction,N,Not at Intersection,Turnpike/Toll,Paved,Wet,Road Surface Condition, , ,None, , ,N,N, , , , ,0,0,0,0,0,0,0,0,0,0,0,0,0.000000000000000,0.000000000000000,0,0,0,15000,"Mapped, On Network",-81.007728303799993,28.452562809900002,692451.805957000004128,497604.113787000009324,9/20/2019 10:42:17 AM,8091_5943
3947,3948,1,3947,44250,88070936,FHPK19OFF045864,FHP,Long,8/7/2019 0:00:00,03:58 PM,Orlando Expwy Auth,Orange,SR 429 NB MM 20,STONEYBROOK WEST PKWY,5280,South,Rear End,3,0,0,1,N,N,N,8000.000000000000000,Cloudy,Daylight,0,Rear End,N,Injury,N,Front to Rear,Motor Vehicle in Transport,On Roadway,Non-Junction,N,Not at Intersection,Turnpike/Toll,Paved,Wet,None, , ,None, , ,N,N, , , , ,0,0,0,0,0,0,0,1,0,0,0,0,0.000000000000000,0.000000000000000,0,1,0,8000,"Mapped, Not On Network",-81.577780000000004,28.523110049400000,636591.521938999998383,504214.138490999990609,8/10/2019 3:13:26 PM,8462_6231
3948,3949,1,3948,44262,83703056,FHPD19OFF078292,FHP,Long,8/28/2019 0:00:00,05:30 PM,Orlando,Orange,SR 528 EB MM 9,SR 528 EB MM 9,0, ,Rear End,2,0,0,0,N,N,N,8000.000000000000000,Clear,Daylight,0,Rear End,E,Property Damage Only,N,Front to Rear,Motor Vehicle in Transport,On Roadway,Non-Junction,N,Not at Intersection,State,Paved,Dry,None, , ,None, , ,N,N, , , , ,0,0,0,0,0,0,0,0,0,0,0,0,0.000000000000000,0.000000000000000,0,1,0,8000,"Mapped, Not On Network",-81.391338869999998,28.535067009399999,654771.542048000032082,505913.204142000002321,9/3/2019 3:56:49 PM,8267_6679
3949,3950,1,3949,44295,88137444,FHPD19OFF065755,FHP,Short,7/21/2019 0:00:00,12:59 PM,Orlando Expwy Auth,Orange,STATE RD 408,STATE RD 434,5280,West,Sideswipe,2,0,0,0,N,N,N,2700.000000000000000,Clear,Daylight,0,Same Direction Sideswipe,E,Property Damage Only,N,"Sideswipe, Same Direction",Motor Vehicle in Transport,On Roadway,Non-Junction,N,Not at Intersection,Turnpike/Toll,Paved,Dry,None, , ,None, , ,N,Y,Work on Shoulder or Median,Activity Area,N,N,0,0,3,0,0,0,0,0,0,0,0,0,0.000000000000000,0.000000000000000,0,1,0,2700,"Mapped, On Network",-81.211906874700006,28.548377506900000,672259.228694000048563,507774.494398000009824,7/26/2019 11:14:59 AM,6690_8041
3950,3951,1,3950,44296,88137442,FHPD19OFF065452,FHP,Long,7/20/2019 0:00:00,11:03 AM,Orlando Expwy Auth,Orange,STATE RD 528,DAETWYLER DR,300,West,Other,1,0,0,1,N,N,N,4500.000000000000000,Clear,Daylight,0,Single Vehicle,W,Injury,N,Other,Other Non-Collision,On Roadway,Non-Junction,N,Not at Intersection,Turnpike/Toll,Paved,Dry,None, , ,None, , ,N,Y,Work on Shoulder or Median,Advance Warning Area,N,N,0,0,1,0,0,0,0,1,0,0,0,0,1.000000000000000,0.000000000000000,0,0,0,4500,"Mapped, On Network",-81.339740757200005,28.450788687500001,660011.930726999999024,496663.409060999983922,7/26/2019 11:17:19 AM,11452_8329
3951,3952,1,3951,44374,89215679,2019-00299755,Orlando PD,Long,8/12/2019 0:00:00,12:31 AM,Orlando,Orange,EW WBO,S ORANGE AV,0,West,Off Road,1,0,0,0,N,N,N,2000.000000000000000,Clear,Dark - Lighted,0,Off Road,W,Property Damage Only,Y,Other,Concrete Traffic Barrier,Shoulder,Non-Junction,N,Not at Intersection,Turnpike/Toll,Paved,Dry,None, , ,None, , ,N,N, , , , ,0,0,0,0,0,0,0,0,0,0,0,0,0.000000000000000,0.000000000000000,0,0,0,2000,"Mapped, On Network",-81.381612719800003,28.535368861399999,655720.579794000019319,505966.851015999971423,10/11/2019 10:36:56 AM,6230_8274
3952,3953,1,3952,44383,88137437,FHPD19OFF063874,FHP,Short,7/15/2019 0:00:00,03:19 PM,Orlando Expwy Auth,Orange,STATE RD 417,WORLD CENTER DR,5280,North,Sideswipe,2,0,0,0,N,N,N,4500.000000000000000,Cloudy,Daylight,0,Same Direction Sideswipe,N,Property Damage Only,N,Other,Other Non-Collision,On Roadway,Non-Junction,N,Not at Intersection,Turnpike/Toll,Paved,Wet,None, , ,None, , ,N,N, , , , ,0,0,1,0,0,0,0,0,0,0,0,0,0.000000000000000,0.000000000000000,0,1,0,4500,"Mapped, Not On Network",-81.476280000100004,28.356580024700001,646882.699299999978393,485922.590800000005402,7/25/2019 10:28:27 PM,6071_8579