FID,OBJECTID_1,Join_Count,TARGET_FID,OBJECTID,HSMV_Repor,Agency_Rep,Reporting_,Form_Type,Crash_Date,Crash_Time,City,County,Crash_Stre,Intersecti,Offset_Dis,Offset_Dir,Crash_Type,Vehicles,Non_Motori,Fatalities,Injuries,Alcohol_Re,Distractio,Drug_Relat,Estimated_,Weather_Co,Light_Cond,Street_Num,Crash_Ty_1,Crash_Ty_2,Crash_Seve,Within_Cit,Manner_of_,First_Harm,First_HE_L,First_HE_R,First_HE_W,Type_of_In,Road_Sys_I,Type_of_Sh,Road_Surf_,Contrib_Ci,Contrib__1,Contrib__2,Contrib__3,Contrib__4,Contrib__5,School_Bus,Work_Zone_,Type_of_Wo,Loc_in_Wor,Workers_in,Law_Enforc,Mopeds,Motorcycle,Passengers,Bicyclists,Pedestrian,Fataliti_1,Injuries_U,Possible_I,Non_Incapa,Incapacita,Fataliti_2,Non_Traffi,Transporte,Transpor_1,Transpor_2,Citations,Property_D,Vehicle_Dm,S4_Mapping,S4_Decimal,S4_Decim_1,S4_Albers_,S4_Albers1,S4_Mappi_1,zone_id_st
3953,3954,1,3953,44450,84505762,FHPD19OFF073732,FHP,Long,8/14/2019 0:00:00,03:25 PM,Orlando,Orange,SR-528-TOLL E,INTERNATIONAL CORP PARK BLVD,0,East,Other,2,0,0,4,N,N,N,19000.000000000000000,Rain,Daylight,0,Parked Vehicle,E,Injury,N,Other,Other Non-Collision,On Roadway,Non-Junction,N,Not at Intersection,Turnpike/Toll,Paved,Wet,Work Zone, , ,Weather Conditions, , ,N,Y,Other,Activity Area,N,N,0,0,3,0,0,0,0,4,0,0,0,0,0.000000000000000,0.000000000000000,0,0,0,19000,"Mapped, On Network",-81.142104653700002,28.451481834300001,679323.626383999944665,497172.564972999971360,8/28/2019 5:20:30 PM,8101_6488
3954,3955,1,3954,44495,88124058,FHPD19OFF064581,FHP,Short,7/17/2019 0:00:00,05:45 PM,Orlando Expwy Auth,Orange,STATE ROAD 408 WESTBOUND,GOOD HOMES RD EXIT RAMP,0, ,Sideswipe,2,0,0,0,N,Y,N,7000.000000000000000,Clear,Daylight,0,Same Direction Sideswipe,W,Property Damage Only,N,"Sideswipe, Same Direction",Motor Vehicle in Transport,On Roadway,Driveway/Alley Access Related,N,Not at Intersection,Turnpike/Toll,Paved,Dry,None, , ,None, , ,N,N, , , , ,0,0,0,0,0,0,0,0,0,0,0,0,0.000000000000000,0.000000000000000,0,0,0,7000,"Mapped, On Network",-81.499692794599994,28.547013031799999,644163.879002999980003,507020.393049000005703,7/23/2019 2:29:26 PM,6300_8156
3955,3956,1,3955,44496,88137439,FHPD19OFF063984,FHP,Short,7/15/2019 0:00:00,07:56 PM,Orlando Expwy Auth,Orange,STATE RD 528 EXIT RAMP,STATE RD 15 NARCOOSSEE RD,15,West,Rear End,2,0,0,0,N,N,N,2000.000000000000000,Clear,Dusk,0,Rear End,E,Property Damage Only,N,Front to Rear,Motor Vehicle in Transport,On Roadway,Entrance/Exit Ramp,N,Four-Way Intersection,Turnpike/Toll,Paved,Dry,None, , ,None, , ,N,N, , , , ,0,0,2,0,0,0,0,0,0,0,0,0,0.000000000000000,0.000000000000000,0,1,0,2000,"Mapped, On Network",-81.269792776000003,28.448469374300000,666853.198365999967791,496555.323383999988437,7/25/2019 10:33:14 PM,8052_8060
3956,3957,1,3956,44521,88119240,FHPD19OFF065055,FHP,Long,7/19/2019 0:00:00,07:35 AM,Orlando Expwy Auth,Orange,SR-528,MM20,80,East,Rear End,2,0,0,0,N,N,N,5800.000000000000000,Clear,Daylight,0,Rear End,W,Property Damage Only,N,Front to Rear,Motor Vehicle in Transport,On Roadway,Non-Junction,N,Not at Intersection,Turnpike/Toll,Paved,Dry,None, , ,None, , ,N,N, , , , ,0,0,0,0,0,0,0,0,0,0,0,0,0.000000000000000,0.000000000000000,0,1,800,5000,"Mapped, On Network",-81.150295388700002,28.451733299099999,678522.581597000011243,497181.957784000027459,7/26/2019 11:45:22 AM,6073_8099
3957,3958,1,3957,44600,89214756,2019-00324966,Orlando PD,Long,8/27/2019 0:00:00,05:41 PM,Orlando,Orange,S.R. 528,MCCOY RD,0,East,Rear End,3,0,0,0,N,N,N,2600.000000000000000,Clear,Daylight,0,Rear End,E,Property Damage Only,Y,Front to Rear,Motor Vehicle in Transport,On Roadway,Non-Junction,N,Not at Intersection,Turnpike/Toll,Paved,Dry,None, , ,None, , ,N,N, , , , ,0,0,0,0,0,0,0,0,0,0,0,0,0.000000000000000,0.000000000000000,0,0,0,2600,"Mapped, On Network",-81.345726811999995,28.450749149600000,659427.042766000027768,496646.411576999991667,11/6/2019 2:09:59 PM,8327_8331
3958,3959,1,3958,44643,83336987,FHPD19OFF073731,FHP,Short,8/14/2019 0:00:00,03:25 PM,Unincorporated,Orange,STATE ROAD 528,STATE ROAD 520,50,East,Off Road,1,0,0,0,N,N,N,3025.000000000000000,Rain,Daylight,0,Off Road,E,Property Damage Only,N,Other,Guardrail Face,Median,Non-Junction,N,Not at Intersection,Turnpike/Toll,Paved,Wet,None, , ,None, , ,N,N, , , , ,0,0,1,0,0,0,0,0,0,0,0,0,0.000000000000000,0.000000000000000,0,1,525,2500,"Mapped, On Network",-80.978128800600004,28.452508843299999,695344.305071000009775,497668.667381000006571,8/28/2019 4:54:08 PM,8083_6824
3959,3960,1,3959,44659,88193324,FHPD19OFF074377,FHP,Long,8/16/2019 0:00:00,12:05 PM,Orlando Expwy Auth,Orange,STATE ROAD 417 SOUTHBOUND,MILE MARKER 8.5,0, ,Off Road,1,0,0,0,N,Y,N,11300.000000000000000,Clear,Daylight,0,Off Road,S,Property Damage Only,N,Other,Guardrail Face,Off Roadway,Non-Junction,N,Not at Intersection,Turnpike/Toll,Paved,Dry,None, , ,None, , ,N,N, , , , ,0,0,0,0,0,0,0,0,0,0,0,0,0.000000000000000,0.000000000000000,0,1,1300,10000,"Mapped, On Network",-81.442443985300002,28.359730048799999,650184.978138000005856,486340.542897999985144,10/17/2019 12:56:58 PM,8292_6975
3960,3961,1,3960,44882,88917790,2019-00294017,Orlando PD,Long,8/7/2019 0:00:00,12:30 PM,Orlando,Orange,SR 408 WEST EXIT RAMP 14 TOLL PLAZA,S SEMORAN BLVD,500,East,Off Road,1,0,0,0,N,N,N,10000.000000000000000,Cloudy,Daylight,0,Off Road,W,Property Damage Only,Y,Angle,Other Traffic Barrier,On Roadway,Entrance/Exit Ramp,N,Not at Intersection,State,Curb,Dry,None, , ,None, , ,N,N, , , , ,0,0,0,0,0,0,0,0,0,0,0,0,0.000000000000000,0.000000000000000,0,0,3000,10000,"Mapped, On Network",-81.313138286599994,28.539640390999999,662396.645011999993585,506584.970649999973830,10/18/2019 10:00:31 AM,6256_8188
3961,3962,1,3961,44924,89213375,2019-00265329,Orlando PD,Short,7/15/2019 0:00:00,05:37 PM,Orlando,Orange,SR 528 EAST,NARCOOSSEE RD EXIT RAMP,300,West,Rear End,3,0,0,0,N,N,N,1850.000000000000000,Rain,Daylight,0,Rear End,E,Property Damage Only,Y,Front to Rear,Motor Vehicle in Transport,On Roadway,Non-Junction,N,Not at Intersection,State,Paved,Wet,Road Surface Condition, , ,None, , ,N,N, , , , ,0,0,0,0,0,0,0,0,0,0,0,0,0.000000000000000,0.000000000000000,0,0,0,1850,"Mapped, On Network",-81.271871272400006,28.448443168600001,666650.141575000016019,496547.917622999986634,7/26/2019 10:42:04 AM,6156_8052
3962,3963,1,3962,44925,88012676,FHPD19OFF056576,FHP,Long,6/22/2019 0:00:00,01:32 PM,Orlando,Orange,SR 417 (CENTRAL FLORIDA GREENEWAY),BOGGY CREEK,0,West,Off Road,1,0,1,0,N,N,N,12100.000000000000000,Clear,Daylight,0,Off Road,W,Fatality,N,Other,Utility Pole/Light Support,Off Roadway,Non-Junction,N,Not at Intersection,State,Unpaved,Dry,None, , ,None, , ,N,N, , , , ,0,0,0,0,0,0,0,0,0,0,1,0,1.000000000000000,0.000000000000000,0,0,100,12000,"Mapped, On Network",-81.315321715799996,28.368263244800001,662597.771246999967843,487552.306832999980543,8/29/2019 1:06:22 PM,8482_6618
3963,3964,1,3963,44928,88071861,FHPK19OFF047274,FHP,Long,8/14/2019 0:00:00,07:33 AM,Winter Garden,Orange,STATE ROAD 429,STATE ROAD 91 (FLORIDAS TURNPIKE),10560,South,Rear End,2,0,0,0,N,N,N,6000.000000000000000,Clear,Daylight,0,Rear End,N,Property Damage Only,N,Front to Rear,Motor Vehicle in Transport,On Roadway,Non-Junction,N,Not at Intersection,Interstate,Paved,Dry,None, , ,None, , ,N,N, , , , ,0,0,0,0,0,0,0,0,0,0,0,0,0.000000000000000,0.000000000000000,0,1,0,6000,"Mapped, On Network",-81.564512587799996,28.528982628700000,637874.374910000013188,504891.720907000009902,10/16/2019 2:37:35 PM,6231_8470
3964,3965,1,3964,44929,88071860,FHPK19OFF047067,FHP,Short,8/13/2019 0:00:00,07:37 AM,Winter Garden,Orange,STATE ROAD 429,STATE ROAD 91 (FLORIDAS TURNPIKE),5280,South,Rear End,2,0,0,0,N,N,N,2500.000000000000000,Cloudy,Daylight,0,Rear End,N,Property Damage Only,N,Front to Rear,Motor Vehicle in Transport,On Roadway,Non-Junction,N,Not at Intersection,Interstate,Paved,Dry,None, , ,None, , ,N,N, , , , ,0,0,0,0,0,0,0,0,0,0,0,0,0.000000000000000,0.000000000000000,0,1,0,2500,"Mapped, On Network",-81.558952102500001,28.532131944500001,638410.474411000031978,505252.141056999971624,10/16/2019 2:38:24 PM,6231_8470
3965,3966,1,3965,44955,88122452,FHPD19OFF062493,FHP,Long,7/10/2019 0:00:00,06:49 PM,Orlando Expwy Auth,Orange,EB SR-528,DALLAS BLVD,10560,West,Off Road,1,0,0,1,N,N,N,32850.000000000000000,Rain,Daylight,0,Off Road,E,Injury,Y,Other,Guardrail Face,Shoulder,Non-Junction,N,Not at Intersection,Turnpike/Toll,Paved,Wet,None, , ,None, , ,N,N, , , , ,0,0,0,0,0,0,0,0,1,0,0,0,1.000000000000000,0.000000000000000,0,1,2850,30000,"Mapped, On Network",-81.132844067700006,28.451448444899999,680228.656535999965854,497189.868305000010878,7/24/2019 11:49:48 AM,8101_6488
3966,3967,1,3966,44995,88124061,FHPD19OFF064899,FHP,Long,7/18/2019 0:00:00,04:53 PM,Orlando Expwy Auth,Orange,STATE ROAD 408 WESTBOUND EXIT RAMP,GOOD HOMES RD,0, ,Rear End,2,0,0,1,N,Y,N,2000.000000000000000,Clear,Daylight,0,Rear End,W,Injury,N,Front to Rear,Motor Vehicle in Transport,On Roadway,Entrance/Exit Ramp,N,Not at Intersection,Turnpike/Toll,Paved,Dry,None, , ,None, , ,N,N, , , , ,0,0,0,0,0,0,0,1,0,0,0,0,1.000000000000000,0.000000000000000,0,1,0,2000,"Mapped, On Network",-81.499989294200006,28.546975069599998,644135.014201999991201,507015.590954000013880,7/26/2019 11:37:40 AM,6300_8156
3967,3968,1,3967,44997,88137440,FHPD19OFF065186,FHP,Long,7/19/2019 0:00:00,02:50 PM,Orlando Expwy Auth,Orange,STATE RD 528,DALLAS BLVD,15840,East,Other,2,0,0,0,N,N,N,4500.000000000000000,Clear,Daylight,0,Other,W,Property Damage Only,N,Other,Other Non-Collision,On Roadway,Non-Junction,N,Not at Intersection,Turnpike/Toll,Paved,Dry,None, , ,None, , ,N,N, , , , ,0,0,2,0,0,0,0,0,0,0,0,0,0.000000000000000,0.000000000000000,0,0,0,4500,"Mapped, On Network",-81.057218664299995,28.452155283600000,687616.836225999984890,497442.467640999995638,7/26/2019 11:18:18 AM,6937_6322
3968,3969,1,3968,44998,88137441,FHPD19OFF065279,FHP,Long,7/19/2019 0:00:00,05:44 PM,Orlando Expwy Auth,Orange,STATE RD 408,DEAN RD,5280,East,Other,2,0,0,0,N,N,N,3250.000000000000000,Clear,Daylight,0,Other,E,Property Damage Only,N,Other,Other Non-Collision,On Roadway,Non-Junction,N,Not at Intersection,Turnpike/Toll,Paved,Dry,None, , ,None, , ,N,Y,Work on Shoulder or Median,Activity Area,N,N,0,0,0,0,0,0,0,0,0,0,0,0,0.000000000000000,0.000000000000000,0,0,750,2500,"Mapped, On Network",-81.247856395599996,28.547264716899999,668752.077591000008397,507572.084029000019655,7/26/2019 11:18:49 AM,8027_6269
3969,3970,1,3969,45012,88162613,FHPD19OFF060172,FHP,Short,7/3/2019 0:00:00,03:40 PM,Orlando,Orange,EB SR 408 EXIT RAMP,STATE ROAD 50 (EAST COLONIAL DRIVE),50,South,Rear End,2,0,0,0,N,N,N,600.000000000000000,Clear,Daylight,0,Rear End,N,Property Damage Only,N,Front to Rear,Motor Vehicle in Transport,On Roadway,Non-Junction,Y,Not at Intersection,State,Paved,Dry,None, , ,None, , ,N,N, , , , ,0,0,0,0,0,0,0,0,0,0,0,0,0.000000000000000,0.000000000000000,0,1,0,600,"Mapped, On Network",-81.393937000600005,28.535116175100001,654517.721365000004880,505913.297912999987602,7/26/2019 10:27:14 AM,8248_8267
3970,3971,1,3970,45035,88137460,FHPD19OFF074376,FHP,Long,8/16/2019 0:00:00,11:56 AM,Orlando Expwy Auth,Orange,STATE RD 417,STATE RD 423,5280,North,Rear End,2,0,0,0,N,N,N,1500.000000000000000,Cloudy,Daylight,0,Rear End,S,Property Damage Only,N,Other,Other Non-Collision,On Roadway,Non-Junction,N,Not at Intersection,Turnpike/Toll,Paved,Dry,None, , ,None, , ,N,N, , , , ,0,0,1,0,0,0,0,0,0,0,0,0,0.000000000000000,0.000000000000000,0,0,0,1500,"Mapped, On Network",-81.418114301399996,28.375475047100000,652527.999537999974564,488138.344243000028655,10/17/2019 1:21:13 PM,8290_8292
3971,3972,1,3971,45052,88140170,FHPK19OFF040816,FHP,Short,7/15/2019 0:00:00,04:31 PM,Winter Garden,Orange,SR-429 (DANIEL WEBSTER WESTERN BELTWAY),NEW INDEPENDENCE PKWY,5280,North,Other,2,0,0,0,N,N,N,500.000000000000000,Cloudy,Daylight,0,Other,N,Property Damage Only,N,Other,"Struck by Falling, Shifting Cargo",On Roadway,Non-Junction,N,Not at Intersection,State,Paved,Dry,None, , ,None, , ,N,N, , , , ,0,0,1,0,0,0,0,0,0,0,0,0,0.000000000000000,0.000000000000000,0,1,0,500,"Mapped, On Network",-81.631007354000005,28.480851607700000,631483.313696000026539,499420.944440999999642,7/25/2019 2:12:44 PM,8037_6764
3972,3973,1,3972,45102,88193323,FHPD19OFF074134,FHP,Long,8/15/2019 0:00:00,04:35 PM,Orlando Expwy Auth,Orange,STATE ROAD 417 NORTHBOUND,MILE MARKER 34,0, ,Rear End,2,0,0,1,N,Y,N,12000.000000000000000,Cloudy,Daylight,0,Rear End,N,Injury,N,Front to Rear,Motor Vehicle in Transport,On Roadway,Non-Junction,N,Not at Intersection,Turnpike/Toll,Paved,Dry,None, , ,None, , ,N,N, , , , ,0,0,1,0,0,0,0,0,1,0,0,0,1.000000000000000,0.000000000000000,0,4,0,12000,"Mapped, On Network",-81.267829411700006,28.560793308299999,666768.709503000020050,509030.771653999981936,10/17/2019 12:59:07 PM,6966_8451
3973,3974,1,3973,45114,89215243,2019-00288164,Orlando PD,Long,8/2/2019 0:00:00,04:10 PM,Orlando,Orange,SR 408 EBO,SR 408 EBO EXIT RAMP TO US 441-S ORANGE BLOSSOM TR,250,West,Rear End,2,0,0,0,N,N,N,500.000000000000000,Rain,Daylight,0,Rear End,E,Property Damage Only,Y,Front to Rear,Motor Vehicle in Transport,On Roadway,Entrance/Exit Ramp,N,Not at Intersection,State,Paved,Wet,Road Surface Condition, , ,None, , ,N,Y,Work on Shoulder or Median,Activity Area, ,N,0,0,0,0,0,0,0,0,0,0,0,0,0.000000000000000,0.000000000000000,0,0,0,500,"Mapped, On Network",-81.400692896099997,28.535070784199998,653858.119805000023916,505894.332193000009283,10/7/2019 11:12:47 AM,8169_8242
3974,3975,1,3974,45144,88122461,FHPD19OFF064758,FHP,Short,7/18/2019 0:00:00,07:30 AM,Orlando Expwy Auth,Orange,WB SR-408,SR-551,5280,West,Rear End,3,0,0,0,N,N,N,18000.000000000000000,Cloudy,Daylight,0,Rear End,W,Property Damage Only,Y,Front to Rear,Motor Vehicle in Transport,On Roadway,Non-Junction,N,Not at Intersection,Turnpike/Toll,Paved,Dry,None, , ,None, , ,N,N, , , , ,0,0,0,0,0,0,0,0,0,0,0,0,0.000000000000000,0.000000000000000,0,1,0,18000,"Mapped, On Network",-81.295156362499995,28.539674013999999,664152.381920999963768,506627.094932999985758,7/25/2019 10:34:58 PM,8427_6883
3975,3976,1,3975,45145,88124056,FHPD19OFF064511,FHP,Long,7/17/2019 0:00:00,03:08 PM,Orlando Expwy Auth,Orange,STATE ROAD 528 WESTBOUND,MILE MARKER 28.5,0, ,Rollover,1,0,0,1,N,Y,N,15000.000000000000000,Clear,Daylight,0,Rollover,W,Injury,N,Other,Overturn/Rollover,Off Roadway,Non-Junction,N,Not at Intersection,Turnpike/Toll,Paved,Dry,None, , ,None, , ,N,N, , , , ,0,0,0,0,0,0,0,0,1,0,0,0,1.000000000000000,0.000000000000000,0,2,0,15000,"Mapped, On Network",-81.026550000000000,28.452491773599998,690612.801941000041552,497551.729984999983571,7/24/2019 1:52:36 PM,5943_6937
3976,3977,1,3976,45166,89213541,2019-00258973,Orlando PD,Short,7/11/2019 0:00:00,06:43 PM,Orlando,Orange,408 EBO,US-441,0,East,Rear End,3,0,0,0,N,N,N,1500.000000000000000,Clear,Daylight,0,Rear End,E,Property Damage Only,Y,Front to Rear,Motor Vehicle in Transport,On Roadway,Non-Junction,N,Not at Intersection,State,Paved,Dry,None, , ,None, , ,N,N, , , , ,0,0,0,0,0,0,0,0,0,0,0,0,0.000000000000000,0.000000000000000,0,0,0,1500,"Mapped, On Network",-81.396748009899994,28.535102871300001,654243.259832000010647,505906.022064000018872,7/26/2019 10:54:14 AM,8242_8248
3977,3978,1,3977,45211,88124933,FHPD19OFF051689,FHP,Long,6/7/2019 0:00:00,01:18 PM,Orlando Expwy Auth,Orange,STATE ROAD 417 SB MM30,CURRY FORD RD,5280,North,Other,2,0,0,0,N,N,N,1000.000000000000000,Cloudy,Daylight,0,Other,S,Property Damage Only,Y,Other,"Struck by Falling, Shifting Cargo",On Roadway,Non-Junction,N,Not at Intersection,Turnpike/Toll,Paved,Dry,None, , ,None, , ,N,N, , , , ,0,0,2,0,0,0,0,0,0,0,0,0,0.000000000000000,0.000000000000000,0,0,0,1000,"Mapped, On Network",-81.250283416800002,28.515301073000000,668594.260923000052571,504017.927173000003677,7/23/2019 2:45:25 PM,6968_8555
3978,3979,1,3978,45315,88124059,FHPD19OFF064630,FHP,Long,7/17/2019 0:00:00,07:48 PM,Orlando Expwy Auth,Orange,STATE ROAD 408 WESTBOUND ON RAMP,ALAFAYA TRL,0, ,Off Road,2,0,0,0,N,Y,N,15500.000000000000000,Cloudy,Dusk,0,Off Road,W,Property Damage Only,N,Other,Utility Pole/Light Support,Off Roadway,Driveway/Alley Access Related,N,Not at Intersection,Turnpike/Toll,Unpaved,Wet,None, , ,None, , ,N,N, , , , ,0,0,0,0,0,0,0,0,0,0,0,0,0.000000000000000,0.000000000000000,0,1,5000,10500,"Mapped, On Network",-81.208597211799997,28.549133305800002,672580.464558999985456,507865.720297000021674,7/23/2019 2:31:09 PM,8043_6946
3979,3980,1,3979,45316,88122459,FHPD19OFF064076,FHP,Long,7/16/2019 0:00:00,08:30 AM,Orlando Expwy Auth,Orange,SB SR-429,PLANT STREET,0,South,Other,1,0,0,0,N,N,N,1000.000000000000000,Cloudy,Daylight,0,Single Vehicle,S,Property Damage Only,Y,Other,Other Non-Collision,Shoulder,Non-Junction,N,Not at Intersection,Turnpike/Toll,Paved,Dry,None, , ,None, , ,N,N, , , , ,0,0,0,0,0,0,0,0,0,0,0,0,0.000000000000000,0.000000000000000,0,0,0,1000,"Mapped, On Network",-81.557568318600005,28.585164994900001,638428.961761999991722,511143.284278000006452,7/23/2019 11:29:32 AM,6248_5993
3980,3981,1,3980,45345,88161547,FHPD19OFF073272,FHP,Long,8/13/2019 0:00:00,06:56 AM,Orlando Expwy Auth,Orange,SR-417,ECONLOCKHATCHEE TRAIL,200,North,Unknown,3,0,0,2,N,N,N,6500.000000000000000,Cloudy,Daylight,0,Unknown, ,Injury,N,Angle,Motor Vehicle in Transport,On Roadway,Non-Junction,N,Not at Intersection,Turnpike/Toll,Paved,Dry,None, , ,None, , ,N,Y,Work on Shoulder or Median,Advance Warning Area,N,N,0,0,0,0,0,0,0,2,0,0,0,0,0.000000000000000,0.000000000000000,0,1,0,6500,"Mapped, On Network",-81.258798729399999,28.583607578700001,667594.002086000051349,511583.366158000018913,9/27/2019 3:07:51 PM,6789_6691
3981,3982,1,3981,45418,88137435,FHPD19OFF063891,FHP,Long,7/15/2019 0:00:00,04:01 PM,Orlando Expwy Auth,Orange,STATE RD 417,RHODE ISLAND WOOD CIR,0,North,Other,1,0,0,0,N,N,N,5500.000000000000000,Rain,Daylight,0,Single Vehicle,S,Property Damage Only,N,Other,Other Non-Collision,On Roadway,Non-Junction,N,Not at Intersection,Turnpike/Toll,Paved,Wet,Road Surface Condition, , ,Weather Conditions, , ,N,N, , , , ,0,0,0,0,0,0,0,0,0,0,0,0,0.000000000000000,0.000000000000000,0,1,500,5000,"Mapped, On Network",-81.354115614799994,28.369068128999999,658801.873135000001639,487559.659389999986161,7/25/2019 10:33:52 PM,8466_7095
3982,3983,1,3982,45419,88137430,FHPD19OFF062646,FHP,Long,7/11/2019 0:00:00,11:16 AM,Orlando Expwy Auth,Orange,STATE RD 408,GOOD HOMES RD,100,West,Rear End,2,0,0,1,N,N,N,8500.000000000000000,Clear,Daylight,0,Rear End,W,Injury,N,Front to Rear,Motor Vehicle in Transport,On Roadway,Non-Junction,N,Not at Intersection,Turnpike/Toll,Paved,Dry,None, , ,None, , ,N,N, , , , ,0,0,0,0,0,0,0,1,0,0,0,0,1.000000000000000,0.000000000000000,0,1,500,8000,"Mapped, On Network",-81.508308786399994,28.545470755600000,643326.072137000039220,506832.118923000001814,7/23/2019 2:28:02 PM,8114_8152
3983,3984,1,3983,45434,88122464,FHPD19OFF065974,FHP,Long,7/22/2019 0:00:00,09:00 AM,Orlando Expwy Auth,Orange,WB SR-408,SR-423,0,West,Rear End,2,0,0,2,N,N,N,22000.000000000000000,Cloudy,Daylight,0,Rear End,W,Injury,Y,Front to Rear,Motor Vehicle in Transport,On Roadway,Non-Junction,N,Not at Intersection,Turnpike/Toll,Paved,Dry,None, , ,None, , ,N,N, , , , ,0,0,0,0,0,0,0,0,2,0,0,0,2.000000000000000,0.000000000000000,0,2,0,22000,"Mapped, On Network",-81.410634015699998,28.540330339099999,652875.111433999962173,506457.882013999973424,7/26/2019 11:39:50 AM,8217_8215
3984,3985,1,3984,45435,88122463,FHPD19OFF065967,FHP,Long,7/22/2019 0:00:00,08:38 AM,Orlando Expwy Auth,Orange,NB SR-417,CURRY FORD RD,0,South,Off Road,1,0,0,0,N,N,N,8650.000000000000000,Clear,Daylight,0,Off Road,N,Property Damage Only,Y,Other,Guardrail Face,Shoulder,Non-Junction,N,Not at Intersection,Turnpike/Toll,Paved,Dry,None, , ,None, , ,N,N, , , , ,0,0,0,0,0,0,0,0,0,0,0,0,0.000000000000000,0.000000000000000,0,1,650,8000,"Mapped, On Network",-81.245028602800005,28.504156778300000,669135.117441999958828,502792.050753000017721,7/26/2019 11:40:12 AM,6965_8557
3985,3986,1,3985,45436,88122462,FHPD19OFF065068,FHP,Short,7/19/2019 0:00:00,08:10 AM,Orlando Expwy Auth,Orange,NB SR-417,UNIVERSITY BLVD,5280,South,Sideswipe,2,0,0,0,N,N,N,4000.000000000000000,Cloudy,Daylight,0,Same Direction Sideswipe,N,Property Damage Only,Y,"Sideswipe, Same Direction",Motor Vehicle in Transport,On Roadway,Non-Junction,N,Not at Intersection,Turnpike/Toll,Paved,Dry,None, , ,None, , ,N,N, , , , ,0,0,0,0,0,0,0,0,0,0,0,0,0.000000000000000,0.000000000000000,0,1,0,4000,"Mapped, On Network",-81.252782724699998,28.590712199199999,668163.606729999999516,512385.246191999991424,7/26/2019 11:41:20 AM,6318_8120
3986,3987,1,3986,45437,88119242,FHPD19OFF066014,FHP,Long,7/22/2019 0:00:00,11:37 AM,Orlando Expwy Auth,Orange,SR-417,LEE VISTA BLVD,5280,South,Other,2,0,0,1,N,N,N,500.000000000000000,Clear,Daylight,0,Other,N,Injury,N,Other,"Struck by Falling, Shifting Cargo",On Roadway,Non-Junction,N,Not at Intersection,Turnpike/Toll,Paved,Dry,None, , ,None, , ,N,N, , , , ,0,0,3,0,0,0,0,1,0,0,0,0,0.000000000000000,0.000000000000000,0,1,0,500,"Mapped, On Network",-81.237639137599999,28.470967683800001,669939.438751999987289,499123.268440000014380,7/26/2019 11:43:41 AM,6173_8544
3987,3988,1,3987,45438,88119241,FHPD19OFF065938,FHP,Long,7/22/2019 0:00:00,05:38 AM,Orlando Expwy Auth,Orange,SR-417,UNIVERSITY BLVD,0,North,Off Road,2,0,0,1,N,N,N,4400.000000000000000,Clear,Dark - Lighted,0,Off Road,S,Injury,N,Other,Guardrail End,Separator,Non-Junction,N,Not at Intersection,Turnpike/Toll,Paved,Dry,None, , ,None, , ,N,Y,Work on Shoulder or Median,Advance Warning Area,N,N,0,0,0,0,0,0,0,0,1,0,0,0,1.000000000000000,0.000000000000000,0,0,800,3600,"Mapped, On Network",-81.250066503200003,28.597438174600001,668412.044957999954931,513137.925816999981180,7/26/2019 11:44:29 AM,8588_8118
3988,3989,1,3988,45439,88119239,FHPD19OFF064714,FHP,Long,7/18/2019 0:00:00,07:36 AM,Orlando Expwy Auth,Orange,SR-417,SR-528,20,North,Rear End,2,0,0,0,N,N,N,3800.000000000000000,Clear,Daylight,0,Rear End,N,Property Damage Only,N,Front to Rear,Motor Vehicle in Transport,On Roadway,Non-Junction,N,Not at Intersection,Turnpike/Toll,Paved,Dry,None, , ,None, , ,N,N, , , , ,0,0,0,0,0,0,0,0,0,0,0,0,0.000000000000000,0.000000000000000,0,1,0,3800,"Mapped, On Network",-81.232007926300000,28.460199922600001,670516.471567000029609,497940.080554999993183,7/26/2019 11:47:41 AM,6173_8544
3989,3990,1,3989,45440,88119237,FHPD19OFF063803,FHP,Short,7/15/2019 0:00:00,12:06 PM,Orlando Expwy Auth,Orange,SR-408,ALAFAYA TRAIL,60,West,Rear End,3,0,0,0,N,N,N,4100.000000000000000,Clear,Daylight,0,Rear End,W,Property Damage Only,N,Front to Rear,Motor Vehicle in Transport,On Roadway,Entrance/Exit Ramp,N,Not at Intersection,Turnpike/Toll,Paved,Dry,None, , ,None, , ,N,Y,Work on Shoulder or Median,Advance Warning Area,Y,N,0,0,0,0,0,0,0,0,0,0,0,0,0.000000000000000,0.000000000000000,0,2,0,4100,"Mapped, On Network",-81.209396558600005,28.548982128399999,672502.801580999977887,507847.168810000002850,7/26/2019 11:48:05 AM,8043_6946
3990,3991,1,3990,45463,85586726,FHPD19OFF069829,FHP,Short,8/2/2019 0:00:00,05:35 PM,Orlando,Orange,STATE ROAD 408(EAST-WEST EXPRESSWAY),18 MILE MARKER,0,East,Rear End,2,0,0,0,N,Y,N,4000.000000000000000,Rain,Daylight,0,Rear End,E,Property Damage Only,N,Front to Rear,Motor Vehicle in Transport,On Roadway,Non-Junction,N,Not at Intersection,State,Paved,Wet,None, , ,None, , ,N,N, , , , ,0,0,1,0,0,0,0,0,0,0,0,0,0.000000000000000,0.000000000000000,0,1,0,4000,"Mapped, On Network",-81.268330284499996,28.547275169500001,666753.065809000050649,507528.789631000021473,10/9/2019 11:31:15 AM,8412_7015