FID,OBJECTID_1,Join_Count,TARGET_FID,OBJECTID,HSMV_Repor,Agency_Rep,Reporting_,Form_Type,Crash_Date,Crash_Time,City,County,Crash_Stre,Intersecti,Offset_Dis,Offset_Dir,Crash_Type,Vehicles,Non_Motori,Fatalities,Injuries,Alcohol_Re,Distractio,Drug_Relat,Estimated_,Weather_Co,Light_Cond,Street_Num,Crash_Ty_1,Crash_Ty_2,Crash_Seve,Within_Cit,Manner_of_,First_Harm,First_HE_L,First_HE_R,First_HE_W,Type_of_In,Road_Sys_I,Type_of_Sh,Road_Surf_,Contrib_Ci,Contrib__1,Contrib__2,Contrib__3,Contrib__4,Contrib__5,School_Bus,Work_Zone_,Type_of_Wo,Loc_in_Wor,Workers_in,Law_Enforc,Mopeds,Motorcycle,Passengers,Bicyclists,Pedestrian,Fataliti_1,Injuries_U,Possible_I,Non_Incapa,Incapacita,Fataliti_2,Non_Traffi,Transporte,Transpor_1,Transpor_2,Citations,Property_D,Vehicle_Dm,S4_Mapping,S4_Decimal,S4_Decim_1,S4_Albers_,S4_Albers1,S4_Mappi_1,zone_id_st
3991,3992,1,3991,45465,88196264,FHPD19OFF073947,FHP,Long,8/15/2019 0:00:00,07:52 AM,Orlando Expwy Auth,Orange,STATE ROAD 417 NB MM26,INNOVATION WAY,300,South,Rear End,2,0,0,0,N,N,N,4000.000000000000000,Clear,Daylight,0,Rear End,N,Property Damage Only,Y,Front to Rear,Motor Vehicle in Transport,On Roadway,Non-Junction,N,Not at Intersection,Turnpike/Toll,Paved,Dry,None, , ,None, , ,N,N, , , , ,0,0,0,0,0,0,0,0,0,0,0,0,0.000000000000000,0.000000000000000,0,1,0,4000,"Mapped, On Network",-81.227962348199995,28.427029658300000,670994.582373999990523,494266.119131000014022,10/11/2019 1:07:57 PM,8538_6642
3992,3993,1,3992,45538,89213729,2019-00256925,Orlando PD,Long,7/9/2019 0:00:00,07:39 AM,Orlando,Orange,SR 408 WBO,S ROSALIND AV EXIT RAMP,100,East,Rear End,4,0,0,4,N,N,N,22000.000000000000000,Clear,Daylight,0,Rear End,W,Injury,Y,Other,Motor Vehicle in Transport,On Roadway,Non-Junction,N,Not at Intersection,State,Paved,Dry,None, , ,None, , ,N,N, , , , ,0,0,0,0,0,0,0,4,0,0,0,0,1.000000000000000,0.000000000000000,0,1,0,22000,"Mapped, On Network",-81.365490090300000,28.537333531700000,657290.270566000021063,506218.526301999983843,7/24/2019 2:15:58 PM,8309_8313
3993,3994,1,3993,45551,89213615,2019-00268614,Orlando PD,Long,7/18/2019 0:00:00,06:16 AM,Orlando,Orange,SR 408 WEST BOUND,I4 WEST BOUND EXIT,10, ,Rear End,5,0,0,7,N,N,N,6500.000000000000000,Clear,Daylight,0,Rear End,W,Injury,Y,Front to Rear,Motor Vehicle in Transport,On Roadway,Entrance/Exit Ramp,N,Not at Intersection,State,Paved,Dry,None, , ,None, , ,N,N, , , , ,0,0,5,0,0,0,0,7,0,0,0,0,0.000000000000000,0.000000000000000,0,0,0,6500,"Mapped, On Network",-81.383682369200002,28.535271633699999,655518.710229999967851,505951.765547999995761,7/26/2019 10:42:33 AM,8274_8272
3994,3995,1,3994,45614,88158465,FHPD19OFF063656,FHP,Long,7/14/2019 0:00:00,09:00 PM,Orlando,Orange,SR528 EB,MM24,0, ,Other,1,0,0,1,N,Y,N,1200.000000000000000,Clear,Dark - Not Lighted,0,Single Vehicle,W,Injury,N,Other,Other Non-Collision,On Roadway,Non-Junction,N,Not at Intersection,State,Unpaved,Dry,None, , ,None, , ,N,N, , , , ,0,1,0,0,0,0,0,0,0,1,0,0,1.000000000000000,0.000000000000000,0,0,0,1200,"Mapped, On Network",-81.092039999999997,28.451571915399999,684215.686737000010908,497296.962487999990117,7/24/2019 1:47:14 PM,8109_6321
3995,3996,1,3995,45637,89213546,2019-00259104,Orlando PD,Short,7/12/2019 0:00:00,08:47 PM,Orlando,Orange,408 EBO,US-441,0,East,Rear End,2,0,0,0,N,N,N,1000.000000000000000,Clear,Daylight,0,Rear End,E,Property Damage Only,Y,Front to Rear,Motor Vehicle in Transport,On Roadway,Non-Junction,N,Not at Intersection,State,Paved,Dry,None, , ,None, , ,N,N, , , , ,0,0,0,0,0,0,0,0,0,0,0,0,0.000000000000000,0.000000000000000,0,0,0,1000,"Mapped, On Network",-81.392364286700001,28.535091581500001,654671.353270999970846,505913.814285999978893,7/25/2019 5:56:39 PM,8248_8267
3996,3997,1,3996,45645,89214311,2019-00265214,Orlando PD,Long,7/15/2019 0:00:00,03:52 PM,Orlando,Orange,SR 408 WBO,CRYSTAL LAKE RD EXIT RAMP,100,East,Unknown,2,0,0,3,N,N,N,3000.000000000000000,Rain,Daylight,0,Unknown, ,Injury,Y,Angle,Motor Vehicle in Transport,On Roadway,Non-Junction,N,Not at Intersection,State,Paved,Wet,Road Surface Condition, , ,None, , ,N,N, , , , ,0,0,2,0,0,0,0,3,0,0,0,0,3.000000000000000,0.000000000000000,0,0,0,3000,"Mapped, On Network",-81.339875381300004,28.538496280499999,659788.670716000022367,506401.330098000005819,7/26/2019 11:57:25 AM,8353_6185
3997,3998,1,3997,45670,89214989,2019-00294968,Orlando PD,Short,8/8/2019 0:00:00,08:15 AM,Orlando,Orange,SR 528,S SEMORAN BLVD (SR436),5280,East,Rear End,2,0,0,0,N,N,N,1500.000000000000000,Clear,Daylight,0,Rear End,W,Property Damage Only,Y,Front to Rear,Motor Vehicle in Transport,On Roadway,Non-Junction,N,Not at Intersection,State,Paved,Dry,None, , ,None, , ,N,N, , , , ,0,0,0,0,0,0,0,0,0,0,0,0,0.000000000000000,0.000000000000000,0,0,0,1500,"Mapped, On Network",-81.301449561300004,28.451346079800000,663752.538478999980725,496806.615272999973968,9/30/2019 10:26:55 AM,8296_8190
3998,3999,1,3998,45750,88137443,FHPD19OFF065510,FHP,Long,7/20/2019 0:00:00,02:32 PM,Orlando Expwy Auth,Orange,STATE RD 429,MCCORMICK RD,200,North,Rear End,3,0,0,2,N,N,N,15250.000000000000000,Clear,Daylight,0,Rear End,N,Injury,N,Front to Rear,Motor Vehicle in Transport,On Roadway,Non-Junction,N,Not at Intersection,Turnpike/Toll,Paved,Dry,None, , ,None, , ,N,N, , , , ,0,0,3,0,0,0,1,2,0,0,0,0,2.000000000000000,0.000000000000000,0,1,250,15000,"Mapped, On Network",-81.536045735800002,28.622248354000000,640447.424571000039577,515302.561665999994148,7/26/2019 11:19:25 AM,6295_8444
3999,4000,1,3999,45763,88916135,2019-00262607,Orlando PD,Short,7/13/2019 0:00:00,03:00 PM,Orlando,Orange,EW EBO (SR 408),INTERSTATE 4 WBO,0, ,Sideswipe,2,0,0,0,N,N,N,7500.000000000000000,Clear,Daylight,0,Same Direction Sideswipe,E,Property Damage Only,Y,"Sideswipe, Same Direction",Motor Vehicle in Transport,On Roadway,Non-Junction,N,Not at Intersection,Interstate,Paved,Dry,None, , ,None, , ,N,N, , , , ,0,0,2,0,0,0,0,0,0,0,0,0,0.000000000000000,0.000000000000000,0,0,0,7500,"Mapped, On Network",-81.387495316200003,28.535134207300000,655146.703587000025436,505928.611941999988630,7/26/2019 10:13:41 AM,6679_6276
4000,4001,1,4000,45795,88164022,FHPD19OFF069426,FHP,Long,8/1/2019 0:00:00,06:35 PM,Unincorporated,Orange,STATE ROAD 528 (BEACHLINE EXPRESSWAY),MILE MARKER 30,200,East,Rear End,3,0,0,2,N,Y,N,22700.000000000000000,Rain,Daylight,0,Rear End,W,Injury,N,Front to Rear,Motor Vehicle in Transport,On Roadway,Non-Junction,N,Not at Intersection,Turnpike/Toll,Paved,Wet,None, , ,None, , ,N,N, , , , ,0,0,0,0,0,0,0,0,2,0,0,0,2.000000000000000,0.000000000000000,0,1,0,22700,"Mapped, On Network",-80.993763503200000,28.452601632400000,693816.290824000025168,497641.620106999995187,10/7/2019 11:27:36 AM,8091_5943
4001,4002,1,4001,45887,88168102,FHPD19OFF088728,FHP,Short,9/30/2019 0:00:00,04:15 PM,Orlando Expwy Auth,Orange,SR 417 (CENTRAL FLORIDA GREENEWAY),MM12,300,South,Rear End,2,0,0,0,N,Y,N,2700.000000000000000,Clear,Daylight,0,Rear End,N,Property Damage Only,N,Front to Rear,Motor Vehicle in Transport,On Roadway,Non-Junction,N,Not at Intersection,Turnpike/Toll,Paved,Dry,None, , ,None, , ,N,N, , , , ,0,0,0,0,0,0,0,0,0,0,0,0,0.000000000000000,0.000000000000000,0,1,0,2700,"Mapped, On Network",-81.399047829400004,28.370368039599999,654404.531379000050947,487610.491830000013579,11/14/2019 2:42:46 PM,8017_6167
4002,4003,1,4002,45888,88168100,FHPD19OFF088598,FHP,Short,9/30/2019 0:00:00,11:15 AM,Orlando Expwy Auth,Orange,SR-528,MM16,300,East,Rear End,2,0,0,0,N,Y,N,800.000000000000000,Clear,Daylight,0,Rear End,W,Property Damage Only,N,Front to Rear,Motor Vehicle in Transport,On Roadway,Non-Junction,N,Not at Intersection,Turnpike/Toll,Paved,Dry,None, , ,None, , ,N,N, , , , ,0,0,0,0,0,0,0,0,0,0,0,0,0.000000000000000,0.000000000000000,0,0,0,800,"Mapped, On Network",-81.217919735400002,28.451587881100000,671914.656425000051968,497014.885384999972302,11/14/2019 2:43:56 PM,6320_6667
4003,4004,1,4003,45889,88168098,FHPD19OFF087942,FHP,Long,9/28/2019 0:00:00,09:05 AM,Orlando Expwy Auth,Orange,STATE ROAD 408,MM17,100,West,Off Road,1,0,0,1,N,Y,N,12500.000000000000000,Clear,Daylight,0,Off Road,E,Injury,N,Other,Concrete Traffic Barrier,Off Roadway,Non-Junction,N,Not at Intersection,Turnpike/Toll,Paved,Dry,None, , ,None, , ,N,N, , , , ,0,0,0,0,0,0,0,1,0,0,0,0,1.000000000000000,0.000000000000000,0,1,5000,7500,"Mapped, On Network",-81.283966317500003,28.541203680199999,665241.273094999953173,506820.951933000003919,11/14/2019 2:44:54 PM,8408_8412
4004,4005,1,4004,45890,88168096,FHPD19OFF087582,FHP,Long,9/27/2019 0:00:00,08:45 AM,Orlando Expwy Auth,Orange,SR 408 (EAST-WEST EXPY),MM14,100,East,Rear End,3,0,0,0,N,Y,N,10800.000000000000000,Clear,Daylight,0,Rear End,W,Property Damage Only,N,Front to Rear,Motor Vehicle in Transport,On Roadway,Non-Junction,N,Not at Intersection,Turnpike/Toll,Paved,Dry,None, , ,None, , ,N,N, , , , ,0,0,0,0,0,0,0,0,0,0,0,0,0.000000000000000,0.000000000000000,0,1,0,10800,"Mapped, On Network",-81.306636841300005,28.539669751000002,663031.398612000048161,506602.081414000014775,11/14/2019 2:45:45 PM,6883_8376
4005,4006,1,4005,45893,88196300,FHPD19OFF087565,FHP,Long,9/27/2019 0:00:00,08:18 AM,Orlando Expwy Auth,Orange,STATE ROAD 417 SB MM37,UNIVERSITY BLVD,0,North,Rear End,2,0,0,0,N,N,N,4000.000000000000000,Clear,Daylight,0,Rear End,S,Property Damage Only,Y,Front to Rear,Motor Vehicle in Transport,On Roadway,Non-Junction,N,Not at Intersection,Turnpike/Toll,Paved,Dry,None, , ,None, , ,N,N, , , , ,0,0,4,0,0,0,0,0,0,0,0,0,0.000000000000000,0.000000000000000,0,1,0,4000,"Mapped, On Network",-81.252498540700003,28.602398396900000,668162.428636000026017,513683.356726999976672,11/14/2019 2:55:38 PM,8565_8588
4006,4007,1,4006,45896,88203830,FHPD19OFF088922,FHP,Long,10/1/2019 0:00:00,08:50 AM,Orlando Expwy Auth,Orange,EB SR-408,SR-423,5280,West,Sideswipe,2,0,0,0,N,N,N,4000.000000000000000,Cloudy,Daylight,0,Same Direction Sideswipe,E,Property Damage Only,Y,"Sideswipe, Same Direction",Motor Vehicle in Transport,On Roadway,Non-Junction,N,Not at Intersection,Turnpike/Toll,Paved,Wet,None, , ,None, , ,N,N, , , , ,0,0,0,0,0,0,0,0,0,0,0,0,0.000000000000000,0.000000000000000,0,1,0,4000,"Mapped, On Network",-81.421300205500003,28.545806251999998,651820.897186000016518,507044.053530999983195,11/14/2019 2:57:03 PM,8237_6011
4007,4008,1,4007,45897,88191330,FHPD19OFF080495,FHP,Long,9/5/2019 0:00:00,05:38 AM,Orlando,Orange,SR-528 EB ENTRANCE RAMP,JETPORT DRIVE,50,East,Sideswipe,2,0,0,1,N,Y,N,7000.000000000000000,Clear,Dark - Lighted,0,Same Direction Sideswipe,E,Injury,N,"Sideswipe, Same Direction",Motor Vehicle in Transport,On Roadway,Entrance/Exit Ramp,Y,Not at Intersection,State,Unpaved,Dry,None, , ,None, , ,N,N, , , , ,0,0,1,0,0,0,0,1,0,0,0,0,0.000000000000000,0.000000000000000,0,1,0,7000,"Mapped, On Network",-81.343371439799995,28.450467752600002,659657.893012000015005,496620.125263999972958,11/14/2019 2:57:52 PM,8327_8331
4008,4009,1,4008,45980,88161570,FHPD19OFF087791,FHP,Long,9/27/2019 0:00:00,05:26 PM,Orlando Expwy Auth,Orange,SR-417 (MM37),UNIVERSITY BLVD,0,North,Rear End,4,0,0,0,N,N,N,5900.000000000000000,Clear,Daylight,0,Rear End,S,Property Damage Only,N,Front to Rear,Motor Vehicle in Transport,On Roadway,Non-Junction,N,Not at Intersection,Turnpike/Toll,Paved,Dry,None, , ,None, , ,N,Y,Work on Shoulder or Median,Advance Warning Area,N,N,0,0,1,0,0,0,0,0,0,0,0,0,0.000000000000000,0.000000000000000,0,1,0,5900,"Mapped, On Network",-81.251462023100004,28.601128147200001,668266.722361000021920,513544.578296000021510,11/14/2019 3:08:14 PM,8565_8588
4009,4010,1,4009,45981,88196304,FHPD19OFF089349,FHP,Long,10/2/2019 0:00:00,11:52 AM,Orlando Expwy Auth,Orange,STATE ROAD 528 WB,STATE ROAD 520,5280,West,Sideswipe,2,0,0,0,N,N,N,5000.000000000000000,Clear,Daylight,0,Same Direction Sideswipe,W,Property Damage Only,Y,"Sideswipe, Same Direction",Motor Vehicle in Transport,On Roadway,Non-Junction,N,Not at Intersection,Turnpike/Toll,Paved,Dry,None, , ,None, , ,N,N, , , , ,0,0,0,0,0,0,0,0,0,0,0,0,0.000000000000000,0.000000000000000,0,1,500,4500,"Mapped, On Network",-80.991262981999995,28.452666004899999,694060.457846999983303,497654.727325999992900,11/14/2019 3:09:03 PM,8091_5943
4010,4011,1,4010,46001,89216602,2019-00386061,Orlando PD,Long,10/17/2019 0:00:00,07:00 PM,Orlando,Orange,S.R. 417 SOUTHBOUND,BOGGY CREEK ROAD,5280,North,Other,1,0,0,2,N,N,N,5000.000000000000000,Clear,Dusk,0,Single Vehicle,S,Injury,Y,Angle,Motor Vehicle in Transport,Off Roadway,Non-Junction,N,Not at Intersection,State,Paved,Dry,None, , ,None, , ,N,N, , , , ,0,0,1,0,0,0,0,2,0,0,0,0,0.000000000000000,0.000000000000000,0,0,0,5000,"Mapped, On Network",-81.291361374199994,28.373927507000001,664927.224531000014395,488232.460915000003297,11/14/2019 3:44:49 PM,6486_8601
4011,4012,1,4011,46064,88243523,FHPD19OFF101186,FHP,Long,11/6/2019 0:00:00,06:37 PM,Orlando Expwy Auth,Orange,STATE ROAD 417 SOUTHBOUND,MILE MARKER 15,0, ,Rear End,2,0,0,1,N,Y,N,5000.000000000000000,Clear,Dark - Lighted,0,Rear End,S,Injury,N,Front to Rear,Motor Vehicle in Transport,On Roadway,Non-Junction,N,Not at Intersection,Turnpike/Toll,Paved,Dry,None, , ,None, , ,N,N, , , , ,0,0,1,0,0,0,0,1,0,0,0,0,0.000000000000000,0.000000000000000,0,1,0,5000,"Mapped, On Network",-81.340893229499997,28.368493029500002,660096.371385999955237,487523.624881999974605,11/20/2019 1:35:16 PM,6323_6700
4012,4013,1,4012,46098,88148647,FHPD19OFF086103,FHP,Long,9/22/2019 0:00:00,08:05 PM,Orlando,Orange,STATE ROAD 417 NB,MM 10.5,0, ,Sideswipe,2,0,0,0,Y,Y,N,1000.000000000000000,Clear,Dark - Lighted,0,Same Direction Sideswipe,N,Property Damage Only,N,"Sideswipe, Same Direction",Motor Vehicle in Transport,On Roadway,Non-Junction,N,Not at Intersection,State,Paved,Dry,None, , ,None, , ,N,N, , , , ,0,0,1,0,0,0,0,0,0,0,0,0,0.000000000000000,0.000000000000000,0,4,0,1000,"Mapped, On Network",-81.415540621800005,28.375386777199999,652779.893525999970734,488133.816537000006065,11/14/2019 4:54:04 PM,8107_8280
4013,4014,1,4013,46104,88220506,FHPD19OFF089707,FHP,Long,10/3/2019 0:00:00,12:05 PM,Orlando,Orange,STATE ROAD 408 (EAST/WEST EXPRESSWAY),STATE ROAD 423 (JOHN YOUNG PARKWAY),5280,West,Rear End,2,0,0,1,N,Y,N,10500.000000000000000,Clear,Daylight,0,Rear End,W,Injury,N,Front to Rear,Motor Vehicle in Transport,On Roadway,Non-Junction,N,Not at Intersection,Turnpike/Toll,Paved,Dry,None, , ,None, , ,N,N, , , , ,0,0,1,0,0,0,0,0,1,0,0,0,0.000000000000000,1.000000000000000,0,0,0,10500,"Mapped, On Network",-81.422760143199994,28.545907498900000,651678.113901000004262,507052.314628000021912,11/20/2019 1:36:13 PM,8239_5934
4014,4015,1,4014,46150,85597391,FHPD19OFF099142,FHP,Long,10/31/2019 0:00:00,07:00 AM,Unincorporated,Orange,(SR417 SB) CENTRAL FLORIDA GREENEWAY,(CR15) NARCOOSSEE RD,1200,North,Rear End,2,0,0,2,N,N,N,7000.000000000000000,Cloudy,Daylight,0,Rear End,S,Injury,N,Front to Rear,Motor Vehicle in Transport,On Roadway,Non-Junction,N,Not at Intersection,State,Paved,Dry,None, , ,None, , ,N,N, , , , ,0,0,0,0,0,0,0,2,0,0,0,0,0.000000000000000,0.000000000000000,0,1,0,7000,"Mapped, On Network",-81.236701651499999,28.404792207300002,670195.706646000035107,491777.947729000006802,11/20/2019 1:51:44 PM,6174_8596
4015,4016,1,4015,46159,88243520,FHPD19OFF100552,FHP,Long,11/4/2019 0:00:00,06:40 PM,Orlando Expwy Auth,Orange,STATE ROAD 417 SOUTHBOUND,MILE MARKER 24,0, ,Rear End,2,0,0,1,N,Y,N,600.000000000000000,Clear,Dusk,0,Rear End,S,Injury,N,Front to Rear,Motor Vehicle in Transport,On Roadway,Non-Junction,N,Not at Intersection,Turnpike/Toll,Paved,Wet,None, , ,None, , ,N,N, , , , ,0,0,1,0,0,0,0,1,0,0,0,0,0.000000000000000,0.000000000000000,0,1,0,600,"Mapped, On Network",-81.229287099999993,28.435094121300001,670844.974839000031352,495158.594036999973468,11/20/2019 1:53:56 PM,7999_8391
4016,4017,1,4016,46160,88243528,FHPD19OFF101867,FHP,Short,11/8/2019 0:00:00,05:35 PM,Orlando Expwy Auth,Orange,STATE ROAD 417 NORTHBOUND,MILE MARKER 37,0, ,Rear End,2,0,0,0,N,Y,N,1500.000000000000000,Clear,Dusk,0,Rear End,N,Property Damage Only,N,Front to Rear,Motor Vehicle in Transport,On Roadway,Non-Junction,N,Not at Intersection,Turnpike/Toll,Paved,Wet,None, , ,None, , ,N,N, , , , ,0,0,0,0,0,0,0,0,0,0,0,0,0.000000000000000,0.000000000000000,0,1,0,1500,"Mapped, On Network",-81.252460741199997,28.602773591100000,668165.189037999953143,513725.095880999986548,11/20/2019 1:54:38 PM,8449_5988
4017,4018,1,4017,46297,89218749,2019-00378531,Orlando PD,Short,10/10/2019 0:00:00,02:34 PM,Orlando,Orange,SR528 EAST,S GOLDENROD RD EXIT RAMP,10560,West,Unknown,2,0,0,0,N,N,N,1600.000000000000000,Clear,Daylight,0,Unknown, ,Property Damage Only,Y,Angle,Motor Vehicle in Transport,On Roadway,Non-Junction,N,Not at Intersection,State,Paved,Dry,None, , ,None, , ,N,N, , , , ,0,0,3,0,0,0,0,0,0,0,0,0,0.000000000000000,0.000000000000000,0,0,0,1600,"Mapped, On Network",-81.303153303599998,28.451331417399999,663586.079258000012487,496801.344391999999061,11/14/2019 3:51:34 PM,8296_8190
4018,4019,1,4018,46299,88171263,FHPK19OFF059869,FHP,Long,10/16/2019 0:00:00,06:03 PM,Ocoee,Orange,STATE ROAD 429,MILE MARKER 22,5280,North,Sideswipe,2,0,0,2,N,Y,N,5000.000000000000000,Clear,Daylight,0,Same Direction Sideswipe,S,Injury,N,"Sideswipe, Same Direction",Motor Vehicle in Transport,On Roadway,Non-Junction,N,Not at Intersection,State,Unpaved,Dry,None, , ,None, , ,N,N, , , , ,0,0,4,0,0,0,0,0,2,0,0,0,0.000000000000000,0.000000000000000,0,0,0,5000,"Mapped, On Network",-81.557379150000003,28.535101334800000,638557.548651000019163,505584.886768000025768,11/14/2019 3:52:16 PM,6231_8470
4019,4020,1,4019,46313,88201082,FHPD19OFF100752,FHP,Long,11/5/2019 0:00:00,01:21 PM,Orlando Expwy Auth,Orange,STATE RD 417,LANDSTAR BLVD,0,North,Rear End,2,0,0,1,N,N,N,2500.000000000000000,Cloudy,Daylight,0,Rear End,N,Injury,N,Front to Rear,Motor Vehicle in Transport,On Roadway,Non-Junction,N,Not at Intersection,Turnpike/Toll,Paved,Dry,None, , ,None, , ,N,N, , , , ,0,1,0,0,0,0,0,0,1,0,0,0,1.000000000000000,0.000000000000000,0,1,0,2500,"Mapped, On Network",-81.357582983100002,28.369278599499999,658462.270571999950334,487575.755944999982603,11/14/2019 3:53:06 PM,8466_7095
4020,4021,1,4020,46420,88201045,FHPD19OFF088719,FHP,Long,9/30/2019 0:00:00,04:06 PM,Orlando Expwy Auth,Orange,STATE RD 417,STATE RD 50,100,North,Other,2,0,0,2,N,N,N,13250.000000000000000,Clear,Daylight,0,Other,N,Injury,N,Other,Other Non-Collision,On Roadway,Non-Junction,N,Not at Intersection,Turnpike/Toll,Paved,Dry,None, , ,None, , ,N,Y,Work on Shoulder or Median,Advance Warning Area,N,N,0,0,0,0,0,0,0,2,0,0,0,0,0.000000000000000,0.000000000000000,0,1,1250,12000,"Mapped, On Network",-81.264818699800003,28.573398788300000,667031.578556000022218,510436.853469999972731,11/14/2019 4:19:25 PM,2531_6046
4021,4022,1,4021,46421,88196302,FHPD19OFF088471,FHP,Long,9/30/2019 0:00:00,02:33 AM,Orlando Expwy Auth,Orange,STATE ROAD 528 EB MM25,DALLAS BLVD,5280,East,Rear End,2,0,0,5,N,N,N,11000.000000000000000,Clear,Dark - Not Lighted,0,Rear End,E,Injury,Y,Front to Rear,Motor Vehicle in Transport,On Roadway,Non-Junction,N,Not at Intersection,Turnpike/Toll,Paved,Dry,None, , ,None, , ,N,N, , , , ,0,0,3,0,0,0,0,2,3,0,0,0,3.000000000000000,0.000000000000000,0,1,1000,10000,"Mapped, On Network",-81.086887578100004,28.451609208000001,684719.078280000016093,497312.988767999981064,11/14/2019 4:20:31 PM,8109_6321
4022,4023,1,4022,46423,88161571,FHPD19OFF088751,FHP,Short,9/30/2019 0:00:00,05:22 PM,Orlando Expwy Auth,Orange,SR-417 (MM15),LANDSTAR BLVD,10560,North,Other,2,0,0,0,N,N,N,1800.000000000000000,Clear,Daylight,0,Backed Into,S,Property Damage Only,N,Other,Motor Vehicle in Transport,On Roadway,Non-Junction,N,Not at Intersection,Turnpike/Toll,Paved,Dry,None, , ,None, , ,N,N, , , , ,0,0,2,0,0,0,0,0,0,0,0,0,0.000000000000000,0.000000000000000,0,1,0,1800,"Mapped, On Network",-81.369257836200006,28.368508140900001,657322.319118999992497,487465.794777999981306,11/14/2019 4:23:22 PM,7997_8466
4023,4024,1,4023,46437,89215580,2019-00286379,Orlando PD,Short,8/1/2019 0:00:00,08:30 AM,Orlando,Orange,SR 408 WEST,E. CRYSTAL LAKE DR. (EXIT RAMP),300,West,Rear End,2,0,0,0,N,N,N,2100.000000000000000,Clear,Daylight,0,Rear End,W,Property Damage Only,Y,Front to Rear,Motor Vehicle in Transport,On Roadway,Non-Junction,N,Not at Intersection,State,Paved,Dry,None, , ,None, , ,N,N, , , , ,0,0,0,0,0,0,0,0,0,0,0,0,0.000000000000000,0.000000000000000,0,0,0,2100,"Mapped, On Network",-81.340849214499997,28.538452810599999,659693.684670999995433,506394.452420999994501,10/7/2019 10:30:19 AM,8353_6185
4024,4025,1,4024,46444,88209376,FHPD19OFF091671,FHP,Long,10/8/2019 0:00:00,05:21 PM,Orlando,Orange,STATE ROAD 417,NB MILE MARKER 33,0, ,Rear End,2,0,0,0,N,N,N,7500.000000000000000,Clear,Daylight,0,Rear End,N,Property Damage Only,N,Front to Rear,Motor Vehicle in Transport,On Roadway,Non-Junction,N,Not at Intersection,State,Paved,Dry,None, , ,None, , ,N,N, , , , ,0,0,0,0,0,0,0,0,0,0,0,0,0.000000000000000,0.000000000000000,0,0,0,7500,"Mapped, On Network",-81.260271470600003,28.549612059200001,667534.130457999999635,507805.709190000023227,11/14/2019 4:27:28 PM,11876_8570
4025,4026,1,4025,46459,89219298,2019-00384049,Orlando PD,Short,10/15/2019 0:00:00,08:37 AM,Orlando,Orange,SR 408 WBO,SR 408 WBO MILLS AV EXIT RAMP,3960,East,Rear End,2,0,0,1,N,N,N,800.000000000000000,Cloudy,Daylight,0,Rear End,W,Injury,Y,Front to Rear,Motor Vehicle in Transport,On Roadway,Non-Junction,N,Not at Intersection,State,Curb,Dry,None, , ,None, , ,N,N, , , , ,0,0,0,0,0,0,0,1,0,0,0,0,0.000000000000000,0.000000000000000,0,0,0,800,"Mapped, On Network",-81.352547550799997,28.538407324200001,658551.505032000015490,506364.820158999995328,11/14/2019 4:29:44 PM,6185_8318
4026,4027,1,4026,46536,88193362,FHPD19OFF088408,FHP,Long,9/29/2019 0:00:00,07:17 PM,Orlando Expwy Auth,Orange,STATE ROAD 429 NORTHBOUND,MILE MARKER 27,0, ,Rear End,2,0,0,0,N,Y,N,11000.000000000000000,Clear,Dark - Lighted,0,Rear End,N,Property Damage Only,N,Front to Rear,Motor Vehicle in Transport,On Roadway,Non-Junction,N,Not at Intersection,Turnpike/Toll,Paved,Dry,None, , ,None, , ,N,N, , , , ,0,0,2,0,0,0,0,0,0,0,0,0,0.000000000000000,0.000000000000000,0,2,0,11000,"Mapped, On Network",-81.537364819199993,28.605997198000001,640354.757243999978527,513495.575574000016786,11/20/2019 2:03:08 PM,8460_6069
4027,4028,1,4027,46537,88193359,FHPD19OFF087834,FHP,Long,9/27/2019 0:00:00,06:58 PM,Orlando Expwy Auth,Orange,STATE ROAD 408 EASTBOUND,MILE MARKER 3,0, ,Sideswipe,2,0,0,0,N,N,N,1500.000000000000000,Clear,Dusk,0,Same Direction Sideswipe,E,Property Damage Only,N,"Sideswipe, Same Direction",Motor Vehicle in Transport,On Roadway,Non-Junction,N,Not at Intersection,Turnpike/Toll,Paved,Dry,None, , ,None, , ,N,N, , , , ,0,0,0,0,0,0,0,0,0,0,0,0,0.000000000000000,0.000000000000000,0,0,0,1500,"Mapped, On Network",-81.493216772500006,28.547786429799999,644794.452673999941908,507119.104823999979999,11/20/2019 2:03:57 PM,6302_6788
4028,4029,1,4028,46543,88212734,FHPD19OFF090298,FHP,Long,10/4/2019 0:00:00,10:43 PM,Unincorporated,Orange,STATE ROAD 408 WESTBOUND,STATE ROAD 439 OLD WINTER GARDEN RD,70,East,Off Road,1,0,0,1,N,N,N,25400.000000000000000,Clear,Dark - Lighted,0,Off Road,W,Injury,N,Other,Guardrail Face,Off Roadway,Non-Junction,N,Not at Intersection,State,Paved,Dry,None, , ,None, , ,N,N, , , , ,0,0,0,0,0,0,0,1,0,0,0,0,0.000000000000000,0.000000000000000,0,0,400,25000,"Mapped, On Network",-81.515694306200004,28.544271560599999,642607.619852000032552,506684.416732000012416,11/20/2019 2:27:49 PM,8116_6273