FID,OBJECTID_1,Join_Count,TARGET_FID,OBJECTID,HSMV_Repor,Agency_Rep,Reporting_,Form_Type,Crash_Date,Crash_Time,City,County,Crash_Stre,Intersecti,Offset_Dis,Offset_Dir,Crash_Type,Vehicles,Non_Motori,Fatalities,Injuries,Alcohol_Re,Distractio,Drug_Relat,Estimated_,Weather_Co,Light_Cond,Street_Num,Crash_Ty_1,Crash_Ty_2,Crash_Seve,Within_Cit,Manner_of_,First_Harm,First_HE_L,First_HE_R,First_HE_W,Type_of_In,Road_Sys_I,Type_of_Sh,Road_Surf_,Contrib_Ci,Contrib__1,Contrib__2,Contrib__3,Contrib__4,Contrib__5,School_Bus,Work_Zone_,Type_of_Wo,Loc_in_Wor,Workers_in,Law_Enforc,Mopeds,Motorcycle,Passengers,Bicyclists,Pedestrian,Fataliti_1,Injuries_U,Possible_I,Non_Incapa,Incapacita,Fataliti_2,Non_Traffi,Transporte,Transpor_1,Transpor_2,Citations,Property_D,Vehicle_Dm,S4_Mapping,S4_Decimal,S4_Decim_1,S4_Albers_,S4_Albers1,S4_Mappi_1,zone_id_st
4029,4030,1,4029,46557,89216626,2019-00346159,Orlando PD,Long,9/14/2019 0:00:00,11:16 AM,Orlando,Orange,SR408,BUMBY AVE,0, ,Rear End,2,0,0,0,N,N,N,2500.000000000000000,Rain,Daylight,0,Rear End,W,Property Damage Only,Y,Front to Rear,Motor Vehicle in Transport,On Roadway,Non-Junction,N,Not at Intersection,State,Paved,Wet,Road Surface Condition, , ,Weather Conditions, , ,N,N, , , , ,0,0,0,0,0,0,0,0,0,0,0,0,0.000000000000000,0.000000000000000,0,0,0,2500,"Mapped, On Network",-81.351986103800002,28.538388353900000,658606.373035999946296,506363.891176000004634,11/7/2019 4:26:38 PM,6185_8318
4030,4031,1,4030,46660,88193358,FHPD19OFF087758,FHP,Long,9/27/2019 0:00:00,04:28 PM,Orlando Expwy Auth,Orange,STATE ROAD 408 WESTBOUND,MILE MARKER 2,0, ,Rear End,2,0,0,0,N,Y,N,5500.000000000000000,Clear,Daylight,0,Rear End,W,Property Damage Only,N,Front to Rear,Motor Vehicle in Transport,On Roadway,Non-Junction,N,Not at Intersection,Turnpike/Toll,Paved,Dry,None, , ,None, , ,N,N, , , , ,0,0,3,0,0,0,0,0,0,0,0,0,0.000000000000000,0.000000000000000,0,1,0,5500,"Mapped, On Network",-81.499508729499993,28.547036534600000,644181.798228999949060,507023.367100999981631,11/21/2019 3:21:59 PM,6300_8156
4031,4032,1,4031,46669,88168099,FHPD19OFF087956,FHP,Long,9/28/2019 0:00:00,09:45 AM,Orlando Expwy Auth,Orange,SR 417 (CENTRAL FLORIDA GREENEWAY),MM13,100,South,Other,1,0,0,0,N,N,N,4500.000000000000000,Clear,Daylight,0,Single Vehicle,N,Property Damage Only,N,Other,"Struck by Falling, Shifting Cargo",On Roadway,Non-Junction,N,Not at Intersection,Turnpike/Toll,Paved,Dry,None, , ,None, , ,N,N, , , , ,0,0,0,0,0,0,0,0,0,0,0,0,0.000000000000000,0.000000000000000,0,0,0,4500,"Mapped, On Network",-81.368982564800007,28.368443275099999,657349.393996999948286,487459.167069000017364,11/20/2019 3:11:04 PM,7997_8466
4032,4033,1,4032,46673,87250694,FHPD19OFF087203,FHP,Short,9/26/2019 0:00:00,07:10 AM,Ocoee,Orange,SR429,MM26,0, ,Rear End,2,0,0,0,N,N,N,1700.000000000000000,Clear,Daylight,0,Rear End,S,Property Damage Only,N,Front to Rear,Motor Vehicle in Transport,On Roadway,Non-Junction,N,Not at Intersection,County,Curb,Dry,None, , ,None, , ,N,N, , , , ,0,0,0,0,0,0,0,0,0,0,0,0,0.000000000000000,0.000000000000000,0,2,0,1700,"Mapped, On Network",-81.549077258899999,28.599657847300001,639225.758300999994390,512768.921628999989480,11/20/2019 2:35:46 PM,8393_6248
4033,4034,1,4033,46674,85579104,FHPD19OFF091847,FHP,Long,10/9/2019 0:00:00,08:05 AM,Orlando,Orange,STATE ROAD 417 NORTH BOUND,MOSS PARK ROAD EXIT RAMP,0,South,Rear End,2,0,0,0,N,N,N,750.000000000000000,Clear,Daylight,0,Rear End,N,Property Damage Only,N,Front to Rear,Motor Vehicle in Transport,On Roadway,Non-Junction,N,Not at Intersection,State,Unpaved,Dry,None, , ,None, , ,N,N, , , , ,0,0,0,0,0,0,0,0,0,0,0,0,0.000000000000000,0.000000000000000,0,2,0,750,"Mapped, On Network",-81.235815847500007,28.404897244699999,670282.044722000020556,491791.551113000023179,11/20/2019 2:37:09 PM,8598_8531
4034,4035,1,4034,46678,88113335,FHPK19OFF053922,FHP,Long,9/16/2019 0:00:00,10:41 AM,Winter Garden,Orange,STATE ROAD 429 (WESTERN EXPRESSWAY),STATE ROAD 91 (FLORIDAS TURNPIKE),5280,South,Off Road,1,0,0,1,N,N,N,12500.000000000000000,Clear,Daylight,0,Off Road,S,Injury,N,Other,Bridge Overhead Structure,On Roadway,Non-Junction,N,Not at Intersection,Turnpike/Toll,Paved,Dry,None, , ,None, , ,N,N, , , , ,0,0,0,0,0,0,0,1,0,0,0,0,0.000000000000000,0.000000000000000,0,0,500,12000,"Mapped, On Network",-81.558595799599999,28.549802413399998,638406.419369000010192,507214.854358999989927,10/30/2019 3:54:03 PM,8507_8529
4035,4036,1,4035,46687,88201084,FHPD19OFF101192,FHP,Long,11/6/2019 0:00:00,06:49 PM,Orlando Expwy Auth,Orange,STATE RD 417,TREVARTHON RD,200,South,Rear End,3,0,0,0,N,N,N,11500.000000000000000,Clear,Dark - Lighted,0,Rear End,S,Property Damage Only,N,Other,Other Non-Collision,On Roadway,Non-Junction,N,Not at Intersection,Turnpike/Toll,Paved,Dry,None, , ,None, , ,N,Y,Work on Shoulder or Median,Activity Area,Y,N,0,0,0,0,0,0,0,0,0,0,0,0,0.000000000000000,0.000000000000000,0,0,0,11500,"Mapped, On Network",-81.262841170599998,28.578686525399998,667211.576539000030607,511028.225106000027154,11/20/2019 2:38:20 PM,6691_8563
4036,4037,1,4036,46688,88201083,FHPD19OFF101143,FHP,Long,11/6/2019 0:00:00,05:05 PM,Orlando Expwy Auth,Orange,STATE RD 408,CHICKASAW TRL,100,East,Sideswipe,2,0,0,1,N,N,N,7000.000000000000000,Clear,Daylight,0,Same Direction Sideswipe,E,Injury,N,Angle,Motor Vehicle in Transport,On Roadway,Non-Junction,N,Not at Intersection,Turnpike/Toll,Paved,Dry,None, , ,None, , ,N,Y,Work on Shoulder or Median,Before the First Work Zone Warning Sign,Y,N,0,0,0,0,0,0,0,1,0,0,0,0,1.000000000000000,0.000000000000000,0,0,0,7000,"Mapped, On Network",-81.277150792200004,28.544688761900002,665898.207425000029616,507222.574388000008184,11/20/2019 2:43:09 PM,8412_7015
4037,4038,1,4037,46752,88208220,FHPD19OFF087890,FHP,Short,9/27/2019 0:00:00,11:10 PM,Orlando,Orange,STATE ROAD 417,MILEMARKER 27,0,North,Off Road,1,0,0,0,N,N,N,250.000000000000000,Clear,Dark - Lighted,0,Off Road,S,Property Damage Only,N,Other,Traffic Sign Support,On Roadway,Non-Junction,N,Not at Intersection,State,Paved,Dry,None, , ,None, , ,N,N, , , , ,0,0,0,0,0,0,0,0,0,0,0,0,0.000000000000000,0.000000000000000,0,0,150,100,"Mapped, On Network",-81.242945312600000,28.490803187499999,669371.755649000057019,501313.971108999976423,11/20/2019 4:54:34 PM,6316_6895
4038,4039,1,4038,46753,88193360,FHPD19OFF088117,FHP,Long,9/28/2019 0:00:00,06:17 PM,Orlando Expwy Auth,Orange,STATE ROAD 528 EASTBOUND,MILE MARKER 9,0, ,Rear End,3,0,0,1,N,Y,N,19000.000000000000000,Clear,Dusk,0,Rear End,E,Injury,N,Front to Rear,Motor Vehicle in Transport,On Roadway,Non-Junction,N,Not at Intersection,Turnpike/Toll,Paved,Dry,None, , ,None, , ,N,N, , , , ,0,0,2,0,0,0,0,1,0,0,0,0,1.000000000000000,0.000000000000000,0,1,0,19000,"Mapped, On Network",-81.332350225799999,28.451124628199999,660733.356691000051796,496716.313497999974061,11/20/2019 2:46:15 PM,8331_8341
4039,4040,1,4039,46754,88196301,FHPD19OFF087581,FHP,Long,9/27/2019 0:00:00,08:55 AM,Orlando Expwy Auth,Orange,STATE ROAD 417 NB,UNIVERSITY BLVD,0,South,Other,1,0,0,0,N,Y,N,3000.000000000000000,Clear,Daylight,0,Single Vehicle,N,Property Damage Only,Y,Other,Motor Vehicle in Transport,On Roadway,Non-Junction,N,Not at Intersection,Turnpike/Toll,Paved,Dry,None, , ,None, , ,N,N, , , , ,0,0,0,0,0,0,0,0,0,0,0,0,0.000000000000000,0.000000000000000,0,1,1000,2000,"Mapped, On Network",-81.251008546600005,28.592785828000000,668331.627294000005350,512619.336055000021588,11/14/2019 4:54:11 PM,6318_8120
4040,4041,1,4040,46755,88201047,FHPD19OFF089133,FHP,Short,10/1/2019 0:00:00,05:46 PM,Orlando Expwy Auth,Orange,STATE RD 429,PLANT ST,200,North,Rear End,2,0,0,0,N,N,N,6000.000000000000000,Clear,Daylight,0,Rear End,N,Property Damage Only,N,Front to Rear,Motor Vehicle in Transport,On Roadway,Non-Junction,N,Not at Intersection,Turnpike/Toll,Paved,Dry,None, , ,None, , ,N,N, , , , ,0,0,0,0,0,0,0,0,0,0,0,0,0.000000000000000,0.000000000000000,0,1,0,6000,"Mapped, On Network",-81.556740000000005,28.572502731400000,638537.671082000015303,509738.947950000001583,11/14/2019 4:54:47 PM,8421_8425
4041,4042,1,4041,46756,88203831,FHPD19OFF089226,FHP,Short,10/2/2019 0:00:00,06:00 AM,Orlando Expwy Auth,Orange,WB SR-408,DEAN ROAD,5280,East,Rear End,2,0,0,0,N,N,N,11000.000000000000000,Clear,Dark - Lighted,0,Rear End,W,Property Damage Only,Y,Front to Rear,Motor Vehicle in Transport,On Roadway,Non-Junction,N,Not at Intersection,Turnpike/Toll,Paved,Dry,None, , ,None, , ,N,Y,Other,Activity Area,Y,Y,0,0,0,0,0,0,0,0,0,0,0,0,0.000000000000000,0.000000000000000,0,1,0,11000,"Mapped, On Network",-81.237819968099998,28.547351517900001,669731.774371000006795,507603.634686000004876,11/14/2019 4:55:50 PM,6308_8005
4042,4043,1,4042,46829,88156316,FHPK19OFF055483,FHP,Long,9/25/2019 0:00:00,01:23 AM,Winter Garden,Orange,STATE ROAD 429,MILE MARKER 22,0, ,Off Road,1,0,0,0,N,N,N,11000.000000000000000,Clear,Dark - Lighted,0,Off Road,S,Property Damage Only,N,Other,Guardrail Face,Shoulder,Non-Junction,N,Not at Intersection,Turnpike/Toll,Paved,Dry,None, , ,None, , ,N,N, , , , ,0,0,0,0,0,0,0,0,0,0,0,0,0.000000000000000,0.000000000000000,0,0,1000,10000,"Mapped, On Network",-81.557064797699994,28.536788539900002,638584.533972000004724,505772.832246000005398,11/21/2019 3:24:16 PM,6231_8470
4043,4044,1,4043,46830,88168097,FHPD19OFF087737,FHP,Long,9/27/2019 0:00:00,03:45 PM,Orlando Expwy Auth,Orange,SR 417 (CENTRAL FLORIDA GREENEWAY),MM14,300,North,Rear End,6,0,0,0,N,Y,N,30700.000000000000000,Clear,Daylight,0,Rear End,S,Property Damage Only,N,Front to Rear,Motor Vehicle in Transport,On Roadway,Non-Junction,N,Not at Intersection,Turnpike/Toll,Paved,Dry,None, , ,None, , ,N,N, , , , ,0,0,3,0,0,0,0,0,0,0,0,0,0.000000000000000,0.000000000000000,0,2,0,30700,"Mapped, On Network",-81.359699387500001,28.369601163599999,658254.523775000008754,487607.136546999972779,11/20/2019 3:12:48 PM,6700_8484
4044,4045,1,4044,46831,88168101,FHPD19OFF088639,FHP,Long,9/30/2019 0:00:00,01:05 PM,Orlando Expwy Auth,Orange,SR 417(CENTRAL FLORIDA GREENEWAY),MM31,200,North,Rear End,2,0,0,1,N,Y,N,7850.000000000000000,Clear,Daylight,0,Rear End,S,Injury,N,Front to Rear,Motor Vehicle in Transport,On Roadway,Non-Junction,N,Not at Intersection,Turnpike/Toll,Paved,Dry,None, , ,None, , ,N,N, , , , ,0,0,1,0,0,0,0,1,0,0,0,0,1.000000000000000,0.000000000000000,0,2,750,7100,"Mapped, On Network",-81.250992791599998,28.526305797300001,668497.737656999961473,505238.219404999981634,11/20/2019 3:23:03 PM,6968_8555
4045,4046,1,4045,46847,88225548,FHPD19OFF091710,FHP,Long,10/8/2019 0:00:00,06:00 PM,Orlando,Orange,STATE ROAD 408,MM 21,200,West,Rear End,2,0,0,0,N,N,N,14000.000000000000000,Rain,Daylight,0,Rear End,E,Property Damage Only,N,Front to Rear,Motor Vehicle in Transport,On Roadway,Non-Junction,N,Not at Intersection,Interstate,Paved,Wet,None, , ,None, , ,N,N, , , , ,0,0,0,0,0,0,0,0,0,0,0,0,0.000000000000000,0.000000000000000,0,1,0,14000,"Mapped, On Network",-81.209918476499993,28.548650364299998,672452.678485000040382,507809.180680999998003,11/20/2019 3:10:47 PM,6690_8041
4046,4047,1,4046,46914,88203828,FHPD19OFF088477,FHP,Long,9/30/2019 0:00:00,05:30 AM,Orlando Expwy Auth,Orange,NB SR-417,CURRY FORD RD,0,North,Sideswipe,2,0,0,0,N,N,N,6600.000000000000000,Clear,Dark - Lighted,0,Same Direction Sideswipe,N,Property Damage Only,Y,"Sideswipe, Same Direction",Other Non-Collision,Shoulder,Non-Junction,N,Not at Intersection,Turnpike/Toll,Paved,Dry,None, , ,None, , ,N,N, , , , ,0,0,0,0,0,0,0,0,0,0,0,0,0.000000000000000,0.000000000000000,0,0,1600,5000,"Mapped, On Network",-81.250207878200001,28.515703407499998,668600.642085000057705,504062.762286000011954,11/18/2019 3:01:20 PM,8553_6689
4047,4048,1,4047,46927,88204240,FHPD19OFF092469,FHP,Long,10/10/2019 0:00:00,06:58 PM,Unincorporated,Orange,STATE ROAD 528 WESTBOUND,MILE MARKER 30,250,West,Off Road,1,0,0,0,N,N,N,8000.000000000000000,Cloudy,Dark - Not Lighted,0,Off Road,W,Property Damage Only,N,Other,Cable Barrier,Median,Non-Junction,N,Not at Intersection,State,Paved,Wet,None, , ,None, , ,N,N, , , , ,0,0,2,0,0,0,0,0,0,0,0,0,0.000000000000000,0.000000000000000,0,1,3000,5000,"Mapped, On Network",-80.989333784699994,28.452609002300001,694249.126022999989800,497653.000622000021394,11/20/2019 3:49:27 PM,8091_5943
4048,4049,1,4048,46935,88221972,FHPD19OFF102021,FHP,Long,11/8/2019 0:00:00,10:25 PM,Orlando Expwy Auth,Orange,SR-528,MM28,100,West,Other,1,0,0,0,N,N,N,6000.000000000000000,Rain,Dark - Lighted,0,Single Vehicle,W,Property Damage Only,N,Other,Jackknife,Median,Non-Junction,N,Not at Intersection,Turnpike/Toll,Paved,Wet,None, , ,None, , ,N,N, , , , ,0,0,0,0,0,0,0,0,0,0,0,0,0.000000000000000,0.000000000000000,0,1,1500,4500,"Mapped, On Network",-81.024034227000001,28.452422769100000,690858.820474999956787,497550.000203999981750,11/20/2019 3:50:17 PM,5943_6937
4049,4050,1,4049,46946,89218497,2019-00358623,Orlando PD,Long,9/24/2019 0:00:00,03:56 PM,Orlando,Orange,SR 408 WEST,S CONWAY RD ENTRANCE RAMP,150,East,Other,2,0,0,3,N,N,N,10000.000000000000000,Clear,Daylight,0,Other,W,Injury,Y,Other,Motor Vehicle in Transport,On Roadway,Non-Junction,N,Not at Intersection,State,Paved,Dry,None, , ,None, , ,N,N, , , , ,0,0,1,0,0,0,0,3,0,0,0,0,1.000000000000000,0.000000000000000,0,0,0,10000,"Mapped, On Network",-81.334239119800003,28.538495373899998,660339.026440000045113,506413.116021999972872,11/20/2019 2:59:39 PM,6177_8353
4050,4051,1,4050,46982,85579105,FHPD19OFF091915,FHP,Long,10/9/2019 0:00:00,11:46 AM,Orlando,Orange,STATE ROAD 417 SOUTH BOUND,UNIVERSITY BOULEVARD ENTRANCE  RAMP,0,South,Sideswipe,2,0,0,0,N,N,N,3100.000000000000000,Cloudy,Daylight,0,Same Direction Sideswipe,S,Property Damage Only,N,"Sideswipe, Same Direction",Motor Vehicle in Transport,On Roadway,Non-Junction,N,Not at Intersection,State,Curb,Dry,None, , ,None, , ,N,Y,Work on Shoulder or Median,Activity Area,Y,N,0,0,1,0,0,0,0,0,0,0,0,0,0.000000000000000,0.000000000000000,0,1,0,3100,"Mapped, On Network",-81.250470176199997,28.599286095099998,668368.074859000043944,513342.217611000000034,12/4/2019 12:31:29 PM,8565_8588
4051,4052,1,4051,46994,88191321,FHPD19OFF077676,FHP,Long,8/26/2019 0:00:00,10:35 PM,Orlando,Orange,SR-417 (CENTRAL FLORIDA GREENEWAY),UNIVERSITY BOULEVARD,50,North,Off Road,1,0,0,2,N,N,N,5100.000000000000000,Clear,Dark - Lighted,0,Off Road,S,Injury,N,Other,Concrete Traffic Barrier,On Roadway,Non-Junction,N,Not at Intersection,Turnpike/Toll,Unpaved,Dry,None, , ,None, , ,N,N, , , , ,0,0,1,0,0,0,0,2,0,0,0,0,0.000000000000000,0.000000000000000,0,0,100,5000,"Mapped, On Network",-81.250079765099997,28.597740448000000,668410.002190000028349,513171.457674000004772,11/7/2019 10:45:46 PM,8588_8118
4052,4053,1,4052,47075,89217051,2019-00359385,Orlando PD,Long,9/25/2019 0:00:00,08:30 AM,Orlando,Orange,S.R. 528 / BEE LINE EXPRESSWAY - WESTBOUND,S.R. 551 / S. GOLDENROD ROAD,900,East,Rear End,2,0,0,0,N,N,N,8050.000000000000000,Clear,Daylight,0,Rear End,W,Property Damage Only,Y,Front to Rear,Motor Vehicle in Transport,On Roadway,Non-Junction,N,Not at Intersection,State,Paved,Dry,None, , ,None, , ,N,N, , , , ,0,0,0,0,0,0,0,0,0,0,0,0,0.000000000000000,0.000000000000000,0,0,0,8050,"Mapped, On Network",-81.283690541200002,28.449004530700002,665493.728049000026658,496584.743237000016961,11/20/2019 4:56:34 PM,8172_8180
4053,4054,1,4053,47085,88221939,FHPD19OFF089090,FHP,Long,10/1/2019 0:00:00,04:15 PM,Orlando Expwy Auth,Orange,SR 417 (CENTRAL FLORIDA GREENEWAY),MM37,100,North,Off Road,1,0,0,0,N,Y,N,7500.000000000000000,Clear,Daylight,0,Off Road,S,Property Damage Only,N,Other,Concrete Traffic Barrier,Off Roadway,Non-Junction,N,Not at Intersection,Turnpike/Toll,Paved,Dry,None, , ,None, , ,N,N, , , , ,0,0,0,0,0,0,0,0,0,0,0,0,0.000000000000000,0.000000000000000,0,1,1000,6500,"Mapped, On Network",-81.252482335300002,28.602849426100001,668162.894130000029691,513733.468712000001688,11/21/2019 3:20:47 PM,8449_5988
4054,4055,1,4054,47136,89220407,2019-00430903,Orlando PD,Long,11/1/2019 0:00:00,10:30 AM,Orlando,Orange,SR 408 EAST,S ORANGE AVE EXIT RAMP,200,West,Other,2,0,0,0,N,N,N,1400.000000000000000,Clear,Daylight,0,Other,E,Property Damage Only,Y,Other,Thrown or Falling Object,On Roadway,Non-Junction,N,Not at Intersection,State,Paved,Dry,None, , ,None, , ,N,N, , , , ,0,0,0,0,0,0,0,0,0,0,0,0,0.000000000000000,0.000000000000000,0,0,0,1400,"Mapped, On Network",-81.378091414699995,28.535721378900000,656063.598270999966189,506013.298459000012372,12/17/2019 12:15:56 PM,6679_6276
4055,4056,1,4055,47141,88243529,FHPD19OFF101993,FHP,Long,11/8/2019 0:00:00,09:22 PM,Orlando Expwy Auth,Orange,STATE ROAD 417 SOUTHBOUND,MILE MARKER 29,0, ,Off Road,1,0,0,1,N,N,N,20000.000000000000000,Cloudy,Dark - Lighted,0,Off Road,S,Injury,N,Other,Utility Pole/Light Support,Off Roadway,Non-Junction,N,Not at Intersection,Turnpike/Toll,Paved,Wet,None, , ,None, , ,N,N, , , , ,0,0,1,0,0,0,0,0,1,0,0,0,0.000000000000000,0.000000000000000,0,0,5000,15000,"Mapped, On Network",-81.243420720299994,28.492752875499999,669320.474949000054039,501529.403583000006620,1/7/2020 1:35:57 PM,6030_6316
4056,4057,1,4056,47142,88243527,FHPD19OFF101865,FHP,Long,11/8/2019 0:00:00,05:34 PM,Orlando Expwy Auth,Orange,STATE ROAD 408 EASTBOUND,MILE MARKER 6,0, ,Rear End,2,0,0,0,N,Y,N,9000.000000000000000,Cloudy,Dusk,0,Rear End,E,Property Damage Only,N,Front to Rear,Motor Vehicle in Transport,On Roadway,Non-Junction,N,Not at Intersection,Turnpike/Toll,Paved,Wet,None, , ,None, , ,N,N, , , , ,0,0,1,0,0,0,0,0,0,0,0,0,0.000000000000000,0.000000000000000,0,1,0,9000,"Mapped, On Network",-81.443382709399998,28.548221783399999,649659.196699999971315,507267.352940000011586,1/7/2020 1:36:11 PM,8205_6294
4057,4058,1,4057,47143,88243526,FHPD19OFF101841,FHP,Short,11/8/2019 0:00:00,04:45 PM,Orlando Expwy Auth,Orange,STATE ROAD 408 EASTBOUND,MILE MARKER 6,0, ,Other,2,0,0,0,N,Y,N,1500.000000000000000,Cloudy,Daylight,0,Backed Into,E,Property Damage Only,N,Front to Rear,Motor Vehicle in Transport,On Roadway,Non-Junction,N,Not at Intersection,Turnpike/Toll,Paved,Wet,None, , ,None, , ,N,N, , , , ,0,0,3,0,0,0,0,0,0,0,0,0,0.000000000000000,0.000000000000000,0,1,0,1500,"Mapped, On Network",-81.445129433500000,28.548240049400000,649488.607704999973066,507265.845893000019714,1/7/2020 1:36:26 PM,8205_6294
4058,4059,1,4058,47144,88243525,FHPD19OFF101468,FHP,Long,11/7/2019 0:00:00,04:14 PM,Orlando Expwy Auth,Orange,STATE ROAD 417 SOUTHBOUND,MILE MARKER 24,0, ,Rear End,4,0,0,2,N,Y,N,9000.000000000000000,Clear,Daylight,0,Rear End,S,Injury,N,Front to Rear,Motor Vehicle in Transport,On Roadway,Non-Junction,N,Not at Intersection,Turnpike/Toll,Paved,Dry,None, , ,None, , ,N,N, , , , ,0,0,1,0,0,0,0,2,0,0,0,0,0.000000000000000,0.000000000000000,0,1,0,9000,"Mapped, On Network",-81.229273503700000,28.434741770399999,670847.182841000030749,495119.502901000028942,1/7/2020 1:36:40 PM,7999_8391
4059,4060,1,4059,47147,88243518,FHPD19OFF100477,FHP,Long,11/4/2019 0:00:00,04:04 PM,Orlando Expwy Auth,Orange,STATE ROAD 417 NORTHBOUND,MILE MARKER 17,0, ,Sideswipe,2,0,0,0,N,N,N,2000.000000000000000,Clear,Daylight,0,Same Direction Sideswipe, ,Property Damage Only,N,"Sideswipe, Same Direction",Motor Vehicle in Transport,On Roadway,Non-Junction,N,Not at Intersection,Turnpike/Toll,Paved,Dry,None, , ,None, , ,N,N, , , , ,0,0,0,0,0,0,0,0,0,0,0,0,0.000000000000000,0.000000000000000,0,0,0,2000,"Mapped, On Network",-81.315482019900003,28.367923575599999,662582.914966000011191,487514.251841999997851,1/7/2020 1:37:57 PM,11007_8480
4060,4061,1,4060,47185,88219051,FHPD19OFF087516,FHP,Long,9/27/2019 0:00:00,02:51 AM,Unincorporated,Orange,STATE ROAD 528 (BEACH LINE EXPRESSWAY),MILE MARKER 9,500,West,Off Road,1,0,0,0,N,N,N,4000.000000000000000,Clear,Dark - Not Lighted,0,Off Road,E,Property Damage Only,N,Other,Concrete Traffic Barrier,On Roadway,Entrance/Exit Ramp,N,Not at Intersection,State,Curb,Dry,None, , ,None, , ,N,N, , , , ,0,0,0,0,0,0,0,0,0,0,0,0,0.000000000000000,0.000000000000000,0,0,0,4000,"Mapped, On Network",-81.329453223599998,28.451488477900000,661015.587455000029877,496762.840564000012819,11/21/2019 4:47:30 PM,8344_8336
4061,4062,1,4061,47203,88171813,FHPK19OFF056742,FHP,Long,10/1/2019 0:00:00,12:50 PM,Winter Garden,Orange,MILE 23 SR-429-TOLL N,MILE MARKER 23,0, ,Rear End,2,0,0,0,N,N,N,1050.000000000000000,Clear,Daylight,0,Rear End,N,Property Damage Only,N,Front to Rear,Motor Vehicle in Transport,On Roadway,Non-Junction,N,Not at Intersection,Turnpike/Toll,Paved,Dry,None, , ,None, , ,N,N, , , , ,0,0,0,0,0,0,0,0,0,0,0,0,0.000000000000000,0.000000000000000,0,1,0,1050,"Mapped, On Network",-81.559469564699995,28.556006674799999,638307.470605000038631,507902.049366999999620,11/21/2019 4:13:12 PM,8498_8500
4062,4063,1,4062,47239,83213580,FHPK19OFF058136,FHP,Long,10/8/2019 0:00:00,07:20 AM,Ocoee,Orange,STATE ROAD 429,CLARCONA OCOEE ROAD,250,North,Rear End,2,0,0,1,N,N,N,7500.000000000000000,Cloudy,Daylight,0,Rear End,S,Injury,N,Front to Rear,Motor Vehicle in Transport,On Roadway,Non-Junction,N,Not at Intersection,State,Paved,Wet,None, , ,None, , ,N,N, , , , ,0,0,2,0,0,0,0,1,0,0,0,0,0.000000000000000,0.000000000000000,0,1,0,7500,"Mapped, On Network",-81.542813317200000,28.602001918100001,639831.891437000012957,513041.358773000014480,12/4/2019 12:18:35 PM,8458_8393
4063,4064,1,4063,47315,89216567,2019-00371526,Orlando PD,Long,10/4/2019 0:00:00,10:00 PM,Orlando,Orange,SR 417,BOGGY CREEK RD,0, ,Rear End,2,0,0,0,N,N,N,20000.000000000000000,Clear,Dark - Lighted,0,Rear End,S,Property Damage Only,Y,Front to Rear,Motor Vehicle in Transport,On Roadway,Non-Junction,N,Not at Intersection,Turnpike/Toll,Unpaved,Dry,None, , ,None, , ,N,N, , , , ,0,0,0,0,0,0,0,0,0,0,0,0,0.000000000000000,0.000000000000000,0,0,0,20000,"Mapped, On Network",-81.309206380700005,28.369454911700000,663192.951163999969140,487697.655440000002272,1/7/2020 1:48:13 PM,11015_8482
4064,4065,1,4064,47385,89217314,2019-00364764,Orlando PD,Long,9/29/2019 0:00:00,04:48 PM,Orlando,Orange,SR 408 EBO ON RAMP,INTERSTATE 4 EBO,0, ,Rear End,3,0,0,1,N,Y,N,9000.000000000000000,Clear,Daylight,0,Rear End,N,Injury,Y,Front to Rear,Motor Vehicle in Transport,On Roadway,Entrance/Exit Ramp,N,Not at Intersection,State,Paved,Dry,None, , ,None, , ,N,N, , , , ,0,0,4,0,0,0,0,1,0,0,0,0,0.000000000000000,0.000000000000000,0,0,0,9000,"Mapped, On Network",-81.385510528500006,28.535069086699998,655340.669456999981776,505925.489777999988291,11/20/2019 2:49:00 PM,6679_6276
4065,4066,1,4065,47389,89218344,2019-00360916,Orlando PD,Short,9/26/2019 0:00:00,09:51 AM,Orlando,Orange,SR 408 EBO,I4 EBO (SR 400) INTERCHANGE ENTRANCE RAMP,0,West,Rear End,2,0,0,0,N,N,N,300.000000000000000,Clear,Daylight,0,Rear End,E,Property Damage Only,Y,Front to Rear,Motor Vehicle in Transport,On Roadway,Non-Junction,Y,Not at Intersection,State,Paved,Dry,None, , ,None, , ,N,N, , , , ,0,0,0,0,0,0,0,0,0,0,0,0,0.000000000000000,0.000000000000000,0,2,0,300,"Mapped, On Network",-81.391079027900005,28.535088441799999,654796.865050000022165,505916.120676000020467,11/20/2019 2:46:36 PM,8267_6679
4066,4067,1,4066,47475,89216811,2019-00388996,Orlando PD,Long,10/19/2019 0:00:00,10:21 AM,Orlando,Orange,E SR 408,ORANGE AVENUE,100,West,Other,1,0,0,0,N,N,N,4000.000000000000000,Rain,Daylight,0,Single Vehicle,E,Property Damage Only,Y,Angle,Motor Vehicle in Transport,On Roadway,Non-Junction,N,Not at Intersection,State,Paved,Wet,Road Surface Condition, , ,Weather Conditions, , ,N,N, , , , ,0,0,0,0,0,0,0,0,0,0,0,0,0.000000000000000,0.000000000000000,0,0,0,4000,"Mapped, On Network",-81.378467665000002,28.535629002499999,656027.076130999950692,506002.260597000014968,12/3/2019 11:01:08 AM,6679_6276