FID,OBJECTID_1,Join_Count,TARGET_FID,OBJECTID,HSMV_Repor,Agency_Rep,Reporting_,Form_Type,Crash_Date,Crash_Time,City,County,Crash_Stre,Intersecti,Offset_Dis,Offset_Dir,Crash_Type,Vehicles,Non_Motori,Fatalities,Injuries,Alcohol_Re,Distractio,Drug_Relat,Estimated_,Weather_Co,Light_Cond,Street_Num,Crash_Ty_1,Crash_Ty_2,Crash_Seve,Within_Cit,Manner_of_,First_Harm,First_HE_L,First_HE_R,First_HE_W,Type_of_In,Road_Sys_I,Type_of_Sh,Road_Surf_,Contrib_Ci,Contrib__1,Contrib__2,Contrib__3,Contrib__4,Contrib__5,School_Bus,Work_Zone_,Type_of_Wo,Loc_in_Wor,Workers_in,Law_Enforc,Mopeds,Motorcycle,Passengers,Bicyclists,Pedestrian,Fataliti_1,Injuries_U,Possible_I,Non_Incapa,Incapacita,Fataliti_2,Non_Traffi,Transporte,Transpor_1,Transpor_2,Citations,Property_D,Vehicle_Dm,S4_Mapping,S4_Decimal,S4_Decim_1,S4_Albers_,S4_Albers1,S4_Mappi_1,zone_id_st
4067,4068,1,4067,47551,88221954,FHPD19OFF094872,FHP,Short,10/18/2019 0:00:00,07:10 AM,Orlando Expwy Auth,Orange,SR 408,MM22,100,East,Sideswipe,2,0,0,0,N,Y,N,1000.000000000000000,Clear,Daylight,0,Same Direction Sideswipe,W,Property Damage Only,N,"Sideswipe, Same Direction",Motor Vehicle in Transport,On Roadway,Non-Junction,N,Not at Intersection,Turnpike/Toll,Paved,Dry,None, , ,None, , ,N,N, , , , ,0,0,0,0,0,0,0,0,0,0,0,0,0.000000000000000,0.000000000000000,0,1,0,1000,"Mapped, On Network",-81.195403676200002,28.551654966200001,673862.222961000050418,508174.925379000022076,1/6/2020 2:11:51 PM,8041_6970
4068,4069,1,4068,47552,88221953,FHPD19OFF094634,FHP,Short,10/17/2019 0:00:00,01:00 PM,Orlando Expwy Auth,Orange,SR 408 (EAST-WEST EXPY) RAMP,MM4,100,West,Sideswipe,2,0,0,0,N,Y,N,3700.000000000000000,Clear,Daylight,0,Same Direction Sideswipe,E,Property Damage Only,N,"Sideswipe, Same Direction",Motor Vehicle in Transport,On Roadway,Non-Junction,N,Not at Intersection,Turnpike/Toll,Paved,Dry,None, , ,None, , ,N,N, , , , ,0,0,1,0,0,0,0,0,0,0,0,0,0.000000000000000,0.000000000000000,0,1,0,3700,"Mapped, On Network",-81.483016428699997,28.549141614500002,645787.335284000029787,507289.864722999976948,1/6/2020 1:46:52 PM,8148_6298
4069,4070,1,4069,47553,88221951,FHPD19OFF093891,FHP,Short,10/15/2019 0:00:00,07:00 AM,Orlando Expwy Auth,Orange,SR-429,MM29,100,North,Rear End,2,0,0,0,N,Y,N,600.000000000000000,Clear,Daylight,0,Rear End,S,Property Damage Only,N,Front to Rear,Motor Vehicle in Transport,On Roadway,Non-Junction,N,Not at Intersection,Turnpike/Toll,Paved,Dry,None, , ,None, , ,N,N, , , , ,0,0,0,0,0,0,0,0,0,0,0,0,0.000000000000000,0.000000000000000,0,1,0,600,"Mapped, On Network",-81.544178774399995,28.640538740899999,639613.409349999972619,517317.564849000016693,1/6/2020 2:12:20 PM,8339_6255
4070,4071,1,4070,47554,88221950,FHPD19OFF093552,FHP,Long,10/14/2019 0:00:00,08:15 AM,Orlando Expwy Auth,Orange,SR 417 (CENTRAL FLORIDA GREENEWAY),MM15,100,North,Rear End,2,0,0,0,N,Y,N,4300.000000000000000,Clear,Daylight,0,Rear End,S,Property Damage Only,N,Front to Rear,Motor Vehicle in Transport,On Roadway,Non-Junction,N,Not at Intersection,Turnpike/Toll,Paved,Dry,None, , ,None, , ,N,N, , , , ,0,0,1,0,0,0,0,0,0,0,0,0,0.000000000000000,0.000000000000000,0,2,0,4300,"Mapped, On Network",-81.332021970400007,28.367575156899999,660966.169824999989942,487440.455342000001110,1/6/2020 1:47:48 PM,6324_6854
4071,4072,1,4071,47653,89217887,2019-00393038,Orlando PD,Long,10/22/2019 0:00:00,05:33 PM,Orlando,Orange,WBO 408,ORANGE AVE,0, ,Sideswipe,2,0,0,0,N,N,N,2000.000000000000000,Clear,Daylight,0,Same Direction Sideswipe, ,Property Damage Only,Y,"Sideswipe, Same Direction",Motor Vehicle in Transport,On Roadway,Non-Junction,N,Not at Intersection,State,Paved,Dry,None, , ,None, , ,N,N, , , , ,0,0,1,0,0,0,0,0,0,0,0,0,0.000000000000000,0.000000000000000,0,0,0,2000,"Mapped, On Network",-81.374584973500006,28.536982899600002,656403.013773999991827,506160.652033000020310,12/17/2019 1:07:21 PM,6737_6230
4072,4073,1,4072,47658,88140203,FHPK19OFF058301,FHP,Long,10/8/2019 0:00:00,05:06 PM,Winter Garden,Orange,SR-429 (DANIEL WEBSTER WESTERN BELTWAY),SR-91 (FLORIDA TURNPIKE),5280,South,Rear End,2,0,0,2,N,N,N,2000.000000000000000,Cloudy,Daylight,0,Rear End,S,Injury,N,Angle,Motor Vehicle in Transport,On Roadway,Non-Junction,Y,Not at Intersection,State,Paved,Dry,None, , ,None, , ,N,N, , , , ,0,0,0,0,0,0,0,1,1,0,0,0,0.000000000000000,0.000000000000000,0,1,0,2000,"Mapped, On Network",-81.559329997500001,28.532146450700001,638373.539374000043608,505253.021193999971729,12/23/2019 5:29:03 PM,8524_6989
4073,4074,1,4073,47671,83213579,FHPK19OFF056482,FHP,Long,9/30/2019 0:00:00,07:30 AM,Ocoee,Orange,SR-429,FULLERS CROSS ROAD,50,North,Rear End,2,0,0,0,N,N,N,1600.000000000000000,Clear,Daylight,0,Rear End,S,Property Damage Only,Y,Front to Rear,Motor Vehicle in Transport,On Roadway,Non-Junction,N,Not at Intersection,State,Paved,Dry,None, , ,None, , ,N,N, , , , ,0,0,0,0,0,0,0,0,0,0,0,0,0.000000000000000,0.000000000000000,0,1,0,1600,"Mapped, On Network",-81.556563623399995,28.595081705799998,638505.206206999951974,512246.315378999977838,11/20/2019 4:44:56 PM,6248_5993
4074,4075,1,4074,47698,88196322,FHPD19OFF094078,FHP,Short,10/15/2019 0:00:00,04:49 PM,Orlando Expwy Auth,Orange,STATE ROAD 417 NB MM36,ALOMA AVE,5280,South,Rear End,2,0,0,0,N,N,N,1000.000000000000000,Clear,Daylight,0,Rear End,N,Property Damage Only,Y,Front to Rear,Motor Vehicle in Transport,On Roadway,Non-Junction,N,Not at Intersection,Turnpike/Toll,Unpaved,Dry,None, , ,None, , ,N,N, , , , ,0,0,0,0,0,0,0,0,0,0,0,0,0.000000000000000,0.000000000000000,0,1,0,1000,"Mapped, On Network",-81.255153033599996,28.605814242299999,667894.943694000015967,514056.840625000011642,12/11/2019 9:38:56 AM,5988_6758
4075,4076,1,4075,47757,89217643,2019-00351064,Orlando PD,Long,9/18/2019 0:00:00,12:05 PM,Orlando,Orange,SR 408 WBO,SR 408 WB EXIT RAMP TO I4 EB (SR 400),500,South,Rear End,2,0,0,2,N,Y,N,6000.000000000000000,Clear,Daylight,0,Rear End,W,Injury,Y,Front to Rear,Motor Vehicle in Transport,On Roadway,Entrance/Exit Ramp,N,Not at Intersection,State,Paved,Dry,None, , ,None, , ,N,Y,Work on Shoulder or Median,Activity Area, ,N,0,0,0,0,0,0,0,2,0,0,0,0,0.000000000000000,0.000000000000000,0,3,0,6000,"Mapped, On Network",-81.372663088199999,28.537302222200001,656589.924834999954328,506200.104198999993969,11/20/2019 2:58:13 PM,8313_6737
4076,4077,1,4076,47759,89215472,2019-00358092,Orlando PD,Long,9/24/2019 0:00:00,08:00 AM,Orlando,Orange,SR 528 WBO,EXIT RAMP TO S SEMORAN BV,500,East,Rear End,2,0,0,1,N,N,N,1500.000000000000000,Clear,Daylight,0,Rear End,W,Injury,Y,Front to Rear,Motor Vehicle in Transport,On Roadway,Non-Junction,N,Not at Intersection,State,Paved,Dry,None, , ,None, , ,N,N, , , , ,0,0,1,0,0,0,0,1,0,0,0,0,0.000000000000000,0.000000000000000,0,1,0,1500,"Mapped, On Network",-81.298972545500007,28.451221429699999,663994.903016000054777,496798.075821999984328,11/21/2019 3:18:04 PM,8183_6664
4077,4078,1,4077,47790,89219400,2019-00386518,Orlando PD,Long,10/17/2019 0:00:00,07:54 AM,Orlando,Orange,SR 408 WEST,ENTRANCE RAMP FROM SR 436 (S SEMORAN BV),100,East,Rear End,2,0,0,1,N,N,N,900.000000000000000,Cloudy,Daylight,0,Rear End,W,Injury,Y,Front to Rear,Motor Vehicle in Transport,On Roadway,Non-Junction,N,Not at Intersection,State,Paved,Dry,None, , ,None, , ,N,N, , , , ,0,0,1,0,0,0,0,1,0,0,0,0,0.000000000000000,0.000000000000000,0,0,0,900,"Mapped, On Network",-81.304443118799995,28.539646802899998,663245.657153000007384,506604.214647000015248,12/9/2019 2:01:51 PM,6883_8376
4078,4079,1,4078,47873,89217215,2019-00362042,Orlando PD,Short,9/27/2019 0:00:00,06:34 AM,Orlando,Orange,SR 408 EAST,S BUMBY AV EXIT RAMP,800,West,Other,2,0,0,0,N,N,N,500.000000000000000,Clear,Daylight,0,Backed Into,E,Property Damage Only,Y,Front to Rear,Motor Vehicle in Transport,On Roadway,Non-Junction,N,Not at Intersection,State,Paved,Dry,None, , ,None, , ,N,N, , , , ,0,0,0,0,0,0,0,0,0,0,0,0,0.000000000000000,0.000000000000000,0,0,0,500,"Mapped, On Network",-81.360446205100004,28.537831962700000,657781.604191999998875,506284.401231000025291,11/20/2019 2:22:07 PM,8315_8311
4079,4080,1,4079,47878,88201067,FHPD19OFF095325,FHP,Long,9/19/2019 0:00:00,11:36 AM,Orlando Expwy Auth,Orange,STATE RD 417,UNIVERSITY BLVD,5280,North,Other,1,0,0,0,N,N,N,8500.000000000000000,Rain,Daylight,0,Single Vehicle,N,Property Damage Only,N,Other,Other Non-Collision,On Roadway,Non-Junction,N,Not at Intersection,Turnpike/Toll,Paved,Wet,Road Surface Condition, , ,Weather Conditions, , ,N,Y,Work on Shoulder or Median,Activity Area,N,N,0,0,1,0,0,0,0,0,0,0,0,0,0.000000000000000,0.000000000000000,0,0,500,8000,"Mapped, On Network",-81.256757087099999,28.607655629400000,667733.866328999982215,514257.801977999974042,11/22/2019 12:00:40 PM,5988_6758
4080,4081,1,4080,47879,88201065,FHPD19OFF095223,FHP,Long,10/19/2019 0:00:00,05:03 AM,Orlando Expwy Auth,Orange,STATE RD 417 ENTRANCE RAMP,STATE RD 536,0,North,Other,1,0,0,0,N,N,N,6000.000000000000000,Rain,Dark - Lighted,0,Single Vehicle,N,Property Damage Only,N,Other,Other Non-Collision,On Roadway,Entrance/Exit Ramp,N,Not at Intersection,Turnpike/Toll,Paved,Wet,Road Surface Condition, , ,Weather Conditions, , ,N,N, , , , ,0,0,0,0,0,0,0,0,0,0,0,0,0.000000000000000,0.000000000000000,0,1,2000,4000,"Mapped, On Network",-81.480980372299996,28.356748290700001,646422.568102000048384,485931.872330999991391,12/11/2019 9:41:56 AM,6044_8581
4081,4082,1,4081,47880,88201063,FHPD19OFF093568,FHP,Long,10/14/2019 0:00:00,09:17 AM,Orlando Expwy Auth,Orange,STATE RD 528,DALLAS BLVD,5280,West,Sideswipe,2,0,0,0,N,N,N,3500.000000000000000,Clear,Daylight,0,Same Direction Sideswipe,W,Property Damage Only,N,"Sideswipe, Same Direction",Motor Vehicle in Transport,On Roadway,Non-Junction,N,Not at Intersection,Turnpike/Toll,Paved,Dry,None, , ,None, , ,N,Y,Intermittent or Moving Work,Activity Area,N,N,0,0,1,0,0,0,0,0,0,0,0,0,0.000000000000000,0.000000000000000,0,0,0,3500,"Mapped, On Network",-81.111692502300002,28.451516520399998,682295.403949000057764,497245.670062999997754,12/9/2019 2:05:27 PM,6073_8099
4082,4083,1,4082,47915,89218720,2019-00370767,Orlando PD,Short,10/4/2019 0:00:00,08:49 AM,Orlando,Orange,SR 528 WEST,SR 436 (S SEMORAN BV) EXIT,0,East,Rear End,2,0,0,0,N,Y,N,1000.000000000000000,Clear,Daylight,0,Rear End,W,Property Damage Only,Y,Angle,Motor Vehicle in Transport,On Roadway,Non-Junction,N,Not at Intersection,State,Paved,Dry,None, , ,None, , ,N,N, , , , ,0,0,1,0,0,0,0,0,0,0,0,0,0.000000000000000,0.000000000000000,0,0,0,1000,"Mapped, On Network",-81.296105834800002,28.450840736699998,664275.973666999954730,496761.947953999973834,12/3/2019 9:13:33 AM,8183_6664
4083,4084,1,4083,47944,88201066,FHPD19OFF095247,FHP,Long,10/19/2019 0:00:00,07:13 AM,Orlando Expwy Auth,Orange,STATE RD 528,STATE RD 520,10560,West,Other,2,0,0,1,N,N,N,7000.000000000000000,Rain,Daylight,0,Other,W,Injury,N,Other,Other Non-Collision,On Roadway,Non-Junction,N,Not at Intersection,Turnpike/Toll,Paved,Wet,Road Surface Condition, , ,Weather Conditions, , ,N,Y,Intermittent or Moving Work,Activity Area,N,N,0,0,0,0,0,0,0,1,0,0,0,0,1.000000000000000,0.000000000000000,0,0,0,7000,"Mapped, On Network",-81.013036914200001,28.452555813699998,691933.085526000009850,497590.758346999995410,12/11/2019 9:43:53 AM,8091_5943
4084,4085,1,4084,47948,88221952,FHPD19OFF093910,FHP,Short,10/15/2019 0:00:00,07:35 AM,Orlando Expwy Auth,Orange,SR 408( EAST-WEST EXPY),MM6,100,West,Rear End,2,0,0,0,N,Y,N,2700.000000000000000,Clear,Daylight,0,Rear End,E,Property Damage Only,N,Front to Rear,Motor Vehicle in Transport,On Roadway,Non-Junction,N,Not at Intersection,Turnpike/Toll,Paved,Dry,None, , ,None, , ,N,N, , , , ,0,0,0,0,0,0,0,0,0,0,0,0,0.000000000000000,0.000000000000000,0,2,0,2700,"Mapped, On Network",-81.443840184699994,28.548221783399999,649614.529640999971889,507266.426831000018865,1/6/2020 2:12:35 PM,8205_6294
4085,4086,1,4085,47971,89215930,2019-00394310,Orlando PD,Long,10/23/2019 0:00:00,03:45 PM,Orlando,Orange,SR 408 EBO,US 441 (S ORANGE BLOSSOM TRAIL),1500,West,Rear End,2,0,0,3,N,N,N,15000.000000000000000,Clear,Daylight,0,Rear End,E,Injury,Y,Front to Rear,Motor Vehicle in Transport,On Roadway,Non-Junction,N,Not at Intersection,State,Paved,Dry,None, , ,None, , ,N,N, , , , ,0,0,2,0,0,0,1,3,0,0,0,0,0.000000000000000,0.000000000000000,0,0,0,15000,"Mapped, On Network",-81.402436094899997,28.535237306900001,653687.508110999944620,505909.234027999977116,12/18/2019 12:39:50 PM,8169_8242
4086,4087,1,4086,47978,88219007,FHPD19OFF091588,FHP,Long,10/8/2019 0:00:00,03:28 PM,Orlando,Orange,SR-408 W ON RAMP,SR 417 SOUTH BOUND,0, ,Rear End,2,0,0,0,N,Y,N,2600.000000000000000,Clear,Daylight,0,Rear End,W,Property Damage Only,N,Front to Rear,Motor Vehicle in Transport,On Roadway,Non-Junction,N,Not at Intersection,State,Paved,Dry,None, , ,None, , ,N,N, , , , ,0,0,0,0,0,0,0,0,0,0,0,0,0.000000000000000,0.000000000000000,0,4,0,2600,"Mapped, On Network",-81.265578188399999,28.547481591000000,667021.261230999953113,507557.664609000028577,12/3/2019 9:31:52 AM,6971_6258
4087,4088,1,4087,47981,88219004,FHPD19OFF091667,FHP,Short,10/8/2019 0:00:00,05:16 PM,Orlando,Orange,SR 408,MILE MARKER 02,0, ,Rear End,2,0,0,0,N,Y,N,500.000000000000000,Clear,Daylight,0,Rear End,W,Property Damage Only,N,Front to Rear,Motor Vehicle in Transport,On Roadway,Non-Junction,N,Not at Intersection,State,Curb,Dry,None, , ,None, , ,N,N, , , , ,0,0,0,0,0,0,0,0,0,0,0,0,0.000000000000000,0.000000000000000,0,1,0,500,"Mapped, On Network",-81.508116789200002,28.545496487299999,643344.761321999947540,506835.354853000026196,12/4/2019 12:09:14 PM,8114_8152
4088,4089,1,4088,48017,88196323,FHPD19OFF095050,FHP,Long,10/18/2019 0:00:00,05:48 PM,Orlando Expwy Auth,Orange,STATE ROAD 528 EB MM18,STATE ROAD 436,5280,East,Sideswipe,2,0,0,0,N,N,N,2000.000000000000000,Cloudy,Daylight,0,Same Direction Sideswipe,E,Property Damage Only,Y,"Sideswipe, Same Direction",Motor Vehicle in Transport,On Roadway,Non-Junction,N,Not at Intersection,Turnpike/Toll,Paved,Dry,None, , ,None, , ,N,N, , , , ,0,0,0,0,0,0,0,0,0,0,0,0,0.000000000000000,0.000000000000000,0,0,0,2000,"Mapped, On Network",-81.193761003500001,28.451465559700001,674275.783167000045069,497054.806811999995261,1/8/2020 12:42:22 PM,6945_8095
4089,4090,1,4089,48018,88196320,FHPD19OFF093663,FHP,Long,10/14/2019 0:00:00,02:13 PM,Orlando Expwy Auth,Orange,STATE ROAD 417 SB MM37,UNIVERSITY BLVD,0,South,Rear End,3,0,0,0,N,N,N,9000.000000000000000,Clear,Daylight,0,Rear End,S,Property Damage Only,Y,Front to Rear,Motor Vehicle in Transport,On Roadway,Non-Junction,N,Not at Intersection,Turnpike/Toll,Paved,Dry,None, , ,None, , ,N,N, , , , ,0,0,0,0,0,0,0,0,0,0,0,0,0.000000000000000,0.000000000000000,0,1,0,9000,"Mapped, On Network",-81.250079999500002,28.597504796999999,668410.562864999985322,513145.293369000020903,1/6/2020 1:49:58 PM,8588_8118
4090,4091,1,4090,48019,88193374,FHPD19OFF094435,FHP,Long,10/16/2019 0:00:00,06:22 PM,Orlando Expwy Auth,Orange,STATE ROAD 408 EASTBOUND,MILE MARKER 21,0, ,Rear End,2,0,0,1,N,Y,N,0.000000000000000,Clear,Daylight,0,Rear End,E,Injury,N,Front to Rear,Motor Vehicle in Transport,On Roadway,Non-Junction,N,Not at Intersection,Turnpike/Toll,Paved,Dry,None, , ,None, , ,N,N, , , , ,0,0,0,0,0,0,0,1,0,0,0,0,0.000000000000000,0.000000000000000,0,1,0,0,"Mapped, On Network",-81.209284605799994,28.548752545599999,672514.308880000025965,507821.926235000020824,1/6/2020 1:50:12 PM,6690_8041
4091,4092,1,4091,48020,88193373,FHPD19OFF094448,FHP,Long,10/16/2019 0:00:00,06:52 PM,Orlando Expwy Auth,Orange,STATE ROAD 408 EASTBOUND,MILE MARKER 20,0, ,Rear End,3,0,0,0,N,Y,N,21000.000000000000000,Clear,Dark - Lighted,0,Rear End,E,Property Damage Only,N,Front to Rear,Motor Vehicle in Transport,On Roadway,Non-Junction,N,Not at Intersection,Turnpike/Toll,Paved,Dry,None, , ,None, , ,N,N, , , , ,0,0,0,0,0,0,0,0,0,0,0,0,0.000000000000000,0.000000000000000,0,1,0,21000,"Mapped, On Network",-81.228956046899995,28.547108595600001,670597.812693999963813,507596.083157000015490,1/6/2020 1:50:31 PM,6305_8077
4092,4093,1,4092,48021,88193372,FHPD19OFF094420,FHP,Long,10/16/2019 0:00:00,05:56 PM,Orlando Expwy Auth,Orange,STATE ROAD 528 EASTBOUND,MILE MARKER 9,0, ,Rear End,2,0,0,1,N,Y,N,400.000000000000000,Clear,Daylight,0,Rear End,E,Injury,N,Front to Rear,Motor Vehicle in Transport,On Roadway,Non-Junction,N,Not at Intersection,Turnpike/Toll,Paved,Dry,None, , ,None, , ,N,N, , , , ,0,0,1,0,0,0,0,1,0,0,0,0,0.000000000000000,0.000000000000000,0,2,0,400,"Mapped, On Network",-81.339867986499996,28.450582068399999,659999.992317000054754,496640.199752999993507,1/6/2020 1:51:44 PM,8327_8331
4093,4094,1,4093,48067,88188794,FHPD19OFF091969,FHP,Long,10/9/2019 0:00:00,02:15 PM,Orlando,Orange,STATE ROAD 528 (BEACHLINE),STATE ROAD 520,10560,West,Off Road,1,0,0,1,N,N,N,20000.000000000000000,Rain,Daylight,0,Off Road,W,Injury,N,Other,Guardrail Face,Shoulder,Non-Junction,N,Not at Intersection,State,Paved,Wet,None, , ,None, , ,N,N, , , , ,0,0,1,0,0,0,0,0,0,1,0,0,1.000000000000000,0.000000000000000,0,1,5000,15000,"Mapped, On Network",-81.028970199300005,28.452467225900001,690376.373060000012629,497543.303272999997716,12/3/2019 10:47:48 AM,5943_6937
4094,4095,1,4094,48092,88161583,FHPD19OFF093920,FHP,Long,10/15/2019 0:00:00,08:26 AM,Orlando Expwy Auth,Orange,SR-528 (MM19),SR-417,10560,East,Sideswipe,2,0,0,0,N,N,N,2700.000000000000000,Clear,Daylight,0,Same Direction Sideswipe,W,Property Damage Only,N,"Sideswipe, Same Direction",Motor Vehicle in Transport,On Roadway,Non-Junction,N,Not at Intersection,Turnpike/Toll,Paved,Dry,None, , ,None, , ,N,N, , , , ,0,0,6,0,0,0,0,0,0,0,0,0,0.000000000000000,0.000000000000000,0,1,400,2300,"Mapped, On Network",-81.185115459599999,28.451744343200001,675119.926870999974199,497105.018477000005078,12/11/2019 9:44:58 AM,8097_6953
4095,4096,1,4095,48179,88188590,FHPK19OFF058328,FHP,Long,10/8/2019 0:00:00,07:25 PM,Winter Garden,Orange,STATE ROAD 429,MM 17,0,South,Rollover,1,0,0,1,N,N,N,10000.000000000000000,Clear,Dusk,0,Rollover,S,Injury,N,Other,Overturn/Rollover,On Roadway,Non-Junction,N,Not at Intersection,Turnpike/Toll,Paved,Dry,None, , ,None, , ,N,N, , , , ,0,0,0,0,0,0,0,1,0,0,0,0,0.000000000000000,0.000000000000000,0,0,0,10000,"Mapped, On Network",-81.616139709999999,28.500272500099999,632894.215609999955632,501605.349290999991354,12/3/2019 10:48:37 AM,6759_6969
4096,4097,1,4096,48260,89217354,2019-00395173,Orlando PD,Short,10/24/2019 0:00:00,08:15 AM,Orlando,Orange,SR 408 W, ,0,West,Sideswipe,2,0,0,0,N,N,N,1000.000000000000000,Clear,Daylight,0,Same Direction Sideswipe,W,Property Damage Only,Y,"Sideswipe, Same Direction",Motor Vehicle in Transport,On Roadway,Non-Junction,N,Not at Intersection,State,Paved,Dry,None, , ,None, , ,N,N, , , , ,0,0,0,0,0,0,0,0,0,0,0,0,0.000000000000000,0.000000000000000,0,0,0,1000,"Mapped, On Network",-81.364164097599996,28.537367753000002,657419.668092999956571,506225.093226999975741,12/18/2019 12:40:53 PM,8309_8313
4097,4098,1,4097,48296,88059751,FHPD19OFF085729,FHP,Long,9/21/2019 0:00:00,01:56 PM,Unincorporated,Orange,STATE ROAD 408 (EAST-WEST EXPRESSWAY),STATE ROAD 417 (GREENEWAY EXPRESSWAY,300,West,Rear End,2,0,0,0,N,Y,N,15000.000000000000000,Clear,Daylight,0,Rear End,W,Property Damage Only,N,Front to Rear,Motor Vehicle in Transport,On Roadway,Non-Junction,N,Not at Intersection,State,Paved,Dry,None, , ,None, , ,N,N, , , , ,0,0,0,0,0,0,0,0,0,0,0,0,0.000000000000000,0.000000000000000,0,1,0,15000,"Mapped, On Network",-81.253089129399996,28.547528705600001,668240.522737000021152,507590.000834000005852,11/20/2019 4:44:24 PM,8013_8024
4098,4099,1,4098,48300,89217739,2019-00365345,Orlando PD,Short,9/30/2019 0:00:00,06:53 AM,Orlando,Orange,SR 408 WBO,S ROSALIND AVE,0,East,Rear End,2,0,0,0,N,N,N,700.000000000000000,Clear,Dawn,0,Rear End,W,Property Damage Only,Y,Front to Rear,Motor Vehicle in Transport,On Roadway,Acceleration/Deceleration Lane,N,Not at Intersection,State,Curb,Dry,None, , ,None, , ,N,N, , , , ,0,0,0,0,0,0,0,0,0,0,0,0,0.000000000000000,0.000000000000000,0,0,0,700,"Mapped, On Network",-81.361969575299995,28.537884960300001,657632.727056000032462,506287.101986000023317,11/20/2019 2:56:41 PM,8309_8313
4099,4100,1,4099,48394,89217949,2019-00365502,Orlando PD,Short,9/30/2019 0:00:00,08:45 AM,Orlando,Orange,SR 408,TAMPA AVENUE EXIT RAMP,500,West,Rear End,2,0,0,0,N,N,N,1800.000000000000000,Clear,Daylight,0,Rear End,E,Property Damage Only,Y,Front to Rear,Motor Vehicle in Transport,On Roadway,Non-Junction,N,Not at Intersection,State,Curb,Dry,None, , ,None, , ,N,N, , , , ,0,0,5,0,0,0,0,0,0,0,0,0,0.000000000000000,0.000000000000000,0,0,0,1800,"Mapped, On Network",-81.406592948799997,28.536998777600001,653277.480799000011757,506096.267659000004642,11/20/2019 2:13:42 PM,8169_8242
4100,4101,1,4100,48395,89118444,2019TA013410,Apopka PD,Long,10/11/2019 0:00:00,04:27 AM,Apopka,Orange,SR-429-TOLL, ,0, ,Other,2,0,0,0,N,N,N,15000.000000000000000,Clear,Dark - Not Lighted,0,Parked Vehicle, ,Property Damage Only,Y, ,Parked Motor Vehicle,Roadside,Through Roadway,N,Not at Intersection,State,Paved,Dry,None, , ,None, , ,N,N, , , , ,0,0,0,0,0,0,0,0,0,0,0,0,0.000000000000000,0.000000000000000,0,0,0,15000,"Mapped, On Network",-81.556404840200003,28.670514447700000,638354.712066999985836,520622.156202999991365,10/26/2019 4:04:05 PM,5880_6221
4101,4102,1,4101,48470,89118481,2019TA013806,Apopka PD,Long,10/19/2019 0:00:00,09:34 AM,Apopka,Orange,SR-429-TOLL,SR-414-TOLL,378,South,Sideswipe,2,0,0,0,N,N,N,3000.000000000000000,Rain,Daylight,0,Same Direction Sideswipe,N,Property Damage Only,Y,"Sideswipe, Same Direction",Motor Vehicle in Transport,On Roadway,Through Roadway,N,Not at Intersection,Turnpike/Toll,Paved,Wet,Road Surface Condition, , ,Weather Conditions, , ,N,N, , , , ,0,0,2,0,0,0,0,0,0,0,0,0,0.000000000000000,0.000000000000000,0,0,0,3000,"Mapped, On Network",-81.542648397400001,28.644995315500001,639752.845855999970809,517815.365326999977697,10/22/2019 3:31:39 PM,6652_8320
4102,4103,1,4102,48488,89218949,2019-00375910,Orlando PD,Long,10/8/2019 0:00:00,04:00 PM,Orlando,Orange,SR 417 SOUTH (CENTRAL FL GREENEWAY),LAKE NONA BV EXIT RAMP,10,East,Rear End,2,0,0,0,N,N,N,3500.000000000000000,Cloudy,Daylight,0,Rear End,W,Property Damage Only,Y,"Sideswipe, Same Direction",Motor Vehicle in Transport,On Roadway,Non-Junction,N,Not at Intersection,State,Paved,Dry,None, , ,None, , ,N,N, , , , ,0,0,0,0,0,0,0,0,0,0,0,0,0.000000000000000,0.000000000000000,0,0,0,3500,"Mapped, On Network",-81.270874644800003,28.381758715800000,666911.423579000052996,489146.136453000013717,12/27/2019 10:17:30 AM,6170_8603
4103,4104,1,4103,48543,89118504,2019TA014108,Apopka PD,Long,10/25/2019 0:00:00,10:52 AM,Apopka,Orange,SR-429-TOLL,SR 414-TOLL,500,North,Unknown,2,0,0,0,N,N,N,100.000000000000000,Cloudy,Daylight,0,Unknown, ,Property Damage Only,Y, ,"Struck by Falling, Shifting Cargo",On Roadway,Through Roadway,N,Not at Intersection,Turnpike/Toll,Paved,Dry,None, , ,None, , ,N,N, , , , ,0,0,0,0,0,0,0,0,0,0,0,0,0.000000000000000,0.000000000000000,0,0,0,100,"Mapped, On Network",-81.551866165700005,28.660528573000001,638819.383046000031754,519522.178847000002861,11/6/2019 5:25:18 PM,6016_6222
4104,4105,1,4104,48554,85204419,FHPD19OFF092178,FHP,Long,10/10/2019 0:00:00,04:30 AM,Unincorporated,Orange,STATE ROAD 417,INNOVATION WAY,0,South,Off Road,1,0,0,0,N,N,N,12000.000000000000000,Clear,Dark - Lighted,0,Off Road,S,Property Damage Only,N,Other,Utility Pole/Light Support,Off Roadway,Non-Junction,N,Not at Intersection,State,Paved,Dry,None, , ,None, , ,N,N, , , , ,0,0,0,0,0,0,0,0,0,0,0,0,0.000000000000000,0.000000000000000,0,0,7000,5000,"Mapped, On Network",-81.228350473800006,28.427651977400000,670955.092320999945514,494334.361428999982309,12/19/2019 2:35:57 PM,8516_8536