FID,OBJECTID_1,Join_Count,TARGET_FID,OBJECTID,HSMV_Repor,Agency_Rep,Reporting_,Form_Type,Crash_Date,Crash_Time,City,County,Crash_Stre,Intersecti,Offset_Dis,Offset_Dir,Crash_Type,Vehicles,Non_Motori,Fatalities,Injuries,Alcohol_Re,Distractio,Drug_Relat,Estimated_,Weather_Co,Light_Cond,Street_Num,Crash_Ty_1,Crash_Ty_2,Crash_Seve,Within_Cit,Manner_of_,First_Harm,First_HE_L,First_HE_R,First_HE_W,Type_of_In,Road_Sys_I,Type_of_Sh,Road_Surf_,Contrib_Ci,Contrib__1,Contrib__2,Contrib__3,Contrib__4,Contrib__5,School_Bus,Work_Zone_,Type_of_Wo,Loc_in_Wor,Workers_in,Law_Enforc,Mopeds,Motorcycle,Passengers,Bicyclists,Pedestrian,Fataliti_1,Injuries_U,Possible_I,Non_Incapa,Incapacita,Fataliti_2,Non_Traffi,Transporte,Transpor_1,Transpor_2,Citations,Property_D,Vehicle_Dm,S4_Mapping,S4_Decimal,S4_Decim_1,S4_Albers_,S4_Albers1,S4_Mappi_1,zone_id_st
4105,4106,1,4105,48657,88182184,FHPD19OFF085233,FHP,Short,9/19/2019 0:00:00,09:06 PM,Orlando,Orange,STATE ROAD 417,STATE ROAD 552,300,South,Other,5,0,0,0,N,N,N,12500.000000000000000,Clear,Dark - Lighted,0,Other,S,Property Damage Only,N,Angle,Motor Vehicle in Transport,On Roadway,Non-Junction,N,Not at Intersection,State,Paved,Dry,None, , ,None, , ,N,Y,Lane Closure,Advance Warning Area,Y,Y,0,0,1,0,0,0,0,0,0,0,0,0,0.000000000000000,0.000000000000000,0,2,0,12500,"Mapped, On Network",-81.245794200000006,28.505170683300001,669057.823445999994874,502902.952343999990262,11/13/2019 2:58:52 PM,8559_6030
4106,4107,1,4106,48713,89218750,2019-00398829,Orlando PD,Short,10/27/2019 0:00:00,11:35 AM,Orlando,Orange,SR 408 (EW WBO),ORANGE BLOSSOM TRL,0,West,Rollover,2,0,0,0,N,N,N,4000.000000000000000,Clear,Daylight,0,Rollover,W,Property Damage Only,Y,Front to Rear,Overturn/Rollover,On Roadway,Non-Junction,N,Not at Intersection,State,Paved,Dry,None, , ,None, , ,N,N, , , , ,0,0,1,0,0,0,0,0,0,0,0,0,0.000000000000000,0.000000000000000,0,0,0,4000,"Mapped, On Network",-81.393949871000004,28.535264304799998,654516.116955999983475,505929.718361000006553,12/9/2019 11:56:43 AM,8272_8254
4107,4108,1,4107,48804,89218957,2019-00384056,Orlando PD,Long,10/15/2019 0:00:00,07:58 AM,Orlando,Orange,SR 528,SR 436 (S SEMORAN BV),10,West,Sideswipe,2,0,0,1,N,N,N,1200.000000000000000,Clear,Daylight,0,Same Direction Sideswipe,E,Injury,Y,"Sideswipe, Same Direction",Motor Vehicle in Transport,On Roadway,Entrance/Exit Ramp,N,Not at Intersection,State,Unpaved,Dry,None, , ,None, , ,N,N, , , , ,0,0,0,0,0,0,0,1,0,0,0,0,0.000000000000000,0.000000000000000,0,0,0,1200,"Mapped, On Network",-81.310107989200006,28.451298717600000,662906.525035999948159,496782.867177999985870,12/27/2019 10:19:15 AM,8296_8190
4108,4109,1,4108,48808,89218669,2019-00378084,Orlando PD,Short,10/10/2019 0:00:00,08:25 AM,Orlando,Orange,SR 408 EAST (EXIT RAMP),SR 15 (ANDERSON ST),120,West,Sideswipe,2,0,0,0,N,N,N,2000.000000000000000,Clear,Daylight,0,Same Direction Sideswipe,E,Property Damage Only,Y,Angle,Motor Vehicle in Transport,On Roadway,Entrance/Exit Ramp,N,Not at Intersection,State,Curb,Dry,None, , ,None, , ,N,N, , , , ,0,0,0,0,0,0,0,0,0,0,0,0,0.000000000000000,0.000000000000000,0,0,0,2000,"Mapped, On Network",-81.374552390800005,28.536878200699999,656406.442915000021458,506149.094984000024851,12/27/2019 10:20:06 AM,6276_8307
4109,4110,1,4109,48907,88117245,FHPK19OFF063511,FHP,Long,11/4/2019 0:00:00,12:21 AM,Winter Garden,Orange,SR 429 SB MM 17,NEW INDEPENDENCE PKWY,10560,South,Rollover,1,0,0,1,N,N,N,2000.000000000000000,Clear,Dark - Lighted,0,Rollover,S,Injury,N,Other,Overturn/Rollover,On Roadway,Non-Junction,N,Not at Intersection,Turnpike/Toll,Paved,Dry,None, , ,None, , ,N,N, , , , ,0,0,0,0,0,0,0,1,0,0,0,0,1.000000000000000,0.000000000000000,0,0,0,2000,"Mapped, Not On Network",-81.618535870000002,28.497056049299999,632667.046870999969542,501243.686018000007607,11/6/2019 5:26:39 PM,6763_6186
4110,4111,1,4110,48918,88163832,FHPK19OFF059018,FHP,Long,10/11/2019 0:00:00,11:25 PM,Winter Garden,Orange,SR429(DANIEL WEBSTER WESTERN BELTWAY),WEST COLONIAL DRIVE,5280,North,Sideswipe,2,0,0,0,N,N,N,8000.000000000000000,Clear,Dusk,0,Same Direction Sideswipe,S,Property Damage Only,N,"Sideswipe, Same Direction",Parked Motor Vehicle,On Roadway,Non-Junction,N,Not at Intersection,Turnpike/Toll,Paved,Dry,None, , ,None, , ,N,N, , , , ,0,0,0,0,0,0,0,0,0,0,0,0,0.000000000000000,0.000000000000000,0,1,0,8000,"Mapped, On Network",-81.558963493199997,28.563325000399999,638340.792538000037894,508715.609930999984499,11/22/2019 2:31:22 PM,8429_8423
4111,4112,1,4111,48953,89118355,2019TA012160,Apopka PD,Short,9/17/2019 0:00:00,08:29 AM,Apopka,Orange,SR-429-TOLL,LUST RD,750,South,Unknown,2,0,0,0,N,N,N,2500.000000000000000,Clear,Daylight,0,Unknown, ,Property Damage Only,Y, ,"Struck by Falling, Shifting Cargo",On Roadway,Through Roadway,N,Not at Intersection,Turnpike/Toll,Paved,Dry,None, , ,None, , ,N,N, , , , ,0,0,0,0,0,0,0,0,0,0,0,0,0.000000000000000,0.000000000000000,0,0,0,2500,"Mapped, On Network",-81.555100786899999,28.668865414399999,638485.526843999978155,520441.580901000008453,9/24/2019 4:44:50 PM,5881_6875
4112,4113,1,4112,49139,89219054,2019-00384557,Orlando PD,Short,10/15/2019 0:00:00,03:59 PM,Orlando,Orange,SR 408 EBO,SR 527 (S ORANGE AV) EXIT RAMP,100,West,Other,3,0,0,0,N,N,N,2600.000000000000000,Clear,Daylight,0,Other,E,Property Damage Only,Y,Other,Motor Vehicle in Transport,On Roadway,Non-Junction,N,Not at Intersection,State,Paved,Dry,None, , ,None, , ,N,Y,Work on Shoulder or Median,Activity Area,N,N,0,0,2,0,0,0,0,0,0,0,0,0,0.000000000000000,0.000000000000000,0,0,0,2600,"Mapped, On Network",-81.378466889999999,28.535576485600000,656027.275790999992751,505996.431217000004835,1/6/2020 1:29:20 PM,6679_6276
4113,4114,1,4113,49142,89218939,2019-00382824,Orlando PD,Long,10/14/2019 0:00:00,09:43 AM,Orlando,Orange,SR 528 WBO,EXIT TO SR 436 (S SEMORAN BV),500,East,Rollover,1,0,0,0,N,N,N,8000.000000000000000,Clear,Daylight,0,Rollover,W,Property Damage Only,Y,Other,Overturn/Rollover,Shoulder,Non-Junction,N,Not at Intersection,State,Paved,Dry,None, , ,None, , ,N,N, , , , ,0,0,0,0,0,0,0,0,0,0,0,0,0.000000000000000,0.000000000000000,0,0,1500,8000,"Mapped, On Network",-81.298471082099994,28.451161658800000,664044.052964000031352,496792.513115999987349,1/6/2020 1:31:00 PM,8183_6664
4114,4115,1,4114,49195,88225541,FHPD19OFF090900,FHP,Long,10/6/2019 0:00:00,09:42 PM,Orlando,Orange,STATE ROAD 528,MM 26,0, ,Other,1,0,0,0,N,N,N,11000.000000000000000,Cloudy,Dark - Not Lighted,0,Single Vehicle,W,Property Damage Only,N,Other,Other Non-Collision,Off Roadway,Non-Junction,N,Not at Intersection,Interstate,Paved,Wet,None, , ,None, , ,N,N, , , , ,0,0,0,0,0,0,0,0,0,0,0,0,0.000000000000000,0.000000000000000,0,1,1000,10000,"Mapped, On Network",-81.064270038999993,28.452081101899999,686927.986762000015005,497417.804803000006359,12/19/2019 12:33:06 PM,6322_8112
4115,4116,1,4115,49221,89217267,2019-00376041,Orlando PD,Short,10/8/2019 0:00:00,05:58 PM,Orlando,Orange,SR408,BUMBY AVE,1000,East,Rear End,2,0,0,0,N,N,N,1000.000000000000000,Cloudy,Daylight,0,Rear End,E,Property Damage Only,Y,Front to Rear,Motor Vehicle in Transport,On Roadway,Non-Junction,N,Not at Intersection,State,Paved,Wet,Road Surface Condition, , ,Weather Conditions, , ,N,N, , , , ,0,0,1,0,0,0,0,0,0,0,0,0,0.000000000000000,0.000000000000000,0,1,0,1000,"Mapped, On Network",-81.348608810000002,28.538180839399999,658936.645926999975927,506347.937940999981947,12/6/2019 2:41:32 PM,8311_6252
4116,4117,1,4116,49247,88206079,FHPD19OFF094510,FHP,Long,10/17/2019 0:00:00,01:05 AM,Ocoee,Orange,STATE ROAD 429,MILE MARKER 24,0, ,Off Road,1,0,0,0,N,N,N,1600.000000000000000,Clear,Dark - Not Lighted,0,Off Road,N,Property Damage Only,N,Other,Concrete Traffic Barrier,Shoulder,Non-Junction,N,Not at Intersection,Turnpike/Toll,Unpaved,Dry,None, , ,None, , ,N,N, , , , ,0,0,0,0,0,0,0,0,0,0,0,0,0.000000000000000,0.000000000000000,0,0,100,1500,"Mapped, On Network",-81.558424341199995,28.563855391400001,638392.261847999994643,508775.543483000015840,1/7/2020 1:41:56 PM,8500_8421
4117,4118,1,4117,49264,89220108,2019-00400437,Orlando PD,Short,10/28/2019 0:00:00,05:36 PM,Orlando,Orange,SR 408 EXIT RAMP,S CONWAY RD,50,North,Rear End,2,0,0,0,N,N,N,1200.000000000000000,Clear,Daylight,0,Rear End,E,Property Damage Only,Y,Front to Rear,Motor Vehicle in Transport,On Roadway,Entrance/Exit Ramp,N,Not at Intersection,State,Unpaved,Dry,None, , ,None, , ,N,N, , , , ,0,0,0,0,0,0,0,0,0,0,0,0,0.000000000000000,0.000000000000000,0,0,0,1200,"Mapped, On Network",-81.334090458899993,28.538164570100001,660354.336612000013702,506376.700761999993119,1/7/2020 1:42:34 PM,8355_8348
4118,4119,1,4118,49277,87246755,FHPD19OFF092234,FHP,Short,10/10/2019 0:00:00,08:37 AM,Orlando,Orange,STATE ROAD 408,MM 7.5,0, ,Rear End,2,0,0,0,N,N,N,2500.000000000000000,Cloudy,Daylight,0,Rear End,E,Property Damage Only,Y,Front to Rear,Motor Vehicle in Transport,On Roadway,Through Roadway,N,Not at Intersection,Turnpike/Toll,Paved,Dry,None, , ,None, , ,N,N, , , , ,0,0,0,0,0,0,0,0,0,0,0,0,0.000000000000000,0.000000000000000,0,1,0,2500,"Mapped, On Network",-81.419672850699996,28.545611848800000,651980.243766000028700,507025.792926999973133,12/23/2019 5:57:22 PM,6011_8219
4119,4120,1,4119,49278,87246753,FHPD19OFF091941,FHP,Short,10/9/2019 0:00:00,12:12 PM,Orlando,Orange,STATE ROAD 417,MM 23,0, ,Unknown,2,0,0,0,N,N,N,7000.000000000000000,Cloudy,Daylight,0,Unknown, ,Property Damage Only,Y,Angle,Motor Vehicle in Transport,On Roadway,Through Roadway,N,Not at Intersection,Turnpike/Toll,Unpaved,Wet,None, , ,None, , ,N,N, , , , ,0,0,1,0,0,0,0,0,0,0,0,0,0.000000000000000,0.000000000000000,0,1,0,7000,"Mapped, On Network",-81.227033210800002,28.418841237799999,671105.847029999946244,493359.013129999977536,12/19/2019 1:58:08 PM,8533_8540
4120,4121,1,4120,49281,88206064,FHPD19OFF091787,FHP,Long,10/8/2019 0:00:00,11:43 PM,Orlando,Orange,STATE ROAD 408,STATE ROAD 551 (GOLDENROD RD),5280,West,Off Road,1,0,0,4,N,Y,N,3000.000000000000000,Cloudy,Dark - Lighted,0,Off Road,E,Injury,N,Other,Concrete Traffic Barrier,Median,Non-Junction,N,Not at Intersection,Turnpike/Toll,Curb,Wet,None, , ,None, , ,N,N, , , , ,0,0,3,0,0,0,0,4,0,0,0,0,0.000000000000000,0.000000000000000,0,0,0,3000,"Mapped, On Network",-81.301659788799995,28.539364413000001,663518.117465000017546,506578.805878999992274,12/23/2019 5:56:10 PM,6235_6881
4121,4122,1,4121,49413,88233604,FHPD19OFF095253,FHP,Short,10/19/2019 0:00:00,07:20 AM,Unincorporated,Orange,SR-429-TOLL N,CLARCONA OCOEE,0,North,Off Road,1,0,0,0,N,N,N,3500.000000000000000,Rain,Dark - Lighted,0,Off Road,N,Property Damage Only,N,Other,Other Traffic Barrier,On Roadway,Non-Junction,N,Not at Intersection,State,Unpaved,Wet,None, , ,None, , ,N,N, , , , ,0,0,0,0,0,0,0,0,0,0,0,0,0.000000000000000,0.000000000000000,0,1,0,3500,"Mapped, On Network",-81.537190063200001,28.607317324899999,640368.883464999962598,513642.493973999982700,10/23/2019 10:37:02 AM,8460_6069
4122,4123,1,4122,49497,87246754,FHPD19OFF091939,FHP,Long,10/9/2019 0:00:00,12:56 PM,Orlando,Orange,STATE ROAD 417,MM 23,0, ,Rear End,2,0,0,0,N,N,N,6000.000000000000000,Cloudy,Daylight,0,Rear End,N,Property Damage Only,Y,Front to Rear,Motor Vehicle in Transport,On Roadway,Through Roadway,N,Not at Intersection,Turnpike/Toll,Unpaved,Wet,None, , ,None, , ,N,N, , , , ,0,0,0,0,0,0,0,0,0,0,0,0,0.000000000000000,0.000000000000000,0,1,0,6000,"Mapped, On Network",-81.227111352999998,28.419452397000001,671096.682457000017166,493426.697441999975126,12/19/2019 1:58:16 PM,8533_8540
4123,4124,1,4123,49580,88188592,FHPK19OFF058928,FHP,Long,10/11/2019 0:00:00,05:25 PM,Winter Garden,Orange,STATE ROAD 429,MM 22,0,South,Rear End,3,0,0,0,N,Y,N,12500.000000000000000,Clear,Daylight,0,Rear End,S,Property Damage Only,N,Front to Rear,Motor Vehicle in Transport,On Roadway,Non-Junction,N,Not at Intersection,Turnpike/Toll,Paved,Dry,None, , ,None, , ,N,N, , , , ,0,0,2,0,0,0,0,0,0,0,0,0,0.000000000000000,0.000000000000000,0,1,0,12500,"Mapped, On Network",-81.557033498400003,28.541463672300001,638577.305202999967150,506291.991804999997839,12/19/2019 12:40:24 PM,8529_8524
4124,4125,1,4124,49750,85579108,FHPD19OFF099189,FHP,Long,10/31/2019 0:00:00,08:17 AM,Unincorporated,Orange,STATE ROAD 408 WEST BOUND,SEMORAN BOULEVARD EXIT RAMP,5280,East,Sideswipe,2,0,0,0,N,N,N,5000.000000000000000,Clear,Daylight,0,Same Direction Sideswipe,W,Property Damage Only,N,"Sideswipe, Same Direction",Motor Vehicle in Transport,On Roadway,Non-Junction,N,Not at Intersection,State,Paved,Dry,None, , ,None, , ,N,N, , , , ,0,0,0,0,0,0,0,0,0,0,0,0,0.000000000000000,0.000000000000000,0,1,0,5000,"Mapped, On Network",-81.297058665700007,28.539688341200002,663966.599746000021696,506624.612167000013869,12/19/2019 1:46:54 PM,6883_8376
4125,4126,1,4125,49751,85579106,FHPD19OFF098857,FHP,Long,10/30/2019 0:00:00,08:55 AM,Unincorporated,Orange,STATE ROAD 417 SOUTHBOUND,LANDSTAR BOULEVARD,5280,North,Rear End,4,0,0,0,N,N,N,5650.000000000000000,Clear,Daylight,0,Rear End,S,Property Damage Only,N,Front to Rear,Motor Vehicle in Transport,On Roadway,Non-Junction,N,Not at Intersection,State,Unpaved,Dry,None, , ,None, , ,N,N, , , , ,0,0,2,0,0,0,0,0,0,0,0,0,0.000000000000000,0.000000000000000,0,2,0,5650,"Mapped, On Network",-81.354154618199999,28.369326012999998,658797.444231000030413,487588.210710000013933,12/18/2019 3:52:04 PM,6700_8484
4126,4127,1,4126,49872,88206074,FHPD19OFF093857,FHP,Long,10/15/2019 0:00:00,12:20 AM,Orlando,Orange,STATE ROAD 528,STATE ROAD 417,5,West,Rear End,2,0,0,2,N,Y,N,128000.000000000000000,Clear,Dark - Lighted,0,Rear End,E,Injury,N,Front to Rear,Motor Vehicle in Transport,On Roadway,Non-Junction,N,Not at Intersection,Turnpike/Toll,Paved,Dry,None, , ,None, , ,N,Y,Lane Closure,Advance Warning Area,Y,Y,0,0,0,0,0,0,0,0,2,0,0,0,1.000000000000000,0.000000000000000,0,1,70000,58000,"Mapped, On Network",-81.233458384499997,28.451292183100001,670396.933842999977060,496947.886625999992248,1/7/2020 1:47:11 PM,8074_8019
4127,4128,1,4127,49907,88221946,FHPD19OFF092459,FHP,Long,10/10/2019 0:00:00,06:15 PM,Orlando Expwy Auth,Orange,SR 417 (CENTRAL FLORIDA GREENEWAY),MM26,100,South,Off Road,1,0,0,0,N,Y,N,3625.000000000000000,Rain,Daylight,0,Off Road,N,Property Damage Only,N,Other,Guardrail Face,Off Roadway,Non-Junction,N,Not at Intersection,Turnpike/Toll,Paved,Wet,None, , ,None, , ,N,N, , , , ,0,0,0,0,0,0,0,0,0,0,0,0,0.000000000000000,0.000000000000000,0,0,125,3500,"Mapped, On Network",-81.231654141199996,28.459345835699999,670553.170446999953128,497846.028778999985661,12/23/2019 5:40:20 PM,6173_8544
4128,4129,1,4128,49932,88188657,FHPK19OFF054189,FHP,Long,9/17/2019 0:00:00,05:52 PM,Winter Garden,Orange,STATE ROAD 429,WINTER GARDEN VINELAND ROAD,5280,North,Rear End,2,0,0,0,N,N,N,6500.000000000000000,Clear,Daylight,0,Rear End,S,Property Damage Only,N,Front to Rear,Motor Vehicle in Transport,On Roadway,Non-Junction,N,Not at Intersection,Turnpike/Toll,Paved,Dry,None, , ,None, , ,N,N, , , , ,0,0,1,0,0,0,0,0,0,0,0,0,0.000000000000000,0.000000000000000,0,1,0,6500,"Mapped, On Network",-81.580876705999998,28.521011737599999,636293.659675000002608,503975.215662000002339,10/30/2019 4:07:42 PM,8494_8462
4129,4130,1,4129,49939,88196309,FHPD19OFF090525,FHP,Long,10/5/2019 0:00:00,05:03 PM,Orlando Expwy Auth,Orange,STATE ROAD 528 WB MM28,STATE ROAD 520,10560,West,Off Road,1,0,0,0,N,N,N,2075.000000000000000,Rain,Daylight,0,Off Road,W,Property Damage Only,Y,Other,Cable Barrier,Median,Non-Junction,N,Not at Intersection,Turnpike/Toll,Paved,Wet,"Worn, Travel-Polished Surface",Road Surface Condition, ,None, , ,N,N, , , , ,0,0,1,0,0,0,0,0,0,0,0,0,0.000000000000000,0.000000000000000,0,0,75,2000,"Mapped, On Network",-81.014000441799993,28.452482193900000,691839.130795000004582,497580.304116000013892,11/22/2019 12:20:57 PM,8091_5943
4130,4131,1,4130,49940,88201048,FHPD19OFF089874,FHP,Long,10/3/2019 0:00:00,06:52 PM,Orlando Expwy Auth,Orange,STATE RD 429,PLANT ST,5280,South,Other,2,0,0,1,N,N,N,7000.000000000000000,Clear,Daylight,0,Other,N,Injury,N,Other,Other Non-Collision,On Roadway,Non-Junction,N,Not at Intersection,Turnpike/Toll,Paved,Dry,None, , ,None, , ,N,N, , , , ,0,0,0,0,0,0,0,1,0,0,0,0,0.000000000000000,0.000000000000000,0,0,1000,6000,"Mapped, On Network",-81.558942599999995,28.562659837700000,638344.294465000042692,508641.794701999984682,11/22/2019 12:19:22 PM,8500_8421
4131,4132,1,4131,49950,88161578,FHPD19OFF091097,FHP,Long,10/7/2019 0:00:00,11:45 AM,Orlando,Orange,SR-417 (MM34),ECONLOCKHATCHEE TRAIL,5280,North,Off Road,1,0,0,0,N,N,N,2200.000000000000000,Rain,Daylight,0,Off Road,S,Property Damage Only,N,Other,Concrete Traffic Barrier,On Roadway,Non-Junction,N,Not at Intersection,Turnpike/Toll,Paved,Wet,None, , ,None, , ,N,Y,Work on Shoulder or Median,Advance Warning Area,Y,N,0,0,1,0,0,0,0,0,0,0,0,0,0.000000000000000,0.000000000000000,0,0,0,2200,"Mapped, On Network",-81.251343453399997,28.592982877400001,668298.454405999975279,512640.485304999980144,11/22/2019 12:59:56 PM,8118_8456
4132,4133,1,4132,49951,88161577,FHPD19OFF090949,FHP,Long,10/7/2019 0:00:00,06:46 AM,Orlando Expwy Auth,Orange,SR-417 (MM37),UNIVERSITY BLVD,5280,North,Rear End,2,0,0,0,N,N,N,3900.000000000000000,Cloudy,Dawn,0,Rear End,S,Property Damage Only,N,Front to Rear,Motor Vehicle in Transport,On Roadway,Non-Junction,N,Not at Intersection,Turnpike/Toll,Paved,Wet,None, , ,None, , ,N,Y,Lane Shift/Crossover,Advance Warning Area,N,N,0,0,2,0,0,0,0,0,0,0,0,0,0.000000000000000,0.000000000000000,0,1,0,3900,"Mapped, On Network",-81.253750999499999,28.603782382700000,668036.783367999945767,513834.294527999998536,11/22/2019 1:00:25 PM,8088_8565
4133,4134,1,4133,49988,88193368,FHPD19OFF092355,FHP,Long,10/10/2019 0:00:00,03:12 PM,Orlando Expwy Auth,Orange,STATE ROAD 417 SOUTHBOUND,MILE  MARKER 8,0, ,Other,2,1,0,0,N,Y,N,1000.000000000000000,Clear,Daylight,0,Parked Vehicle,S,Property Damage Only,N,Front to Rear,Motor Vehicle in Transport,Off Roadway,Non-Junction,N,Not at Intersection,Turnpike/Toll,Paved,Dry,None, , ,None, , ,N,N, , , , ,0,0,1,0,1,0,0,0,0,0,0,0,0.000000000000000,0.000000000000000,0,1,0,1000,"Mapped, On Network",-81.442697229900006,28.359656582100001,650160.378012000001036,486331.871903999999631,12/24/2019 8:08:53 AM,8292_6975
4134,4135,1,4134,50031,88203834,FHPD19OFF090955,FHP,Short,10/7/2019 0:00:00,07:00 AM,Orlando Expwy Auth,Orange,SB SR-417,SR-423,0,North,Rear End,2,0,0,0,N,N,N,4500.000000000000000,Cloudy,Dark - Not Lighted,0,Rear End,S,Property Damage Only,Y,Front to Rear,Motor Vehicle in Transport,On Roadway,Non-Junction,N,Not at Intersection,Turnpike/Toll,Paved,Wet,None, , ,None, , ,N,N, , , , ,0,0,0,0,0,0,0,0,0,0,0,0,0.000000000000000,0.000000000000000,0,1,0,4500,"Mapped, On Network",-81.416774361700007,28.375533310800002,652658.901096999994479,488147.558099000016227,11/22/2019 12:54:17 PM,8277_8290
4135,4136,1,4135,50042,89215522,2019-00286365,Orlando PD,Short,8/1/2019 0:00:00,08:19 AM,Orlando,Orange,SR 408 WEST,E. CRYSTAL LAKE DR. (EXIT RAMP),300,West,Rear End,2,0,0,0,N,Y,N,1800.000000000000000,Clear,Daylight,0,Rear End,W,Property Damage Only,Y,Front to Rear,Motor Vehicle in Transport,On Roadway,Non-Junction,N,Not at Intersection,State,Curb,Dry,Other, , ,None, , ,N,N, , , , ,0,0,2,0,0,0,0,0,0,0,0,0,0.000000000000000,0.000000000000000,0,0,0,1800,"Mapped, On Network",-81.341341541899993,28.538492310100001,659645.516670000040904,506397.801332000002731,9/26/2019 2:27:11 PM,8353_6185
4136,4137,1,4136,50054,88203835,FHPD19OFF091840,FHP,Short,10/9/2019 0:00:00,07:45 AM,Orlando Expwy Auth,Orange,SB SR-429,WEST ROAD,0,South,Rear End,2,0,0,0,N,N,N,7500.000000000000000,Cloudy,Daylight,0,Rear End,S,Property Damage Only,Y,Front to Rear,Motor Vehicle in Transport,On Roadway,Non-Junction,N,Not at Intersection,Turnpike/Toll,Paved,Wet,None, , ,None, , ,N,N, , , , ,0,0,1,0,0,0,0,0,0,0,0,0,0.000000000000000,0.000000000000000,0,1,0,7500,"Mapped, On Network",-81.549640794699997,28.599337136999999,639171.468522000010125,512732.218966000014916,12/23/2019 5:44:48 PM,8393_6248
4137,4138,1,4137,50071,88201039,FHPD19OFF085479,FHP,Long,9/20/2019 0:00:00,05:01 PM,Orlando Expwy Auth,Orange,STATE RD 417,BOGGY CREEK RD,200,South,Rear End,3,0,0,0,N,N,N,11000.000000000000000,Clear,Daylight,0,Rear End,S,Property Damage Only,N,Front to Rear,Motor Vehicle in Transport,On Roadway,Non-Junction,N,Not at Intersection,Turnpike/Toll,Paved,Dry,None, , ,None, , ,N,N, , , , ,0,0,1,0,0,0,0,0,0,0,0,0,0.000000000000000,0.000000000000000,0,1,0,11000,"Mapped, On Network",-81.310512691699998,28.369183643200000,663065.855025999946520,487664.748978000017814,10/30/2019 4:30:30 PM,11015_8482
4138,4139,1,4138,50072,88203820,FHPD19OFF085314,FHP,Long,9/20/2019 0:00:00,09:35 AM,Orlando Expwy Auth,Orange,WB SR-528,DALLAS BLVD,5280,West,Sideswipe,2,0,0,0,N,N,N,16000.000000000000000,Cloudy,Daylight,0,Same Direction Sideswipe,W,Property Damage Only,Y,"Sideswipe, Same Direction",Motor Vehicle in Transport,On Roadway,Non-Junction,N,Not at Intersection,Turnpike/Toll,Paved,Dry,None, , ,None, , ,N,N, , , , ,0,0,0,0,0,0,0,0,0,0,0,0,0.000000000000000,0.000000000000000,0,1,0,16000,"Mapped, On Network",-81.100486020000005,28.451635980599999,683390.181998000014573,497284.637217000010423,10/30/2019 4:29:22 PM,8112_6073
4139,4140,1,4139,50198,88196294,FHPD19OFF085347,FHP,Long,9/20/2019 0:00:00,11:57 AM,Orlando Expwy Auth,Orange,STATE ROAD 417 NB MM35,STATE ROAD 50,5280,North,Sideswipe,2,0,0,0,N,N,N,5100.000000000000000,Cloudy,Daylight,0,Same Direction Sideswipe,N,Property Damage Only,Y,"Sideswipe, Same Direction",Motor Vehicle in Transport,On Roadway,Non-Junction,N,Not at Intersection,Turnpike/Toll,Paved,Dry,None, , ,None, , ,N,N, , , , ,0,0,0,0,0,0,0,0,0,0,0,0,0.000000000000000,0.000000000000000,0,1,0,5100,"Mapped, On Network",-81.263352728800001,28.577548948000000,667164.447970999986865,510900.813565000018571,10/30/2019 4:39:22 PM,2531_6046
4140,4141,1,4140,50214,88196310,FHPD19OFF090837,FHP,Long,10/6/2019 0:00:00,05:33 PM,Orlando Expwy Auth,Orange,STATE ROAD 408 EB MM20,ROUSE RD,10,West,Rear End,2,0,0,0,N,N,N,2000.000000000000000,Cloudy,Daylight,0,Rear End,E,Property Damage Only,Y,Front to Rear,Motor Vehicle in Transport,On Roadway,Non-Junction,N,Not at Intersection,Turnpike/Toll,Curb,Dry,None, , ,None, , ,N,N, , , , ,0,0,3,0,0,0,0,0,0,0,0,0,0.000000000000000,0.000000000000000,0,2,0,2000,"Mapped, On Network",-81.223606272300003,28.547179686800000,671119.962627999950200,507615.726973999990150,11/22/2019 12:57:52 PM,8077_8070
4141,4142,1,4141,50247,89217529,2019-00368158,Orlando PD,Long,10/2/2019 0:00:00,08:29 AM,Orlando,Orange,408 EXPRESSWAY/EASTBOUND,408 EXPRESSWAY/EASTBOUND,0,East,Rear End,3,0,0,1,N,Y,N,3000.000000000000000,Clear,Daylight,0,Rear End,E,Injury,Y,Front to Rear,Motor Vehicle in Transport,On Roadway,Non-Junction,N,Not at Intersection,State,Paved,Dry,None,None,None,None,None,None,N,N, , , , ,0,0,0,0,0,0,0,1,0,0,0,0,1.000000000000000,0.000000000000000,0,0,0,3000,"Mapped, On Network",-81.409121182700005,28.538989205000000,653025.960654999944381,506312.077287000021897,12/4/2019 11:52:12 AM,8213_8169
4142,4143,1,4142,50258,88201056,FHPD19OFF091532,FHP,Long,10/8/2019 0:00:00,01:05 PM,Orlando Expwy Auth,Orange,STATE RD 528,DALLAS BLVD,15840,East,Other,1,0,0,1,N,N,N,12000.000000000000000,Rain,Daylight,0,Single Vehicle,W,Injury,N,Other,Other Non-Collision,On Roadway,Non-Junction,N,Not at Intersection,Turnpike/Toll,Paved,Wet,Road Surface Condition, , ,Weather Conditions, , ,N,Y,Intermittent or Moving Work,Activity Area,N,N,0,0,0,0,0,0,0,0,1,0,0,0,0.000000000000000,0.000000000000000,0,0,6000,6000,"Mapped, On Network",-81.043058850099996,28.452271583400002,689000.191112000029534,497488.485367999994196,12/23/2019 5:46:19 PM,5943_6937