FID,OBJECTID_1,Join_Count,TARGET_FID,OBJECTID,HSMV_Repor,Agency_Rep,Reporting_,Form_Type,Crash_Date,Crash_Time,City,County,Crash_Stre,Intersecti,Offset_Dis,Offset_Dir,Crash_Type,Vehicles,Non_Motori,Fatalities,Injuries,Alcohol_Re,Distractio,Drug_Relat,Estimated_,Weather_Co,Light_Cond,Street_Num,Crash_Ty_1,Crash_Ty_2,Crash_Seve,Within_Cit,Manner_of_,First_Harm,First_HE_L,First_HE_R,First_HE_W,Type_of_In,Road_Sys_I,Type_of_Sh,Road_Surf_,Contrib_Ci,Contrib__1,Contrib__2,Contrib__3,Contrib__4,Contrib__5,School_Bus,Work_Zone_,Type_of_Wo,Loc_in_Wor,Workers_in,Law_Enforc,Mopeds,Motorcycle,Passengers,Bicyclists,Pedestrian,Fataliti_1,Injuries_U,Possible_I,Non_Incapa,Incapacita,Fataliti_2,Non_Traffi,Transporte,Transpor_1,Transpor_2,Citations,Property_D,Vehicle_Dm,S4_Mapping,S4_Decimal,S4_Decim_1,S4_Albers_,S4_Albers1,S4_Mappi_1,zone_id_st
4143,4144,1,4143,50259,88201053,FHPD19OFF091137,FHP,Long,10/7/2019 0:00:00,01:00 PM,Orlando Expwy Auth,Orange,STATE RD 528,STATE RD 520,5280,West,Sideswipe,2,0,0,0,N,N,N,8500.000000000000000,Rain,Daylight,0,Same Direction Sideswipe,W,Property Damage Only,N,Angle,Motor Vehicle in Transport,On Roadway,Non-Junction,N,Not at Intersection,Turnpike/Toll,Paved,Wet,Road Surface Condition, , ,Weather Conditions, , ,N,Y,Intermittent or Moving Work,Activity Area,N,N,0,0,0,0,0,0,0,0,0,0,0,0,0.000000000000000,0.000000000000000,0,3,0,8500,"Mapped, On Network",-80.996831181000005,28.452598297500000,693516.537858000025153,497633.944350000005215,12/23/2019 5:46:38 PM,8091_5943
4144,4145,1,4144,50260,88201051,FHPD19OFF090967,FHP,Long,10/7/2019 0:00:00,07:18 AM,Orlando Expwy Auth,Orange,STATE RD 417,NARCOOSSEE RD,200,North,Other,1,0,0,1,N,N,N,3000.000000000000000,Rain,Dawn,0,Single Vehicle,N,Injury,N,Other,Other Non-Collision,On Roadway,Non-Junction,N,Not at Intersection,Turnpike/Toll,Paved,Wet,None, , ,None, , ,N,N, , , , ,0,0,0,0,0,0,0,0,1,0,0,0,1.000000000000000,0.000000000000000,0,1,0,3000,"Mapped, On Network",-81.243397769900000,28.400918879399999,669550.683505999972112,491333.242110999999568,12/23/2019 5:46:52 PM,8512_8598
4145,4146,1,4145,50289,89213809,2019-00348166,Orlando PD,Long,9/16/2019 0:00:00,08:15 AM,Orlando,Orange,STATE ROAD 528 (MARTIN ANDERSEN BEECHLINE EXP),STATE ROAD 436 (SOUTH SEMORAN BLVD),200,West,Rear End,2,0,0,2,N,N,N,1000.000000000000000,Clear,Daylight,0,Rear End,W,Injury,Y,Front to Rear,Motor Vehicle in Transport,On Roadway,Non-Junction,N,Not at Intersection,State,Paved,Dry,None, , ,None, , ,N,N, , , , ,0,0,0,0,0,0,0,2,0,0,0,0,1.000000000000000,0.000000000000000,0,0,0,1000,"Mapped, On Network",-81.299699999599994,28.451319426100000,663923.575671999948099,496807.399197000020649,11/7/2019 2:13:49 PM,8183_6664
4146,4147,1,4146,50351,88210886,FHPD19OFF087520,FHP,Long,9/27/2019 0:00:00,03:45 AM,Orlando,Orange,STATE ROAD 417,MM 24,0, ,Off Road,1,0,0,0,N,N,N,10000.000000000000000,Clear,Dark - Lighted,0,Off Road,N,Property Damage Only,N,Other,Other Traffic Barrier,Off Roadway,Non-Junction,N,Not at Intersection,Interstate,Paved,Dry,None, , ,None, , ,N,N, , , , ,0,0,0,0,0,0,0,0,0,0,0,0,0.000000000000000,0.000000000000000,0,0,5000,5000,"Mapped, On Network",-81.227624352999996,28.424573725500000,671033.750685999984853,493994.183374000014737,11/21/2019 2:46:21 PM,8540_8538
4147,4148,1,4147,50361,89218670,2019-00362797,Orlando PD,Long,9/27/2019 0:00:00,06:33 PM,Orlando,Orange,SR 408 WEST,SR 527 (S ROSALIND AV EXIT RAMP),200,West,Rear End,2,0,0,0,N,N,N,9500.000000000000000,Clear,Daylight,0,Rear End,W,Property Damage Only,Y,Front to Rear,Motor Vehicle in Transport,On Roadway,Non-Junction,N,Not at Intersection,State,Paved,Dry,None, , ,None, , ,N,N, , , , ,0,0,0,0,0,0,0,0,0,0,0,0,0.000000000000000,0.000000000000000,0,2,0,9500,"Mapped, On Network",-81.366728292900007,28.537326507800000,657169.380841000005603,506215.163585999980569,11/20/2019 3:02:01 PM,8313_6737
4148,4149,1,4148,50386,88201049,FHPD19OFF089905,FHP,Long,10/3/2019 0:00:00,08:47 PM,Orlando Expwy Auth,Orange,STATE RD 528,INNOVATION WAY,200,West,Rear End,2,0,0,0,N,N,N,7000.000000000000000,Clear,Dark - Lighted,0,Rear End,W,Property Damage Only,N,"Sideswipe, Same Direction",Other Non-Collision,Shoulder,Non-Junction,N,Not at Intersection,Turnpike/Toll,Paved,Dry,None, , ,None, , ,N,Y,Work on Shoulder or Median,Activity Area,N,N,0,0,1,0,0,0,0,0,0,0,0,0,0.000000000000000,0.000000000000000,0,1,0,7000,"Mapped, On Network",-81.176037535299997,28.451799908700000,676006.884819000028074,497131.473662999982480,11/22/2019 12:20:14 PM,8097_6953
4149,4150,1,4149,50387,88196308,FHPD19OFF090515,FHP,Long,10/5/2019 0:00:00,04:40 PM,Orlando Expwy Auth,Orange,STATE ROAD 417 NB MM10,JOHN YOUNG PKWY,0,South,Sideswipe,2,0,0,0,N,N,N,5500.000000000000000,Clear,Daylight,0,Same Direction Sideswipe,N,Property Damage Only,Y,"Sideswipe, Same Direction",Motor Vehicle in Transport,On Roadway,Non-Junction,N,Not at Intersection,Turnpike/Toll,Paved,Dry,None, , ,None, , ,N,N, , , , ,0,0,0,0,0,0,0,0,0,0,0,0,0.000000000000000,0.000000000000000,0,1,500,5000,"Mapped, On Network",-81.431076927000007,28.368178756799999,651277.219577000010759,487301.738873000023887,11/22/2019 12:23:43 PM,6959_8287
4150,4151,1,4150,50388,88196307,FHPD19OFF090147,FHP,Long,10/4/2019 0:00:00,04:03 PM,Orlando Expwy Auth,Orange,STATE ROAD 408 WB,WOODBURY RD,100,West,Other,1,0,0,1,N,N,N,1500.000000000000000,Clear,Daylight,0,Single Vehicle,W,Injury,Y,Other,Motor Vehicle in Transport,Off Roadway,Non-Junction,N,Not at Intersection,Turnpike/Toll,Paved,Dry,None, , ,None, , ,N,N, , , , ,0,0,0,0,0,0,0,0,1,0,0,0,0.000000000000000,0.000000000000000,1,1,1000,500,"Mapped, On Network",-81.194049800000002,28.552140315799999,673993.176591999945231,508231.819765999971423,11/22/2019 12:24:13 PM,6921_8043
4151,4152,1,4151,50392,88196305,FHPD19OFF089596,FHP,Long,10/3/2019 0:00:00,03:16 AM,Orlando Expwy Auth,Orange,STATE ROAD 417 NB,STATE ROAD 528,5280,North,Sideswipe,2,0,0,0,N,N,N,2500.000000000000000,Clear,Dark - Lighted,0,Same Direction Sideswipe,N,Property Damage Only,Y,"Sideswipe, Same Direction",Motor Vehicle in Transport,On Roadway,Non-Junction,N,Not at Intersection,Turnpike/Toll,Paved,Dry,None, , ,None, , ,N,N, , , , ,0,0,0,0,0,0,0,0,0,0,0,0,0.000000000000000,0.000000000000000,0,0,0,2500,"Mapped, On Network",-81.235239117800006,28.466160968699999,670185.898110999958590,498594.842303999990690,11/22/2019 12:25:18 PM,6173_8544
4152,4153,1,4152,50398,89218508,2019-00361412,Orlando PD,Short,9/26/2019 0:00:00,04:53 PM,Orlando,Orange,SR 408 EAST,INTERSTATE 4 EAST EXIT RAMP (10B),250,West,Sideswipe,2,0,0,0,N,N,N,300.000000000000000,Clear,Daylight,0,Same Direction Sideswipe,E,Property Damage Only,Y,"Sideswipe, Same Direction",Motor Vehicle in Transport,On Roadway,Non-Junction,N,Not at Intersection,State,Paved,Dry,None, , ,None, , ,N,N, , , , ,0,0,0,0,0,0,0,0,0,0,0,0,0.000000000000000,0.000000000000000,0,0,0,300,"Mapped, On Network",-81.386076897899997,28.535103797600001,655285.282312000053935,505928.171130999980960,11/20/2019 2:17:48 PM,6679_6276
4153,4154,1,4153,50434,88221945,FHPD19OFF092419,FHP,Short,10/10/2019 0:00:00,05:00 PM,Orlando Expwy Auth,Orange,SR-528,MM 9,300,West,Rear End,2,0,0,0,N,Y,N,2700.000000000000000,Clear,Daylight,0,Rear End,E,Property Damage Only,N,Front to Rear,Motor Vehicle in Transport,On Roadway,Non-Junction,N,Not at Intersection,Turnpike/Toll,Paved,Dry,None, , ,None, , ,N,N, , , , ,0,0,0,0,0,0,0,0,0,0,0,0,0.000000000000000,0.000000000000000,0,1,0,2700,"Mapped, On Network",-81.338350000000005,28.450619028399998,660148.247943999944255,496647.504921999992803,12/23/2019 5:40:30 PM,8327_8331
4154,4155,1,4154,50435,88221944,FHPD19OFF091454,FHP,Short,10/8/2019 0:00:00,12:00 AM,Orlando Expwy Auth,Orange,SR 408 (EAST-WEST EXPY),MM 19,300,West,Rear End,2,0,0,0,N,Y,N,5300.000000000000000,Clear,Daylight,0,Rear End,E,Property Damage Only,N,Front to Rear,Motor Vehicle in Transport,On Roadway,Non-Junction,N,Not at Intersection,Turnpike/Toll,Paved,Dry,None, , ,None, , ,N,N, , , , ,0,0,0,0,0,0,0,0,0,0,0,0,0.000000000000000,0.000000000000000,0,1,0,5300,"Mapped, On Network",-81.237764534799993,28.547081911599999,669737.857260999968275,507573.822105000028387,12/23/2019 5:41:12 PM,8009_6303
4155,4156,1,4155,50436,88221942,FHPD19OFF091170,FHP,Long,10/7/2019 0:00:00,02:00 PM,Orlando Expwy Auth,Orange,SR 417 (CENTRAL FLORIDA GREENEWAY),MM 26,300,North,Rear End,2,0,0,0,N,Y,N,5500.000000000000000,Clear,Daylight,0,Rear End,S,Property Damage Only,N,Front to Rear,Motor Vehicle in Transport,On Roadway,Non-Junction,N,Not at Intersection,Turnpike/Toll,Paved,Dry,None, , ,None, , ,N,N, , , , ,0,0,0,0,0,0,0,0,0,0,0,0,0.000000000000000,0.000000000000000,0,1,0,5500,"Mapped, On Network",-81.233751320899998,28.463109597999999,670338.869637000025250,498259.314040999975987,12/23/2019 5:41:26 PM,8546_7092
4156,4157,1,4156,50437,88221940,FHPD19OFF089661,FHP,Long,10/3/2019 0:00:00,09:15 AM,Orlando Expwy Auth,Orange,SR417 (CENTRAL FLORIDA GREENEWAY),MM26,300,South,Off Road,1,0,0,0,N,N,N,2750.000000000000000,Clear,Daylight,0,Off Road,N,Property Damage Only,N,Other,Guardrail Face,Off Roadway,Non-Junction,N,Not at Intersection,Turnpike/Toll,Paved,Dry,None, , ,None, , ,N,N, , , , ,0,0,0,0,0,0,0,0,0,0,0,0,0.000000000000000,0.000000000000000,0,0,250,2500,"Mapped, On Network",-81.233404019100007,28.462915837600001,670373.287647000048310,498238.562556000018958,12/23/2019 5:41:35 PM,6173_8544
4157,4158,1,4157,50452,89218307,2019-00361144,Orlando PD,Long,9/26/2019 0:00:00,01:14 PM,Orlando,Orange,SR 528 WBO EXIT RAMP TO ORLANDO INTL AIRPORT,SR 528 WBO,1000,West,Sideswipe,2,0,0,1,N,N,N,22000.000000000000000,Clear,Daylight,0,Same Direction Sideswipe,W,Injury,Y,"Sideswipe, Same Direction",Motor Vehicle in Transport,On Roadway,Entrance/Exit Ramp,N,Not at Intersection,State,Paved,Dry,None, , ,None, , ,N,N, , , , ,0,0,0,0,0,0,0,0,1,0,0,0,0.000000000000000,0.000000000000000,0,1,0,22000,"Mapped, On Network",-81.300084351999999,28.451509464899999,663885.553553999983706,496827.676625999971293,11/22/2019 9:14:46 AM,8183_6664
4158,4159,1,4158,50485,85579103,FHPD19OFF086886,FHP,Short,9/25/2019 0:00:00,07:45 AM,Unincorporated,Orange,STATE ROAD 417,STATE ROAD 535,5280,North,Sideswipe,2,0,0,0,N,N,N,2000.000000000000000,Clear,Daylight,0,Same Direction Sideswipe,N,Property Damage Only,N,"Sideswipe, Same Direction",Motor Vehicle in Transport,On Roadway,Non-Junction,N,Not at Intersection,State,Unpaved,Dry,None, , ,None, , ,N,N, , , , ,0,0,0,0,0,0,0,0,0,0,0,0,0.000000000000000,0.000000000000000,0,1,0,2000,"Mapped, On Network",-81.462953088399999,28.354594868700001,648190.755357000045478,485728.924051999987569,11/21/2019 2:52:37 PM,8581_7010
4159,4160,1,4159,50499,88196063,FHPD19OFF083669,FHP,Long,9/15/2019 0:00:00,02:25 AM,Unincorporated,Orange,STATE ROAD 417 (CENTRAL FLORIDA GREENEWAY),STATE ROAD 552 (CURRY FORD ROAD),5280,North,Other,1,0,0,0,N,N,N,2000.000000000000000,Rain,Dark - Lighted,0,Single Vehicle,N,Property Damage Only,N,Other,Other Non-Collision,Off Roadway,Non-Junction,N,Not at Intersection,State,Paved,Wet,None, , ,None, , ,N,N, , , , ,0,0,0,0,0,0,0,0,0,0,0,0,0.000000000000000,0.000000000000000,0,0,0,2000,"Mapped, On Network",-81.250534782399995,28.520813548000000,668556.062860999954864,504629.421139999991283,11/7/2019 2:09:58 PM,8553_6689
4160,4161,1,4160,50508,88196306,FHPD19OFF089633,FHP,Short,10/3/2019 0:00:00,07:53 AM,Orlando Expwy Auth,Orange,STATE ROAD 408 EB MM22,WOODBURY RD,0,West,Sideswipe,2,0,0,0,N,N,N,6000.000000000000000,Clear,Daylight,0,Same Direction Sideswipe,E,Property Damage Only,Y,"Sideswipe, Same Direction",Motor Vehicle in Transport,On Roadway,Non-Junction,N,Not at Intersection,Turnpike/Toll,Paved,Dry,None, , ,None, , ,N,N, , , , ,0,0,0,0,0,0,0,0,0,0,0,0,0.000000000000000,0.000000000000000,0,1,0,6000,"Mapped, On Network",-81.198997023499999,28.550906885600000,673513.288358999998309,508083.892992999986745,11/22/2019 12:25:53 PM,8041_6970
4161,4162,1,4161,50565,88196313,FHPD19OFF091559,FHP,Long,10/8/2019 0:00:00,02:19 PM,Orlando Expwy Auth,Orange,STATE ROAD 408 WB MM16,STATE ROAD 551,0,West,Off Road,1,0,0,0,N,N,N,4700.000000000000000,Rain,Daylight,0,Off Road,W,Property Damage Only,Y,Other,Guardrail Face,Shoulder,Non-Junction,N,Not at Intersection,Turnpike/Toll,Paved,Wet,Road Surface Condition, , ,Weather Conditions, , ,N,N, , , , ,0,0,0,0,0,0,0,0,0,0,0,0,0.000000000000000,0.000000000000000,0,0,700,4000,"Mapped, On Network",-81.292336446999997,28.539740040100000,664427.566878000041470,506640.469444999995176,12/24/2019 8:08:14 AM,8427_6883
4162,4163,1,4162,50566,88196312,FHPD19OFF091554,FHP,Long,10/8/2019 0:00:00,02:05 PM,Orlando Expwy Auth,Orange,STATE ROAD 417 NB MM14,LANDSTAR BLVD,0,South,Other,1,0,0,1,N,N,N,2700.000000000000000,Rain,Daylight,0,Single Vehicle,N,Injury,Y,Other,Motor Vehicle in Transport,Off Roadway,Entrance/Exit Ramp,N,Not at Intersection,Turnpike/Toll,Paved,Wet,Road Surface Condition, , ,Weather Conditions, , ,N,N, , , , ,0,0,0,0,0,0,0,1,0,0,0,0,0.000000000000000,0.000000000000000,0,1,700,2000,"Mapped, On Network",-81.372793165000004,28.368145465900000,656977.426338999997824,487418.154130999988411,12/23/2019 5:43:34 PM,7997_8466
4163,4164,1,4163,50574,89216686,2019-00370706,Orlando PD,Long,10/4/2019 0:00:00,08:05 AM,Orlando,Orange,408 WESTBOUND AT CRYSTAL LAKE DR,408 WESTBOUND AT CRYSTAL LAKE DR,800,East,Other,3,0,0,1,N,Y,N,2500.000000000000000,Clear,Daylight,0,Parked Vehicle,W,Injury,Y,"Sideswipe, Same Direction",Parked Motor Vehicle,Shoulder,Non-Junction,N,Not at Intersection,Turnpike/Toll,Paved,Dry,None, , ,None, , ,N,N, , , , ,0,0,0,0,0,0,0,0,0,1,0,0,0.000000000000000,0.000000000000000,0,0,0,2500,"Mapped, On Network",-81.337493390000006,28.538505885100001,660021.237625999958254,506407.416923000011593,10/15/2019 9:24:41 AM,6177_8353
4164,4165,1,4164,50608,88127918,FHPD19OFF084462,FHP,Long,9/17/2019 0:00:00,02:41 PM,Oviedo,Seminole,STATE ROAD 417,MM 38,2000,South,Off Road,2,0,0,2,N,N,N,12000.000000000000000,Clear,Daylight,0,Off Road,N,Injury,N,Other,Concrete Traffic Barrier,Shoulder,Non-Junction,N,Not at Intersection,State,Paved,Dry,None, , ,None, , ,N,Y,Work on Shoulder or Median,Activity Area,Y,N,0,0,0,0,0,0,0,2,0,0,0,0,0.000000000000000,0.000000000000000,0,1,0,12000,"Mapped, On Network",-81.257928324000005,28.609858763799998,667614.135158000048250,514499.868666999973357,12/2/2019 12:39:54 PM,5988_6758
4165,4166,1,4165,50640,88193365,FHPD19OFF091282,FHP,Short,10/7/2019 0:00:00,05:07 PM,Orlando Expwy Auth,Orange,STATE ROAD 408 EASTBOUND,MILE MARKER 16,0, ,Rear End,2,0,0,0,N,Y,N,0.000000000000000,Clear,Daylight,0,Rear End,E,Property Damage Only,N,Front to Rear,Motor Vehicle in Transport,On Roadway,Non-Junction,N,Not at Intersection,Turnpike/Toll,Paved,Dry,None, , ,None, , ,N,N, , , , ,0,0,2,0,0,0,0,0,0,0,0,0,0.000000000000000,0.000000000000000,0,1,0,0,"Mapped, On Network",-81.282479276499998,28.541933867899999,665384.683518999954686,506905.223258999991231,11/22/2019 12:52:54 PM,8408_8412
4166,4167,1,4166,50641,88193364,FHPD19OFF091221,FHP,Long,10/7/2019 0:00:00,04:03 PM,Orlando Expwy Auth,Orange,STATE ROAD 408 EASTBOUND,MILE MARKER 19,0, ,Sideswipe,2,0,0,0,N,N,N,11000.000000000000000,Clear,Daylight,0,Same Direction Sideswipe,E,Property Damage Only,N,"Sideswipe, Opposite Direction",Motor Vehicle in Transport,On Roadway,Non-Junction,N,Not at Intersection,Turnpike/Toll,Paved,Dry,None, , ,None, , ,N,N, , , , ,0,0,0,0,0,0,0,0,0,0,0,0,0.000000000000000,0.000000000000000,0,0,0,11000,"Mapped, On Network",-81.248058217500002,28.547271799699999,668732.355018000002019,507572.430590000003576,11/22/2019 12:53:41 PM,8027_6269
4167,4168,1,4167,50651,89218510,2019-00366081,Orlando PD,Short,9/30/2019 0:00:00,04:25 PM,Orlando,Orange,SR 417 NBO,LAKE NONA BV ENTRANCE RAMP,600,South,Rear End,2,0,0,0,N,N,N,2000.000000000000000,Clear,Daylight,0,Rear End,N,Property Damage Only,Y,Front to Rear,Motor Vehicle in Transport,On Roadway,Non-Junction,N,Not at Intersection,State,Paved,Dry,None, , ,None, , ,N,N, , , , ,0,0,0,0,0,0,0,0,0,0,0,0,0.000000000000000,0.000000000000000,0,0,0,2000,"Mapped, On Network",-81.283230434000004,28.376731956400000,665715.508003999944776,488561.333042000012938,11/21/2019 4:20:14 PM,8600_8520
4168,4169,1,4168,50663,88193363,FHPD19OFF091165,FHP,Long,10/7/2019 0:00:00,02:05 PM,Orlando Expwy Auth,Orange,STATE ROAD 417 SOUTHBOUND,MILE MARKER 37,0, ,Rear End,3,0,0,0,N,N,N,12000.000000000000000,Clear,Daylight,0,Rear End,S,Property Damage Only,N,Front to Rear,Motor Vehicle in Transport,On Roadway,Non-Junction,N,Not at Intersection,Turnpike/Toll,Paved,Dry,None, , ,None, , ,N,N, , , , ,0,0,1,0,0,0,0,0,0,0,0,0,0.000000000000000,0.000000000000000,0,1,0,12000,"Mapped, On Network",-81.256543136800005,28.606927987700001,667756.541561000049114,514177.478101000015158,12/24/2019 8:09:40 AM,6052_8088
4169,4170,1,4169,50677,87250693,FHPD19OFF082747,FHP,Long,9/12/2019 0:00:00,08:47 AM,Unincorporated,Orange,STATE ROAD 417,MM36,0, ,Sideswipe,2,0,0,0,N,N,N,1000.000000000000000,Clear,Daylight,0,Same Direction Sideswipe,S,Property Damage Only,N,"Sideswipe, Same Direction",Motor Vehicle in Transport,On Roadway,Non-Junction,N,Four-Way Intersection,Interstate,Paved,Dry,None, , ,None, , ,N,N, , , , ,0,0,0,0,0,0,0,0,0,0,0,0,0.000000000000000,0.000000000000000,0,0,0,1000,"Mapped, On Network",-81.261508676399998,28.579906830799999,667338.628842000034638,511166.601426000008360,11/21/2019 2:55:18 PM,2531_6046
4170,4171,1,4170,50705,89218363,2019-00358632,Orlando PD,Short,9/24/2019 0:00:00,04:04 PM,Orlando,Orange,STATE ROAD 408 EBO,EXIT 10C,2500,West,Off Road,1,0,0,0,N,N,N,500.000000000000000,Clear,Daylight,0,Off Road,E,Property Damage Only,Y,Angle,Concrete Traffic Barrier,On Roadway,Non-Junction,N,Not at Intersection,State,Paved,Dry,None, , ,None, , ,N,N, , , , ,0,0,1,0,0,0,0,0,0,0,0,0,0.000000000000000,0.000000000000000,0,0,0,500,"Mapped, On Network",-81.384938726900003,28.535125399300000,655396.372716999961995,505932.926347000000533,11/21/2019 3:25:31 PM,6679_6276
4171,4172,1,4171,50778,89217784,2019-00354641,Orlando PD,Long,9/21/2019 0:00:00,09:48 AM,Orlando,Orange,SR 408 WBO,MILLS AVENUE,0,East,Sideswipe,2,0,0,1,N,N,N,5000.000000000000000,Clear,Daylight,0,Same Direction Sideswipe, ,Injury,Y,"Sideswipe, Same Direction",Motor Vehicle in Transport,On Roadway,Non-Junction,N,Not at Intersection,State,Unpaved,Dry,None, , ,None, , ,N,N, , , , ,0,0,0,0,0,0,0,1,0,0,0,0,0.000000000000000,0.000000000000000,0,0,0,5000,"Mapped, On Network",-81.363896174100006,28.537406006699999,657445.739108999958262,506229.899875000002794,11/20/2019 2:53:20 PM,8309_8313
4172,4173,1,4172,50781,89216473,2019-00348168,Orlando PD,Short,9/16/2019 0:00:00,08:35 AM,Orlando,Orange,CENTRAL FL GRNWY SBO (SR 417),LAKE NONA BLVD,300,South,Sideswipe,2,0,0,0,N,N,N,2700.000000000000000,Cloudy,Daylight,0,Same Direction Sideswipe,S,Property Damage Only,Y,"Sideswipe, Same Direction",Motor Vehicle in Transport,On Roadway,Acceleration/Deceleration Lane,N,Not at Intersection,State,Paved,Dry,None, , ,None, , ,N,N, , , , ,0,0,0,0,0,0,0,0,0,0,0,0,0.000000000000000,0.000000000000000,0,0,0,2700,"Mapped, On Network",-81.278251942599994,28.378906056100000,666197.025040999986231,488813.460078999982215,10/28/2019 11:15:58 AM,8603_8478
4173,4174,1,4173,50796,88168094,FHPD19OFF085924,FHP,Long,9/22/2019 0:00:00,06:35 AM,Orlando Expwy Auth,Orange,SR 408 (EAST-WEST EXPY),MM4,200,East,Off Road,1,0,0,1,N,N,N,4750.000000000000000,Clear,Daylight,0,Off Road,W,Injury,N,Other,Guardrail Face,Shoulder,Non-Junction,N,Not at Intersection,Turnpike/Toll,Paved,Dry,None, , ,None, , ,N,N, , , , ,0,0,0,0,0,0,0,1,0,0,0,0,1.000000000000000,0.000000000000000,0,2,250,4500,"Mapped, On Network",-81.468653941300005,28.549253317500000,647189.403297999990173,507330.975990000006277,11/7/2019 2:18:48 PM,6930_8210
4174,4175,1,4174,50799,88196069,FHPD19OFF085244,FHP,Long,9/19/2019 0:00:00,09:56 PM,Unincorporated,Orange,STATE ROAD 528 (BEACH LINE EXPRESSWAY),MILE MARKER 22,5280,West,Rear End,2,0,0,0,N,Y,N,2501.000000000000000,Clear,Dark - Not Lighted,0,Rear End,E,Property Damage Only,N,Front to Rear,Motor Vehicle in Transport,On Roadway,Non-Junction,N,Not at Intersection,State,Paved,Dry,None, , ,None, , ,N,Y,Lane Closure,Activity Area,Y,N,0,0,0,0,0,0,0,0,0,0,0,0,0.000000000000000,0.000000000000000,0,1,0,2501,"Mapped, On Network",-81.140655599300004,28.451490049099998,679465.206854999996722,497176.760165999992751,11/7/2019 2:00:29 PM,8101_6488
4175,4176,1,4175,50825,89218676,2019-00365523,Orlando PD,Long,9/30/2019 0:00:00,08:52 AM,Orlando,Orange,SR 408 EAST,SR 500 (S ORANGE BLOSSOM TL EXIT RAMP),300,West,Rear End,2,0,0,0,N,N,N,12500.000000000000000,Clear,Daylight,0,Rear End,E,Property Damage Only,Y,Front to Rear,Motor Vehicle in Transport,On Roadway,Non-Junction,N,Not at Intersection,State,Paved,Dry,None, , ,None, , ,N,N, , , , ,0,0,0,0,0,0,0,0,0,0,0,0,0.000000000000000,0.000000000000000,0,1,0,12500,"Mapped, On Network",-81.400677709400000,28.535127227299999,653859.470650000032037,505900.630408000026364,11/20/2019 2:42:01 PM,8169_8242
4176,4177,1,4176,50830,89218512,2019-00366055,Orlando PD,Long,9/30/2019 0:00:00,04:25 PM,Orlando,Orange,SR 417 NORTH,LAKE NONA BV ENTRANCE RAMP,600,West,Angle,2,0,0,0,N,N,N,4500.000000000000000,Clear,Daylight,0,Right Angle,NE,Property Damage Only,Y,Front to Rear,Motor Vehicle in Transport,On Roadway,Non-Junction,N,Not at Intersection,State,Paved,Dry,None, , ,None, , ,N,N, , , , ,0,0,0,0,0,0,0,0,0,0,0,0,0.000000000000000,0.000000000000000,0,2,0,4500,"Mapped, On Network",-81.275327810700006,28.379792561500000,666480.794273999985307,488918.204122000024654,11/20/2019 3:20:35 PM,8520_8502
4177,4178,1,4177,50876,89213861,2019-00348190,Orlando PD,Short,9/16/2019 0:00:00,09:05 AM,Orlando,Orange,SR 417 CENTRAL FL GREENWAY SOUTHBOUND,LAKE NONA BV,0, ,Rear End,2,0,0,0,N,N,N,4500.000000000000000,Clear,Daylight,0,Rear End,S,Property Damage Only,Y,Front to Rear,Motor Vehicle in Transport,On Roadway,Non-Junction,N,Not at Intersection,Turnpike/Toll,Unpaved,Dry,None, , ,None, , ,N,N, , , , ,0,0,0,0,0,0,0,0,0,0,0,0,0.000000000000000,0.000000000000000,0,0,0,4500,"Mapped, On Network",-81.277446551500006,28.379209504900000,666275.038492999970913,488848.890744999982417,11/20/2019 3:19:01 PM,8603_8478
4178,4179,1,4178,50900,88161576,FHPD19OFF090003,FHP,Long,10/4/2019 0:00:00,09:37 AM,Orlando Expwy Auth,Orange,SR-408 (MM16),GOLDENROD ROAD,0,East,Sideswipe,2,0,0,0,N,N,N,2000.000000000000000,Clear,Daylight,0,Same Direction Sideswipe,W,Property Damage Only,N,Angle,Motor Vehicle in Transport,On Roadway,Non-Junction,N,Not at Intersection,Turnpike/Toll,Paved,Dry,None, , ,None, , ,N,N, , , , ,0,0,0,0,0,0,0,0,0,0,0,0,0.000000000000000,0.000000000000000,0,1,0,2000,"Mapped, On Network",-81.280611477999997,28.543145941799999,665564.089197000022978,507043.819477999990340,11/22/2019 12:28:13 PM,6918_8406
4179,4180,1,4179,50901,88161575,FHPD19OFF089896,FHP,Long,10/3/2019 0:00:00,08:15 PM,Orlando Expwy Auth,Orange,SR-528 (MM18),SR-417,10560,East,Unknown,2,0,0,1,N,N,N,5600.000000000000000,Clear,Dark - Lighted,0,Unknown, ,Injury,N,Angle,Motor Vehicle in Transport,On Roadway,Non-Junction,N,Not at Intersection,Turnpike/Toll,Paved,Dry,None, , ,None, , ,N,N, , , , ,0,0,0,0,0,0,0,0,1,0,0,0,1.000000000000000,0.000000000000000,0,1,1000,4600,"Mapped, On Network",-81.197510878299994,28.451701902200000,673908.745128000038676,497072.712501999980304,11/22/2019 12:29:58 PM,8097_6953