FID,OBJECTID_1,Join_Count,TARGET_FID,OBJECTID,HSMV_Repor,Agency_Rep,Reporting_,Form_Type,Crash_Date,Crash_Time,City,County,Crash_Stre,Intersecti,Offset_Dis,Offset_Dir,Crash_Type,Vehicles,Non_Motori,Fatalities,Injuries,Alcohol_Re,Distractio,Drug_Relat,Estimated_,Weather_Co,Light_Cond,Street_Num,Crash_Ty_1,Crash_Ty_2,Crash_Seve,Within_Cit,Manner_of_,First_Harm,First_HE_L,First_HE_R,First_HE_W,Type_of_In,Road_Sys_I,Type_of_Sh,Road_Surf_,Contrib_Ci,Contrib__1,Contrib__2,Contrib__3,Contrib__4,Contrib__5,School_Bus,Work_Zone_,Type_of_Wo,Loc_in_Wor,Workers_in,Law_Enforc,Mopeds,Motorcycle,Passengers,Bicyclists,Pedestrian,Fataliti_1,Injuries_U,Possible_I,Non_Incapa,Incapacita,Fataliti_2,Non_Traffi,Transporte,Transpor_1,Transpor_2,Citations,Property_D,Vehicle_Dm,S4_Mapping,S4_Decimal,S4_Decim_1,S4_Albers_,S4_Albers1,S4_Mappi_1,zone_id_st
4180,4181,1,4180,50902,88161574,FHPD19OFF089814,FHP,Long,10/3/2019 0:00:00,04:39 PM,Orlando Expwy Auth,Orange,SR-417 (MM37),SR-426,5280,South,Rear End,2,0,0,1,N,N,N,2400.000000000000000,Clear,Daylight,0,Rear End,N,Injury,N,Front to Rear,Motor Vehicle in Transport,On Roadway,Non-Junction,N,Not at Intersection,Turnpike/Toll,Paved,Dry,None, , ,None, , ,N,Y,Work on Shoulder or Median,Advance Warning Area,N,N,0,0,0,0,0,0,0,0,1,0,0,0,1.000000000000000,0.000000000000000,0,1,0,2400,"Mapped, On Network",-81.254643728800005,28.605216875899998,667946.120059999986552,513991.622939999972004,11/22/2019 12:31:01 PM,5988_6758
4181,4182,1,4181,50903,88161573,FHPD19OFF089529,FHP,Long,10/2/2019 0:00:00,07:05 PM,Orlando Expwy Auth,Orange,SR-417 (MM37),ALOMA,5280,South,Unknown,2,0,0,0,N,N,N,1200.000000000000000,Clear,Daylight,0,Unknown, ,Property Damage Only,N,Angle,Motor Vehicle in Transport,On Roadway,Non-Junction,N,Not at Intersection,Turnpike/Toll,Paved,Dry,None, , ,None, , ,N,Y,Work on Shoulder or Median,Advance Warning Area,N,N,0,0,1,0,0,0,0,0,0,0,0,0,0.000000000000000,0.000000000000000,0,0,0,1200,"Mapped, On Network",-81.255049494700003,28.605758397300001,667905.185384999960661,514050.865216000005603,11/22/2019 12:38:09 PM,5988_6758
4182,4183,1,4182,50908,89216538,2019-00351901,Orlando PD,Long,9/19/2019 0:00:00,06:33 AM,Orlando,Orange,SR408 WBO,S MILLS AVE,0, ,Rear End,2,0,0,0,N,N,N,2000.000000000000000,Clear,Dawn,0,Rear End, ,Property Damage Only,Y,Front to Rear,Motor Vehicle in Transport,On Roadway,Non-Junction,N,Not at Intersection,State,Paved,Dry,None, , ,None, , ,N,N, , , , ,0,0,0,0,0,0,0,0,0,0,0,0,0.000000000000000,0.000000000000000,0,0,0,2000,"Mapped, On Network",-81.364208374200004,28.537414932200001,657415.232646999997087,506230.239126999978907,11/21/2019 3:45:24 PM,8309_8313
4183,4184,1,4183,50911,89215726,2019-00351047,Orlando PD,Long,9/18/2019 0:00:00,11:55 PM,Orlando,Orange,SR 408 W,S ORANGE BLOSSOM TRL (SR 441),500,East,Rear End,2,0,0,1,N,N,N,25000.000000000000000,Clear,Daylight,0,Rear End,W,Injury,Y,Other,Motor Vehicle in Transport,On Roadway,Non-Junction,N,Not at Intersection,State,Paved,Dry,None, , ,None, , ,N,N, , , , ,0,0,0,0,0,0,0,1,0,0,0,0,1.000000000000000,0.000000000000000,0,0,0,25000,"Mapped, On Network",-81.392129568000001,28.535315108799999,654693.748404999962077,505939.117520000028890,11/21/2019 4:01:22 PM,8272_8254
4184,4185,1,4184,50920,88203833,FHPD19OFF089611,FHP,Long,10/3/2019 0:00:00,06:55 AM,Orlando Expwy Auth,Orange,NB SR-429,PLANT STREET,10560,North,Rear End,3,0,0,1,N,N,N,25000.000000000000000,Clear,Dark - Lighted,0,Rear End,N,Injury,Y,Front to Rear,Motor Vehicle in Transport,On Roadway,Non-Junction,N,Not at Intersection,Turnpike/Toll,Paved,Dry,None, , ,None, , ,N,N, , , , ,0,0,0,0,0,0,0,0,0,1,0,0,1.000000000000000,0.000000000000000,0,0,1000,24000,"Mapped, On Network",-81.550363257599997,28.598825521199998,639102.089184000040404,512674.011491000012029,11/22/2019 12:56:16 PM,6220_8389
4185,4186,1,4185,50948,88161579,FHPD19OFF091383,FHP,Long,10/8/2019 0:00:00,06:47 AM,Orlando Expwy Auth,Orange,SR-417 (MM29),CUIRRY FORD ROAD,100,South,Other,2,0,0,0,N,N,N,3600.000000000000000,Cloudy,Dusk,0,Other,S,Property Damage Only,N,Angle,Motor Vehicle in Transport,On Roadway,Non-Junction,N,Not at Intersection,Turnpike/Toll,Paved,Wet,None, , ,None, , ,N,N, , , , ,0,0,0,0,0,0,0,0,0,0,0,0,0.000000000000000,0.000000000000000,0,0,0,3600,"Mapped, On Network",-81.246389954500003,28.506427782500001,668996.516785999992862,503041.226373000012245,12/23/2019 5:48:05 PM,8559_6030
4186,4187,1,4186,50971,88207653,FHPD19OFF082989,FHP,Long,9/12/2019 0:00:00,10:50 PM,Orlando,Orange,STATE ROAD 417,MILE MARKER 14 (LANDSTAR BOULEVARD),150,North,Rear End,2,0,0,0,N,N,N,12500.000000000000000,Clear,Dark - Lighted,0,Rear End,S,Property Damage Only,N,Front to Rear,Motor Vehicle in Transport,On Roadway,Non-Junction,N,Not at Intersection,State,Paved,Dry,None, , ,None, , ,N,Y,Lane Closure,Transition Area,N,Y,0,0,0,0,0,0,0,0,0,0,0,0,0.000000000000000,0.000000000000000,0,1,0,12500,"Mapped, On Network",-81.360564077600003,28.369562722600001,658170.050531000015326,487601.057782999996562,11/21/2019 2:27:18 PM,6700_8484
4187,4188,1,4187,50977,89218223,2019-00349502,Orlando PD,Long,9/17/2019 0:00:00,08:25 AM,Orlando,Orange,408 EASTBOUND,E SOUTH ST,500,East,Rear End,2,0,0,0,N,N,N,4000.000000000000000,Clear,Daylight,0,Rear End,W,Property Damage Only,Y,Front to Rear,Motor Vehicle in Transport,On Roadway,Non-Junction,N,Not at Intersection,Turnpike/Toll,Paved,Dry,None, , ,None, , ,N,N, , , , ,0,0,0,0,0,0,0,0,0,0,0,0,0.000000000000000,0.000000000000000,0,0,0,4000,"Mapped, On Network",-81.361610465499993,28.537888706400000,657667.783834000001661,506288.268227999971714,10/21/2019 11:30:24 AM,8309_8313
4188,4189,1,4188,51012,89217242,2019-00358581,Orlando PD,Short,9/24/2019 0:00:00,04:05 PM,Orlando,Orange,STATE ROAD 408 EBO,EXIT 10 C,2500,West,Rear End,3,0,0,0,N,N,N,5500.000000000000000,Clear,Daylight,0,Rear End,E,Property Damage Only,Y,Front to Rear,Motor Vehicle in Transport,On Roadway,Non-Junction,N,Not at Intersection,State,Paved,Dry,None, , ,None, , ,N,N, , , , ,0,0,0,0,0,0,0,0,0,0,0,0,0.000000000000000,0.000000000000000,0,2,0,5500,"Mapped, On Network",-81.385133073999995,28.535125399300000,655377.394923000014387,505932.523849999997765,11/21/2019 3:34:52 PM,6679_6276
4189,4190,1,4189,51028,89216547,2019-00363706,Orlando PD,Long,9/28/2019 0:00:00,02:38 PM,Orlando,Orange,SR 408 WB,ANDES DR,0,West,Sideswipe,2,0,0,6,Y,Y,N,2500.000000000000000,Clear,Daylight,0,Same Direction Sideswipe,W,Injury,Y,"Sideswipe, Same Direction",Motor Vehicle in Transport,On Roadway,Non-Junction,N,Not at Intersection,State,Paved,Dry,None,None, ,None,None, ,N,N, , , , ,0,0,4,0,0,0,0,6,0,0,0,0,0.000000000000000,0.000000000000000,0,1,0,2500,"Mapped, On Network",-81.316336915199997,28.539875146300002,662083.751656000036746,506604.233225999982096,11/21/2019 4:00:28 PM,8188_6226
4190,4191,1,4190,51038,88201050,FHPD19OFF089948,FHP,Long,10/4/2019 0:00:00,06:41 AM,Orlando Expwy Auth,Orange,STATE RD 417,LANDSTAR BLVD,500,North,Sideswipe,2,0,0,0,N,N,N,3150.000000000000000,Clear,Dawn,0,Same Direction Sideswipe,N,Property Damage Only,N,"Sideswipe, Same Direction",Motor Vehicle in Transport,On Roadway,Entrance/Exit Ramp,N,Not at Intersection,Turnpike/Toll,Paved,Dry,None, , ,None, , ,N,N, , , , ,0,0,1,0,0,0,0,0,0,0,0,0,0.000000000000000,0.000000000000000,0,1,0,3150,"Mapped, On Network",-81.362544795700003,28.369021780600001,657977.625722000026144,487536.850985000026412,11/22/2019 12:57:00 PM,7997_8466
4191,4192,1,4191,51050,88221941,FHPD19OFF089998,FHP,Long,10/4/2019 0:00:00,09:05 AM,Orlando Expwy Auth,Orange,SR 408 ( EAST-WEST EXPY),MM17,100,East,Rear End,4,0,0,1,N,Y,N,11000.000000000000000,Clear,Daylight,0,Rear End,W,Injury,N,Front to Rear,Motor Vehicle in Transport,On Roadway,Non-Junction,N,Not at Intersection,Turnpike/Toll,Paved,Dry,None, , ,None, , ,N,N, , , , ,0,0,0,0,0,0,0,1,0,0,0,0,1.000000000000000,0.000000000000000,0,1,0,11000,"Mapped, On Network",-81.270956961400003,28.547174716800001,666496.854265999980271,507511.957218999974430,12/23/2019 5:41:47 PM,6258_6879
4192,4193,1,4192,51051,88221947,FHPD19OFF092424,FHP,Long,10/10/2019 0:00:00,05:00 PM,Orlando Expwy Auth,Orange,SR 417 (CENTRAL FLORIDA GREENEWAY),MM26,100,South,Off Road,1,0,0,1,N,Y,N,4500.000000000000000,Rain,Daylight,0,Off Road,N,Injury,N,Other,Tree (standing),Off Roadway,Non-Junction,N,Not at Intersection,Turnpike/Toll,Paved,Wet,None, , ,None, , ,N,N, , , , ,0,0,0,0,0,0,0,1,0,0,0,0,1.000000000000000,0.000000000000000,0,0,0,4500,"Mapped, On Network",-81.233310514600007,28.462633999800001,670383.126291000051424,498207.475557999976445,12/23/2019 5:41:56 PM,6173_8544
4193,4194,1,4193,51092,88161566,FHPD19OFF084830,FHP,Long,9/18/2019 0:00:00,05:33 PM,Orlando Expwy Auth,Orange,SR-408 (MM17),CHICKASAW TRAIL,0,West,Rear End,2,0,0,0,N,N,N,4000.000000000000000,Cloudy,Daylight,0,Rear End,E,Property Damage Only,N,Front to Rear,Motor Vehicle in Transport,On Roadway,Non-Junction,N,Not at Intersection,Turnpike/Toll,Paved,Wet,None, , ,None, , ,N,N, , , , ,0,0,0,0,0,0,0,0,0,0,0,0,0.000000000000000,0.000000000000000,0,1,0,4000,"Mapped, On Network",-81.289827955199996,28.539631752700000,664672.768400999950245,506633.827947999991011,11/13/2019 2:18:56 PM,6881_8431
4194,4195,1,4194,51158,89215953,2019-00324890,Orlando PD,Long,8/27/2019 0:00:00,05:46 PM,Orlando,Orange,SR 408 EAST,S SEMORAN BV EXIT RAMP,150,West,Rear End,2,0,0,0,N,N,N,10500.000000000000000,Clear,Daylight,0,Rear End,E,Property Damage Only,Y,Front to Rear,Motor Vehicle in Transport,On Roadway,Non-Junction,N,Not at Intersection,State,Paved,Dry,None, , ,None, , ,N,N, , , , ,0,0,0,0,0,0,0,0,0,0,0,0,0.000000000000000,0.000000000000000,0,1,0,10500,"Mapped, On Network",-81.326893739300004,28.538767760599999,661055.610657999990508,506458.887846000026911,10/30/2019 4:24:05 PM,8355_8348
4195,4196,1,4195,51171,88196311,FHPD19OFF091128,FHP,Long,10/7/2019 0:00:00,12:53 PM,Orlando Expwy Auth,Orange,STATE ROAD 528 MM29,STATE ROAD 520,5280,West,Off Road,2,0,0,0,N,N,N,5000.000000000000000,Rain,Daylight,0,Off Road,W,Property Damage Only,Y,Other,Cable Barrier,Median,Non-Junction,N,Not at Intersection,Turnpike/Toll,Paved,Wet,"Worn, Travel-Polished Surface",Road Surface Condition, ,None, , ,N,N, , , , ,0,0,1,0,0,0,0,0,0,0,0,0,0.000000000000000,0.000000000000000,0,1,2000,3000,"Mapped, On Network",-80.997330832399996,28.452574759800001,693467.777423999970779,497630.141928000026383,11/22/2019 12:59:25 PM,8091_5943
4196,4197,1,4196,51183,88196315,FHPD19OFF091681,FHP,Long,10/8/2019 0:00:00,05:33 PM,Orlando Expwy Auth,Orange,STATE ROAD 417 NB MM11,JOHN YOUNG PKWY,100,North,Rear End,3,0,0,2,N,N,N,10000.000000000000000,Cloudy,Daylight,0,Rear End,N,Injury,Y,Front to Rear,Motor Vehicle in Transport,On Roadway,Non-Junction,N,Not at Intersection,Turnpike/Toll,Paved,Wet,Road Surface Condition, , ,None, , ,N,N, , , , ,0,0,1,0,0,0,0,0,2,0,0,0,2.000000000000000,0.000000000000000,0,1,0,10000,"Mapped, On Network",-81.424787296900007,28.373117445999998,651880.892416000016965,487862.926221999980044,12/23/2019 5:43:45 PM,8287_8107
4197,4198,1,4197,51195,89217369,2019-00354696,Orlando PD,Short,9/21/2019 0:00:00,10:55 AM,Orlando,Orange,SR 408 EBO,SR 527 (ORANGE AVE),0,East,Sideswipe,2,0,0,0,N,N,N,200.000000000000000,Clear,Daylight,0,Same Direction Sideswipe,E,Property Damage Only,Y,"Sideswipe, Same Direction",Motor Vehicle in Transport,On Roadway,Non-Junction,N,Not at Intersection,State,Curb,Dry,None, , ,None, , ,N,N, , , , ,0,0,0,0,0,0,0,0,0,0,0,0,0.000000000000000,0.000000000000000,0,0,0,200,"Mapped, On Network",-81.371075303599994,28.537022478200001,656745.629202999989502,506172.348873000009917,11/21/2019 2:56:22 PM,8307_8305
4198,4199,1,4198,51203,89214778,2019-00343282,Orlando PD,Long,9/12/2019 0:00:00,06:44 AM,Orlando,Orange,SR 417 SBO,LAKE NONA BLVD,5280,East,Rear End,2,0,0,0,N,N,N,1100.000000000000000,Clear,Daylight,0,Rear End,W,Property Damage Only,Y,Front to Rear,Motor Vehicle in Transport,On Roadway,Non-Junction,N,Not at Intersection,Turnpike/Toll,Paved,Dry,None, , ,None, , ,N,N, , , , ,0,0,0,0,0,0,0,0,0,0,0,0,0.000000000000000,0.000000000000000,0,0,0,1100,"Mapped, On Network",-81.269669328199996,28.382184645199999,667028.238341000047512,489196.036648000008427,10/30/2019 4:35:51 PM,6170_8603
4199,4200,1,4199,51313,88217749,FHPD19OFF103150,FHP,Long,11/12/2019 0:00:00,06:05 PM,Orlando Expwy Auth,Orange,SR-417 (MM27),SR-528,80,South,Rear End,2,0,0,0,N,N,N,3400.000000000000000,Clear,Daylight,0,Rear End,N,Property Damage Only,N,Front to Rear,Motor Vehicle in Transport,On Roadway,Non-Junction,N,Not at Intersection,Turnpike/Toll,Paved,Dry,None, , ,None, , ,N,Y,Work on Shoulder or Median,Advance Warning Area,N,N,0,0,0,0,0,0,0,0,0,0,0,0,0.000000000000000,0.000000000000000,0,1,0,3400,"Mapped, On Network",-81.229752241200003,28.440534442499999,670785.941849000053480,495761.603240999975242,1/8/2020 1:53:16 PM,6642_7993
4200,4201,1,4200,51354,89219452,2019-00388634,Orlando PD,Short,10/19/2019 0:00:00,12:01 AM,Orlando,Orange,EAST WEST EXPRESSWAY WB,S. MILLS AVE,100,East,Rear End,2,0,0,0,N,N,N,400.000000000000000,Rain,Dark - Unknown Lighting,0,Rear End,W,Property Damage Only,Y,Front to Rear,Motor Vehicle in Transport,On Roadway,Non-Junction,N,Not at Intersection,State,Paved,Wet,None, , ,None, , ,N,N, , , , ,0,0,0,0,0,0,0,0,0,0,0,0,0.000000000000000,0.000000000000000,0,0,0,400,"Mapped, On Network",-81.363726656599994,28.537449416699999,657462.188852000050247,506235.073629999998957,12/16/2019 4:03:25 PM,8309_8313
4201,4202,1,4201,51356,88252635,FHPD19OFF103687,FHP,Short,11/14/2019 0:00:00,04:35 PM,Orlando,Orange,SR 408 (EXIT RAMP),GOOD HOMES ROAD,0, ,Rear End,2,0,0,0,N,Y,N,1000.000000000000000,Clear,Daylight,0,Rear End,W,Property Damage Only,N,Front to Rear,Motor Vehicle in Transport,On Roadway,Intersection-Related,N,Not at Intersection,State,Curb,Dry,None, , ,None, , ,N,N, , , , ,0,0,2,0,0,0,0,0,0,0,0,0,0.000000000000000,0.000000000000000,0,1,0,1000,"Mapped, On Network",-81.504490468000000,28.546258291400001,643697.129292999976315,506927.101581999973860,1/8/2020 2:01:10 PM,8156_8150
4202,4203,1,4202,51371,88242328,FHPD19OFF103835,FHP,Long,11/15/2019 0:00:00,05:42 AM,Orlando Expwy Auth,Orange,STATE ROAD 417 SB OFF RAMP,STATE ROAD 408 WB,0, ,Other,2,0,0,0,N,N,N,4000.000000000000000,Cloudy,Dark - Lighted,0,Other,S,Property Damage Only,Y,Angle,Motor Vehicle in Transport,On Roadway,Entrance/Exit Ramp,N,Not at Intersection,Turnpike/Toll,Paved,Wet,Road Surface Condition, , ,None, , ,N,N, , , , ,0,0,1,0,0,0,0,0,0,0,0,0,0.000000000000000,0.000000000000000,0,1,0,4000,"Mapped, On Network",-81.260675994799996,28.549691345100001,667494.439644000027329,507813.634620999975596,11/18/2019 3:06:39 PM,8568_11875
4203,4204,1,4203,51372,88242327,FHPD19OFF103574,FHP,Long,11/14/2019 0:00:00,08:35 AM,Orlando Expwy Auth,Orange,STATE ROAD 408 EB MM23,STATE ROAD 50,5280,West,Other,1,0,0,0,N,N,N,2500.000000000000000,Cloudy,Daylight,0,Single Vehicle,E,Property Damage Only,Y,Other,Other Non-Collision,On Roadway,Non-Junction,N,Not at Intersection,Turnpike/Toll,Paved,Dry,None, , ,None, , ,N,N, , , , ,0,0,0,0,0,0,0,0,0,0,0,0,0.000000000000000,0.000000000000000,0,0,500,2000,"Mapped, On Network",-81.190921251299997,28.558220794499999,674283.236565000028349,508913.871790000004694,11/18/2019 3:08:10 PM,6970_8174
4204,4205,1,4204,51459,89215458,2019-00293887,Orlando PD,Short,8/7/2019 0:00:00,10:25 AM,Orlando,Orange,SR408 ( EW EBO),N MILLS AV,0,West,Other,2,0,0,0,N,N,N,501.000000000000000,Clear,Daylight,0,Other,E,Property Damage Only,Y,Other,Motor Vehicle in Transport,On Roadway,Non-Junction,N,Not at Intersection,Interstate,Paved,Dry,None, , ,None, , ,N,N, , , , ,0,0,2,0,0,0,0,0,0,0,0,0,0.000000000000000,0.000000000000000,0,0,0,501,"Mapped, On Network",-81.364251562500002,28.537117331299999,657411.721834999974817,506197.106193999992684,10/11/2019 12:28:08 PM,8305_8315
4205,4206,1,4205,51539,89220250,2019-00403165,Orlando PD,Long,10/30/2019 0:00:00,04:43 PM,Orlando,Orange,SR528 EAST,S SEMORAN BV EXIT RAMP,500,West,Rear End,2,0,0,0,N,N,N,2000.000000000000000,Clear,Daylight,0,Rear End, ,Property Damage Only,Y,Front to Rear,Motor Vehicle in Transport,On Roadway,Non-Junction,N,Not at Intersection,State,Paved,Dry,None, , ,None, , ,N,N, , , , ,0,0,0,0,0,0,0,0,0,0,0,0,0.000000000000000,0.000000000000000,0,0,0,2000,"Mapped, On Network",-81.319119857100006,28.451326204499999,662025.789507000008598,496766.737918000028003,1/8/2020 2:10:53 PM,6947_8301
4206,4207,1,4206,51688,88221879,FHPD19OFF094487,FHP,Long,10/16/2019 0:00:00,09:28 PM,Orlando,Orange,STATE 528 WESTBOUND,NARCOOSSEE ROAD,500,East,Rear End,2,0,0,2,N,N,N,21000.000000000000000,Clear,Dark - Lighted,0,Rear End,W,Injury,N,Front to Rear,Motor Vehicle in Transport,On Roadway,Non-Junction,N,Not at Intersection,State,Paved,Dry,None, , ,None, , ,N,N, , , , ,0,0,2,0,0,0,0,2,0,0,0,0,2.000000000000000,0.000000000000000,0,1,10000,11000,"Mapped, On Network",-81.257612333500006,28.448833998500000,668042.630753000034019,496622.224589999997988,1/6/2020 1:55:13 PM,6663_8065
4207,4208,1,4207,51701,89218926,2019-00382821,Orlando PD,Long,10/14/2019 0:00:00,09:40 AM,Orlando,Orange,SR 408 WEST,I4 WEST (SR 400) EXIT RAMP,50,East,Sideswipe,2,0,0,0,N,N,N,100.000000000000000,Clear,Daylight,0,Same Direction Sideswipe, ,Property Damage Only,Y,"Sideswipe, Same Direction",Motor Vehicle in Transport,On Roadway,Non-Junction,N,Not at Intersection,State,Paved,Dry,None, , ,None, , ,N,N, , , , ,0,0,0,0,0,0,0,0,0,0,0,0,0.000000000000000,0.000000000000000,0,0,0,100,"Mapped, On Network",-81.375119002000005,28.536946595700002,656350.953225999954157,506155.510915999999270,1/6/2020 1:53:11 PM,6737_6230
4208,4209,1,4208,51713,88230264,FHPD19OFF100004,FHP,Long,11/2/2019 0:00:00,07:20 PM,Unincorporated,Orange,STATE ROAD 408 MM17,STATE ROAD 551 (GOLDENROD ROAD),0,East,Off Road,1,0,0,0,N,N,N,1000.000000000000000,Other,Daylight,0,Off Road,E,Property Damage Only,N,Other,Guardrail Face,On Roadway,Non-Junction,N,Not at Intersection,State,Curb,Unknown,None, , ,None, , ,N,N, , , , ,0,0,0,0,0,0,0,0,0,0,0,0,0.000000000000000,0.000000000000000,0,0,0,1000,"Mapped, On Network",-81.286488830300001,28.540328252399998,664997.109546000021510,506718.330850000027567,1/8/2020 2:23:06 PM,8408_6232
4209,4210,1,4209,51719,89220279,2019-00397074,Orlando PD,Long,10/26/2019 0:00:00,04:50 PM,Orlando,Orange,STATE ROAD 528,SOUTH CONWAY ROAD,300,East,Rear End,2,0,0,1,N,N,N,1000.000000000000000,Clear,Daylight,0,Rear End, ,Injury,Y,Front to Rear,Motor Vehicle in Transport,On Roadway,Non-Junction,N,Not at Intersection,State,Paved,Dry,None, , ,None, , ,N,N, , , , ,0,0,0,0,0,0,0,1,0,0,0,0,0.000000000000000,0.000000000000000,0,0,0,1000,"Mapped, On Network",-81.331955874200005,28.451144368000001,660771.846771999960765,496719.339090000023134,1/8/2020 12:52:13 PM,8331_8341
4210,4211,1,4210,51724,89219591,2019-00397383,Orlando PD,Short,10/25/2019 0:00:00,11:00 PM,Orlando,Orange,SR 408 (EW EXPRESSWAY),ANDES AVENUE,100,East,Rear End,3,0,0,0,N,N,N,400.000000000000000,Rain,Dark - Lighted,0,Rear End,W,Property Damage Only,Y,Front to Rear,Motor Vehicle in Transport,On Roadway,Non-Junction,N,Not at Intersection,State,Paved,Wet,None, , ,None, , ,N,Y,Lane Closure,Transition Area,Y,N,0,0,0,0,0,0,0,0,0,0,0,0,0.000000000000000,0.000000000000000,0,0,0,400,"Mapped, On Network",-81.318582069200005,28.539979629499999,661864.274529000045732,506611.064264999993611,1/8/2020 12:52:37 PM,8188_6226
4211,4212,1,4211,51858,88217747,FHPD19OFF103121,FHP,Long,11/12/2019 0:00:00,03:47 PM,Orlando Expwy Auth,Orange,SR-417 (MM27),LEE VISTA BLVD,80,South,Rear End,2,0,0,0,N,N,N,3200.000000000000000,Clear,Daylight,0,Rear End,N,Property Damage Only,N,Front to Rear,Motor Vehicle in Transport,On Roadway,Non-Junction,N,Not at Intersection,Turnpike/Toll,Paved,Dry,None, , ,None, , ,N,N, , , , ,0,0,0,0,0,0,0,0,0,0,0,0,0.000000000000000,0.000000000000000,0,1,0,3200,"Mapped, On Network",-81.239256989799998,28.477195652799999,669765.884379000053741,499811.210024999978486,11/18/2019 3:12:20 PM,8544_8386
4212,4213,1,4212,51916,88252558,FHPD19OFF103452,FHP,Long,11/13/2019 0:00:00,06:50 PM,Orlando Expwy Auth,Orange,STATE RD 528,STATE RD 417,5280,East,Other,1,0,0,0,N,N,N,14000.000000000000000,Clear,Dark - Lighted,0,Single Vehicle,W,Property Damage Only,N,Other,Other Non-Collision,Shoulder,Non-Junction,N,Not at Intersection,Turnpike/Toll,Paved,Dry,None, , ,None, , ,N,Y,Work on Shoulder or Median,Advance Warning Area,N,N,0,0,1,0,0,0,0,0,0,0,0,0,0.000000000000000,0.000000000000000,0,1,10000,4000,"Mapped, On Network",-81.222893821499994,28.451566874000001,671428.634538999991491,497001.594689999998081,11/18/2019 2:26:31 PM,6320_6667
4213,4214,1,4213,51949,89217266,2019-00323584,Orlando PD,Short,8/26/2019 0:00:00,05:25 PM,Orlando,Orange,SR408,CONWAY,250,East,Rear End,2,0,0,0,N,N,N,1000.000000000000000,Cloudy,Daylight,0,Rear End,E,Property Damage Only,Y,Front to Rear,Motor Vehicle in Transport,On Roadway,Non-Junction,N,Not at Intersection,State,Paved,Wet,None, , ,Weather Conditions, , ,N,N, , , , ,0,0,0,0,0,0,0,0,0,0,0,0,0.000000000000000,0.000000000000000,0,0,0,1000,"Mapped, On Network",-81.330451021000002,28.538176167000000,660709.682948000030592,506385.677569999999832,11/7/2019 10:13:27 PM,8355_8348
4214,4215,1,4214,51964,88217748,FHPD19OFF103137,FHP,Long,11/12/2019 0:00:00,05:40 PM,Orlando Expwy Auth,Orange,SR-417 (MM26),SR-528,0,South,Rear End,2,0,0,1,N,Y,N,5000.000000000000000,Clear,Daylight,0,Rear End,N,Injury,N,Front to Rear,Motor Vehicle in Transport,On Roadway,Non-Junction,N,Not at Intersection,State,Paved,Dry,None, , ,None, , ,N,N, , , , ,0,0,0,0,0,0,0,1,0,0,0,0,0.000000000000000,0.000000000000000,0,1,0,5000,"Mapped, On Network",-81.229394907300005,28.437831006400000,670827.609652000013739,495462.229526999988593,1/8/2020 2:30:18 PM,6642_7993
4215,4216,1,4215,51989,88221885,FHPD19OFF095137,FHP,Long,10/18/2019 0:00:00,10:34 PM,Orlando,Orange,STATE ROAD 408(SPESSARD L HOLLAND),STATE ROAD 400,500,East,Rear End,2,0,0,0,N,Y,N,7000.000000000000000,Cloudy,Dark - Lighted,0,Rear End,W,Property Damage Only,N,Front to Rear,Motor Vehicle in Transport,On Roadway,Non-Junction,N,Not at Intersection,State,Paved,Wet,None, , ,None, , ,N,N, , , , ,0,0,2,0,0,0,0,0,0,0,0,0,0.000000000000000,0.000000000000000,0,1,0,7000,"Mapped, On Network",-81.381060450400000,28.535386674800002,655774.466171000036411,505969.974236999987625,1/6/2020 2:00:41 PM,6230_8274
4216,4217,1,4216,52019,88201085,FHPD19OFF102808,FHP,Long,11/11/2019 0:00:00,06:00 PM,Orlando Expwy Auth,Orange,STATE RD 417,BOGGY CREEK RD,0,South,Other,4,0,0,1,N,N,N,15000.000000000000000,Clear,Dawn,0,Other,S,Injury,N,Other,Other Non-Collision,On Roadway,Non-Junction,N,Not at Intersection,Turnpike/Toll,Paved,Dry,None, , ,None, , ,N,N, , , , ,0,0,0,0,0,0,0,1,0,0,0,0,0.000000000000000,0.000000000000000,0,1,0,15000,"Mapped, On Network",-81.314371902900007,28.368440279800001,662690.232928000041284,487573.986090000020340,1/8/2020 2:34:27 PM,11015_8482
4217,4218,1,4217,52021,88243530,FHPD19OFF103082,FHP,Long,11/12/2019 0:00:00,03:43 PM,Orlando Expwy Auth,Orange,STATE ROAD 417 NORTHBOUND,MILE MARKER 27,0, ,Rear End,5,0,0,1,N,Y,N,34000.000000000000000,Clear,Daylight,0,Rear End,N,Injury,N,Front to Rear,Motor Vehicle in Transport,On Roadway,Non-Junction,N,Not at Intersection,Turnpike/Toll,Paved,Dry,None, , ,None, , ,N,N, , , , ,0,0,0,0,0,0,0,1,0,0,0,0,0.000000000000000,0.000000000000000,0,3,0,34000,"Mapped, On Network",-81.238114581299996,28.472441568000001,669889.320153999957256,499285.870912000013050,1/8/2020 2:36:24 PM,6173_8544