FID,OBJECTID_1,Join_Count,TARGET_FID,OBJECTID,HSMV_Repor,Agency_Rep,Reporting_,Form_Type,Crash_Date,Crash_Time,City,County,Crash_Stre,Intersecti,Offset_Dis,Offset_Dir,Crash_Type,Vehicles,Non_Motori,Fatalities,Injuries,Alcohol_Re,Distractio,Drug_Relat,Estimated_,Weather_Co,Light_Cond,Street_Num,Crash_Ty_1,Crash_Ty_2,Crash_Seve,Within_Cit,Manner_of_,First_Harm,First_HE_L,First_HE_R,First_HE_W,Type_of_In,Road_Sys_I,Type_of_Sh,Road_Surf_,Contrib_Ci,Contrib__1,Contrib__2,Contrib__3,Contrib__4,Contrib__5,School_Bus,Work_Zone_,Type_of_Wo,Loc_in_Wor,Workers_in,Law_Enforc,Mopeds,Motorcycle,Passengers,Bicyclists,Pedestrian,Fataliti_1,Injuries_U,Possible_I,Non_Incapa,Incapacita,Fataliti_2,Non_Traffi,Transporte,Transpor_1,Transpor_2,Citations,Property_D,Vehicle_Dm,S4_Mapping,S4_Decimal,S4_Decim_1,S4_Albers_,S4_Albers1,S4_Mappi_1,zone_id_st
4218,4219,1,4218,52061,88201087,FHPD19OFF103157,FHP,Long,11/12/2019 0:00:00,06:13 PM,Orlando Expwy Auth,Orange,STATE RD 408,STATE RD 417,200,West,Other,1,0,0,0,N,N,N,11000.000000000000000,Clear,Dusk,0,Single Vehicle,E,Property Damage Only,N,Other,Other Non-Collision,On Roadway,Non-Junction,N,Not at Intersection,Turnpike/Toll,Paved,Dry,None, , ,None, , ,N,Y,Work on Shoulder or Median,Activity Area,Y,N,0,0,0,0,0,0,0,0,0,0,0,0,0.000000000000000,0.000000000000000,0,1,7000,4000,"Mapped, On Network",-81.269435971400000,28.547105704100002,666645.527600000030361,507507.582791000022553,1/8/2020 2:42:51 PM,8412_7015
4219,4220,1,4219,52135,89220146,2019-00403959,Orlando PD,Short,10/30/2019 0:00:00,12:45 PM,Orlando,Orange,SR 408 WBO,I4 WBO (SR 400 EXIT RAMP),1000,East,Other,1,0,0,0,N,N,N,250.000000000000000,Clear,Daylight,0,Single Vehicle,W,Property Damage Only,Y,Other,Other Non-Fixed Object,On Roadway,Non-Junction,N,Not at Intersection,U.S.,Curb,Dry,None, , ,None, , ,N,Y,Work on Shoulder or Median,Activity Area,N,N,0,0,0,0,0,0,0,0,0,0,0,0,0.000000000000000,0.000000000000000,0,0,0,250,"Mapped, On Network",-81.380525529200000,28.535375534700002,655826.726804999983869,505969.846962000010535,1/8/2020 2:44:36 PM,6230_8274
4220,4221,1,4220,52136,89220173,2019-00401020,Orlando PD,Long,10/29/2019 0:00:00,07:18 AM,Orlando,Orange,SR 408 WEST,S MILLS AV EXIT RAMP,20,East,Sideswipe,2,0,0,0,N,N,N,1800.000000000000000,Clear,Daylight,0,Same Direction Sideswipe,W,Property Damage Only,Y,"Sideswipe, Same Direction",Motor Vehicle in Transport,On Roadway,Non-Junction,N,Not at Intersection,State,Paved,Dry,None, , ,None, , ,N,N, , , , ,0,0,0,0,0,0,0,0,0,0,0,0,0.000000000000000,0.000000000000000,0,0,0,1800,"Mapped, On Network",-81.359232129800006,28.538334955800000,657898.957786999992095,506342.787295999994967,1/8/2020 2:45:21 PM,8318_8309
4221,4222,1,4221,52137,89220357,2019-00412368,Orlando PD,Long,11/7/2019 0:00:00,07:28 AM,Orlando,Orange,SR 408 WBO,S MILLS AV EXIT,1000,East,Rear End,2,0,0,1,N,N,N,1500.000000000000000,Clear,Daylight,0,Rear End,W,Injury,Y,Front to Rear,Motor Vehicle in Transport,On Roadway,Non-Junction,N,Not at Intersection,State,Paved,Dry,None, , ,None, , ,N,N, , , , ,0,0,1,0,0,0,0,1,0,0,0,0,1.000000000000000,0.000000000000000,0,0,0,1500,"Mapped, On Network",-81.356237745599998,28.538389759099999,658191.215879000024870,506355.138111000007484,1/9/2020 10:58:46 AM,6185_8318
4222,4223,1,4222,52168,88122455,FHPD19OFF103894,FHP,Short,11/15/2019 0:00:00,06:35 AM,Orlando Expwy Auth,Orange,SB SR-417,SR-535,5280,North,Sideswipe,2,0,0,0,N,N,N,500.000000000000000,Cloudy,Daylight,0,Same Direction Sideswipe,S,Property Damage Only,Y,"Sideswipe, Same Direction",Cargo/Equipment Loss or Shift,On Roadway,Non-Junction,N,Not at Intersection,Turnpike/Toll,Paved,Wet,None, , ,None, , ,N,N, , , , ,0,0,3,0,0,0,0,0,0,0,0,0,0.000000000000000,0.000000000000000,0,1,0,500,"Mapped, On Network",-81.476800057099993,28.356716302399999,646831.522216000012122,485936.681114999984857,1/9/2020 11:00:38 AM,8579_6492
4223,4224,1,4223,52187,88243531,FHPD19OFF103165,FHP,Long,11/12/2019 0:00:00,06:27 PM,Orlando Expwy Auth,Orange,STATE ROAD 417 SOUTHBOUND,MILE MARKER 36,0, ,Rear End,2,0,0,1,N,Y,N,12000.000000000000000,Clear,Daylight,0,Rear End,S,Injury,N,Front to Rear,Motor Vehicle in Transport,On Roadway,Non-Junction,N,Not at Intersection,Turnpike/Toll,Paved,Dry,None, , ,None, , ,N,N, , , , ,0,0,0,0,0,0,0,1,0,0,0,0,0.000000000000000,0.000000000000000,0,1,0,12000,"Mapped, On Network",-81.258874113299996,28.583533050100002,667586.828350999974646,511574.927815000002738,1/9/2020 11:02:57 AM,6789_6691
4224,4225,1,4224,52277,88201058,FHPD19OFF092661,FHP,Short,10/11/2019 0:00:00,12:46 PM,Orlando Expwy Auth,Orange,STATE RD 417,HUNTERS VISTA BLVD,50,South,Rear End,2,0,0,0,N,N,N,4000.000000000000000,Clear,Daylight,0,Rear End,S,Property Damage Only,N,Front to Rear,Motor Vehicle in Transport,On Roadway,Non-Junction,N,Not at Intersection,Turnpike/Toll,Paved,Dry,None, , ,None, , ,N,N, , , , ,0,0,0,0,0,0,0,0,0,0,0,0,0.000000000000000,0.000000000000000,0,1,0,4000,"Mapped, On Network",-81.453571652299999,28.356939635300002,649103.002545000053942,486008.187439000001177,12/23/2019 5:53:15 PM,6975_6889
4225,4226,1,4225,52278,88201057,FHPD19OFF092607,FHP,Long,10/11/2019 0:00:00,10:35 AM,Orlando Expwy Auth,Orange,STATE RD 408,STATE RD 436,5280,East,Sideswipe,2,0,0,0,N,N,N,2600.000000000000000,Clear,Daylight,0,Same Direction Sideswipe,W,Property Damage Only,N,"Sideswipe, Same Direction",Motor Vehicle in Transport,On Roadway,Non-Junction,N,Not at Intersection,Turnpike/Toll,Paved,Dry,None, , ,None, , ,N,N, , , , ,0,0,0,0,0,0,0,0,0,0,0,0,0.000000000000000,0.000000000000000,0,1,0,2600,"Mapped, On Network",-81.301843265499997,28.539680494300001,663499.434120999998413,506613.508096000005025,12/23/2019 5:53:50 PM,6883_8376
4226,4227,1,4226,52333,88237265,FHPD19OFF103224,FHP,Long,11/13/2019 0:00:00,02:02 AM,Unincorporated,Orange,STATE ROAD 417 (CENTRAL FLORIDA GREENEWAY),LEE VISTA BOULEVARD,5280,South,Off Road,1,0,0,0,N,N,N,14000.000000000000000,Rain,Dark - Lighted,0,Off Road,S,Property Damage Only,N,Other,Guardrail Face,Shoulder,Non-Junction,N,Not at Intersection,State,Paved,Wet,Road Surface Condition, , ,Weather Conditions, , ,N,N, , , , ,0,0,0,0,0,0,0,0,0,0,0,0,0.000000000000000,0.000000000000000,0,0,2000,12000,"Mapped, On Network",-81.233255387900002,28.461931014200001,670390.264307999983430,498129.545023999991827,1/9/2020 11:08:09 AM,8546_7092
4227,4228,1,4227,52350,89218975,2019-00392373,Orlando PD,Short,10/22/2019 0:00:00,07:52 AM,Orlando,Orange,SR 408 WB,CONWAY RD,1000,East,Rear End,2,0,0,0,N,Y,N,2500.000000000000000,Clear,Daylight,0,Rear End,W,Property Damage Only,Y,Front to Rear,Motor Vehicle in Transport,On Roadway,Non-Junction,N,Not at Intersection,State,Paved,Dry,None, , ,None, , ,N,N, , , , ,0,0,0,0,0,0,0,0,0,0,0,0,0.000000000000000,0.000000000000000,0,2,0,2500,"Mapped, On Network",-81.328222213499998,28.538750033900001,660925.934802999952808,506454.107979999971576,12/11/2019 3:01:02 PM,6229_6177
4228,4229,1,4228,52389,88121467,FHPK19OFF060455,FHP,Short,10/19/2019 0:00:00,12:48 PM,Winter Garden,Orange,STATE ROAD 429 (STONEYBROOK WEST PKWY),MILE MARKER 19,500,South,Rear End,2,0,0,0,N,N,N,1000.000000000000000,Clear,Daylight,0,Rear End,S,Property Damage Only,N,Angle,Motor Vehicle in Transport,On Roadway,Non-Junction,N,Not at Intersection,Turnpike/Toll,Paved,Dry,None, , ,None, , ,N,N, , , , ,0,0,0,0,0,0,0,0,0,0,0,0,0.000000000000000,0.000000000000000,0,1,0,1000,"Mapped, On Network",-81.581770130199999,28.520719452200002,636207.040028000017628,503941.050191999995150,1/6/2020 2:07:09 PM,8464_8492
4229,4230,1,4229,52422,88242325,FHPD19OFF102625,FHP,Long,11/11/2019 0:00:00,06:39 AM,Orlando Expwy Auth,Orange,STATE ROAD 417 SB MM26,STATE ROAD 528,5280,North,Sideswipe,2,0,0,0,N,N,N,5000.000000000000000,Clear,Daylight,0,Same Direction Sideswipe,S,Property Damage Only,Y,"Sideswipe, Same Direction",Motor Vehicle in Transport,On Roadway,Non-Junction,N,Not at Intersection,Turnpike/Toll,Paved,Dry,None, , ,None, , ,N,N, , , , ,0,0,0,0,0,0,0,0,0,0,0,0,0.000000000000000,0.000000000000000,0,0,0,5000,"Mapped, On Network",-81.235052149900000,28.465177737000001,670206.614599999971688,498486.085260999971069,1/9/2020 11:14:06 AM,8546_7092
4230,4231,1,4230,52469,89218898,2019-00407539,Orlando PD,Long,11/3/2019 0:00:00,09:42 AM,Orlando,Orange,STATE ROAD 408,ROSALIND AVENUE,0, ,Rear End,2,0,0,0,N,N,N,5000.000000000000000,Clear,Daylight,0,Rear End, ,Property Damage Only,Y,Front to Rear,Motor Vehicle in Transport,On Roadway,Non-Junction,N,Not at Intersection,State,Paved,Dry,None, , ,None, , ,N,N, , , , ,0,0,0,0,0,0,0,0,0,0,0,0,0.000000000000000,0.000000000000000,0,0,0,5000,"Mapped, On Network",-81.375134997600000,28.536946595700002,656349.391296999994665,506155.477662999997847,11/22/2019 2:13:53 PM,6737_6230
4231,4232,1,4231,52486,88221886,FHPD19OFF095163,FHP,Long,10/19/2019 0:00:00,12:15 AM,Orlando,Orange,STATE ROAD 408(SPESSARD L. HOLLAND),STATE ROAD 417,800,West,Off Road,1,0,0,1,N,Y,N,8000.000000000000000,Rain,Dark - Lighted,0,Off Road,E,Injury,N,Other,Guardrail Face,Off Roadway,Non-Junction,N,Not at Intersection,State,Paved,Wet,None, , ,None, , ,N,N, , , , ,0,0,0,0,0,0,0,1,0,0,0,0,0.000000000000000,0.000000000000000,0,1,5000,3000,"Mapped, On Network",-81.272020663399999,28.546634476099999,666394.325608000042848,507449.676709000021219,1/6/2020 2:01:12 PM,8412_7015
4232,4233,1,4232,52544,88196317,FHPD19OFF093184,FHP,Long,10/12/2019 0:00:00,07:38 PM,Orlando Expwy Auth,Orange,STATE ROAD 408 MM16,STATE ROAD 551,100,West,Unknown,2,0,0,2,N,N,N,5000.000000000000000,Clear,Dark - Lighted,0,Unknown, ,Injury,Y,Angle,Motor Vehicle in Transport,On Roadway,Non-Junction,N,Not at Intersection,Turnpike/Toll,Paved,Dry,None, , ,None, , ,N,N, , , , ,0,0,3,0,0,0,0,2,0,0,0,0,0.000000000000000,0.000000000000000,0,0,0,5000,"Mapped, On Network",-81.286488079400002,28.540503737400002,664996.754059999948367,506737.816379000025336,12/23/2019 5:54:34 PM,8406_8427
4233,4234,1,4233,52597,84481654,FHPD19OFF101848,FHP,Long,11/8/2019 0:00:00,05:00 PM,Orlando,Orange,SR408 EB,US441 (ORANGE BLOSSOM TRAIL),5280,East,Rear End,2,0,0,0,N,Y,N,9000.000000000000000,Rain,Dusk,0,Rear End,W,Property Damage Only,Y,Front to Rear,Motor Vehicle in Transport,On Roadway,Non-Junction,N,Not at Intersection,State,Paved,Wet,None, , ,None, , ,N,N, , , , ,0,0,0,0,0,0,0,0,0,0,0,0,0.000000000000000,0.000000000000000,0,1,0,9000,"Mapped, On Network",-81.384058551099997,28.535071885400001,655482.447049999958836,505928.807881999993697,12/19/2019 1:45:23 PM,6679_6276
4234,4235,1,4234,52686,89217662,2019-00380106,Orlando PD,Short,10/11/2019 0:00:00,06:44 PM,Orlando,Orange,SR 417,BOGGY CREEK,0, ,Rear End,2,0,0,1,N,N,N,7000.000000000000000,Clear,Dark - Lighted,0,Rear End,N,Injury,Y,Front to Rear,Motor Vehicle in Transport,On Roadway,Non-Junction,N,Not at Intersection,State,Paved,Dry,None, , ,None, , ,N,N, , , , ,0,0,1,0,0,0,0,1,0,0,0,0,0.000000000000000,0.000000000000000,0,0,0,7000,"Mapped, On Network",-81.310034544999993,28.369094021599999,663112.833498999942094,487655.818374999973457,1/8/2020 1:09:20 PM,8480_11010
4235,4236,1,4235,52708,88237527,FHPD19OFF100947,FHP,Long,11/5/2019 0:00:00,11:31 PM,Ocoee,Orange,STATE ROAD 429,WEST ROAD,10560,South,Rollover,1,0,0,1,N,N,N,10000.000000000000000,Cloudy,Dark - Not Lighted,0,Rollover,N,Injury,N,Other,Overturn/Rollover,Median,Non-Junction,N,Not at Intersection,State,Paved,Wet,Road Surface Condition, , ,None, , ,N,N, , , , ,0,0,0,0,0,0,0,1,0,0,0,0,0.000000000000000,0.000000000000000,0,0,0,10000,"Mapped, On Network",-81.556789339600002,28.571296557699998,638535.508446000050753,509604.926475999993272,1/16/2020 9:50:15 AM,8421_8425
4236,4237,1,4236,52729,88211066,FHPD19OFF094193,FHP,Short,10/16/2019 0:00:00,06:25 AM,Orlando,Orange,SR 528 WB,MM 31,0, ,Rear End,2,0,0,0,N,N,N,1600.000000000000000,Clear,Dawn,0,Rear End,W,Property Damage Only,N,Front to Rear,Motor Vehicle in Transport,On Roadway,Non-Junction,N,Not at Intersection,State,Paved,Dry,None, , ,None, , ,N,N, , , , ,0,0,0,0,0,0,0,0,0,0,0,0,0.000000000000000,0.000000000000000,0,1,0,1600,"Mapped, On Network",-80.975625097500000,28.452689150600001,695588.465818000026047,497694.684628000017256,12/24/2019 8:31:00 AM,6598_8091
4237,4238,1,4237,52739,89218170,2019-00381253,Orlando PD,Short,10/12/2019 0:00:00,07:00 PM,Orlando,Orange,S.R. 528 WB,S.R. 15,0,West,Other,1,0,0,0,N,N,N,500.000000000000000,Clear,Dark - Lighted,0,Single Vehicle,W,Property Damage Only,Y,Angle,Motor Vehicle in Transport,On Roadway,Non-Junction,N,Not at Intersection,Turnpike/Toll,Paved,Dry,None, , ,None, , ,N,N, , , , ,0,0,1,0,0,0,0,0,0,0,0,0,0.000000000000000,0.000000000000000,0,0,0,500,"Mapped, On Network",-81.265137154300007,28.448597726500001,667307.852856999961659,496579.657602999999654,12/23/2019 6:05:39 PM,8065_8055
4238,4239,1,4238,52792,89219993,2019-00401215,Orlando PD,Short,10/29/2019 0:00:00,09:23 AM,Orlando,Orange,SR 408 WBO,S SEMORAN EXIT RAMP,1000,East,Rear End,2,0,0,0,N,N,N,2000.000000000000000,Clear,Daylight,0,Rear End,W,Property Damage Only,Y,Front to Rear,Motor Vehicle in Transport,On Roadway,Non-Junction,N,Not at Intersection,State,Paved,Dry,None, , ,None, , ,N,N, , , , ,0,0,1,0,0,0,0,0,0,0,0,0,0.000000000000000,0.000000000000000,0,0,0,2000,"Mapped, On Network",-81.309652481200004,28.539687781100000,662736.897024999954738,506597.654482999991160,12/18/2019 1:09:53 PM,6256_8188
4239,4240,1,4239,52796,88242323,FHPD19OFF100636,FHP,Short,11/5/2019 0:00:00,06:59 AM,Orlando Expwy Auth,Orange,STATE ROAD 408 WB,DEAN RD,0,East,Rear End,2,0,0,0,N,N,N,100.000000000000000,Clear,Daylight,0,Rear End,W,Property Damage Only,Y,Front to Rear,Motor Vehicle in Transport,On Roadway,Non-Junction,N,Not at Intersection,Turnpike/Toll,Paved,Dry,None, , ,None, , ,N,N, , , , ,0,0,0,0,0,0,0,0,0,0,0,0,0.000000000000000,0.000000000000000,0,1,0,100,"Mapped, On Network",-81.241175175699993,28.547333763200001,669404.231213000020944,507594.328856999985874,1/8/2020 1:15:54 PM,8005_8013
4240,4241,1,4240,52797,88243521,FHPD19OFF100828,FHP,Long,11/5/2019 0:00:00,05:14 PM,Orlando Expwy Auth,Orange,STATE ROAD 408 WESTBOUND,MILE MARKER 2,0, ,Rear End,2,0,0,0,N,Y,N,6000.000000000000000,Clear,Dusk,0,Rear End,W,Property Damage Only,N,Front to Rear,Motor Vehicle in Transport,On Roadway,Non-Junction,N,Not at Intersection,Turnpike/Toll,Paved,Dry,None, , ,None, , ,N,N, , , , ,0,0,0,0,0,0,0,0,0,0,0,0,0.000000000000000,0.000000000000000,0,1,0,6000,"Mapped, On Network",-81.500178946899993,28.546943095600000,644116.568444999982603,507011.665332000004128,1/8/2020 1:16:11 PM,6300_8156
4241,4242,1,4241,52804,88227361,FHPD19OFF099463,FHP,Long,11/1/2019 0:00:00,12:20 AM,Orlando,Orange,SR417,MM10,200,South,Rear End,2,0,0,1,N,Y,N,6000.000000000000000,Clear,Daylight,0,Rear End,N,Injury,N,Front to Rear,Motor Vehicle in Transport,On Roadway,Non-Junction,N,Not at Intersection,State,Paved,Dry,None, , ,None, , ,N,N, , , , ,0,0,1,0,0,0,0,0,0,1,0,0,1.000000000000000,0.000000000000000,0,1,0,6000,"Mapped, On Network",-81.430291677900001,28.368898182700001,651352.352165000047535,487383.218993999995291,1/8/2020 1:24:16 PM,6959_8287
4242,4243,1,4242,52807,88081940,FHPD19OFF086516,FHP,Long,9/24/2019 0:00:00,07:30 AM,Orlando Expwy Auth,Orange,SR408 EB,PINE HILLS ROAD,5280,East,Rear End,3,0,0,1,N,N,N,3000.000000000000000,Clear,Daylight,0,Rear End,E,Injury,N,Front to Rear,Motor Vehicle in Transport,On Roadway,Non-Junction,N,Not at Intersection,Turnpike/Toll,Paved,Dry,None, , ,None, , ,N,N, , , , ,0,0,0,0,0,0,0,1,0,0,0,0,0.000000000000000,0.000000000000000,0,1,0,3000,"Mapped, On Network",-81.442294416600006,28.548120927199999,649765.687900000018999,507258.358482000010554,11/15/2019 8:57:29 AM,6294_5905
4243,4244,1,4243,52821,89216396,2019-00319703,Orlando PD,Long,8/23/2019 0:00:00,04:12 PM,Orlando,Orange,SR 408 WEST BOUND,I4 EXIT,500,East,Rear End,2,0,0,0,N,N,N,1000.000000000000000,Rain,Daylight,0,Rear End,W,Property Damage Only,Y,Front to Rear,Motor Vehicle in Transport,On Roadway,Non-Junction,N,Not at Intersection,State,Paved,Wet,None, , ,None, , ,N,N, , , , ,0,0,0,0,0,0,0,0,0,0,0,0,0.000000000000000,0.000000000000000,0,0,0,1000,"Mapped, On Network",-81.373534333699993,28.537207441600000,656505.074649999965914,506187.768077999993693,10/31/2019 2:53:51 PM,8313_6737
4244,4245,1,4244,52822,88226571,FHPD19OFF098133,FHP,Long,10/27/2019 0:00:00,08:19 PM,Unincorporated,Orange,STATE ROAD 417 (CENTRAL FLORIDA GREENEWAY),STATE ROAD 50 (COLONIAL DRIVE),500,North,Rear End,2,0,0,1,N,Y,N,5000.000000000000000,Clear,Dark - Lighted,0,Rear End,S,Injury,N,Front to Rear,Motor Vehicle in Transport,On Roadway,Non-Junction,N,Not at Intersection,State,Paved,Dry,Work Zone, , ,None, , ,N,Y,Lane Closure,Advance Warning Area,N,Y,0,0,1,0,0,0,0,1,0,0,0,0,0.000000000000000,0.000000000000000,0,1,0,5000,"Mapped, On Network",-81.264696179100000,28.574869647400000,667039.915111999958754,510600.425688999996055,1/9/2020 11:45:57 AM,8563_8572
4245,4246,1,4245,52832,88195903,FHPD19OFF084290,FHP,Long,9/17/2019 0:00:00,01:40 AM,Orlando,Orange,STATE ROAD 408,MILE MARKER 22,0, ,Other,1,0,0,0,N,N,N,4000.000000000000000,Clear,Dark - Not Lighted,0,Single Vehicle,W,Property Damage Only,N,Other,Other Non-Collision,Off Roadway,Non-Junction,N,Not at Intersection,Interstate,Paved,Dry,None, , ,None, , ,N,N, , , , ,0,0,0,0,0,0,0,0,0,0,0,0,0.000000000000000,0.000000000000000,0,0,0,4000,"Mapped, On Network",-81.191256805899997,28.555291136000001,674257.888111999956891,508587.854540999978781,10/11/2019 2:29:08 PM,8178_6921
4246,4247,1,4246,52894,89216383,2019-00315304,Orlando PD,Short,8/20/2019 0:00:00,10:02 AM,Orlando,Orange,SR 408 WBO,SR 436 NBO (S SEMORAN BV) ENTRANCE RAMP,20,East,Rear End,2,0,0,0,N,N,N,2000.000000000000000,Clear,Daylight,0,Rear End,W,Property Damage Only,Y,Front to Rear,Motor Vehicle in Transport,On Roadway,Non-Junction,N,Not at Intersection,State,Paved,Dry,None, , ,None, , ,N,N, , , , ,0,0,0,0,0,0,0,0,0,0,0,0,0.000000000000000,0.000000000000000,0,0,0,2000,"Mapped, On Network",-81.312857562999994,28.539640390999999,662424.055894999997690,506585.568023000028916,11/1/2019 1:21:34 PM,6256_8188
4247,4248,1,4247,52902,88243517,FHPD19OFF099371,FHP,Long,10/31/2019 0:00:00,05:47 PM,Orlando Expwy Auth,Orange,STATE ROAD 417 SOUTHBOUND,MILE MARKER 15,0, ,Rear End,4,0,0,1,N,Y,N,22500.000000000000000,Clear,Daylight,0,Rear End,S,Injury,N,Front to Rear,Motor Vehicle in Transport,On Roadway,Non-Junction,N,Not at Intersection,Turnpike/Toll,Paved,Dry,None, , ,None, , ,N,N, , , , ,0,0,1,0,0,0,0,1,0,0,0,0,1.000000000000000,0.000000000000000,0,1,0,22500,"Mapped, On Network",-81.319535388000006,28.367467082099999,662187.604005999979563,487454.942493000009563,12/19/2019 12:41:37 PM,6618_6299
4248,4249,1,4248,52904,88242320,FHPD19OFF098711,FHP,Short,10/29/2019 0:00:00,04:54 PM,Orlando Expwy Auth,Orange,STATE ROAD 417 NB MM34,STATE ROAD 50,0,South,Rear End,2,0,0,0,N,N,N,3000.000000000000000,Clear,Daylight,0,Rear End,N,Property Damage Only,Y,Front to Rear,Motor Vehicle in Transport,On Roadway,Non-Junction,N,Not at Intersection,Turnpike/Toll,Paved,Dry,None, , ,None, , ,N,N, , , , ,0,0,1,0,0,0,0,0,0,0,0,0,0.000000000000000,0.000000000000000,0,1,0,3000,"Mapped, On Network",-81.266987763900005,28.564282854500000,666842.286223000031896,509420.031389000010677,12/18/2019 1:36:45 PM,8451_2531
4249,4250,1,4249,52905,88161589,FHPD19OFF098860,FHP,Long,10/30/2019 0:00:00,09:08 AM,Orlando Expwy Auth,Orange,SR-417 (MM37),UNIVERSITY BLVD,0,North,Rear End,3,0,0,0,N,N,N,7200.000000000000000,Clear,Daylight,0,Rear End,S,Property Damage Only,N,Front to Rear,Motor Vehicle in Transport,On Roadway,Non-Junction,N,Not at Intersection,Turnpike/Toll,Paved,Dry,None, , ,None, , ,N,Y,Work on Shoulder or Median,Advance Warning Area,N,N,0,0,1,0,0,0,0,0,0,0,0,0,0.000000000000000,0.000000000000000,0,2,0,7200,"Mapped, On Network",-81.250160146400006,28.597581967200000,668402.550197000033222,513153.686948999995366,12/17/2019 12:47:46 PM,8588_8118
4250,4251,1,4250,52914,88209708,FHPD19OFF097569,FHP,Long,10/26/2019 0:00:00,12:36 AM,Orlando,Orange,SR-528-TOLL W,SR-520,500,West,Off Road,1,0,0,0,N,N,N,5000.000000000000000,Rain,Dark - Not Lighted,0,Off Road,W,Property Damage Only,N,Other,Guardrail Face,Off Roadway,Non-Junction,N,Not at Intersection,Turnpike/Toll,Unpaved,Wet,None, , ,None, , ,N,N, , , , ,0,0,0,0,0,0,0,0,0,0,0,0,0.000000000000000,0.000000000000000,0,0,4000,1000,"Mapped, On Network",-80.986125028199993,28.452649172800001,694562.564179999986663,497665.121197999978904,1/8/2020 1:37:39 PM,8091_5943
4251,4252,1,4251,52916,88221967,FHPD19OFF100633,FHP,Long,11/5/2019 0:00:00,06:35 AM,Orlando Expwy Auth,Orange,SR 408 (EAST-WEST EXPY),MM19,100,East,Rear End,2,0,0,0,N,Y,N,8000.000000000000000,Clear,Daylight,0,Rear End,W,Property Damage Only,N,Front to Rear,Motor Vehicle in Transport,On Roadway,Non-Junction,N,Not at Intersection,Turnpike/Toll,Paved,Dry,None, , ,None, , ,N,N, , , , ,0,0,0,0,0,0,0,0,0,0,0,0,0.000000000000000,0.000000000000000,0,1,0,8000,"Mapped, On Network",-81.240457887999995,28.547320977999998,669474.295737999957055,507594.476602000009734,1/8/2020 1:25:42 PM,6308_8005
4252,4253,1,4252,52972,89217550,2019-00364031,Orlando PD,Long,9/28/2019 0:00:00,09:00 PM,Orlando,Orange,S.R 408 EBO,CONWAY RD (S.R 15),1000,East,Other,1,0,0,0,Y,Y,N,5000.000000000000000,Clear,Dark - Lighted,0,Single Vehicle,E,Property Damage Only,Y,"Sideswipe, Same Direction",Motor Vehicle in Transport,Shoulder,Non-Junction,N,Not at Intersection,State,Paved,Dry,None, , ,None, , ,N,N, , , , ,0,0,0,0,0,0,0,0,0,0,0,0,0.000000000000000,0.000000000000000,0,0,0,5000,"Mapped, On Network",-81.328090663300003,28.538427890900000,660939.555105000035837,506418.618863000010606,11/20/2019 2:19:34 PM,8355_8348
4253,4254,1,4253,52974,89218494,2019-00368079,Orlando PD,Short,10/2/2019 0:00:00,07:40 AM,Orlando,Orange,EAST-WEST EXPRESS WAY SR528,S SEMORAN BLVD (SR436),5280,East,Rear End,2,0,0,0,N,N,N,4000.000000000000000,Clear,Daylight,0,Rear End,W,Property Damage Only,Y,Front to Rear,Motor Vehicle in Transport,On Roadway,Non-Junction,N,Not at Intersection,State,Paved,Dry,None, , ,None, , ,N,N, , , , ,0,0,0,0,0,0,0,0,0,0,0,0,0.000000000000000,0.000000000000000,0,0,0,4000,"Mapped, On Network",-81.291916905600004,28.450186306300001,664686.925698000006378,496698.271027999988291,12/16/2019 4:10:04 PM,8183_6664
4254,4255,1,4254,52975,89218580,2019-00374777,Orlando PD,Long,10/7/2019 0:00:00,06:04 PM,Orlando,Orange,S.R 408 EBO,S ORANGE AVE,0,East,Rear End,2,0,0,1,N,N,N,101.000000000000000,Rain,Daylight,0,Rear End,E,Injury,Y,Front to Rear,Motor Vehicle in Transport,On Roadway,Non-Junction,N,Not at Intersection,State,Paved,Wet,None, , ,Weather Conditions, , ,N,N, , , , ,0,0,0,0,0,0,0,1,0,0,0,0,0.000000000000000,0.000000000000000,0,0,0,101,"Mapped, On Network",-81.377276582099995,28.535961950499999,656142.597125999978743,506041.701578999985941,12/24/2019 8:25:40 AM,6679_6276
4255,4256,1,4255,53011,88161592,FHPD19OFF100128,FHP,Long,11/3/2019 0:00:00,10:37 AM,Orlando Expwy Auth,Orange,SR-408 (MM16),GOLDENROD ROAD,60,East,Sideswipe,2,0,0,0,N,N,N,2400.000000000000000,Cloudy,Daylight,0,Same Direction Sideswipe,W,Property Damage Only,N,Angle,Motor Vehicle in Transport,On Roadway,Non-Junction,N,Not at Intersection,Turnpike/Toll,Paved,Dry,None, , ,None, , ,N,N, , , , ,0,0,0,0,0,0,0,0,0,0,0,0,0.000000000000000,0.000000000000000,0,1,0,2400,"Mapped, On Network",-81.284886816400004,28.541091653199999,665151.667837999993935,506806.534103000012692,12/17/2019 12:47:12 PM,6918_8406
4256,4257,1,4256,53012,88161590,FHPD19OFF099680,FHP,Long,11/1/2019 0:00:00,04:06 PM,Orlando Expwy Auth,Orange,SR-417 (MM16),WYNDHAM LAKES RD,40,North,Off Road,1,0,0,0,N,N,N,1900.000000000000000,Cloudy,Daylight,0,Off Road,S,Property Damage Only,N,Other,Guardrail Face,Shoulder,Non-Junction,N,Not at Intersection,Turnpike/Toll,Paved,Dry,None, , ,None, , ,N,N, , , , ,0,0,0,0,0,0,0,0,0,0,0,0,0.000000000000000,0.000000000000000,0,0,100,1800,"Mapped, On Network",-81.324829169099999,28.367288003300001,661670.309570000041276,487423.814879000012297,12/17/2019 12:47:30 PM,6618_6299