FID,OBJECTID_1,Join_Count,TARGET_FID,OBJECTID,HSMV_Repor,Agency_Rep,Reporting_,Form_Type,Crash_Date,Crash_Time,City,County,Crash_Stre,Intersecti,Offset_Dis,Offset_Dir,Crash_Type,Vehicles,Non_Motori,Fatalities,Injuries,Alcohol_Re,Distractio,Drug_Relat,Estimated_,Weather_Co,Light_Cond,Street_Num,Crash_Ty_1,Crash_Ty_2,Crash_Seve,Within_Cit,Manner_of_,First_Harm,First_HE_L,First_HE_R,First_HE_W,Type_of_In,Road_Sys_I,Type_of_Sh,Road_Surf_,Contrib_Ci,Contrib__1,Contrib__2,Contrib__3,Contrib__4,Contrib__5,School_Bus,Work_Zone_,Type_of_Wo,Loc_in_Wor,Workers_in,Law_Enforc,Mopeds,Motorcycle,Passengers,Bicyclists,Pedestrian,Fataliti_1,Injuries_U,Possible_I,Non_Incapa,Incapacita,Fataliti_2,Non_Traffi,Transporte,Transpor_1,Transpor_2,Citations,Property_D,Vehicle_Dm,S4_Mapping,S4_Decimal,S4_Decim_1,S4_Albers_,S4_Albers1,S4_Mappi_1,zone_id_st
4257,4258,1,4257,53013,88161588,FHPD19OFF098815,FHP,Long,10/30/2019 0:00:00,06:37 AM,Orlando Expwy Auth,Orange,SR-417 (MM24),MOSS PARK RD,40,North,Rear End,2,0,0,1,N,N,N,4200.000000000000000,Clear,Dark - Lighted,0,Rear End,N,Injury,N,Front to Rear,Motor Vehicle in Transport,On Roadway,Non-Junction,N,Not at Intersection,Turnpike/Toll,Paved,Dry,None, , ,None, , ,N,N, , , , ,0,0,0,0,0,0,0,1,0,0,0,0,0.000000000000000,0.000000000000000,0,1,0,4200,"Mapped, On Network",-81.227553210899998,28.414748699200000,671065.234143999987282,492903.481362999998964,12/17/2019 12:50:49 PM,8533_8540
4258,4259,1,4258,53014,88161586,FHPD19OFF097244,FHP,Long,10/25/2019 0:00:00,01:09 PM,Orlando Expwy Auth,Orange,SR-528 (MM17),SR-417,200,East,Off Road,1,0,0,0,N,N,N,2100.000000000000000,Rain,Daylight,0,Off Road,E,Property Damage Only,N,Other,Cable Barrier,Median,Entrance/Exit Ramp,N,Not at Intersection,Turnpike/Toll,Paved,Wet,None, , ,Weather Conditions, , ,N,N, , , , ,0,0,0,0,0,0,0,0,0,0,0,0,0.000000000000000,0.000000000000000,0,1,100,2000,"Mapped, On Network",-81.224672855799994,28.451216278299999,671255.660981000051834,496958.754032000026200,12/17/2019 12:52:13 PM,8019_6319
4259,4260,1,4259,53016,88156328,FHPK19OFF063054,FHP,Long,11/1/2019 0:00:00,04:13 PM,Winter Garden,Orange,STATE ROAS 429,MILE MARKER 19,0, ,Rear End,2,0,0,0,N,Y,N,150.000000000000000,Clear,Daylight,0,Rear End,N,Property Damage Only,N,Front to Rear,Motor Vehicle in Transport,On Roadway,Non-Junction,N,Not at Intersection,Turnpike/Toll,Paved,Dry,None, , ,None, , ,N,N, , , , ,0,0,0,0,0,0,0,0,0,0,0,0,0.000000000000000,0.000000000000000,0,2,0,150,"Mapped, On Network",-81.590213553200002,28.515743663300000,635393.209324000054039,503372.419309000018984,12/19/2019 12:30:59 PM,8494_8462
4260,4261,1,4260,53019,89217893,2019-00404323,Orlando PD,Long,10/31/2019 0:00:00,04:15 PM,Orlando,Orange,SR417,NARCOOSSEE RD,5280,South,Sideswipe,2,0,0,0,N,N,N,3500.000000000000000,Clear,Daylight,0,Same Direction Sideswipe,S,Property Damage Only,Y,"Sideswipe, Same Direction",Motor Vehicle in Transport,On Roadway,Non-Junction,N,Not at Intersection,State,Unpaved,Dry,None, , ,None, , ,N,N, , , , ,0,0,0,0,0,0,0,0,0,0,0,0,0.000000000000000,0.000000000000000,0,0,0,3500,"Mapped, On Network",-81.256687407000001,28.389133353500000,668280.504085000022314,489995.724756999989040,1/8/2020 1:12:25 PM,6855_6170
4261,4262,1,4261,53036,85460470,FHPD19OFF086894,FHP,Long,9/25/2019 0:00:00,08:05 AM,Orlando,Orange,SR-408 (EAST-WEST EXPRESSWAY),SR-551 (GOLDENROD ROAD),5280,West,Rear End,2,0,0,1,N,Y,N,4800.000000000000000,Clear,Daylight,0,Rear End,W,Injury,N,Front to Rear,Motor Vehicle in Transport,On Roadway,Non-Junction,N,Not at Intersection,Turnpike/Toll,Paved,Dry,None, , ,None, , ,N,N, , , , ,0,0,1,0,0,0,0,0,1,0,0,0,0.000000000000000,0.000000000000000,0,1,0,4800,"Mapped, On Network",-81.289952536800001,28.539893295300001,664659.965558000025339,506662.599384000001010,11/15/2019 8:44:40 AM,8427_6883
4262,4263,1,4262,53130,89217864,2019-00343514,Orlando PD,Long,9/12/2019 0:00:00,08:53 AM,Orlando,Orange,SR 408 EAST,INTERSTATE 4 WEST ENTRANCE RAMP,750,West,Rear End,2,0,0,2,N,N,N,3250.000000000000000,Clear,Daylight,0,Rear End,E,Injury,Y,Front to Rear,Motor Vehicle in Transport,On Roadway,Non-Junction,N,Not at Intersection,State,Paved,Dry,None, , ,None, , ,N,N, , , , ,0,0,2,0,0,0,0,2,0,0,0,0,0.000000000000000,0.000000000000000,0,0,0,3250,"Mapped, On Network",-81.393943473899995,28.535106428399999,654517.112131000030786,505912.202366999990772,11/13/2019 3:30:15 PM,8248_8267
4263,4264,1,4263,53138,88227366,FHPD19OFF099822,FHP,Long,11/1/2019 0:00:00,11:50 PM,Orlando,Orange,SR528,MM31,0, ,Off Road,1,0,0,0,N,N,N,5000.000000000000000,Clear,Dark - Lighted,0,Off Road,W,Property Damage Only,N,Other,Guardrail Face,Shoulder,Non-Junction,N,Not at Intersection,State,Paved,Dry,None, , ,None, , ,N,N, , , , ,0,0,0,0,0,0,0,0,0,0,0,0,0.000000000000000,0.000000000000000,0,0,0,5000,"Mapped, On Network",-80.974706687600005,28.452693464300001,695678.197215999942273,497697.365346000005957,1/8/2020 1:24:46 PM,6598_8091
4264,4265,1,4264,53213,88201077,FHPD19OFF098180,FHP,Long,10/28/2019 0:00:00,05:53 AM,Orlando Expwy Auth,Orange,STATE RD 528,DALLAS BLVD,15840,West,Sideswipe,2,0,0,0,N,N,N,1750.000000000000000,Clear,Dark - Not Lighted,0,Same Direction Sideswipe,W,Property Damage Only,N,"Sideswipe, Same Direction",Motor Vehicle in Transport,On Roadway,Non-Junction,N,Not at Intersection,Turnpike/Toll,Paved,Dry,None, , ,None, , ,N,Y,Lane Closure,Activity Area,Y,Y,0,0,1,0,0,0,0,0,0,0,0,0,0.000000000000000,0.000000000000000,0,1,0,1750,"Mapped, On Network",-81.138072342399994,28.451660577100000,679717.203159000026062,497201.550334000028670,12/17/2019 11:35:02 AM,6073_8099
4265,4266,1,4265,53307,88221963,FHPD19OFF098405,FHP,Long,10/28/2019 0:00:00,05:15 PM,Orlando Expwy Auth,Orange,SR-528,MM24,100,West,Off Road,1,0,0,0,N,N,N,4500.000000000000000,Cloudy,Daylight,0,Off Road,E,Property Damage Only,N,Other,Guardrail Face,Shoulder,Non-Junction,N,Not at Intersection,Turnpike/Toll,Paved,Wet,None, , ,None, , ,N,N, , , , ,0,0,0,0,0,0,0,0,0,0,0,0,0.000000000000000,0.000000000000000,0,0,1000,3500,"Mapped, On Network",-81.093255564000003,28.451445540000002,684097.233798000030220,497280.130537000019103,12/19/2019 12:36:36 PM,8109_6321
4266,4267,1,4266,53309,88243519,FHPD19OFF100529,FHP,Long,11/4/2019 0:00:00,04:59 PM,Orlando Expwy Auth,Orange,STATE ROAD 417 SOUTHBOUND,MILE  MARKER 26,0, ,Rear End,3,0,0,1,N,Y,N,6500.000000000000000,Cloudy,Dusk,0,Rear End,S,Injury,N,Front to Rear,Motor Vehicle in Transport,On Roadway,Non-Junction,N,Not at Intersection,Turnpike/Toll,Paved,Wet,None, , ,None, , ,N,N, , , , ,0,0,0,0,0,0,0,1,0,0,0,0,0.000000000000000,0.000000000000000,0,2,0,6500,"Mapped, On Network",-81.232572524600002,28.460794124900001,670459.821689000003971,498004.815476000017952,1/8/2020 1:16:49 PM,8546_7092
4267,4268,1,4267,53310,88242324,FHPD19OFF100990,FHP,Short,11/6/2019 0:00:00,07:54 AM,Orlando Expwy Auth,Orange,STATE ROAD 408 WB MM16,STATE ROAD 551,300,West,Sideswipe,2,0,0,0,N,N,N,1000.000000000000000,Cloudy,Daylight,0,Same Direction Sideswipe,W,Property Damage Only,Y,"Sideswipe, Same Direction",Motor Vehicle in Transport,On Roadway,Non-Junction,N,Not at Intersection,Turnpike/Toll,Paved,Dry,None, , ,None, , ,N,N, , , , ,0,0,0,0,0,0,0,0,0,0,0,0,0.000000000000000,0.000000000000000,0,1,0,1000,"Mapped, On Network",-81.287128290200002,28.540306858800001,664934.723266000044532,506714.581535000004806,1/8/2020 1:17:26 PM,8406_8427
4268,4269,1,4268,53333,88161595,FHPD19OFF100759,FHP,Long,11/5/2019 0:00:00,02:00 PM,Orlando Expwy Auth,Orange,SR-408 (MM17),CHICKASAW TRAIL,20,West,Rear End,2,0,0,0,N,N,N,2000.000000000000000,Cloudy,Daylight,0,Rear End,E,Property Damage Only,N,Front to Rear,Motor Vehicle in Transport,On Roadway,Entrance/Exit Ramp,N,Not at Intersection,Turnpike/Toll,Paved,Dry,None, , ,None, , ,N,N, , , , ,0,0,0,0,0,0,0,0,0,0,0,0,0.000000000000000,0.000000000000000,0,1,0,2000,"Mapped, On Network",-81.286715726899999,28.540240649899999,664975.168815999990329,506708.116867000004277,1/8/2020 1:38:40 PM,8408_6232
4269,4270,1,4269,53373,88242322,FHPD19OFF100623,FHP,Long,11/5/2019 0:00:00,05:34 AM,Orlando Expwy Auth,Orange,STATE ROAD 417 SB MM26,LEE VISTA BLVD,100,North,Sideswipe,2,0,0,0,N,N,N,2100.000000000000000,Clear,Dark - Lighted,0,Same Direction Sideswipe,S,Property Damage Only,Y,"Sideswipe, Same Direction",Motor Vehicle in Transport,On Roadway,Non-Junction,N,Not at Intersection,Turnpike/Toll,Paved,Dry,None, , ,None, , ,N,N, , , , ,0,0,0,0,0,0,0,0,0,0,0,0,0.000000000000000,0.000000000000000,0,0,0,2100,"Mapped, On Network",-81.232612635199999,28.460815772800000,670455.848408999969251,498007.131032000004780,1/8/2020 1:19:13 PM,8546_7092
4270,4271,1,4270,53463,88161594,FHPD19OFF100542,FHP,Long,11/4/2019 0:00:00,06:19 PM,Orlando Expwy Auth,Orange,SR-528 (MM26),DALLAS BLVD,10560,East,Other,2,0,0,0,N,N,N,1800.000000000000000,Cloudy,Dark - Lighted,0,Other,W,Property Damage Only,N,Other,"Struck by Falling, Shifting Cargo",On Roadway,Non-Junction,N,Not at Intersection,Turnpike/Toll,Paved,Wet,None, , ,None, , ,N,N, , , , ,0,0,0,0,0,0,0,0,0,0,0,0,0.000000000000000,0.000000000000000,0,1,0,1800,"Mapped, On Network",-81.062955289100003,28.452146486299998,687056.288596999947913,497428.123941000027116,1/8/2020 1:39:37 PM,6322_8112
4271,4272,1,4271,53492,88221964,FHPD19OFF099005,FHP,Long,10/30/2019 0:00:00,05:05 PM,Orlando Expwy Auth,Orange,SR 417(CENTRAL FLORIDA GREENEWAY),MM23,100,North,Rear End,4,0,0,0,N,Y,N,13000.000000000000000,Clear,Daylight,0,Rear End,S,Property Damage Only,N,Front to Rear,Motor Vehicle in Transport,On Roadway,Non-Junction,N,Not at Intersection,Turnpike/Toll,Paved,Dry,None, , ,None, , ,N,N, , , , ,0,0,1,0,0,0,0,0,0,0,0,0,0.000000000000000,0.000000000000000,0,2,0,13000,"Mapped, On Network",-81.227380514600000,28.418864734200000,671071.839080999954604,493360.858397000003606,12/19/2019 12:36:11 PM,8536_8514
4272,4273,1,4272,53518,89220355,2019-00402415,Orlando PD,Short,10/30/2019 0:00:00,06:48 AM,Orlando,Orange,SR 408 WBO,ROSALIND AVE EXIT RAMP,500,East,Rear End,2,0,0,0,N,N,N,2000.000000000000000,Clear,Dawn,0,Rear End,W,Property Damage Only,Y,Front to Rear,Motor Vehicle in Transport,On Roadway,Non-Junction,N,Not at Intersection,State,Paved,Dry,None, , ,None, , ,N,N, , , , ,0,0,0,0,0,0,0,0,0,0,0,0,0.000000000000000,0.000000000000000,0,0,0,2000,"Mapped, On Network",-81.374349611599996,28.537074471800000,656425.779668999952264,506171.308756000013091,1/8/2020 1:08:13 PM,6737_6230
4273,4274,1,4273,53549,88140208,FHPK19OFF064251,FHP,Short,11/7/2019 0:00:00,06:23 PM,Winter Garden,Orange,SR-429 (DANIEL WEBSTER WESTERN BELTWAY),SR-91 (FLORIDA TURNPIKE),5280,North,Rear End,2,0,0,0,N,N,N,2000.000000000000000,Clear,Dark - Lighted,0,Rear End,N,Property Damage Only,N,Angle,Motor Vehicle in Transport,On Roadway,Non-Junction,Y,Not at Intersection,State,Paved,Dry,None, , ,None, , ,N,N, , , , ,0,0,0,0,0,0,0,0,0,0,0,0,0.000000000000000,0.000000000000000,0,1,0,2000,"Mapped, On Network",-81.559653715400003,28.558204891300001,638284.660600999952294,508145.770204000000376,1/9/2020 3:10:19 PM,8498_8500
4274,4275,1,4274,53558,88221965,FHPD19OFF099355,FHP,Short,10/31/2019 0:00:00,05:05 PM,Orlando Expwy Auth,Orange,SR 408 ( EAST-WEST EXPY),MM 19,100,West,Rear End,3,0,0,0,N,Y,N,6200.000000000000000,Clear,Daylight,0,Rear End,E,Property Damage Only,N,Front to Rear,Motor Vehicle in Transport,On Roadway,Non-Junction,N,Not at Intersection,Turnpike/Toll,Paved,Dry,None, , ,None, , ,N,N, , , , ,0,0,1,0,0,0,0,0,0,0,0,0,0.000000000000000,0.000000000000000,0,1,0,6200,"Mapped, On Network",-81.238178627799996,28.547099515300001,669697.383217000053264,507574.870883999974467,12/24/2019 8:45:56 AM,8009_6303
4275,4276,1,4275,53562,88240170,FHPK19OFF061676,FHP,Short,10/25/2019 0:00:00,05:20 PM,Winter Garden,Orange,SR-429,MM 23,30,North,Off Road,1,0,0,0,N,N,N,1100.000000000000000,Rain,Dusk,0,Off Road,N,Property Damage Only,N,Other,Guardrail Face,Off Roadway,Non-Junction,N,Not at Intersection,State,Paved,Wet,None, , ,None, , ,N,N, , , , ,0,0,0,0,0,0,0,0,0,0,0,0,0.000000000000000,0.000000000000000,0,0,100,1000,"Mapped, On Network",-81.559032956899998,28.553666909899999,638355.241136000026017,507643.099784000020009,12/19/2019 12:42:37 PM,8498_8500
4276,4277,1,4276,53578,88221969,FHPD19OFF100731,FHP,Long,11/5/2019 0:00:00,12:15 PM,Orlando Expwy Auth,Orange,SR 417 (CENTRAL FLORIDA GREENEWAY),MM 14,100,South,Other,1,0,0,0,N,Y,N,4500.000000000000000,Clear,Daylight,0,Single Vehicle,S,Property Damage Only,N,Other,Motor Vehicle in Transport,On Roadway,Non-Junction,N,Not at Intersection,Turnpike/Toll,Paved,Dry,None, , ,None, , ,N,N, , , , ,0,0,2,0,0,0,0,0,0,0,0,0,0.000000000000000,0.000000000000000,0,1,1000,3500,"Mapped, On Network",-81.360325535800001,28.369607038200002,658193.274005000013858,487606.477634000009857,1/8/2020 1:25:21 PM,6700_8484
4277,4278,1,4277,53579,88221966,FHPD19OFF100409,FHP,Long,11/4/2019 0:00:00,12:35 PM,Orlando Expwy Auth,Orange,SR 417 (CENTRAL FLORIDA GREENEWAY),MM27,100,South,Other,1,0,0,1,N,Y,N,6000.000000000000000,Clear,Daylight,0,Single Vehicle,N,Injury,N,Other,Motor Vehicle in Transport,On Roadway,Non-Junction,N,Not at Intersection,Turnpike/Toll,Paved,Dry,None, , ,None, , ,N,N, , , , ,0,0,0,0,0,0,0,0,1,0,0,0,1.000000000000000,0.000000000000000,0,1,500,5500,"Mapped, On Network",-81.238135375599995,28.472807151100000,669886.379241000046022,499326.415542999980971,1/8/2020 1:26:21 PM,6173_8544
4278,4279,1,4278,53631,88161591,FHPD19OFF099859,FHP,Long,11/2/2019 0:00:00,07:48 AM,Orlando Expwy Auth,Orange,SR-408 (MM19),DEAN ROAD,40,East,Sideswipe,2,0,0,0,N,N,N,2300.000000000000000,Clear,Dawn,0,Same Direction Sideswipe,W,Property Damage Only,N,"Sideswipe, Same Direction",Motor Vehicle in Transport,On Roadway,Non-Junction,N,Not at Intersection,Turnpike/Toll,Paved,Dry,None, , ,None, , ,N,Y,Work on Shoulder or Median,Before the First Work Zone Warning Sign,N,N,0,0,0,0,0,0,0,0,0,0,0,0,0.000000000000000,0.000000000000000,0,1,0,2300,"Mapped, On Network",-81.244190820100002,28.547397877600002,669109.638031000038609,507594.862696000025608,12/18/2019 1:06:59 PM,8005_8013
4279,4280,1,4279,53653,88217746,FHPD19OFF100830,FHP,Long,11/5/2019 0:00:00,05:20 PM,Orlando Expwy Auth,Orange,SR-408  (MM18),SR-417,20,West,Rear End,2,0,0,0,N,N,N,4200.000000000000000,Cloudy,Daylight,0,Rear End,E,Property Damage Only,N,Front to Rear,Motor Vehicle in Transport,On Roadway,Non-Junction,N,Not at Intersection,Turnpike/Toll,Paved,Dry,None, , ,None, , ,N,Y,Work on Shoulder or Median,Advance Warning Area,N,N,0,0,1,0,0,0,0,0,0,0,0,0,0.000000000000000,0.000000000000000,0,1,0,4200,"Mapped, On Network",-81.270531643900000,28.547009748099999,666538.786123999976553,507494.560217000020202,1/8/2020 1:27:17 PM,8412_7015
4280,4281,1,4280,53689,89219912,2019-00407243,Orlando PD,Long,11/3/2019 0:00:00,01:10 AM,Orlando,Orange,SR 408 WEST,SR 15 (S MILLS AV),1000,East,Unknown,2,0,0,2,Y,N,N,3000.000000000000000,Clear,Dark - Lighted,0,Unknown, ,Injury,Y,Angle,Motor Vehicle in Transport,On Roadway,Non-Junction,N,Not at Intersection,State,Paved,Dry,None, , ,None, , ,N,N, , , , ,0,0,0,0,0,0,0,2,0,0,0,0,0.000000000000000,0.000000000000000,0,0,0,3000,"Mapped, On Network",-81.358804120100004,28.538348243700000,657940.719471000018530,506345.157868999987841,1/9/2020 12:49:58 PM,8318_8309
4281,4282,1,4281,53719,85579107,FHPD19OFF099131,FHP,Long,10/31/2019 0:00:00,06:05 AM,Unincorporated,Orange,STATE ROAD 429 SOUTH BOUND,CLARCONA OCOEE RD EXIT RAMP,0,South,Rear End,2,0,0,2,N,N,N,8500.000000000000000,Clear,Dark - Lighted,0,Rear End,S,Injury,N,Front to Rear,Motor Vehicle in Transport,On Roadway,Non-Junction,N,Not at Intersection,State,Paved,Dry,None, , ,None, , ,N,N, , , , ,0,0,0,0,0,0,0,1,1,0,0,0,1.000000000000000,0.000000000000000,0,2,0,8500,"Mapped, On Network",-81.557320035999993,28.589941103600001,638442.689801999949850,511674.073086999997031,12/17/2019 12:20:27 PM,6089_6220
4282,4283,1,4282,53727,89219980,2019-00394426,Orlando PD,Short,10/23/2019 0:00:00,05:20 PM,Orlando,Orange,SR 408 EBO,SR 408 EB EXIT RAMP TO I4 WB,1000,West,Rear End,2,0,0,0,N,Y,N,1000.000000000000000,Clear,Daylight,0,Rear End,E,Property Damage Only,Y,Front to Rear,Motor Vehicle in Transport,On Roadway,Non-Junction,N,Not at Intersection,State,Paved,Dry,None, , ,None, , ,N,Y,Work on Shoulder or Median,Activity Area, ,N,0,0,0,0,0,0,0,0,0,0,0,0,0.000000000000000,0.000000000000000,0,0,0,1000,"Mapped, On Network",-81.390304659199998,28.535327520399999,654871.919617000035942,505944.266078000015114,12/18/2019 1:16:24 PM,8272_8254
4283,4284,1,4283,53740,89220070,2019-00403899,Orlando PD,Long,10/31/2019 0:00:00,09:04 AM,Orlando,Orange,SR 528 WEST,SR 436 (S. SEMORAN BLVD.) EXIT RAMP,1000,East,Rear End,2,0,0,3,N,N,N,19000.000000000000000,Cloudy,Daylight,0,Rear End,W,Injury,Y,Front to Rear,Motor Vehicle in Transport,On Roadway,Non-Junction,N,Not at Intersection,State,Paved,Dry,None, , ,None, , ,N,N, , , , ,0,0,1,0,0,0,0,2,1,0,0,0,1.000000000000000,0.000000000000000,0,1,0,19000,"Mapped, On Network",-81.300189999599993,28.451392706000000,663875.513244000030681,496814.486829000001308,1/8/2020 1:45:12 PM,8183_6664
4284,4285,1,4284,53746,88193356,FHPD19OFF084582,FHP,Long,9/17/2019 0:00:00,09:11 PM,Orlando Expwy Auth,Orange,STATE ROAD 417 SOUTHBOUND,MILE MARKER 36,0, ,Rear End,2,0,0,0,N,Y,N,13000.000000000000000,Clear,Dark - Lighted,0,Rear End,S,Property Damage Only,N,Front to Rear,Motor Vehicle in Transport,On Roadway,Non-Junction,N,Not at Intersection,Turnpike/Toll,Paved,Dry,Work Zone, , ,None, , ,N,Y,Lane Closure,Activity Area,Y,Y,0,0,0,0,0,0,0,0,0,0,0,0,0.000000000000000,0.000000000000000,0,1,0,13000,"Mapped, On Network",-81.254709457100006,28.588578971600001,667980.837739999988116,512144.209970000025351,11/22/2019 12:53:20 PM,8456_6789
4285,4286,1,4285,53809,89219543,2019-00387977,Orlando PD,Long,10/18/2019 0:00:00,12:21 PM,Orlando,Orange,SR 408 WEST,INTERSTATE 4 (SR 400 ENTRANCE RAMP),50,West,Rear End,2,0,0,2,N,N,N,9000.000000000000000,Cloudy,Daylight,0,Rear End,W,Injury,Y,Angle,Motor Vehicle in Transport,On Roadway,Entrance/Exit Ramp,N,Not at Intersection,State,Paved,Dry,None, , ,None, , ,N,Y,Work on Shoulder or Median,Activity Area,Y,N,0,0,0,0,0,0,0,1,1,0,0,0,0.000000000000000,0.000000000000000,0,0,0,9000,"Mapped, On Network",-81.383988904800006,28.535342923200002,655488.609438000014052,505959.045752000005450,12/18/2019 3:26:29 PM,8274_8272
4286,4287,1,4286,53859,88037645,FHPK19OFF059452,FHP,Short,10/14/2019 0:00:00,09:05 AM,Unincorporated,Orange,STATE ROAD 429(WESTERN BELTWAY) NORTH,COUNTY ROAD 535(MILE MARKER 20),5280,North,Rear End,2,0,0,0,N,N,N,7500.000000000000000,Clear,Daylight,0,Rear End,N,Property Damage Only,N,Front to Rear,Motor Vehicle in Transport,On Roadway,Non-Junction,N,Not at Intersection,Turnpike/Toll,Paved,Dry,None, , ,None, , ,N,N, , , , ,0,0,0,0,0,0,0,0,0,0,0,0,0.000000000000000,0.000000000000000,0,1,0,7500,"Mapped, On Network",-81.576843185499996,28.523599329300001,636681.946302999975160,504270.263188000011723,12/24/2019 8:37:03 AM,8462_6231
4287,4288,1,4287,53906,88203842,FHPD19OFF101012,FHP,Short,11/6/2019 0:00:00,07:50 AM,Orlando Expwy Auth,Orange,SB SR-429,OCOEE - APOPKA ROAD,5280,South,Rear End,2,0,0,0,N,N,N,5500.000000000000000,Cloudy,Daylight,0,Rear End,S,Property Damage Only,Y,Front to Rear,Motor Vehicle in Transport,On Roadway,Non-Junction,N,Not at Intersection,Turnpike/Toll,Paved,Wet,None, , ,None, , ,N,N, , , , ,0,0,0,0,0,0,0,0,0,0,0,0,0.000000000000000,0.000000000000000,0,1,0,5500,"Mapped, On Network",-81.536416137299994,28.622748806000001,640410.173111999989487,515357.406123999971896,1/8/2020 1:28:26 PM,8438_6296
4288,4289,1,4288,53907,88203841,FHPD19OFF100989,FHP,Short,11/6/2019 0:00:00,07:50 AM,Orlando Expwy Auth,Orange,SB SR-429,OCOEE-APOPKA ROAD,5280,South,Rear End,2,0,0,0,N,N,N,7000.000000000000000,Cloudy,Daylight,0,Rear End,S,Property Damage Only,Y,Front to Rear,Motor Vehicle in Transport,On Roadway,Non-Junction,N,Not at Intersection,Turnpike/Toll,Paved,Wet,None, , ,None, , ,N,N, , , , ,0,0,0,0,0,0,0,0,0,0,0,0,0.000000000000000,0.000000000000000,0,1,0,7000,"Mapped, On Network",-81.536461926000001,28.620361370400001,640411.001863999990746,515092.232932000013534,1/8/2020 1:29:01 PM,8438_6296
4289,4290,1,4289,53908,88203838,FHPD19OFF100682,FHP,Short,11/5/2019 0:00:00,07:29 AM,Orlando Expwy Auth,Orange,SB SR-429,WEST ROAD,0,East,Rear End,2,0,0,0,N,N,N,5500.000000000000000,Cloudy,Daylight,0,Rear End,S,Property Damage Only,Y,Front to Rear,Motor Vehicle in Transport,On Roadway,Non-Junction,N,Not at Intersection,Turnpike/Toll,Paved,Dry,None, , ,None, , ,N,N, , , , ,0,0,1,0,0,0,0,0,0,0,0,0,0.000000000000000,0.000000000000000,0,1,0,5500,"Mapped, On Network",-81.537967136500001,28.605484824400001,640297.114502000040375,513437.511301000020467,1/8/2020 1:30:03 PM,7012_8458
4290,4291,1,4290,53909,88201081,FHPD19OFF100538,FHP,Long,11/4/2019 0:00:00,06:13 PM,Orlando Expwy Auth,Orange,STATE RD 417,STATE RD 528,0,North,Rear End,2,0,0,0,N,N,N,150.000000000000000,Rain,Dusk,0,Rear End,N,Property Damage Only,N,Front to Rear,Motor Vehicle in Transport,On Roadway,Non-Junction,N,Not at Intersection,Turnpike/Toll,Paved,Wet,Road Surface Condition, , ,None, , ,N,N, , , , ,0,0,0,0,0,0,0,0,0,0,0,0,0.000000000000000,0.000000000000000,0,1,0,150,"Mapped, On Network",-81.231979205900004,28.459505332999999,670521.009321999968961,497863.024360999988858,1/8/2020 1:30:49 PM,8546_7092
4291,4292,1,4291,53910,88201080,FHPD19OFF100517,FHP,Long,11/4/2019 0:00:00,05:41 PM,Orlando Expwy Auth,Orange,STATE RD 528,MOSS PARK RD,5280,North,Rear End,4,0,0,0,N,N,N,12000.000000000000000,Rain,Dusk,0,Rear End,S,Property Damage Only,N,Front to Rear,Motor Vehicle in Transport,On Roadway,Non-Junction,N,Not at Intersection,Turnpike/Toll,Paved,Wet,Road Surface Condition, , ,Weather Conditions, , ,N,N, , , , ,0,0,0,0,0,0,0,0,0,0,0,0,0.000000000000000,0.000000000000000,0,4,0,12000,"Mapped, On Network",-81.227619858400004,28.421849312700001,671040.991742999991402,493691.705703000014182,1/8/2020 1:31:31 PM,8516_8536
4292,4293,1,4292,53911,88201079,FHPD19OFF098611,FHP,Long,10/29/2019 0:00:00,12:39 PM,Orlando Expwy Auth,Orange,STATE RD 528,DALLAS BLVD,0,West,Other,2,0,0,0,N,N,N,4750.000000000000000,Clear,Daylight,0,Other,E,Property Damage Only,N,Other,Other Non-Collision,On Roadway,Non-Junction,N,Not at Intersection,Turnpike/Toll,Paved,Dry,Obstruction in Roadway, , ,None, , ,N,Y,Work on Shoulder or Median,Activity Area,Y,N,0,0,0,0,0,0,0,0,0,0,0,0,0.000000000000000,0.000000000000000,0,0,1250,3500,"Mapped, On Network",-81.100364298299993,28.451451741500001,683402.557611000025645,497264.461665000009816,1/8/2020 1:31:54 PM,6488_8109
4293,4294,1,4293,53912,88221968,FHPD19OFF100629,FHP,Short,11/5/2019 0:00:00,06:25 AM,Orlando Expwy Auth,Orange,SR 408 ( EAST-WEST EXPY),MM18,100,East,Sideswipe,2,0,0,0,N,N,N,2500.000000000000000,Clear,Daylight,0,Same Direction Sideswipe,W,Property Damage Only,N,"Sideswipe, Same Direction",Motor Vehicle in Transport,On Roadway,Non-Junction,N,Not at Intersection,Turnpike/Toll,Paved,Dry,None, , ,None, , ,N,N, , , , ,0,0,0,0,0,0,0,0,0,0,0,0,0.000000000000000,0.000000000000000,0,0,0,2500,"Mapped, On Network",-81.253391447100000,28.547557510000001,668210.934542999952100,507592.541349000006448,1/8/2020 1:27:49 PM,8013_8024