FID,OBJECTID_1,Join_Count,TARGET_FID,OBJECTID,HSMV_Repor,Agency_Rep,Reporting_,Form_Type,Crash_Date,Crash_Time,City,County,Crash_Stre,Intersecti,Offset_Dis,Offset_Dir,Crash_Type,Vehicles,Non_Motori,Fatalities,Injuries,Alcohol_Re,Distractio,Drug_Relat,Estimated_,Weather_Co,Light_Cond,Street_Num,Crash_Ty_1,Crash_Ty_2,Crash_Seve,Within_Cit,Manner_of_,First_Harm,First_HE_L,First_HE_R,First_HE_W,Type_of_In,Road_Sys_I,Type_of_Sh,Road_Surf_,Contrib_Ci,Contrib__1,Contrib__2,Contrib__3,Contrib__4,Contrib__5,School_Bus,Work_Zone_,Type_of_Wo,Loc_in_Wor,Workers_in,Law_Enforc,Mopeds,Motorcycle,Passengers,Bicyclists,Pedestrian,Fataliti_1,Injuries_U,Possible_I,Non_Incapa,Incapacita,Fataliti_2,Non_Traffi,Transporte,Transpor_1,Transpor_2,Citations,Property_D,Vehicle_Dm,S4_Mapping,S4_Decimal,S4_Decim_1,S4_Albers_,S4_Albers1,S4_Mappi_1,zone_id_st
4294,4295,1,4294,53913,88161593,FHPD19OFF100520,FHP,Long,11/4/2019 0:00:00,05:47 PM,Orlando Expwy Auth,Orange,SR-417 (MM23),MOSS PARK ROAD,0,North,Rear End,2,0,0,1,N,N,N,2000.000000000000000,Cloudy,Daylight,0,Rear End,S,Injury,N,Front to Rear,Motor Vehicle in Transport,On Roadway,Non-Junction,N,Not at Intersection,Turnpike/Toll,Paved,Wet,None, , ,None, , ,N,N, , , , ,0,0,0,0,0,0,0,1,0,0,0,0,0.000000000000000,0.000000000000000,0,1,0,2000,"Mapped, On Network",-81.227370468100005,28.418462394500001,671073.825702999951318,493316.209290000027977,1/8/2020 1:40:03 PM,8536_8514
4295,4296,1,4295,53982,88203839,FHPD19OFF100661,FHP,Short,11/5/2019 0:00:00,07:15 AM,Orlando Expwy Auth,Orange,EB SR-408,SR-423,5280,West,Rear End,2,0,0,0,N,N,N,8000.000000000000000,Cloudy,Daylight,0,Rear End,E,Property Damage Only,Y,Front to Rear,Motor Vehicle in Transport,On Roadway,Non-Junction,N,Not at Intersection,Turnpike/Toll,Paved,Wet,None, , ,None, , ,N,N, , , , ,0,0,0,0,0,0,0,0,0,0,0,0,0.000000000000000,0.000000000000000,0,1,0,8000,"Mapped, On Network",-81.419208481799998,28.545525010199999,652025.786623000050895,507017.100082000019029,1/8/2020 1:32:28 PM,6011_8219
4296,4297,1,4296,53996,89217702,2019-00348786,Orlando PD,Short,9/16/2019 0:00:00,05:11 PM,Orlando,Orange,SR 528 EBO,TRADEPORT RD ENTRANCE RAMP,200,West,Rear End,2,0,0,0,N,N,N,100.000000000000000,Clear,Daylight,0,Rear End,E,Property Damage Only,Y,Front to Rear,Motor Vehicle in Transport,On Roadway,Non-Junction,N,Not at Intersection,State,Paved,Dry,None, , ,None, , ,N,N, , , , ,0,0,0,0,0,0,0,0,0,0,0,0,0.000000000000000,0.000000000000000,0,0,0,100,"Mapped, On Network",-81.328837209900001,28.451240415800001,661076.383078000042588,496736.602171999984421,11/13/2019 3:42:15 PM,8331_8341
4297,4298,1,4297,54005,89216209,2019-00348609,Orlando PD,Long,9/16/2019 0:00:00,02:50 PM,Orlando,Orange,EW WBO,S CRYSTAL LAKE DRIVE,1000,East,Rear End,2,0,0,1,N,N,N,18000.000000000000000,Cloudy,Daylight,0,Rear End,W,Injury,Y,Front to Rear,Motor Vehicle in Transport,On Roadway,Non-Junction,N,Not at Intersection,Turnpike/Toll,Curb,Wet,None, , ,None, , ,N,N, , , , ,0,0,1,0,0,0,0,1,0,0,0,0,0.000000000000000,0.000000000000000,0,0,0,18000,"Mapped, On Network",-81.340491416399999,28.538472949999999,659728.573723000008613,506397.442051000020001,11/8/2019 2:42:31 PM,8353_6185
4298,4299,1,4298,54008,88203840,FHPD19OFF100735,FHP,Long,11/5/2019 0:00:00,12:25 PM,Orlando Expwy Auth,Orange,NB SR-429,PLANT STREET,0,South,Sideswipe,2,0,0,1,N,N,N,15100.000000000000000,Clear,Daylight,0,Same Direction Sideswipe,N,Injury,Y,Front to Rear,Motor Vehicle in Transport,On Roadway,Non-Junction,N,Not at Intersection,Turnpike/Toll,Paved,Dry,None, , ,None, , ,N,N, , , , ,0,0,1,0,0,0,0,0,1,0,0,0,2.000000000000000,0.000000000000000,0,1,1600,13500,"Mapped, On Network",-81.557844522699995,28.565339518100000,638445.603220000048168,508941.452855999988969,1/8/2020 1:33:06 PM,8421_8425
4299,4300,1,4299,54014,88237534,FHPD19OFF101969,FHP,Long,11/8/2019 0:00:00,08:23 PM,Ocoee,Orange,STATE ROAD 429,WEST ROAD,10560,North,Sideswipe,2,0,0,3,N,N,N,5000.000000000000000,Rain,Dark - Lighted,0,Same Direction Sideswipe,S,Injury,N,Angle,Motor Vehicle in Transport,On Roadway,Non-Junction,N,Not at Intersection,State,Unpaved,Wet,None, , ,None, , ,N,N, , , , ,0,0,1,0,0,0,0,2,1,0,0,0,1.000000000000000,0.000000000000000,0,1,0,5000,"Mapped, On Network",-81.536380415899998,28.620995582999999,640417.548160000005737,515162.810324000020046,12/17/2019 11:52:46 AM,8438_6296
4300,4301,1,4300,54060,88240085,FHPK19OFF062771,FHP,Long,10/31/2019 0:00:00,11:45 AM,Winter Garden,Orange,STATE ROAD 429,NEW INDEPENDENCE PARKWAY,5280,North,Sideswipe,2,0,0,0,N,N,N,2000.000000000000000,Clear,Daylight,0,Same Direction Sideswipe,N,Property Damage Only,N,Angle,Motor Vehicle in Transport,On Roadway,Entrance/Exit Ramp,N,Not at Intersection,Turnpike/Toll,Paved,Dry,None, , ,None, , ,N,N, , , , ,0,0,1,0,0,0,0,0,0,0,0,0,0.000000000000000,0.000000000000000,0,2,0,2000,"Mapped, On Network",-81.630836553500004,28.481280011999999,631499.087198000052013,499468.833287000015844,12/11/2019 2:38:17 PM,8037_6764
4301,4302,1,4301,54061,85579110,FHPD19OFF099229,FHP,Long,10/31/2019 0:00:00,11:25 AM,Unincorporated,Orange,STATE ROAD 417 SOUTH BOUND,LANDSTAR ROAD EXIT RAMP,5280,North,Rear End,2,0,0,0,N,N,N,1800.000000000000000,Clear,Daylight,0,Rear End,S,Property Damage Only,N,Front to Rear,Motor Vehicle in Transport,On Roadway,Non-Junction,N,Not at Intersection,State,Curb,Dry,None, , ,None, , ,N,N, , , , ,0,0,1,0,0,0,0,0,0,0,0,0,0.000000000000000,0.000000000000000,0,1,0,1800,"Mapped, On Network",-81.338840791300001,28.368286274300001,660297.591750000021420,487504.999358000000939,12/17/2019 12:19:05 PM,6323_6700
4302,4303,1,4302,54071,89217950,2019-00394360,Orlando PD,Long,10/23/2019 0:00:00,03:50 PM,Orlando,Orange,SR 408,TAMPA AVE EXIT RAMP,500,East,Rear End,5,0,0,1,N,N,N,14800.000000000000000,Clear,Daylight,0,Rear End,E,Injury,Y,Front to Rear,Motor Vehicle in Transport,On Roadway,Non-Junction,N,Not at Intersection,State,Paved,Dry,None, , ,None, , ,N,N, , , , ,0,0,1,0,0,0,0,1,0,0,0,0,0.000000000000000,0.000000000000000,0,0,0,14800,"Mapped, On Network",-81.404056602699995,28.535668192399999,653528.259539999999106,505953.743069000018295,1/8/2020 1:13:46 PM,8169_8242
4303,4304,1,4303,54091,88161584,FHPD19OFF094205,FHP,Long,10/16/2019 0:00:00,07:06 AM,Orlando Expwy Auth,Orange,SR-528 (MM25),SR-520,26400,West,Off Road,1,0,0,0,N,N,N,1000.000000000000000,Clear,Daylight,0,Off Road,E,Property Damage Only,N,Other,Ditch,Shoulder,Non-Junction,N,Not at Intersection,Turnpike/Toll,Paved,Dry,None, , ,None, , ,N,N, , , , ,0,0,0,0,0,0,0,0,0,0,0,0,0.000000000000000,0.000000000000000,0,1,0,1000,"Mapped, On Network",-81.078405382900002,28.451721475100001,685547.652938000042923,497345.066187000018544,1/7/2020 2:46:38 PM,8109_6321
4304,4305,1,4304,54100,88127935,FHPD19OFF096783,FHP,Long,10/24/2019 0:00:00,02:45 AM,Orlando,Orange,STATE ROAD 408,DEAN RD,0, ,Rear End,2,0,0,1,N,N,N,10000.000000000000000,Clear,Dark - Lighted,0,Rear End,E,Injury,N,Front to Rear,Motor Vehicle in Transport,On Roadway,Non-Junction,Y,Not at Intersection,State,Paved,Dry,None, , ,None, , ,N,Y,Lane Closure,Activity Area,Y,N,0,0,0,0,0,0,0,1,0,0,0,0,1.000000000000000,0.000000000000000,0,0,0,10000,"Mapped, On Network",-81.244469746999997,28.547175745699999,669082.956054999958724,507569.591147999977693,12/17/2019 11:54:19 AM,6269_8009
4305,4306,1,4305,54123,89217410,2019-00389163,Orlando PD,Short,10/19/2019 0:00:00,02:32 PM,Orlando,Orange,CENTRAL FL GRNWY EBO (S.R. 417),LAKE NONA BLVD.,500,North,Rear End,2,0,0,0,N,N,N,9000.000000000000000,Clear,Daylight,0,Rear End,E,Property Damage Only,Y,Front to Rear,Motor Vehicle in Transport,On Roadway,Non-Junction,N,Not at Intersection,State,Paved,Dry,None, , ,None, , ,N,N, , , , ,0,0,3,0,0,0,0,0,0,0,0,0,0.000000000000000,0.000000000000000,0,0,0,9000,"Mapped, On Network",-81.275565079800003,28.379700680999999,666457.817865999997593,488907.489946999994572,12/11/2019 2:46:06 PM,8520_8502
4306,4307,1,4306,54129,89218006,2019-00395228,Orlando PD,Long,10/24/2019 0:00:00,08:34 AM,Orlando,Orange,SR 528 WBO,MCCOY/SAND LAKE RD EXIT RAMP,500,East,Rear End,2,0,0,1,N,N,N,500.000000000000000,Clear,Daylight,0,Rear End, ,Injury,Y,Front to Rear,Motor Vehicle in Transport,On Roadway,Non-Junction,N,Not at Intersection,State,Paved,Dry,None, , ,None, , ,N,N, , , , ,0,0,1,0,0,0,0,1,0,0,0,0,0.000000000000000,0.000000000000000,0,0,0,500,"Mapped, On Network",-81.336795042099993,28.450997112900001,660299.298323999973945,496692.765206000010949,1/8/2020 12:58:38 PM,8336_11452
4307,4308,1,4307,54158,88201064,FHPD19OFF093878,FHP,Short,10/15/2019 0:00:00,06:10 AM,Orlando Expwy Auth,Orange,STATE RD 417,NARCOOSSEE RD,0,South,Sideswipe,2,0,0,0,N,N,N,1750.000000000000000,Clear,Dark - Lighted,0,Same Direction Sideswipe,N,Property Damage Only,N,"Sideswipe, Same Direction",Motor Vehicle in Transport,On Roadway,Non-Junction,N,Not at Intersection,Turnpike/Toll,Paved,Dry,None, , ,None, , ,N,N, , , , ,0,0,0,0,0,0,0,0,0,0,0,0,0.000000000000000,0.000000000000000,0,1,0,1750,"Mapped, On Network",-81.249398751300006,28.397283747399999,668972.987095999997109,490916.533641999994870,12/19/2019 1:03:52 PM,5900_8512
4308,4309,1,4308,54159,88201061,FHPD19OFF093290,FHP,Long,10/13/2019 0:00:00,08:51 AM,Orlando Expwy Auth,Orange,STATE RD 417,BOGGY CREEK RD,5280,South,Sideswipe,2,0,0,0,N,N,N,20.000000000000000,Clear,Daylight,0,Same Direction Sideswipe,N,Property Damage Only,N,"Sideswipe, Same Direction",Motor Vehicle in Transport,On Roadway,Non-Junction,N,Not at Intersection,Turnpike/Toll,Paved,Dry,None, , ,None, , ,N,N, , , , ,0,0,2,0,0,0,0,0,0,0,0,0,0.000000000000000,0.000000000000000,0,0,0,20,"Mapped, On Network",-81.327458502499994,28.367269536100000,661413.207553999964148,487416.187815000012051,12/19/2019 1:04:43 PM,6324_6854
4309,4310,1,4309,54160,88201060,FHPD19OFF093273,FHP,Long,10/13/2019 0:00:00,04:56 AM,Orlando Expwy Auth,Orange,STATE RD 429,WEST RD,5280,North,Other,1,0,0,0,N,N,N,10000.000000000000000,Clear,Dark - Lighted,0,Single Vehicle,S,Property Damage Only,N,Other,Other Non-Collision,On Roadway,Non-Junction,N,Not at Intersection,Turnpike/Toll,Paved,Dry,Obstruction in Roadway, , ,None, , ,N,N, , , , ,0,0,0,0,0,0,0,0,0,0,0,0,0.000000000000000,0.000000000000000,0,0,3000,7000,"Mapped, On Network",-81.537903210799996,28.605809807899998,640302.632345000049099,513473.719801999977790,12/19/2019 1:05:11 PM,7012_8458
4310,4311,1,4310,54161,88201055,FHPD19OFF091446,FHP,Long,10/8/2019 0:00:00,08:53 AM,Orlando Expwy Auth,Orange,STATE RD 408,PINE HILLS RD,5280,East,Rear End,2,0,0,0,N,N,N,1100.000000000000000,Clear,Daylight,0,Rear End,E,Property Damage Only,N,Front to Rear,Motor Vehicle in Transport,On Roadway,Non-Junction,N,Not at Intersection,Turnpike/Toll,Paved,Dry,None, , ,None, , ,N,N, , , , ,0,0,0,0,0,0,0,0,0,0,0,0,0.000000000000000,0.000000000000000,0,1,0,1100,"Mapped, On Network",-81.439063419700005,28.548264218700002,650080.826203000033274,507280.816714000015054,12/19/2019 1:05:42 PM,6294_5905
4311,4312,1,4311,54173,89218033,2019-00389054,Orlando PD,Long,10/19/2019 0:00:00,12:05 PM,Orlando,Orange,S.R 408 WESTBOUND,SR 400 (INTERSTATE 4),0, ,Other,1,0,0,0,N,N,N,4000.000000000000000,Cloudy,Daylight,0,Single Vehicle,E,Property Damage Only,Y,Other,Motor Vehicle in Transport,On Roadway,Non-Junction,N,Not at Intersection,State,Paved,Wet,None, , ,None, , ,N,N, , , , ,0,0,0,0,0,0,0,0,0,0,0,0,0.000000000000000,0.000000000000000,0,0,0,4000,"Mapped, On Network",-81.383804503299999,28.535134797000001,655507.106352000031620,505936.319374000013340,1/7/2020 1:24:30 PM,6679_6276
4312,4313,1,4312,54199,89220059,2019-00399336,Orlando PD,Long,10/28/2019 0:00:00,10:10 PM,Orlando,Orange,SR-408 EBO,LAKE UNDERHILL RD,500,West,Rear End,2,0,0,0,N,N,N,2000.000000000000000,Clear,Dark - Lighted,0,Rear End, ,Property Damage Only,Y,Front to Rear,Motor Vehicle in Transport,On Roadway,Non-Junction,N,Not at Intersection,State,Paved,Dry,None, , ,None, , ,N,N, , , , ,0,0,0,0,0,0,0,0,0,0,0,0,0.000000000000000,0.000000000000000,0,0,0,2000,"Mapped, On Network",-81.305686716500006,28.539467551700000,663124.662763000000268,506581.658346000011079,1/8/2020 12:57:28 PM,6218_6235
4313,4314,1,4313,54222,88201086,FHPD19OFF103132,FHP,Long,11/12/2019 0:00:00,05:31 PM,Orlando Expwy Auth,Orange,STATE RD 417,STATE RD 423,100,South,Rear End,2,0,0,0,N,N,N,7500.000000000000000,Clear,Dusk,0,Rear End,N,Property Damage Only,N,Front to Rear,Motor Vehicle in Transport,On Roadway,Non-Junction,N,Not at Intersection,Turnpike/Toll,Paved,Dry,None, , ,None, , ,N,N, , , , ,0,0,0,0,0,0,0,0,0,0,0,0,0.000000000000000,0.000000000000000,0,1,0,7500,"Mapped, On Network",-81.430340033400000,28.368806715200002,651347.834686000016518,487372.964558999985456,11/16/2019 11:54:37 AM,6959_8287
4314,4315,1,4314,54225,88201062,FHPD19OFF093523,FHP,Short,10/14/2019 0:00:00,07:01 AM,Orlando Expwy Auth,Orange,STATE RD 408,DEAN RD,25,East,Rear End,2,0,0,0,N,N,N,6500.000000000000000,Clear,Daylight,0,Rear End,W,Property Damage Only,N,Front to Rear,Motor Vehicle in Transport,On Roadway,Non-Junction,N,Not at Intersection,Turnpike/Toll,Paved,Dry,None, , ,None, , ,N,Y,Work on Shoulder or Median,Activity Area,Y,N,0,0,0,0,0,0,0,0,0,0,0,0,0.000000000000000,0.000000000000000,0,1,0,6500,"Mapped, On Network",-81.244211032199999,28.547383279200002,669107.700840999954380,507593.197761000017636,12/19/2019 1:04:13 PM,8005_8013
4315,4316,1,4315,54241,87294196,FHPD19OFF078111,FHP,Long,8/28/2019 0:00:00,09:45 AM,Orlando,Orange,STATE ROAD 417 (CENTRAL FL GREENEWAY),DOWDEN ROAD,200,South,Unknown,2,0,0,1,N,N,N,40000.000000000000000,Rain,Daylight,0,Unknown, ,Injury,N,Angle,Other Non-Collision,Shoulder,Non-Junction,N,Not at Intersection,Turnpike/Toll,Paved,Wet,Road Surface Condition, , ,Weather Conditions, , ,N,N, , , , ,0,0,0,0,0,0,0,0,1,0,0,0,1.000000000000000,0.000000000000000,0,1,0,40000,"Mapped, On Network",-81.228063256599995,28.427120823399999,670984.491658000042662,494276.019311000010930,11/8/2019 2:02:52 AM,8538_6642
4316,4317,1,4316,54252,89217967,2019-00345007,Orlando PD,Long,9/13/2019 0:00:00,11:37 AM,Orlando,Orange,SR 528 WEST,GOLDENROD ROAD EXIT RAMP,1500,West,Unknown,2,0,0,1,N,N,N,7000.000000000000000,Cloudy,Daylight,0,Unknown, ,Injury,Y,Angle,Motor Vehicle in Transport,On Roadway,Non-Junction,N,Not at Intersection,State,Paved,Dry,None, , ,None, , ,N,N, , , , ,0,0,0,0,0,0,0,1,0,0,0,0,0.000000000000000,0.000000000000000,0,1,0,7000,"Mapped, On Network",-81.293595610300002,28.450405026599999,664522.343081000028178,496718.953359999984968,11/13/2019 3:31:26 PM,8183_6664
4317,4318,1,4317,54282,88243533,FHPD19OFF103467,FHP,Long,11/13/2019 0:00:00,07:23 PM,Orlando Expwy Auth,Orange,STATE ROAD 408 WESTBOUND,MILE MARKER 18,0, ,Off Road,1,0,0,0,N,Y,N,12500.000000000000000,Clear,Dark - Lighted,0,Off Road,W,Property Damage Only,N,Other,Guardrail Face,Off Roadway,Non-Junction,N,Not at Intersection,Turnpike/Toll,Paved,Dry,None, , ,None, , ,N,N, , , , ,0,0,0,0,0,0,0,0,0,0,0,0,0.000000000000000,0.000000000000000,0,1,500,12000,"Mapped, On Network",-81.252206169900006,28.547502711500002,668326.795283999992535,507589.035718000028282,1/9/2020 12:15:53 PM,8013_8024
4318,4319,1,4318,54298,88135029,FHPK19OFF060728,FHP,Long,10/20/2019 0:00:00,09:36 PM,Winter Garden,Orange,STATE ROAD 429,TILDEN ROAD,50,North,Rear End,3,0,0,0,N,N,N,11500.000000000000000,Cloudy,Dark - Lighted,0,Rear End,N,Property Damage Only,N,Front to Rear,Motor Vehicle in Transport,On Roadway,Non-Junction,N,Not at Intersection,Turnpike/Toll,Paved,Dry,None, , ,None, , ,N,Y,Lane Closure,Activity Area,Y,N,0,0,0,0,0,0,0,0,0,0,0,0,0.000000000000000,0.000000000000000,0,2,0,11500,"Mapped, On Network",-81.610425030800002,28.506761369399999,633438.485157000017352,502336.648574999999255,10/28/2019 10:01:39 AM,6186_6858
4319,4320,1,4319,54317,89219235,2019-00384710,Orlando PD,Long,10/15/2019 0:00:00,06:31 PM,Orlando,Orange,SR 408 EBO,S MILLS AVE EXIT RAMP,200,East,Unknown,2,0,0,0,N,N,N,1000.000000000000000,Clear,Daylight,0,Unknown, ,Property Damage Only,Y,Angle,Motor Vehicle in Transport,On Roadway,Non-Junction,N,Not at Intersection,State,Paved,Dry,None, , ,None, , ,N,N, , , , ,0,0,0,0,0,0,0,0,0,0,0,0,0.000000000000000,0.000000000000000,0,0,0,1000,"Mapped, On Network",-81.367416488399996,28.537061283700002,657102.809588999953121,506184.280570000002626,12/12/2019 11:07:22 AM,8305_8315
4320,4321,1,4320,54376,89118449,2019TA013448,Apopka PD,Long,10/11/2019 0:00:00,04:39 PM,Apopka,Orange,SR 429-TOLL,OCOEE APOKA RD,0,South,Other,1,0,0,0,N,N,N,8000.000000000000000,Clear,Daylight,0,Single Vehicle,S,Property Damage Only,Y, ,Other Non-Collision,Median,Through Roadway,N,Other,Turnpike/Toll,Unpaved,Dry,Other, , ,None, , ,N,N, , , , ,0,0,0,0,0,0,0,0,0,0,0,0,0.000000000000000,0.000000000000000,0,0,0,8000,"Mapped, On Network",-81.553112615200007,28.598025279100000,638835.530753999948502,512579.829943999997340,12/24/2019 8:21:26 AM,6248_5993
4321,4322,1,4321,54422,88121475,FHPK19OFF063867,FHP,Short,11/5/2019 0:00:00,09:07 PM,Winter Garden,Orange,STATE ROAD 429 (WESTERN BELTWAY),MILE MARKER 21,5280,South,Rear End,2,0,0,0,N,N,N,1500.000000000000000,Rain,Dark - Lighted,0,Rear End,N,Property Damage Only,N,"Sideswipe, Same Direction",Motor Vehicle in Transport,On Roadway,Non-Junction,N,Not at Intersection,Turnpike/Toll,Paved,Wet,None, , ,None, , ,N,N, , , , ,0,0,0,0,0,0,0,0,0,0,0,0,0.000000000000000,0.000000000000000,0,0,0,1500,"Mapped, On Network",-81.568857903600005,28.527560180100000,637453.136581999948248,504725.405559999984689,1/23/2020 3:33:48 PM,6231_8470
4322,4323,1,4322,54459,89218675,2019-00378386,Orlando PD,Long,10/10/2019 0:00:00,12:48 PM,Orlando,Orange,EAST-WEST EXPRESSWAY (SR 408),ANDES AVE,5280,West,Rear End,3,0,0,0,N,N,N,5000.000000000000000,Cloudy,Daylight,0,Rear End,W,Property Damage Only,Y,Front to Rear,Motor Vehicle in Transport,On Roadway,Non-Junction,N,Not at Intersection,State,Paved,Dry,None, , ,None, , ,N,N, , , , ,0,0,1,0,0,0,0,0,0,0,0,0,0.000000000000000,0.000000000000000,0,1,0,5000,"Mapped, On Network",-81.320575221300004,28.539850107600000,661669.968689000001177,506592.452507000009064,12/16/2019 4:24:07 PM,8188_6226
4323,4324,1,4323,54470,88196335,FHPD19OFF098414,FHP,Long,10/28/2019 0:00:00,06:03 PM,Orlando Expwy Auth,Orange,STATE ROAD 417 NB MM7,HUNTERS VISTA BLVD,0,South,Rear End,2,0,0,1,N,N,N,2000.000000000000000,Clear,Daylight,0,Rear End,N,Injury,Y,Front to Rear,Motor Vehicle in Transport,On Roadway,Non-Junction,N,Not at Intersection,Turnpike/Toll,Paved,Dry,None, , ,None, , ,N,N, , , , ,0,0,0,0,0,0,0,0,1,0,0,0,1.000000000000000,0.000000000000000,0,1,0,2000,"Mapped, On Network",-81.452434454100000,28.356967957399998,649214.167561999987811,486013.629845999996178,12/17/2019 1:37:06 PM,6916_6959
4324,4325,1,4324,54471,88203837,FHPD19OFF098546,FHP,Long,10/29/2019 0:00:00,08:12 AM,Orlando Expwy Auth,Orange,EB SR-408,SR-423,5280,West,Rear End,2,0,0,1,N,N,N,15000.000000000000000,Cloudy,Daylight,0,Rear End,E,Injury,Y,Front to Rear,Motor Vehicle in Transport,On Roadway,Non-Junction,N,Not at Intersection,Turnpike/Toll,Paved,Dry,None, , ,None, , ,N,N, , , , ,0,0,0,0,0,0,0,0,1,0,0,0,1.000000000000000,0.000000000000000,0,1,0,15000,"Mapped, On Network",-81.421914916099993,28.545738754100000,651761.033556999987923,507035.303974999987986,11/22/2019 1:45:07 PM,8237_6011
4325,4326,1,4325,54504,89220425,2019-00403701,Orlando PD,Long,10/31/2019 0:00:00,06:05 AM,Orlando,Orange,SR 528 WBO,SR 436 (S SEMORAN ON RAMP),100,West,Sideswipe,2,0,0,0,N,N,N,2000.000000000000000,Clear,Dark - Lighted,0,Same Direction Sideswipe,W,Property Damage Only,Y,Angle,Motor Vehicle in Transport,On Roadway,Non-Junction,N,Not at Intersection,State,Paved,Dry,None, , ,None, , ,Y,N, , , , ,0,0,0,0,0,0,0,0,0,0,0,0,0.000000000000000,0.000000000000000,0,0,0,2000,"Mapped, On Network",-81.314539904699998,28.451554739799999,662472.804802000056952,496801.852279999991879,1/9/2020 12:44:58 PM,6602_7054
4326,4327,1,4326,54542,88201071,FHPD19OFF097151,FHP,Short,10/25/2019 0:00:00,07:57 AM,Orlando Expwy Auth,Orange,STATE RD 417,DOWDEN RD,400,South,Rear End,2,0,0,0,N,N,N,1500.000000000000000,Clear,Daylight,0,Rear End,N,Property Damage Only,N,Front to Rear,Motor Vehicle in Transport,On Roadway,Non-Junction,N,Not at Intersection,Turnpike/Toll,Paved,Dry,None, , ,None, , ,N,N, , , , ,0,0,0,0,0,0,0,0,0,0,0,0,0.000000000000000,0.000000000000000,0,1,0,1500,"Mapped, On Network",-81.228017969099994,28.426728267300000,670989.898135000024922,494232.533903000003193,1/7/2020 2:48:54 PM,8538_6642
4327,4328,1,4327,54544,88193377,FHPD19OFF096722,FHP,Short,10/23/2019 0:00:00,06:38 PM,Orlando Expwy Auth,Orange,STATE ROAD 417 NORTHBOUND,MILE MARKER 24,0, ,Rear End,2,0,0,0,N,Y,N,9000.000000000000000,Clear,Dusk,0,Rear End,N,Property Damage Only,N,Front to Rear,Motor Vehicle in Transport,On Roadway,Non-Junction,N,Not at Intersection,Turnpike/Toll,Paved,Dry,None, , ,None, , ,N,N, , , , ,0,0,2,0,0,0,0,0,0,0,0,0,0.000000000000000,0.000000000000000,0,2,0,9000,"Mapped, On Network",-81.227173275799998,28.420167058400001,671088.844976000022143,493505.909125000005588,1/7/2020 4:02:41 PM,8533_8540
4328,4329,1,4328,54555,89213977,2019-00346773,Orlando PD,Long,9/14/2019 0:00:00,11:03 PM,Orlando,Orange,S.R. 408,MILLS AVE,0, ,Off Road,1,0,0,1,N,N,N,6000.000000000000000,Rain,Dark - Lighted,0,Off Road,E,Injury,Y,Angle,Concrete Traffic Barrier,Shoulder,Non-Junction,N,Not at Intersection,State,Paved,Wet,None, , ,None, , ,N,N, , , , ,0,0,0,0,0,0,0,1,0,0,0,0,1.000000000000000,0.000000000000000,0,0,0,6000,"Mapped, On Network",-81.364402721299996,28.537117331299999,657396.961651999969035,506196.790668000001460,11/13/2019 3:14:51 PM,8305_8315
4329,4330,1,4329,54565,88242326,FHPD19OFF103240,FHP,Long,11/13/2019 0:00:00,06:57 AM,Orlando Expwy Auth,Orange,STATE ROAD 417 SB,UNIVERSITY BLVD,0,North,Rear End,3,0,0,0,N,N,N,5500.000000000000000,Clear,Daylight,0,Rear End,S,Property Damage Only,Y,Front to Rear,Motor Vehicle in Transport,On Roadway,Non-Junction,N,Not at Intersection,Turnpike/Toll,Paved,Dry,None, , ,None, , ,N,Y,Work on Shoulder or Median,Activity Area,N,N,0,0,0,0,0,0,0,0,0,0,0,0,0.000000000000000,0.000000000000000,0,1,0,5500,"Mapped, On Network",-81.256347960200003,28.606813492299999,667775.870192999951541,514165.189743999973871,1/19/2020 2:05:41 PM,6052_8088
4330,4331,1,4330,54567,89118561,2019TA014658,Apopka PD,Long,11/5/2019 0:00:00,07:38 AM,Apopka,Orange,SR-429-TOLL,OCOEE APOPKA RD,200,North,Rear End,2,0,0,1,N,Y,N,2100.000000000000000,Clear,Daylight,0,Rear End,S,Injury,Y,Front to Rear,Motor Vehicle in Transport,On Roadway,Acceleration/Deceleration Lane,N,Not at Intersection,Turnpike/Toll,Paved,Dry,None, , ,None, , ,N,N, , , , ,0,0,0,0,0,0,0,1,0,0,0,0,0.000000000000000,0.000000000000000,0,1,0,2100,"Mapped, On Network",-81.544292295800005,28.640084215500000,639603.339733000029810,517266.877030999981798,11/8/2019 3:39:55 PM,6255_8434
4331,4332,1,4331,54609,88221960,FHPD19OFF097341,FHP,Short,10/25/2019 0:00:00,03:45 PM,Orlando Expwy Auth,Orange,SR-429,MM24,100,South,Rear End,2,0,0,0,N,Y,N,5000.000000000000000,Rain,Daylight,0,Rear End,N,Property Damage Only,N,Front to Rear,Motor Vehicle in Transport,On Roadway,Non-Junction,N,Not at Intersection,Turnpike/Toll,Paved,Wet,None, , ,None, , ,N,N, , , , ,0,0,1,0,0,0,0,0,0,0,0,0,0.000000000000000,0.000000000000000,0,1,0,5000,"Mapped, On Network",-81.557186291500003,28.566997173699999,638506.216213000006974,509126.781675999984145,1/7/2020 2:37:39 PM,8421_8425
4332,4333,1,4332,54610,88221959,FHPD19OFF097031,FHP,Short,10/24/2019 0:00:00,06:15 PM,Orlando Expwy Auth,Orange,SR 417 (CENTRAL FLORIDA GREENEWAY),MM16,100,North,Rear End,2,0,0,0,N,Y,N,6000.000000000000000,Clear,Dark - Lighted,0,Rear End,S,Property Damage Only,N,Front to Rear,Motor Vehicle in Transport,On Roadway,Non-Junction,N,Not at Intersection,Turnpike/Toll,Paved,Dry,None, , ,None, , ,N,N, , , , ,0,0,1,0,0,0,0,0,0,0,0,0,0.000000000000000,0.000000000000000,0,1,0,6000,"Mapped, On Network",-81.324917902699994,28.367305798099999,661661.588636999949813,487425.602361999975983,1/7/2020 1:50:04 PM,6618_6299