FID,OBJECTID_1,Join_Count,TARGET_FID,OBJECTID,HSMV_Repor,Agency_Rep,Reporting_,Form_Type,Crash_Date,Crash_Time,City,County,Crash_Stre,Intersecti,Offset_Dis,Offset_Dir,Crash_Type,Vehicles,Non_Motori,Fatalities,Injuries,Alcohol_Re,Distractio,Drug_Relat,Estimated_,Weather_Co,Light_Cond,Street_Num,Crash_Ty_1,Crash_Ty_2,Crash_Seve,Within_Cit,Manner_of_,First_Harm,First_HE_L,First_HE_R,First_HE_W,Type_of_In,Road_Sys_I,Type_of_Sh,Road_Surf_,Contrib_Ci,Contrib__1,Contrib__2,Contrib__3,Contrib__4,Contrib__5,School_Bus,Work_Zone_,Type_of_Wo,Loc_in_Wor,Workers_in,Law_Enforc,Mopeds,Motorcycle,Passengers,Bicyclists,Pedestrian,Fataliti_1,Injuries_U,Possible_I,Non_Incapa,Incapacita,Fataliti_2,Non_Traffi,Transporte,Transpor_1,Transpor_2,Citations,Property_D,Vehicle_Dm,S4_Mapping,S4_Decimal,S4_Decim_1,S4_Albers_,S4_Albers1,S4_Mappi_1,zone_id_st
4333,4334,1,4333,54612,88196327,FHPD19OFF095795,FHP,Long,10/20/2019 0:00:00,08:45 PM,Orlando Expwy Auth,Orange,STATE ROAD 408 EB MM18,STATE ROAD 551,400,East,Rear End,3,0,0,0,N,N,N,6500.000000000000000,Clear,Dark - Lighted,0,Rear End,E,Property Damage Only,Y,Front to Rear,Motor Vehicle in Transport,On Roadway,Non-Junction,N,Not at Intersection,Turnpike/Toll,Paved,Dry,None, , ,None, , ,N,N, , , , ,0,0,0,0,0,0,0,0,0,0,0,0,0.000000000000000,0.000000000000000,0,1,0,6500,"Mapped, On Network",-81.282790373799997,28.541805063999998,665354.622806000057608,506890.252832999976818,1/7/2020 4:03:09 PM,8408_8412
4334,4335,1,4334,54613,88221958,FHPD19OFF096490,FHP,Short,10/23/2019 0:00:00,07:05 AM,Orlando Expwy Auth,Orange,SR 408,MM5,200,West,Rear End,2,0,0,0,N,Y,N,1800.000000000000000,Clear,Daylight,0,Rear End,E,Property Damage Only,N,Front to Rear,Motor Vehicle in Transport,On Roadway,Non-Junction,N,Not at Intersection,Turnpike/Toll,Paved,Dry,None, , ,None, , ,N,N, , , , ,0,0,0,0,0,0,0,0,0,0,0,0,0.000000000000000,0.000000000000000,0,1,0,1800,"Mapped, On Network",-81.443582150200001,28.548214597000001,649639.740208999952301,507266.151253000018187,1/7/2020 1:41:40 PM,8205_6294
4335,4336,1,4335,54614,88221962,FHPD19OFF097497,FHP,Short,10/25/2019 0:00:00,08:15 PM,Orlando Expwy Auth,Orange,SR 408 (EAST-WEST EXPY),MM2,100,East,Sideswipe,2,0,0,0,N,Y,N,3100.000000000000000,Rain,Daylight,0,Same Direction Sideswipe,W,Property Damage Only,N,"Sideswipe, Same Direction",Motor Vehicle in Transport,On Roadway,Non-Junction,N,Not at Intersection,Turnpike/Toll,Paved,Wet,None, , ,None, , ,N,N, , , , ,0,0,0,0,0,0,0,0,0,0,0,0,0.000000000000000,0.000000000000000,0,2,0,3100,"Mapped, On Network",-81.505610007000001,28.546136818800001,643588.089310999959707,506911.402138000004925,1/7/2020 1:45:16 PM,8156_8150
4336,4337,1,4336,54617,88193378,FHPD19OFF097350,FHP,Short,10/25/2019 0:00:00,04:01 PM,Orlando Expwy Auth,Orange,STATE ROAD 408 EASTBOUND,MILE MARKER 18,0, ,Sideswipe,2,0,0,0,N,Y,N,7000.000000000000000,Clear,Daylight,0,Same Direction Sideswipe,E,Property Damage Only,N,"Sideswipe, Same Direction",Motor Vehicle in Transport,On Roadway,Non-Junction,N,Not at Intersection,Turnpike/Toll,Paved,Wet,None, , ,None, , ,N,N, , , , ,0,0,0,0,0,0,0,0,0,0,0,0,0.000000000000000,0.000000000000000,0,2,0,7000,"Mapped, On Network",-81.253245886700000,28.547297216699999,668225.790238999994472,507563.958042000012938,1/8/2020 12:44:05 PM,8027_6269
4337,4338,1,4337,54618,88196326,FHPD19OFF095508,FHP,Short,10/19/2019 0:00:00,09:00 PM,Orlando Expwy Auth,Orange,STATE ROAD 417 SB MM34,STATE ROAD 50,200,North,Off Road,1,0,0,0,N,N,N,1300.000000000000000,Cloudy,Dark - Lighted,0,Off Road,S,Property Damage Only,Y,Other,Guardrail Face,Shoulder,Non-Junction,N,Not at Intersection,Turnpike/Toll,Paved,Wet,Road Surface Condition, , ,None, , ,N,N, , , , ,0,0,0,0,0,0,0,0,0,0,0,0,0.000000000000000,0.000000000000000,0,0,300,1000,"Mapped, On Network",-81.265156927899994,28.572849258600002,666999.916643999982625,510375.107774999982212,1/8/2020 12:45:54 PM,8563_8572
4338,4339,1,4338,54620,88221957,FHPD19OFF096476,FHP,Short,10/23/2019 0:00:00,06:05 AM,Orlando Expwy Auth,Orange,SR 408,MM 2,200,West,Sideswipe,2,0,0,0,N,Y,N,2000.000000000000000,Clear,Dark - Lighted,0,Same Direction Sideswipe,E,Property Damage Only,N,"Sideswipe, Same Direction",Motor Vehicle in Transport,On Roadway,Non-Junction,N,Not at Intersection,Turnpike/Toll,Paved,Dry,None, , ,None, , ,N,N, , , , ,0,0,0,0,0,0,0,0,0,0,0,0,0.000000000000000,0.000000000000000,0,1,0,2000,"Mapped, On Network",-81.505579432399998,28.545872711499999,643591.667919000028633,506882.137884000025224,1/7/2020 1:34:39 PM,8114_8152
4339,4340,1,4339,54658,88055032,FHPD19OFF059299,FHP,Long,6/30/2019 0:00:00,09:26 PM,Orlando,Orange,STATE ROAD-408 EB,HIAWASSEE ROAD,300,East,Off Road,1,0,0,1,N,N,N,3300.000000000000000,Rain,Dark - Lighted,0,Off Road,E,Injury,N,Other,Guardrail Face,Shoulder,Non-Junction,N,Not at Intersection,State,Paved,Wet,None, , ,None, , ,N,N, , , , ,0,0,0,0,0,0,0,0,1,0,0,0,0.000000000000000,0.000000000000000,0,1,800,2500,"Mapped, On Network",-81.474723041299995,28.548308429100000,646598.979083999991417,507213.911470999999437,11/26/2019 10:45:16 AM,8144_8146
4340,4341,1,4340,54665,89219393,2019-00411046,Orlando PD,Long,11/6/2019 0:00:00,08:42 AM,Orlando,Orange,STATE ROAD 408,INTERSTATE  4,100,East,Sideswipe,2,0,0,0,N,N,N,1000.000000000000000,Clear,Daylight,0,Same Direction Sideswipe, ,Property Damage Only,Y,"Sideswipe, Same Direction",Motor Vehicle in Transport,On Roadway,Non-Junction,N,Not at Intersection,State,Paved,Dry,None, , ,None, , ,N,N, , , , ,0,0,0,0,0,0,0,0,0,0,0,0,0.000000000000000,0.000000000000000,0,0,0,1000,"Mapped, On Network",-81.377577585799997,28.535952183399999,656113.227747000055388,506039.991938000021037,1/9/2020 3:47:02 PM,6679_6276
4341,4342,1,4341,54700,83751486,FHPD19OFF087525,FHP,Long,9/27/2019 0:00:00,05:50 AM,Orlando,Orange,SR 408 EASTBOUND (EAST WEST EXPRESSWAY),SR 15 (S. CONWAY RD),1000,West,Other,2,0,1,0,N,N,N,52500.000000000000000,Clear,Dark - Lighted,0,Parked Vehicle,E,Fatality,Y,Front to Rear,Parked Motor Vehicle,On Roadway,Non-Junction,N,Not at Intersection,Turnpike/Toll,Paved,Dry,None, , ,Unknown, , ,N,Y,Work on Shoulder or Median,Advance Warning Area,Y,N,0,0,0,0,0,0,0,0,0,0,1,0,0.000000000000000,0.000000000000000,1,0,2500,50000,"Mapped, On Network",-81.337585919700004,28.538231906299998,660012.859435999998823,506376.801954999973532,10/31/2019 10:29:30 AM,6227_8355
4342,4343,1,4342,54701,88221977,FHPD19OFF102599,FHP,Long,11/10/2019 0:00:00,11:15 PM,Orlando Expwy Auth,Orange,SR  417 (CENTRAL FLORIDA GREENEWAY),MM33,100,South,Rollover,1,0,0,1,N,N,N,3500.000000000000000,Clear,Dark - Not Lighted,0,Rollover,S,Injury,N,Other,Overturn/Rollover,On Roadway,Non-Junction,N,Not at Intersection,Turnpike/Toll,Paved,Dry,None, , ,None, , ,N,Y,Lane Closure,Transition Area,Y,Y,0,0,0,0,0,0,0,1,0,0,0,0,1.000000000000000,0.000000000000000,0,0,0,3500,"Mapped, On Network",-81.262668644900003,28.551627622900000,667295.116792000015266,508024.295570000016596,11/16/2019 11:47:03 AM,8453_8568
4343,4344,1,4343,54716,88245031,FHPD19OFF102072,FHP,Long,11/9/2019 0:00:00,02:21 AM,Orlando,Orange,SR408,KRKMAN RD.,100,East,Off Road,1,0,0,0,N,Y,N,5000.000000000000000,Rain,Dark - Lighted,0,Off Road,E,Property Damage Only,N,Other,Other Fixed Object,Median,Non-Junction,N,Not at Intersection,State,Paved,Wet,None, , ,None, , ,N,N, , , , ,0,0,0,0,0,0,0,0,0,0,0,0,0.000000000000000,0.000000000000000,0,0,0,5000,"Mapped, On Network",-81.452837080400002,28.548204329400001,648736.128548000007868,507246.309300999972038,1/9/2020 3:02:30 PM,8205_6294
4344,4345,1,4344,54745,88201068,FHPD19OFF095636,FHP,Short,10/20/2019 0:00:00,11:37 AM,Orlando Expwy Auth,Orange,STATE RD 528,STATE RD 417,50,West,Other,2,0,0,0,N,N,N,1100.000000000000000,Clear,Daylight,0,Other,W,Property Damage Only,N,Other,Other Non-Collision,On Roadway,Non-Junction,N,Not at Intersection,Turnpike/Toll,Paved,Dry,None, , ,None, , ,N,N, , , , ,0,0,1,0,0,0,0,0,0,0,0,0,0.000000000000000,0.000000000000000,0,0,0,1100,"Mapped, On Network",-81.240177050800000,28.451457957700001,669739.960945000057109,496951.577930000028573,1/7/2020 3:06:07 PM,8007_6663
4345,4346,1,4345,54763,84505763,FHPD19OFF098529,FHP,Long,10/29/2019 0:00:00,07:25 AM,Orlando,Orange,STATE ROAD 408 (EAST-WEST EXPY),GOLDENROD ROAD (SR 551),100,West,Rear End,2,0,0,2,N,N,N,4500.000000000000000,Clear,Daylight,0,Rear End,W,Injury,N,Front to Rear,Motor Vehicle in Transport,On Roadway,Non-Junction,N,Not at Intersection,Turnpike/Toll,Paved,Dry,None, , ,None, , ,N,N, , , , ,0,0,0,0,0,0,0,2,0,0,0,0,0.000000000000000,0.000000000000000,0,1,0,4500,"Mapped, On Network",-81.287154274700001,28.540298619700000,664932.206200000015087,506713.610922999971081,12/12/2019 11:55:19 AM,8406_8427
4346,4347,1,4346,54772,88226103,FHPK19OFF064514,FHP,Long,11/9/2019 0:00:00,12:00 AM,Winter Garden,Orange,STATE ROAD 429 (DANIEL WEBSTER WESTERN BTWY,STATE ROAD 91 (FLORIDAS TURNPIKE),5280,South,Off Road,1,0,0,0,N,N,N,10000.000000000000000,Rain,Dusk,0,Off Road,N,Property Damage Only,N,Other,Utility Pole/Light Support,Shoulder,Non-Junction,N,Not at Intersection,State,Paved,Wet,None, , ,Weather Conditions, , ,N,N, , , , ,0,0,1,0,0,0,0,0,0,0,0,0,0.000000000000000,0.000000000000000,0,0,0,10000,"Mapped, On Network",-81.561809664500004,28.530013519200001,638136.071901999996044,505011.401898999989498,1/19/2020 2:38:59 PM,6231_8470
4347,4348,1,4347,54774,85579112,FHPD19OFF103333,FHP,Long,11/13/2019 0:00:00,12:22 PM,Unincorporated,Orange,STATE ROAD 417 NORTH BOUND EXIT RAMP,MOSS PARK ROAD,20,South,Rear End,2,0,0,1,N,N,N,500.000000000000000,Cloudy,Daylight,0,Rear End,N,Injury,N,Front to Rear,Motor Vehicle in Transport,On Roadway,Non-Junction,N,Not at Intersection,State,Unpaved,Dry,None, , ,None, , ,N,N, , , , ,0,0,0,0,0,0,1,1,0,0,0,0,0.000000000000000,0.000000000000000,0,1,0,500,"Mapped, On Network",-81.227707781500001,28.414206502100001,671051.477748999954201,492842.942235999973491,12/19/2019 1:49:33 PM,8533_8540
4348,4349,1,4348,54787,89220157,2019-00409838,Orlando PD,Long,11/5/2019 0:00:00,08:50 AM,Orlando,Orange,SR 408 WBO,SR 408 WBO ENTRANCE FROM S BUMBY AV,250,East,Rear End,3,0,0,0,N,N,N,5500.000000000000000,Cloudy,Daylight,0,Rear End,W,Property Damage Only,Y,Front to Rear,Motor Vehicle in Transport,On Roadway,Non-Junction,N,Not at Intersection,State,Paved,Dry,None, , ,None, , ,N,N, , , , ,0,0,0,0,0,0,0,0,0,0,0,0,0.000000000000000,0.000000000000000,0,0,0,5500,"Mapped, On Network",-81.354978312000000,28.538431349400000,658314.094897000002675,506362.393484000000171,1/17/2020 9:34:27 AM,6185_8318
4349,4350,1,4349,54789,89219572,2019-00397426,Orlando PD,Long,10/26/2019 0:00:00,12:07 AM,Orlando,Orange,STATE ROAD 528 W EXIT 11 AT SEMORAN BLVD, ,0, ,Other,1,0,0,1,N,N,N,5000.000000000000000,Rain,Dark - Lighted,0,Single Vehicle,W,Injury,Y,Other,Motor Vehicle in Transport,On Roadway,Entrance/Exit Ramp,N,Not at Intersection,Turnpike/Toll,Paved,Wet,Road Surface Condition, , ,None,None,None,N,N, , , , ,0,0,0,0,0,0,0,1,0,0,0,0,1.000000000000000,0.000000000000000,0,0,0,5000,"Mapped, On Network",-81.300139226699997,28.451503049799999,663880.206642000004649,496826.846933999971952,1/17/2020 9:54:41 AM,8183_6664
4350,4351,1,4350,54808,88196319,FHPD19OFF093463,FHP,Short,10/13/2019 0:00:00,08:04 PM,Orlando Expwy Auth,Orange,STATE ROAD 417 NB MM21,NARCOOSSEE RD,5280,South,Sideswipe,2,0,0,0,N,N,N,2000.000000000000000,Clear,Dark - Lighted,0,Same Direction Sideswipe,N,Property Damage Only,Y,"Sideswipe, Same Direction",Motor Vehicle in Transport,On Roadway,Non-Junction,N,Not at Intersection,Turnpike/Toll,Paved,Dry,None, , ,None, , ,N,N, , , , ,0,0,1,0,0,0,0,0,0,0,0,0,0.000000000000000,0.000000000000000,0,2,0,2000,"Mapped, On Network",-81.258952984700002,28.385959934599999,668066.813071000040509,489638.455377999984194,12/18/2019 2:58:33 PM,8502_6701
4351,4352,1,4351,54809,88193370,FHPD19OFF092862,FHP,Short,10/11/2019 0:00:00,07:41 PM,Orlando Expwy Auth,Orange,STATE ROAD 408 EASTBOUND,MILE MARKER 21,0, ,Sideswipe,2,0,0,0,N,Y,N,6000.000000000000000,Clear,Dark - Lighted,0,Same Direction Sideswipe,E,Property Damage Only,N,"Sideswipe, Same Direction",Motor Vehicle in Transport,On Roadway,Non-Junction,N,Not at Intersection,Turnpike/Toll,Paved,Dry,None, , ,None, , ,N,N, , , , ,0,0,5,0,0,0,0,0,0,0,0,0,0.000000000000000,0.000000000000000,0,2,0,6000,"Mapped, On Network",-81.208798749300001,28.548831491400001,672561.546393999946304,507831.765178999979980,12/19/2019 1:00:16 PM,6690_8041
4352,4353,1,4352,54840,88168093,FHPD19OFF085712,FHP,Long,9/21/2019 0:00:00,01:00 PM,Orlando Expwy Auth,Orange,SR 408 (EAST-WEST EXPY),MM 16,200,East,Rear End,2,0,0,2,N,N,N,13000.000000000000000,Clear,Daylight,0,Rear End,W,Injury,N,Front to Rear,Motor Vehicle in Transport,On Roadway,Non-Junction,N,Not at Intersection,Turnpike/Toll,Paved,Dry,None, , ,None, , ,N,N, , , , ,0,0,1,0,0,0,0,2,0,0,0,0,2.000000000000000,0.000000000000000,0,1,0,13000,"Mapped, On Network",-81.283040723499994,28.541914898200002,665329.909619000041857,506901.908906000026036,11/13/2019 3:25:33 PM,6918_8406
4353,4354,1,4353,54841,88168092,FHPD19OFF085633,FHP,Long,9/21/2019 0:00:00,07:15 AM,Orlando Expwy Auth,Orange,SR 417 NB,MILE 27,100,South,Rear End,2,0,0,0,N,N,N,8000.000000000000000,Clear,Daylight,0,Rear End,N,Property Damage Only,N,Other,Motor Vehicle in Transport,On Roadway,Non-Junction,N,Not at Intersection,Turnpike/Toll,Paved,Dry,None, , ,None, , ,N,N, , , , ,0,0,0,0,0,0,0,0,0,0,0,0,0.000000000000000,0.000000000000000,0,0,0,8000,"Mapped, On Network",-81.231545623399995,28.459428799900000,670563.567382000037469,497855.478249999985565,11/13/2019 3:26:03 PM,6173_8544
4354,4355,1,4354,54853,88161587,FHPD19OFF098508,FHP,Long,10/29/2019 0:00:00,06:43 AM,Orlando Expwy Auth,Orange,SR-417 (MM34),SR-50,40,North,Sideswipe,2,0,0,0,N,N,N,2000.000000000000000,Clear,Dawn,0,Same Direction Sideswipe,S,Property Damage Only,N,"Sideswipe, Same Direction",Motor Vehicle in Transport,On Roadway,Non-Junction,N,Not at Intersection,Turnpike/Toll,Paved,Dry,None, , ,None, , ,N,N, , , , ,0,0,0,0,0,0,0,0,0,0,0,0,0.000000000000000,0.000000000000000,0,1,0,2000,"Mapped, On Network",-81.264855061899993,28.574084662800001,667026.339828999945894,510512.926173000014387,12/17/2019 1:23:24 PM,8563_8572
4355,4356,1,4355,54854,88201075,FHPD19OFF097995,FHP,Short,10/27/2019 0:00:00,11:31 AM,Orlando Expwy Auth,Orange,STATE RD 528 EXIT RAMP,NARCOOSSEE RD,20,West,Rear End,2,0,0,0,N,N,N,1000.000000000000000,Clear,Daylight,0,Rear End,E,Property Damage Only,N,Front to Rear,Motor Vehicle in Transport,On Roadway,Non-Junction,N,Not at Intersection,Turnpike/Toll,Paved,Dry,None, , ,None, , ,N,N, , , , ,0,0,1,0,0,0,0,0,0,0,0,0,0.000000000000000,0.000000000000000,0,1,0,1000,"Mapped, On Network",-81.269623508600006,28.448447547400001,666869.793696000007913,496553.266263999976218,11/22/2019 2:19:40 PM,8052_8060
4356,4357,1,4356,54855,89218245,2019-00389190,Orlando PD,Short,10/19/2019 0:00:00,02:57 PM,Orlando,Orange,EW WBO,I4 EBO,2000,East,Rear End,2,0,0,0,N,N,N,1500.000000000000000,Cloudy,Daylight,0,Rear End,W,Property Damage Only,Y,Front to Rear,Motor Vehicle in Transport,On Roadway,Entrance/Exit Ramp,Y,Not at Intersection,State,Paved,Dry,None,None,None,None,None,None,N,N, , , , ,0,0,0,0,0,0,0,0,0,0,0,0,0.000000000000000,0.000000000000000,0,0,0,1500,"Mapped, On Network",-81.374725032100002,28.537049457799998,656389.180099999997765,506167.750828000018373,12/17/2019 11:16:53 AM,6737_6230
4357,4358,1,4357,54878,89217577,2019-00378065,Orlando PD,Long,10/10/2019 0:00:00,08:19 AM,Orlando,Orange,STATE ROAD 408 (WESTBOUND),MILLS AVE EXIT,2640,East,Sideswipe,6,0,0,3,N,N,N,28000.000000000000000,Clear,Daylight,0,Same Direction Sideswipe,W,Injury,Y,Other,Motor Vehicle in Transport,On Roadway,Non-Junction,N,Not at Intersection,State,Paved,Dry,None,None,None,None,None,None,N,N, , , , ,0,0,3,0,0,0,0,2,0,1,0,0,1.000000000000000,0.000000000000000,0,1,0,28000,"Mapped, On Network",-81.358208251899995,28.538347083700000,657998.906166999950074,506346.275609000003897,12/23/2019 5:58:55 PM,8318_8309
4358,4359,1,4358,54947,88220511,FHPD19OFF100652,FHP,Short,11/5/2019 0:00:00,07:00 AM,Orlando,Orange,STATE ROAD 417 (CENTRAL FL GREENEWAY),MILE MARKER 37,0, ,Rear End,2,0,0,0,N,Y,N,1500.000000000000000,Clear,Daylight,0,Rear End,S,Property Damage Only,N,Front to Rear,Motor Vehicle in Transport,On Roadway,Non-Junction,N,Not at Intersection,Turnpike/Toll,Paved,Dry,None, , ,None, , ,N,Y,Lane Shift/Crossover,Activity Area,Y,N,0,0,0,0,0,0,0,0,0,0,0,0,0.000000000000000,0.000000000000000,0,1,0,1500,"Mapped, On Network",-81.256935967100006,28.607440946099999,667716.941256999969482,514233.577812000003178,1/16/2020 9:26:38 PM,6052_8088
4359,4360,1,4359,54960,89219228,2019-00401052,Orlando PD,Long,10/29/2019 0:00:00,07:20 AM,Orlando,Orange,SR 408 WBO,MILLS AVE,50,East,Rear End,4,0,0,0,N,N,N,9100.000000000000000,Clear,Daylight,0,Rear End,W,Property Damage Only,Y,Front to Rear,Motor Vehicle in Transport,On Roadway,Non-Junction,N,Not at Intersection,State,Paved,Dry,None, , ,None, , ,N,N, , , , ,0,0,0,0,0,0,0,0,0,0,0,0,0.000000000000000,0.000000000000000,0,0,0,9100,"Mapped, On Network",-81.363831696299997,28.537433059700000,657451.970923000015318,506233.038203999982215,1/9/2020 9:33:32 AM,8309_8313
4360,4361,1,4360,54972,88221949,FHPD19OFF092837,FHP,Long,10/11/2019 0:00:00,06:35 PM,Orlando Expwy Auth,Orange,SR 417 (CENTRAL FLORIDA GREENEWAY),MM34,100,South,Sideswipe,2,0,0,0,N,Y,N,3000.000000000000000,Clear,Daylight,0,Same Direction Sideswipe,N,Property Damage Only,N,"Sideswipe, Same Direction",Motor Vehicle in Transport,On Roadway,Non-Junction,N,Not at Intersection,Turnpike/Toll,Paved,Dry,None, , ,None, , ,N,N, , , , ,0,1,3,0,0,0,0,0,0,0,0,0,0.000000000000000,0.000000000000000,0,1,0,3000,"Mapped, On Network",-81.266324533700001,28.567202936200001,666899.842803000006825,509745.678591999982018,12/23/2019 5:59:57 PM,8451_2531
4361,4362,1,4361,54973,88161582,FHPD19OFF093554,FHP,Long,10/14/2019 0:00:00,08:30 AM,Orlando Expwy Auth,Orange,SR-417 (MM14),LANDSTAR BLVD,10560,North,Rear End,2,0,0,0,N,N,N,4600.000000000000000,Clear,Daylight,0,Rear End,S,Property Damage Only,N,Front to Rear,Motor Vehicle in Transport,On Roadway,Non-Junction,N,Not at Intersection,Turnpike/Toll,Paved,Dry,None, , ,None, , ,N,N, , , , ,0,0,1,0,0,0,0,0,0,0,0,0,0.000000000000000,0.000000000000000,0,1,0,4600,"Mapped, On Network",-81.341197610999998,28.368424038299999,660066.768586999969557,487515.322754999971949,12/26/2019 2:23:02 PM,6323_6700
4362,4363,1,4362,55009,88201070,FHPD19OFF096217,FHP,Long,10/22/2019 0:00:00,09:21 AM,Orlando Expwy Auth,Orange,STATE RD 417,LANDSTAR BLVD,100,South,Other,4,0,0,1,N,N,N,8500.000000000000000,Clear,Daylight,0,Other,N,Injury,N,Other,Cargo/Equipment Loss or Shift,On Roadway,Non-Junction,N,Not at Intersection,Turnpike/Toll,Paved,Dry,None, , ,None, , ,N,N, , , , ,0,0,0,0,0,0,0,1,0,0,0,0,0.000000000000000,0.000000000000000,0,0,0,8500,"Mapped, On Network",-81.370870197000002,28.368287881499999,657165.153722999966703,487437.975531000003684,1/7/2020 2:52:37 PM,7997_8466
4363,4364,1,4363,55010,88201069,FHPD19OFF095924,FHP,Long,10/21/2019 0:00:00,11:46 AM,Orlando Expwy Auth,Orange,STATE RD 417,STATE RD 91,50,North,Other,1,0,0,0,N,N,N,6500.000000000000000,Other,Unknown,0,Single Vehicle,N,Property Damage Only,N,Other,Other Non-Collision,Unknown,Non-Junction,N,Not at Intersection,Turnpike/Toll,Paved,Unknown,Unknown, , ,Unknown, , ,N,Y,Work on Shoulder or Median,Activity Area,N,N,0,0,0,0,0,0,0,0,0,0,0,0,0.000000000000000,0.000000000000000,0,0,500,6000,"Mapped, On Network",-81.388860377000000,28.368052042900000,655406.284476000000723,487374.400783999997657,1/7/2020 2:58:44 PM,8017_6167
4364,4365,1,4364,55012,88216021,FHPD19OFF095188,FHP,Long,10/19/2019 0:00:00,02:28 AM,Unincorporated,Orange,STATE ROAD 528 (BEACHLINE EXPRESSWAY),DALLAS BOULEVARD,5280,East,Off Road,1,0,0,0,N,N,N,6000.000000000000000,Rain,Dark - Lighted,0,Off Road,W,Property Damage Only,N,Other,Cable Barrier,Median,Non-Junction,N,Not at Intersection,State,Unpaved,Wet,Road Surface Condition, , ,None, , ,N,N, , , , ,0,0,0,0,0,0,0,0,0,0,0,0,0.000000000000000,0.000000000000000,0,1,2000,4000,"Mapped, On Network",-81.078507056199996,28.451914884200001,685537.208732999977656,497366.304054000007454,12/12/2019 10:55:21 AM,6322_8112
4365,4366,1,4365,55069,88193366,FHPD19OFF091423,FHP,Long,10/8/2019 0:00:00,08:08 AM,Orlando Expwy Auth,Orange,STATE ROAD 408 EASTBOUND,MILE MARKER 18,0, ,Rear End,3,0,0,0,N,Y,N,32000.000000000000000,Clear,Daylight,0,Rear End,E,Property Damage Only,N,Front to Rear,Motor Vehicle in Transport,On Roadway,Non-Junction,N,Not at Intersection,Turnpike/Toll,Paved,Dry,None, , ,None, , ,N,Y,Work on Shoulder or Median,Activity Area,Y,N,0,0,3,0,0,0,0,0,0,0,0,0,0.000000000000000,0.000000000000000,0,1,20000,12000,"Mapped, On Network",-81.251748007399996,28.547270181399998,668372.103715999983251,507564.215343000018038,12/19/2019 1:00:02 PM,8027_6269
4366,4367,1,4366,55070,88196321,FHPD19OFF093756,FHP,Long,10/14/2019 0:00:00,05:11 PM,Orlando Expwy Auth,Orange,STATE ROAD 417 SB MM31,LAKE UNDERHILL RD,0,South,Off Road,1,0,0,0,N,N,N,100.000000000000000,Clear,Daylight,0,Off Road,S,Property Damage Only,Y,Other,Ditch,Shoulder,Non-Junction,N,Not at Intersection,Turnpike/Toll,Paved,Dry,None, , ,None, , ,N,N, , , , ,0,0,0,0,0,0,0,0,0,0,0,0,0.000000000000000,0.000000000000000,0,0,0,100,"Mapped, On Network",-81.251560073199997,28.539173875800000,668410.491280999965966,506665.705720999976620,12/18/2019 2:58:00 PM,7071_6968
4367,4368,1,4367,55097,88196329,FHPD19OFF096387,FHP,Long,10/22/2019 0:00:00,05:44 PM,Orlando Expwy Auth,Orange,STATE ROAD 408 WB MM2,GOOD HOMES RD,5280,East,Rear End,2,0,0,0,N,N,N,5000.000000000000000,Clear,Daylight,0,Rear End,W,Property Damage Only,Y,Front to Rear,Motor Vehicle in Transport,On Roadway,Non-Junction,N,Not at Intersection,Turnpike/Toll,Paved,Dry,None, , ,None, , ,N,N, , , , ,0,0,0,0,0,0,0,0,0,0,0,0,0.000000000000000,0.000000000000000,0,1,0,5000,"Mapped, On Network",-81.497106403900005,28.547412811400001,644415.513505000039004,507069.905474000028335,1/7/2020 4:02:17 PM,6300_8156
4368,4369,1,4368,55099,88196325,FHPD19OFF095479,FHP,Long,10/19/2019 0:00:00,07:49 PM,Orlando Expwy Auth,Orange,STATE ROAD 417 NB MM34,STATE ROAD 50,400,North,Off Road,1,0,0,0,N,N,N,3900.000000000000000,Cloudy,Dark - Lighted,0,Off Road,S,Property Damage Only,Y,Other,Guardrail Face,Median,Non-Junction,N,Not at Intersection,Turnpike/Toll,Paved,Wet,Road Surface Condition, , ,None, , ,N,N, , , , ,0,0,0,0,0,0,0,0,0,0,0,0,0.000000000000000,0.000000000000000,0,0,900,3000,"Mapped, On Network",-81.265594389699999,28.570078755899999,666964.036713000037707,510066.556503000028897,1/8/2020 12:47:22 PM,8451_2531
4369,4370,1,4369,55100,88196324,FHPD19OFF095276,FHP,Long,10/19/2019 0:00:00,09:10 AM,Orlando Expwy Auth,Orange,STATE ROAD 417 MM37,ALOMA AVE,5280,South,Off Road,1,0,0,0,N,N,N,5000.000000000000000,Rain,Daylight,0,Off Road,S,Property Damage Only,Y,Other,Utility Pole/Light Support,Shoulder,Non-Junction,N,Not at Intersection,Turnpike/Toll,Paved,Wet,"Worn, Travel-Polished Surface",Road Surface Condition, ,Weather Conditions, , ,N,N, , , , ,0,0,0,0,0,0,0,0,0,0,0,0,0.000000000000000,0.000000000000000,0,0,1000,4000,"Mapped, On Network",-81.255255532800007,28.605532524499999,667885.637814000016078,514025.339463000011165,1/8/2020 12:47:51 PM,6052_8088