FID,OBJECTID_1,Join_Count,TARGET_FID,OBJECTID,HSMV_Repor,Agency_Rep,Reporting_,Form_Type,Crash_Date,Crash_Time,City,County,Crash_Stre,Intersecti,Offset_Dis,Offset_Dir,Crash_Type,Vehicles,Non_Motori,Fatalities,Injuries,Alcohol_Re,Distractio,Drug_Relat,Estimated_,Weather_Co,Light_Cond,Street_Num,Crash_Ty_1,Crash_Ty_2,Crash_Seve,Within_Cit,Manner_of_,First_Harm,First_HE_L,First_HE_R,First_HE_W,Type_of_In,Road_Sys_I,Type_of_Sh,Road_Surf_,Contrib_Ci,Contrib__1,Contrib__2,Contrib__3,Contrib__4,Contrib__5,School_Bus,Work_Zone_,Type_of_Wo,Loc_in_Wor,Workers_in,Law_Enforc,Mopeds,Motorcycle,Passengers,Bicyclists,Pedestrian,Fataliti_1,Injuries_U,Possible_I,Non_Incapa,Incapacita,Fataliti_2,Non_Traffi,Transporte,Transpor_1,Transpor_2,Citations,Property_D,Vehicle_Dm,S4_Mapping,S4_Decimal,S4_Decim_1,S4_Albers_,S4_Albers1,S4_Mappi_1,zone_id_st
4370,4371,1,4370,55101,88193379,FHPD19OFF097368,FHP,Long,10/25/2019 0:00:00,04:28 PM,Orlando Expwy Auth,Orange,STATE ROAD 408 EASTBOUND,MILE MARKER 6,0, ,Sideswipe,2,0,0,0,N,Y,N,4500.000000000000000,Clear,Daylight,0,Same Direction Sideswipe,E,Property Damage Only,N,"Sideswipe, Same Direction",Motor Vehicle in Transport,On Roadway,Non-Junction,N,Not at Intersection,Turnpike/Toll,Paved,Dry,None, , ,None, , ,N,N, , , , ,0,0,1,0,0,0,0,0,0,0,0,0,0.000000000000000,0.000000000000000,0,1,0,4500,"Mapped, On Network",-81.444900695800001,28.548203517299999,649511.025294000050053,507262.252459999988787,1/8/2020 12:48:04 PM,8205_6294
4371,4372,1,4371,55102,88193376,FHPD19OFF096717,FHP,Long,10/23/2019 0:00:00,04:57 PM,Orlando Expwy Auth,Orange,STATE ROAD 429 NORTHBOUND,MILE MARKER 30,0, ,Sideswipe,2,0,0,0,N,Y,N,500.000000000000000,Clear,Daylight,0,Same Direction Sideswipe,N,Property Damage Only,N,"Sideswipe, Same Direction",Motor Vehicle in Transport,On Roadway,Non-Junction,N,Not at Intersection,Turnpike/Toll,Paved,Dry,None, , ,None, , ,N,N, , , , ,0,0,1,0,0,0,0,0,0,0,0,0,0.000000000000000,0.000000000000000,0,1,0,500,"Mapped, On Network",-81.542504439699997,28.646160755299999,639764.310155999963172,517945.047206000017468,1/8/2020 12:48:21 PM,6652_8320
4372,4373,1,4372,55103,88193375,FHPD19OFF096410,FHP,Long,10/22/2019 0:00:00,06:31 PM,Orlando Expwy Auth,Orange,STATE ROAD 408 EASTBOUND,MILE MARKER 18,0, ,Rear End,2,0,0,0,N,Y,N,12000.000000000000000,Clear,Dark - Lighted,0,Rear End,E,Property Damage Only,N,Front to Rear,Motor Vehicle in Transport,On Roadway,Non-Junction,N,Not at Intersection,Turnpike/Toll,Paved,Dry,None, , ,None, , ,N,N, , , , ,0,0,0,0,0,0,0,0,0,0,0,0,0.000000000000000,0.000000000000000,0,1,0,12000,"Mapped, On Network",-81.270380419000006,28.547064322099999,666553.417023999965750,507500.946362000016961,1/8/2020 12:48:44 PM,8412_7015
4373,4374,1,4373,55109,89219392,2019-00392274,Orlando PD,Long,10/22/2019 0:00:00,06:57 AM,Orlando,Orange,SR 408 EBO,SR 527 (ORANGE AVE) EXIT RAMP,1000,West,Rear End,2,0,0,1,N,N,N,11500.000000000000000,Clear,Dawn,0,Rear End,E,Injury,Y,Front to Rear,Motor Vehicle in Transport,On Roadway,Non-Junction,N,Not at Intersection,State,Paved,Dry,None, , ,None, , ,N,N, , , , ,0,0,0,0,0,0,0,1,0,0,0,0,0.000000000000000,0.000000000000000,0,0,0,11500,"Mapped, On Network",-81.380633557699994,28.535175536200001,655816.649717999971472,505947.416848000022583,12/12/2019 10:42:54 AM,6679_6276
4374,4375,1,4374,55128,88201076,FHPD19OFF098013,FHP,Long,10/27/2019 0:00:00,12:35 PM,Orlando Expwy Auth,Orange,STATE RD 528,STATE RD 520,15840,West,Sideswipe,3,0,0,0,N,N,N,6000.000000000000000,Clear,Daylight,0,Same Direction Sideswipe,W,Property Damage Only,N,"Sideswipe, Same Direction",Motor Vehicle in Transport,On Roadway,Non-Junction,N,Not at Intersection,Turnpike/Toll,Paved,Dry,None, , ,None, , ,N,Y,Work on Shoulder or Median,Activity Area,N,N,0,0,1,0,0,0,0,0,0,0,0,0,0.000000000000000,0.000000000000000,0,0,0,6000,"Mapped, On Network",-81.018741050900005,28.452531038200000,691375.762661000015214,497574.516660999972373,11/22/2019 1:43:22 PM,5943_6937
4375,4376,1,4375,55130,88201072,FHPD19OFF097247,FHP,Short,10/25/2019 0:00:00,12:21 PM,Orlando Expwy Auth,Orange,STATE RD 417,UNIVERSITY BLVD,5280,North,Other,2,0,0,0,N,N,N,750.000000000000000,Cloudy,Daylight,0,Other,S,Property Damage Only,N,Other,Other Non-Collision,On Roadway,Non-Junction,N,Not at Intersection,Turnpike/Toll,Paved,Dry,None, , ,None, , ,N,Y,Work on Shoulder or Median,Activity Area,Y,N,0,0,0,0,0,0,0,0,0,0,0,0,0.000000000000000,0.000000000000000,0,1,0,750,"Mapped, On Network",-81.253211146599995,28.603137788800002,668091.059280000044964,513763.900284999981523,11/22/2019 2:28:14 PM,8565_8588
4376,4377,1,4376,55145,88245029,FHPD19OFF102040,FHP,Long,11/8/2019 0:00:00,11:44 PM,Orlando,Orange,SR408,MM5,20,West,Off Road,1,0,0,0,N,Y,N,6000.000000000000000,Rain,Dark - Lighted,0,Off Road,E,Property Damage Only,N,Other,Guardrail Face,Median,Non-Junction,N,Not at Intersection,State,Paved,Wet,None, , ,None, , ,N,N, , , , ,0,0,0,0,0,0,0,0,0,0,0,0,0.000000000000000,0.000000000000000,0,0,1000,5000,"Mapped, On Network",-81.460143798700003,28.550011751400000,648018.578341000014916,507432.274238999991212,1/9/2020 3:04:47 PM,8208_8205
4377,4378,1,4377,55148,88245025,FHPD19OFF101577,FHP,Long,11/7/2019 0:00:00,10:32 PM,Orlando,Orange,SR528,MM20,100,East,Off Road,1,0,0,0,N,Y,N,6000.000000000000000,Clear,Dark - Not Lighted,0,Off Road,E,Property Damage Only,N,Other,Guardrail Face,Shoulder,Non-Junction,N,Not at Intersection,State,Paved,Dry,None, , ,None, , ,N,N, , , , ,0,0,0,0,0,0,0,0,0,0,0,0,0.000000000000000,0.000000000000000,0,0,1000,5000,"Mapped, On Network",-81.143883930000001,28.451473957000001,679149.775687000015751,497167.661330999981146,1/9/2020 3:31:11 PM,8101_6488
4378,4379,1,4378,55206,89219628,2019-00388702,Orlando PD,Long,10/19/2019 0:00:00,01:20 AM,Orlando,Orange,EXPRESSWAY(SR408),I4 WBO(SR400) ON RAMP,3,West,Off Road,1,0,0,1,N,N,N,2000.000000000000000,Rain,Dark - Lighted,0,Off Road,W,Injury,Y,Other,Guardrail End,On Roadway,Non-Junction,N,Not at Intersection,State,Paved,Wet,None, , ,None, , ,N,N, , , , ,0,0,2,0,0,0,0,0,1,0,0,0,1.000000000000000,0.000000000000000,0,0,0,2000,"Mapped, On Network",-81.383782930799995,28.535286852199999,655508.854655000031926,505953.246900000027381,12/17/2019 11:46:59 AM,8274_8272
4379,4380,1,4379,55222,88196334,FHPD19OFF098085,FHP,Short,10/27/2019 0:00:00,05:02 PM,Orlando Expwy Auth,Orange,STATE ROAD 528 EB MM17,STATE ROAD 417,0,East,Rear End,2,0,0,0,N,N,N,1000.000000000000000,Cloudy,Daylight,0,Rear End,E,Property Damage Only,Y,Front to Rear,Motor Vehicle in Transport,On Roadway,Non-Junction,N,Not at Intersection,Turnpike/Toll,Paved,Dry,None, , ,None, , ,N,N, , , , ,0,0,0,0,0,0,0,0,0,0,0,0,0.000000000000000,0.000000000000000,0,1,0,1000,"Mapped, On Network",-81.219830347300004,28.451334916099999,671728.582223000004888,496982.587578999984544,12/17/2019 1:37:48 PM,8019_6319
4380,4381,1,4380,55252,89220193,2019-00409922,Orlando PD,Long,11/5/2019 0:00:00,09:00 AM,Orlando,Orange,SR 408 WBO,SR 408 WBO ENTRANCE FROM S BUMBY AV,300,East,Rear End,2,0,0,0,N,N,N,1500.000000000000000,Cloudy,Daylight,0,Rear End,W,Property Damage Only,Y,Front to Rear,Motor Vehicle in Transport,On Roadway,Non-Junction,N,Not at Intersection,State,Paved,Dry,None, , ,None, , ,N,N, , , , ,0,0,0,0,0,0,0,0,0,0,0,0,0.000000000000000,0.000000000000000,0,0,0,1500,"Mapped, On Network",-81.354856149499994,28.538435751500000,658326.013033000053838,506363.138150000013411,1/19/2020 11:14:42 AM,6185_8318
4381,4382,1,4381,55253,89220302,2019-00404859,Orlando PD,Long,11/6/2019 0:00:00,02:17 AM,Orlando,Orange,SR-408,I4 EBO,0,East,Rear End,4,0,0,0,N,N,N,32000.000000000000000,Clear,Dark - Not Lighted,0,Rear End,E,Property Damage Only,Y,Other,Parked Motor Vehicle,On Roadway,Non-Junction,N,Not at Intersection,State,Paved,Dry,Work Zone, , ,None, , ,N,Y,Lane Closure,Transition Area,N,Y,0,0,0,0,0,0,0,0,0,0,0,0,0.000000000000000,0.000000000000000,0,0,0,32000,"Mapped, On Network",-81.382942818100005,28.535084159499998,655591.368351000011899,505932.482750999974087,1/19/2020 11:25:14 AM,6679_6276
4382,4383,1,4382,55264,87246752,FHPD19OFF091852,FHP,Long,10/9/2019 0:00:00,08:25 AM,Orlando,Orange,STATE ROAD 417,MM 14,0, ,Rear End,2,0,0,1,N,N,N,2500.000000000000000,Cloudy,Daylight,0,Rear End,N,Injury,Y,Front to Rear,Motor Vehicle in Transport,On Roadway,Through Roadway,N,Not at Intersection,Turnpike/Toll,Paved,Dry,None, , ,None, , ,N,N, , , , ,0,0,1,0,0,0,0,1,0,0,0,0,0.000000000000000,0.000000000000000,0,1,0,2500,"Mapped, On Network",-81.352882937700002,28.369076969399998,658922.405377999995835,487563.228592000028584,12/19/2019 1:57:57 PM,8466_7095
4383,4384,1,4383,55277,88161585,FHPD19OFF096495,FHP,Long,10/23/2019 0:00:00,07:33 AM,Orlando Expwy Auth,Orange,SR-417 (MM37),UNIVERSITY BLVD,5280,North,Sideswipe,2,0,0,0,N,N,N,2800.000000000000000,Clear,Daylight,0,Same Direction Sideswipe,S,Property Damage Only,N,"Sideswipe, Same Direction",Motor Vehicle in Transport,On Roadway,Non-Junction,N,Not at Intersection,Turnpike/Toll,Paved,Dry,None, , ,None, , ,N,Y,Work on Shoulder or Median,Advance Warning Area,Y,N,0,0,0,0,0,0,0,0,0,0,0,0,0.000000000000000,0.000000000000000,0,1,0,2800,"Mapped, On Network",-81.253190642700005,28.603189059700000,668092.933336999965832,513769.637349999975413,1/7/2020 2:31:44 PM,8565_8588
4384,4385,1,4384,55295,88201073,FHPD19OFF097566,FHP,Long,10/26/2019 0:00:00,12:29 AM,Orlando Expwy Auth,Orange,STATE RD 408,OLD WINTER GARDEN RD,50,East,Other,1,0,0,0,N,N,N,4250.000000000000000,Rain,Dark - Lighted,0,Single Vehicle,E,Property Damage Only,N,Other,Other Non-Collision,On Roadway,Non-Junction,N,Not at Intersection,Turnpike/Toll,Paved,Wet,Road Surface Condition, , ,Weather Conditions, , ,N,N, , , , ,0,0,0,0,0,0,0,0,0,0,0,0,0.000000000000000,0.000000000000000,0,0,250,4000,"Mapped, On Network",-81.421371593800004,28.545751365699999,651814.054285999969579,507037.813642000022810,11/22/2019 2:27:02 PM,8237_6011
4385,4386,1,4385,55306,88192404,FHPD19OFF102003,FHP,Long,11/8/2019 0:00:00,09:55 PM,Orlando,Orange,STATE ROAD 417 NB,MM 11,0, ,Rear End,2,0,0,0,N,Y,N,3000.000000000000000,Rain,Dark - Lighted,0,Rear End,N,Property Damage Only,N,Front to Rear,Motor Vehicle in Transport,On Roadway,Non-Junction,N,Not at Intersection,Turnpike/Toll,Unpaved,Wet,None, , ,None, , ,N,N, , , , ,0,0,0,0,0,0,0,0,0,0,0,0,0.000000000000000,0.000000000000000,0,1,0,3000,"Mapped, On Network",-81.407919390199993,28.373835194400002,653528.820417999988422,487977.186484000005294,1/17/2020 9:22:33 AM,8280_8017
4386,4387,1,4386,55361,88208533,FHPK19OFF060624,FHP,Long,10/20/2019 0:00:00,01:00 PM,Orlando,Orange,STATE ROAD 528 (BEACHLINE XPWY),MM 8,0, ,Sideswipe,2,0,0,0,N,Y,N,2900.000000000000000,Clear,Daylight,0,Same Direction Sideswipe,W,Property Damage Only,N,"Sideswipe, Same Direction",Motor Vehicle in Transport,On Roadway,Non-Junction,Y,Not at Intersection,State,Paved,Dry,None, , ,None, , ,N,N, , , , ,0,0,2,0,0,0,0,0,0,0,0,0,0.000000000000000,0.000000000000000,0,1,0,2900,"Mapped, On Network",-81.345301973600002,28.450893953400001,659468.213625999982469,496663.383089000009932,12/26/2019 2:41:05 PM,11452_8329
4387,4388,1,4387,55457,89218713,2019-00374429,Orlando PD,Long,10/7/2019 0:00:00,01:11 PM,Orlando,Orange,EW WBO (SR 408),I4 (STATE ROAD 400),0, ,Rear End,3,0,0,1,N,N,N,2000.000000000000000,Rain,Daylight,0,Rear End,W,Injury,Y,Front to Rear,Motor Vehicle in Transport,On Roadway,Entrance/Exit Ramp,N,Not at Intersection,State,Paved,Wet,Road Surface Condition, , ,Weather Conditions, , ,N,N, , , , ,0,0,1,0,0,0,0,1,0,0,0,0,0.000000000000000,0.000000000000000,0,0,0,2000,"Mapped, On Network",-81.383665132000004,28.535285628699999,655520.360452999942936,505953.355137999984436,12/17/2019 11:46:17 AM,8274_8272
4388,4389,1,4388,55578,88163827,FHPK19OFF055593,FHP,Long,9/25/2019 0:00:00,02:48 PM,Winter Garden,Orange,SR 429(DANIEL WEBSTER WESTERN BELTWAY),WINTER GARDEN VINELAND ROAD,5280,North,Rear End,5,0,0,6,N,N,N,20000.000000000000000,Clear,Daylight,0,Rear End,S,Injury,N,Front to Rear,Motor Vehicle in Transport,On Roadway,Non-Junction,N,Not at Intersection,Turnpike/Toll,Paved,Dry,None, , ,None, , ,N,N, , , , ,0,0,1,0,0,0,0,6,0,0,0,0,3.000000000000000,0.000000000000000,0,1,0,20000,"Mapped, On Network",-81.594304247599993,28.515514292700001,634994.168993000057526,503339.149119000008795,10/1/2019 1:33:04 PM,8492_6233
4389,4390,1,4389,55600,88219017,FHPD19OFF093744,FHP,Long,10/14/2019 0:00:00,04:57 PM,Orlando,Orange,SR408,GOOD HOMES ROAD,0, ,Rear End,2,0,0,1,N,Y,N,100.000000000000000,Clear,Daylight,0,Rear End,W,Injury,N,Front to Rear,Motor Vehicle in Transport,On Roadway,Non-Junction,N,Not at Intersection,State,Curb,Dry,None, , ,None, , ,N,N, , , , ,0,0,2,0,0,0,0,0,1,0,0,0,1.000000000000000,0.000000000000000,0,0,0,100,"Mapped, On Network",-81.504387020699994,28.546310213100000,643707.113289000000805,506933.071045999997295,12/6/2019 11:55:37 AM,8156_8150
4390,4391,1,4390,55609,88168095,FHPD19OFF086234,FHP,Long,9/23/2019 0:00:00,09:25 AM,Orlando Expwy Auth,Orange,SR-528 WB,MM27,200,East,Rear End,2,0,0,0,N,N,N,9000.000000000000000,Clear,Daylight,0,Rear End,W,Property Damage Only,N,Front to Rear,Motor Vehicle in Transport,On Roadway,Non-Junction,N,Not at Intersection,Turnpike/Toll,Paved,Dry,None, , ,None, , ,N,N, , , , ,0,0,0,0,0,0,0,0,0,0,0,0,0.000000000000000,0.000000000000000,0,1,0,9000,"Mapped, On Network",-81.040501458899996,28.452358893600000,689249.860155000002123,497504.175031999999192,11/21/2019 3:19:08 PM,5943_6937
4391,4392,1,4391,55625,88193355,FHPD19OFF084256,FHP,Long,9/16/2019 0:00:00,08:49 PM,Orlando Expwy Auth,Orange,STATE ROAD 417 SOUTHBOUND,MILE MARKER 33,0, ,Other,1,0,0,1,N,N,N,3000.000000000000000,Clear,Dark - Lighted,0,Single Vehicle,S,Injury,N,Other,"Struck by Falling, Shifting Cargo",On Roadway,Non-Junction,N,Not at Intersection,Turnpike/Toll,Paved,Dry,Obstruction in Roadway, , ,None, , ,N,N, , , , ,0,0,1,0,0,0,0,0,1,0,0,0,0.000000000000000,0.000000000000000,0,0,0,3000,"Mapped, On Network",-81.266720554800003,28.555319404799999,666890.433644999982789,508425.412068000005092,10/15/2019 4:40:25 PM,8453_8568
4392,4393,1,4392,55633,88012678,FHPD19OFF081644,FHP,Long,9/9/2019 0:00:00,08:05 AM,Orlando,Orange,SR-528-TOLL E,DALLASBLVD,10560,East,Rear End,2,0,0,1,N,N,N,7000.000000000000000,Clear,Daylight,0,Rear End,W,Injury,N,Front to Rear,Motor Vehicle in Transport,On Roadway,Non-Junction,N,Not at Intersection,State,Paved,Dry,None, , ,None, , ,N,N, , , , ,0,0,0,0,0,0,0,1,0,0,0,0,0.000000000000000,0.000000000000000,0,1,0,7000,"Mapped, On Network",-81.126751175199999,28.451610706299999,680823.633138000033796,497221.744223000016063,10/11/2019 9:18:21 AM,6073_8099
4393,4394,1,4393,55634,88012677,FHPD19OFF081656,FHP,Long,9/9/2019 0:00:00,08:25 AM,Orlando,Orange,SR-528-TOLL E,DALLAS BLVD,10560,East,Rear End,2,0,0,2,N,N,N,15000.000000000000000,Clear,Daylight,0,Rear End,W,Injury,N,Front to Rear,Motor Vehicle in Transport,On Roadway,Non-Junction,N,Not at Intersection,State,Paved,Dry,None, , ,None, , ,N,N, , , , ,0,0,2,0,0,0,0,2,0,0,0,0,0.000000000000000,0.000000000000000,0,1,0,15000,"Mapped, On Network",-81.067060866500000,28.451869223799999,686655.832099999999627,497387.790408000000753,10/10/2019 5:43:13 PM,8109_6321
4394,4395,1,4394,55658,88203827,FHPD19OFF086961,FHP,Short,9/25/2019 0:00:00,11:49 AM,Orlando Expwy Auth,Orange,NB SR-417,LEE VISTA BLVD,5280,South,Other,2,0,0,0,N,N,N,350.000000000000000,Clear,Daylight,0,Other,N,Property Damage Only,Y,Other,Cargo/Equipment Loss or Shift,On Roadway,Non-Junction,N,Not at Intersection,Turnpike/Toll,Paved,Dry,None, , ,None, , ,N,N, , , , ,0,0,0,0,0,0,0,0,0,0,0,0,0.000000000000000,0.000000000000000,0,1,0,350,"Mapped, On Network",-81.237366036400005,28.470401695000000,669967.529949999996461,499061.025424999999814,11/15/2019 10:11:32 AM,6173_8544
4395,4396,1,4395,55659,88203824,FHPD19OFF086505,FHP,Short,9/24/2019 0:00:00,07:21 AM,Orlando Expwy Auth,Orange,NB SR-417,CURRY FORD RD,5280,North,Sideswipe,2,0,0,0,N,N,N,1000.000000000000000,Clear,Daylight,0,Same Direction Sideswipe,N,Property Damage Only,Y,"Sideswipe, Same Direction",Motor Vehicle in Transport,On Roadway,Non-Junction,N,Not at Intersection,Turnpike/Toll,Paved,Dry,None, , ,None, , ,N,N, , , , ,0,0,1,0,0,0,0,0,0,0,0,0,0.000000000000000,0.000000000000000,0,1,0,1000,"Mapped, On Network",-81.250401106400005,28.516906467900000,668578.791772000025958,504195.915327000024263,11/15/2019 10:13:08 AM,8553_6689
4396,4397,1,4396,55660,88203822,FHPD19OFF086186,FHP,Short,9/23/2019 0:00:00,07:04 AM,Orlando Expwy Auth,Orange,SB SR-417,UNIVERSITY BLVD,0,South,Rear End,2,0,0,0,N,N,N,12000.000000000000000,Cloudy,Daylight,0,Rear End,S,Property Damage Only,Y,Front to Front,Motor Vehicle in Transport,On Roadway,Non-Junction,N,Not at Intersection,Turnpike/Toll,Paved,Dry,None, , ,None, , ,N,N, , , , ,0,0,0,0,0,0,0,0,0,0,0,0,0.000000000000000,0.000000000000000,0,1,0,12000,"Mapped, On Network",-81.252068749000003,28.591962219799999,668230.195137999951839,512525.586092000012286,11/15/2019 10:15:10 AM,8118_8456
4397,4398,1,4397,55672,88111045,FHPK19OFF060408,FHP,Long,10/19/2019 0:00:00,09:14 AM,Winter Garden,Orange,STATE ROAD 429 (DANIEL WEBSTER WESTERN BY),MILE MARKER 23,0,North,Off Road,1,0,0,0,N,N,N,9000.000000000000000,Rain,Daylight,0,Off Road,S,Property Damage Only,N,Other,Guardrail Face,Median,Non-Junction,Y,Not at Intersection,Turnpike/Toll,Paved,Wet,None, , ,None, , ,N,N, , , , ,0,0,0,0,0,0,0,0,0,0,0,0,0.000000000000000,0.000000000000000,0,0,1000,8000,"Mapped, On Network",-81.558986557899999,28.563201781800000,638338.811677000019699,508701.883904999995138,1/6/2020 1:26:16 PM,8429_8423
4398,4399,1,4398,55695,88012679,FHPD19OFF081686,FHP,Long,9/9/2019 0:00:00,09:45 AM,Orlando,Orange,S 528,DALLAS BLVD,10560,East,Unknown,2,0,0,0,N,N,N,2100.000000000000000,Clear,Daylight,0,Unknown, ,Property Damage Only,N,Angle,Motor Vehicle in Transport,On Roadway,Non-Junction,N,Not at Intersection,State,Paved,Dry,None, , ,None, , ,N,N, , , , ,0,0,0,0,0,0,0,0,0,0,0,0,0.000000000000000,0.000000000000000,0,1,0,2100,"Mapped, On Network",-81.100542751299997,28.451658361000000,683384.579828000045381,497286.991643999994267,10/11/2019 9:16:41 AM,8112_6073
4399,4400,1,4399,55701,89218505,2019-00368143,Orlando PD,Long,10/2/2019 0:00:00,08:27 AM,Orlando,Orange,SR528,S SEMORAN BLVD (SR436),5280,East,Rear End,4,0,0,0,N,Y,N,15004.000000000000000,Clear,Daylight,0,Rear End,W,Property Damage Only,Y,Front to Rear,Motor Vehicle in Transport,On Roadway,Non-Junction,N,Not at Intersection,State,Paved,Dry,None, , ,None, , ,N,N, , , , ,0,0,0,0,0,0,0,0,0,0,0,0,0.000000000000000,0.000000000000000,0,3,0,15004,"Mapped, On Network",-81.301790914500003,28.451575243000001,663718.623600000049919,496831.329177999985404,12/23/2019 6:03:44 PM,8183_6664
4400,4401,1,4400,55719,88027298,FHPD19OFF095372,FHP,Long,10/19/2019 0:00:00,01:15 PM,Orlando Expwy Auth,Orange,SR-528,SR-520,15840,West,Off Road,1,0,0,0,N,N,N,5500.000000000000000,Rain,Daylight,0,Off Road,W,Property Damage Only,N,Other,Cable Barrier,Off Roadway,Non-Junction,N,Not at Intersection,Turnpike/Toll,Paved,Wet,None, , ,None, , ,N,N, , , , ,0,0,2,0,0,0,0,0,0,0,0,0,0.000000000000000,0.000000000000000,0,0,500,5000,"Mapped, On Network",-81.025905780100004,28.452518662700001,690675.681127000018023,497556.233706000028178,12/27/2019 10:15:16 AM,5943_6937
4401,4402,1,4401,55758,88193357,FHPD19OFF086383,FHP,Short,9/23/2019 0:00:00,05:06 PM,Orlando Expwy Auth,Orange,STATE ROAD 417 NORTHBOUND,MILE MARKER 34,0, ,Rear End,2,0,0,0,N,Y,N,2500.000000000000000,Clear,Daylight,0,Rear End,N,Property Damage Only,N,Front to Rear,Motor Vehicle in Transport,On Roadway,Non-Junction,N,Not at Intersection,Turnpike/Toll,Paved,Dry,None, , ,None, , ,N,N, , , , ,0,0,1,0,0,0,0,0,0,0,0,0,0.000000000000000,0.000000000000000,0,1,0,2500,"Mapped, On Network",-81.267235573500002,28.563401147200000,666820.264660999993794,509321.600642999983393,11/20/2019 4:27:50 PM,6966_8451
4402,4403,1,4402,55759,88196296,FHPD19OFF086222,FHP,Long,9/23/2019 0:00:00,08:43 AM,Orlando Expwy Auth,Orange,STATE ROAD 417 NB MM30,CURRY FORD RD,5280,South,Other,1,0,0,0,N,N,N,3625.000000000000000,Clear,Daylight,0,Single Vehicle,N,Property Damage Only,Y,Other,Motor Vehicle in Transport,Median,Non-Junction,N,Not at Intersection,Turnpike/Toll,Paved,Dry,None, , ,None, , ,N,N, , , , ,0,0,0,0,0,0,0,0,0,0,0,0,0.000000000000000,0.000000000000000,0,0,625,3000,"Mapped, On Network",-81.244116162899999,28.502430929300001,669228.522584000020288,502602.424216000013985,11/20/2019 4:29:33 PM,6965_8557
4403,4404,1,4403,55760,88203821,FHPD19OFF086185,FHP,Short,9/23/2019 0:00:00,07:00 AM,Orlando Expwy Auth,Orange,SB SR-417,UNIVERSITY BLVD,0,North,Rear End,4,0,0,0,N,N,N,24500.000000000000000,Cloudy,Daylight,0,Rear End,S,Property Damage Only,Y,Front to Rear,Motor Vehicle in Transport,On Roadway,Non-Junction,N,Not at Intersection,Turnpike/Toll,Paved,Dry,None, , ,None, , ,N,Y,Work on Shoulder or Median,Activity Area,Y,N,0,0,0,0,0,0,0,0,0,0,0,0,0.000000000000000,0.000000000000000,0,3,0,24500,"Mapped, On Network",-81.252692906500002,28.602589111000000,668142.989399999962188,513704.108622999978252,11/15/2019 10:16:36 AM,8565_8588
4404,4405,1,4404,55855,89218191,2019-00351423,Orlando PD,Long,9/18/2019 0:00:00,05:30 PM,Orlando,Orange,SR 408 EAST,I4 EBO EXIT RAMP,100,West,Rear End,2,0,0,1,N,N,N,2000.000000000000000,Clear,Daylight,0,Rear End,E,Injury,Y,Front to Rear,Motor Vehicle in Transport,On Roadway,Non-Junction,N,Not at Intersection,State,Paved,Dry,None, , ,None, , ,N,N, , , , ,0,0,1,0,0,0,0,1,0,0,0,0,0.000000000000000,0.000000000000000,0,0,0,2000,"Mapped, On Network",-81.389624650399995,28.535125399300000,654938.796848000027239,505923.230031999992207,11/20/2019 4:46:30 PM,8267_6679
4405,4406,1,4405,55869,88188584,FHPK19OFF056192,FHP,Long,9/28/2019 0:00:00,05:45 PM,Winter Garden,Orange,STATE ROAD 429 MM 22,STATE ROAD 91,500,North,Sideswipe,2,0,0,1,N,N,N,4000.000000000000000,Clear,Daylight,0,Same Direction Sideswipe,S,Injury,N,"Sideswipe, Same Direction",Motor Vehicle in Transport,On Roadway,Non-Junction,N,Not at Intersection,Turnpike/Toll,Paved,Dry,None, , ,None, , ,N,N, , , , ,0,0,0,0,0,0,0,1,0,0,0,0,0.000000000000000,0.000000000000000,0,0,0,4000,"Mapped, Not On Network",-81.590810000000005,28.515680049299998,635335.092520999955013,503364.217531999980565,9/30/2019 2:41:03 PM,8494_8462
4406,4407,1,4406,56008,85407984,FHPD19OFF092569,FHP,Long,10/11/2019 0:00:00,08:13 AM,Orlando,Orange,S.R 417 N.B. ENTRANCE RAMP,MOSS PARK,350,South,Off Road,1,0,0,0,N,N,N,8000.000000000000000,Other,Unknown,0,Off Road,N,Property Damage Only,N,Other,Impact Attenuator/Crash Cushion,Shoulder,Entrance/Exit Ramp,N,Not at Intersection,State,Paved,Unknown,Unknown, , ,None, , ,N,N, , , , ,0,0,0,0,0,0,0,0,0,0,0,0,0.000000000000000,0.000000000000000,0,0,2500,5500,"Mapped, On Network",-81.227883798199997,28.413652205000002,671035.654928999952972,492781.012532999971882,12/18/2019 3:49:25 PM,8533_8540
4407,4408,1,4407,56061,88201044,FHPD19OFF086737,FHP,Long,9/24/2019 0:00:00,05:36 PM,Orlando Expwy Auth,Orange,STATE RD 408,ROUSE RD,400,West,Rear End,3,0,0,2,N,N,N,20000.000000000000000,Clear,Daylight,0,Rear End,E,Injury,N,Front to Rear,Motor Vehicle in Transport,On Roadway,Non-Junction,N,Not at Intersection,Turnpike/Toll,Paved,Dry,None, , ,None, , ,N,Y,Work on Shoulder or Median,Activity Area,Y,N,0,0,0,0,0,0,0,2,0,0,0,0,0.000000000000000,0.000000000000000,0,1,0,20000,"Mapped, On Network",-81.224658479200002,28.547112359400000,671017.398305000038818,507605.938825000019278,11/21/2019 9:38:04 AM,8077_8070