FID,OBJECTID_1,Join_Count,TARGET_FID,OBJECTID,HSMV_Repor,Agency_Rep,Reporting_,Form_Type,Crash_Date,Crash_Time,City,County,Crash_Stre,Intersecti,Offset_Dis,Offset_Dir,Crash_Type,Vehicles,Non_Motori,Fatalities,Injuries,Alcohol_Re,Distractio,Drug_Relat,Estimated_,Weather_Co,Light_Cond,Street_Num,Crash_Ty_1,Crash_Ty_2,Crash_Seve,Within_Cit,Manner_of_,First_Harm,First_HE_L,First_HE_R,First_HE_W,Type_of_In,Road_Sys_I,Type_of_Sh,Road_Surf_,Contrib_Ci,Contrib__1,Contrib__2,Contrib__3,Contrib__4,Contrib__5,School_Bus,Work_Zone_,Type_of_Wo,Loc_in_Wor,Workers_in,Law_Enforc,Mopeds,Motorcycle,Passengers,Bicyclists,Pedestrian,Fataliti_1,Injuries_U,Possible_I,Non_Incapa,Incapacita,Fataliti_2,Non_Traffi,Transporte,Transpor_1,Transpor_2,Citations,Property_D,Vehicle_Dm,S4_Mapping,S4_Decimal,S4_Decim_1,S4_Albers_,S4_Albers1,S4_Mappi_1,zone_id_st
4408,4409,1,4408,56062,88201042,FHPD19OFF086673,FHP,Long,9/24/2019 0:00:00,03:47 PM,Orlando Expwy Auth,Orange,STATE RD 528,SUNBRIDGE PKWY,10560,East,Other,1,0,0,1,N,N,N,7250.000000000000000,Clear,Daylight,0,Single Vehicle,W,Injury,N,Other,Other Non-Collision,On Roadway,Non-Junction,N,Not at Intersection,Turnpike/Toll,Paved,Dry,None, , ,None, , ,N,N, , , , ,0,0,0,0,0,0,0,0,1,0,0,0,1.000000000000000,0.000000000000000,0,1,1250,6000,"Mapped, On Network",-81.141007735100004,28.451655734199999,679430.369577000034042,497194.357631999999285,11/21/2019 9:55:39 AM,6073_8099
4409,4410,1,4409,56063,88201041,FHPD19OFF086615,FHP,Short,9/24/2019 0:00:00,12:40 PM,Orlando Expwy Auth,Orange,STATE RD 417,STATE RD 528,10560,North,Sideswipe,2,0,0,0,N,N,N,2500.000000000000000,Clear,Daylight,0,Same Direction Sideswipe,S,Property Damage Only,N,"Sideswipe, Same Direction",Motor Vehicle in Transport,On Roadway,Non-Junction,N,Not at Intersection,Turnpike/Toll,Paved,Dry,None, , ,None, , ,N,N, , , , ,0,0,0,0,0,0,0,0,0,0,0,0,0.000000000000000,0.000000000000000,0,1,0,2500,"Mapped, On Network",-81.233196975100000,28.461760980699999,670396.395606999984011,498110.794557999994140,11/21/2019 10:00:14 AM,8546_7092
4410,4411,1,4410,56064,88201040,FHPD19OFF086364,FHP,Short,9/23/2019 0:00:00,04:25 PM,Orlando Expwy Auth,Orange,STATE RD 417,STATE RD 408,0,North,Sideswipe,2,0,0,0,N,N,N,1750.000000000000000,Clear,Daylight,0,Same Direction Sideswipe,N,Property Damage Only,N,"Sideswipe, Same Direction",Motor Vehicle in Transport,On Roadway,Non-Junction,N,Not at Intersection,Turnpike/Toll,Paved,Dry,None, , ,None, , ,N,Y,Work on Shoulder or Median,Activity Area,Y,N,0,0,0,0,0,0,0,0,0,0,0,0,0.000000000000000,0.000000000000000,0,1,0,1750,"Mapped, On Network",-81.264429415300000,28.553556537599999,667118.457434999989346,508234.644537999993190,11/21/2019 10:04:19 AM,8570_6966
4411,4412,1,4411,56065,88201038,FHPD19OFF085143,FHP,Long,9/19/2019 0:00:00,05:26 PM,Orlando Expwy Auth,Orange,STATE RD 417,ALOMA  AVE,5280,South,Rear End,3,0,0,0,N,N,N,11500.000000000000000,Clear,Daylight,0,Rear End,N,Property Damage Only,N,Front to Rear,Motor Vehicle in Transport,On Roadway,Non-Junction,N,Not at Intersection,Turnpike/Toll,Paved,Dry,None, , ,None, , ,N,Y,Work on Shoulder or Median,Activity Area,N,N,0,0,0,0,0,0,0,0,0,0,0,0,0.000000000000000,0.000000000000000,0,1,0,11500,"Mapped, On Network",-81.255607534099994,28.606379819400001,667849.194372000056319,514118.648069999995641,11/21/2019 10:08:13 AM,5988_6758
4412,4413,1,4412,56087,88188594,FHPK19OFF060882,FHP,Long,10/21/2019 0:00:00,05:17 PM,Winter Garden,Orange,STATE ROAD 429 MM 15 EXT RAMP,NEW INDEPENDENCE PKWY,100,South,Rear End,3,0,0,2,N,Y,N,10500.000000000000000,Cloudy,Daylight,0,Rear End,S,Injury,N,Front to Rear,Motor Vehicle in Transport,On Roadway,Non-Junction,N,Not at Intersection,Turnpike/Toll,Paved,Wet,None, , ,None, , ,N,N, , , , ,0,0,0,0,0,0,0,2,0,0,0,0,0.000000000000000,0.000000000000000,0,2,0,10500,"Mapped, Not On Network",-81.616699999999994,28.499180049300001,632841.828867999953218,501482.990501000022050,10/23/2019 3:31:54 PM,6763_6186
4413,4414,1,4413,56108,89218187,2019-00368195,Orlando PD,Long,10/2/2019 0:00:00,09:09 AM,Orlando,Orange,SR 408 WEST,I4 EAST (SR 400) EXIT RAMP,0,East,Rear End,2,0,0,1,N,N,N,20000.000000000000000,Cloudy,Daylight,0,Rear End,W,Injury,Y,Front to Rear,Motor Vehicle in Transport,On Roadway,Non-Junction,N,Not at Intersection,State,Paved,Dry,None, , ,None, , ,N,N, , , , ,0,0,0,0,0,0,0,0,1,0,0,0,1.000000000000000,0.000000000000000,0,1,0,20000,"Mapped, On Network",-81.388163233900002,28.535331186400001,655081.018772999988869,505949.100936000002548,12/24/2019 8:22:53 AM,8272_8254
4414,4415,1,4414,56109,89218718,2019-00371206,Orlando PD,Long,10/4/2019 0:00:00,04:03 PM,Orlando,Orange,SR 408 EBO,INTERSTATE 4 (SR 400) WBO ENTRANCE,500,West,Rear End,3,0,0,1,N,N,N,4500.000000000000000,Clear,Daylight,0,Rear End,W,Injury,Y,Angle,Motor Vehicle in Transport,On Roadway,Non-Junction,N,Not at Intersection,Interstate,Paved,Dry,None, , ,None, , ,N,N, , , , ,0,0,1,0,0,0,0,1,0,0,0,0,0.000000000000000,0.000000000000000,0,0,0,4500,"Mapped, On Network",-81.392820579800002,28.535106428399999,654626.761782999965362,505914.520483999978751,11/15/2019 12:38:56 PM,8248_8267
4415,4416,1,4415,56110,89218967,2019-00373521,Orlando PD,Short,10/6/2019 0:00:00,06:27 PM,Orlando,Orange,SR 408 WBO,SR 600,200,East,Sideswipe,2,0,0,0,N,N,N,1000.000000000000000,Clear,Daylight,0,Same Direction Sideswipe,W,Property Damage Only,Y,"Sideswipe, Same Direction",Motor Vehicle in Transport,On Roadway,Non-Junction,N,Not at Intersection,State,Paved,Dry,None, , ,None, , ,N,N, , , , ,0,0,0,0,0,0,0,0,0,0,0,0,0.000000000000000,0.000000000000000,0,0,0,1000,"Mapped, On Network",-81.396177938500003,28.535250508600001,654298.580663000000641,505923.589870000025257,12/26/2019 2:25:32 PM,8254_8252
4416,4417,1,4416,56182,88171257,FHPK19OFF055261,FHP,Short,9/23/2019 0:00:00,04:07 PM,Ocoee,Orange,STATE ROAD 429,MILE MARKER 22,5280,South,Sideswipe,2,0,0,0,N,Y,N,3800.000000000000000,Clear,Daylight,0,Same Direction Sideswipe,S,Property Damage Only,N,"Sideswipe, Same Direction",Motor Vehicle in Transport,On Roadway,Non-Junction,N,Not at Intersection,State,Unpaved,Dry,None, , ,None, , ,N,N, , , , ,0,0,1,0,0,0,0,0,0,0,0,0,0.000000000000000,0.000000000000000,0,1,0,3800,"Mapped, On Network",-81.557047970599996,28.540686161800000,638577.602541000000201,506205.633660999999847,11/21/2019 3:06:03 PM,8524_6989
4417,4418,1,4417,56207,88203823,FHPD19OFF086237,FHP,Long,9/23/2019 0:00:00,09:45 AM,Orlando Expwy Auth,Orange,WB SR-528,SR-520,15840,West,Rear End,2,0,0,0,N,N,N,2000.000000000000000,Cloudy,Daylight,0,Rear End,W,Property Damage Only,Y,Front to Rear,Motor Vehicle in Transport,On Roadway,Non-Junction,N,Not at Intersection,Turnpike/Toll,Paved,Dry,None, , ,None, , ,N,Y,Work on Shoulder or Median,Activity Area,Y,N,0,0,3,0,0,0,0,0,0,0,0,0,0.000000000000000,0.000000000000000,0,1,0,2000,"Mapped, On Network",-81.023459808499993,28.452483847800000,690914.787191999959759,497558.136409999977332,11/15/2019 10:21:14 AM,5943_6937
4418,4419,1,4418,56215,88196298,FHPD19OFF086502,FHP,Long,9/24/2019 0:00:00,07:16 AM,Orlando Expwy Auth,Orange,STATE ROAD 417 NB MM24,INNOVATION WAY,200,North,Rear End,2,0,0,2,N,N,N,6000.000000000000000,Clear,Daylight,0,Rear End,N,Injury,Y,Front to Rear,Motor Vehicle in Transport,On Roadway,Non-Junction,N,Not at Intersection,Turnpike/Toll,Paved,Dry,None, , ,None, , ,N,N, , , , ,0,0,1,0,0,0,0,2,0,0,0,0,0.000000000000000,0.000000000000000,0,1,0,6000,"Mapped, On Network",-81.228297274100001,28.429115009200000,670956.640526999952272,494496.916578000003938,11/20/2019 4:30:13 PM,8538_6642
4419,4420,1,4419,56216,88196297,FHPD19OFF086293,FHP,Long,9/23/2019 0:00:00,12:32 PM,Orlando Expwy Auth,Orange,STATE ROAD 528 WB MM26,STATE ROAD 520,15840,West,Rear End,2,0,0,1,N,N,N,2000.000000000000000,Clear,Daylight,0,Rear End,W,Injury,Y,Front to Rear,Motor Vehicle in Transport,On Roadway,Non-Junction,N,Not at Intersection,Turnpike/Toll,Paved,Dry,None, , ,None, , ,N,N, , , , ,0,0,0,0,0,0,0,1,0,0,0,0,0.000000000000000,0.000000000000000,0,1,0,2000,"Mapped, On Network",-81.028438207500002,28.452499069200002,690428.272495000041090,497548.091485999990255,11/20/2019 4:30:51 PM,5943_6937
4420,4421,1,4420,56217,88196295,FHPD19OFF086156,FHP,Long,9/23/2019 0:00:00,02:07 AM,Orlando Expwy Auth,Orange,STATE ROAD 528 EB MM28,STATE ROAD 520,10560,West,Rear End,2,0,0,1,N,N,N,5000.000000000000000,Clear,Dark - Not Lighted,0,Rear End,E,Injury,Y,Front to Rear,Motor Vehicle in Transport,On Roadway,Non-Junction,N,Not at Intersection,Turnpike/Toll,Paved,Dry,None, , ,None, , ,N,N, , , , ,0,0,0,0,0,0,0,0,1,0,0,0,1.000000000000000,0.000000000000000,0,1,0,5000,"Mapped, On Network",-81.012605355999995,28.452550754899999,691975.269543000031263,497591.218434999987949,11/20/2019 4:31:12 PM,8091_5943
4421,4422,1,4421,56227,88210499,FHPD19OFF088505,FHP,Short,9/30/2019 0:00:00,07:42 AM,Orlando,Orange,STATE ROAD 408,SEMORAN BOULEVARD,5280,East,Sideswipe,2,0,0,0,N,N,N,4000.000000000000000,Clear,Daylight,0,Same Direction Sideswipe,W,Property Damage Only,N,"Sideswipe, Same Direction",Motor Vehicle in Transport,On Roadway,Non-Junction,N,Not at Intersection,State,Paved,Dry,None, , ,None, , ,N,N, , , , ,0,0,0,0,0,0,0,0,0,0,0,0,0.000000000000000,0.000000000000000,0,0,0,4000,"Mapped, On Network",-81.302088428900007,28.539664815500000,663475.533607000019401,506611.243447999993805,10/3/2019 3:36:56 PM,6883_8376
4422,4423,1,4422,56279,85204420,FHPD19OFF092237,FHP,Short,10/10/2019 0:00:00,08:30 AM,Unincorporated,Orange,STATE ROAD 429,WEST ROAD,5280,South,Other,2,0,0,0,N,N,N,500.000000000000000,Clear,Daylight,0,Other,N,Property Damage Only,N,Other,"Struck by Falling, Shifting Cargo",On Roadway,Non-Junction,N,Not at Intersection,State,Paved,Dry,None, , ,None, , ,N,N, , , , ,0,0,0,0,0,0,0,0,0,0,0,0,0.000000000000000,0.000000000000000,0,0,0,500,"Mapped, On Network",-81.557426202599999,28.592732699300001,638426.187266999972053,511983.828745000006165,12/18/2019 3:46:31 PM,6089_6220
4423,4424,1,4423,56283,88191327,FHPD19OFF079223,FHP,Long,8/31/2019 0:00:00,12:06 AM,Orlando,Orange,SR-408 (EAST-WEST EXPRESSWAY) MM18,SR-417 (CENTRAL FLORIDA GREENEWAY),100,West,Rear End,2,0,0,1,N,N,N,10000.000000000000000,Clear,Dark - Lighted,0,Rear End,E,Injury,N,Front to Rear,Motor Vehicle in Transport,On Roadway,Non-Junction,N,Not at Intersection,Turnpike/Toll,Unpaved,Dry,None, , ,None, , ,N,N, , , , ,0,0,0,0,0,0,0,0,1,0,0,0,1.000000000000000,0.000000000000000,0,0,0,10000,"Mapped, On Network",-81.262534587299996,28.547291249299999,667318.894833000027575,507543.125457999994978,11/7/2019 10:22:18 PM,8412_7015
4424,4425,1,4424,56284,88201043,FHPD19OFF086683,FHP,Long,9/24/2019 0:00:00,03:50 PM,Orlando Expwy Auth,Orange,STATE RD 528,SUNBRIDGE PKWY,10560,East,Rear End,2,0,0,0,N,N,N,500.000000000000000,Clear,Daylight,0,Rear End,W,Property Damage Only,N,Front to Rear,Motor Vehicle in Transport,On Roadway,Non-Junction,N,Not at Intersection,Turnpike/Toll,Paved,Dry,None, , ,None, , ,N,N, , , , ,0,0,1,0,0,0,0,0,0,0,0,0,0.000000000000000,0.000000000000000,0,1,0,500,"Mapped, On Network",-81.141034893200001,28.451690148200001,679427.627089999965392,497198.116961999970954,11/21/2019 10:32:21 AM,6073_8099
4425,4426,1,4425,56285,88203825,FHPD19OFF086577,FHP,Short,9/24/2019 0:00:00,09:00 AM,Orlando Expwy Auth,Orange,WB SR-408,ROUSE RD,5280,West,Off Road,1,0,0,0,N,N,N,7000.000000000000000,Clear,Daylight,0,Off Road,W,Property Damage Only,Y,Other,Guardrail Face,On Roadway,Non-Junction,N,Not at Intersection,Turnpike/Toll,Paved,Dry,None, , ,None, , ,N,Y,Work on Shoulder or Median,Activity Area,Y,N,0,0,0,0,0,0,0,0,0,0,0,0,0.000000000000000,0.000000000000000,0,0,0,7000,"Mapped, On Network",-81.231585557800003,28.547363152799999,670340.444415000034496,507618.578694000025280,11/15/2019 10:23:16 AM,6306_6308
4426,4427,1,4426,56327,88203818,FHPD19OFF084325,FHP,Short,9/17/2019 0:00:00,07:25 AM,Orlando Expwy Auth,Orange,EB SR-408,HIAWASSEE ROAD,0,West,Rear End,2,0,0,0,N,N,N,16000.000000000000000,Clear,Daylight,0,Rear End,E,Property Damage Only,Y,Front to Rear,Motor Vehicle in Transport,On Roadway,Non-Junction,N,Not at Intersection,Turnpike/Toll,Paved,Dry,None, , ,None, , ,N,N, , , , ,0,0,0,0,0,0,0,0,0,0,0,0,0.000000000000000,0.000000000000000,0,1,0,16000,"Mapped, On Network",-81.482371899499995,28.548915168499999,645850.779208999942057,507266.006653000018559,10/23/2019 3:05:36 PM,6788_8144
4427,4428,1,4427,56349,89215820,2019-00341817,Orlando PD,Long,9/11/2019 0:00:00,03:15 AM,Orlando,Orange,SR 408 WESTBOUND,SR 408 WESTBOUND EXIT 10A,0,West,Off Road,1,0,0,1,N,N,N,20000.000000000000000,Clear,Dark - Lighted,0,Off Road,W,Injury,Y,Angle,Concrete Traffic Barrier,On Roadway,Entrance/Exit Ramp,N,Not at Intersection,State,Paved,Wet,None, , ,None, , ,N,N, , , , ,0,0,0,0,0,0,0,1,0,0,0,0,0.000000000000000,0.000000000000000,0,0,0,20000,"Mapped, On Network",-81.381128493000006,28.535370874300000,655767.859167000046000,505968.078755000024103,11/15/2019 9:50:29 AM,6230_8274
4428,4429,1,4428,56390,89214687,2019-00351125,Orlando PD,Long,9/18/2019 0:00:00,12:50 PM,Orlando,Orange,408 WBO (SR 408 WBO),S MILLS AVE,10,South,Rear End,3,0,0,0,N,N,N,6000.000000000000000,Clear,Daylight,0,Rear End,W,Property Damage Only,Y,Front to Rear,Motor Vehicle in Transport,On Roadway,Non-Junction,N,Not at Intersection,State,Paved,Dry,None,None,None,None,None,None,N,N, , , , ,0,0,3,0,0,0,0,0,0,0,0,0,0.000000000000000,0.000000000000000,0,0,0,6000,"Mapped, On Network",-81.359320902500002,28.538372313200000,657890.200684000039473,506346.749454999982845,10/21/2019 11:32:23 AM,8318_8309
4429,4430,1,4429,56423,89218783,2019-00375745,Orlando PD,Short,10/8/2019 0:00:00,01:34 PM,Orlando,Orange,SR 408 EBO,SR 527 (S ORANGE AVE) EXIT RAMP,1500,West,Rear End,2,0,0,0,N,N,N,4000.000000000000000,Rain,Daylight,0,Rear End,E,Property Damage Only,Y,Front to Rear,Motor Vehicle in Transport,On Roadway,Non-Junction,N,Not at Intersection,State,Paved,Wet,None, , ,None, , ,N,N, , , , ,0,0,1,0,0,0,0,0,0,0,0,0,0.000000000000000,0.000000000000000,0,0,0,4000,"Mapped, On Network",-81.382365926099993,28.535090616100000,655647.686053000041284,505934.395476999983657,12/26/2019 2:33:38 PM,6679_6276
4430,4431,1,4430,56463,88161568,FHPD19OFF086387,FHP,Long,9/23/2019 0:00:00,05:14 PM,Orlando Expwy Auth,Orange,SR-408 ( EXIT 18),SR-417,0,West,Sideswipe,2,0,0,0,N,N,N,3600.000000000000000,Clear,Daylight,0,Same Direction Sideswipe,E,Property Damage Only,N,"Sideswipe, Same Direction",Motor Vehicle in Transport,On Roadway,Entrance/Exit Ramp,N,Not at Intersection,Turnpike/Toll,Paved,Dry,None, , ,None, , ,N,Y,Work on Shoulder or Median,Advance Warning Area,N,N,0,0,0,0,0,0,0,0,0,0,0,0,0.000000000000000,0.000000000000000,0,1,0,3600,"Mapped, On Network",-81.272207866000002,28.546611926600001,666376.103155000018887,507446.768666999996640,10/23/2019 2:01:01 PM,8412_7015
4431,4432,1,4431,56480,88252583,FHPD19OFF114282,FHP,Long,12/16/2019 0:00:00,07:49 AM,Orlando Expwy Auth,Orange,STATE RD 528,STATE RD 520,10560,West,Rear End,2,0,0,0,N,N,N,3000.000000000000000,Clear,Daylight,0,Rear End,W,Property Damage Only,N,"Sideswipe, Same Direction",Motor Vehicle in Transport,On Roadway,Non-Junction,N,Not at Intersection,Turnpike/Toll,Paved,Dry,None, , ,None, , ,N,Y,Work on Shoulder or Median,Activity Area,Y,N,0,0,2,0,0,0,0,0,0,0,0,0,0.000000000000000,0.000000000000000,0,1,0,3000,"Mapped, On Network",-81.016841325399994,28.452563148799999,691561.311407999950461,497582.571934000006877,1/15/2020 12:06:35 PM,5943_6937
4432,4433,1,4432,56528,88239668,FHPD19OFF108724,FHP,Long,11/30/2019 0:00:00,02:14 AM,Orlando Expwy Auth,Orange,CENTRAL FLORIDA GREENEWAY SR 417,MM38,0,North,Head On,2,0,0,2,N,Y,N,4000.000000000000000,Clear,Dark - Lighted,0,Head On,NS,Injury,N,Front to Front,Motor Vehicle in Transport,On Roadway,Non-Junction,N,Not at Intersection,Turnpike/Toll,Paved,Dry,None, , ,None, , ,N,N, , , , ,0,0,1,0,0,0,0,2,0,0,0,0,2.000000000000000,0.000000000000000,0,1,0,4000,"Mapped, On Network",-81.258292752499997,28.611275902999999,667575.075574000016786,514656.419606000010390,1/15/2020 1:03:32 PM,5988_6758
4433,4434,1,4433,56539,89222010,2019-00443653,Orlando PD,Short,12/3/2019 0:00:00,04:25 PM,Orlando,Orange,SR 408 EBO,SR 408 EB EXIT RAMP TO US 441(S ORANGE BLOSSOM TR),1000,West,Rear End,2,0,0,0,N,Y,N,1500.000000000000000,Clear,Daylight,0,Rear End,E,Property Damage Only,Y,Front to Rear,Motor Vehicle in Transport,On Roadway,Non-Junction,N,Not at Intersection,State,Paved,Dry,None, , ,None, , ,N,Y,Work on Shoulder or Median,Activity Area, ,N,0,0,0,0,0,0,0,0,0,0,0,0,0.000000000000000,0.000000000000000,0,0,0,1500,"Mapped, On Network",-81.402442758600003,28.535229388299999,653686.875931999995373,505908.341104999999516,1/15/2020 1:48:05 PM,8169_8242
4434,4435,1,4434,56545,89218521,2019-00362702,Orlando PD,Long,9/27/2019 0:00:00,04:45 PM,Orlando,Orange,STATE ROAD 528 WBO,STATE ROAD 436 (SEMORAN BLVD) EXIT RAMP,3700,East,Rear End,3,0,0,0,N,N,N,6000.000000000000000,Clear,Daylight,0,Rear End,W,Property Damage Only,Y,Front to Rear,Motor Vehicle in Transport,On Roadway,Non-Junction,N,Not at Intersection,State,Paved,Dry,None, , ,None, , ,N,N, , , , ,0,0,2,0,0,0,0,0,0,0,0,0,0.000000000000000,0.000000000000000,0,0,0,6000,"Mapped, On Network",-81.290982722099997,28.450025302099998,664778.610494000022300,496682.400293999991845,11/21/2019 4:38:21 PM,8183_6664
4435,4436,1,4435,56574,88188611,FHPK19OFF070830,FHP,Short,12/11/2019 0:00:00,04:39 PM,Winter Garden,Orange,STATE ROAD 429,MM 19 EXT RAMP,0,South,Rear End,3,0,0,0,N,Y,N,3800.000000000000000,Clear,Daylight,0,Rear End,S,Property Damage Only,N,Front to Rear,Motor Vehicle in Transport,On Roadway,Entrance/Exit Ramp,N,Not at Intersection,Turnpike/Toll,Paved,Dry,None, , ,None, , ,N,N, , , , ,0,0,0,0,0,0,0,0,0,0,0,0,0.000000000000000,0.000000000000000,0,1,0,3800,"Mapped, On Network",-81.606636126699996,28.511181188799998,633799.052104000002146,502834.582250999985263,12/27/2019 11:30:08 AM,6233_6759
4436,4437,1,4436,56578,88027308,FHPD19OFF113622,FHP,Long,12/14/2019 0:00:00,06:40 AM,Orlando Expwy Auth,Orange,SR-417,CURRY FORD RD,0, ,Sideswipe,2,0,0,0,N,Y,N,5000.000000000000000,Rain,Dusk,0,Same Direction Sideswipe,N,Property Damage Only,N,"Sideswipe, Same Direction",Motor Vehicle in Transport,On Roadway,Non-Junction,N,Not at Intersection,Turnpike/Toll,Paved,Wet,None, , ,None, , ,N,Y,Lane Closure,Before the First Work Zone Warning Sign,Y,Y,0,0,1,0,0,0,0,0,0,0,0,0,0.000000000000000,0.000000000000000,0,1,0,5000,"Mapped, On Network",-81.247619119299998,28.509726619399999,668868.284850999945775,503404.810417999979109,1/7/2020 5:18:25 PM,8557_8553
4437,4438,1,4437,56604,88222001,FHPD19OFF112836,FHP,Long,12/12/2019 0:00:00,04:45 PM,Orlando Expwy Auth,Orange,SR 408 (EAST-WEST EXPY),MM4,100,East,Rear End,3,0,0,0,N,Y,N,4100.000000000000000,Rain,Daylight,0,Rear End,W,Property Damage Only,N,Front to Rear,Motor Vehicle in Transport,On Roadway,Non-Junction,N,Not at Intersection,Turnpike/Toll,Paved,Wet,None, , ,None, , ,N,N, , , , ,0,0,1,0,0,0,0,0,0,0,0,0,0.000000000000000,0.000000000000000,0,1,0,4100,"Mapped, On Network",-81.468522777000004,28.549306007500000,647202.089753999956883,507337.089221999980509,2/6/2020 2:58:21 PM,6930_8210
4438,4439,1,4438,56605,88221997,FHPD19OFF111781,FHP,Long,12/9/2019 0:00:00,06:25 PM,Orlando Expwy Auth,Orange,SR-528,MM 15,300,West,Rear End,2,0,0,0,N,Y,N,5500.000000000000000,Clear,Dark - Lighted,0,Rear End,E,Property Damage Only,N,Front to Rear,Motor Vehicle in Transport,On Roadway,Non-Junction,N,Not at Intersection,Turnpike/Toll,Paved,Dry,None, , ,None, , ,N,N, , , , ,0,0,0,0,0,0,0,0,0,0,0,0,0.000000000000000,0.000000000000000,0,1,0,5500,"Mapped, On Network",-81.244540455700005,28.451140351900001,669314.348987999954261,496906.777531000028830,2/6/2020 2:50:02 PM,6666_8074
4439,4440,1,4439,56608,88252578,FHPD19OFF112595,FHP,Long,12/12/2019 0:00:00,07:15 AM,Orlando Expwy Auth,Orange,STATE RD 408,DEAN RD,20,West,Rear End,2,0,0,0,N,N,N,5750.000000000000000,Rain,Dusk,0,Rear End,W,Property Damage Only,N,Front to Rear,Motor Vehicle in Transport,On Roadway,Non-Junction,N,Not at Intersection,Turnpike/Toll,Paved,Wet,Road Surface Condition, , ,Weather Conditions, , ,N,Y,Work on Shoulder or Median,Activity Area,N,N,0,0,0,0,0,0,0,0,0,0,0,0,0.000000000000000,0.000000000000000,0,1,0,5750,"Mapped, On Network",-81.248128885400007,28.547555039900001,668724.753414000035264,507603.724226000020280,1/13/2020 10:10:17 AM,8013_8024
4440,4441,1,4440,56618,88252579,FHPD19OFF112599,FHP,Long,12/11/2019 0:00:00,09:45 AM,Orlando Expwy Auth,Orange,STATE RD 429,PLANT ST,100,South,Other,1,0,0,0,N,N,N,8000.000000000000000,Cloudy,Dark - Lighted,0,Single Vehicle,S,Property Damage Only,N,Other,Other Non-Collision,On Roadway,Non-Junction,N,Not at Intersection,Turnpike/Toll,Paved,Dry,None, , ,None, , ,N,N, , , , ,0,0,0,0,0,0,0,0,0,0,0,0,0.000000000000000,0.000000000000000,0,0,1000,7000,"Mapped, On Network",-81.557031120700003,28.571617028100000,638511.200943000032566,509640.041850999987219,1/15/2020 2:43:52 PM,8429_8423
4441,4442,1,4441,56648,89222293,2019-00450658,Orlando PD,Long,12/9/2019 0:00:00,12:54 PM,Orlando,Orange,SR 408 WEST,INTERSTATE 4 (SR 400 WEST ENTRANCE RAMP),300,East,Off Road,1,0,0,0,N,Y,N,900.000000000000000,Clear,Daylight,0,Off Road,W,Property Damage Only,Y,"Sideswipe, Same Direction",Concrete Traffic Barrier,On Roadway,Non-Junction,N,Not at Intersection,State,Paved,Dry,None, , ,None, , ,N,Y,Work on Shoulder or Median,Activity Area, ,N,0,0,1,0,0,0,0,0,0,0,0,0,0.000000000000000,0.000000000000000,0,0,0,900,"Mapped, On Network",-81.374391200299996,28.537074471800000,656421.718657999997959,506171.222275000007357,1/15/2020 12:49:19 PM,6737_6230
4442,4443,1,4442,56697,89221303,2019-00443856,Orlando PD,Short,12/4/2019 0:00:00,07:15 PM,Orlando,Orange,SR 417 NB,LANE NONA BLVD,0, ,Rear End,2,0,0,0,N,N,N,1500.000000000000000,Clear,Dark - Lighted,0,Rear End,E,Property Damage Only,Y,Front to Rear,Motor Vehicle in Transport,On Roadway,Entrance/Exit Ramp,N,T-Intersection,State,Paved,Dry,None, , ,None, , ,N,N, , , , ,0,0,0,0,0,0,0,0,0,0,0,0,0.000000000000000,0.000000000000000,0,0,0,1500,"Mapped, On Network",-81.277366558699995,28.378938145700001,666283.526108999969438,488818.934550000005402,12/24/2019 10:41:31 AM,8520_8502
4443,4444,1,4443,56699,89221263,2019-00441850,Orlando PD,Short,12/2/2019 0:00:00,08:30 AM,Orlando,Orange,SR 408 WEST (EW WESTBOUND),ANDES AVE,0, ,Rear End,2,0,0,0,N,N,N,7000.000000000000000,Clear,Daylight,0,Rear End,W,Property Damage Only,Y,Front to Rear,Motor Vehicle in Transport,On Roadway,Non-Junction,N,Not at Intersection,State,Paved,Dry,None, , ,None, , ,N,N, , , , ,0,0,0,0,0,0,0,0,0,0,0,0,0.000000000000000,0.000000000000000,0,0,0,7000,"Mapped, On Network",-81.319203339599994,28.539984081299998,661803.600772000034340,506610.239393000025302,12/24/2019 10:41:03 AM,8188_6226
4444,4445,1,4444,56700,89219550,2019-00437714,Orlando PD,Long,11/28/2019 0:00:00,02:31 AM,Orlando,Orange,EW EBO SR408,ORANGE AVE,0, ,Other,1,0,0,1,Y,N,N,12000.000000000000000,Clear,Dark - Unknown Lighting,0,Single Vehicle,E,Injury,Y,Other,Motor Vehicle in Transport,On Roadway,Non-Junction,N,Not at Intersection,State,Paved,Dry,None, , ,None, , ,N,N, , , , ,0,0,0,0,0,0,0,0,1,0,0,0,0.000000000000000,1.000000000000000,0,0,0,12000,"Mapped, On Network",-81.378215810200004,28.535683242099999,656051.541292999987490,506008.805791000020690,12/24/2019 10:43:12 AM,6679_6276
4445,4446,1,4445,56767,89222261,2019-00443914,Orlando PD,Long,12/4/2019 0:00:00,06:41 PM,Orlando,Orange,EBO SR 408,TAMPA AV EXIT RAMP,500,West,Rear End,4,0,0,1,N,N,N,4500.000000000000000,Clear,Dark - Lighted,0,Rear End,E,Injury,Y,Front to Rear,Motor Vehicle in Transport,On Roadway,Non-Junction,N,Not at Intersection,State,Paved,Dry,None, , ,None, , ,N,N, , , , ,0,0,1,0,0,0,0,1,0,0,0,0,0.000000000000000,0.000000000000000,0,1,0,4500,"Mapped, On Network",-81.408722647800005,28.538645507500000,653065.677974999998696,506274.733895000012126,1/15/2020 12:33:55 PM,8213_8169