FID,OBJECTID_1,Join_Count,TARGET_FID,OBJECTID,HSMV_Repor,Agency_Rep,Reporting_,Form_Type,Crash_Date,Crash_Time,City,County,Crash_Stre,Intersecti,Offset_Dis,Offset_Dir,Crash_Type,Vehicles,Non_Motori,Fatalities,Injuries,Alcohol_Re,Distractio,Drug_Relat,Estimated_,Weather_Co,Light_Cond,Street_Num,Crash_Ty_1,Crash_Ty_2,Crash_Seve,Within_Cit,Manner_of_,First_Harm,First_HE_L,First_HE_R,First_HE_W,Type_of_In,Road_Sys_I,Type_of_Sh,Road_Surf_,Contrib_Ci,Contrib__1,Contrib__2,Contrib__3,Contrib__4,Contrib__5,School_Bus,Work_Zone_,Type_of_Wo,Loc_in_Wor,Workers_in,Law_Enforc,Mopeds,Motorcycle,Passengers,Bicyclists,Pedestrian,Fataliti_1,Injuries_U,Possible_I,Non_Incapa,Incapacita,Fataliti_2,Non_Traffi,Transporte,Transpor_1,Transpor_2,Citations,Property_D,Vehicle_Dm,S4_Mapping,S4_Decimal,S4_Decim_1,S4_Albers_,S4_Albers1,S4_Mappi_1,zone_id_st
4446,4447,1,4446,56841,89218894,2019-00417108,Orlando PD,Long,11/11/2019 0:00:00,07:40 AM,Orlando,Orange,S.R. 528 / BEE LINE EXPRESSWAY - WEST,S.R. 551 / S. GOLDENROD ROAD,900,East,Rear End,3,0,0,0,N,N,N,10001.000000000000000,Clear,Daylight,0,Rear End,W,Property Damage Only,Y,Front to Rear,Motor Vehicle in Transport,On Roadway,Non-Junction,N,Not at Intersection,State,Paved,Dry,None, , ,None, , ,N,N, , , , ,0,0,0,0,0,0,0,0,0,0,0,0,0.000000000000000,0.000000000000000,0,0,0,10001,"Mapped, On Network",-81.278591697600007,28.448656876099999,665992.863264000043273,496557.131368000002112,1/23/2020 3:56:18 PM,6665_8172
4447,4448,1,4447,56866,88163857,FHPK19OFF072226,FHP,Long,12/18/2019 0:00:00,01:14 PM,Winter Garden,Orange,SR 429(DANIEL WEBSTER WESTERN BELTWAY),WEST COLONIAL DRIVE,21120,North,Sideswipe,2,0,0,3,N,N,N,6000.000000000000000,Clear,Daylight,0,Same Direction Sideswipe,S,Injury,N,Other,Motor Vehicle in Transport,On Roadway,Non-Junction,N,Not at Intersection,Turnpike/Toll,Paved,Dry,None, , ,None, , ,N,N, , , , ,0,0,1,0,0,0,0,3,0,0,0,0,0.000000000000000,0.000000000000000,0,0,0,6000,"Mapped, On Network",-81.551730398700002,28.598670545099999,638969.005636999965645,512654.153867000015453,12/27/2019 10:45:16 AM,8393_6248
4448,4449,1,4448,56897,88186402,FHPK19OFF071461,FHP,Long,12/14/2019 0:00:00,08:12 AM,Winter Garden,Orange,STATE ROAD 429,NEW INDEPENDENCE PARKWAY,100,North,Off Road,1,0,0,0,N,N,N,18000.000000000000000,Rain,Daylight,0,Off Road,S,Property Damage Only,N,Other,Utility Pole/Light Support,Off Roadway,Non-Junction,N,Not at Intersection,Turnpike/Toll,Paved,Wet,Road Surface Condition, , ,Weather Conditions, , ,N,N, , , , ,0,0,0,0,0,0,0,0,0,0,0,0,0.000000000000000,0.000000000000000,0,0,6000,12000,"Mapped, On Network",-81.631362517400007,28.470539538000001,631470.609763000044040,498275.268497999990359,2/6/2020 1:58:28 PM,8048_8037
4449,4450,1,4449,56914,88242282,FHPD19OFF113638,FHP,Long,12/14/2019 0:00:00,07:40 AM,Orlando,Orange,STATE ROAD 408 EAST WEST EXPRESSWAY,KIRKMAN ROAD,0, ,Left Turn,2,0,0,4,N,N,N,13000.000000000000000,Cloudy,Daylight,0,Left Leaving,S,Injury,N,Angle,Motor Vehicle in Transport,On Roadway,Non-Junction,N,Y-Intersection,State,Curb,Dry,None, , ,None, , ,N,N, , , , ,0,0,2,0,0,0,0,0,4,0,0,0,4.000000000000000,0.000000000000000,0,1,0,13000,"Mapped, On Network",-81.457195092399999,28.549050974699998,648308.680649999994785,507331.531200999976136,1/23/2020 4:51:48 PM,8201_8203
4450,4451,1,4450,56917,88188614,FHPK19OFF071086,FHP,Long,12/12/2019 0:00:00,02:25 PM,Winter Garden,Orange,STATE ROAD 429,MM 21,0,South,Sideswipe,2,0,0,0,N,N,N,1210.000000000000000,Rain,Daylight,0,Same Direction Sideswipe,S,Property Damage Only,N,Other,Motor Vehicle in Transport,On Roadway,Non-Junction,N,Not at Intersection,Turnpike/Toll,Paved,Wet,None, , ,None, , ,N,N, , , , ,0,0,0,0,0,0,0,0,0,0,0,0,0.000000000000000,0.000000000000000,0,0,0,1210,"Mapped, On Network",-81.557601446600003,28.535210689300001,638535.600468000047840,505596.598824999993667,1/15/2020 11:13:50 AM,8524_6989
4451,4452,1,4451,56924,88156351,FHPK19OFF070288,FHP,Short,12/8/2019 0:00:00,05:06 PM,Winter Garden,Orange,STATE ROAD 429,MILE MARKER 18,0, ,Rear End,2,0,0,0,N,Y,N,6500.000000000000000,Clear,Daylight,0,Rear End,S,Property Damage Only,N,Front to Rear,Motor Vehicle in Transport,On Roadway,Non-Junction,N,Not at Intersection,Turnpike/Toll,Paved,Dry,None, , ,None, , ,N,N, , , , ,0,0,0,0,0,0,0,0,0,0,0,0,0.000000000000000,0.000000000000000,0,1,0,6500,"Mapped, On Network",-81.609130003600001,28.508784820199999,633560.624378000036813,502563.775102999992669,2/6/2020 2:54:57 PM,6233_6759
4452,4453,1,4452,56925,85579117,FHPD19OFF112579,FHP,Long,12/12/2019 0:00:00,06:27 AM,Unincorporated,Orange,STATE ROAD 417 SOUTH BOUND,COLONIAL DRIVE ENTRANCE RAMP,10,North,Rear End,2,0,0,1,N,N,N,8500.000000000000000,Rain,Dawn,0,Rear End,S,Injury,N,Front to Rear,Motor Vehicle in Transport,On Roadway,Non-Junction,N,Not at Intersection,State,Unpaved,Wet,None, , ,None, , ,N,N, , , , ,0,0,0,0,0,0,0,0,1,0,0,0,0.000000000000000,0.000000000000000,0,1,0,8500,"Mapped, On Network",-81.265903353300004,28.568625085899999,666937.456151999998838,509904.489148000022396,12/19/2019 1:50:37 PM,8451_2531
4453,4454,1,4453,57000,88160877,FHPK19OFF070722,FHP,Short,12/11/2019 0:00:00,09:54 AM,Ocoee,Orange,STATE ROAD 408,STATE ROAD 91 (FLORIDAS TURNPIKE),5280,East,Sideswipe,2,0,0,0,N,N,N,500.000000000000000,Cloudy,Daylight,0,Same Direction Sideswipe,W,Property Damage Only,N,"Sideswipe, Same Direction",Motor Vehicle in Transport,On Roadway,Non-Junction,N,Not at Intersection,Turnpike/Toll,Paved,Dry,None, , ,None, , ,N,N, , , , ,0,0,1,0,0,0,0,0,0,0,0,0,0.000000000000000,0.000000000000000,0,1,0,500,"Mapped, On Network",-81.509991490299996,28.545417545100001,643161.889368999982253,506822.891569000028539,12/27/2019 11:43:23 AM,8150_8116
4454,4455,1,4454,57014,88156352,FHPK19OFF071356,FHP,Short,12/13/2019 0:00:00,05:43 PM,Unincorporated,Orange,STATE ROAD 429 ENTRANCE RAMP,STATE ROAD 91 (FLORIDAS TURNPIKE),0, ,Rear End,2,0,0,0,N,Y,N,1000.000000000000000,Clear,Dusk,0,Rear End,S,Property Damage Only,N,Front to Rear,Motor Vehicle in Transport,On Roadway,Entrance/Exit Ramp,Y,Not at Intersection,Turnpike/Toll,Paved,Dry,None, , ,None, , ,N,N, , , , ,0,0,0,0,0,0,0,0,0,0,0,0,0.000000000000000,0.000000000000000,0,4,0,1000,"Mapped, On Network",-81.559338410899997,28.553578192400000,638325.613086999976076,507632.658751000009943,1/6/2020 3:57:06 PM,8423_8507
4455,4456,1,4455,57015,88156350,FHPK19OFF069939,FHP,Long,12/6/2019 0:00:00,06:36 PM,Winter Garden,Orange,STATE ROAD 429,MILE MARKER 16,0, ,Other,1,0,0,0,N,N,N,5000.000000000000000,Clear,Daylight,0,Single Vehicle,S,Property Damage Only,N,Other,Other Non-Fixed Object,On Roadway,Non-Junction,N,Not at Intersection,Turnpike/Toll,Curb,Dry,Debris, , ,None, , ,N,N, , , , ,0,0,0,0,0,0,0,0,0,0,0,0,0.000000000000000,0.000000000000000,0,0,0,5000,"Mapped, On Network",-81.626572665300003,28.487699928000001,631901.953252000035718,500189.684975999989547,2/6/2020 1:50:55 PM,6859_8039
4456,4457,1,4456,57044,89220162,2019-00404401,Orlando PD,Long,11/1/2019 0:00:00,05:22 PM,Orlando,Orange,SR 528 EBO,NARCOOSSEE RD EXIT RAMP,1000,West,Unknown,2,0,0,0,N,N,N,4000.000000000000000,Clear,Daylight,0,Unknown, ,Property Damage Only,Y,Angle,Motor Vehicle in Transport,On Roadway,Non-Junction,N,Not at Intersection,State,Paved,Dry,None, , ,None, , ,N,N, , , , ,0,0,0,0,0,0,0,0,0,0,0,0,0.000000000000000,0.000000000000000,0,0,0,4000,"Mapped, On Network",-81.273434702499998,28.448400909600000,666497.458966000005603,496539.845901999971829,1/23/2020 4:55:51 PM,6156_8052
4457,4458,1,4457,57108,88204701,FHPD19OFF113045,FHP,Long,12/12/2019 0:00:00,09:35 PM,Unincorporated,Orange,STATE ROAD 417,STATE ROAD 536 (WORLD CENTER DRIVE),5280,North,Unknown,2,0,0,0,N,N,N,2800.000000000000000,Rain,Dark - Lighted,0,Unknown, ,Property Damage Only,N,Angle,Motor Vehicle in Transport,On Roadway,Non-Junction,Y,Not at Intersection,State,Paved,Wet,Road Surface Condition, , ,Weather Conditions, , ,N,N, , , , ,0,0,0,0,0,0,0,0,0,0,0,0,0.000000000000000,0.000000000000000,0,1,0,2800,"Mapped, On Network",-81.466951287100002,28.353812794300001,647801.464081999962218,485634.046987999987323,1/15/2020 11:16:06 AM,8581_7010
4458,4459,1,4458,57109,88208491,FHPK19OFF070983,FHP,Long,12/12/2019 0:00:00,08:54 AM,Orlando,Orange,STATE ROAD 408,STATE ROAD 417,500,East,Rear End,2,0,0,0,N,N,N,1000.000000000000000,Rain,Daylight,0,Rear End,W,Property Damage Only,N,Other,Motor Vehicle in Transport,On Roadway,Non-Junction,N,Not at Intersection,Turnpike/Toll,Paved,Wet,None, , ,None, , ,N,N, , , , ,0,0,0,0,0,0,0,0,0,0,0,0,0.000000000000000,0.000000000000000,0,1,0,1000,"Mapped, On Network",-81.253341120499996,28.547541759000001,668215.887158000026830,507590.902001000009477,1/14/2020 2:34:31 PM,8013_8024
4459,4460,1,4459,57124,88242347,FHPD19OFF111977,FHP,Long,12/10/2019 0:00:00,01:01 PM,Orlando Expwy Auth,Orange,SR417 NB OFF RAMP,SR408 WB,0, ,Off Road,1,0,0,0,N,N,N,4000.000000000000000,Clear,Daylight,0,Off Road,N,Property Damage Only,N,Other,Guardrail End,Shoulder,Entrance/Exit Ramp,N,Not at Intersection,Turnpike/Toll,Paved,Dry,None, , ,None, , ,N,Y,Work on Shoulder or Median,Activity Area,N,N,0,0,0,0,0,0,0,0,0,0,0,0,0.000000000000000,0.000000000000000,0,1,1000,3000,"Mapped, On Network",-81.258434262999998,28.548059784800000,667717.336284999968484,507637.349950000003446,1/15/2020 12:22:39 PM,11876_8570
4460,4461,1,4460,57243,88243551,FHPD19OFF113798,FHP,Long,12/14/2019 0:00:00,03:33 PM,Orlando Expwy Auth,Orange,STATE ROAD 408 EASTBOUND,MILE MARKER 19,0, ,Rear End,4,0,0,2,N,Y,N,37000.000000000000000,Clear,Daylight,0,Rear End,E,Injury,N,Front to Rear,Motor Vehicle in Transport,On Roadway,Non-Junction,N,Not at Intersection,Turnpike/Toll,Paved,Dry,None, , ,None, , ,N,Y,Intermittent or Moving Work,Transition Area,N,N,0,0,0,0,0,0,0,2,0,0,0,0,2.000000000000000,0.000000000000000,0,1,0,37000,"Mapped, On Network",-81.237671447099999,28.547101783199999,669746.896512000006624,507576.232027999998536,2/6/2020 1:41:07 PM,8009_6303
4461,4462,1,4461,57254,88217772,FHPD19OFF111906,FHP,Long,12/10/2019 0:00:00,09:15 AM,Orlando Expwy Auth,Orange,SR-408 (MM6),OLD WINTER GARDEN ROAD,200,West,Sideswipe,2,0,0,0,N,N,N,2400.000000000000000,Clear,Daylight,0,Same Direction Sideswipe,E,Property Damage Only,N,Angle,Motor Vehicle in Transport,On Roadway,Non-Junction,N,Not at Intersection,Turnpike/Toll,Paved,Dry,None, , ,None, , ,N,N, , , , ,0,0,0,0,0,0,0,0,0,0,0,0,0.000000000000000,0.000000000000000,0,1,0,2400,"Mapped, On Network",-81.426818909800005,28.545777360399999,651282.117712000035681,507029.587931999994908,1/6/2020 3:21:05 PM,8237_6011
4462,4463,1,4462,57255,88217771,FHPD19OFF111869,FHP,Long,12/10/2019 0:00:00,07:46 AM,Orlando Expwy Auth,Orange,SR-408 (MM16),GOLDENROD ROAD,200,East,Rear End,2,0,0,1,N,N,N,4400.000000000000000,Clear,Daylight,0,Rear End,W,Injury,N,Front to Rear,Motor Vehicle in Transport,On Roadway,Non-Junction,N,Not at Intersection,Turnpike/Toll,Paved,Dry,None, , ,None, , ,N,N, , , , ,0,0,1,0,0,0,0,1,0,0,0,0,0.000000000000000,0.000000000000000,0,2,0,4400,"Mapped, On Network",-81.280447148600004,28.543230423600001,665579.927421999978833,507053.553300999978092,1/6/2020 3:21:24 PM,6918_8406
4463,4464,1,4463,57265,89222061,2019-00445715,Orlando PD,Long,12/5/2019 0:00:00,07:58 AM,Orlando,Orange,SR 408 WEST,S MILLS AV EXIT RAMP,150,East,Rear End,3,0,0,2,N,Y,N,11700.000000000000000,Clear,Daylight,0,Rear End,W,Injury,Y,Front to Rear,Motor Vehicle in Transport,On Roadway,Non-Junction,N,Not at Intersection,State,Curb,Dry,None, , ,None, , ,N,N, , , , ,0,0,0,0,0,0,0,1,1,0,0,0,1.000000000000000,0.000000000000000,0,1,0,11700,"Mapped, On Network",-81.363390996899994,28.537494634800002,657494.857500000041910,506240.795064000005368,1/6/2020 3:42:25 PM,8309_8313
4464,4465,1,4464,57304,88204252,FHPD19OFF107511,FHP,Long,11/26/2019 0:00:00,08:47 AM,Unincorporated,Seminole,STATE ROAD 417 (CENTRAL FLORIDA GREENWAY),MILE MARKER 38,1760,South,Rear End,4,0,0,2,N,N,N,12700.000000000000000,Clear,Daylight,0,Rear End,S,Injury,N,Front to Rear,Motor Vehicle in Transport,On Roadway,Non-Junction,N,Not at Intersection,State,Paved,Dry,None, , ,None, , ,N,Y,Work on Shoulder or Median,Activity Area,Y,N,0,0,0,0,0,0,0,1,1,0,0,0,1.000000000000000,0.000000000000000,0,1,0,12700,"Mapped, On Network",-81.258446894599999,28.610661139800001,667561.552383000031114,514587.829384999989998,1/8/2020 2:26:40 PM,6052_8088
4465,4466,1,4465,57330,85579116,FHPD19OFF112245,FHP,Long,12/11/2019 0:00:00,07:00 AM,Unincorporated,Orange,STATE ROAD 417 SOUTH BOUND,COLONIAL DRIVE,0,South,Rear End,2,0,0,0,N,N,N,3000.000000000000000,Clear,Daylight,0,Rear End,S,Property Damage Only,N,Front to Rear,Motor Vehicle in Transport,On Roadway,Non-Junction,N,Not at Intersection,State,Paved,Dry,None, , ,None, , ,N,N, , , , ,0,0,3,0,0,0,0,0,0,0,0,0,0.000000000000000,0.000000000000000,0,2,0,3000,"Mapped, On Network",-81.266395393500005,28.568100784599999,666890.715422000037506,509845.211836999980733,12/19/2019 1:50:18 PM,8572_8453
4466,4467,1,4466,57332,85556732,FHPD19OFF084929,FHP,Long,9/19/2019 0:00:00,02:30 AM,Unincorporated,Orange,SR408 MM20 EB,SR417,1000,East,Off Road,1,0,0,1,N,Y,N,9265.000000000000000,Clear,Dark - Lighted,0,Off Road,E,Injury,N,Other,Impact Attenuator/Crash Cushion,On Roadway,Non-Junction,N,Not at Intersection,State,Paved,Dry,None, , ,None, , ,N,N, , , , ,0,0,0,0,0,0,0,1,0,0,0,0,0.000000000000000,0.000000000000000,0,2,500,8765,"Mapped, On Network",-81.220419022300007,28.547396853799999,671430.607197999954224,507646.850037000025623,1/15/2020 5:40:12 PM,8077_8070
4467,4468,1,4467,57336,89220034,2019-00414829,Orlando PD,Long,11/9/2019 0:00:00,12:00 AM,Orlando,Orange,408 E,TAMPA AVE,500,South,Rear End,2,0,0,0,N,N,N,7000.000000000000000,Rain,Dark - Lighted,0,Rear End,E,Property Damage Only,Y,Front to Rear,Motor Vehicle in Transport,On Roadway,Non-Junction,N,Not at Intersection,State,Paved,Wet,None, , ,None, , ,N,N, , , , ,0,0,1,0,0,0,0,0,0,0,0,0,0.000000000000000,0.000000000000000,0,0,0,7000,"Mapped, On Network",-81.403842787299993,28.535625223400000,653549.238819999969564,505949.411774999985937,1/8/2020 9:15:23 AM,8169_8242
4468,4469,1,4468,57416,88217776,FHPD19OFF114250,FHP,Long,12/16/2019 0:00:00,06:37 AM,Orlando Expwy Auth,Orange,SR-417 (MM30),CURRY FORD RD,20,North,Other,3,0,0,0,N,N,N,3000.000000000000000,Clear,Dark - Lighted,0,Other,S,Property Damage Only,N,Other,Other Non-Fixed Object,On Roadway,Non-Junction,N,Not at Intersection,Turnpike/Toll,Paved,Dry,None, , ,None, , ,N,N, , , , ,0,0,0,0,0,0,0,0,0,0,0,0,0.000000000000000,0.000000000000000,0,0,0,3000,"Mapped, On Network",-81.250365418700000,28.515592509200001,668585.530626000021584,504050.106269999989308,2/6/2020 3:11:06 PM,6968_8555
4469,4470,1,4469,57417,88217777,FHPD19OFF114278,FHP,Long,12/16/2019 0:00:00,07:49 AM,Orlando Expwy Auth,Orange,SR-417 (MM33),SR-50,5280,South,Sideswipe,2,0,0,1,N,N,N,1800.000000000000000,Clear,Daylight,0,Same Direction Sideswipe,N,Injury,N,Angle,Motor Vehicle in Transport,On Roadway,Non-Junction,N,Not at Intersection,Turnpike/Toll,Paved,Dry,None, , ,None, , ,N,Y,Work on Shoulder or Median,Advance Warning Area,Y,N,0,0,0,0,0,0,0,0,1,0,0,0,0.000000000000000,0.000000000000000,0,1,0,1800,"Mapped, On Network",-81.263977672600006,28.553060202699999,667163.784111000015400,508180.515885000000708,2/6/2020 3:12:03 PM,11876_8570
4470,4471,1,4470,57421,88217773,FHPD19OFF111894,FHP,Long,12/10/2019 0:00:00,08:45 AM,Orlando Expwy Auth,Orange,SR-417 (MM16),BOGGY CREEK RD,5280,South,Rear End,2,0,0,0,N,N,N,2600.000000000000000,Clear,Daylight,0,Rear End,S,Property Damage Only,N,Front to Rear,Motor Vehicle in Transport,On Roadway,Non-Junction,N,Not at Intersection,Turnpike/Toll,Paved,Dry,None, , ,None, , ,N,N, , , , ,0,0,0,0,0,0,0,0,0,0,0,0,0.000000000000000,0.000000000000000,0,1,0,2600,"Mapped, On Network",-81.324847986600005,28.367362369900000,661668.290081999963149,487432.031923000002280,1/6/2020 3:20:47 PM,6618_6299
4471,4472,1,4471,57437,88252581,FHPD19OFF113253,FHP,Long,12/13/2019 0:00:00,11:32 AM,Orlando Expwy Auth,Orange,STATE RD 417,UNIVERSITY BLV,5280,South,Rear End,2,0,0,0,N,N,N,4500.000000000000000,Cloudy,Daylight,0,Rear End,N,Property Damage Only,N,Front to Rear,Motor Vehicle in Transport,On Roadway,Non-Junction,N,Not at Intersection,Turnpike/Toll,Paved,Wet,None, , ,None, , ,N,Y,Work on Shoulder or Median,Activity Area,Y,N,0,0,1,0,0,0,0,0,0,0,0,0,0.000000000000000,0.000000000000000,0,1,0,4500,"Mapped, On Network",-81.253074383799998,28.590201540900001,668136.404955000034533,512327.914690000005066,1/15/2020 2:42:39 PM,6318_8120
4472,4473,1,4472,57438,88252580,FHPD19OFF113128,FHP,Long,12/13/2019 0:00:00,05:43 AM,Orlando Expwy Auth,Orange,STATE RD 417,STATE RD 408,0,North,Other,1,0,0,0,N,N,N,800.000000000000000,Rain,Dark - Lighted,0,Single Vehicle,N,Property Damage Only,N,Other,Other Non-Collision,On Roadway,Non-Junction,N,Not at Intersection,Turnpike/Toll,Paved,Wet,Road Surface Condition,Other, ,Other,Weather Conditions, ,N,Y,Work on Shoulder or Median,Advance Warning Area,N,N,0,0,0,0,0,0,0,0,0,0,0,0,0.000000000000000,0.000000000000000,0,0,300,500,"Mapped, On Network",-81.263607605800004,28.552416237100001,667201.500846000039019,508109.819220000004862,1/15/2020 2:43:28 PM,8453_8568
4473,4474,1,4473,57439,88252577,FHPD19OFF111564,FHP,Long,12/9/2019 0:00:00,08:05 AM,Orlando Expwy Auth,Orange,STATE RD 408,PAUL ST,150,West,Rear End,4,0,0,1,N,N,N,15750.000000000000000,Clear,Daylight,0,Rear End,E,Injury,N,Front to Rear,Motor Vehicle in Transport,On Roadway,Non-Junction,N,Not at Intersection,Turnpike/Toll,Paved,Dry,None, , ,None, , ,N,N, , , , ,0,0,0,0,0,0,0,1,0,0,0,0,1.000000000000000,0.000000000000000,0,1,750,15000,"Mapped, On Network",-81.465092501300006,28.549687716400001,647536.142196999979205,507386.352402999997139,1/28/2020 11:10:45 AM,6068_8208
4474,4475,1,4474,57462,89221525,2019-00428393,Orlando PD,Long,11/20/2019 0:00:00,02:10 PM,Orlando,Orange,I4 (SR 400) INTERCHANGE TO SR 408,SR 408,0,South,Rear End,3,0,0,1,N,N,N,5000.000000000000000,Clear,Daylight,0,Rear End,N,Injury,Y,Front to Rear,Motor Vehicle in Transport,On Roadway,Entrance/Exit Ramp,Y,Not at Intersection,Interstate,Paved,Dry,None, , ,None, , ,N,N, , , , ,0,0,0,0,0,0,0,1,0,0,0,0,0.000000000000000,0.000000000000000,0,0,0,5000,"Mapped, On Network",-81.383245657000003,28.534981342100000,655562.038718000054359,505920.439190000004601,2/6/2020 2:45:08 PM,6679_6276
4475,4476,1,4475,57471,89220911,2019-00425880,Orlando PD,Long,11/18/2019 0:00:00,04:03 PM,Orlando,Orange,SR 408 EAST,S ORANGE BLOSSOM TRL ENTRANCE RAMP,1000,West,Rear End,2,0,0,0,N,N,N,5250.000000000000000,Clear,Daylight,0,Rear End,E,Property Damage Only,Y,Front to Rear,Motor Vehicle in Transport,On Roadway,Non-Junction,N,Not at Intersection,State,Paved,Dry,None, , ,None, , ,N,N, , , , ,0,0,0,0,0,0,0,0,0,0,0,0,0.000000000000000,0.000000000000000,0,0,0,5250,"Mapped, On Network",-81.400619419600005,28.535084749900001,653865.262041999958456,505896.034087000007275,12/27/2019 6:25:49 PM,8169_8242
4476,4477,1,4476,57514,88191245,FHPD19OFF113069,FHP,Long,12/12/2019 0:00:00,10:23 PM,Orlando,Orange,STATE ROAD 417 NB MILE MARKER 24,DOWDEN ROAD,0,North,Rear End,2,0,0,0,N,N,N,14000.000000000000000,Rain,Dark - Lighted,0,Rear End,N,Property Damage Only,N,Front to Rear,Motor Vehicle in Transport,On Roadway,Non-Junction,N,Not at Intersection,State,Paved,Wet,None, , ,None, , ,N,N, , , , ,0,0,2,0,0,0,0,0,0,0,0,0,0.000000000000000,0.000000000000000,0,1,0,14000,"Mapped, Not On Network",-81.228920000000002,28.433480049100002,670884.881634999997914,494980.192350000026636,12/18/2019 10:16:24 PM,8538_6642
4477,4478,1,4477,57523,88217775,FHPD19OFF113208,FHP,Long,12/13/2019 0:00:00,09:02 AM,Orlando Expwy Auth,Orange,SR-417 (MM37),UNIVERSITY BLVD,200,North,Rear End,2,0,0,1,N,N,N,6600.000000000000000,Rain,Daylight,0,Rear End,S,Injury,N,Front to Rear,Motor Vehicle in Transport,On Roadway,Non-Junction,N,Not at Intersection,Turnpike/Toll,Paved,Wet,None, , ,None, , ,N,Y,Work on Shoulder or Median,Advance Warning Area,Y,N,0,0,1,0,0,0,0,1,0,0,0,0,0.000000000000000,0.000000000000000,0,1,0,6600,"Mapped, On Network",-81.250142382500002,28.598107293000002,668402.982928000041284,513212.051335000025574,1/6/2020 3:19:56 PM,8588_8118
4478,4479,1,4478,57528,88243550,FHPD19OFF113513,FHP,Long,12/13/2019 0:00:00,08:53 PM,Orlando Expwy Auth,Orange,STATE ROAD 417 NORTHBOUND,MILE MARKER 31,0, ,Rear End,2,0,0,0,N,Y,N,15000.000000000000000,Clear,Dark - Lighted,0,Rear End,N,Property Damage Only,N,Front to Rear,Motor Vehicle in Transport,On Roadway,Non-Junction,N,Not at Intersection,Turnpike/Toll,Paved,Dry,None, , ,None, , ,N,Y,Lane Closure,Activity Area,Y,Y,0,0,1,0,0,0,0,0,0,0,0,0,0.000000000000000,0.000000000000000,0,1,0,15000,"Mapped, On Network",-81.250735510900000,28.529429897299998,668515.127790999948047,505585.643319000024348,1/15/2020 11:17:28 AM,6689_11878
4479,4480,1,4479,57535,88242353,FHPD19OFF113432,FHP,Long,12/13/2019 0:00:00,05:54 PM,Orlando Expwy Auth,Orange,STATE ROAD 408EB MM9,JOHN YOUNG PKWY,0,South,Rear End,2,0,0,1,N,N,N,8000.000000000000000,Cloudy,Dusk,0,Rear End,S,Injury,N,Front to Rear,Motor Vehicle in Transport,On Roadway,Non-Junction,N,Not at Intersection,Turnpike/Toll,Paved,Wet,None, , ,None, , ,N,N, , , , ,0,0,1,0,0,0,0,0,1,0,0,0,0.000000000000000,0.000000000000000,0,1,0,8000,"Mapped, On Network",-81.409804354499997,28.539464550700000,652958.142955000046641,506363.453969999973197,1/15/2020 12:45:32 PM,8213_8169
4480,4481,1,4480,57550,89222390,2019-00452891,Orlando PD,Long,12/11/2019 0:00:00,07:01 AM,Orlando,Orange,SR 408 WBO,S SEMORAN BV,250,West,Unknown,2,0,0,0,N,N,N,1000.000000000000000,Clear,Daylight,0,Unknown, ,Property Damage Only,Y,Angle,Motor Vehicle in Transport,On Roadway,Non-Junction,N,Not at Intersection,State,Paved,Dry,None, , ,None, , ,N,N, , , , ,0,0,0,0,0,0,0,0,0,0,0,0,0.000000000000000,0.000000000000000,0,0,0,1000,"Mapped, On Network",-81.310079924799993,28.539614439299999,662695.337550999945961,506588.600732000020798,12/23/2019 6:12:33 PM,6256_8188
4481,4482,1,4481,57552,89221386,2019-00445897,Orlando PD,Short,12/5/2019 0:00:00,07:45 AM,Orlando,Orange,SR 408 WBO,MILLS AVE EXIT RAMP,2500,East,Rear End,2,0,0,0,N,N,N,7500.000000000000000,Clear,Daylight,0,Rear End,W,Property Damage Only,Y,Front to Rear,Motor Vehicle in Transport,On Roadway,Non-Junction,N,Not at Intersection,State,Paved,Dry,None, , ,None, , ,N,N, , , , ,0,0,0,0,0,0,0,0,0,0,0,0,0.000000000000000,0.000000000000000,0,0,0,7500,"Mapped, On Network",-81.356344835599998,28.538370553899998,658180.804736000020057,506352.781535000016447,12/24/2019 8:58:50 AM,6185_8318
4482,4483,1,4482,57563,85204422,FHPD19OFF110293,FHP,Long,12/5/2019 0:00:00,08:00 AM,Unincorporated,Orange,EAST-WEST EXPY,STATE ROAD 551,5280,West,Rear End,2,0,0,0,N,N,N,6000.000000000000000,Clear,Daylight,0,Rear End,W,Property Damage Only,N,Front to Rear,Motor Vehicle in Transport,On Roadway,Non-Junction,N,Not at Intersection,State,Paved,Dry,None, , ,None, , ,N,N, , , , ,0,0,0,0,0,0,0,0,0,0,0,0,0.000000000000000,0.000000000000000,0,1,0,6000,"Mapped, On Network",-81.302608521200000,28.539658707899999,663424.764817000017501,506609.454191000026185,12/18/2019 3:47:35 PM,6883_8376