FID,OBJECTID_1,Join_Count,TARGET_FID,OBJECTID,HSMV_Repor,Agency_Rep,Reporting_,Form_Type,Crash_Date,Crash_Time,City,County,Crash_Stre,Intersecti,Offset_Dis,Offset_Dir,Crash_Type,Vehicles,Non_Motori,Fatalities,Injuries,Alcohol_Re,Distractio,Drug_Relat,Estimated_,Weather_Co,Light_Cond,Street_Num,Crash_Ty_1,Crash_Ty_2,Crash_Seve,Within_Cit,Manner_of_,First_Harm,First_HE_L,First_HE_R,First_HE_W,Type_of_In,Road_Sys_I,Type_of_Sh,Road_Surf_,Contrib_Ci,Contrib__1,Contrib__2,Contrib__3,Contrib__4,Contrib__5,School_Bus,Work_Zone_,Type_of_Wo,Loc_in_Wor,Workers_in,Law_Enforc,Mopeds,Motorcycle,Passengers,Bicyclists,Pedestrian,Fataliti_1,Injuries_U,Possible_I,Non_Incapa,Incapacita,Fataliti_2,Non_Traffi,Transporte,Transpor_1,Transpor_2,Citations,Property_D,Vehicle_Dm,S4_Mapping,S4_Decimal,S4_Decim_1,S4_Albers_,S4_Albers1,S4_Mappi_1,zone_id_st
4483,4484,1,4483,57606,88027310,FHPD19OFF114020,FHP,Long,12/15/2019 0:00:00,05:11 AM,Orlando Expwy Auth,Orange,SR-528,DALLAS BLVD,5280,West,Off Road,1,0,0,1,N,Y,N,15000.000000000000000,Clear,Dark - Not Lighted,0,Off Road,E,Injury,N,Other,Tree (standing),Off Roadway,Non-Junction,N,Not at Intersection,Turnpike/Toll,Paved,Dry,None, , ,None, , ,N,N, , , , ,0,0,0,0,0,0,0,1,0,0,0,0,0.000000000000000,0.000000000000000,0,0,0,15000,"Mapped, On Network",-81.110724568400002,28.451296359000001,682390.562717000022531,497223.442620999994688,1/8/2020 3:00:32 PM,8101_6488
4484,4485,1,4484,57607,88027307,FHPD19OFF113608,FHP,Long,12/14/2019 0:00:00,05:00 AM,Orlando Expwy Auth,Orange,SR-417,SR-50 (COLONIAL DRIVE),1000,South,Off Road,1,0,0,0,N,N,N,5000.000000000000000,Rain,Dark - Lighted,0,Off Road,N,Property Damage Only,N,Other,Impact Attenuator/Crash Cushion,On Roadway,Non-Junction,N,Not at Intersection,Turnpike/Toll,Paved,Wet,None, , ,None, , ,N,N, , , , ,0,0,0,0,0,0,0,0,0,0,0,0,0.000000000000000,0.000000000000000,0,0,5000,0,"Mapped, On Network",-81.266826496500002,28.565224137300000,666855.712514000013471,509524.889460999984294,1/7/2020 5:19:17 PM,8451_2531
4485,4486,1,4485,57651,89221319,2019-00446654,Orlando PD,Long,12/5/2019 0:00:00,08:58 PM,Orlando,Orange,STATE ROAD 408 (EASTBOUND),MILLS AVENUE,0,West,Sideswipe,2,0,0,0,N,N,N,600.000000000000000,Clear,Dark - Lighted,0,Same Direction Sideswipe,E,Property Damage Only,Y,"Sideswipe, Same Direction",Motor Vehicle in Transport,On Roadway,Non-Junction,N,Not at Intersection,State,Paved,Dry,None, , ,None, , ,N,N, , , , ,0,0,3,0,0,0,0,0,0,0,0,0,0.000000000000000,0.000000000000000,0,0,0,600,"Mapped, On Network",-81.364352863799994,28.537120784599999,657401.821880999952555,506197.278166999982204,12/24/2019 8:57:52 AM,8305_8315
4486,4487,1,4486,57667,85407992,FHPD19OFF112259,FHP,Long,12/11/2019 0:00:00,07:50 AM,Orlando,Orange,STATE ROAD 417 N.B.,INNOVATION WAY (DOWDEN RD),0,South,Rear End,3,0,0,1,N,N,N,10100.000000000000000,Cloudy,Daylight,0,Rear End,N,Injury,N,Front to Rear,Motor Vehicle in Transport,On Roadway,Non-Junction,N,Not at Intersection,State,Paved,Wet,None, , ,None, , ,N,N, , , , ,0,0,0,0,0,0,0,1,0,0,0,0,0.000000000000000,0.000000000000000,0,1,0,10100,"Mapped, On Network",-81.227796561900007,28.425186378399999,671015.388541999971494,494061.826836000022013,12/19/2019 2:36:25 PM,8540_8538
4487,4488,1,4487,57722,89221191,2019-00445760,Orlando PD,Short,12/5/2019 0:00:00,08:24 AM,Orlando,Orange,SR 408 WBO,CRYSTAL LAKE DR,5280,East,Rear End,2,0,0,0,N,N,N,100.000000000000000,Clear,Daylight,0,Rear End,W,Property Damage Only,Y,Front to Rear,Motor Vehicle in Transport,On Roadway,Non-Junction,N,Not at Intersection,State,Paved,Dry,None, , ,None, , ,N,N, , , , ,0,0,2,0,0,0,0,0,0,0,0,0,0.000000000000000,0.000000000000000,0,0,0,100,"Mapped, On Network",-81.323277485299997,28.539737649799999,661406.380811000009999,506574.235112000023946,12/24/2019 9:45:23 AM,6307_6229
4488,4489,1,4488,57745,88217781,FHPD19OFF115590,FHP,Long,12/20/2019 0:00:00,07:40 AM,Orlando Expwy Auth,Orange,SR-528 (MM21),DALLAS BLVD,10560,West,Rear End,2,0,0,0,N,N,N,4250.000000000000000,Clear,Daylight,0,Rear End,W,Property Damage Only,N,Front to Rear,Motor Vehicle in Transport,On Roadway,Non-Junction,N,Not at Intersection,Turnpike/Toll,Paved,Dry,None, , ,None, , ,N,N, , , , ,0,0,0,0,0,0,0,0,0,0,0,0,0.000000000000000,0.000000000000000,0,1,50,4200,"Mapped, On Network",-81.139416060000002,28.451707700600000,679585.773946000030264,497203.735020000021905,2/6/2020 4:16:38 PM,6073_8099
4489,4490,1,4489,57786,88266314,FHPD19OFF113537,FHP,Long,12/13/2019 0:00:00,10:25 PM,Orlando,Orange,STATE ROAD 417(CENTRAL FLORIDA GREENEWAY),CURRY FORD ROAD,500,South,Rear End,2,0,0,1,N,Y,N,4600.000000000000000,Clear,Dark - Lighted,0,Rear End,N,Injury,N,Front to Rear,Motor Vehicle in Transport,On Roadway,Non-Junction,N,Not at Intersection,State,Paved,Dry,None, , ,None, , ,N,Y,Lane Closure,Activity Area,Y,Y,0,0,0,0,0,0,0,1,0,0,0,0,0.000000000000000,0.000000000000000,0,3,0,4600,"Mapped, On Network",-81.247030380699996,28.508608774100001,668928.557897999999113,503281.981612999981735,1/15/2020 2:37:03 PM,8557_8553
4490,4491,1,4490,57806,85556739,FHPD19OFF113509,FHP,Long,12/13/2019 0:00:00,08:43 PM,Orlando,Orange,SR417 MM30 NB,CURRY FORD ROAD,100,South,Rear End,3,0,0,0,N,Y,N,9943.000000000000000,Clear,Dark - Lighted,0,Rear End,N,Property Damage Only,N,Front to Rear,Motor Vehicle in Transport,On Roadway,Non-Junction,N,Not at Intersection,State,Paved,Dry,None, , ,None, , ,N,Y,Lane Closure,Transition Area,Y,Y,0,0,1,0,0,0,0,0,0,0,0,0,0.000000000000000,0.000000000000000,0,1,0,9943,"Mapped, On Network",-81.247197321100003,28.508893543999999,668911.546816000016406,503313.235106999985874,12/27/2019 11:35:41 AM,8557_8553
4491,4492,1,4491,57821,88192408,FHPD19OFF105724,FHP,Long,11/20/2019 0:00:00,10:15 PM,Orlando,Orange,STATE ROAD 408 EB,MM 14,0, ,Rear End,4,0,0,5,Y,N,Y,21500.000000000000000,Clear,Dark - Lighted,0,Rear End,E,Injury,N,Front to Rear,Motor Vehicle in Transport,On Roadway,Non-Junction,N,Not at Intersection,Turnpike/Toll,Paved,Dry,Obstruction in Roadway, , ,None, , ,N,N, , , , ,0,0,5,0,0,0,0,3,2,0,0,0,2.000000000000000,0.000000000000000,0,2,0,21500,"Mapped, On Network",-81.283374460800005,28.541482683400002,665298.380490000010468,506853.202540999976918,12/27/2019 6:08:34 PM,8408_8412
4492,4493,1,4492,57874,88221996,FHPD19OFF111727,FHP,Long,12/9/2019 0:00:00,04:35 PM,Orlando Expwy Auth,Orange,SR 417 (CENTRAL FLORIDA GREENEWAY),MM12,300,South,Off Road,1,0,0,0,N,N,N,3625.000000000000000,Clear,Daylight,0,Off Road,S,Property Damage Only,N,Other,Guardrail Face,On Roadway,Non-Junction,N,Not at Intersection,Turnpike/Toll,Paved,Dry,None, , ,None, , ,N,N, , , , ,0,0,0,0,0,0,0,0,0,0,0,0,0.000000000000000,0.000000000000000,0,0,125,3500,"Mapped, On Network",-81.392736798200005,28.368307912399999,655026.571590999956243,487394.787669999990612,2/6/2020 4:18:16 PM,8017_6167
4493,4494,1,4493,57875,88222003,FHPD19OFF113486,FHP,Short,12/13/2019 0:00:00,07:15 PM,Orlando Expwy Auth,Orange,SR 417 (CENTRAL FLORIDA GREENEWAY),MM 10,100,North,Rear End,2,0,0,0,N,Y,N,2700.000000000000000,Cloudy,Dark - Not Lighted,0,Rear End,S,Property Damage Only,N,Front to Rear,Motor Vehicle in Transport,On Roadway,Non-Junction,N,Not at Intersection,Turnpike/Toll,Paved,Dry,None, , ,None, , ,N,N, , , , ,0,0,1,0,0,0,0,0,0,0,0,0,0.000000000000000,0.000000000000000,0,1,0,2700,"Mapped, On Network",-81.417878965599996,28.375508120500001,652550.936902999994345,488142.498416999995243,2/6/2020 4:18:31 PM,8277_8290
4494,4495,1,4494,57885,88222004,FHPD19OFF114400,FHP,Short,12/16/2019 0:00:00,02:00 PM,Orlando Expwy Auth,Orange,SR-429,MM 24,100,South,Sideswipe,2,0,0,0,N,N,N,2500.000000000000000,Clear,Daylight,0,Same Direction Sideswipe,N,Property Damage Only,N,"Sideswipe, Same Direction",Motor Vehicle in Transport,On Roadway,Non-Junction,N,Not at Intersection,Turnpike/Toll,Paved,Dry,None, , ,None, , ,N,N, , , , ,0,0,0,0,0,0,0,0,0,0,0,0,0.000000000000000,0.000000000000000,0,0,0,2500,"Mapped, On Network",-81.558549107199994,28.563453596900001,638380.964833999983966,508730.689492999983486,2/6/2020 4:18:58 PM,8500_8421
4495,4496,1,4495,57936,89222225,2019-00452715,Orlando PD,Long,12/14/2019 0:00:00,01:10 AM,Orlando,Orange,SR 408 WESTBOUND EXPRESSWAY,SR 15 (MILLS AVENUE),200,East,Rear End,2,0,0,0,Y,N,N,5000.000000000000000,Clear,Dark - Lighted,0,Rear End,W,Property Damage Only,Y,Front to Rear,Motor Vehicle in Transport,On Roadway,Non-Junction,N,Not at Intersection,State,Paved,Dry,None, , ,None, , ,N,N, , , , ,0,0,0,0,0,0,0,0,0,0,0,0,0.000000000000000,0.000000000000000,0,2,0,5000,"Mapped, On Network",-81.363061018699995,28.537628714600000,657526.760322000016458,506256.371083999983966,2/6/2020 3:38:00 PM,8309_8313
4496,4497,1,4496,57941,88243548,FHPD19OFF112066,FHP,Short,12/10/2019 0:00:00,04:06 PM,Orlando Expwy Auth,Orange,STATE ROAD 417 NORTHBOUND,MILE MARKER 31,0, ,Sideswipe,2,0,0,0,N,Y,N,500.000000000000000,Clear,Daylight,0,Same Direction Sideswipe,N,Property Damage Only,N,"Sideswipe, Same Direction",Motor Vehicle in Transport,On Roadway,Non-Junction,N,Not at Intersection,Turnpike/Toll,Paved,Dry,None, , ,None, , ,N,N, , , , ,0,0,7,0,0,0,0,0,0,0,0,0,0.000000000000000,0.000000000000000,0,0,0,500,"Mapped, On Network",-81.249783786899997,28.514772763400000,668644.365452999947593,503960.358135999995284,2/6/2020 4:25:14 PM,8553_6689
4497,4498,1,4497,57943,88240198,FHPK19OFF073284,FHP,Short,12/23/2019 0:00:00,04:23 PM,Ocoee,Orange,STATE ROAD 429 (DANIEL WEBSTER WESTERN BLTWY),MILE MARKER 22,5280,North,Rear End,2,0,0,0,N,N,N,8000.000000000000000,Rain,Daylight,0,Rear End,S,Property Damage Only,N,Front to Rear,Motor Vehicle in Transport,On Roadway,Non-Junction,N,Not at Intersection,State,Paved,Wet,Road Surface Condition, , ,None, , ,N,N, , , , ,0,0,0,0,0,0,0,0,0,0,0,0,0.000000000000000,0.000000000000000,0,1,0,8000,"Mapped, On Network",-81.559684852299995,28.560448896299999,638276.689297999953851,508394.870775000017602,2/6/2020 4:27:03 PM,8429_8423
4498,4499,1,4498,57972,89222648,2019-00472154,Orlando PD,Long,12/28/2019 0:00:00,12:49 AM,Orlando,Orange,408 WEST,GASTON FOSTER RD,500,North,Other,1,0,0,1,N,N,N,2500.000000000000000,Rain,Dark - Lighted,0,Single Vehicle,W,Injury,Y,Angle,Motor Vehicle in Transport,On Roadway,Non-Junction,N,Not at Intersection,Interstate,Paved,Wet,None, , ,None, , ,N,N, , , , ,0,0,0,0,0,0,0,0,1,0,0,0,0.000000000000000,0.000000000000000,0,0,0,2500,"Mapped, On Network",-81.319598126800003,28.539905972700002,661765.240899999975227,506600.728935000021011,2/6/2020 4:35:54 PM,8188_6226
4499,4500,1,4499,57975,89221175,2019-00471815,Orlando PD,Short,12/27/2019 0:00:00,07:40 PM,Orlando,Orange,SR 408 EXPRESSWAY,CRYSTAL LAKE DR,5280,South,Other,2,0,0,0,N,N,N,13000.000000000000000,Rain,Dark - Lighted,0,Other,W,Property Damage Only,Y,Other,Motor Vehicle in Transport,On Roadway,Non-Junction,N,Not at Intersection,State,Paved,Wet,Road Surface Condition, , ,Weather Conditions, , ,N,N, , , , ,0,0,3,0,0,0,0,0,0,0,0,0,0.000000000000000,0.000000000000000,0,0,0,13000,"Mapped, On Network",-81.327603945899995,28.538919522899999,660985.897511000046507,506474.234684000024572,2/6/2020 4:39:24 PM,6229_6177
4500,4501,1,4500,57987,88222002,FHPD19OFF112998,FHP,Long,12/12/2019 0:00:00,07:45 PM,Orlando Expwy Auth,Orange,SR-429,MM26,1000,North,Sideswipe,3,0,0,1,N,Y,N,10000.000000000000000,Cloudy,Dark - Not Lighted,0,Same Direction Sideswipe,S,Injury,N,"Sideswipe, Same Direction",Motor Vehicle in Transport,On Roadway,Non-Junction,N,Not at Intersection,Turnpike/Toll,Paved,Wet,None, , ,None, , ,N,N, , , , ,0,0,0,0,0,0,0,1,0,0,0,0,1.000000000000000,0.000000000000000,0,3,1000,9000,"Mapped, On Network",-81.537611582300002,28.606521602499999,640329.513369999942370,513553.320886000001337,2/6/2020 4:44:31 PM,7012_8458
4501,4502,1,4501,58014,88217774,FHPD19OFF112584,FHP,Long,12/12/2019 0:00:00,06:44 AM,Orlando Expwy Auth,Orange,SR-417 SB RAMP,SR-50,200,North,Off Road,2,0,0,0,N,N,N,10850.000000000000000,Rain,Dark - Lighted,0,Off Road,S,Property Damage Only,N,Angle,Utility Pole/Light Support,Shoulder,Entrance/Exit Ramp,N,Not at Intersection,Turnpike/Toll,Paved,Wet,None, , ,Weather Conditions, , ,N,N, , , , ,0,0,0,0,0,0,0,0,0,0,0,0,0.000000000000000,0.000000000000000,0,1,4050,6800,"Mapped, On Network",-81.265871904299999,28.570140389700001,666936.795236999983899,510072.798844999982975,2/6/2020 5:12:21 PM,8572_8453
4502,4503,1,4502,58025,88243557,FHPD19OFF114824,FHP,Long,12/17/2019 0:00:00,05:07 PM,Orlando Expwy Auth,Orange,STATE ROAD 417 SOUTHBOUND,MILE MARKER 30,0, ,Rear End,2,0,0,0,N,Y,N,6000.000000000000000,Cloudy,Daylight,0,Rear End,S,Property Damage Only,N,Front to Rear,Motor Vehicle in Transport,On Roadway,Non-Junction,N,Not at Intersection,Turnpike/Toll,Paved,Wet,None, , ,None, , ,N,N, , , , ,0,0,0,0,0,0,0,0,0,0,0,0,0.000000000000000,0.000000000000000,0,1,0,6000,"Mapped, On Network",-81.250345233999994,28.515521906899998,668587.676768000004813,504042.311378000013065,2/6/2020 4:58:04 PM,6968_8555
4503,4504,1,4503,58059,89219225,2019-00379299,Orlando PD,Long,10/11/2019 0:00:00,06:49 AM,Orlando,Orange,SR 408 EAST,SR 436 (S SEMORAN BV EXIT),1200,East,Sideswipe,2,0,0,4,N,N,N,20000.000000000000000,Clear,Dawn,0,Same Direction Sideswipe,E,Injury,Y,Angle,Motor Vehicle in Transport,On Roadway,Non-Junction,N,Not at Intersection,State,Paved,Dry,None, , ,None, , ,N,N, , , , ,0,0,7,0,0,0,0,0,4,0,0,0,1.000000000000000,0.000000000000000,0,0,0,20000,"Mapped, On Network",-81.306268957900002,28.539431016599998,663067.899165999959223,506576.359635000000708,1/6/2020 1:28:21 PM,6218_6235
4504,4505,1,4504,58096,88242349,FHPD19OFF112787,FHP,Short,12/12/2019 0:00:00,03:42 PM,Orlando Expwy Auth,Orange,STATE ROAD 417 SB MM17,BOGGY CREEK RD,5280,South,Rear End,2,0,0,0,N,N,N,4000.000000000000000,Rain,Daylight,0,Rear End,S,Property Damage Only,N,Front to Rear,Motor Vehicle in Transport,On Roadway,Non-Junction,N,Not at Intersection,Turnpike/Toll,Paved,Wet,None, , ,None, , ,N,N, , , , ,0,0,1,0,0,0,0,0,0,0,0,0,0.000000000000000,0.000000000000000,0,1,0,4000,"Mapped, On Network",-81.309626165099999,28.369405998200001,663152.016071000020020,487691.328662000014447,2/12/2020 1:20:54 PM,11015_8482
4505,4506,1,4505,58117,89502065,2019TA016834,Apopka PD,Long,12/16/2019 0:00:00,05:26 PM,Apopka,Orange,SR 429,SR 414,200,South,Sideswipe,2,0,0,0,N,N,N,2000.000000000000000,Clear,Dark - Lighted,0,Same Direction Sideswipe,S,Property Damage Only,Y,"Sideswipe, Same Direction",Motor Vehicle in Transport,On Roadway,Through Roadway,N,Not at Intersection,State,Unpaved,Dry,None, , ,None, , ,N,N, , , , ,0,0,0,0,0,0,0,0,0,0,0,0,0.000000000000000,0.000000000000000,0,0,0,2000,"Mapped, On Network",-81.542865121600002,28.646055501900001,639729.357957000029273,517932.659396999981254,2/14/2020 12:14:42 PM,5990_8339
4506,4507,1,4506,58141,88221999,FHPD19OFF112130,FHP,Short,12/10/2019 0:00:00,06:25 PM,Orlando Expwy Auth,Orange,SR 528,MM13,300,West,Rear End,2,0,0,0,N,Y,N,5700.000000000000000,Clear,Dark - Not Lighted,0,Rear End,E,Property Damage Only,N,Front to Rear,Motor Vehicle in Transport,On Roadway,Non-Junction,N,Not at Intersection,Turnpike/Toll,Paved,Dry,None, , ,None, , ,N,N, , , , ,0,0,0,0,0,0,0,0,0,0,0,0,0.000000000000000,0.000000000000000,0,1,0,5700,"Mapped, On Network",-81.273519762600003,28.448397007400001,666489.156036000000313,496539.228826000005938,2/12/2020 2:42:37 PM,6156_8052
4507,4508,1,4507,58142,88221998,FHPD19OFF112121,FHP,Short,12/10/2019 0:00:00,06:00 PM,Orlando Expwy Auth,Orange,SR-429,MM24,300,South,Rear End,2,0,0,0,N,Y,N,6400.000000000000000,Clear,Dark - Not Lighted,0,Rear End,N,Property Damage Only,N,Front to Rear,Motor Vehicle in Transport,On Roadway,Non-Junction,N,Not at Intersection,Turnpike/Toll,Paved,Dry,None, , ,None, , ,N,N, , , , ,0,0,0,0,0,0,0,0,0,0,0,0,0.000000000000000,0.000000000000000,0,1,0,6400,"Mapped, On Network",-81.557128374100003,28.567237084500000,638511.342515000025742,509153.531916000007186,2/12/2020 1:47:14 PM,8421_8425
4508,4509,1,4508,58153,89221988,2019-00460820,Orlando PD,Short,12/17/2019 0:00:00,03:49 PM,Orlando,Orange,SR 408 WBO,SR 436 (S SEMORAN BV) EXIT RAMP,5280,West,Sideswipe,2,0,0,0,N,N,N,1600.000000000000000,Cloudy,Daylight,0,Same Direction Sideswipe,W,Property Damage Only,Y,"Sideswipe, Same Direction",Motor Vehicle in Transport,On Roadway,Non-Junction,N,Not at Intersection,State,Paved,Wet,None, , ,None, , ,N,N, , , , ,0,0,0,0,0,0,0,0,0,0,0,0,0.000000000000000,0.000000000000000,0,0,0,1600,"Mapped, On Network",-81.327084087499998,28.538956058299998,661036.570930000045337,506479.391543000005186,2/14/2020 10:12:27 AM,6229_6177
4509,4510,1,4509,58174,85204424,FHPD19OFF112266,FHP,Short,12/11/2019 0:00:00,08:05 AM,Unincorporated,Orange,STATE ROAD 429,OCOEE APOPKA ROAD,5280,South,Rear End,2,0,0,0,N,N,N,1500.000000000000000,Clear,Daylight,0,Rear End,S,Property Damage Only,N,Front to Rear,Motor Vehicle in Transport,On Roadway,Non-Junction,N,Not at Intersection,State,Paved,Dry,None, , ,None, , ,N,N, , , , ,0,0,0,0,0,0,0,0,0,0,0,0,0.000000000000000,0.000000000000000,0,1,0,1500,"Mapped, On Network",-81.537597058499998,28.627122465599999,640285.249208000022918,515840.724463000020478,12/18/2019 3:49:08 PM,8438_6296
4510,4511,1,4510,58187,88242350,FHPD19OFF112867,FHP,Short,12/12/2019 0:00:00,05:24 PM,Orlando Expwy Auth,Orange,STATE ROAD 417 NB MM37,UNIVERSITY BLVD,5280,South,Rear End,3,0,0,0,N,N,N,4200.000000000000000,Rain,Dusk,0,Rear End,N,Property Damage Only,N,Front to Rear,Motor Vehicle in Transport,On Roadway,Non-Junction,N,Not at Intersection,Turnpike/Toll,Paved,Wet,Road Surface Condition, , ,None, , ,N,N, , , , ,0,0,0,0,0,0,0,0,0,0,0,0,0.000000000000000,0.000000000000000,0,1,0,4200,"Mapped, On Network",-81.258135544200002,28.584122857899999,667657.458792999968864,511642.015873000025749,2/12/2020 1:24:33 PM,6046_6317
4511,4512,1,4511,58222,88222000,FHPD19OFF112426,FHP,Short,12/11/2019 0:00:00,04:05 PM,Orlando Expwy Auth,Orange,SR-429,MM 30,300,South,Sideswipe,2,0,0,0,N,N,N,3000.000000000000000,Clear,Daylight,0,Same Direction Sideswipe,S,Property Damage Only,N,"Sideswipe, Same Direction",Motor Vehicle in Transport,On Roadway,Non-Junction,N,Not at Intersection,Turnpike/Toll,Paved,Dry,None, , ,None, , ,N,N, , , , ,0,0,0,0,0,0,0,0,0,0,0,0,0.000000000000000,0.000000000000000,0,0,0,3000,"Mapped, On Network",-81.542960611699996,28.645227406200000,639721.874994999961928,517840.528018000011798,2/12/2020 1:49:35 PM,5990_8339
4512,4513,1,4512,58234,89222140,2019-00474297,Orlando PD,Long,12/30/2019 0:00:00,11:40 PM,Orlando,Orange,SR 408 E,SR 436,300, ,Sideswipe,2,0,0,0,N,N,N,2000.000000000000000,Clear,Dark - Lighted,0,Same Direction Sideswipe,E,Property Damage Only,Y,"Sideswipe, Same Direction",Motor Vehicle in Transport,On Roadway,Non-Junction,N,Not at Intersection,State,Paved,Dry,None, , ,None, , ,N,N, , , , ,0,0,0,0,0,0,0,0,0,0,0,0,0.000000000000000,0.000000000000000,0,0,0,2000,"Mapped, On Network",-81.311654690699996,28.539321411000000,662542.281001999974251,506552.712233999976888,1/15/2020 10:57:57 AM,6301_6218
4513,4514,1,4513,58289,88260488,FHPD19OFF118576,FHP,Short,12/28/2019 0:00:00,07:27 AM,Orlando,Orange,STATE ROAD 417 SB,MILE MARKER 12,1056,North,Rear End,2,0,0,0,N,Y,N,1600.000000000000000,Clear,Dark - Lighted,0,Rear End,S,Property Damage Only,N,Front to Rear,Motor Vehicle in Transport,On Roadway,Non-Junction,N,Not at Intersection,State,Paved,Dry,None, , ,None, , ,N,N, , , , ,0,0,1,0,0,0,0,0,0,0,0,0,0.000000000000000,0.000000000000000,0,1,0,1600,"Mapped, On Network",-81.367839333600003,28.368773483900000,657460.417922000051476,487498.217015000001993,2/13/2020 1:37:53 PM,8484_8486
4514,4515,1,4514,58297,88242356,FHPD19OFF115161,FHP,Long,12/18/2019 0:00:00,05:39 PM,Orlando Expwy Auth,Orange,STATE ROAD 528 EB MM26,DALLAS BLVD,10560,East,Off Road,1,0,0,0,N,N,N,11000.000000000000000,Clear,Daylight,0,Off Road,E,Property Damage Only,N,Other,Guardrail End,On Roadway,Non-Junction,N,Not at Intersection,Turnpike/Toll,Paved,Dry,None, , ,None, , ,N,N, , , , ,0,0,0,0,0,0,0,0,0,0,0,0,0.000000000000000,0.000000000000000,0,1,5000,6000,"Mapped, On Network",-81.058106756200004,28.451967884399998,687530.550261000054888,497419.590619999973569,2/12/2020 12:59:12 PM,6321_7008
4515,4516,1,4515,58298,88242348,FHPD19OFF112073,FHP,Long,12/10/2019 0:00:00,04:32 PM,Orlando Expwy Auth,Orange,STATE ROAD 408 EB MM16,STATE ROAD 551,0,West,Sideswipe,2,0,0,0,N,N,N,510.000000000000000,Clear,Daylight,0,Same Direction Sideswipe,E,Property Damage Only,N,"Sideswipe, Same Direction",Motor Vehicle in Transport,On Roadway,Non-Junction,N,Not at Intersection,Turnpike/Toll,Paved,Dry,None, , ,None, , ,N,N, , , , ,0,0,0,0,0,0,0,0,0,0,0,0,0.000000000000000,0.000000000000000,0,1,0,510,"Mapped, On Network",-81.291922134299995,28.539459107500001,664468.706819999963045,506610.166252999973949,2/12/2020 1:32:02 PM,6881_8431
4516,4517,1,4516,58347,88267872,FHPD19OFF116572,FHP,Short,12/22/2019 0:00:00,09:45 PM,Unincorporated,Orange,STATE ROAD 417 NB,MILEMARKER 30,0, ,Off Road,1,0,0,0,N,N,N,2500.000000000000000,Rain,Dark - Lighted,0,Off Road,N,Property Damage Only,N,Other,Guardrail Face,Shoulder,Non-Junction,N,Not at Intersection,State,Unpaved,Wet,None, , ,None, , ,N,N, , , , ,0,0,0,0,0,0,0,0,0,0,0,0,0.000000000000000,0.000000000000000,0,0,0,2500,"Mapped, On Network",-81.248437121300000,28.511552364899998,668783.867122999974526,503605.736837000004016,1/15/2020 10:41:37 AM,8557_8553
4517,4518,1,4517,58351,88252582,FHPD19OFF114281,FHP,Long,12/16/2019 0:00:00,07:48 AM,Orlando Expwy Auth,Orange,STATE RD 528,STATE RD 520,21120,West,Rear End,2,0,0,0,N,N,N,5000.000000000000000,Clear,Daylight,0,Rear End,W,Property Damage Only,N,Front to Rear,Motor Vehicle in Transport,On Roadway,Non-Junction,N,Not at Intersection,Turnpike/Toll,Paved,Dry,None, , ,None, , ,N,Y,Intermittent or Moving Work,Activity Area,N,N,0,0,1,0,0,0,0,0,0,0,0,0,0.000000000000000,0.000000000000000,0,1,0,5000,"Mapped, On Network",-81.042218965700002,28.452151130699999,689082.583306999993511,497477.080796000023838,2/12/2020 1:38:01 PM,7008_7061
4518,4519,1,4518,58398,88252584,FHPD19OFF115016,FHP,Long,12/18/2019 0:00:00,07:19 AM,Orlando Expwy Auth,Orange,STATE RD 417,CURRY FORD RD,600,North,Sideswipe,2,0,0,1,N,N,N,18000.000000000000000,Rain,Daylight,0,Same Direction Sideswipe,S,Injury,N,Angle,Other Non-Collision,On Roadway,Non-Junction,N,Not at Intersection,Turnpike/Toll,Paved,Wet,Road Surface Condition, , ,Weather Conditions, , ,N,N, , , , ,0,0,0,0,0,0,0,0,1,0,0,0,1.000000000000000,0.000000000000000,0,1,8000,10000,"Mapped, On Network",-81.250133196199997,28.514765977300002,668610.257205000030808,503958.843533999985084,2/12/2020 1:27:33 PM,6968_8555
4519,4520,1,4519,58404,88252590,FHPD19OFF119032,FHP,Long,12/30/2019 0:00:00,06:17 PM,Orlando Expwy Auth,Orange,STATE RD 417,STATE RD 536,1320,North,Rear End,2,0,0,1,N,N,N,10000.000000000000000,Clear,Dusk,0,Rear End,N,Injury,N,Front to Rear,Motor Vehicle in Transport,On Roadway,Non-Junction,N,Not at Intersection,Turnpike/Toll,Paved,Dry,None, , ,None, , ,N,N, , , , ,0,0,0,0,0,0,0,0,1,0,0,0,1.000000000000000,0.000000000000000,0,1,0,10000,"Mapped, On Network",-81.476305021900004,28.356527071900000,646880.372239000047557,485916.661167000012938,2/16/2020 12:06:51 PM,6071_8579
4520,4521,1,4520,58415,89219568,2019-00447528,Orlando PD,Short,12/6/2019 0:00:00,03:24 PM,Orlando,Orange,SR 408,SR 400,1500,West,Rear End,2,0,0,0,N,N,N,1000.000000000000000,Clear,Daylight,0,Rear End,E,Property Damage Only,Y,Front to Rear,Motor Vehicle in Transport,On Roadway,Non-Junction,N,Not at Intersection,State,Paved,Dry,None, , ,None, , ,N,N, , , , ,0,0,2,0,0,0,0,0,0,0,0,0,0.000000000000000,0.000000000000000,0,0,0,1000,"Mapped, On Network",-81.384710875400003,28.535103824699998,655418.673000999959186,505931.002816999971401,2/13/2020 12:02:20 PM,6679_6276