FID,OBJECTID_1,Join_Count,TARGET_FID,OBJECTID,HSMV_Repor,Agency_Rep,Reporting_,Form_Type,Crash_Date,Crash_Time,City,County,Crash_Stre,Intersecti,Offset_Dis,Offset_Dir,Crash_Type,Vehicles,Non_Motori,Fatalities,Injuries,Alcohol_Re,Distractio,Drug_Relat,Estimated_,Weather_Co,Light_Cond,Street_Num,Crash_Ty_1,Crash_Ty_2,Crash_Seve,Within_Cit,Manner_of_,First_Harm,First_HE_L,First_HE_R,First_HE_W,Type_of_In,Road_Sys_I,Type_of_Sh,Road_Surf_,Contrib_Ci,Contrib__1,Contrib__2,Contrib__3,Contrib__4,Contrib__5,School_Bus,Work_Zone_,Type_of_Wo,Loc_in_Wor,Workers_in,Law_Enforc,Mopeds,Motorcycle,Passengers,Bicyclists,Pedestrian,Fataliti_1,Injuries_U,Possible_I,Non_Incapa,Incapacita,Fataliti_2,Non_Traffi,Transporte,Transpor_1,Transpor_2,Citations,Property_D,Vehicle_Dm,S4_Mapping,S4_Decimal,S4_Decim_1,S4_Albers_,S4_Albers1,S4_Mappi_1,zone_id_st
4521,4522,1,4521,58440,88243554,FHPD19OFF114155,FHP,Long,12/15/2019 0:00:00,06:27 PM,Orlando Expwy Auth,Orange,STATE ROAD 528 WESTBOUND,MILE MARKER 17,0, ,Sideswipe,2,0,0,0,N,N,N,700.000000000000000,Clear,Dark - Lighted,0,Same Direction Sideswipe,W,Property Damage Only,N,"Sideswipe, Same Direction",Motor Vehicle in Transport,On Roadway,Non-Junction,N,Not at Intersection,Turnpike/Toll,Paved,Dry,None, , ,None, , ,N,N, , , , ,0,0,1,0,0,0,0,0,0,0,0,0,0.000000000000000,0.000000000000000,0,0,0,700,"Mapped, On Network",-81.219168366900007,28.451651222599999,671792.479885000037029,497019.165397999982815,2/12/2020 12:58:08 PM,6320_6667
4522,4523,1,4522,58441,88243552,FHPD19OFF113850,FHP,Long,12/14/2019 0:00:00,05:39 PM,Orlando Expwy Auth,Orange,STATE ROAD 408 EASTBOUND,MILE MARKER 19,0, ,Rear End,2,0,0,0,N,Y,N,9000.000000000000000,Clear,Dark - Lighted,0,Rear End,E,Property Damage Only,N,Front to Rear,Motor Vehicle in Transport,On Roadway,Non-Junction,N,Not at Intersection,Turnpike/Toll,Paved,Dry,None, , ,None, , ,N,Y,Intermittent or Moving Work,Transition Area,N,N,0,0,2,0,0,0,0,0,0,0,0,0,0.000000000000000,0.000000000000000,0,1,0,9000,"Mapped, On Network",-81.237104602599999,28.547093986600000,669802.260139000019990,507576.606468999991193,2/12/2020 1:34:09 PM,6303_6305
4523,4524,1,4523,58458,85204423,FHPD19OFF110648,FHP,Short,12/6/2019 0:00:00,09:15 AM,Unincorporated,Orange,STATE ROAD 429,STATE ROAD 91,5280,North,Rear End,2,0,0,0,N,N,N,4000.000000000000000,Clear,Daylight,0,Rear End,S,Property Damage Only,N,Front to Rear,Motor Vehicle in Transport,On Roadway,Non-Junction,N,Not at Intersection,State,Paved,Dry,None, , ,None, , ,N,N, , , , ,0,0,0,0,0,0,0,0,0,0,0,0,0.000000000000000,0.000000000000000,0,1,0,4000,"Mapped, On Network",-81.559812096000002,28.556472744800001,638273.004068000009283,507953.137066000024788,12/18/2019 3:48:11 PM,8423_8507
4524,4525,1,4524,58462,89221774,2019-00447512,Orlando PD,Long,12/6/2019 0:00:00,03:20 PM,Orlando,Orange,EW EBO,I4 WBO,0, ,Rear End,4,0,0,3,N,N,N,17200.000000000000000,Clear,Daylight,0,Rear End,E,Injury,Y,Front to Rear,Motor Vehicle in Transport,On Roadway,Non-Junction,N,Not at Intersection,Interstate,Paved,Dry,None, , ,None, , ,N,N, , , , ,0,0,1,0,0,0,0,3,0,0,0,0,0.000000000000000,0.000000000000000,0,0,0,17200,"Mapped, On Network",-81.392085902500000,28.535145942800000,654698.409580999985337,505920.425033000006806,1/31/2020 12:47:12 PM,8248_8267
4525,4526,1,4525,58467,88253058,FHPD19OFF114560,FHP,Long,12/16/2019 0:00:00,09:40 PM,Orlando,Orange,STATE ROAD 408 (EAST WEST EXPRESSWAY),MILE MARKER 21 (ALAFAYA TRAIL),1320,East,Rear End,2,0,0,0,N,N,N,4100.000000000000000,Clear,Dark - Lighted,0,Rear End,W,Property Damage Only,N,Front to Rear,Motor Vehicle in Transport,On Roadway,Non-Junction,N,Not at Intersection,State,Paved,Dry,None, , ,None, , ,N,Y,Lane Closure,Activity Area,Y,N,0,0,0,0,0,0,0,0,0,0,0,0,0.000000000000000,0.000000000000000,0,1,0,4100,"Mapped, On Network",-81.203416530300004,28.550258587399998,673083.437556999968365,508002.119452000013553,2/14/2020 11:44:29 AM,6921_8043
4526,4527,1,4526,58472,88217782,FHPD19OFF115596,FHP,Short,12/20/2019 0:00:00,07:54 AM,Orlando Expwy Auth,Orange,SR-528 ON RAMP,NARCOOSSEE RD,100,East,Rear End,2,0,0,0,N,N,N,3000.000000000000000,Clear,Daylight,0,Rear End,E,Property Damage Only,N,Front to Rear,Motor Vehicle in Transport,On Roadway,Entrance/Exit Ramp,N,Not at Intersection,Turnpike/Toll,Paved,Dry,None, , ,None, , ,N,N, , , , ,0,0,0,0,0,0,0,0,0,0,0,0,0.000000000000000,0.000000000000000,0,1,0,3000,"Mapped, On Network",-81.257905209100002,28.448524971099999,668014.772722000023350,496587.277010000019800,2/12/2020 1:43:12 PM,8060_6666
4527,4528,1,4527,58473,88217778,FHPD19OFF114619,FHP,Long,12/17/2019 0:00:00,07:39 AM,Orlando Expwy Auth,Orange,SR-408 (MM16),GOLDENROD ROAD,100,East,Unknown,2,0,0,0,N,N,N,1900.000000000000000,Cloudy,Daylight,0,Unknown, ,Property Damage Only,N,Angle,Motor Vehicle in Transport,On Roadway,Non-Junction,N,Not at Intersection,Turnpike/Toll,Paved,Dry,None, , ,None, , ,N,N, , , , ,0,0,0,0,0,0,0,0,0,0,0,0,0.000000000000000,0.000000000000000,0,2,0,1900,"Mapped, On Network",-81.289192102200005,28.539903385799999,664734.192087000003085,506665.352010999980848,2/12/2020 2:10:03 PM,8427_6883
4528,4529,1,4528,58484,87214529,FHPD19OFF076769,FHP,Long,8/24/2019 0:00:00,02:15 AM,Orlando,Orange,SR-417 MM19 SB,LAKE NONA BLVD,500,North,Off Road,1,0,0,0,N,N,N,5500.000000000000000,Clear,Dark - Lighted,0,Off Road,S,Property Damage Only,N,Other,Utility Pole/Light Support,Off Roadway,Non-Junction,N,Not at Intersection,State,Paved,Dry,None, , ,None, , ,N,N, , , , ,0,0,0,0,0,0,0,0,0,0,0,0,0.000000000000000,0.000000000000000,0,3,1500,4000,"Mapped, On Network",-81.275683878400002,28.379922159500001,666445.657545999973081,488931.823937000008300,2/14/2020 12:55:31 PM,8603_8478
4529,4530,1,4529,58512,88217800,FHPD19OFF119196,FHP,Short,12/31/2019 0:00:00,01:23 PM,Ocoee,Orange,STATE ROAD 429,CLARCONA OCOEE ROAD,528,North,Sideswipe,2,0,0,0,N,N,N,2000.000000000000000,Clear,Daylight,0,Same Direction Sideswipe,N,Property Damage Only,N,"Sideswipe, Same Direction",Motor Vehicle in Transport,On Roadway,Non-Junction,N,Not at Intersection,Turnpike/Toll,Paved,Dry,None, , ,None, , ,N,N, , , , ,0,0,1,0,0,0,0,0,0,0,0,0,0.000000000000000,0.000000000000000,0,0,0,2000,"Mapped, On Network",-81.552688215100005,28.597965883000001,638877.081019000033848,512574.057038000028115,2/14/2020 3:30:05 PM,6220_8389
4530,4531,1,4530,58516,88258920,FHPD19OFF118646,FHP,Long,12/29/2019 0:00:00,04:50 AM,Orlando,Orange,SR 408 WB,MM6,0, ,Other,1,0,0,0,N,N,N,3000.000000000000000,Rain,Dark - Lighted,0,Single Vehicle,W,Property Damage Only,N,Other,Motor Vehicle in Transport,Off Roadway,Non-Junction,N,Not at Intersection,State,Paved,Wet,None, , ,None, , ,N,N, , , , ,0,0,0,0,0,0,0,0,0,0,0,0,0.000000000000000,0.000000000000000,0,0,0,3000,"Mapped, On Network",-81.437785946999995,28.548449381499999,650205.128912999993190,507303.967028999992181,1/15/2020 11:12:51 AM,6489_6994
4531,4532,1,4531,58527,89221481,2019-00452311,Orlando PD,Long,12/10/2019 0:00:00,05:30 PM,Orlando,Orange,SR-408 (WESTBOUND EXIT RAMP),N CRYSTAL LAKE DR,0,West,Sideswipe,2,0,0,0,N,N,N,2000.000000000000000,Clear,Daylight,0,Same Direction Sideswipe,E,Property Damage Only,Y,"Sideswipe, Same Direction",Motor Vehicle in Transport,On Roadway,Non-Junction,N,Not at Intersection,State,Paved,Dry,None, , ,None, , ,N,N, , , , ,0,0,0,0,0,0,0,0,0,0,0,0,0.000000000000000,0.000000000000000,0,0,0,2000,"Mapped, On Network",-81.339880727899995,28.538588385400001,659787.928013999946415,506411.545244999986608,2/12/2020 2:11:21 PM,8353_6185
4532,4533,1,4532,58556,88160293,FHPK19OFF072582,FHP,Short,12/20/2019 0:00:00,02:21 PM,Winter Garden,Orange,STATE ROAD 429 (WESTERN BELTWAY),MILE MARKER 19,1000,North,Rear End,2,0,0,0,N,N,N,2000.000000000000000,Clear,Daylight,0,Rear End,S,Property Damage Only,N,Front to Rear,Motor Vehicle in Transport,On Roadway,Non-Junction,N,Not at Intersection,Turnpike/Toll,Paved,Dry,None, , ,None, , ,N,N, , , , ,0,0,0,0,0,0,0,0,0,0,0,0,0.000000000000000,0.000000000000000,0,1,0,2000,"Mapped, On Network",-81.587718974400005,28.516939979400000,635634.255358000053093,503510.016352000006009,2/12/2020 1:11:10 PM,8464_8492
4533,4534,1,4533,58565,89221744,2019-00447599,Orlando PD,Long,12/6/2019 0:00:00,04:47 PM,Orlando,Orange,S.R. 417,BOGGY CREEK ROAD,5280,East,Rear End,3,0,0,0,N,Y,N,8000.000000000000000,Clear,Daylight,0,Rear End,S,Property Damage Only,Y,Front to Rear,Motor Vehicle in Transport,On Roadway,Non-Junction,N,Not at Intersection,State,Paved,Dry,None, , ,None, , ,N,N, , , , ,0,0,0,0,0,0,0,0,0,0,0,0,1.000000000000000,0.000000000000000,0,0,0,8000,"Mapped, On Network",-81.301254572299996,28.371092179900000,663966.633497999981046,487896.438430999987759,2/13/2020 12:09:48 PM,8601_11015
4534,4535,1,4534,58580,88217769,FHPD19OFF111557,FHP,Short,12/9/2019 0:00:00,07:53 AM,Orlando Expwy Auth,Orange,SR-408 (MM6),OLD WINTER GARDEN RD,200,West,Rear End,2,0,0,0,N,N,N,1300.000000000000000,Clear,Daylight,0,Rear End,E,Property Damage Only,N,Front to Rear,Motor Vehicle in Transport,On Roadway,Non-Junction,N,Not at Intersection,Turnpike/Toll,Paved,Dry,None, , ,None, , ,N,N, , , , ,0,0,0,0,0,0,0,0,0,0,0,0,0.000000000000000,0.000000000000000,0,1,0,1300,"Mapped, On Network",-81.434265254099998,28.547874455999999,650550.210131000028923,507247.280435999971814,2/12/2020 2:01:49 PM,5905_6014
4535,4536,1,4535,58645,88246072,FHPD19OFF107058,FHP,Long,11/24/2019 0:00:00,05:29 PM,Unincorporated,Orange,SR 528,SR 520,1000,East,Rear End,2,0,0,0,N,N,N,2200.000000000000000,Clear,Daylight,0,Rear End,W,Property Damage Only,N,Front to Rear,Motor Vehicle in Transport,On Roadway,Non-Junction,N,Not at Intersection,State,Paved,Dry,None, , ,None, , ,N,N, , , , ,0,0,0,0,0,0,0,0,0,0,0,0,0.000000000000000,0.000000000000000,0,1,0,2200,"Mapped, On Network",-80.974811373799994,28.452677931600000,695668.010036999941804,497695.389844999997877,12/27/2019 11:58:48 AM,6598_8091
4536,4537,1,4536,58648,89221177,2019-00430124,Orlando PD,Long,11/21/2019 0:00:00,06:22 PM,Orlando,Orange,SR 528 EBO,S GOLDENROD RD,500,West,Rear End,2,0,0,0,N,N,N,500.000000000000000,Clear,Dark - Lighted,0,Rear End, ,Property Damage Only,Y,Front to Rear,Motor Vehicle in Transport,On Roadway,Non-Junction,N,Not at Intersection,State,Paved,Dry,None, , ,None, , ,N,N, , , , ,0,0,4,0,0,0,0,0,0,0,0,0,0.000000000000000,0.000000000000000,0,0,0,500,"Mapped, On Network",-81.292454246700004,28.449973154999999,664634.934343999950215,496673.451648999995086,12/26/2019 3:26:20 PM,8186_8176
4537,4538,1,4537,58713,89219326,2019-00414468,Orlando PD,Long,11/8/2019 0:00:00,05:55 PM,Orlando,Orange,S.R 528 W,S.R. 436,0,West,Rear End,2,0,0,0,N,N,N,2000.000000000000000,Rain,Dark - Lighted,0,Rear End,W,Property Damage Only,Y,Front to Rear,Motor Vehicle in Transport,On Roadway,Non-Junction,N,Not at Intersection,Turnpike/Toll,Paved,Dry,None, , ,None, , ,N,N, , , , ,0,0,4,0,0,0,0,0,0,0,0,0,0.000000000000000,0.000000000000000,0,0,0,2000,"Mapped, On Network",-81.314781880300004,28.451539374799999,662449.195370999979787,496799.631287000025623,1/21/2020 4:32:22 PM,6602_7054
4538,4539,1,4538,58725,88245041,FHPD19OFF102876,FHP,Long,11/11/2019 0:00:00,11:00 PM,Orlando,Orange,NB SR417,SR408,200,North,Sideswipe,2,0,0,0,N,N,N,1000.000000000000000,Clear,Dark - Lighted,0,Same Direction Sideswipe,N,Property Damage Only,N,"Sideswipe, Same Direction",Motor Vehicle in Transport,On Roadway,Non-Junction,N,Not at Intersection,State,Paved,Dry,None, , ,None, , ,N,N, , , , ,0,0,0,0,0,0,0,0,0,0,0,0,0.000000000000000,0.000000000000000,0,0,0,1000,"Mapped, On Network",-81.261830923600002,28.551025463100000,667378.389999000006355,507959.254847000003792,1/15/2020 2:29:22 PM,11876_8570
4539,4540,1,4539,58734,89221519,2019-00430731,Orlando PD,Short,11/22/2019 0:00:00,08:40 AM,Orlando,Orange,SR 408 WESTBOUND,S BUMBY AV ENTRANCE RAMP,250,West,Rear End,2,0,0,0,N,N,N,2000.000000000000000,Clear,Daylight,0,Rear End,W,Property Damage Only,Y,Front to Rear,Motor Vehicle in Transport,On Roadway,Non-Junction,N,Not at Intersection,State,Paved,Dry,None, , ,None, , ,N,N, , , , ,0,0,0,0,0,0,0,0,0,0,0,0,0.000000000000000,0.000000000000000,0,0,0,2000,"Mapped, On Network",-81.352464378199997,28.538396956000000,658559.651179000036791,506363.843356000026688,12/24/2019 10:17:27 AM,6185_8318
4540,4541,1,4540,58739,88145811,FHPK19OFF073701,FHP,Long,12/26/2019 0:00:00,06:55 AM,Winter Garden,Orange,STATE ROAD 429 (DANIEL WEBSTER WESTERN BY),MILE MARKER 17,0,South,Sideswipe,2,0,0,0,N,N,N,3250.000000000000000,"Fog, Smog, Smoke",Dark - Lighted,0,Same Direction Sideswipe,N,Property Damage Only,N,"Sideswipe, Same Direction",Motor Vehicle in Transport,On Roadway,Non-Junction,N,Not at Intersection,Turnpike/Toll,Paved,Dry,None, , ,None, , ,N,N, , , , ,0,0,3,0,0,0,0,0,0,0,0,0,0.000000000000000,0.000000000000000,0,1,0,3250,"Mapped, On Network",-81.618762864299995,28.496644917200001,632645.754106999957003,501197.607499999983702,2/10/2020 2:59:27 PM,6763_6186
4541,4542,1,4541,58778,88252576,FHPD19OFF110726,FHP,Long,12/6/2019 0:00:00,12:30 PM,Orlando Expwy Auth,Orange,STATE RD 528,NARCOOSSEE RD,400,West,Sideswipe,2,0,0,0,N,N,N,750.000000000000000,Clear,Daylight,0,Same Direction Sideswipe,E,Property Damage Only,N,"Sideswipe, Same Direction",Motor Vehicle in Transport,On Roadway,Entrance/Exit Ramp,N,Not at Intersection,Turnpike/Toll,Paved,Dry,None, , ,None, , ,N,Y,Work on Shoulder or Median,Activity Area,Y,N,0,0,1,0,0,0,0,0,0,0,0,0,0.000000000000000,0.000000000000000,0,0,0,750,"Mapped, On Network",-81.268694897100005,28.448365517199999,666960.744054000009783,496546.168509999988601,2/10/2020 4:01:25 PM,8052_8060
4542,4543,1,4542,58781,88252575,FHPD19OFF109934,FHP,Long,12/4/2019 0:00:00,06:50 AM,Orlando Expwy Auth,Orange,STATE RD 417,STATE RD 528,0,North,Other,2,0,0,0,N,N,N,1250.000000000000000,Clear,Dawn,0,Other,S,Property Damage Only,N,Other,Other Non-Collision,On Roadway,Entrance/Exit Ramp,N,Not at Intersection,Turnpike/Toll,Paved,Dry,None, , ,None, , ,N,Y,Work on Shoulder or Median,Advance Warning Area,N,N,0,0,0,0,0,0,0,0,0,0,0,0,0.000000000000000,0.000000000000000,0,0,750,500,"Mapped, On Network",-81.232035170600000,28.459529993899999,670515.479289000038989,497865.639649000018835,2/10/2020 4:02:32 PM,8546_7092
4543,4544,1,4543,58789,88217770,FHPD19OFF111576,FHP,Long,12/9/2019 0:00:00,08:28 AM,Orlando Expwy Auth,Orange,SR-417 (MM7),HUNTERS VISTA BLVD,20,North,Rear End,2,0,0,0,N,N,N,4400.000000000000000,Clear,Daylight,0,Rear End,S,Property Damage Only,N,Front to Rear,Motor Vehicle in Transport,On Roadway,Non-Junction,N,Not at Intersection,Turnpike/Toll,Paved,Dry,None, , ,None, , ,N,N, , , , ,0,0,0,0,0,0,0,0,0,0,0,0,0.000000000000000,0.000000000000000,0,1,0,4400,"Mapped, On Network",-81.450866946800005,28.357295299099999,649366.734806000022218,486053.144464000011794,2/12/2020 1:51:32 PM,6916_6959
4544,4545,1,4544,58820,88243543,FHPD19OFF108842,FHP,Long,11/30/2019 0:00:00,01:51 PM,Orlando Expwy Auth,Orange,STATE ROAD 528 WESTBOUND,MILE MARKER 20,0, ,Off Road,1,0,0,0,N,N,N,5001.000000000000000,Clear,Daylight,0,Off Road,W,Property Damage Only,N,Other,Cable Barrier,Off Roadway,Non-Junction,N,Not at Intersection,Turnpike/Toll,Paved,Dry,None, , ,None, , ,N,N, , , , ,0,0,0,0,0,0,0,0,0,0,0,0,0.000000000000000,0.000000000000000,0,1,5000,1,"Mapped, On Network",-81.159533823800004,28.451786788800000,677619.664562999969348,497167.064130000013392,2/8/2020 8:43:03 PM,8099_8097
4545,4546,1,4545,58876,85407987,FHPD19OFF101804,FHP,Long,11/8/2019 0:00:00,03:32 PM,Orlando,Orange,STATE ROAD 417 S.B.,NARCOOSSEE ROAD,0,North,Rear End,3,0,0,1,N,N,N,9200.000000000000000,Cloudy,Daylight,0,Rear End,S,Injury,N,Front to Rear,Motor Vehicle in Transport,On Roadway,Non-Junction,N,Not at Intersection,State,Paved,Dry,None, , ,None, , ,N,N, , , , ,0,0,0,0,0,0,0,1,0,0,0,0,0.000000000000000,0.000000000000000,0,1,0,9200,"Mapped, On Network",-81.237443471199995,28.404357320100001,670124.265434999950230,491728.037530999979936,12/18/2019 3:50:20 PM,6174_8596
4546,4547,1,4546,58895,88059767,FHPD19OFF108901,FHP,Short,11/30/2019 0:00:00,04:54 PM,Unincorporated,Orange,STATE ROAD 528 (BEACHINE EXPRESSWAY),SUNBRIDGE PARKWAY,5280,West,Rear End,2,0,0,0,N,Y,N,1400.000000000000000,Clear,Daylight,0,Rear End,W,Property Damage Only,N,Front to Rear,Motor Vehicle in Transport,On Roadway,Non-Junction,N,Not at Intersection,State,Paved,Dry,None, , ,None, , ,N,N, , , , ,0,0,1,0,0,0,0,0,0,0,0,0,0.000000000000000,0.000000000000000,0,1,0,1400,"Mapped, On Network",-81.175814817299994,28.451808840100000,676028.626186999958009,497132.963813000009395,2/10/2020 3:17:33 PM,8097_6953
4547,4548,1,4547,58896,88027301,FHPD190FF109011,FHP,Long,12/1/2019 0:00:00,05:55 AM,Orlando Expwy Auth,Orange,SR-408,SR-423 (JOHN YOUNG PARKWAY),500,West,Other,2,0,0,0,N,N,N,1000.000000000000000,Clear,Dark - Lighted,0,Parked Vehicle,W,Property Damage Only,N,"Sideswipe, Same Direction",Motor Vehicle in Transport,On Roadway,Non-Junction,N,Not at Intersection,Turnpike/Toll,Paved,Dry,None, , ,None, , ,N,N, , , , ,0,0,0,0,0,0,0,0,0,0,0,0,0.000000000000000,0.000000000000000,0,0,0,1000,"Mapped, On Network",-81.416126801399997,28.544488442700001,652329.094354999950156,506908.310486999980640,12/6/2019 2:10:41 PM,8217_8215
4548,4549,1,4548,58978,88217752,FHPD19OFF104378,FHP,Long,11/16/2019 0:00:00,06:56 PM,Orlando Expwy Auth,Orange,SR-417 (MM9),JOHN YOUNG PARKWAY,80,South,Sideswipe,2,0,0,1,N,N,N,1800.000000000000000,Cloudy,Dusk,0,Same Direction Sideswipe,S,Injury,N,"Sideswipe, Same Direction",Motor Vehicle in Transport,On Roadway,Non-Junction,N,Not at Intersection,Turnpike/Toll,Paved,Dry,None, , ,None, , ,N,N, , , , ,0,0,1,0,0,0,0,1,0,0,0,0,0.000000000000000,0.000000000000000,0,0,0,1800,"Mapped, On Network",-81.427218934799996,28.371955591900001,651645.780930000008084,487728.958043000020552,1/28/2020 12:05:28 PM,8290_8292
4549,4550,1,4549,58979,88217750,FHPD19OFF104113,FHP,Long,11/15/2019 0:00:00,06:05 PM,Orlando Expwy Auth,Orange,SR-417 (MM16),BOGGY CREEK ROAD,5280,South,Rear End,2,0,0,1,N,Y,N,6700.000000000000000,Clear,Dusk,0,Rear End,S,Injury,N,Front to Rear,Motor Vehicle in Transport,On Roadway,Non-Junction,N,Not at Intersection,Turnpike/Toll,Paved,Dry,None, , ,None, , ,N,N, , , , ,0,0,0,0,0,0,0,0,1,0,0,0,0.000000000000000,0.000000000000000,0,1,0,6700,"Mapped, On Network",-81.325783731700000,28.367398964600000,661576.686996000004001,487434.109788000001572,1/28/2020 2:34:55 PM,6618_6299
4550,4551,1,4550,59010,88217761,FHPD19OFF109275,FHP,Long,12/2/2019 0:00:00,06:34 AM,Orlando Expwy Auth,Orange,SR-417 (MM37),ALOMA   AVE,5280,South,Rear End,2,0,0,1,N,N,N,1800.000000000000000,Clear,Daylight,0,Rear End,N,Injury,N,Front to Rear,Motor Vehicle in Transport,On Roadway,Non-Junction,N,Not at Intersection,Turnpike/Toll,Paved,Dry,None, , ,None, , ,N,Y,Work on Shoulder or Median,Advance Warning Area,N,N,0,0,0,0,0,0,0,1,0,0,0,0,0.000000000000000,0.000000000000000,0,1,0,1800,"Mapped, On Network",-81.249795089900005,28.596548348100001,668440.736077000037767,513039.721206000016537,2/10/2020 4:24:56 PM,8120_8585
4551,4552,1,4551,59012,88217760,FHPD19OFF107120,FHP,Short,11/24/2019 0:00:00,08:54 PM,Orlando Expwy Auth,Orange,SR-528 (MM27),SR-520,21120,West,Rear End,2,0,0,0,N,N,N,2000.000000000000000,Clear,Dark - Lighted,0,Rear End,E,Property Damage Only,N,Front to Rear,Motor Vehicle in Transport,On Roadway,Non-Junction,N,Not at Intersection,Turnpike/Toll,Paved,Dry,Work Zone, , ,None, , ,N,Y,Lane Closure,Advance Warning Area,Y,Y,0,0,1,0,0,0,0,0,0,0,0,0,0.000000000000000,0.000000000000000,0,1,0,2000,"Mapped, On Network",-81.051657783200000,28.452054536999999,688160.500708000035957,497444.264650000026450,2/6/2020 4:43:45 PM,7008_7061
4552,4553,1,4552,59053,88171826,FHPK19OFF069851,FHP,Short,12/6/2019 0:00:00,09:25 AM,Ocoee,Orange,STATE ROAD 429 (SR-429/WESTERN BELTWAY),MILE MARKER 22,0, ,Sideswipe,2,0,0,0,N,N,N,1500.000000000000000,Clear,Daylight,0,Opposing Sideswipe,NS,Property Damage Only,N,"Sideswipe, Same Direction",Motor Vehicle in Transport,On Roadway,Non-Junction,N,Not at Intersection,Turnpike/Toll,Paved,Dry,None, , ,None, , ,N,N, , , , ,0,0,1,0,0,0,0,0,0,0,0,0,0.000000000000000,0.000000000000000,0,1,0,1500,"Mapped, On Network",-81.557202600300002,28.542653631299999,638558.175380000029691,506423.790618999977596,2/12/2020 1:13:05 PM,8529_8524
4553,4554,1,4553,59102,88252903,FHPD19OFF117914,FHP,Long,12/27/2019 0:00:00,08:38 AM,Orlando,Orange,STATE ROAD 408,WESTBOUND MM 1,0, ,Other,2,1,0,2,N,N,N,19000.000000000000000,Cloudy,Daylight,0,Parked Vehicle,W,Injury,N,Front to Rear,Motor Vehicle in Transport,On Roadway,Non-Junction,N,Not at Intersection,State,Paved,Dry,None, , ,None, , ,N,N, , , , ,0,0,0,0,1,0,0,0,0,2,0,0,2.000000000000000,0.000000000000000,0,2,0,19000,"Mapped, On Network",-81.512891275499996,28.544969551200001,642879.752515999949537,506767.434643000015058,1/6/2020 2:37:59 PM,8150_8116
4554,4555,1,4554,59108,88222013,FHPD19OFF119123,FHP,Short,12/31/2019 0:00:00,08:25 AM,Orlando Expwy Auth,Orange,SR 417 (CENTRAL FLORIDA GREENEWAY),MM 30,200,South,Sideswipe,2,0,0,0,N,Y,N,600.000000000000000,Clear,Daylight,0,Same Direction Sideswipe,N,Property Damage Only,N,"Sideswipe, Same Direction",Motor Vehicle in Transport,On Roadway,Non-Junction,N,Not at Intersection,Turnpike/Toll,Paved,Dry,None, , ,None, , ,N,N, , , , ,0,0,0,0,0,0,0,0,0,0,0,0,0.000000000000000,0.000000000000000,0,1,0,600,"Mapped, On Network",-81.245004988800005,28.504233942300001,669137.232492999988608,502800.669683000014629,2/25/2020 10:24:53 AM,6965_8557
4555,4556,1,4555,59186,88222011,FHPD19OFF117893,FHP,Short,12/27/2019 0:00:00,06:15 AM,Orlando Expwy Auth,Orange,SR-528 RAMP,SR 417,100,West,Rear End,2,0,0,0,N,Y,N,2700.000000000000000,Cloudy,Dark - Lighted,0,Rear End,W,Property Damage Only,N,Front to Rear,Motor Vehicle in Transport,On Roadway,Non-Junction,N,Not at Intersection,Turnpike/Toll,Paved,Dry,None, , ,None, , ,N,N, , , , ,0,0,0,0,0,0,0,0,0,0,0,0,0.000000000000000,0.000000000000000,0,1,0,2700,"Mapped, On Network",-81.236476876099999,28.451550294099999,670101.318839999963529,496969.929162000014912,2/14/2020 3:45:03 PM,8007_6663
4556,4557,1,4556,59195,89218919,2019-00412450,Orlando PD,Long,11/7/2019 0:00:00,08:20 AM,Orlando,Orange,BEELINE WBO (SR 528),S SEMORAN BV (SR 436),0,East,Rear End,3,0,0,2,N,N,N,31000.000000000000000,Cloudy,Daylight,0,Rear End,W,Injury,Y,Front to Rear,Motor Vehicle in Transport,On Roadway,Non-Junction,N,Not at Intersection,State,Paved,Dry,None, , ,None, , ,N,N, , , , ,0,0,1,0,0,0,0,0,2,0,0,0,0.000000000000000,0.000000000000000,0,1,7000,24000,"Mapped, On Network",-81.300030657299999,28.451417618699999,663891.024071000050753,496817.593860000022687,1/23/2020 3:52:45 PM,8183_6664
4557,4558,1,4557,59198,88253049,FHPD19OFF113599,FHP,Long,12/14/2019 0:00:00,02:50 AM,Orlando,Orange,STATE ROAD 408 (EAST WEST EXPRESSWAY),CONWAY ROAD,500,West,Rear End,2,0,0,0,N,N,N,700.000000000000000,Clear,Dark - Lighted,0,Rear End,E,Property Damage Only,N,Front to Rear,Motor Vehicle in Transport,On Roadway,Non-Junction,N,Not at Intersection,State,Paved,Dry,None, , ,None, , ,N,N, , , , ,0,0,0,0,0,0,0,0,0,0,0,0,0.000000000000000,0.000000000000000,0,0,0,700,"Mapped, On Network",-81.332911420100004,28.538200082700001,660469.379010000033304,506383.133583999995608,2/10/2020 4:48:02 PM,8355_8348
4558,4559,1,4558,59200,88252591,FHPD19OFF119262,FHP,Short,12/31/2019 0:00:00,04:30 PM,Orlando Expwy Auth,Orange,STATE RD 417,STATE RD 536,5280,North,Rear End,2,0,0,0,N,N,N,1500.000000000000000,Clear,Daylight,0,Rear End,N,Property Damage Only,N,Front to Rear,Motor Vehicle in Transport,On Roadway,Non-Junction,N,Not at Intersection,Turnpike/Toll,Paved,Dry,None, , ,None, , ,N,N, , , , ,0,0,6,0,0,0,0,0,0,0,0,0,0.000000000000000,0.000000000000000,0,1,0,1500,"Mapped, On Network",-81.476286916199996,28.356590895600000,646881.998125000041910,485923.783987000002526,2/26/2020 3:59:02 PM,6071_8579