FID,OBJECTID_1,Join_Count,TARGET_FID,OBJECTID,HSMV_Repor,Agency_Rep,Reporting_,Form_Type,Crash_Date,Crash_Time,City,County,Crash_Stre,Intersecti,Offset_Dis,Offset_Dir,Crash_Type,Vehicles,Non_Motori,Fatalities,Injuries,Alcohol_Re,Distractio,Drug_Relat,Estimated_,Weather_Co,Light_Cond,Street_Num,Crash_Ty_1,Crash_Ty_2,Crash_Seve,Within_Cit,Manner_of_,First_Harm,First_HE_L,First_HE_R,First_HE_W,Type_of_In,Road_Sys_I,Type_of_Sh,Road_Surf_,Contrib_Ci,Contrib__1,Contrib__2,Contrib__3,Contrib__4,Contrib__5,School_Bus,Work_Zone_,Type_of_Wo,Loc_in_Wor,Workers_in,Law_Enforc,Mopeds,Motorcycle,Passengers,Bicyclists,Pedestrian,Fataliti_1,Injuries_U,Possible_I,Non_Incapa,Incapacita,Fataliti_2,Non_Traffi,Transporte,Transpor_1,Transpor_2,Citations,Property_D,Vehicle_Dm,S4_Mapping,S4_Decimal,S4_Decim_1,S4_Albers_,S4_Albers1,S4_Mappi_1,zone_id_st
4559,4560,1,4559,59231,88252587,FHPD19OFF118061,FHP,Short,12/27/2019 0:00:00,03:43 PM,Orlando Expwy Auth,Orange,STATE RD 417,STATE RD 536,5280,North,Rear End,2,0,0,0,N,N,N,1750.000000000000000,Rain,Daylight,0,Rear End,N,Property Damage Only,N,Front to Rear,Motor Vehicle in Transport,On Roadway,Non-Junction,N,Not at Intersection,Turnpike/Toll,Paved,Wet,Road Surface Condition, , ,Weather Conditions, , ,N,N, , , , ,0,0,3,0,0,0,0,0,0,0,0,0,0.000000000000000,0.000000000000000,0,1,0,1750,"Mapped, On Network",-81.462688448400002,28.354691175100001,648216.420485000009649,485740.149923000019044,1/15/2020 11:25:25 AM,8581_7010
4560,4561,1,4560,59244,88201088,FHPD19OFF103443,FHP,Long,11/13/2019 0:00:00,06:29 PM,Orlando Expwy Auth,Orange,STATE RD 417,BERRY DEASE RD,100,South,Sideswipe,3,0,0,0,N,N,N,3500.000000000000000,Clear,Dusk,0,Same Direction Sideswipe,S,Property Damage Only,N,"Sideswipe, Same Direction",Motor Vehicle in Transport,On Roadway,Non-Junction,N,Not at Intersection,Turnpike/Toll,Paved,Dry,None, , ,None, , ,N,N, , , , ,0,0,1,0,0,0,0,0,0,0,0,0,0.000000000000000,0.000000000000000,0,1,0,3500,"Mapped, On Network",-81.250938512600001,28.524377516300000,668507.811862000031397,505024.243674000026658,1/27/2020 4:46:28 PM,6968_8555
4561,4562,1,4561,59259,89222256,2019-00465447,Orlando PD,Long,12/21/2019 0:00:00,01:18 PM,Orlando,Orange,SR 408 EB,S ORANGE BLOSSOM TL (SR 441),1000,East,Other,2,0,0,4,N,N,N,16000.000000000000000,Clear,Daylight,0,Other,E,Injury,Y,Angle,Motor Vehicle in Transport,On Roadway,Non-Junction,N,Not at Intersection,State,Paved,Dry,None, , ,None, , ,N,N, , , , ,0,0,3,0,0,0,0,3,1,0,0,0,3.000000000000000,0.000000000000000,0,0,0,16000,"Mapped, On Network",-81.394249790399996,28.535064973299999,654487.297854000004008,505906.967373999999836,1/6/2020 2:17:24 PM,8248_8267
4562,4563,1,4562,59305,88105670,FHPD19OFF116576,FHP,Long,12/22/2019 0:00:00,10:11 PM,Unincorporated,Orange,STATE ROAD 417 (GREENWAY EXPWY),STATE ROAD 408 (EAST / WEST EXPWY),500,North,Off Road,1,0,0,0,N,N,N,15010.000000000000000,Rain,Dark - Lighted,0,Off Road,S,Property Damage Only,N,Unknown,Concrete Traffic Barrier,Shoulder,Entrance/Exit Ramp,Y,Not at Intersection,State,Paved,Wet,Road Surface Condition, , ,Weather Conditions, , ,N,N, , , , ,0,0,0,0,0,0,0,0,0,0,0,0,0.000000000000000,0.000000000000000,0,0,10,15000,"Mapped, On Network",-81.268297961800002,28.560322229899999,666724.126654000021517,508977.455019999993965,1/6/2020 3:25:46 PM,8572_8453
4563,4564,1,4563,59323,88242331,FHPD19OFF105154,FHP,Long,11/19/2019 0:00:00,12:09 PM,Orlando Expwy Auth,Orange,STATE ROAD 417 NB MM27,STATE ROAD 528,0,North,Sideswipe,2,0,0,0,N,N,N,3500.000000000000000,Clear,Daylight,0,Same Direction Sideswipe,N,Property Damage Only,Y,Front to Rear,Motor Vehicle in Transport,On Roadway,Non-Junction,N,Not at Intersection,Turnpike/Toll,Paved,Dry,None, , ,None, , ,N,N, , , , ,0,0,0,0,0,0,0,0,0,0,0,0,0.000000000000000,0.000000000000000,0,1,0,3500,"Mapped, On Network",-81.232051919599996,28.460348104600001,670511.803457999951206,497956.436465999984648,1/28/2020 12:01:11 PM,6173_8544
4564,4565,1,4564,59347,88252675,FHPD19OFF108808,FHP,Long,11/30/2019 0:00:00,12:20 PM,Orlando,Orange,SR 417 (EXIT RAMP),CR 423 (JOHN YOUNG PARKWAY,0, ,Rear End,2,0,0,2,N,Y,N,1000.000000000000000,Clear,Daylight,0,Rear End,S,Injury,N,Front to Rear,Motor Vehicle in Transport,On Roadway,Intersection-Related,Y,Not at Intersection,State,Unpaved,Dry,None, , ,None, , ,N,N, , , , ,0,0,1,0,0,0,0,2,0,0,0,0,0.000000000000000,0.000000000000000,0,1,0,1000,"Mapped, On Network",-81.425419673600004,28.373257565300001,651818.723927999963053,487877.192498999997042,2/7/2020 4:24:07 PM,8290_8292
4565,4566,1,4565,59350,85586732,FHPD19OFF091740,FHP,Long,10/8/2019 0:00:00,07:09 PM,Orlando,Orange,STATE ROAD 417(CFL GREENEWAY),13 MILE MARKER,0,South,Other,2,0,0,0,N,N,N,5000.000000000000000,Clear,Dark - Lighted,0,Other,S,Property Damage Only,N,Other,Motor Vehicle in Transport,On Roadway,Non-Junction,N,Not at Intersection,State,Paved,Dry,None, , ,None, , ,N,N, , , , ,0,0,0,0,0,0,0,0,0,0,0,0,0.000000000000000,0.000000000000000,0,0,0,5000,"Mapped, On Network",-81.351279043500000,28.368934001000000,659079.603946999995969,487550.723346000013407,1/29/2020 3:10:22 PM,8466_7095
4566,4567,1,4566,59359,89220466,2019-00453082,Orlando PD,Long,12/11/2019 0:00:00,08:00 AM,Orlando,Orange,SR408,SR400 WEST EXIT,0,South,Other,1,0,0,0,N,N,N,0.000000000000000,Clear,Daylight,0,Single Vehicle,W,Property Damage Only,Y,"Sideswipe, Same Direction",Motor Vehicle in Transport,On Roadway,Non-Junction,N,Not at Intersection,State,Paved,Dry,None, , ,None, , ,N,N, , , , ,0,0,0,0,0,0,0,0,0,0,0,0,0.000000000000000,0.000000000000000,0,0,0,0,"Mapped, On Network",-81.383686268100007,28.535320729799999,655518.213830000022426,505957.208649999985937,1/6/2020 2:22:35 PM,8274_8272
4567,4568,1,4567,59362,88253048,FHPD19OFF113585,FHP,Long,12/13/2019 0:00:00,10:50 PM,Orlando,Orange,STATE ROAD 417 (CENTRAL FLORIDA GREENWAY),CURRY FORD ROAD,600,North,Rear End,2,0,0,0,N,N,N,3000.000000000000000,Clear,Dark - Lighted,0,Rear End,N,Property Damage Only,N,Front to Rear,Motor Vehicle in Transport,On Roadway,Non-Junction,N,Not at Intersection,State,Paved,Dry,None, , ,None, , ,N,N, , , , ,0,0,0,0,0,0,0,0,0,0,0,0,0.000000000000000,0.000000000000000,0,1,0,3000,"Mapped, On Network",-81.248705843400003,28.511996847799999,668756.520360999973491,503654.501390999997966,2/10/2020 4:45:42 PM,8557_8553
4568,4569,1,4568,59363,88222010,FHPD19OFF117887,FHP,Long,12/27/2019 0:00:00,06:00 AM,Orlando Expwy Auth,Orange,SR-528 RAMP,SR417,100,West,Off Road,1,0,0,0,N,Y,N,6500.000000000000000,Cloudy,Dark - Lighted,0,Off Road,W,Property Damage Only,N,Other,Utility Pole/Light Support,Off Roadway,Non-Junction,N,Not at Intersection,Turnpike/Toll,Paved,Dry,None, , ,None, , ,N,N, , , , ,0,0,0,0,0,0,0,0,0,0,0,0,0.000000000000000,0.000000000000000,0,2,1000,5500,"Mapped, On Network",-81.235048294899997,28.451567681099998,670240.878875999944285,496974.989505000005011,2/14/2020 3:40:47 PM,8001_8007
4569,4570,1,4569,59405,88217756,FHPD19OFF105347,FHP,Long,11/19/2019 0:00:00,07:08 PM,Orlando Expwy Auth,Orange,SR-429 (MM23.5),PLANT STREET,5280,South,Sideswipe,2,0,0,0,N,N,N,3000.000000000000000,Clear,Dusk,0,Same Direction Sideswipe,N,Property Damage Only,N,Angle,Motor Vehicle in Transport,On Roadway,Non-Junction,N,Not at Intersection,Turnpike/Toll,Paved,Dry,None, , ,None, , ,N,N, , , , ,0,0,0,0,0,0,0,0,0,0,0,0,0.000000000000000,0.000000000000000,0,0,0,3000,"Mapped, On Network",-81.558220957600000,28.564370789800002,638410.984046999947168,508833.163370999973267,1/28/2020 2:29:38 PM,8500_8421
4570,4571,1,4570,59406,88243535,FHPD19OFF105288,FHP,Long,11/19/2019 0:00:00,05:53 PM,Orlando Expwy Auth,Orange,STATE ROAD 417 SOUTHBOUND,MILE MARKER 30,0, ,Rear End,3,0,0,0,N,Y,N,20000.000000000000000,Clear,Dusk,0,Rear End,S,Property Damage Only,N,Front to Rear,Motor Vehicle in Transport,On Roadway,Non-Junction,N,Not at Intersection,Turnpike/Toll,Paved,Dry,None, , ,None, , ,N,N, , , , ,0,0,1,0,0,0,0,0,0,0,0,0,0.000000000000000,0.000000000000000,0,1,0,20000,"Mapped, On Network",-81.250241262299994,28.515138199900001,668598.781228999956511,503999.935447000025306,1/28/2020 11:59:18 AM,6968_8555
4571,4572,1,4571,59409,88252560,FHPD19OFF104943,FHP,Long,11/18/2019 0:00:00,06:18 PM,Orlando Expwy Auth,Orange,STATE RD 417,STATE RD 423,5280,South,Rear End,3,0,0,0,N,N,N,14500.000000000000000,Clear,Dusk,0,Rear End,N,Property Damage Only,N,Front to Rear,Motor Vehicle in Transport,On Roadway,Non-Junction,N,Not at Intersection,Turnpike/Toll,Paved,Dry,None, , ,None, , ,N,N, , , , ,0,0,0,0,0,0,0,0,0,0,0,0,0.000000000000000,0.000000000000000,0,1,0,14500,"Mapped, On Network",-81.437716761399997,28.362187844800001,650641.666476999991573,486623.038562999980059,1/28/2020 2:26:58 PM,6959_8287
4572,4573,1,4572,59465,89220112,2019-00436644,Orlando PD,Long,11/27/2019 0:00:00,01:10 AM,Orlando,Orange,SR 408 WBO,MILLS AV,5280,East,Off Road,1,0,0,0,N,N,N,1000.000000000000000,Clear,Dark - Lighted,0,Off Road,W,Property Damage Only,Y,Angle,Other Fixed Object,Off Roadway,Non-Junction,N,Not at Intersection,State,Paved,Dry,None, , ,None, , ,N,N, , , , ,0,0,0,0,0,0,0,0,0,0,0,0,0.000000000000000,0.000000000000000,0,0,0,1000,"Mapped, On Network",-81.356487277599996,28.538316687999998,658167.024132000049576,506346.502565999981016,2/7/2020 4:21:35 PM,6185_8318
4573,4574,1,4573,59519,89220050,2019-00404793,Orlando PD,Short,11/1/2019 0:00:00,12:44 AM,Orlando,Orange,SR 408,SR 15,5280,West,Rear End,2,0,0,0,N,N,N,5000.000000000000000,Clear,Dark - Lighted,0,Rear End,E,Property Damage Only,Y,Front to Rear,Motor Vehicle in Transport,On Roadway,Non-Junction,N,Not at Intersection,Turnpike/Toll,Paved,Dry,None, , ,None, , ,N,N, , , , ,0,0,0,0,0,0,0,0,0,0,0,0,0.000000000000000,0.000000000000000,0,0,0,5000,"Mapped, On Network",-81.381375944699997,28.535260218700000,655743.956770000047982,505955.279353999998420,12/24/2019 10:44:44 AM,6230_8274
4574,4575,1,4574,59540,89220722,2019-00431157,Orlando PD,Short,11/22/2019 0:00:00,03:53 PM,Orlando,Orange,STATE ROAD 528,STATE ROAD 436 EXIT 11,100, ,Sideswipe,2,0,0,0,N,N,N,1100.000000000000000,Clear,Daylight,0,Same Direction Sideswipe,W,Property Damage Only,Y,"Sideswipe, Same Direction",Motor Vehicle in Transport,On Roadway,Non-Junction,N,Not at Intersection,State,Paved,Dry,None, , ,None, , ,N,N, , , , ,0,0,2,0,0,0,0,0,0,0,0,0,0.000000000000000,0.000000000000000,0,1,0,1100,"Mapped, On Network",-81.314464080899995,28.451577433800001,662480.159651999943890,496804.533397999999579,2/4/2020 5:37:28 PM,6602_7054
4575,4576,1,4575,59546,88243534,FHPD19OFF104906,FHP,Long,11/18/2019 0:00:00,05:17 PM,Orlando Expwy Auth,Orange,STATE ROAD 429 NORTHBOUND,MILE MARKER 25,0, ,Rear End,3,0,0,0,N,Y,N,18000.000000000000000,Clear,Dusk,0,Rear End,N,Property Damage Only,N,Front to Rear,Motor Vehicle in Transport,On Roadway,Non-Junction,N,Not at Intersection,Turnpike/Toll,Paved,Dry,None, , ,None, , ,N,N, , , , ,0,0,0,0,0,0,0,0,0,0,0,0,0.000000000000000,0.000000000000000,0,1,0,18000,"Mapped, On Network",-81.557299999999998,28.587289916800000,638450.477229999960400,511379.740935000008903,1/28/2020 2:29:54 PM,6089_6220
4576,4577,1,4576,59548,88242330,FHPD19OFF104806,FHP,Long,11/18/2019 0:00:00,12:55 PM,Orlando Expwy Auth,Orange,STATE ROAD 528 WB MM16,STATE ROAD 417,5280,East,Other,2,0,0,0,N,N,N,2800.000000000000000,Clear,Daylight,0,Other,W,Property Damage Only,Y,Other,Motor Vehicle in Transport,On Roadway,Non-Junction,N,Not at Intersection,Turnpike/Toll,Paved,Dry,None, , ,None, , ,N,N, , , , ,0,0,1,0,0,0,0,0,0,0,0,0,0.000000000000000,0.000000000000000,0,2,300,2500,"Mapped, On Network",-81.220467779399996,28.451600226299998,671665.627270000055432,497010.640057999989949,1/28/2020 12:03:49 PM,6320_6667
4577,4578,1,4577,59549,88242329,FHPD19OFF104721,FHP,Short,11/18/2019 0:00:00,07:50 AM,Orlando Expwy Auth,Orange,STATE ROAD 417 SB OFF RAMP MM6,STATE ROAD 536,0,North,Rear End,2,0,0,0,N,N,N,3000.000000000000000,Cloudy,Daylight,0,Rear End,S,Property Damage Only,Y,Front to Rear,Motor Vehicle in Transport,On Roadway,Entrance/Exit Ramp,N,Not at Intersection,Turnpike/Toll,Paved,Dry,None, , ,None, , ,N,N, , , , ,0,0,0,0,0,0,0,0,0,0,0,0,0.000000000000000,0.000000000000000,0,1,0,3000,"Mapped, On Network",-81.475493259299995,28.356315623499999,646960.252499999944121,485894.808749000017997,1/28/2020 2:30:59 PM,6071_8579
4578,4579,1,4578,59551,89220374,2019-00414042,Orlando PD,Short,11/8/2019 0:00:00,10:47 AM,Orlando,Orange,SR408 WEST,I4 WEST,500,East,Sideswipe,2,0,0,0,N,N,N,3500.000000000000000,Cloudy,Daylight,0,Same Direction Sideswipe,W,Property Damage Only,Y,Angle,Motor Vehicle in Transport,On Roadway,Non-Junction,N,Not at Intersection,State,Paved,Dry,None, , ,None, , ,N,N, , , , ,0,0,0,0,0,0,0,0,0,0,0,0,0.000000000000000,0.000000000000000,0,1,0,3500,"Mapped, On Network",-81.382055513599994,28.535313947599999,655677.471004000050016,505959.835730999999214,1/24/2020 3:56:40 PM,8274_8272
4579,4580,1,4579,59555,88192416,FHPD19OFF110990,FHP,Long,12/7/2019 0:00:00,12:20 AM,Orlando,Orange,STATE ROAD 417 NORTHBOUND,MM 27,0, ,Off Road,1,0,0,0,N,Y,N,10100.000000000000000,Clear,Dark - Lighted,0,Off Road,N,Property Damage Only,N,Other,Traffic Sign Support,Off Roadway,Non-Junction,N,Not at Intersection,Turnpike/Toll,Paved,Dry,None, , ,None, , ,N,N, , , , ,0,0,0,0,0,0,0,0,0,0,0,0,0.000000000000000,0.000000000000000,0,4,100,10000,"Mapped, On Network",-81.237221244200001,28.470200725900000,669982.176836999948137,499039.029120000021067,2/12/2020 1:19:22 PM,6173_8544
4580,4581,1,4580,59576,88208486,FHPK19OFF067744,FHP,Long,11/25/2019 0:00:00,10:50 AM,Winter Garden,Orange,STATE ROAD 429,STONEY BROOK ROAD,5280,North,Other,3,0,0,1,N,N,N,1100.000000000000000,Clear,Daylight,0,Other,S,Injury,N,Other,Motor Vehicle in Transport,On Roadway,Entrance/Exit Ramp,N,Not at Intersection,Turnpike/Toll,Paved,Dry,None, , ,None, , ,N,N, , , , ,0,0,0,0,0,0,0,1,0,0,0,0,0.000000000000000,0.000000000000000,0,0,0,1100,"Mapped, On Network",-81.580629887800001,28.521516298300000,636316.665838000015356,504031.712350999994669,2/10/2020 4:08:19 PM,8464_8492
4581,4582,1,4581,59580,88243544,FHPD19OFF109139,FHP,Short,12/1/2019 0:00:00,04:05 PM,Orlando Expwy Auth,Orange,STATE ROAD 417 NORTHBOUND,MILE MARKER 9,0, ,Rear End,3,0,0,0,N,Y,N,3000.000000000000000,Clear,Daylight,0,Rear End,N,Property Damage Only,N,Front to Rear,Motor Vehicle in Transport,On Roadway,Non-Junction,N,Not at Intersection,Turnpike/Toll,Paved,Dry,None, , ,None, , ,N,N, , , , ,0,0,8,0,0,0,0,0,0,0,0,0,0.000000000000000,0.000000000000000,0,3,0,3000,"Mapped, On Network",-81.442514766000002,28.359327477699999,650178.982389000011608,486295.700646999990568,2/7/2020 2:56:47 PM,6959_8287
4582,4583,1,4582,59603,88097822,FHPD19OFF018218,FHP,Long,2/27/2019 0:00:00,03:33 AM,Orlando,Orange,STATE ROAD 417 (GREENWAY EXPY),MM 34,1320,South,Other,1,0,1,1,N,Y,N,20000.000000000000000,Rain,Dark - Lighted,0,Single Vehicle,N,Fatality,N,Other,Other Non-Collision,Shoulder,Non-Junction,N,Not at Intersection,County,Paved,Wet,Road Surface Condition, , ,Weather Conditions, , ,N,N, , , , ,0,0,1,0,0,1,1,0,0,1,1,0,1.000000000000000,0.000000000000000,1,0,0,20000,"Mapped, On Network",-81.268058926099997,28.560287133900001,666747.548690999974497,508974.075421000015922,1/21/2020 10:25:12 AM,6966_8451
4583,4584,1,4583,59618,88245060,FHPD19OFF104672,FHP,Long,11/17/2019 0:00:00,10:08 PM,Orlando,Orange,SR528,MM22,5280,West,Other,1,0,0,0,N,Y,N,5000.000000000000000,Clear,Dark - Lighted,0,Single Vehicle,W,Property Damage Only,N,Other,Ran into Water/Canal,Shoulder,Non-Junction,N,Not at Intersection,State,Paved,Dry,None, , ,None, , ,N,N, , , , ,0,0,0,0,0,0,0,0,0,0,0,0,0.000000000000000,0.000000000000000,0,0,0,5000,"Mapped, On Network",-81.142572516700000,28.451661435700000,679277.444660000037402,497191.445822999987286,1/15/2020 2:25:17 PM,6073_8099
4584,4585,1,4584,59628,88235912,FHPD19OFF102388,FHP,Long,11/10/2019 0:00:00,08:49 AM,Unincorporated,Orange,STATE ROAD 408 (EAST-WEST EXPRESSWAY),CHICKASAW TRAIL,600,East,Off Road,1,0,0,2,N,N,N,4000.000000000000000,Clear,Daylight,0,Off Road,W,Injury,N,Other,Ditch,Off Roadway,Non-Junction,N,Not at Intersection,Turnpike/Toll,Paved,Dry,None, , ,None, , ,N,N, , , , ,0,0,1,0,0,0,0,0,1,1,0,0,2.000000000000000,0.000000000000000,0,0,0,4000,"Mapped, On Network",-81.275407131899996,28.545804472299999,666065.718390000052750,507350.211264999990817,1/8/2020 3:27:21 PM,6879_6918
4585,4586,1,4585,59708,88222012,FHPD19OFF117950,FHP,Long,12/27/2019 0:00:00,11:15 AM,Orlando Expwy Auth,Orange,SR 417 (CENTRAL FLORIDA GREENEWAY),MM 36,100,South,Rollover,1,0,0,0,N,N,N,6000.000000000000000,Clear,Daylight,0,Rollover,N,Property Damage Only,N,Other,Overturn/Rollover,Off Roadway,Non-Junction,N,Not at Intersection,Turnpike/Toll,Paved,Dry,None, , ,None, , ,N,N, , , , ,0,0,0,0,0,0,0,0,0,0,0,0,0.000000000000000,0.000000000000000,0,0,500,5500,"Mapped, On Network",-81.250097940299995,28.594760874300000,668415.606851999997161,512840.602814999991097,2/16/2020 12:03:58 PM,8120_8585
4586,4587,1,4586,59709,88086113,FHPK19OFF074110,FHP,Long,12/27/2019 0:00:00,09:16 PM,Apopka,Orange,STATE ROAD 429,STATE ROAD 414,800,North,Off Road,1,0,0,0,N,N,N,2000.000000000000000,Rain,Dark - Lighted,0,Off Road,S,Property Damage Only,N,Other,Impact Attenuator/Crash Cushion,Off Roadway,Non-Junction,N,Not at Intersection,State,Paved,Wet,None, , ,None, , ,N,N, , , , ,0,0,0,0,0,0,0,0,0,0,0,0,0.000000000000000,0.000000000000000,0,0,2000,0,"Mapped, On Network",-81.550561308100001,28.658455068199999,638951.230945999966934,519294.479720000002999,2/14/2020 11:38:57 AM,6221_5990
4587,4588,1,4587,59725,88236964,FHPD19OFF104201,FHP,Long,11/15/2019 0:00:00,09:48 PM,Orlando,Orange,STATE ROAD 417 (EXIT RAMP),LANDSTAR BLVD,10,North,Rear End,2,0,0,1,N,Y,N,4500.000000000000000,Clear,Dark - Lighted,0,Rear End,W,Injury,N,Front to Rear,Motor Vehicle in Transport,On Roadway,Non-Junction,N,Not at Intersection,County,Paved,Dry,None, , ,None, , ,N,N, , , , ,0,0,0,0,0,0,0,1,0,0,0,0,1.000000000000000,0.000000000000000,0,0,0,4500,"Mapped, On Network",-81.366332567100002,28.368905092500000,657607.465238000033423,487515.976488000014797,12/27/2019 6:19:00 PM,8484_8486
4588,4589,1,4588,59802,88240200,FHPK19OFF073469,FHP,Long,12/24/2019 0:00:00,06:28 PM,Winter Garden,Orange,STATE ROAD 429 (DANIEL WEBSTER WESTERN BLTWY),MILE MARKER 17,5280,South,Rear End,2,0,0,0,N,Y,N,8000.000000000000000,Clear,Dark - Lighted,0,Rear End,S,Property Damage Only,N,Front to Rear,Motor Vehicle in Transport,On Roadway,Non-Junction,N,Not at Intersection,State,Paved,Dry,None, , ,None, , ,N,N, , , , ,0,0,3,0,0,0,0,0,0,0,0,0,0.000000000000000,0.000000000000000,0,1,0,8000,"Mapped, On Network",-81.616234625100006,28.500177210699999,632885.148475000052713,501594.589542999980040,2/10/2020 3:02:15 PM,6759_6969
4589,4590,1,4589,59820,88235908,FHPD19OFF102110,FHP,Long,11/9/2019 0:00:00,07:27 AM,Unincorporated,Orange,STATE ROAD 408 (EAST-WEST EXPRESSWAY),ROUSE ROAD,700,West,Off Road,1,0,0,0,N,N,N,6000.000000000000000,Cloudy,Daylight,0,Off Road,W,Property Damage Only,N,Other,Guardrail Face,Shoulder,Non-Junction,N,Not at Intersection,Turnpike/Toll,Paved,Wet,None, , ,None, , ,N,N, , , , ,0,0,0,0,0,0,0,0,0,0,0,0,0.000000000000000,0.000000000000000,0,0,2000,4000,"Mapped, On Network",-81.225196061600002,28.547346396500000,670964.326414000010118,507630.742047999985516,12/27/2019 6:22:36 PM,6045_6306
4590,4591,1,4590,59839,88253034,FHPD19OFF109010,FHP,Long,12/1/2019 0:00:00,04:20 AM,Orlando,Orange,STATE ROAD 528 (BEACHLINE EXPRESSWAY),DALLAS BOULEVARD,0, ,Off Road,1,0,0,0,N,N,N,2000.000000000000000,Clear,Dark - Not Lighted,0,Off Road,E,Property Damage Only,N,Other,Guardrail Face,Off Roadway,Non-Junction,N,Not at Intersection,State,Paved,Dry,None, , ,None, , ,N,N, , , , ,0,0,0,0,0,0,0,0,0,0,0,0,0.000000000000000,0.000000000000000,0,1,0,2000,"Mapped, On Network",-81.100426681299993,28.451470024300001,683396.413850000011735,497266.348161000001710,1/15/2020 11:19:32 AM,6488_8109
4591,4592,1,4591,59894,89222108,2019-00466983,Orlando PD,Long,12/22/2019 0:00:00,11:59 AM,Orlando,Orange,E/W EXPRESSWAY SR 408,ORANGE AVENUE,50,East,Other,1,0,0,2,Y,N,N,7000.000000000000000,Rain,Dark - Lighted,0,Single Vehicle,E,Injury,Y,Angle,Motor Vehicle in Transport,On Roadway,Non-Junction,N,Not at Intersection,State,Paved,Wet,Road Surface Condition, , ,Weather Conditions, , ,N,N, , , , ,0,0,1,0,0,0,0,0,2,0,0,0,2.000000000000000,0.000000000000000,0,2,0,7000,"Mapped, On Network",-81.376900993800007,28.536174289800002,656178.771029000054114,506066.057983000006061,2/13/2020 5:26:37 PM,6679_6276
4592,4593,1,4592,59930,89219759,2019-00413005,Orlando PD,Long,11/7/2019 0:00:00,03:44 PM,Orlando,Orange,SR 408 EAST,I-4 INTERCHANGE EXIT TO SR 408 E,250,West,Rear End,3,0,0,0,N,N,Y,1500.000000000000000,Clear,Daylight,0,Rear End, ,Property Damage Only,Y,Front to Rear,Motor Vehicle in Transport,On Roadway,Non-Junction,N,Not at Intersection,State,Paved,Dry,None, , ,None, , ,N,Y,Lane Shift/Crossover,Activity Area,N,N,0,0,1,0,0,0,0,0,0,0,0,0,0.000000000000000,0.000000000000000,0,0,0,1500,"Mapped, On Network",-81.392087179599997,28.535064973299999,654698.475031999987550,505911.432262999995146,1/6/2020 2:59:35 PM,8248_8267
4593,4594,1,4593,59933,88188687,FHPK19OFF068184,FHP,Short,11/27/2019 0:00:00,01:20 PM,Ocoee,Orange,STATE ROAD 429 EXIT RAMP,STATE ROAD 91 (FLORIDAS TURNPIKE),100,North,Off Road,1,0,0,0,N,N,N,5000.000000000000000,Clear,Daylight,0,Off Road,N,Property Damage Only,N,Other,Guardrail Face,On Roadway,Entrance/Exit Ramp,N,Not at Intersection,Turnpike/Toll,Paved,Dry,None, , ,None, , ,N,N, , , , ,0,0,0,0,0,0,0,0,0,0,0,0,0.000000000000000,0.000000000000000,0,0,0,5000,"Mapped, On Network",-81.558500727699993,28.551401113499999,638412.187075000023469,507392.548245000012685,12/18/2019 2:56:16 PM,8522_8498
4594,4595,1,4594,59939,88160279,FHPK19OFF067821,FHP,Short,11/25/2019 0:00:00,06:07 PM,Winter Garden,Orange,STATE ROAD 429 (WESTERN BELTWAY),MILE MARKER  20,5280,South,Rear End,2,0,0,0,N,N,N,3000.000000000000000,Clear,Dark - Lighted,0,Rear End,N,Property Damage Only,N,Front to Rear,Motor Vehicle in Transport,On Roadway,Non-Junction,N,Not at Intersection,Turnpike/Toll,Paved,Dry,None, , ,None, , ,N,N, , , , ,0,0,0,0,0,0,0,0,0,0,0,0,0.000000000000000,0.000000000000000,0,1,0,3000,"Mapped, On Network",-81.577824673400002,28.523059226600001,636587.269865000038408,504208.409695999987889,12/19/2019 1:01:10 PM,8462_6231
4595,4596,1,4595,59962,88242364,FHPD19OFF117751,FHP,Short,12/26/2019 0:00:00,04:06 PM,Orlando Expwy Auth,Orange,STATE ROAD 417 NB MM8,HUNTERS VISTA BLVD,0,South,Rear End,2,0,0,0,N,N,N,4000.000000000000000,Cloudy,Daylight,0,Rear End,N,Property Damage Only,N,Front to Rear,Motor Vehicle in Transport,On Roadway,Non-Junction,N,Not at Intersection,Turnpike/Toll,Paved,Dry,None, , ,None, , ,N,N, , , , ,0,0,5,0,0,0,0,0,0,0,0,0,0.000000000000000,0.000000000000000,0,1,0,4000,"Mapped, On Network",-81.456154845800000,28.356106625500001,648852.247155999997631,485910.480143000022508,1/15/2020 2:08:00 PM,6916_6959
4596,4597,1,4596,60049,88250014,FHPD19OFF104211,FHP,Long,11/16/2019 0:00:00,12:32 AM,Orlando,Orange,STATE ROAD 417,STATE ROAD 408,50,South,Off Road,1,0,0,0,N,Y,N,2500.000000000000000,Cloudy,Dark - Lighted,0,Off Road,N,Property Damage Only,N,Other,Guardrail Face,On Roadway,Non-Junction,N,Not at Intersection,Turnpike/Toll,Paved,Wet,None, , ,None, , ,N,N, , , , ,0,0,0,0,0,0,0,0,0,0,0,0,0.000000000000000,0.000000000000000,0,1,0,2500,"Mapped, On Network",-81.254906409900002,28.544705384800000,668070.070777000044473,507272.580595000006724,1/28/2020 11:29:54 AM,6035_2529