FID,OBJECTID_1,Join_Count,TARGET_FID,OBJECTID,HSMV_Repor,Agency_Rep,Reporting_,Form_Type,Crash_Date,Crash_Time,City,County,Crash_Stre,Intersecti,Offset_Dis,Offset_Dir,Crash_Type,Vehicles,Non_Motori,Fatalities,Injuries,Alcohol_Re,Distractio,Drug_Relat,Estimated_,Weather_Co,Light_Cond,Street_Num,Crash_Ty_1,Crash_Ty_2,Crash_Seve,Within_Cit,Manner_of_,First_Harm,First_HE_L,First_HE_R,First_HE_W,Type_of_In,Road_Sys_I,Type_of_Sh,Road_Surf_,Contrib_Ci,Contrib__1,Contrib__2,Contrib__3,Contrib__4,Contrib__5,School_Bus,Work_Zone_,Type_of_Wo,Loc_in_Wor,Workers_in,Law_Enforc,Mopeds,Motorcycle,Passengers,Bicyclists,Pedestrian,Fataliti_1,Injuries_U,Possible_I,Non_Incapa,Incapacita,Fataliti_2,Non_Traffi,Transporte,Transpor_1,Transpor_2,Citations,Property_D,Vehicle_Dm,S4_Mapping,S4_Decimal,S4_Decim_1,S4_Albers_,S4_Albers1,S4_Mappi_1,zone_id_st
4597,4598,1,4597,60079,88252588,FHPD19OFF118138,FHP,Long,12/27/2019 0:00:00,05:32 PM,Orlando Expwy Auth,Orange,STATE RD 417,BOGGY CREEK RD,5280,South,Rear End,2,0,0,2,N,N,N,15000.000000000000000,Rain,Daylight,0,Rear End,S,Injury,N,Front to Rear,Motor Vehicle in Transport,On Roadway,Non-Junction,N,Not at Intersection,Turnpike/Toll,Paved,Wet,Road Surface Condition, , ,Weather Conditions, , ,N,N, , , , ,0,0,0,0,0,0,0,2,0,0,0,0,0.000000000000000,0.000000000000000,0,1,0,15000,"Mapped, On Network",-81.317353078899998,28.367803645999999,662400.218177999951877,487496.953199999989010,1/15/2020 11:24:20 AM,8482_6618
4598,4599,1,4598,60080,88252586,FHPD19OFF117204,FHP,Long,12/24/2019 0:00:00,12:30 PM,Orlando Expwy Auth,Orange,STATE RD 417,STATE RD 528,5280,North,Other,2,0,0,0,N,N,N,3000.000000000000000,Cloudy,Daylight,0,Other,N,Property Damage Only,N,Other,Cargo/Equipment Loss or Shift,On Roadway,Non-Junction,N,Not at Intersection,Turnpike/Toll,Paved,Dry,None, , ,None, , ,N,N, , , , ,0,0,1,0,0,0,0,0,0,0,0,0,0.000000000000000,0.000000000000000,0,1,0,3000,"Mapped, On Network",-81.231729673900006,28.459688147100000,670544.936467000050470,497883.869359000003897,1/15/2020 11:26:09 AM,6173_8544
4599,4600,1,4599,60085,88184222,FHPK19OFF072902,FHP,Long,12/22/2019 0:00:00,05:27 AM,Ocoee,Orange,STATE ROAD 429,REAVES ROAD,5280,North,Other,1,0,0,0,N,N,N,3500.000000000000000,Rain,Dark - Lighted,0,Single Vehicle,S,Property Damage Only,N,Other,Other Non-Collision,Off Roadway,Non-Junction,N,Not at Intersection,Turnpike/Toll,Paved,Wet,None, , ,None, , ,N,N, , , , ,0,0,0,0,0,0,0,0,0,0,0,0,0.000000000000000,0.000000000000000,0,1,1500,2000,"Mapped, On Network",-81.558828186400007,28.532806540300001,638421.092378000030294,505327.283814999973401,2/10/2020 3:03:47 PM,8524_6989
4600,4601,1,4600,60092,88242363,FHPD19OFF117661,FHP,Short,12/26/2019 0:00:00,11:41 AM,Orlando Expwy Auth,Orange,STATE ROAD 528 EB MM24,DALLAS BLVD,5280,West,Rear End,3,0,0,0,N,N,N,2000.000000000000000,Cloudy,Daylight,0,Rear End,E,Property Damage Only,N,Front to Rear,Motor Vehicle in Transport,On Roadway,Non-Junction,N,Not at Intersection,Turnpike/Toll,Paved,Dry,None, , ,None, , ,N,N, , , , ,0,0,7,0,0,0,0,0,0,0,0,0,0.000000000000000,0.000000000000000,0,1,0,2000,"Mapped, On Network",-81.116572579000007,28.451335353400001,681818.995800000033341,497214.393608000013046,1/15/2020 2:08:34 PM,8101_6488
4601,4602,1,4601,60095,89221341,2019-00443584,Orlando PD,Short,12/3/2019 0:00:00,03:37 PM,Orlando,Orange,S.R. 528,S.R. 436,0, ,Rear End,2,0,0,0,N,N,N,8000.000000000000000,Clear,Daylight,0,Rear End,W,Property Damage Only,Y,Front to Rear,Motor Vehicle in Transport,On Roadway,Entrance/Exit Ramp,N,Not at Intersection,State,Paved,Dry,None, , ,None, , ,N,N, , , , ,0,0,5,0,0,0,0,0,0,0,0,0,0.000000000000000,0.000000000000000,0,0,0,8000,"Mapped, On Network",-81.314339477000004,28.451585458400000,662492.316911999951117,496805.689598000026308,2/10/2020 3:49:15 PM,6602_7054
4602,4603,1,4602,60111,89222043,2019-00443047,Orlando PD,Long,12/3/2019 0:00:00,07:30 AM,Orlando,Orange,528 WEST,NARCOOSSEE,0,West,Rear End,4,0,0,0,N,N,N,4000.000000000000000,Clear,Daylight,0,Rear End,W,Property Damage Only,Y,Front to Rear,Motor Vehicle in Transport,On Roadway,Non-Junction,N,Not at Intersection,Interstate,Paved,Dry,None, , ,None, , ,N,N, , , , ,0,0,0,0,0,0,0,0,0,0,0,0,0.000000000000000,0.000000000000000,0,0,0,4000,"Mapped, On Network",-81.265149067699994,28.448662675100000,667306.528671000036411,496586.842973000020720,2/10/2020 3:51:32 PM,8065_8055
4603,4604,1,4603,60150,89221522,2019-00430756,Orlando PD,Long,11/22/2019 0:00:00,09:13 AM,Orlando,Orange,SR 408 WEST,I4 (SR 400 WEST ENTRANCE RAMP),200,East,Sideswipe,2,0,0,0,N,N,N,900.000000000000000,Clear,Daylight,0,Same Direction Sideswipe, ,Property Damage Only,Y,"Sideswipe, Same Direction",Motor Vehicle in Transport,On Roadway,Non-Junction,N,Not at Intersection,State,Paved,Dry,None, , ,None, , ,N,N, , , , ,0,0,0,0,0,0,0,0,0,0,0,0,0.000000000000000,0.000000000000000,0,0,0,900,"Mapped, On Network",-81.386293133600006,28.535307715999998,655263.687139000045136,505950.364754999987781,12/24/2019 10:17:57 AM,8274_8272
4604,4605,1,4604,60151,89221506,2019-00430415,Orlando PD,Long,11/22/2019 0:00:00,12:20 AM,Orlando,Orange,SR 528 EBO EXIT RAMP TO SR 436 NBO,SR 436 (S SEMORAN BLVD),1100,West,Other,1,0,0,0,N,N,N,5000.000000000000000,Clear,Dark - Lighted,0,Single Vehicle,E,Property Damage Only,Y,Other,Other Non-Collision,On Roadway,Entrance/Exit Ramp,N,Not at Intersection,State,Paved,Dry,None, , ,None, , ,N,N, , , , ,0,0,0,0,0,0,0,0,0,0,0,0,0.000000000000000,0.000000000000000,0,0,1000,5000,"Mapped, On Network",-81.314594880399994,28.451297359800002,662468.054823999991640,496773.158340999973007,12/24/2019 10:13:56 AM,8301_8296
4605,4606,1,4605,60156,88217787,FHPD19OFF117418,FHP,Long,12/25/2019 0:00:00,06:19 AM,Orlando Expwy Auth,Orange,SR-408 (MM19.5),ROUSE RD,0,East,Rear End,2,0,0,1,N,N,N,6000.000000000000000,Cloudy,Dark - Lighted,0,Rear End,E,Injury,N,Front to Rear,Motor Vehicle in Transport,On Roadway,Non-Junction,N,Not at Intersection,Turnpike/Toll,Paved,Wet,None, , ,None, , ,N,N, , , , ,0,0,0,0,0,0,0,1,0,0,0,0,0.000000000000000,0.000000000000000,0,1,0,6000,"Mapped, On Network",-81.222354014600000,28.547476324500000,671241.485234000021592,507651.415801000024658,2/7/2020 4:01:22 PM,8057_6045
4606,4607,1,4606,60157,88222008,FHPD19OFF117729,FHP,Long,12/26/2019 0:00:00,02:45 PM,Orlando Expwy Auth,Orange,SR-429,MM24,100,North,Sideswipe,2,0,0,0,N,N,N,500.000000000000000,Clear,Daylight,0,Same Direction Sideswipe,S,Property Damage Only,N,"Sideswipe, Same Direction",Motor Vehicle in Transport,On Roadway,Non-Junction,N,Not at Intersection,Turnpike/Toll,Paved,Dry,None, , ,None, , ,N,N, , , , ,0,0,0,0,0,0,0,0,0,0,0,0,0.000000000000000,0.000000000000000,0,0,0,500,"Mapped, On Network",-81.557158919800003,28.573525978399999,638494.525927999988198,509851.752639000013005,2/16/2020 12:12:06 PM,8395_8429
4607,4608,1,4607,60177,88217753,FHPD19OFF104548,FHP,Long,11/17/2019 0:00:00,01:37 PM,Orlando Expwy Auth,Orange,SR-417 (MM37),UNIVERSITY BLVD,5280,North,Unknown,2,0,0,0,N,N,N,1800.000000000000000,Cloudy,Daylight,0,Unknown, ,Property Damage Only,N,Angle,Motor Vehicle in Transport,On Roadway,Non-Junction,N,Not at Intersection,Turnpike/Toll,Paved,Dry,None, , ,None, , ,N,Y,Work on Shoulder or Median,Advance Warning Area,N,N,0,0,0,0,0,0,0,0,0,0,0,0,0.000000000000000,0.000000000000000,0,0,0,1800,"Mapped, On Network",-81.257773903599997,28.608677796599999,667632.119714000029489,514369.083663999976125,1/28/2020 2:36:18 PM,6052_8088
4608,4609,1,4608,60178,88217755,FHPD19OFF105247,FHP,Long,11/19/2019 0:00:00,04:36 PM,Orlando Expwy Auth,Orange,SR-417 (MM29),CURRY FORD RD,5280,South,Rear End,2,0,0,0,N,N,N,8000.000000000000000,Clear,Daylight,0,Rear End,N,Property Damage Only,N,Front to Front,Motor Vehicle in Transport,On Roadway,Non-Junction,N,Not at Intersection,Turnpike/Toll,Paved,Dry,None, , ,None, , ,N,N, , , , ,0,0,0,0,0,0,0,0,0,0,0,0,0.000000000000000,0.000000000000000,0,1,0,8000,"Mapped, On Network",-81.243111401199997,28.496057343600000,669342.486925999983214,501896.969151999976020,1/28/2020 2:39:23 PM,6965_8557
4609,4610,1,4609,60179,88221980,FHPD19OFF103933,FHP,Long,11/15/2019 0:00:00,10:35 AM,Orlando Expwy Auth,Orange,SR 417 (CENTRAL FLORIDA GREENEWAY),MM29,100,South,Rear End,2,0,0,1,N,Y,N,15000.000000000000000,Cloudy,Daylight,0,Rear End,N,Injury,N,"Sideswipe, Same Direction",Motor Vehicle in Transport,On Roadway,Non-Junction,N,Not at Intersection,Turnpike/Toll,Paved,Dry,None, , ,None, , ,N,N, , , , ,0,0,0,0,0,0,0,1,0,0,0,0,1.000000000000000,0.000000000000000,0,1,3000,12000,"Mapped, On Network",-81.243177635600006,28.494133777999998,669340.792418999946676,501683.253987999982201,1/28/2020 11:58:32 AM,6315_6965
4610,4611,1,4610,60190,88265367,FHPD19OFF111251,FHP,Long,12/7/2019 0:00:00,09:05 PM,Orlando,Orange,STATE ROAD 408 (EAST-WEST EXPRESSWAY),N PINE HILLS ROAD,5280,West,Off Road,1,0,0,0,N,N,N,9500.000000000000000,Clear,Dark - Lighted,0,Off Road,E,Property Damage Only,N,Unknown,Guardrail Face,Shoulder,Other,Y,Not at Intersection,State,Paved,Dry,None, , ,None, , ,N,N, , , , ,0,0,0,0,0,0,0,0,0,0,0,0,0.000000000000000,0.000000000000000,0,0,0,9500,"Mapped, On Network",-81.448147788300005,28.548232750899999,649193.917736000032164,507258.932422999991104,2/12/2020 1:39:36 PM,8205_6294
4611,4612,1,4611,60289,89218731,2019-00426715,Orlando PD,Long,11/19/2019 0:00:00,08:58 AM,Orlando,Orange,SR 408,S MILLS AVE,0, ,Rear End,3,0,0,2,N,N,N,700.000000000000000,Clear,Daylight,0,Rear End,W,Injury,Y,Front to Rear,Motor Vehicle in Transport,On Roadway,Non-Junction,N,Not at Intersection,State,Paved,Dry,None, , ,None, , ,N,N, , , , ,0,0,0,0,0,0,0,2,0,0,0,0,0.000000000000000,0.000000000000000,0,0,0,700,"Mapped, On Network",-81.363872912000005,28.537454041899998,657447.896547000040300,506235.281816000002436,2/7/2020 3:43:31 PM,8309_8313
4612,4613,1,4612,60367,88027302,FHPD19OFF109041,FHP,Long,12/1/2019 0:00:00,11:05 AM,Orlando Expwy Auth,Orange,SR-417,ORANGE AVENUE,100,North,Rear End,2,0,0,0,N,Y,N,1000.000000000000000,Clear,Daylight,0,Rear End,N,Property Damage Only,N,Front to Rear,Motor Vehicle in Transport,On Roadway,Non-Junction,N,Not at Intersection,Turnpike/Toll,Paved,Dry,None, , ,None, , ,N,N, , , , ,0,0,3,0,0,0,0,0,0,0,0,0,0.000000000000000,0.000000000000000,0,1,0,1000,"Mapped, On Network",-81.383960072899995,28.368243416300000,655885.080644999979995,487405.808247999986634,12/19/2019 2:55:19 PM,9176_7090
4613,4614,1,4613,60368,88027300,FHPD19OFF108491,FHP,Long,11/29/2019 0:00:00,12:55 PM,Orlando Expwy Auth,Orange,SR-528,SR-417,5280,East,Rear End,2,0,0,0,N,Y,N,5000.000000000000000,Clear,Daylight,0,Rear End,W,Property Damage Only,N,Front to Rear,Motor Vehicle in Transport,Shoulder,Non-Junction,N,Not at Intersection,Turnpike/Toll,Paved,Dry,None, , ,None, , ,N,N, , , , ,0,0,1,0,0,0,0,0,0,0,0,0,0.000000000000000,0.000000000000000,0,1,0,5000,"Mapped, On Network",-81.214845659999995,28.451579315299998,672215.080487000057474,497020.716574000020046,12/19/2019 2:54:59 PM,6320_6667
4614,4615,1,4614,60455,89502014,2019TA016473,Apopka PD,Long,12/11/2019 0:00:00,08:22 AM,Apopka,Orange,SR-429-TOLL,OCOEE APOPKA RD,883,South,Rear End,2,0,0,0,N,Y,N,600.000000000000000,"Fog, Smog, Smoke",Daylight,0,Rear End,S,Property Damage Only,Y,Front to Rear,Motor Vehicle in Transport,On Roadway,Through Roadway,N,Not at Intersection,State,Paved,Dry,None, , ,None, , ,N,N, , , , ,0,0,0,0,0,0,0,0,0,0,0,0,0.000000000000000,0.000000000000000,0,0,0,600,"Mapped, On Network",-81.542561274600004,28.635305515799999,639782.788244000053965,516739.649046999984421,12/12/2019 3:56:03 PM,8444_8441
4615,4616,1,4615,60552,88243541,FHPD19OFF108248,FHP,Long,11/28/2019 0:00:00,02:17 PM,Orlando Expwy Auth,Orange,STATE ROAD 408 EASTBOUND OFF RAMP,STATE ROAD 417,0, ,Sideswipe,2,0,0,0,N,Y,N,18000.000000000000000,Clear,Daylight,0,Same Direction Sideswipe,E,Property Damage Only,N,"Sideswipe, Same Direction",Motor Vehicle in Transport,On Roadway,Entrance/Exit Ramp,N,Not at Intersection,Turnpike/Toll,Paved,Dry,None, , ,None, , ,N,N, , , , ,0,0,2,0,0,0,0,0,0,0,0,0,0.000000000000000,0.000000000000000,0,1,1000,17000,"Mapped, On Network",-81.267636422099997,28.547257542000001,666820.855154999997467,507528.333625000028405,12/5/2019 11:35:03 AM,8412_7015
4616,4617,1,4616,60572,89221766,2019-00443147,Orlando PD,Short,12/3/2019 0:00:00,09:09 AM,Orlando,Orange,SR 408  WBO,S BUMBY AV ENTRANCE TO SR 408 WBO,200,West,Rear End,3,0,0,0,N,N,N,2000.000000000000000,Clear,Daylight,0,Rear End,W,Property Damage Only,Y,Front to Rear,Motor Vehicle in Transport,On Roadway,Non-Junction,N,Not at Intersection,State,Curb,Dry,None, , ,None, , ,N,N, , , , ,0,0,1,0,0,0,0,0,0,0,0,0,0.000000000000000,0.000000000000000,0,0,0,2000,"Mapped, On Network",-81.351237221399998,28.538349862200000,658679.589830999961123,506361.188161000027321,2/11/2020 5:08:54 PM,6185_8318
4617,4618,1,4617,60648,88246333,FHPD19OFF114236,FHP,Long,12/16/2019 0:00:00,02:41 AM,Orlando,Orange,SR-417 (CENTRAL FLORIDA GREENEWAY),SR-528 (BEACHLINE EXPRESSWAY),300,North,Off Road,1,0,0,1,N,N,N,13000.000000000000000,Clear,Dark - Lighted,0,Off Road,S,Injury,N,Other,Guardrail Face,Off Roadway,Non-Junction,N,Not at Intersection,Turnpike/Toll,Unpaved,Dry,None, , ,None, , ,N,N, , , , ,0,0,0,0,0,0,0,0,1,0,0,0,1.000000000000000,0.000000000000000,0,0,3000,10000,"Mapped, On Network",-81.233222763499995,28.462009124600002,670393.257499000057578,498138.289040000003297,2/15/2020 10:47:38 PM,8546_7092
4618,4619,1,4618,60654,88275463,FHPD19OFF118329,FHP,Long,12/28/2019 0:00:00,04:32 AM,Orlando,Orange,SR-408 (EAST-WEST EXPRESSWAY),SR-50 (COLONIAL DRIVE),200,South,Rear End,2,0,0,1,N,Y,N,5000.000000000000000,Rain,Dark - Lighted,0,Rear End,N,Injury,N,Front to Rear,Motor Vehicle in Transport,On Roadway,Non-Junction,N,Not at Intersection,Turnpike/Toll,Unpaved,Wet,None, , ,None, , ,N,N, , , , ,0,0,0,0,0,0,0,0,1,0,0,0,1.000000000000000,0.000000000000000,0,1,0,5000,"Mapped, On Network",-81.190935656500002,28.558442557799999,674281.269284000038169,508938.461438000027556,2/15/2020 10:44:34 PM,6970_8174
4619,4620,1,4619,60655,88275462,FHPD19OFF118326,FHP,Long,12/28/2019 0:00:00,04:12 AM,Orlando,Orange,SE-408 (EAST-WEST EXPRESSWAY),SR-50 (COLONIAL DRIVE),300,West,Other,1,0,0,0,N,N,N,9200.000000000000000,Rain,Dark - Lighted,0,Single Vehicle,E,Property Damage Only,N,Other,Motor Vehicle in Transport,On Roadway,Non-Junction,N,Not at Intersection,Turnpike/Toll,Unpaved,Wet,None, , ,None, , ,N,N, , , , ,0,0,0,0,0,0,0,0,0,0,0,0,0.000000000000000,0.000000000000000,0,0,200,9000,"Mapped, On Network",-81.191677623299995,28.553353691900000,674221.704432000056840,508371.810202999971807,2/11/2020 2:59:32 PM,8041_6970
4620,4621,1,4620,60664,85178144,FHPD19OFF107836,FHP,Long,11/27/2019 0:00:00,07:00 AM,Orlando,Orange,SR 408 AREA OF 6MM EB,KIRKMAN ROAD,100,West,Sideswipe,2,0,0,2,N,N,N,8000.000000000000000,Clear,Daylight,0,Same Direction Sideswipe,E,Injury,Y,"Sideswipe, Same Direction",Motor Vehicle in Transport,On Roadway,Non-Junction,N,Not at Intersection,Interstate,Paved,Dry,None, , ,None, , ,N,N, , , , ,0,0,0,0,0,0,0,2,0,0,0,0,0.000000000000000,0.000000000000000,0,1,0,8000,"Mapped, On Network",-81.457808086800000,28.549062267400000,648248.803463999996893,507331.550855999987107,12/18/2019 3:45:44 PM,8208_8205
4621,4622,1,4621,60714,88242337,FHPD19OFF107838,FHP,Long,11/27/2019 0:00:00,07:15 AM,Orlando Expwy Auth,Orange,STATE ROAD 417 NB MM10,JOHN YOUNG PKWY,0,South,Rear End,2,0,0,0,N,N,N,5000.000000000000000,Clear,Daylight,0,Rear End,N,Property Damage Only,Y,Front to Rear,Motor Vehicle in Transport,On Roadway,Non-Junction,N,Not at Intersection,Turnpike/Toll,Paved,Dry,None, , ,None, , ,N,N, , , , ,0,0,0,0,0,0,0,0,0,0,0,0,0.000000000000000,0.000000000000000,0,1,0,5000,"Mapped, On Network",-81.426450871699998,28.372162025400002,651720.416467000031844,487753.446500000020023,2/10/2020 4:28:24 PM,8287_8107
4622,4623,1,4622,60721,89502061,2019TA016580,Apopka PD,Long,12/12/2019 0:00:00,04:30 PM,Apopka,Orange,RAMP FROM SR-429-TOLL N TO SR-414-TOLL E,SR-429-TOLL,673,North,Rollover,1,0,0,1,N,N,N,20000.000000000000000,Rain,Daylight,0,Rollover,N,Injury,Y, ,Overturn/Rollover,Off Roadway,Entrance/Exit Ramp,N,Not at Intersection,State,Paved,Wet,Road Surface Condition, , ,None, , ,N,N, , , , ,0,0,0,0,0,0,0,0,1,0,0,0,1.000000000000000,0.000000000000000,0,0,1000,20000,"Mapped, On Network",-81.542458386199996,28.647869883900000,639765.020315999980085,518134.905963999975938,12/24/2019 3:15:17 PM,8320_6653
4623,4624,1,4623,60736,88246337,FHPD19OFF114932,FHP,Long,12/17/2019 0:00:00,09:41 PM,Orlando,Orange,SR-528 (BEACHLINE EXPRESSWAY),DALLAS BULEVARD,5280,East,Sideswipe,2,0,0,1,N,Y,N,14000.000000000000000,Rain,Dark - Lighted,0,Same Direction Sideswipe,W,Injury,N,"Sideswipe, Same Direction",Motor Vehicle in Transport,On Roadway,Non-Junction,N,Not at Intersection,Turnpike/Toll,Unpaved,Wet,None, , ,None, , ,N,N, , , , ,0,0,0,0,0,0,0,1,0,0,0,0,0.000000000000000,0.000000000000000,0,1,2000,12000,"Mapped, On Network",-81.081632085600006,28.451849795699999,685232.006643999950029,497351.845379000005778,2/14/2020 3:47:50 PM,6322_8112
4624,4625,1,4624,60887,89220559,2019-00418953,Orlando PD,Short,11/12/2019 0:00:00,05:58 PM,Orlando,Orange,SR 408 EBO,TAMPA AV EXIT RAMP,75,West,Rear End,2,0,0,0,N,N,N,1500.000000000000000,Clear,Daylight,0,Rear End,E,Property Damage Only,Y,Front to Rear,Motor Vehicle in Transport,On Roadway,Non-Junction,N,Not at Intersection,State,Paved,Dry,None, , ,None, , ,N,N, , , , ,0,0,1,0,0,0,0,0,0,0,0,0,0.000000000000000,0.000000000000000,0,0,0,1500,"Mapped, On Network",-81.408429204599997,28.538440245200000,653094.810632999986410,506252.545588999986649,2/11/2020 4:16:02 PM,8213_8169
4625,4626,1,4625,60910,88163864,FHPK19OFF074018,FHP,Long,12/27/2019 0:00:00,03:04 PM,Winter Garden,Orange,SR 429(DANIEL WEBSTER WESTERN BELTWAY),NEW INDEPENDENCE PARKWAY,700,North,Rear End,3,0,0,5,N,Y,N,12000.000000000000000,Cloudy,Daylight,0,Rear End,S,Injury,N,Front to Rear,Motor Vehicle in Transport,On Roadway,Non-Junction,N,Not at Intersection,Turnpike/Toll,Paved,Wet,None, , ,None, , ,N,N, , , , ,0,0,3,0,0,0,0,5,0,0,0,0,0.000000000000000,0.000000000000000,0,3,0,12000,"Mapped, On Network",-81.631655385900004,28.479569650100000,631422.733953000046313,499277.384930000000168,2/15/2020 10:39:14 PM,6859_8039
4626,4627,1,4626,60919,88243545,FHPD19OFF109497,FHP,Long,12/2/2019 0:00:00,05:32 PM,Orlando Expwy Auth,Orange,STATE ROAD 408 EASTBOUND,MILE MARKER 15,0, ,Rear End,2,0,0,1,N,N,N,2000.000000000000000,Clear,Daylight,0,Rear End,E,Injury,N,Front to Rear,Motor Vehicle in Transport,On Roadway,Non-Junction,N,Not at Intersection,Turnpike/Toll,Paved,Dry,None, , ,None, , ,N,N, , , , ,0,0,0,0,0,0,0,1,0,0,0,0,0.000000000000000,0.000000000000000,0,0,0,2000,"Mapped, On Network",-81.326887075499997,28.538795879300000,661056.193658999982290,506462.023961999977473,2/7/2020 3:11:30 PM,8355_8348
4627,4628,1,4627,60959,88217763,FHPD19OFF109304,FHP,Long,12/2/2019 0:00:00,08:33 AM,Orlando Expwy Auth,Orange,SR-417,SR-408,0, ,Rear End,2,0,0,0,N,N,N,4700.000000000000000,Clear,Daylight,0,Rear End,N,Property Damage Only,N,Front to Rear,Motor Vehicle in Transport,On Roadway,Non-Junction,N,Not at Intersection,Turnpike/Toll,Paved,Dry,None, , ,None, , ,N,Y,Work on Shoulder or Median,Advance Warning Area,Y,N,0,0,0,0,0,0,0,0,0,0,0,0,0.000000000000000,0.000000000000000,0,1,0,4700,"Mapped, On Network",-81.258258499099995,28.547868289899998,667734.969816999975592,507616.470185999991372,2/7/2020 2:59:58 PM,11876_8570
4628,4629,1,4628,61048,89219751,2019-00429547,Orlando PD,Short,11/21/2019 0:00:00,11:00 AM,Orlando,Orange,SR 408,CONWAY RD,50,West,Rear End,2,0,0,0,N,N,N,1000.000000000000000,Clear,Daylight,0,Rear End,W,Property Damage Only,Y,Front to Rear,Motor Vehicle in Transport,On Roadway,Entrance/Exit Ramp,N,Not at Intersection,State,Paved,Dry,None,None,None,None,None,None,N,N, , , , ,0,0,0,0,0,0,0,0,0,0,0,0,0.000000000000000,0.000000000000000,0,0,0,1000,"Mapped, On Network",-81.324053870100002,28.539578112600001,661330.956097000045702,506554.876171000010800,2/5/2020 11:18:28 AM,6307_6229
4629,4630,1,4629,61050,88217764,FHPD19OFF109620,FHP,Long,12/3/2019 0:00:00,07:56 AM,Orlando Expwy Auth,Orange,SR-528 (MM21),SUNBRIDGE PARKWAY,10560,East,Rear End,2,0,0,0,N,N,N,6400.000000000000000,Clear,Daylight,0,Rear End,W,Property Damage Only,N,Front to Rear,Motor Vehicle in Transport,On Roadway,Non-Junction,N,Not at Intersection,Turnpike/Toll,Paved,Dry,None, , ,None, , ,N,N, , , , ,0,0,0,0,0,0,0,0,0,0,0,0,0.000000000000000,0.000000000000000,0,1,0,6400,"Mapped, On Network",-81.138750485700001,28.451679519100001,679650.886324999970384,497202.115331000008155,2/7/2020 3:23:41 PM,6073_8099
4630,4631,1,4630,61083,88150858,FHPD19OFF109392,FHP,Long,12/2/2019 0:00:00,01:38 PM,Ocoee,Orange,SR429,PLANT ST,0,South,Other,2,0,0,0,N,N,N,300.000000000000000,Clear,Daylight,0,Other,N,Property Damage Only,N,Other,Cargo/Equipment Loss or Shift,On Roadway,Non-Junction,N,Not at Intersection,State,Paved,Dry,None, , ,None, , ,N,N, , , , ,0,0,0,0,0,0,0,0,0,0,0,0,0.000000000000000,0.000000000000000,0,1,0,300,"Mapped, On Network",-81.556739964299993,28.568953123499998,638545.484511999995448,509344.821584000019357,12/17/2019 11:08:08 AM,8421_8425
4631,4632,1,4631,61108,89220032,2019-00461057,Orlando PD,Long,12/17/2019 0:00:00,07:20 PM,Orlando,Orange,SR 528 EB,NARCOOSSEE RD,2640,West,Rear End,3,0,0,3,N,N,N,5000.000000000000000,Clear,Dark - Lighted,0,Rear End,E,Injury,Y,Front to Rear,Motor Vehicle in Transport,On Roadway,Non-Junction,N,Not at Intersection,Turnpike/Toll,Paved,Dry,None, , ,None, , ,N,N, , , , ,0,0,1,0,0,0,0,3,0,0,0,0,0.000000000000000,0.000000000000000,0,0,0,5000,"Mapped, On Network",-81.278691890100006,28.448389123100000,665983.728104999987409,496527.186791000014637,2/15/2020 10:41:22 PM,8176_6156
4632,4633,1,4632,61114,88266470,FHPD19OFF117391,FHP,Short,12/24/2019 0:00:00,11:38 PM,Unincorporated,Orange,STATE ROAD 417 (CENTRAL FLORIDA GREENEWAY),STATE ROAD 408,5280,South,Rear End,2,0,0,0,N,N,N,4000.000000000000000,Cloudy,Dark - Lighted,0,Rear End,N,Property Damage Only,N,Front to Rear,Motor Vehicle in Transport,On Roadway,Non-Junction,N,Not at Intersection,Turnpike/Toll,Paved,Wet,Road Surface Condition, , ,Weather Conditions, , ,N,N, , , , ,0,0,3,0,0,0,0,0,0,0,0,0,0.000000000000000,0.000000000000000,0,1,0,4000,"Mapped, On Network",-81.250792973499998,28.534627591000000,668496.648491999949329,506162.609425999980886,1/23/2020 4:28:24 PM,6689_11878
4633,4634,1,4633,61137,88242362,FHPD19OFF117501,FHP,Long,12/25/2019 0:00:00,03:55 PM,Orlando Expwy Auth,Orange,STATE ROAD 417 SB MM32,STATE ROAD 408,2640,South,Other,1,0,0,0,N,N,N,3000.000000000000000,Cloudy,Daylight,0,Single Vehicle,N,Property Damage Only,N,Other,Other Non-Collision,On Roadway,Non-Junction,N,Not at Intersection,Turnpike/Toll,Paved,Dry,None, , ,None, , ,N,N, , , , ,0,0,2,0,0,0,0,0,0,0,0,0,0.000000000000000,0.000000000000000,0,0,0,3000,"Mapped, On Network",-81.230591532299997,28.447286946799998,670687.076566000003368,496509.480907000019215,2/16/2020 12:09:01 PM,7991_7999
4634,4635,1,4634,61168,89222084,2019-00466754,Orlando PD,Long,12/22/2019 0:00:00,07:00 PM,Orlando,Orange,STATE ROAD 408,CRYSTAL LAKE DRIVE,250,East,Off Road,1,0,0,0,N,N,N,2500.000000000000000,Rain,Dark - Lighted,0,Off Road,W,Property Damage Only,Y,Other,Bridge Rail,On Roadway,Non-Junction,N,Not at Intersection,State,Paved,Wet,None, , ,Weather Conditions, , ,N,N, , , , ,0,0,3,0,0,0,0,0,0,0,0,0,0.000000000000000,0.000000000000000,0,0,0,2500,"Mapped, On Network",-81.344387684200001,28.538558317500001,659347.917513999971561,506398.719986999989487,2/14/2020 11:46:02 AM,8353_6185