FID,OBJECTID_1,Join_Count,TARGET_FID,OBJECTID,HSMV_Repor,Agency_Rep,Reporting_,Form_Type,Crash_Date,Crash_Time,City,County,Crash_Stre,Intersecti,Offset_Dis,Offset_Dir,Crash_Type,Vehicles,Non_Motori,Fatalities,Injuries,Alcohol_Re,Distractio,Drug_Relat,Estimated_,Weather_Co,Light_Cond,Street_Num,Crash_Ty_1,Crash_Ty_2,Crash_Seve,Within_Cit,Manner_of_,First_Harm,First_HE_L,First_HE_R,First_HE_W,Type_of_In,Road_Sys_I,Type_of_Sh,Road_Surf_,Contrib_Ci,Contrib__1,Contrib__2,Contrib__3,Contrib__4,Contrib__5,School_Bus,Work_Zone_,Type_of_Wo,Loc_in_Wor,Workers_in,Law_Enforc,Mopeds,Motorcycle,Passengers,Bicyclists,Pedestrian,Fataliti_1,Injuries_U,Possible_I,Non_Incapa,Incapacita,Fataliti_2,Non_Traffi,Transporte,Transpor_1,Transpor_2,Citations,Property_D,Vehicle_Dm,S4_Mapping,S4_Decimal,S4_Decim_1,S4_Albers_,S4_Albers1,S4_Mappi_1,zone_id_st
4635,4636,1,4635,61238,89222142,2019-00456121,Orlando PD,Long,12/13/2019 0:00:00,05:42 PM,Orlando,Orange,SR 528 WBO,SEMORAN BV EXIT RAMP,5280, ,Off Road,1,0,0,1,N,N,N,4000.000000000000000,Clear,Dark - Lighted,0,Off Road,W,Injury,Y,Angle,Guardrail Face,Shoulder,Non-Junction,N,Not at Intersection,State,Paved,Dry,None, , ,None, , ,N,N, , , , ,0,0,0,0,0,0,1,1,0,0,0,0,0.000000000000000,0.000000000000000,0,0,1000,4000,"Mapped, On Network",-81.299734274900004,28.451361949900001,663920.122781999991275,496812.047252000018489,12/26/2019 4:22:55 PM,8183_6664
4636,4637,1,4636,61243,89221408,2019-00456156,Orlando PD,Long,12/13/2019 0:00:00,06:19 PM,Orlando,Orange,EW EBO,S PARRAMORE AV,100,West,Rear End,3,0,0,1,N,N,N,9000.000000000000000,Clear,Dark - Lighted,0,Rear End,E,Injury,Y,Front to Rear,Motor Vehicle in Transport,On Roadway,Non-Junction,N,Not at Intersection,Turnpike/Toll,Curb,Wet,None, , ,None, , ,N,N, , , , ,0,0,0,0,0,0,0,1,0,0,0,0,0.000000000000000,0.000000000000000,0,0,0,9000,"Mapped, On Network",-81.389525910100005,28.535104547100001,654948.487764999968931,505921.118924000009429,1/9/2020 5:04:02 PM,8267_6679
4637,4638,1,4637,61273,85579115,FHPD19OFF109287,FHP,Long,12/2/2019 0:00:00,07:34 AM,Unincorporated,Orange,STATE ROAD 417 NORTH BOUND,STATE ROAD 408 WEST BOUND RAMP,0,South,Rear End,2,0,0,0,N,N,N,4000.000000000000000,Clear,Daylight,0,Rear End,N,Property Damage Only,N,Front to Rear,Motor Vehicle in Transport,On Roadway,Non-Junction,N,Not at Intersection,State,Paved,Dry,None, , ,None, , ,N,N, , , , ,0,0,0,0,0,0,0,0,0,0,0,0,0.000000000000000,0.000000000000000,0,1,0,4000,"Mapped, On Network",-81.254137197199995,28.543689799700001,668147.686489999992773,507161.494318999990355,12/18/2019 3:53:05 PM,6251_11709
4638,4639,1,4638,61305,88217784,FHPD19OFF115695,FHP,Long,12/20/2019 0:00:00,12:23 PM,Orlando Expwy Auth,Orange,SR-417 SB,LANDSTAR BLVD,200,South,Rear End,2,0,0,3,N,Y,N,5600.000000000000000,Cloudy,Daylight,0,Rear End,S,Injury,N,Front to Rear,Motor Vehicle in Transport,On Roadway,Non-Junction,N,Not at Intersection,Turnpike/Toll,Paved,Dry,None, , ,None, , ,N,N, , , , ,0,0,1,0,0,0,0,1,2,0,0,0,2.000000000000000,0.000000000000000,0,1,0,5600,"Mapped, On Network",-81.369038778199993,28.368568354400001,657343.600049000000581,487472.937506999995094,12/26/2019 3:05:51 PM,8484_8486
4639,4640,1,4639,61319,88252573,FHPD19OFF109662,FHP,Long,12/3/2019 0:00:00,09:21 AM,Orlando Expwy Auth,Orange,STATE RD 528,NARCOOSSEE RD,40,West,Sideswipe,2,0,0,0,N,N,N,3250.000000000000000,Clear,Daylight,0,Same Direction Sideswipe,W,Property Damage Only,N,"Sideswipe, Same Direction",Motor Vehicle in Transport,On Roadway,Non-Junction,N,Not at Intersection,Turnpike/Toll,Paved,Dry,None, , ,None, , ,N,N, , , , ,0,0,3,0,0,0,0,0,0,0,0,0,0.000000000000000,0.000000000000000,0,0,0,3250,"Mapped, On Network",-81.270323206000000,28.448630179799999,666800.966798000037670,496572.029762000020128,2/7/2020 3:01:23 PM,8055_6665
4640,4641,1,4640,61364,88242361,FHPD19OFF117224,FHP,Short,12/24/2019 0:00:00,01:21 PM,Orlando Expwy Auth,Orange,STATE ROAD 528 WB MM28,STATE ROAD 520,15840,West,Rear End,2,0,0,0,N,N,N,2000.000000000000000,Rain,Daylight,0,Rear End,W,Property Damage Only,N,Front to Rear,Motor Vehicle in Transport,On Roadway,Non-Junction,N,Not at Intersection,Turnpike/Toll,Paved,Wet,Road Surface Condition, , ,None, , ,N,N, , , , ,0,0,2,0,0,0,0,0,0,0,0,0,0.000000000000000,0.000000000000000,0,1,0,2000,"Mapped, On Network",-81.052800648800002,28.452222927600001,688048.375447000027634,497460.290052999975160,2/14/2020 3:20:21 PM,6937_6322
4641,4642,1,4641,61397,89222926,2019-00458391,Orlando PD,Short,12/15/2019 0:00:00,06:31 PM,Orlando,Orange,EW EBO ON RAMP FROM I4 EBO,EW EBO,300,South,Rear End,2,0,0,0,N,Y,N,800.000000000000000,Clear,Dusk,0,Rear End,N,Property Damage Only,Y,Front to Rear,Motor Vehicle in Transport,On Roadway,Entrance/Exit Ramp,Y,Not at Intersection,Turnpike/Toll,Paved,Dry,None, , ,None, , ,N,N, , , , ,0,0,3,0,0,0,0,0,0,0,0,0,0.000000000000000,0.000000000000000,0,0,0,800,"Mapped, On Network",-81.385124388700007,28.535091560700000,655378.322713000001386,505928.784701999975368,2/4/2020 7:02:32 PM,6679_6276
4642,4643,1,4642,61403,88223775,FHPD19OFF104466,FHP,Long,11/17/2019 0:00:00,03:27 AM,Orlando,Orange,STATE ROAD 408 (EAST WEST EXPRESSWAY),STATE ROAD 50 (COLONIAL DRIVE),5280,East,Rear End,2,0,0,1,N,Y,N,15000.000000000000000,Cloudy,Dark - Lighted,0,Rear End,E,Injury,N,Other,Motor Vehicle in Transport,On Roadway,Non-Junction,N,Not at Intersection,State,Paved,Wet,None, , ,None, , ,N,N, , , , ,0,0,0,0,0,0,0,1,0,0,0,0,0.000000000000000,0.000000000000000,0,1,2000,13000,"Mapped, On Network",-81.190914904699994,28.556554866100001,674288.070301000028849,508728.923049999983050,1/15/2020 11:29:06 AM,6970_8174
4643,4644,1,4643,61404,88232647,FHPD19OFF099117,FHP,Long,10/31/2019 0:00:00,03:20 AM,Orlando,Orange,STATE ROAD 408,DEAN RD,0,East,Rear End,2,0,0,2,N,Y,N,6000.000000000000000,Clear,Dark - Lighted,0,Rear End,W,Injury,N,Front to Rear,Motor Vehicle in Transport,On Roadway,Non-Junction,N,Not at Intersection,Turnpike/Toll,Paved,Wet,None, , ,None, , ,N,Y,Lane Closure,Activity Area,Y,Y,0,0,0,0,0,0,0,1,1,0,0,0,1.000000000000000,0.000000000000000,0,1,0,6000,"Mapped, On Network",-81.240102918199995,28.547082706600001,669509.545573999988846,507568.797563000000082,1/23/2020 3:32:03 PM,8009_6303
4644,4645,1,4644,61417,88160294,FHPK19OFF072631,FHP,Short,12/20/2019 0:00:00,05:55 PM,Unincorporated,Orange,STATE ROAD 429 (WESTERN BELTWAY),MILE MARKER 22,5280,South,Rear End,3,0,0,0,N,N,N,3000.000000000000000,Clear,Dark - Lighted,0,Rear End,S,Property Damage Only,N,Front to Rear,Motor Vehicle in Transport,On Roadway,Non-Junction,N,Not at Intersection,Turnpike/Toll,Paved,Dry,None, , ,None, , ,N,N, , , , ,0,0,0,0,0,0,0,0,0,0,0,0,0.000000000000000,0.000000000000000,0,1,0,3000,"Mapped, On Network",-81.557215807600002,28.538786383700000,638565.392935000010766,505994.368850000028033,12/27/2019 6:13:17 PM,8524_6989
4645,4646,1,4645,61424,89819610,2019-00473772,Orlando PD,Long,12/29/2019 0:00:00,01:36 PM,Orlando,Orange,CENTRAL FL GRNWY NBO (SR417),NARCOOSSEE ROAD,5280,South,Rear End,2,0,0,2,N,Y,N,9000.000000000000000,Clear,Daylight,0,Rear End,N,Injury,Y,Front to Rear,Motor Vehicle in Transport,Off Roadway,Non-Junction,N,Not at Intersection,State,Unpaved,Dry,None, , ,None, , ,N,N, , , , ,0,0,0,0,0,0,0,2,0,0,0,0,1.000000000000000,0.000000000000000,0,0,0,9000,"Mapped, On Network",-81.255277554700001,28.390527704899998,668414.910526999970898,490153.606528999982402,1/28/2020 5:14:17 PM,6701_5900
4646,4647,1,4646,61436,88243547,FHPD19OFF109830,FHP,Long,12/3/2019 0:00:00,05:53 PM,Orlando Expwy Auth,Orange,STATE ROAD 408 EASTBOUND,MILE MARKER 18,0, ,Rear End,2,0,0,0,N,Y,N,11000.000000000000000,Clear,Dusk,0,Rear End,E,Property Damage Only,N,Front to Rear,Motor Vehicle in Transport,On Roadway,Non-Junction,N,Not at Intersection,Turnpike/Toll,Paved,Dry,None, , ,None, , ,N,N, , , , ,0,0,0,0,0,0,0,0,0,0,0,0,0.000000000000000,0.000000000000000,0,1,0,11000,"Mapped, On Network",-81.270565511800001,28.546980731700000,666535.550703000044450,507491.265362999984063,2/7/2020 3:36:33 PM,8412_7015
4647,4648,1,4647,61460,88243556,FHPD19OFF114725,FHP,Short,12/17/2019 0:00:00,02:43 PM,Orlando Expwy Auth,Orange,STATE ROAD 417 SOUTHBOUND,MILE MARKER 26,0, ,Sideswipe,2,0,0,0,N,Y,N,2500.000000000000000,Cloudy,Daylight,0,Same Direction Sideswipe,S,Property Damage Only,N,"Sideswipe, Same Direction",Motor Vehicle in Transport,On Roadway,Non-Junction,N,Not at Intersection,Turnpike/Toll,Paved,Dry,None, , ,None, , ,N,N, , , , ,0,0,1,0,0,0,0,0,0,0,0,0,0.000000000000000,0.000000000000000,0,1,0,2500,"Mapped, On Network",-81.233350587499999,28.462211241599999,670380.263968999963254,498160.449500999995507,12/26/2019 3:30:03 PM,8546_7092
4648,4649,1,4648,61488,89221627,2019-00436874,Orlando PD,Long,11/27/2019 0:00:00,08:33 AM,Orlando,Orange,SR 408 WBO,SR 423 (S JOHN YOUNG PY) EXIT RAMP,2700,East,Rear End,2,0,0,0,N,N,N,1000.000000000000000,Cloudy,Daylight,0,Rear End,W,Property Damage Only,Y,Front to Rear,Motor Vehicle in Transport,On Roadway,Non-Junction,N,Not at Intersection,State,Paved,Dry,None, , ,None, , ,N,N, , , , ,0,0,3,0,0,0,0,0,0,0,0,0,0.000000000000000,0.000000000000000,0,0,0,1000,"Mapped, On Network",-81.405187610799999,28.536325481399999,653416.282044999999925,506024.397933000000194,2/6/2020 1:42:41 PM,8252_8244
4649,4650,1,4649,61494,89219913,2019-00463440,Orlando PD,Long,12/19/2019 0:00:00,06:17 PM,Orlando,Orange,SR 408 EAST,ANDES AV,5280,East,Rear End,5,0,0,2,N,N,N,12000.000000000000000,Clear,Dark - Lighted,0,Rear End,E,Injury,Y,Front to Rear,Motor Vehicle in Transport,On Roadway,Non-Junction,N,Not at Intersection,State,Paved,Dry,None, , ,None, , ,N,N, , , , ,0,0,0,0,0,0,0,2,0,0,0,0,0.000000000000000,0.000000000000000,0,0,0,12000,"Mapped, On Network",-81.312040370000005,28.539383777899999,662504.470780999981798,506558.815734000003431,2/13/2020 2:21:36 PM,6301_6218
4650,4651,1,4650,61526,89222301,2019-00462860,Orlando PD,Long,12/19/2019 0:00:00,08:46 AM,Orlando,Orange,SR 408 WBO,S BUMBY AV ENTRANCE TO SR 408 WBO,250,East,Rear End,3,0,0,1,N,N,N,4000.000000000000000,Clear,Daylight,0,Rear End,W,Injury,Y,Front to Rear,Motor Vehicle in Transport,On Roadway,Non-Junction,N,Not at Intersection,State,Paved,Dry,None, , ,None, , ,N,N, , , , ,0,0,0,0,0,0,0,1,0,0,0,0,0.000000000000000,0.000000000000000,0,1,0,4000,"Mapped, On Network",-81.354786318500004,28.538398457500001,658332.920552000054158,506359.143672999984119,2/13/2020 2:18:39 PM,6185_8318
4651,4652,1,4651,61575,89217003,2019-00405089,Orlando PD,Short,11/1/2019 0:00:00,07:19 AM,Orlando,Orange,SR 408 EBO,EXIT RAMP TO SR 527 (S ORANGE AV),700,West,Other,2,0,0,0,N,N,N,500.000000000000000,Cloudy,Daylight,0,Other,E,Property Damage Only,Y,Other,Cargo/Equipment Loss or Shift,On Roadway,Non-Junction,N,Not at Intersection,State,Paved,Dry,None, , ,None, , ,N,Y,Work on Shoulder or Median,Activity Area,N,N,0,0,1,0,0,0,0,0,0,0,0,0,0.000000000000000,0.000000000000000,0,0,0,500,"Mapped, On Network",-81.380151231100001,28.535238522400000,655863.599760000011884,505955.410947000025772,1/7/2020 5:03:53 PM,6679_6276
4652,4653,1,4652,61578,88243561,FHPD19OFF117013,FHP,Long,12/23/2019 0:00:00,06:56 PM,Orlando Expwy Auth,Orange,STATE ROAD 417 SOUTHBOUND,MILE MARKER 9,0, ,Rear End,2,0,0,0,N,Y,N,8000.000000000000000,Cloudy,Dark - Not Lighted,0,Rear End,S,Property Damage Only,N,Front to Rear,Motor Vehicle in Transport,On Roadway,Non-Junction,N,Not at Intersection,Turnpike/Toll,Paved,Wet,None, , ,None, , ,N,N, , , , ,0,0,3,0,0,0,0,0,0,0,0,0,0.000000000000000,0.000000000000000,0,1,0,8000,"Mapped, On Network",-81.431065563999994,28.368508477599999,651277.568104999954812,487338.371816999977455,12/26/2019 3:29:38 PM,8292_6975
4653,4654,1,4653,61579,88243560,FHPD19OFF116879,FHP,Long,12/23/2019 0:00:00,02:53 PM,Orlando Expwy Auth,Orange,STATE ROAD 417 NORTHBOUND,STATE ROAD 408 EAST WEST RAMP,0, ,Rear End,2,0,0,1,N,N,N,7000.000000000000000,Clear,Daylight,0,Rear End,N,Injury,N,Front to Rear,Motor Vehicle in Transport,On Roadway,Entrance/Exit Ramp,N,Not at Intersection,Turnpike/Toll,Paved,Dry,None, , ,None, , ,N,N, , , , ,0,0,0,0,0,0,0,1,0,0,0,0,0.000000000000000,0.000000000000000,0,1,0,7000,"Mapped, On Network",-81.257191665899995,28.546840966500000,667841.667856000014581,507504.724900999979582,12/26/2019 3:29:52 PM,11876_8570
4654,4655,1,4654,61581,88217785,FHPD19OFF116620,FHP,Long,12/23/2019 0:00:00,03:57 AM,Orlando Expwy Auth,Orange,SR-408 (MM22),WOODBURRY ROAD,200,West,Rear End,2,0,0,0,N,N,N,4600.000000000000000,Rain,Dark - Lighted,0,Rear End,E,Property Damage Only,N,Front to Rear,Motor Vehicle in Transport,On Roadway,Non-Junction,N,Not at Intersection,Turnpike/Toll,Paved,Wet,None, , ,None, , ,N,N, , , , ,0,0,0,0,0,0,0,0,0,0,0,0,0.000000000000000,0.000000000000000,0,1,0,4600,"Mapped, On Network",-81.196494009800006,28.551432649399999,673756.334054999984801,508147.821210000023711,12/27/2019 6:35:09 PM,8041_6970
4655,4656,1,4655,61595,88267838,FHPD19OFF113544,FHP,Long,12/13/2019 0:00:00,10:40 PM,Unincorporated,Orange,SR 417 MM3 NB,SR 408,10560,South,Rear End,3,0,0,0,N,N,N,7500.000000000000000,Clear,Dark - Lighted,0,Rear End,N,Property Damage Only,N,Other,Motor Vehicle in Transport,On Roadway,Non-Junction,N,Not at Intersection,State,Unpaved,Dry,None, , ,None, , ,N,Y,Lane Closure,Activity Area,Y,Y,0,0,0,0,0,0,0,0,0,0,0,0,0.000000000000000,0.000000000000000,0,0,0,7500,"Mapped, On Network",-81.250512758400006,28.517559363200000,668566.270951000042260,504268.162101999972947,2/14/2020 12:20:18 PM,8553_6689
4656,4657,1,4656,61655,88243553,FHPD19OFF113909,FHP,Long,12/14/2019 0:00:00,08:07 PM,Orlando Expwy Auth,Orange,STATE ROAD 408 EASTBOUND,MILE MARKER 20,0, ,Sideswipe,2,0,0,0,N,N,N,100.000000000000000,Clear,Dark - Lighted,0,Same Direction Sideswipe,E,Property Damage Only,N,"Sideswipe, Same Direction",Motor Vehicle in Transport,On Roadway,Non-Junction,N,Not at Intersection,Turnpike/Toll,Paved,Dry,None, , ,None, , ,N,N, , , , ,0,0,1,0,0,0,0,0,0,0,0,0,0.000000000000000,0.000000000000000,0,0,0,100,"Mapped, On Network",-81.205833309499994,28.549353639200000,672849.759030999965034,507896.295803999993950,12/26/2019 3:31:32 PM,8041_6970
4657,4658,1,4657,61701,89221418,2019-00451031,Orlando PD,Long,12/9/2019 0:00:00,05:54 PM,Orlando,Orange,STATE ROAD 528,SEMORAN BLVD (STATE ROAD 436),1000,East,Off Road,1,0,0,1,N,N,N,3500.000000000000000,Clear,Dark - Lighted,0,Off Road,W,Injury,Y,Other,"Other Post, Pole or Support",Median,Non-Junction,N,Not at Intersection,Interstate,Paved,Dry,None,None,None,None,None,None,N,N, , , , ,0,0,0,0,0,0,0,1,0,0,0,0,0.000000000000000,0.000000000000000,0,0,500,3000,"Mapped, On Network",-81.300637708400004,28.451406255900000,663831.728892000042833,496815.033319999987725,12/26/2019 4:53:49 PM,8183_6664
4658,4659,1,4658,61709,89220144,2019-00402628,Orlando PD,Short,10/30/2019 0:00:00,09:33 AM,Orlando,Orange,SR 528 WBO,S SEMORAN BV EXIT RAMP,1500,East,Rear End,2,0,0,0,N,N,N,5250.000000000000000,Cloudy,Daylight,0,Rear End,W,Property Damage Only,Y,Angle,Motor Vehicle in Transport,On Roadway,Non-Junction,N,Not at Intersection,State,Paved,Dry,None, , ,None, , ,N,N, , , , ,0,0,0,0,0,0,0,0,0,0,0,0,0.000000000000000,0.000000000000000,0,0,0,5250,"Mapped, On Network",-81.294083477399994,28.450521756499999,664474.382456999970600,496730.867413000029046,1/8/2020 2:12:58 PM,8183_6664
4659,4660,1,4659,61790,89222343,2019-00460272,Orlando PD,Short,12/17/2019 0:00:00,07:51 AM,Orlando,Orange,SR 408 WBO,S CRYSTAL LAKE DR,1900,East,Sideswipe,2,0,0,0,N,N,N,1200.000000000000000,Cloudy,Daylight,0,Same Direction Sideswipe,W,Property Damage Only,Y,"Sideswipe, Same Direction",Motor Vehicle in Transport,On Roadway,Non-Junction,N,Not at Intersection,State,Curb,Dry,None, , ,None, , ,N,N, , , , ,0,0,0,0,0,0,0,0,0,0,0,0,0.000000000000000,0.000000000000000,0,0,0,1200,"Mapped, On Network",-81.337977872799996,28.538542348499998,659973.842827999964356,506410.443970999971498,2/13/2020 2:15:59 PM,6177_8353
4660,4661,1,4660,61826,89221409,2019-00422888,Orlando PD,Short,11/15/2019 0:00:00,05:20 PM,Orlando,Orange,SR-408,TAMPA AVE,100,West,Rear End,2,0,0,0,N,N,N,700.000000000000000,Cloudy,Dark - Lighted,0,Rear End,E,Property Damage Only,Y,Front to Rear,Motor Vehicle in Transport,On Roadway,Non-Junction,N,Not at Intersection,State,Unpaved,Dry,None, , ,None, , ,N,N, , , , ,0,0,1,0,0,0,0,0,0,0,0,0,0.000000000000000,0.000000000000000,0,0,0,700,"Mapped, On Network",-81.405678560900000,28.536453723699999,653368.042022999958135,506037.628018999996129,1/6/2020 3:47:07 PM,8169_8242
4661,4662,1,4661,61851,88237296,FHPD19OFF110260,FHP,Long,12/5/2019 0:00:00,03:45 AM,Unincorporated,Orange,STATE ROAD 408,STATE ROAD 417,1320,West,Off Road,1,0,1,3,N,N,N,20000.000000000000000,Clear,Dark - Lighted,0,Off Road,E,Fatality,N,Other,Concrete Traffic Barrier,Median,Non-Junction,N,Not at Intersection,State,Paved,Dry,None, , ,None, , ,N,N, , , , ,0,0,4,0,0,1,3,0,1,2,1,0,4.000000000000000,0.000000000000000,0,0,0,20000,"Mapped, On Network",-81.264890471300006,28.547275997700002,667088.913428000058047,507536.327251999988221,1/21/2020 11:04:05 AM,8412_7015
4662,4663,1,4662,61855,89222080,2019-00466124,Orlando PD,Long,12/22/2019 0:00:00,02:14 AM,Orlando,Orange,EW-EBO 408,ORANGE AV EXIT RAMP,100,West,Rear End,2,0,0,0,N,N,N,10000.000000000000000,Rain,Dark - Lighted,0,Rear End,E,Property Damage Only,Y,Front to Rear,Motor Vehicle in Transport,On Roadway,Non-Junction,N,Not at Intersection,Turnpike/Toll,Paved,Wet,None, , ,Weather Conditions, , ,N,N, , , , ,0,0,3,0,0,0,0,0,0,0,0,0,0.000000000000000,0.000000000000000,0,0,0,10000,"Mapped, On Network",-81.377904398300004,28.535807656599999,656081.656391000025906,506023.266287999984343,1/27/2020 5:19:37 PM,6679_6276
4663,4664,1,4663,61890,88252585,FHPD19OFF116623,FHP,Long,12/23/2019 0:00:00,04:42 AM,Orlando Expwy Auth,Orange,STATE RD 528,DALLAS BLVD,5280,East,Other,3,0,0,0,N,N,N,18000.000000000000000,Rain,Dark - Not Lighted,0,Other,W,Property Damage Only,N,Other,Other Non-Collision,On Roadway,Non-Junction,N,Not at Intersection,Turnpike/Toll,Paved,Wet,Road Surface Condition, , ,Weather Conditions, , ,N,Y,Intermittent or Moving Work,Activity Area,N,N,0,0,0,0,0,0,0,0,0,0,0,0,0.000000000000000,0.000000000000000,0,1,0,18000,"Mapped, On Network",-81.080147303499999,28.451875790300001,685377.029059999971651,497358.166686000011396,12/27/2019 11:10:18 AM,6322_8112
4664,4665,1,4664,61897,89221336,2019-00447433,Orlando PD,Long,12/6/2019 0:00:00,01:38 PM,Orlando,Orange,SR 408 WEST,I4 WBO (SR 400) EXIT RAMP,200,East,Sideswipe,2,0,0,0,N,N,N,750.000000000000000,Cloudy,Daylight,0,Same Direction Sideswipe, ,Property Damage Only,Y,"Sideswipe, Same Direction",Motor Vehicle in Transport,On Roadway,Non-Junction,N,Not at Intersection,State,Paved,Dry,None, , ,None, , ,N,N, , , , ,0,0,0,0,0,0,0,0,0,0,0,0,0.000000000000000,0.000000000000000,0,0,0,750,"Mapped, On Network",-81.382412678400001,28.535307716900000,655642.608991999994032,505958.403446000011172,12/26/2019 3:07:32 PM,8274_8272
4665,4666,1,4665,61905,88279451,FHPD19OFF119188,FHP,Long,12/31/2019 0:00:00,12:15 PM,Orlando Expwy Auth,Orange,SR 528,MM 24,300,West,Off Road,1,0,0,1,N,N,N,6500.000000000000000,Clear,Daylight,0,Off Road,E,Injury,N,Other,Tree (standing),Off Roadway,Non-Junction,N,Not at Intersection,Turnpike/Toll,Paved,Dry,None, , ,None, , ,N,N, , , , ,0,0,0,0,0,0,0,0,0,1,0,0,1.000000000000000,0.000000000000000,0,0,1000,5500,"Mapped, On Network",-81.092059191299995,28.451758939200001,684213.321635999949649,497317.682687000022270,2/11/2020 9:17:25 AM,6322_8112
4666,4667,1,4666,61915,88217768,FHPD19OFF110298,FHP,Long,12/5/2019 0:00:00,08:22 AM,Orlando,Orange,SR-408  (MM14),SR-436,100,West,Sideswipe,2,0,0,1,N,N,N,2700.000000000000000,Clear,Daylight,0,Same Direction Sideswipe,W,Injury,Y,Angle,Motor Vehicle in Transport,On Roadway,Non-Junction,N,Not at Intersection,Turnpike/Toll,Paved,Dry,None, , ,None, , ,N,N, , , , ,0,0,0,0,0,0,0,1,0,0,0,0,0.000000000000000,0.000000000000000,0,1,0,2700,"Mapped, On Network",-81.313189205900002,28.539638292300001,662391.678136999951676,506584.629284000024199,2/7/2020 3:37:23 PM,6256_8188
4667,4668,1,4667,61977,89220920,2019-00422063,Orlando PD,Long,11/15/2019 0:00:00,07:48 AM,Orlando,Orange,EAST/WEST EXPRESSWAY (SR 408) (WBO),CONWAY RD,2130,West,Rear End,2,0,0,0,N,N,N,800.000000000000000,Rain,Daylight,0,Rear End,W,Property Damage Only,Y,Front to Rear,Motor Vehicle in Transport,On Roadway,Non-Junction,N,Not at Intersection,State,Paved,Wet,None, , ,None, , ,N,N, , , , ,0,0,0,0,0,0,0,0,0,0,0,0,0.000000000000000,0.000000000000000,0,1,0,800,"Mapped, On Network",-81.337751581500001,28.538499365600000,659996.042114999960177,506406.148669000016525,1/6/2020 3:53:21 PM,6177_8353
4668,4669,1,4668,62033,89220237,2019-00416551,Orlando PD,Long,11/10/2019 0:00:00,05:50 PM,Orlando,Orange,408 E,S TAMPA AVE,1200,West,Other,1,0,0,0,N,N,N,1000.000000000000000,Clear,Dark - Lighted,0,Single Vehicle,E,Property Damage Only,Y,Front to Rear,Motor Vehicle in Transport,On Roadway,Non-Junction,N,Not at Intersection,Local,Paved,Dry,None, , ,None, , ,N,N, , , , ,0,0,0,0,0,0,0,0,0,0,0,0,0.000000000000000,0.000000000000000,0,0,0,1000,"Mapped, On Network",-81.407604638600006,28.537796999899999,653176.828190000029281,506182.817838000017218,1/6/2020 3:16:24 PM,8213_8169
4669,4670,1,4669,62036,89219848,2019-00417858,Orlando PD,Long,11/11/2019 0:00:00,08:00 PM,Orlando,Orange,EAST WEST EXPRESSWAY,I4 EASTBOUND,500,East,Other,2,0,0,1,N,N,N,5800.000000000000000,Clear,Dark - Unknown Lighting,0,Other,E,Injury,Y,Other,Motor Vehicle in Transport,On Roadway,Non-Junction,N,Not at Intersection,State,Paved,Dry,None, , ,None, , ,N,N, , , , ,0,0,1,0,0,0,0,1,0,0,0,0,0.000000000000000,0.000000000000000,0,0,0,5800,"Mapped, On Network",-81.381461274299994,28.535156314999998,655735.869448999990709,505943.565872000006493,1/6/2020 3:52:09 PM,6679_6276
4670,4671,1,4670,62041,89219851,2019-00458566,Orlando PD,Short,12/15/2019 0:00:00,09:30 PM,Orlando,Orange,SR417,LAKE NONA BLVD,0,North,Rear End,2,0,0,0,N,N,N,1000.000000000000000,Clear,Dark - Lighted,0,Rear End,N,Property Damage Only,Y,Front to Rear,Motor Vehicle in Transport,On Roadway,Non-Junction,N,Not at Intersection,State,Paved,Dry,None, , ,None, , ,N,N, , , , ,0,0,2,0,0,0,0,0,0,0,0,0,0.000000000000000,0.000000000000000,0,1,0,1000,"Mapped, On Network",-81.277428425099998,28.378909591100001,666277.546338999993168,488815.630553999973927,12/27/2019 11:46:30 AM,8520_8502
4671,4672,1,4671,62042,88238077,FHPD19OFF115723,FHP,Long,12/20/2019 0:00:00,01:35 PM,Orlando,Orange,STATE ROAD 408 (EAST WEST EXPRESSWAY),STATE ROAD 551 (GOLDENROD ROAD),5280,West,Sideswipe,2,0,0,0,N,Y,N,2500.000000000000000,Cloudy,Daylight,0,Same Direction Sideswipe,E,Property Damage Only,N,"Sideswipe, Same Direction",Motor Vehicle in Transport,On Roadway,Non-Junction,N,Not at Intersection,State,Paved,Dry,None, , ,None, , ,N,N, , , , ,0,0,2,0,0,0,0,0,0,0,0,0,0.000000000000000,0.000000000000000,0,1,0,2500,"Mapped, On Network",-81.302871170200007,28.539462645099999,663399.595046999980696,506587.124438000028022,12/26/2019 4:30:00 PM,6235_6881
4672,4673,1,4672,62128,89216899,2019-00406658,Orlando PD,Long,11/2/2019 0:00:00,02:21 PM,Orlando,Orange,WB SR408 (EAST WEST EXPRESSWAY), ,0, ,Off Road,1,0,0,0,N,Y,N,12500.000000000000000,Clear,Daylight,0,Off Road,W,Property Damage Only,Y,Other,Impact Attenuator/Crash Cushion,Separator,Non-Junction,N,Not at Intersection,State,Paved,Dry,None, , ,None, , ,N,Y,Lane Shift/Crossover,Activity Area,N,N,0,0,0,0,0,0,0,0,0,0,0,0,0.000000000000000,0.000000000000000,0,0,10000,2500,"Mapped, On Network",-81.378934955800005,28.535770146499999,655981.112773000029847,506016.961822999990545,1/23/2020 3:36:19 PM,6230_8274