FID,OBJECTID_1,Join_Count,TARGET_FID,OBJECTID,HSMV_Repor,Agency_Rep,Reporting_,Form_Type,Crash_Date,Crash_Time,City,County,Crash_Stre,Intersecti,Offset_Dis,Offset_Dir,Crash_Type,Vehicles,Non_Motori,Fatalities,Injuries,Alcohol_Re,Distractio,Drug_Relat,Estimated_,Weather_Co,Light_Cond,Street_Num,Crash_Ty_1,Crash_Ty_2,Crash_Seve,Within_Cit,Manner_of_,First_Harm,First_HE_L,First_HE_R,First_HE_W,Type_of_In,Road_Sys_I,Type_of_Sh,Road_Surf_,Contrib_Ci,Contrib__1,Contrib__2,Contrib__3,Contrib__4,Contrib__5,School_Bus,Work_Zone_,Type_of_Wo,Loc_in_Wor,Workers_in,Law_Enforc,Mopeds,Motorcycle,Passengers,Bicyclists,Pedestrian,Fataliti_1,Injuries_U,Possible_I,Non_Incapa,Incapacita,Fataliti_2,Non_Traffi,Transporte,Transpor_1,Transpor_2,Citations,Property_D,Vehicle_Dm,S4_Mapping,S4_Decimal,S4_Decim_1,S4_Albers_,S4_Albers1,S4_Mappi_1,zone_id_st
4673,4674,1,4673,62133,88240188,FHPK19OFF069450,FHP,Long,12/3/2019 0:00:00,06:58 PM,Winter Garden,Orange,STATE ROAD 429 (DANIEL WEBSTER WESTERN BLTWY),MILE MARKER 19,5280,North,Rear End,3,0,0,2,N,Y,N,9000.000000000000000,Clear,Dark - Lighted,0,Rear End,S,Injury,N,Front to Rear,Motor Vehicle in Transport,On Roadway,Non-Junction,N,Not at Intersection,State,Paved,Dry,None, , ,None, , ,N,N, , , , ,0,0,1,0,0,0,0,0,2,0,0,0,2.000000000000000,0.000000000000000,0,1,0,9000,"Mapped, On Network",-81.599356471799993,28.514547197700001,634502.808680000016466,503222.150056999991648,2/7/2020 4:08:57 PM,6858_8494
4674,4675,1,4674,62210,88234468,FHPD19OFF102100,FHP,Long,11/9/2019 0:00:00,06:25 AM,Orlando,Orange,STATE ROAD 417 (CENTRAL FLORIDA GREENWAY),MILE MARKER 33 (EAST WEST EXPRESSWAY,0,North,Off Road,1,0,0,1,N,N,N,3000.000000000000000,Cloudy,Daylight,0,Off Road,N,Injury,N,Other,Concrete Traffic Barrier,Off Roadway,Non-Junction,N,Not at Intersection,State,Paved,Wet,None, , ,None, , ,N,N, , , , ,0,0,0,0,0,0,0,1,0,0,0,0,0.000000000000000,0.000000000000000,0,0,0,3000,"Mapped, On Network",-81.264422072200006,28.553401564000001,667119.556111000012606,508217.453967000008561,1/27/2020 3:55:43 PM,8570_6966
4675,4676,1,4675,62220,89222193,2019-00440799,Orlando PD,Short,12/1/2019 0:00:00,10:28 AM,Orlando,Orange,SR 528 (WESTBOUND),S SEMORAN BLVD EXIT RAMP (SR 436),0, ,Rear End,2,0,0,0,N,N,N,2000.000000000000000,Clear,Daylight,0,Rear End,W,Property Damage Only,Y,Front to Rear,Motor Vehicle in Transport,On Roadway,Non-Junction,N,Not at Intersection,State,Paved,Dry,None,None,None,None,None,None,N,N, , , , ,0,0,1,0,0,0,0,0,0,0,0,0,0.000000000000000,0.000000000000000,0,0,0,2000,"Mapped, On Network",-81.314478625400000,28.451580356200001,662478.731251999968663,496804.826913999975659,2/10/2020 3:24:53 PM,6602_7054
4676,4677,1,4676,62299,88160276,FHPK19OFF066768,FHP,Long,11/20/2019 0:00:00,02:08 PM,Winter Garden,Orange,STATE ROAD 429 (WESTERN BELTWAY),MILE MARKER 19,5280,North,Rear End,4,0,0,1,N,N,N,7000.000000000000000,Clear,Daylight,0,Rear End,S,Injury,N,Front to Rear,Motor Vehicle in Transport,On Roadway,Non-Junction,N,Not at Intersection,Turnpike/Toll,Paved,Dry,None, , ,None, , ,N,N, , , , ,0,0,0,0,0,0,0,1,0,0,0,0,1.000000000000000,0.000000000000000,0,1,0,7000,"Mapped, On Network",-81.578754102399998,28.522776689600001,636497.115106999990530,504175.255485999980010,1/28/2020 12:31:32 PM,6989_8464
4677,4678,1,4677,62341,88243542,FHPD19OFF108269,FHP,Long,11/28/2019 0:00:00,04:17 PM,Orlando Expwy Auth,Orange,STATE ROAD 417 SOUTHBOUND,MILE MARKER 27,0, ,Rear End,3,0,0,2,N,N,N,8000.000000000000000,Clear,Daylight,0,Rear End,S,Injury,N,Front to Rear,Motor Vehicle in Transport,On Roadway,Non-Junction,N,Not at Intersection,Turnpike/Toll,Paved,Dry,Other, , ,None, , ,N,N, , , , ,0,0,4,0,0,0,0,2,0,0,0,0,2.000000000000000,0.000000000000000,0,1,0,8000,"Mapped, On Network",-81.237162931399993,28.469357073000001,669989.973273999989033,498945.487296000006609,2/7/2020 2:11:30 PM,8546_7092
4678,4679,1,4678,62418,89223059,2019-00475113,Orlando PD,Short,12/30/2019 0:00:00,05:40 PM,Orlando,Orange,S.R. 408,S.R. 400,0, ,Rear End,2,0,0,0,N,N,N,1000.000000000000000,Clear,Dusk,0,Rear End,E,Property Damage Only,Y,Front to Rear,Motor Vehicle in Transport,On Roadway,Non-Junction,N,Not at Intersection,State,Paved,Dry,None, , ,None, , ,N,N, , , , ,0,0,0,0,0,0,0,0,0,0,0,0,0.000000000000000,0.000000000000000,0,0,0,1000,"Mapped, On Network",-81.383552178700000,28.535116670699999,655531.788296999991871,505934.829641000018455,2/14/2020 1:42:53 PM,6679_6276
4679,4680,1,4679,62456,89221302,2019-00433127,Orlando PD,Long,11/24/2019 0:00:00,01:15 AM,Orlando,Orange,SR 417,LAKE NONA BLVD,0,South,Rear End,2,0,0,0,N,Y,N,4000.000000000000000,Clear,Dark - Lighted,0,Rear End,S,Property Damage Only,Y,"Sideswipe, Same Direction",Motor Vehicle in Transport,On Roadway,Non-Junction,N,Not at Intersection,State,Paved,Dry,None, , ,None, , ,N,N, , , , ,0,0,0,0,0,0,0,0,0,0,0,0,0.000000000000000,0.000000000000000,0,0,0,4000,"Mapped, On Network",-81.277535843799996,28.379221217400001,666266.278102000011131,488849.998368999978993,2/5/2020 12:18:49 PM,8603_8478
4680,4681,1,4680,62464,89217708,2019-00434339,Orlando PD,Short,11/26/2019 0:00:00,04:30 AM,Orlando,Orange,SR 528,TRADEPORT DR,0,West,Rear End,2,0,0,0,N,N,N,6000.000000000000000,Clear,Dark - Lighted,0,Rear End,W,Property Damage Only,Y,Front to Rear,Motor Vehicle in Transport,On Roadway,Non-Junction,N,Not at Intersection,State,Unpaved,Dry,None, , ,None, , ,N,N, , , , ,0,0,0,0,0,0,0,0,0,0,0,0,0.000000000000000,0.000000000000000,0,0,0,6000,"Mapped, On Network",-81.327186097600006,28.451504427400000,661237.100172000005841,496769.412230000016280,2/5/2020 12:24:53 PM,6094_8344
4681,4682,1,4681,62505,88242338,FHPD19OFF108620,FHP,Long,11/29/2019 0:00:00,06:37 PM,Orlando Expwy Auth,Orange,STATE ROAD 408 EB OFF RAMP MM2,GOOD HOMES RD,300,East,Sideswipe,2,0,0,0,N,N,N,5000.000000000000000,Clear,Dusk,0,Same Direction Sideswipe,E,Property Damage Only,Y,Angle,Motor Vehicle in Transport,On Roadway,Entrance/Exit Ramp,N,Not at Intersection,Turnpike/Toll,Paved,Dry,None, , ,None, , ,N,N, , , , ,0,0,4,0,0,0,0,0,0,0,0,0,0.000000000000000,0.000000000000000,0,1,0,5000,"Mapped, On Network",-81.503649337900001,28.546173972599998,643779.447555999970064,506919.401945999998134,12/2/2019 1:48:37 PM,8152_8154
4682,4683,1,4682,62517,88044576,FHPD19OFF114940,FHP,Long,12/17/2019 0:00:00,10:00 PM,Orlando,Orange,SR 408 EB,EXIT RAMP TO SR 417,0, ,Sideswipe,2,0,0,0,N,Y,N,5500.000000000000000,Rain,Dark - Lighted,0,Same Direction Sideswipe,E,Property Damage Only,N,"Sideswipe, Same Direction",Motor Vehicle in Transport,On Roadway,Entrance/Exit Ramp,Y,Not at Intersection,State,Paved,Wet,None, , ,None, , ,N,N, , , , ,0,0,0,0,0,0,0,0,0,0,0,0,0.000000000000000,0.000000000000000,0,1,0,5500,"Mapped, On Network",-81.269760746000003,28.547065309299999,666613.917157000047155,507502.395589999970980,2/14/2020 1:30:00 PM,8412_7015
4683,4684,1,4683,62589,88243540,FHPD19OFF108004,FHP,Long,11/27/2019 0:00:00,03:43 PM,Orlando Expwy Auth,Orange,STATE ROAD 408 EASTBOUND,MILE MARKER 2,0, ,Off Road,1,0,0,0,N,N,N,14000.000000000000000,Clear,Daylight,0,Off Road,E,Property Damage Only,N,Other,Impact Attenuator/Crash Cushion,On Roadway,Non-Junction,N,Not at Intersection,Turnpike/Toll,Paved,Dry,None, , ,None, , ,N,N, , , , ,0,0,0,0,0,0,0,0,0,0,0,0,0.000000000000000,0.000000000000000,0,0,6000,8000,"Mapped, On Network",-81.498432222800005,28.546979628199999,644287.036688999971375,507019.180718999996316,2/7/2020 4:18:59 PM,8154_6302
4684,4685,1,4684,62596,88252571,FHPD19OFF108130,FHP,Long,11/27/2019 0:00:00,08:27 PM,Orlando Expwy Auth,Orange,STATE RD 417,ORANGE BLOSSOM TRL,0,South,Other,2,0,0,0,N,N,N,11000.000000000000000,Clear,Dark - Lighted,0,Backed Into,S,Property Damage Only,N,Angle,Motor Vehicle in Transport,On Roadway,Non-Junction,N,Not at Intersection,Turnpike/Toll,Paved,Dry,None, , ,None, , ,N,N, , , , ,0,0,0,0,0,0,0,0,0,0,0,0,0.000000000000000,0.000000000000000,0,2,0,11000,"Mapped, On Network",-81.411219214300004,28.374868572699999,653203.706266000051983,488085.144879000028595,12/2/2019 1:58:33 PM,8280_8017
4685,4686,1,4685,62597,88252570,FHPD19OFF107988,FHP,Long,11/27/2019 0:00:00,03:15 PM,Orlando Expwy Auth,Orange,STATE RD 417,BERRY DEASE RD,0,South,Sideswipe,2,0,0,0,N,N,N,2500.000000000000000,Clear,Daylight,0,Same Direction Sideswipe,N,Property Damage Only,N,"Sideswipe, Same Direction",Motor Vehicle in Transport,On Roadway,Non-Junction,N,Not at Intersection,Turnpike/Toll,Paved,Dry,None, , ,None, , ,N,N, , , , ,0,0,3,0,0,0,0,0,0,0,0,0,0.000000000000000,0.000000000000000,0,0,0,2500,"Mapped, On Network",-81.250627140500001,28.520962422400000,668546.674608999979682,504645.749293999979272,12/2/2019 2:00:09 PM,8553_6689
4686,4687,1,4686,62610,89222259,2019-00465597,Orlando PD,Short,12/21/2019 0:00:00,04:47 PM,Orlando,Orange,SR 408 WBO,ROSALIND ST EXIT RAMP,200,West,Unknown,2,0,0,1,N,N,N,2000.000000000000000,Rain,Daylight,0,Unknown, ,Injury,Y,Angle,Motor Vehicle in Transport,On Roadway,Non-Junction,N,Not at Intersection,State,Paved,Wet,None, , ,None, , ,N,N, , , , ,0,0,3,0,0,0,0,1,0,0,0,0,0.000000000000000,0.000000000000000,0,0,0,2000,"Mapped, On Network",-81.374005881299993,28.537151030000000,656459.162873000022955,506180.523891000018921,2/14/2020 1:20:32 PM,6737_6230
4687,4688,1,4687,62615,89221358,2019-00447751,Orlando PD,Short,12/6/2019 0:00:00,06:28 PM,Orlando,Orange,EAST/WEST EXPRESSWAY WB,INTERSTATE 4 INTERCHANGE (STATE ROAD 400),0,West,Rear End,2,0,0,0,N,N,N,800.000000000000000,Clear,Daylight,0,Rear End,W,Property Damage Only,Y,Front to Rear,Motor Vehicle in Transport,On Roadway,Entrance/Exit Ramp,Y,Not at Intersection,Turnpike/Toll,Paved,Dry,None, , ,None, , ,N,N, , , , ,0,0,0,0,0,0,0,0,0,0,0,0,0.000000000000000,0.000000000000000,0,0,0,800,"Mapped, On Network",-81.383772107599995,28.535312976800000,655509.849978000042029,505956.169967000023462,1/28/2020 5:31:52 PM,8274_8272
4688,4689,1,4688,62692,89219340,2019-00422113,Orlando PD,Short,11/15/2019 0:00:00,08:30 AM,Orlando,Orange,EW WBO (SR 408),CRYSTAL LAKE RD,500,East,Rear End,2,0,0,0,N,N,N,2000.000000000000000,Rain,Daylight,0,Rear End,W,Property Damage Only,Y,Front to Rear,Motor Vehicle in Transport,On Roadway,Non-Junction,N,Not at Intersection,State,Paved,Wet,None, , ,None, , ,N,N, , , , ,0,0,0,0,0,0,0,0,0,0,0,0,0.000000000000000,0.000000000000000,0,0,0,2000,"Mapped, On Network",-81.337657898299994,28.538472514799999,660005.254197999951430,506403.364950000017416,1/22/2020 3:19:31 PM,6177_8353
4689,4690,1,4689,62717,89222230,2019-00463970,Orlando PD,Long,12/20/2019 0:00:00,07:00 AM,Orlando,Orange,STATE ROAD 417,LAKE NONA BOULEVARD EXIT,1000,North,Sideswipe,2,0,0,0,N,N,N,1500.000000000000000,Clear,Daylight,0,Same Direction Sideswipe, ,Property Damage Only,Y,"Sideswipe, Same Direction",Motor Vehicle in Transport,On Roadway,Non-Junction,N,Not at Intersection,State,Paved,Dry,None, , ,None, , ,N,N, , , , ,0,0,0,0,0,0,0,0,0,0,0,0,0.000000000000000,0.000000000000000,0,0,0,1500,"Mapped, On Network",-81.270160310300000,28.382022658499999,666980.626011000014842,489176.988248999987263,2/10/2020 4:24:18 PM,6170_8603
4690,4691,1,4690,62740,88235361,FHPD19OFF096778,FHP,Long,10/24/2019 0:00:00,01:25 AM,Orlando,Orange,STATE ROAD 417,MILE MARKER 11 SOUTHBOUND,0, ,Rear End,2,0,0,1,N,N,N,15000.000000000000000,Clear,Dark - Lighted,0,Rear End,S,Injury,N,Front to Rear,Motor Vehicle in Transport,On Roadway,Non-Junction,N,Not at Intersection,State,Unpaved,Dry,None, , ,None, , ,N,N, , , , ,0,0,0,0,0,0,0,0,1,0,0,0,0.000000000000000,0.000000000000000,0,0,0,15000,"Mapped, On Network",-81.407628263500001,28.373993057400000,653556.922506000031717,487995.312936000002082,1/23/2020 3:21:29 PM,8283_8277
4691,4692,1,4691,62757,89502102,2019TA017428,Apopka PD,Long,12/27/2019 0:00:00,02:50 PM,Apopka,Orange,SR-429-TOLL,OCOEE APOPKA RD,1040,North,Rear End,2,0,0,0,N,Y,N,100.000000000000000,Cloudy,Daylight,0,Rear End,S,Property Damage Only,Y,"Sideswipe, Same Direction",Motor Vehicle in Transport,On Roadway,Through Roadway,N,Not at Intersection,State,Paved,Dry,None, , ,None, , ,N,N, , , , ,0,0,0,0,0,0,0,0,0,0,0,0,0.000000000000000,0.000000000000000,0,0,0,100,"Mapped, On Network",-81.543672154000006,28.636734774400001,639671.247848000028171,516896.184140000026673,1/3/2020 4:00:34 PM,8434_8438
4692,4693,1,4692,62796,89819119,2019-00473474,Orlando PD,Long,12/29/2019 0:00:00,04:20 AM,Orlando,Orange,EW WBO,I4 WBO,300,East,Off Road,1,0,0,0,N,N,N,33060.000000000000000,Rain,Dark - Lighted,0,Off Road,W,Property Damage Only,Y,Other,Impact Attenuator/Crash Cushion,Shoulder,Entrance/Exit Ramp,Y,Not at Intersection,Interstate,Paved,Wet,None, , ,None, , ,N,N, , , , ,0,0,0,0,0,0,0,0,0,0,0,0,0.000000000000000,0.000000000000000,0,0,28060,5000,"Mapped, On Network",-81.382783890200002,28.535367964999999,655606.218608999974094,505964.323342000017874,1/28/2020 5:44:04 PM,8274_8272
4693,4694,1,4693,62797,89222214,2019-00473482,Orlando PD,Short,12/29/2019 0:00:00,04:40 AM,Orlando,Orange,SR 408 WBO,I4 WBO,500,East,Rear End,2,0,0,0,N,N,N,4000.000000000000000,Rain,Dark - Lighted,0,Rear End,W,Property Damage Only,Y,Front to Rear,Motor Vehicle in Transport,On Roadway,Entrance/Exit Ramp,N,Not at Intersection,State,Paved,Wet,Obstruction in Roadway, , ,Physical Obstruction(s), , ,N,N, , , , ,0,0,1,0,0,0,0,0,0,0,0,0,0.000000000000000,0.000000000000000,0,0,0,4000,"Mapped, On Network",-81.381005021000007,28.535421891199999,655779.795722999959253,505973.999315999972168,2/14/2020 1:21:59 PM,6230_8274
4694,4695,1,4694,62822,88160288,FHPK19OFF069786,FHP,Short,12/5/2019 0:00:00,06:14 PM,Winter Garden,Orange,STATE ROAD 429 (WESTERN BELTWAY),MILE MARKER 23,500,North,Sideswipe,2,0,0,0,N,N,N,1000.000000000000000,Clear,Dark - Lighted,0,Same Direction Sideswipe,N,Property Damage Only,N,"Sideswipe, Same Direction",Motor Vehicle in Transport,On Roadway,Non-Junction,N,Not at Intersection,Turnpike/Toll,Paved,Dry,None, , ,None, , ,N,N, , , , ,0,0,0,0,0,0,0,0,0,0,0,0,0.000000000000000,0.000000000000000,0,1,0,1000,"Mapped, On Network",-81.559008809299996,28.553793815500001,638357.319825000013225,507657.237301999994088,2/7/2020 4:11:31 PM,8498_8500
4695,4696,1,4695,62896,89819572,2019-00475049,Orlando PD,Long,12/30/2019 0:00:00,04:51 PM,Orlando,Orange,EW EBO,ORANGE AV EXIT RAMP,50,West,Unknown,3,0,0,0,N,N,N,100.000000000000000,Clear,Daylight,0,Unknown, ,Property Damage Only,Y,Angle,Motor Vehicle in Transport,On Roadway,Non-Junction,N,Not at Intersection,State,Paved,Dry,None, , ,None, , ,N,Y,Work on Shoulder or Median,Activity Area,N,N,0,0,0,0,0,0,0,0,0,0,0,0,0.000000000000000,0.000000000000000,0,0,0,100,"Mapped, On Network",-81.377657688499994,28.535894551799998,656105.541971000027843,506033.426686000020709,1/27/2020 5:20:28 PM,6679_6276
4696,4697,1,4696,62933,87202450,FHPK19OFF073726,FHP,Short,12/26/2019 0:00:00,09:09 AM,Winter Garden,Orange,STATE ROAD 429 (DANIEL WEBSTER),NEW INDEPENDENCE PARKWAY,0,South,Other,2,0,0,0,N,N,N,500.000000000000000,Cloudy,Daylight,0,Other,N,Property Damage Only,N,Other,Cargo/Equipment Loss or Shift,On Roadway,Non-Junction,N,Not at Intersection,Turnpike/Toll,Paved,Dry,None, , ,None, , ,N,N, , , , ,0,0,2,0,0,0,0,0,0,0,0,0,0.000000000000000,0.000000000000000,0,1,0,500,"Mapped, On Network",-81.634918898600006,28.460504597400000,631144.484714000020176,497154.358667999971658,2/14/2020 3:23:03 PM,6236_8048
4697,4698,1,4697,62941,88027299,FHPD19OFF105975,FHP,Long,11/21/2019 0:00:00,05:53 PM,Orlando Expwy Auth,Orange,SR-408,GOODHOMES ROAD,1000,East,Rear End,3,0,0,3,N,Y,N,18000.000000000000000,Clear,Dusk,0,Rear End,W,Injury,N,Front to Rear,Motor Vehicle in Transport,On Roadway,Non-Junction,N,Not at Intersection,Turnpike/Toll,Paved,Dry,None, , ,None, , ,N,N, , , , ,0,0,0,0,0,0,0,2,1,0,0,0,1.000000000000000,0.000000000000000,0,1,0,18000,"Mapped, On Network",-81.507369420600000,28.545636534100002,643417.421275999979116,506852.379745999991428,12/19/2019 2:54:39 PM,8114_8152
4698,4699,1,4698,62955,89220459,2019-00419572,Orlando PD,Long,11/13/2019 0:00:00,07:45 AM,Orlando,Orange,STATE ROAD 408,EXIT 8B,0,East,Rear End,3,0,0,0,N,N,N,2600.000000000000000,Clear,Daylight,0,Rear End,E,Property Damage Only,Y,Front to Rear,Motor Vehicle in Transport,On Roadway,Non-Junction,N,Not at Intersection,Interstate,Paved,Dry,None,None,None,None,None,None,N,N, , , , ,0,0,0,0,0,0,0,0,0,0,0,0,0.000000000000000,0.000000000000000,0,0,0,2600,"Mapped, On Network",-81.407807697099997,28.537951331799999,653156.639883999945596,506199.536630999995396,1/6/2020 2:47:15 PM,8213_8169
4699,4700,1,4699,62984,88221995,FHPD19OFF110456,FHP,Short,12/5/2019 0:00:00,05:00 PM,Orlando Expwy Auth,Orange,SR 417 (CENTRAL FLORIDA GREENEWAY),MM16,100,North,Sideswipe,2,0,0,0,N,N,N,2500.000000000000000,Clear,Dark - Lighted,0,Same Direction Sideswipe,S,Property Damage Only,N,"Sideswipe, Same Direction",Motor Vehicle in Transport,On Roadway,Non-Junction,N,Not at Intersection,Turnpike/Toll,Paved,Dry,None, , ,None, , ,N,N, , , , ,0,0,0,0,0,0,0,0,0,0,0,0,0.000000000000000,0.000000000000000,0,0,0,2500,"Mapped, On Network",-81.325715944999999,28.367383910699999,661583.352715000044554,487432.582134999975096,2/10/2020 4:20:24 PM,6618_6299
4700,4701,1,4700,63001,89222572,2019-00474471,Orlando PD,Short,12/30/2019 0:00:00,05:08 AM,Orlando,Orange,STATE ROAD 528 (BEACHLINE EXPRESSWAY),STATE ROAD 551 EXIT (GOLDENROD ROAD),200,West,Sideswipe,2,0,0,0,N,N,N,5000.000000000000000,Clear,Dark - Not Lighted,0,Same Direction Sideswipe,E,Property Damage Only,Y,"Sideswipe, Same Direction",Motor Vehicle in Transport,On Roadway,Non-Junction,N,Not at Intersection,Interstate,Paved,Dry,None, , ,None, , ,N,N, , , , ,0,0,1,0,0,0,0,0,0,0,0,0,0.000000000000000,0.000000000000000,0,2,0,5000,"Mapped, On Network",-81.287249875499995,28.449307453700001,665145.152712999959476,496610.718502999981865,2/7/2020 8:38:37 PM,8186_8176
4701,4702,1,4701,63011,85579114,FHPD19OFF105425,FHP,Long,11/20/2019 0:00:00,07:37 AM,Unincorporated,Orange,STATE ROAD 408 WEST BOUND,STATE ROAD 417 ENTRANCE RAMP,0,East,Rear End,4,0,0,0,N,N,N,6550.000000000000000,Clear,Daylight,0,Rear End,W,Property Damage Only,N,Front to Rear,Motor Vehicle in Transport,On Roadway,Non-Junction,N,Not at Intersection,State,Paved,Dry,None, , ,None, , ,N,N, , , , ,0,0,0,0,0,0,0,0,0,0,0,0,0.000000000000000,0.000000000000000,0,1,0,6550,"Mapped, On Network",-81.257300387599997,28.547363526400002,667829.762039000052027,507562.507714000006672,12/19/2019 1:49:56 PM,8033_8027
4702,4703,1,4702,63048,89217852,2019-00436280,Orlando PD,Long,11/26/2019 0:00:00,06:15 PM,Orlando,Orange,STATE ROAD 408 EB,TAMPA AVENUE,215,West,Rear End,2,0,0,0,N,N,N,4000.000000000000000,Clear,Dark - Lighted,0,Rear End,E,Property Damage Only,Y,Front to Rear,Motor Vehicle in Transport,On Roadway,Non-Junction,N,Not at Intersection,State,Paved,Dry,None, , ,None, , ,N,N, , , , ,0,0,1,0,0,0,0,0,0,0,0,0,0.000000000000000,0.000000000000000,0,0,0,4000,"Mapped, On Network",-81.405921301199996,28.536576993400001,653344.050919999950565,506050.816093000001274,2/7/2020 2:15:12 PM,8169_8242
4703,4704,1,4703,63061,89222427,2019-00465921,Orlando PD,Long,12/21/2019 0:00:00,10:42 PM,Orlando,Orange,SR 528,TRADEPORT DR,600,East,Off Road,2,0,1,1,N,N,N,15000.000000000000000,Rain,Dark - Lighted,0,Off Road,E,Fatality,Y,Other,Impact Attenuator/Crash Cushion,On Roadway,Entrance/Exit Ramp,N,Not at Intersection,State,Unpaved,Wet,None, , ,None, , ,N,N, , , , ,0,0,4,0,0,0,0,1,0,0,1,0,1.000000000000000,0.000000000000000,0,0,0,15000,"Mapped, On Network",-81.331372248700006,28.451217030199999,660828.706200000015087,496728.641132000018843,1/6/2020 3:05:05 PM,8331_8341
4704,4705,1,4704,63085,88243539,FHPD19OFF107953,FHP,Long,11/27/2019 0:00:00,01:33 PM,Orlando Expwy Auth,Orange,STATE ROAD 528 EASTBOUND,STATE ROAD 417 NORTHBOUND RAMP,0, ,Sideswipe,2,0,0,0,N,N,N,2500.000000000000000,Clear,Daylight,0,Same Direction Sideswipe, ,Property Damage Only,N,"Sideswipe, Same Direction",Motor Vehicle in Transport,On Roadway,Entrance/Exit Ramp,N,Not at Intersection,Turnpike/Toll,Paved,Dry,None, , ,None, , ,N,N, , , , ,0,0,0,0,0,0,0,0,0,0,0,0,0.000000000000000,0.000000000000000,0,0,0,2500,"Mapped, On Network",-81.239436254799998,28.451265673200002,669812.830874999985099,496931.849493000016082,2/7/2020 11:19:06 AM,8074_8019
4705,4706,1,4705,63107,89819178,2019-00466056,Orlando PD,Long,12/22/2019 0:00:00,12:12 AM,Orlando,Orange,SR 408 EB,SEMORAN BLVD EXIT (SR 436),200,West,Rear End,2,0,0,1,N,N,N,10000.000000000000000,Rain,Dark - Lighted,0,Rear End, ,Injury,Y,Front to Rear,Motor Vehicle in Transport,On Roadway,Non-Junction,N,Not at Intersection,State,Paved,Wet,None, , ,None, , ,N,N, , , , ,0,0,0,0,0,0,0,1,0,0,0,0,0.000000000000000,0.000000000000000,0,0,0,10000,"Mapped, On Network",-81.308030151400004,28.539438740400001,662895.910838000010699,506573.461263999983203,2/14/2020 1:27:45 PM,6301_6218
4706,4707,1,4706,63128,89221183,2019-00441078,Orlando PD,Short,12/1/2019 0:00:00,04:30 PM,Orlando,Orange,SR 408,S. ORANGE BLOSSOM TRL,500,East,Other,1,0,0,0,N,N,N,250.000000000000000,Clear,Daylight,0,Single Vehicle,W,Property Damage Only,Y,"Sideswipe, Same Direction",Motor Vehicle in Transport,On Roadway,Non-Junction,N,Not at Intersection,State,Paved,Dry,None, , ,None, , ,N,N, , , , ,0,0,0,0,0,0,0,0,0,0,0,0,0.000000000000000,0.000000000000000,0,0,0,250,"Mapped, On Network",-81.392645293599998,28.535232612300000,654643.582049999968149,505928.892770999984350,2/10/2020 4:06:45 PM,8272_8254
4707,4708,1,4707,63151,89220664,2019-00438630,Orlando PD,Long,11/29/2019 0:00:00,07:05 AM,Orlando,Orange,SR408 EBO,S ORANGE AVE,10,West,Other,1,0,0,0,N,N,N,1000.000000000000000,Clear,Daylight,0,Single Vehicle,E,Property Damage Only,Y,Other,Motor Vehicle in Transport,On Roadway,Non-Junction,N,Not at Intersection,U.S.,Paved,Dry,None, , ,None, , ,N,N, , , , ,0,0,0,0,0,0,0,0,0,0,0,0,0.000000000000000,0.000000000000000,0,0,0,1000,"Mapped, On Network",-81.378249590500005,28.535735970200001,656048.118219000054523,506014.590098000015132,2/7/2020 4:00:06 PM,6679_6276
4708,4709,1,4708,63179,85507881,FHPD19OFF105400,FHP,Long,11/20/2019 0:00:00,06:45 AM,Unincorporated,Orange,STATE ROAD 417,STATE ROAD 528,5280,South,Rear End,3,0,0,0,N,Y,N,14000.000000000000000,Clear,Daylight,0,Rear End,N,Property Damage Only,N,Front to Rear,Other Non-Collision,On Roadway,Non-Junction,N,Not at Intersection,State,Paved,Dry,None, , ,None, , ,N,N, , , , ,0,0,3,0,0,0,0,0,0,0,0,0,0.000000000000000,0.000000000000000,0,2,0,14000,"Mapped, On Network",-81.229602161200006,28.439378710300002,670803.492710000020452,495633.613605000020470,12/18/2019 3:00:39 PM,6642_7993
4709,4710,1,4709,63204,89220343,2019-00418299,Orlando PD,Long,11/12/2019 0:00:00,07:58 AM,Orlando,Orange,SR 408,I4,500,East,Rear End,2,0,0,0,N,N,N,1000.000000000000000,Clear,Daylight,0,Rear End,E,Property Damage Only,Y,Front to Rear,Motor Vehicle in Transport,On Roadway,Non-Junction,N,Not at Intersection,State,Paved,Dry,None, , ,None, , ,N,N, , , , ,0,0,0,0,0,0,0,0,0,0,0,0,0.000000000000000,0.000000000000000,0,0,0,1000,"Mapped, On Network",-81.380775971700004,28.535136753700002,655802.834620999987237,505942.815369000018109,1/28/2020 12:26:48 PM,6679_6276