FID,OBJECTID_1,Join_Count,TARGET_FID,OBJECTID,HSMV_Repor,Agency_Rep,Reporting_,Form_Type,Crash_Date,Crash_Time,City,County,Crash_Stre,Intersecti,Offset_Dis,Offset_Dir,Crash_Type,Vehicles,Non_Motori,Fatalities,Injuries,Alcohol_Re,Distractio,Drug_Relat,Estimated_,Weather_Co,Light_Cond,Street_Num,Crash_Ty_1,Crash_Ty_2,Crash_Seve,Within_Cit,Manner_of_,First_Harm,First_HE_L,First_HE_R,First_HE_W,Type_of_In,Road_Sys_I,Type_of_Sh,Road_Surf_,Contrib_Ci,Contrib__1,Contrib__2,Contrib__3,Contrib__4,Contrib__5,School_Bus,Work_Zone_,Type_of_Wo,Loc_in_Wor,Workers_in,Law_Enforc,Mopeds,Motorcycle,Passengers,Bicyclists,Pedestrian,Fataliti_1,Injuries_U,Possible_I,Non_Incapa,Incapacita,Fataliti_2,Non_Traffi,Transporte,Transpor_1,Transpor_2,Citations,Property_D,Vehicle_Dm,S4_Mapping,S4_Decimal,S4_Decim_1,S4_Albers_,S4_Albers1,S4_Mappi_1,zone_id_st
4710,4711,1,4710,63215,88234475,FHPD19OFF102365,FHP,Short,11/10/2019 0:00:00,05:40 AM,Orlando,Orange,STATE ROAD 417 (CENTRAL FLORIDA GREENWAY),MM 12 (STATE ROAD 91),1000,North,Sideswipe,2,0,0,0,N,N,N,600.000000000000000,Clear,Dawn,0,Same Direction Sideswipe,S,Property Damage Only,N,"Sideswipe, Same Direction",Motor Vehicle in Transport,On Roadway,Non-Junction,N,Not at Intersection,State,Paved,Dry,None, , ,None, , ,N,N, , , , ,0,0,1,0,0,0,0,0,0,0,0,0,0.000000000000000,0.000000000000000,0,1,0,600,"Mapped, On Network",-81.394506685400003,28.368812223399999,654852.294517999980599,487447.123270999989472,1/27/2020 4:00:21 PM,8017_6167
4711,4712,1,4711,63219,89819179,2019-00466017,Orlando PD,Long,12/22/2019 0:00:00,12:12 AM,Orlando,Orange,SR 408 EB,SEMORAN BLVD (SR 436) EXIT,500,West,Rear End,2,0,0,0,N,N,N,10000.000000000000000,Rain,Dark - Lighted,0,Rear End,E,Property Damage Only,Y,Front to Rear,Motor Vehicle in Transport,On Roadway,Non-Junction,N,Not at Intersection,State,Paved,Wet,None, , ,None, , ,N,N, , , , ,0,0,3,0,0,0,0,0,0,0,0,0,0.000000000000000,0.000000000000000,0,0,0,10000,"Mapped, On Network",-81.308655140699997,28.539414697000002,662834.942782000056468,506569.459475999989081,2/14/2020 1:29:01 PM,6301_6218
4712,4713,1,4712,63266,88240190,FHPK19OFF069940,FHP,Short,12/6/2019 0:00:00,06:40 PM,Winter Garden,Orange,STATE ROAD 429 (DANIEL WEBSTER WESTERN BLTWY),MILE MARKER 23,0,South,Other,2,0,0,0,N,N,N,1000.000000000000000,Clear,Daylight,0,Backed Into,N,Property Damage Only,N,Other,Motor Vehicle in Transport,On Roadway,Non-Junction,N,Not at Intersection,State,Paved,Dry,None, , ,None, , ,N,N, , , , ,0,0,0,0,0,0,0,0,0,0,0,0,0.000000000000000,0.000000000000000,0,1,0,1000,"Mapped, On Network",-81.558861730299995,28.552634674400000,638374.228050000034273,507528.817538000002969,2/7/2020 4:10:02 PM,8522_8498
4713,4714,1,4713,63270,88234474,FHPD19OFF102367,FHP,Long,11/10/2019 0:00:00,04:50 AM,Orlando,Orange,STATE ROAD 417 (CENTRAL FLORIDA GREENWAY),MM12 (STATE ROAD 91),1000,North,Off Road,2,0,0,1,N,N,N,5800.000000000000000,Clear,Dark - Lighted,0,Off Road,S,Injury,N,Other,Guardrail Face,Off Roadway,Non-Junction,N,Not at Intersection,State,Paved,Dry,None, , ,None, , ,N,N, , , , ,0,0,0,0,0,0,0,1,0,0,0,0,0.000000000000000,0.000000000000000,0,1,0,5800,"Mapped, On Network",-81.394122488199997,28.368739528399999,654890.039166999980807,487439.845876000006683,1/27/2020 4:01:00 PM,8017_6167
4714,4715,1,4714,63291,89221839,2019-00470910,Orlando PD,Long,12/28/2019 0:00:00,12:20 AM,Orlando,Orange,SR 417 WB,LAKE NONA BV,2640,East,Animal,1,0,0,1,N,Y,N,30000.000000000000000,Clear,Dark - Unknown Lighting,0,Animal,W,Injury,Y,Other,Animal,On Roadway,Non-Junction,Y,Not at Intersection,State,Paved,Dry,None, , ,Animal(s) in Roadway, , ,N,N, , , , ,0,0,0,0,0,0,0,1,0,0,0,0,1.000000000000000,0.000000000000000,0,0,0,30000,"Mapped, On Network",-81.270210835599997,28.382007306100000,666975.723132999963127,489175.174286000023130,2/13/2020 2:13:44 PM,6170_8603
4715,4716,1,4715,63334,89502099,2019TA017421,Apopka PD,Long,12/27/2019 0:00:00,01:19 PM,Apopka,Orange,SR-429-TOLL,OCOEE APOPKA RD,481,South,Sideswipe,3,0,0,2,N,Y,N,12000.000000000000000,Cloudy,Daylight,0,Same Direction Sideswipe,N,Injury,Y,"Sideswipe, Same Direction",Motor Vehicle in Transport,On Roadway,Through Roadway,N,Not at Intersection,Turnpike/Toll,Paved,Dry,None, , ,None, , ,N,N, , , , ,0,0,4,0,0,0,0,2,0,0,0,0,0.000000000000000,0.000000000000000,0,1,0,12000,"Mapped, On Network",-81.544092641700004,28.638360774100001,639626.628967999946326,517075.906368999974802,2/14/2020 3:55:03 PM,6255_8434
4716,4717,1,4716,63347,89221848,2019-00433223,Orlando PD,Long,11/24/2019 0:00:00,02:57 AM,Orlando,Orange,EW EBO,S MILLS AV,0,East,Sideswipe,2,0,0,1,N,N,N,20000.000000000000000,Rain,Dark - Lighted,0,Same Direction Sideswipe,E,Injury,Y,"Sideswipe, Same Direction",Motor Vehicle in Transport,On Roadway,Non-Junction,N,Not at Intersection,State,Paved,Wet,Road Surface Condition, , ,Weather Conditions, , ,N,N, , , , ,0,0,1,0,0,0,0,1,0,0,0,0,1.000000000000000,0.000000000000000,0,0,0,20000,"Mapped, On Network",-81.359252924200007,28.538024403100000,657897.665821000002325,506308.263020000013057,1/15/2020 2:55:13 PM,8315_8311
4717,4718,1,4717,63406,88257477,FHPD19OFF106825,FHP,Long,11/24/2019 0:00:00,01:02 AM,Orlando,Orange,SR417,MM30,50,South,Rear End,2,0,0,0,N,N,N,1000.000000000000000,Clear,Dark - Lighted,0,Rear End,N,Property Damage Only,N,Front to Rear,Motor Vehicle in Transport,On Roadway,Non-Junction,N,Not at Intersection,State,Paved,Dry,None, , ,None, , ,N,N, , , , ,0,0,0,0,0,0,0,0,0,0,0,0,0.000000000000000,0.000000000000000,0,0,0,1000,"Mapped, On Network",-81.247658033400000,28.510058234500001,668863.662216000026092,503441.544279999972787,12/18/2019 12:15:19 PM,8557_8553
4718,4719,1,4718,63461,88266459,FHPD19OFF112203,FHP,Long,12/11/2019 0:00:00,12:56 AM,Orlando,Orange,STATE ROAD 417 (CENTRAL FLORIDA GREENEWAY),STATE ROAD 408,300,North,Other,1,0,0,0,N,N,N,24000.000000000000000,Cloudy,Dark - Lighted,0,Single Vehicle,N,Property Damage Only,N,Other,Work Zone/Maintenance Equipment,Shoulder,Non-Junction,Y,Not at Intersection,State,Paved,Wet,Road Surface Condition, , ,Weather Conditions, , ,N,N, , , , ,0,0,0,0,0,0,0,0,0,0,0,0,0.000000000000000,0.000000000000000,0,0,10000,14000,"Mapped, On Network",-81.261684372000005,28.550895182800001,667393.019464000011794,507945.107803000020795,2/14/2020 10:05:45 AM,11876_8570
4719,4720,1,4719,63578,88240182,FHPK19OFF066991,FHP,Short,11/21/2019 0:00:00,04:06 PM,Winter Garden,Orange,SR- 429 (DANIEL WEBSTER WESTERN BELTWAY),MILE MARKER 22,5280,South,Sideswipe,2,0,0,0,N,N,N,2000.000000000000000,Clear,Daylight,0,Same Direction Sideswipe,S,Property Damage Only,N,"Sideswipe, Same Direction",Motor Vehicle in Transport,On Roadway,Non-Junction,N,Not at Intersection,State,Paved,Dry,None, , ,None, , ,N,N, , , , ,0,0,1,0,0,0,0,0,0,0,0,0,0.000000000000000,0.000000000000000,0,1,0,2000,"Mapped, On Network",-81.559680737500003,28.555627300600001,638287.686872999998741,507859.517859000014141,1/29/2020 4:17:25 PM,8423_8507
4720,4721,1,4720,63619,89221072,2019-00418412,Orlando PD,Long,11/12/2019 0:00:00,09:21 AM,Orlando,Orange,SR 417 NBO,LAKE NONA BLVD EXIT RAMP,0, ,Other,7,0,1,4,N,N,N,59300.000000000000000,Clear,Daylight,0,Other,S,Fatality,Y,Other,Motor Vehicle in Transport,On Roadway,Non-Junction,N,Not at Intersection,State,Paved,Dry,None, , ,None, , ,N,N, , , , ,0,0,0,0,0,0,0,1,3,0,1,0,2.000000000000000,0.000000000000000,0,1,800,59300,"Mapped, On Network",-81.283870176199997,28.376533956100001,665653.431988999946043,488537.970758999988902,11/20/2019 9:22:18 AM,8600_8520
4721,4722,1,4721,63644,88221983,FHPD19OFF105145,FHP,Long,11/19/2019 0:00:00,11:45 AM,Orlando Expwy Auth,Orange,SR 417,MM30,300,South,Other,2,0,0,0,N,N,N,1300.000000000000000,Clear,Daylight,0,Other,N,Property Damage Only,N,Other,Other Non-Fixed Object,On Roadway,Non-Junction,N,Not at Intersection,Turnpike/Toll,Paved,Dry,None, , ,None, , ,N,N, , , , ,0,0,1,0,0,0,0,0,0,0,0,0,0.000000000000000,0.000000000000000,0,0,0,1300,"Mapped, On Network",-81.246689654999997,28.507741248100000,668963.987685999949463,503186.404676000005566,12/19/2019 12:38:23 PM,6965_8557
4722,4723,1,4722,63688,88240181,FHPK19OFF066963,FHP,Short,11/21/2019 0:00:00,01:30 PM,Winter Garden,Orange,SR-429 (DANIEL WEBSTER WESTERN BELTWAY),MILE MARKER 18,5280,North,Other,2,0,0,0,N,N,N,2000.000000000000000,Clear,Daylight,0,Other,S,Property Damage Only,N,Other,"Struck by Falling, Shifting Cargo",On Roadway,Non-Junction,N,Not at Intersection,State,Paved,Dry,None, , ,None, , ,N,N, , , , ,0,0,1,0,0,0,0,0,0,0,0,0,0.000000000000000,0.000000000000000,0,1,0,2000,"Mapped, On Network",-81.600317401400005,28.514523763700002,634409.004389000008814,503217.721053000015672,1/28/2020 2:48:11 PM,8492_6233
4723,4724,1,4723,63719,89219171,2019-00413361,Orlando PD,Long,11/7/2019 0:00:00,08:50 PM,Orlando,Orange,SR 408 EASTBOUND,I4,0,East,Sideswipe,2,0,0,0,N,N,N,500.000000000000000,Clear,Dark - Lighted,0,Same Direction Sideswipe, ,Property Damage Only,Y,"Sideswipe, Same Direction",Motor Vehicle in Transport,On Roadway,Non-Junction,N,Not at Intersection,Turnpike/Toll,Paved,Dry,None, , ,None, , ,N,Y,Lane Shift/Crossover,Activity Area, ,N,0,0,0,0,0,0,0,0,0,0,0,0,0.000000000000000,0.000000000000000,0,0,0,500,"Mapped, On Network",-81.383181524700007,28.535133934400001,655567.941599000012502,505937.514568999991752,1/24/2020 3:47:16 PM,6679_6276
4724,4725,1,4724,63728,88260476,FHPD19OFF116313,FHP,Long,12/22/2019 0:00:00,09:02 AM,Orlando,Orange,STATE ROAD 408 WESTBOUND ENTRANCE RAMP,STATE ROAD 417,0,West,Off Road,1,0,0,0,N,Y,N,1000.000000000000000,Rain,Daylight,0,Off Road,W,Property Damage Only,N,Other,Other Fixed Object,On Roadway,Entrance/Exit Ramp,N,Not at Intersection,State,Paved,Wet,None, , ,None, , ,N,N, , , , ,0,0,0,0,0,0,0,0,0,0,0,0,0.000000000000000,0.000000000000000,0,0,0,1000,"Mapped, On Network",-81.273666575700005,28.546548798100002,666233.834505000035278,507436.609424000023864,2/12/2020 2:19:43 PM,6879_6918
4725,4726,1,4725,63741,88171116,FHPK19OFF067640,FHP,Short,11/24/2019 0:00:00,06:45 PM,Unincorporated,Orange,STATE ROAD 429,MILE MARKER 17,0, ,Unknown,2,0,0,0,N,N,N,4000.000000000000000,Clear,Dark - Lighted,0,Unknown, ,Property Damage Only,N,Angle,Motor Vehicle in Transport,On Roadway,Non-Junction,N,Not at Intersection,State,Paved,Dry,None, , ,None, , ,N,N, , , , ,0,0,7,0,0,0,0,0,0,0,0,0,0.000000000000000,0.000000000000000,0,0,0,4000,"Mapped, On Network",-81.615871812799995,28.500638634300000,632919.598814000026323,501646.509138000023086,12/17/2019 1:15:34 PM,6759_6969
4726,4727,1,4726,63778,89220444,2019-00467766,Orlando PD,Long,12/23/2019 0:00:00,05:35 PM,Orlando,Orange,EASTWEST EXPRESSWAY (SR 408) WESTBOUND,EXIT RAMP I4 WEST (EXIT 10A),0,West,Off Road,1,0,0,0,N,N,N,7500.000000000000000,Rain,Dusk,0,Off Road,W,Property Damage Only,Y,Other,Other Traffic Barrier,On Roadway,Non-Junction,Y,Not at Intersection,State,Paved,Wet,Work Zone, , ,Weather Conditions, , ,N,Y,Other,Activity Area,N,N,0,0,0,0,0,0,0,0,0,0,0,0,0.000000000000000,0.000000000000000,0,0,4000,3500,"Mapped, On Network",-81.384083748600005,28.535323325600000,655479.394229999976233,505956.673311999998987,2/13/2020 5:33:15 PM,8274_8272
4727,4728,1,4727,63779,89222025,2019-00472308,Orlando PD,Long,12/28/2019 0:00:00,04:38 AM,Orlando,Orange,EW EBO (SR 408),S MILLS AV EXIT RAMP,3000,West,Off Road,1,0,0,0,N,N,N,4500.000000000000000,Rain,Dark - Lighted,0,Off Road,E,Property Damage Only,Y,Other,Concrete Traffic Barrier,On Roadway,Non-Junction,N,Not at Intersection,State,Paved,Wet,None, , ,Weather Conditions, , ,N,N, , , , ,0,0,0,0,0,0,0,0,0,0,0,0,0.000000000000000,0.000000000000000,0,0,0,4500,"Mapped, On Network",-81.375903757200007,28.536407947899999,656275.596944999997504,506094.073305000027176,2/13/2020 5:43:06 PM,6276_8307
4728,4729,1,4728,63780,89222405,2019-00469237,Orlando PD,Long,12/25/2019 0:00:00,03:18 AM,Orlando,Orange,SR 417 S,BOGGY CREEK ROAD,0,South,Other,2,0,0,0,N,N,N,2000.000000000000000,Rain,Dark - Lighted,0,Backed Into,S,Property Damage Only,Y,Front to Rear,Motor Vehicle in Transport,On Roadway,Entrance/Exit Ramp,N,Not at Intersection,State,Paved,Wet,None, , ,None, , ,N,N, , , , ,0,0,2,0,0,0,0,0,0,0,0,0,0.000000000000000,0.000000000000000,0,0,0,2000,"Mapped, On Network",-81.299801919600000,28.371491509900000,664107.725009000045247,487943.886484000016935,2/14/2020 10:34:28 AM,8601_11015
4729,4730,1,4729,63799,88160277,FHPK19OFF066999,FHP,Short,11/21/2019 0:00:00,04:27 PM,Winter Garden,Orange,STATE 429 (WESTERN BELTWAY),MILE MARKER 16,500,North,Sideswipe,2,0,0,0,N,N,N,1000.000000000000000,Clear,Daylight,0,Same Direction Sideswipe,N,Property Damage Only,N,"Sideswipe, Same Direction",Motor Vehicle in Transport,On Roadway,Non-Junction,N,Not at Intersection,Turnpike/Toll,Paved,Dry,None, , ,None, , ,N,N, , , , ,0,0,0,0,0,0,0,0,0,0,0,0,0.000000000000000,0.000000000000000,0,0,0,1000,"Mapped, On Network",-81.626952655300002,28.486625783499999,631867.125386000028811,500069.702051999978721,12/17/2019 1:15:49 PM,8037_6764
4730,4731,1,4730,63802,89213837,2019-00395668,Orlando PD,Long,10/24/2019 0:00:00,02:21 PM,Orlando,Orange,SR 408 EASTBOUND,SEMORAN TOLL PLAZA,600,West,Sideswipe,2,0,0,2,N,N,N,1000.000000000000000,Clear,Daylight,0,Opposing Sideswipe,EW,Injury,Y,"Sideswipe, Same Direction",Motor Vehicle in Transport,On Roadway,Non-Junction,N,Not at Intersection,State,Paved,Dry,None, , ,None, , ,N,N, , , , ,0,0,5,0,0,0,0,2,0,0,0,0,2.000000000000000,0.000000000000000,0,0,0,1000,"Mapped, On Network",-81.312778218399998,28.539309333799999,662432.604522999958135,506548.979761999973562,12/18/2019 12:49:05 PM,6301_6218
4731,4732,1,4731,63804,89219371,2019-00406697,Orlando PD,Long,11/2/2019 0:00:00,03:45 PM,Orlando,Orange,SR 408 WBO,S ROSALIND AVE,100,East,Rear End,3,0,0,0,N,N,N,12000.000000000000000,Clear,Daylight,0,Rear End,W,Property Damage Only,Y,Front to Rear,Motor Vehicle in Transport,On Roadway,Non-Junction,N,Not at Intersection,State,Paved,Dry,None,None,None,None,None,None,N,N, , , , ,0,0,4,0,0,0,0,0,0,0,0,0,0.000000000000000,0.000000000000000,0,1,0,12000,"Mapped, On Network",-81.375219474299996,28.536815675100001,656341.451842000009492,506140.765837999992073,12/18/2019 12:46:22 PM,6737_6230
4732,4733,1,4732,63961,89221300,2019-00420237,Orlando PD,Short,11/13/2019 0:00:00,06:00 PM,Orlando,Orange,SR 528 EB,S GOLDENROD RD,0,East,Sideswipe,2,0,0,0,N,N,N,1000.000000000000000,Clear,Dark - Lighted,0,Same Direction Sideswipe,E,Property Damage Only,Y,"Sideswipe, Same Direction",Motor Vehicle in Transport,On Roadway,Non-Junction,N,Not at Intersection,State,Paved,Dry,None, , ,None, , ,N,N, , , , ,0,0,1,0,0,0,0,0,0,0,0,0,0.000000000000000,0.000000000000000,0,0,0,1000,"Mapped, On Network",-81.287394999900002,28.449289664599998,665131.013945000013337,496608.431351999985054,12/17/2019 1:53:40 PM,8186_8176
4733,4734,1,4733,64006,89222288,2019-00462783,Orlando PD,Long,12/19/2019 0:00:00,07:38 AM,Orlando,Orange,SR 408 WBO (EAST HOLLAND TOLL PLAZA),SR 408 WBO ENTRANCE FROM ANDES AV,500,West,Sideswipe,2,0,0,0,N,N,N,2000.000000000000000,Clear,Daylight,0,Same Direction Sideswipe,W,Property Damage Only,Y,Angle,Motor Vehicle in Transport,On Roadway,Other,N,Not at Intersection,State,Paved,Dry,None, , ,None, , ,N,N, , , , ,0,0,1,0,0,0,0,0,0,0,0,0,0.000000000000000,0.000000000000000,0,0,0,2000,"Mapped, On Network",-81.324547178600000,28.539431016599998,661283.141902999952435,506537.498803000024054,2/14/2020 10:09:33 AM,6307_6229
4734,4735,1,4734,64007,89222000,2019-00461933,Orlando PD,Long,12/18/2019 0:00:00,02:09 PM,Orlando,Orange,SR 408,ROSALIND AVENUE,0,West,Rear End,3,0,0,0,N,N,N,7000.000000000000000,Clear,Daylight,0,Rear End,W,Property Damage Only,Y,Front to Rear,Motor Vehicle in Transport,On Roadway,Non-Junction,N,Not at Intersection,State,Paved,Dry,None, , ,None, , ,N,N, , , , ,0,0,0,0,0,0,0,0,0,0,0,0,0.000000000000000,0.000000000000000,0,0,0,7000,"Mapped, On Network",-81.375807995000002,28.536748773399999,656284.142473999992944,506132.114442999998573,2/13/2020 2:23:35 PM,6737_6230
4735,4736,1,4735,64150,88261074,FHPD19OFF117095,FHP,Long,12/23/2019 0:00:00,10:50 PM,Orlando,Orange,SR 528,NARCOOSSEE RD,300,West,Rear End,3,0,0,0,N,N,N,4000.000000000000000,Cloudy,Daylight,0,Rear End,E,Property Damage Only,N,Angle,Motor Vehicle in Transport,On Roadway,Entrance/Exit Ramp,Y,Not at Intersection,State,Paved,Wet,None, , ,None, , ,N,N, , , , ,0,0,0,0,0,0,0,0,0,0,0,0,0.000000000000000,0.000000000000000,0,0,0,4000,"Mapped, On Network",-81.269748553100001,28.448440307599999,666857.591518000001088,496552.191837000020314,2/11/2020 9:58:45 AM,8052_8060
4736,4737,1,4736,64203,88160284,FHPK19OFF068667,FHP,Short,11/29/2019 0:00:00,05:40 PM,Ocoee,Orange,STATE ROAD 429 (WESTERN BELTWAY),MILE MARKER 22,5280,South,Sideswipe,2,0,0,0,N,N,N,1000.000000000000000,Clear,Daylight,0,Same Direction Sideswipe,S,Property Damage Only,N,"Sideswipe, Same Direction",Motor Vehicle in Transport,On Roadway,Non-Junction,N,Not at Intersection,Turnpike/Toll,Paved,Dry,None, , ,None, , ,N,N, , , , ,0,0,0,0,0,0,0,0,0,0,0,0,0.000000000000000,0.000000000000000,0,1,0,1000,"Mapped, On Network",-81.557118059900006,28.539357550700000,638573.681345000048168,506057.976962000015192,12/4/2019 1:40:24 PM,8524_6989
4737,4738,1,4737,64354,89221301,2019-00426016,Orlando PD,Long,11/18/2019 0:00:00,06:10 PM,Orlando,Orange,SR 528 EB,S CONWAY RD,0, ,Rear End,4,0,0,0,N,N,N,2000.000000000000000,Clear,Dawn,0,Rear End, ,Property Damage Only,Y,Front to Rear,Motor Vehicle in Transport,On Roadway,Non-Junction,N,Not at Intersection,State,Paved,Dry,None, , ,None, , ,N,N, , , , ,0,0,0,0,0,0,0,0,0,0,0,0,0.000000000000000,0.000000000000000,0,0,0,2000,"Mapped, On Network",-81.333037179599998,28.451052953600001,660666.397136999992654,496706.903142000024673,1/15/2020 2:57:01 PM,8331_8341
4738,4739,1,4738,64382,89220238,2019-00425920,Orlando PD,Long,11/18/2019 0:00:00,04:48 PM,Orlando,Orange,BEELINE EBO (528),NARCOOSSEE RD,150,West,Rear End,3,0,0,2,N,N,N,12500.000000000000000,Clear,Dusk,0,Rear End,E,Injury,Y,Front to Rear,Motor Vehicle in Transport,On Roadway,Non-Junction,N,Not at Intersection,Turnpike/Toll,Paved,Dry,None,None,None,None,None,None,N,N, , , , ,0,0,1,0,0,0,0,2,0,0,0,0,0.000000000000000,0.000000000000000,0,0,0,12500,"Mapped, On Network",-81.271371688000002,28.448458513900000,666698.925805000006221,496550.701775000023190,1/23/2020 4:55:52 PM,6156_8052
4739,4740,1,4739,64404,88261841,FHPD19OFF119240,FHP,Short,12/31/2019 0:00:00,03:27 PM,Orlando,Orange,STATE ROAD 417,LANDSTAR BOULEVARD,5,East,Rear End,2,0,0,0,N,N,N,4200.000000000000000,Clear,Daylight,0,Rear End,E,Property Damage Only,N,Front to Rear,Motor Vehicle in Transport,On Roadway,Non-Junction,N,Not at Intersection,State,Curb,Dry,None, , ,None, , ,N,N, , , , ,0,0,2,0,0,0,0,0,0,0,0,0,0.000000000000000,0.000000000000000,0,1,0,4200,"Mapped, On Network",-81.367290094400005,28.368879867699999,657513.880457999999635,487511.175809999986086,2/13/2020 1:40:25 PM,8484_8486
4740,4741,1,4740,64447,87188074,FHPD19OFF098833,FHP,Long,10/30/2019 0:00:00,07:38 AM,Orlando,Orange,WB SR408,SOUTH CHICKASAW TRAIL,500,East,Rear End,2,0,0,0,N,N,N,2000.000000000000000,Clear,Daylight,0,Rear End,W,Property Damage Only,N,Front to Rear,Motor Vehicle in Transport,On Roadway,Non-Junction,N,Not at Intersection,State,Paved,Dry,None, , ,None, , ,N,N, , , , ,0,0,0,0,0,0,0,0,0,0,0,0,0.000000000000000,0.000000000000000,0,1,0,2000,"Mapped, On Network",-81.275559371800000,28.545771556700000,666050.934814000036567,507346.228220999997575,12/17/2019 1:29:07 PM,6879_6918
4741,4742,1,4741,64448,85556737,FHPD19OFF105417,FHP,Short,11/20/2019 0:00:00,07:28 AM,Unincorporated,Orange,SR408 WB MM19,DEAN ROAD,500,East,Rear End,2,0,0,0,N,Y,N,7934.000000000000000,Clear,Daylight,0,Rear End,W,Property Damage Only,N,Front to Rear,Motor Vehicle in Transport,On Roadway,Non-Junction,N,Not at Intersection,State,Paved,Dry,None, , ,None, , ,N,N, , , , ,0,0,0,0,0,0,0,0,0,0,0,0,0.000000000000000,0.000000000000000,0,1,0,7934,"Mapped, On Network",-81.242930932899995,28.547361973499999,669232.736888000043109,507593.626424000016414,12/17/2019 1:29:35 PM,8005_8013
4742,4743,1,4742,64469,88240184,FHPK19OFF067449,FHP,Short,11/23/2019 0:00:00,05:35 PM,Winter Garden,Orange,SR-429 (DANIEL WEBSTER WESTERN BELTWAY),MILE MARKER 17.5,0, ,Rear End,2,0,0,0,N,N,N,4000.000000000000000,Clear,Dark - Lighted,0,Rear End,S,Property Damage Only,N,Front to Rear,Motor Vehicle in Transport,On Roadway,Non-Junction,N,Not at Intersection,State,Paved,Dry,None, , ,None, , ,N,N, , , , ,0,0,1,0,0,0,0,0,0,0,0,0,0.000000000000000,0.000000000000000,0,1,0,4000,"Mapped, On Network",-81.613705615699999,28.503273471300002,633125.538904999964871,501943.162631999992300,1/28/2020 2:48:42 PM,6233_6759
4743,4744,1,4743,64538,88237566,FHPD19OFF106496,FHP,Long,11/23/2019 0:00:00,04:35 AM,Orlando,Orange,STATE ROAD 408,STATE ROAD 417,50,East,Off Road,1,0,0,1,N,N,N,6000.000000000000000,Clear,Dark - Lighted,0,Off Road,E,Injury,N,Other,Concrete Traffic Barrier,Shoulder,Non-Junction,N,Not at Intersection,State,Curb,Dry,None, , ,None, , ,N,N, , , , ,0,1,0,0,0,0,0,0,0,1,0,0,1.000000000000000,0.000000000000000,0,0,0,6000,"Mapped, On Network",-81.252888456600004,28.547333285000001,668260.598972999956459,507568.740155000006780,1/29/2020 4:23:34 PM,8027_6269
4744,4745,1,4744,64552,89218767,2019-00414591,Orlando PD,Long,11/8/2019 0:00:00,07:35 PM,Orlando,Orange,EBO 408,TAMPA AVE,1000, ,Sideswipe,2,0,0,0,N,Y,N,2500.000000000000000,Rain,Dark - Lighted,0,Same Direction Sideswipe,E,Property Damage Only,Y,"Sideswipe, Same Direction",Motor Vehicle in Transport,On Roadway,Non-Junction,N,Not at Intersection,State,Paved,Wet,None, , ,None, , ,N,N, , , , ,0,0,0,0,0,0,0,0,0,0,0,0,0.000000000000000,0.000000000000000,0,0,0,2500,"Mapped, On Network",-81.401864019000001,28.535129736900000,653743.622525000013411,505898.467424999980722,1/27/2020 3:48:05 PM,8169_8242
4745,4746,1,4745,64554,89220926,2019-00418844,Orlando PD,Long,11/12/2019 0:00:00,03:40 PM,Orlando,Orange,SR 408 WBO,408 WB EXIT RAMP (INTERCHANGE) TO I4 WBO,500,East,Rear End,3,0,0,3,N,Y,N,4250.000000000000000,Clear,Daylight,0,Rear End,W,Injury,Y,Front to Rear,Motor Vehicle in Transport,On Roadway,Entrance/Exit Ramp,Y,Not at Intersection,State,Paved,Dry,None, , ,None, , ,N,Y,Work on Shoulder or Median,Activity Area, ,N,0,0,1,0,0,0,0,3,0,0,0,0,0.000000000000000,0.000000000000000,0,0,0,4250,"Mapped, On Network",-81.382001927000005,28.535302461499999,655682.730752000003122,505958.671527999977116,1/28/2020 12:45:38 PM,8274_8272
4746,4747,1,4746,64581,88156355,FHPK19OFF072065,FHP,Long,12/17/2019 0:00:00,04:00 PM,Winter Garden,Orange,STATE ROAD 429,MILE MARKER 15,0, ,Rear End,2,0,0,1,N,Y,N,1000.000000000000000,Clear,Daylight,0,Rear End,N,Injury,N,Front to Rear,Motor Vehicle in Transport,On Roadway,Non-Junction,N,Not at Intersection,Turnpike/Toll,Paved,Dry,None, , ,None, , ,N,N, , , , ,0,0,0,0,0,0,0,0,1,0,0,0,1.000000000000000,0.000000000000000,0,1,0,1000,"Mapped, On Network",-81.631442297899994,28.473962158799999,631455.513940999982879,498655.152391000010539,2/13/2020 11:27:58 AM,8048_8037
4747,4748,1,4747,64587,89222515,2019-00460218,Orlando PD,Long,12/17/2019 0:00:00,07:10 AM,Orlando,Orange,SR408,MILLS AVE,5280,East,Rear End,2,0,0,0,N,N,N,750.000000000000000,Clear,Daylight,0,Rear End,W,Property Damage Only,Y,Front to Rear,Motor Vehicle in Transport,On Roadway,Non-Junction,N,Not at Intersection,State,Paved,Dry,None, , ,None, , ,N,N, , , , ,0,0,0,0,0,0,0,0,0,0,0,0,0.000000000000000,0.000000000000000,0,0,0,750,"Mapped, On Network",-81.363812356500006,28.537458941200001,657453.797947000013664,506235.952210000017658,2/12/2020 2:21:36 PM,8309_8313