FID,OBJECTID_1,Join_Count,TARGET_FID,OBJECTID,HSMV_Repor,Agency_Rep,Reporting_,Form_Type,Crash_Date,Crash_Time,City,County,Crash_Stre,Intersecti,Offset_Dis,Offset_Dir,Crash_Type,Vehicles,Non_Motori,Fatalities,Injuries,Alcohol_Re,Distractio,Drug_Relat,Estimated_,Weather_Co,Light_Cond,Street_Num,Crash_Ty_1,Crash_Ty_2,Crash_Seve,Within_Cit,Manner_of_,First_Harm,First_HE_L,First_HE_R,First_HE_W,Type_of_In,Road_Sys_I,Type_of_Sh,Road_Surf_,Contrib_Ci,Contrib__1,Contrib__2,Contrib__3,Contrib__4,Contrib__5,School_Bus,Work_Zone_,Type_of_Wo,Loc_in_Wor,Workers_in,Law_Enforc,Mopeds,Motorcycle,Passengers,Bicyclists,Pedestrian,Fataliti_1,Injuries_U,Possible_I,Non_Incapa,Incapacita,Fataliti_2,Non_Traffi,Transporte,Transpor_1,Transpor_2,Citations,Property_D,Vehicle_Dm,S4_Mapping,S4_Decimal,S4_Decim_1,S4_Albers_,S4_Albers1,S4_Mappi_1,zone_id_st
4748,4749,1,4748,64608,89220923,2019-00418391,Orlando PD,Long,11/13/2019 0:00:00,08:56 AM,Orlando,Orange,SR 528 WBO,SR 436 (S SEMORAN BV) EXIT RAMP,1500,East,Rear End,3,0,0,0,N,N,N,15000.000000000000000,Cloudy,Daylight,0,Rear End,W,Property Damage Only,Y,Front to Rear,Motor Vehicle in Transport,On Roadway,Non-Junction,N,Not at Intersection,State,Paved,Dry,None, , ,None, , ,N,N, , , , ,0,0,1,0,0,0,0,0,0,0,0,0,0.000000000000000,0.000000000000000,0,1,0,15000,"Mapped, On Network",-81.295310343200001,28.450741151999999,664353.954322000034153,496752.596161999972537,1/6/2020 3:32:50 PM,8183_6664
4749,4750,1,4749,64629,89220232,2019-00404874,Orlando PD,Long,11/1/2019 0:00:00,02:42 AM,Orlando,Orange,SR 408 W,S CRYSTAL LAKE RD,0,East,Other,1,0,0,0,Y,N,N,10000.000000000000000,Clear,Dark - Lighted,0,Single Vehicle,W,Property Damage Only,Y,Other,Motor Vehicle in Transport,On Roadway,Non-Junction,N,Not at Intersection,Turnpike/Toll,Paved,Dry,None, , ,None, , ,N,N, , , , ,0,0,0,0,0,0,0,0,0,0,0,0,0.000000000000000,0.000000000000000,0,1,0,10000,"Mapped, On Network",-81.340400247100007,28.538558543400001,659737.270971999969333,506407.137518999981694,1/23/2020 3:40:34 PM,8353_6185
4750,4751,1,4750,64634,88261076,FHPD19OFF117098,FHP,Long,12/23/2019 0:00:00,11:01 PM,Orlando,Orange,SR 408,ALAFAYA TRAIL,3000,East,Off Road,1,0,0,1,N,N,N,15000.000000000000000,Cloudy,Dark - Lighted,0,Off Road,W,Injury,N,Other,Utility Pole/Light Support,Off Roadway,Non-Junction,N,Not at Intersection,State,Paved,Wet,Road Surface Condition, , ,None, , ,N,Y,Other,Before the First Work Zone Warning Sign,N,N,0,0,0,0,0,0,0,1,0,0,0,0,1.000000000000000,0.000000000000000,0,0,11000,4000,"Mapped, On Network",-81.195655923199993,28.551883862600000,673837.017834000056610,508199.778897000011057,2/14/2020 10:26:21 AM,6921_8043
4751,4752,1,4751,64708,88221993,FHPD19OFF109891,FHP,Long,12/3/2019 0:00:00,12:00 AM,Orlando Expwy Auth,Orange,SR-429,MM 25,100,North,Off Road,1,0,0,0,N,Y,N,2500.000000000000000,Clear,Dark - Not Lighted,0,Off Road,S,Property Damage Only,N,Other,Ditch,Off Roadway,Non-Junction,N,Not at Intersection,Turnpike/Toll,Paved,Dry,None, , ,None, , ,N,N, , , , ,0,0,0,0,0,0,0,0,0,0,0,0,0.000000000000000,0.000000000000000,0,1,0,2500,"Mapped, On Network",-81.557031120700003,28.573351903900001,638507.384274999960326,509832.671671000018250,1/6/2020 3:56:07 PM,8395_8429
4752,4753,1,4752,64709,88221990,FHPD19OFF109423,FHP,Long,12/2/2019 0:00:00,02:45 PM,Orlando Expwy Auth,Orange,SR 408 ( EAST-WEST EXPY),MM 8,200,West,Sideswipe,2,0,0,0,N,Y,N,2800.000000000000000,Clear,Daylight,0,Same Direction Sideswipe,E,Property Damage Only,N,"Sideswipe, Same Direction",Motor Vehicle in Transport,On Roadway,Non-Junction,N,Not at Intersection,Turnpike/Toll,Paved,Dry,None, , ,None, , ,N,N, , , , ,0,0,1,0,0,0,0,0,0,0,0,0,0.000000000000000,0.000000000000000,0,1,0,2800,"Mapped, On Network",-81.417759889300001,28.545082788999999,652168.255795000004582,506970.961027999990620,1/6/2020 3:56:41 PM,6011_8219
4753,4754,1,4753,64710,88217766,FHPD19OFF109972,FHP,Long,12/4/2019 0:00:00,08:34 AM,Orlando Expwy Auth,Orange,SR-417 (MM24),DOWDEN ROAD,0,South,Rear End,2,0,0,0,N,N,N,1000.000000000000000,Clear,Daylight,0,Rear End,N,Property Damage Only,N,Front to Rear,Motor Vehicle in Transport,On Roadway,Non-Junction,N,Not at Intersection,Turnpike/Toll,Paved,Dry,None, , ,None, , ,N,N, , , , ,0,0,1,0,0,0,0,0,0,0,0,0,0.000000000000000,0.000000000000000,0,0,0,1000,"Mapped, On Network",-81.227683610900002,28.424334808800001,671028.554938000044785,493967.526555999997072,1/23/2020 4:50:44 PM,8540_8538
4754,4755,1,4754,64743,89221194,2019-00450372,Orlando PD,Long,12/9/2019 0:00:00,08:05 AM,Orlando,Orange,SR 408,I4 WEST BOUND,0, ,Rear End,2,0,0,0,N,N,N,3000.000000000000000,Clear,Daylight,0,Rear End,W,Property Damage Only,Y,Front to Rear,Motor Vehicle in Transport,On Roadway,Entrance/Exit Ramp,Y,Not at Intersection,State,Paved,Dry,None, , ,None, , ,N,N, , , , ,0,0,0,0,0,0,0,0,0,0,0,0,0.000000000000000,0.000000000000000,0,0,0,3000,"Mapped, On Network",-81.383401153199998,28.535295983699999,655546.113266999949701,505955.051881999999750,12/24/2019 10:45:11 AM,8274_8272
4755,4756,1,4755,64747,89222395,2019-00456012,Orlando PD,Long,12/13/2019 0:00:00,03:50 PM,Orlando,Orange,EAST-WEST EXPRESSWAY (SR 408) EBO,S MILLS AVE,5280,West,Sideswipe,2,0,0,0,N,N,N,1500.000000000000000,Cloudy,Daylight,0,Same Direction Sideswipe, ,Property Damage Only,Y,"Sideswipe, Same Direction",Motor Vehicle in Transport,On Roadway,Non-Junction,N,Not at Intersection,State,Paved,Dry,None, , ,None, , ,N,N, , , , ,0,0,0,0,0,0,0,0,0,0,0,0,0.000000000000000,0.000000000000000,0,0,0,1500,"Mapped, On Network",-81.380432379100000,28.535177162299998,655836.290748000028543,505948.014759999990929,12/26/2019 3:35:01 PM,6679_6276
4756,4757,1,4756,64780,88243555,FHPD19OFF114478,FHP,Long,12/16/2019 0:00:00,04:40 PM,Orlando Expwy Auth,Orange,STATE ROAD 408 EASTBOUND,MILE MARKER 17,0, ,Rear End,2,0,0,1,N,Y,N,700.000000000000000,Clear,Dark - Lighted,0,Rear End,E,Injury,N,Front to Rear,Motor Vehicle in Transport,On Roadway,Non-Junction,N,Not at Intersection,Turnpike/Toll,Paved,Dry,None, , ,None, , ,N,N, , , , ,0,0,1,0,0,0,0,1,0,0,0,0,1.000000000000000,0.000000000000000,0,1,0,700,"Mapped, On Network",-81.252845689300003,28.547308275999999,668264.836458000005223,507566.056492000003345,2/12/2020 1:35:43 PM,8027_6269
4757,4758,1,4757,64896,88242344,FHPD19OFF110537,FHP,Long,12/5/2019 0:00:00,07:34 PM,Orlando Expwy Auth,Orange,STATE ROAD 528 WB MM30,STATE ROAD 520,0,West,Off Road,1,0,0,0,N,N,N,2500.000000000000000,Clear,Dark - Not Lighted,0,Off Road,W,Property Damage Only,N,Other,Cable Barrier,Median,Non-Junction,N,Not at Intersection,Turnpike/Toll,Paved,Dry,None, , ,None, , ,N,N, , , , ,0,0,0,0,0,0,0,0,0,0,0,0,0.000000000000000,0.000000000000000,0,0,500,2000,"Mapped, On Network",-80.995867846199999,28.452607476499999,693610.646519999951124,497637.256759000010788,1/15/2020 11:12:22 AM,8091_5943
4758,4759,1,4758,65004,88252568,FHPD19OFF107371,FHP,Short,11/25/2019 0:00:00,05:59 PM,Orlando Expwy Auth,Orange,STATE RD 417,UNIVERSITY BLVD,5280,South,Rear End,2,0,0,0,N,N,N,3000.000000000000000,Clear,Dusk,0,Rear End,S,Property Damage Only,N,Front to Rear,Motor Vehicle in Transport,On Roadway,Non-Junction,N,Not at Intersection,Turnpike/Toll,Paved,Dry,None, , ,None, , ,N,Y,Work on Shoulder or Median,Activity Area,N,N,0,0,0,0,0,0,0,0,0,0,0,0,0.000000000000000,0.000000000000000,0,1,0,3000,"Mapped, On Network",-81.253052909900006,28.590771352899999,668137.091224999981932,512391.226375999976881,2/7/2020 2:14:17 PM,8118_8456
4759,4760,1,4759,65021,89220395,2019-00424763,Orlando PD,Long,11/17/2019 0:00:00,06:24 PM,Orlando,Orange,EAST WEST EXPRESSWAY EB,SEMORAN BLVD,500,West,Rear End,2,0,0,0,N,N,N,5300.000000000000000,Clear,Dark - Lighted,0,Rear End,E,Property Damage Only,Y,Front to Rear,Motor Vehicle in Transport,On Roadway,Non-Junction,N,Not at Intersection,State,Paved,Dry,None, , ,None, , ,N,N, , , , ,0,0,3,0,0,0,0,0,0,0,0,0,0.000000000000000,0.000000000000000,0,0,0,5300,"Mapped, On Network",-81.328189572200003,28.538472874299998,660929.788907999987714,506423.404074000020046,1/28/2020 8:14:53 PM,8355_8348
4760,4761,1,4760,65029,89220896,2019-00456676,Orlando PD,Long,12/14/2019 0:00:00,05:40 AM,Orlando,Orange,S.R. 528 WEST / BEE LINE EXPRESSWAY - OFF RAMP,S.R. 436 / S. SEMORAN BOULEVARD,900,South,Sideswipe,2,0,0,0,N,N,N,1600.000000000000000,Clear,Dark - Lighted,0,Same Direction Sideswipe,W,Property Damage Only,Y,"Sideswipe, Same Direction",Motor Vehicle in Transport,On Roadway,Non-Junction,N,Not at Intersection,State,Paved,Dry,None, , ,None, , ,N,N, , , , ,0,0,0,0,0,0,0,0,0,0,0,0,0.000000000000000,0.000000000000000,0,0,0,1600,"Mapped, On Network",-81.312096963800002,28.451543994300000,662711.562366000027396,496805.861334000015631,12/26/2019 3:27:29 PM,6602_7054
4761,4762,1,4761,65038,89217809,2019-00410642,Orlando PD,Long,11/9/2019 0:00:00,08:40 PM,Orlando,Orange,STATE ROAD 408,INTERSTATE 4,10,East,Sideswipe,2,0,0,0,N,N,N,2000.000000000000000,Clear,Dark - Lighted,0,Same Direction Sideswipe, ,Property Damage Only,Y,"Sideswipe, Same Direction",Motor Vehicle in Transport,On Roadway,Non-Junction,N,Not at Intersection,State,Paved,Dry,None, , ,None, , ,N,N, , , , ,0,0,0,0,0,0,0,0,0,0,0,0,0.000000000000000,0.000000000000000,0,0,0,2000,"Mapped, On Network",-81.385884483200002,28.535030414300000,655304.244173999992199,505920.421671000018250,1/23/2020 4:03:47 PM,6679_6276
4762,4763,1,4762,65121,89219613,2019-00401021,Orlando PD,Short,10/29/2019 0:00:00,07:20 AM,Orlando,Orange,SR 528 WEST,TRADEPORT DR/CONWAY RD EXIT,1000,East,Off Road,2,0,0,0,N,Y,N,3500.000000000000000,Cloudy,Daylight,0,Off Road,W,Property Damage Only,Y,"Sideswipe, Same Direction",Guardrail Face,Shoulder,Non-Junction,N,Not at Intersection,State,Paved,Dry,None, , ,None, , ,N,N, , , , ,0,0,0,0,0,0,0,0,0,0,0,0,0.000000000000000,0.000000000000000,0,0,0,3500,"Mapped, On Network",-81.330249233200007,28.451431570899999,660937.935537999961525,496754.837521000008564,1/23/2020 3:58:33 PM,8344_8336
4763,4764,1,4763,65171,88221991,FHPD19OFF109542,FHP,Long,12/2/2019 0:00:00,07:00 PM,Orlando Expwy Auth,Orange,SR 429,MM34,300,South,Rear End,2,0,0,2,N,N,N,12000.000000000000000,Clear,Dark - Not Lighted,0,Rear End,N,Injury,N,Front to Rear,Motor Vehicle in Transport,On Roadway,Non-Junction,N,Not at Intersection,Turnpike/Toll,Paved,Dry,None, , ,None, , ,N,N, , , , ,0,0,0,0,0,0,0,0,1,1,0,0,2.000000000000000,0.000000000000000,0,0,0,12000,"Mapped, On Network",-81.558981597100001,28.694800612600002,638050.015770000056364,523313.733607999980450,1/6/2020 3:57:56 PM,5881_5879
4764,4765,1,4764,65220,88242343,FHPD19OFF110451,FHP,Long,12/5/2019 0:00:00,05:03 PM,Orlando Expwy Auth,Orange,STATE ROAD 408 EB MM19,STATE ROAD 417,0, ,Sideswipe,2,0,0,0,N,N,N,1000.000000000000000,Clear,Daylight,0,Same Direction Sideswipe,E,Property Damage Only,N,"Sideswipe, Same Direction",Motor Vehicle in Transport,On Roadway,Non-Junction,N,Not at Intersection,Turnpike/Toll,Paved,Dry,None, , ,None, , ,N,Y,Work on Shoulder or Median,Activity Area,N,N,0,0,0,0,0,0,0,0,0,0,0,0,0.000000000000000,0.000000000000000,0,0,0,1000,"Mapped, On Network",-81.259343127899996,28.547300810599999,667630.472258999943733,507551.109450999996625,1/14/2020 2:25:50 PM,7015_8033
4765,4766,1,4765,65237,88243538,FHPD19OFF107364,FHP,Long,11/25/2019 0:00:00,05:45 PM,Orlando,Orange,STATE ROAD 417 NORTHBOUND,MILE MARKER 15,0, ,Rear End,2,0,0,0,N,Y,N,8000.000000000000000,Clear,Dusk,0,Rear End,N,Property Damage Only,N,Front to Rear,Motor Vehicle in Transport,On Roadway,Non-Junction,N,Not at Intersection,Turnpike/Toll,Paved,Dry,None, , ,None, , ,N,N, , , , ,0,0,0,0,0,0,0,0,0,0,0,0,0.000000000000000,0.000000000000000,0,1,0,8000,"Mapped, On Network",-81.339315963000004,28.368316561000000,660251.048133000032976,487507.359196999983396,2/5/2020 11:33:15 AM,6323_6700
4766,4767,1,4766,65259,88217780,FHPD19OFF114664,FHP,Long,12/17/2019 0:00:00,10:00 AM,Orlando Expwy Auth,Orange,SR-417 (MM31),SR-408,10560,South,Rear End,3,0,0,1,N,N,N,8800.000000000000000,Cloudy,Daylight,0,Rear End,N,Injury,N,Front to Rear,Motor Vehicle in Transport,On Roadway,Non-Junction,N,Not at Intersection,Turnpike/Toll,Paved,Dry,None, , ,None, , ,N,N, , , , ,0,0,1,0,0,0,0,0,1,0,0,0,1.000000000000000,0.000000000000000,0,3,0,8800,"Mapped, On Network",-81.250432794199995,28.517357421200000,668574.580460999975912,504245.914955999993253,12/23/2019 6:16:18 PM,8553_6689
4767,4768,1,4767,65264,89501990,2019TA015898,Apopka PD,Long,11/27/2019 0:00:00,06:45 PM,Apopka,Orange,SR 429,US 441,0,South,Rear End,3,0,0,0,N,N,N,20000.000000000000000,Clear,Dark - Lighted,0,Rear End,S,Property Damage Only,Y,Front to Rear,Motor Vehicle in Transport,On Roadway,Through Roadway,N,Other,State,Paved,Dry,None, , ,None, , ,N,N, , , , ,0,0,8,0,0,0,0,0,0,0,0,0,0.000000000000000,0.000000000000000,0,0,0,20000,"Mapped, On Network",-81.559267921599996,28.694500646900000,638022.756133000017144,523279.874996000027750,12/4/2019 3:37:55 PM,6116_5880
4768,4769,1,4768,65280,88250333,FHPD19OFF104214,FHP,Long,11/16/2019 0:00:00,12:48 AM,Orlando,Orange,STATE ROAD 528 - BEACHLINE EXPRESSWAY,STATE ROAD 15 - NARCOOSSEE ROAD,0,West,Other,1,0,0,0,N,N,N,3000.000000000000000,Rain,Dark - Lighted,0,Single Vehicle,E,Property Damage Only,N,Other,Other Non-Fixed Object,On Roadway,Non-Junction,N,Not at Intersection,State,Paved,Wet,None, , ,None, , ,N,Y,Work on Shoulder or Median,Transition Area,N,N,0,0,2,0,0,0,0,0,0,0,0,0,0.000000000000000,0.000000000000000,0,0,0,3000,"Mapped, On Network",-81.270400849699996,28.448450049100000,666793.821842000004835,496551.861995999992359,1/23/2020 5:01:03 PM,6156_8052
4769,4770,1,4769,65316,88252563,FHPD19OFF105617,FHP,Short,11/20/2019 0:00:00,04:50 PM,Orlando Expwy Auth,Orange,STATE RD 417 EXIT LANE,STATE RD 408,0,South,Sideswipe,2,0,0,0,N,N,N,600.000000000000000,Clear,Daylight,0,Same Direction Sideswipe,N,Property Damage Only,N,"Sideswipe, Same Direction",Motor Vehicle in Transport,On Roadway,Entrance/Exit Ramp,Y,Not at Intersection,Turnpike/Toll,Paved,Dry,None, , ,None, , ,N,Y,Work on Shoulder or Median,Activity Area,N,N,0,0,0,0,0,0,0,0,0,0,0,0,0.000000000000000,0.000000000000000,0,2,0,600,"Mapped, On Network",-81.254830842199993,28.544663555100001,668077.552469999995083,507268.100588999979664,1/31/2020 4:28:01 PM,6035_2529
4770,4771,1,4770,65321,88261055,FHPD19OFF113930,FHP,Long,12/14/2019 0:00:00,09:17 PM,Orlando,Orange,SR 528,INNOVATION WAY,2500,East,Rear End,2,0,0,0,N,N,N,3000.000000000000000,Clear,Dark - Lighted,0,Rear End,E,Property Damage Only,N,Front to Rear,Motor Vehicle in Transport,On Roadway,Non-Junction,Y,Not at Intersection,State,Paved,Dry,None, , ,None, , ,N,N, , , , ,0,0,2,0,0,0,0,0,0,0,0,0,0.000000000000000,0.000000000000000,0,0,0,3000,"Mapped, On Network",-81.162415331999995,28.451539963100000,677338.714007999980822,497133.175907000026200,12/24/2019 10:03:46 AM,8095_8101
4771,4772,1,4771,65347,88163841,FHPK19OFF065703,FHP,Short,11/14/2019 0:00:00,06:05 PM,Unincorporated,Orange,STATE ROAD 408(EAST WEST EXPRESSWAY),WEST COLONIAL DRIVE,0,East,Rear End,2,0,0,0,N,N,N,6000.000000000000000,Clear,Dusk,0,Rear End,W,Property Damage Only,N,Front to Rear,Motor Vehicle in Transport,On Roadway,Non-Junction,N,Not at Intersection,Turnpike/Toll,Paved,Dry,None, , ,None, , ,N,N, , , , ,0,0,2,0,0,0,0,0,0,0,0,0,0.000000000000000,0.000000000000000,0,1,0,6000,"Mapped, On Network",-81.509216268399996,28.545325356599999,643237.790174999972805,506814.184474000008777,1/28/2020 1:50:58 PM,8114_8152
4772,4773,1,4772,65362,89222469,2019-00459050,Orlando PD,Long,12/16/2019 0:00:00,08:00 AM,Orlando,Orange,SR408,N MILLS AVE,75,East,Rear End,2,0,0,0,N,N,N,4000.000000000000000,Clear,Daylight,0,Rear End,W,Property Damage Only,Y,Front to Rear,Motor Vehicle in Transport,On Roadway,Non-Junction,N,Not at Intersection,State,Paved,Dry,None, , ,None, , ,N,N, , , , ,0,0,2,0,0,0,0,0,0,0,0,0,0.000000000000000,0.000000000000000,0,0,0,4000,"Mapped, On Network",-81.363918406300002,28.537435701500002,657443.497714000055566,506233.150487000006251,2/12/2020 2:13:13 PM,8309_8313
4773,4774,1,4773,65404,88242345,FHPD19OFF110841,FHP,Short,12/6/2019 0:00:00,04:36 PM,Orlando Expwy Auth,Orange,STATE ROAD 417 NB,MOSS PARK RD,0,North,Rear End,2,0,0,0,N,N,N,4000.000000000000000,Clear,Daylight,0,Rear End,N,Property Damage Only,N,Front to Rear,Motor Vehicle in Transport,On Roadway,Non-Junction,N,Not at Intersection,Turnpike/Toll,Paved,Dry,None, , ,None, , ,N,N, , , , ,0,0,0,0,0,0,0,0,0,0,0,0,0.000000000000000,0.000000000000000,0,1,0,4000,"Mapped, On Network",-81.227016964399994,28.418169777700001,671109.111849999986589,493284.497616000007838,1/14/2020 2:23:23 PM,8533_8540
4774,4775,1,4774,65424,88217758,FHPD19OFF106597,FHP,Short,11/23/2019 0:00:00,01:13 PM,Orlando Expwy Auth,Orange,SR-417 (MM32),CURRY FORD ROAD,10560,North,Sideswipe,2,0,0,0,N,N,N,2000.000000000000000,Clear,Daylight,0,Same Direction Sideswipe,S,Property Damage Only,N,"Sideswipe, Same Direction",Motor Vehicle in Transport,On Roadway,Non-Junction,N,Not at Intersection,Turnpike/Toll,Paved,Dry,None, , ,None, , ,N,N, , , , ,0,0,0,0,0,0,0,0,0,0,0,0,0.000000000000000,0.000000000000000,0,0,0,2000,"Mapped, On Network",-81.251826863500000,28.540396063399999,668381.416424999944866,506800.822428999992553,2/5/2020 10:54:36 AM,6251_11709
4775,4776,1,4775,65425,88217757,FHPD19OFF106314,FHP,Long,11/22/2019 0:00:00,04:29 PM,Orlando Expwy Auth,Orange,SR-417 (MM37),UNIVERSITY BLVD,5280,North,Rear End,2,0,0,0,N,N,N,5400.000000000000000,Clear,Daylight,0,Rear End,S,Property Damage Only,N,Front to Rear,Motor Vehicle in Transport,On Roadway,Non-Junction,N,Not at Intersection,Turnpike/Toll,Paved,Dry,None, , ,None, , ,N,Y,Work on Shoulder or Median,Advance Warning Area,N,N,0,0,1,0,0,0,0,0,0,0,0,0,0.000000000000000,0.000000000000000,0,1,0,5400,"Mapped, On Network",-81.257409995000003,28.608185095500001,667668.846959999995306,514315.170022999984212,2/4/2020 4:30:30 PM,6052_8088
4776,4777,1,4776,65427,88217754,FHPD19OFF105001,FHP,Long,11/18/2019 0:00:00,09:06 PM,Orlando Expwy Auth,Orange,SR-417 (MM35),ECONLOCKHATCHEE TRAIL,0,North,Rear End,2,0,0,1,N,N,N,7800.000000000000000,Clear,Dark - Lighted,0,Rear End,S,Injury,N,Front to Rear,Motor Vehicle in Transport,On Roadway,Non-Junction,N,Not at Intersection,Turnpike/Toll,Paved,Dry,None, , ,None, , ,N,Y,Lane Closure,Advance Warning Area,Y,Y,0,0,0,0,0,0,0,1,0,0,0,0,0.000000000000000,0.000000000000000,0,1,0,7800,"Mapped, On Network",-81.260852574300003,28.581034443899998,667399.887280000024475,511293.220730000000913,2/4/2020 4:35:27 PM,6789_6691
4777,4778,1,4777,65482,88217779,FHPD19OFF114621,FHP,Long,12/17/2019 0:00:00,07:44 AM,Orlando Expwy Auth,Orange,SR-528 WB RAMP,SR-417 NB,0,East,Off Road,1,0,0,1,N,N,N,5000.000000000000000,Cloudy,Daylight,0,Off Road,W,Injury,N,Other,Embankment,Off Roadway,Entrance/Exit Ramp,N,Not at Intersection,Turnpike/Toll,Paved,Dry,None, , ,None, , ,N,N, , , , ,0,0,0,0,0,0,0,0,1,0,0,0,1.000000000000000,0.000000000000000,0,0,0,5000,"Mapped, On Network",-81.220435642200002,28.451641627899999,671668.664131999947131,497015.307600000000093,2/12/2020 1:41:51 PM,6320_6667
4778,4779,1,4778,65485,89222296,2019-00451566,Orlando PD,Long,12/10/2019 0:00:00,06:53 AM,Orlando,Orange,SR 408 WEST,ROSALIND AVE. EXIT RAMP,1000,West,Rear End,3,0,0,1,N,N,N,13000.000000000000000,Clear,Daylight,0,Rear End,W,Injury,Y,Front to Rear,Motor Vehicle in Transport,On Roadway,Non-Junction,N,Not at Intersection,State,Paved,Dry,None, , ,None, , ,N,N, , , , ,0,0,0,0,0,0,0,1,0,0,0,0,0.000000000000000,0.000000000000000,0,1,0,13000,"Mapped, On Network",-81.370397618499993,28.537301993300002,656811.141252000001259,506204.794762999983504,2/13/2020 11:59:45 AM,8313_6737
4779,4780,1,4779,65495,88243537,FHPD19OFF107346,FHP,Short,11/25/2019 0:00:00,04:50 PM,Orlando Expwy Auth,Orange,STATE ROAD 417 NORTHBOUND,MILE MARKER 7,0, ,Rear End,2,0,0,0,N,Y,N,5000.000000000000000,Clear,Daylight,0,Rear End,N,Property Damage Only,N,Front to Rear,Motor Vehicle in Transport,On Roadway,Non-Junction,N,Not at Intersection,Turnpike/Toll,Paved,Dry,None, , ,None, , ,N,N, , , , ,0,0,0,0,0,0,0,0,0,0,0,0,0.000000000000000,0.000000000000000,0,1,0,5000,"Mapped, On Network",-81.442394637099994,28.359738672100001,650189.784914999967441,486341.600481999979820,2/5/2020 11:57:59 AM,8292_6975
4780,4781,1,4780,65501,89220500,2019-00415486,Orlando PD,Long,11/9/2019 0:00:00,05:00 PM,Orlando,Orange,408 E,TAMPA AVE EXIT,200,South,Rear End,2,0,0,0,N,N,N,3500.000000000000000,Clear,Dawn,0,Rear End,E,Property Damage Only,Y,Front to Rear,Motor Vehicle in Transport,On Roadway,Non-Junction,N,Not at Intersection,Turnpike/Toll,Paved,Dry,None, , ,None, , ,N,N, , , , ,0,0,1,0,0,0,0,0,0,0,0,0,0.000000000000000,0.000000000000000,0,0,0,3500,"Mapped, On Network",-81.407222051399998,28.537529054699998,653214.812278999947011,506153.853073999984190,1/8/2020 9:17:58 AM,8169_8242
4781,4782,1,4781,65567,88242354,FHPD19OFF114468,FHP,Short,12/16/2019 0:00:00,05:16 PM,Orlando Expwy Auth,Orange,STATE ROAD 417 NB MM8,HUNTERS VISTA BLVD,200,North,Rear End,2,0,0,0,N,N,N,4000.000000000000000,Clear,Daylight,0,Rear End,N,Property Damage Only,N,Front to Rear,Motor Vehicle in Transport,On Roadway,Non-Junction,N,Not at Intersection,Turnpike/Toll,Paved,Dry,None, , ,None, , ,N,N, , , , ,0,0,0,0,0,0,0,0,0,0,0,0,0.000000000000000,0.000000000000000,0,2,0,4000,"Mapped, On Network",-81.450720784400005,28.357371652900000,649380.855694000027142,486061.917840000009164,2/12/2020 1:26:04 PM,6916_6959
4782,4783,1,4782,65583,89221997,2019-00455831,Orlando PD,Long,12/13/2019 0:00:00,12:25 PM,Orlando,Orange,STATE ROAD 408,S SUMMERLIN AVENUE,0, ,Rear End,2,0,0,0,N,N,N,20000.000000000000000,Rain,Daylight,0,Rear End,W,Property Damage Only,Y,Front to Rear,Motor Vehicle in Transport,On Roadway,Non-Junction,N,Not at Intersection,State,Paved,Wet,None, , ,None, , ,N,N, , , , ,0,0,0,0,0,0,0,0,0,0,0,0,0.000000000000000,0.000000000000000,0,1,0,20000,"Mapped, On Network",-81.368319254400006,28.537289120499999,657014.117290999973193,506207.695531999983359,1/6/2020 2:48:25 PM,8313_6737
4783,4784,1,4783,65588,88221982,FHPD19OFF104499,FHP,Long,11/17/2019 0:00:00,09:30 AM,Orlando Expwy Auth,Orange,SR 408 (EAST-WEST EXPY) RAMP,SR 423 (JOHN YOUNG PARKWAY),50,West,Off Road,1,0,0,0,N,N,N,4500.000000000000000,Clear,Daylight,0,Off Road,E,Property Damage Only,N,Other,Other Fixed Object,Shoulder,Non-Junction,N,Not at Intersection,Turnpike/Toll,Paved,Dry,None, , ,None, , ,N,N, , , , ,0,0,0,0,0,0,0,0,0,0,0,0,0.000000000000000,0.000000000000000,0,0,500,4000,"Mapped, On Network",-81.415742210499999,28.543963572500001,652367.867687999969348,506850.820417999988422,1/30/2020 4:36:39 PM,8219_8213
4784,4785,1,4784,65598,88242335,FHPD19OFF107194,FHP,Long,11/25/2019 0:00:00,08:17 AM,Orlando Expwy Auth,Orange,STATE ROAD 417 NB MM29,LEE VISTA BLVD,0,North,Rear End,2,0,0,1,N,N,N,5000.000000000000000,Clear,Daylight,0,Rear End,N,Injury,Y,Front to Rear,Motor Vehicle in Transport,On Roadway,Non-Junction,N,Not at Intersection,Turnpike/Toll,Paved,Dry,None, , ,None, , ,N,N, , , , ,0,0,0,0,0,0,0,0,1,0,0,0,1.000000000000000,0.000000000000000,0,1,0,5000,"Mapped, On Network",-81.240995230199999,28.484233941700001,669578.573762999963947,500588.859227999986615,2/5/2020 12:05:51 PM,8386_6314
4785,4786,1,4785,65613,88243558,FHPD19OFF116110,FHP,Long,12/21/2019 0:00:00,05:15 PM,Orlando Expwy Auth,Orange,STATE ROAD 408 EASTBOUND,MILE MARKER 15,0, ,Rear End,2,0,0,0,N,Y,N,18000.000000000000000,Cloudy,Dark - Lighted,0,Rear End,E,Property Damage Only,N,Front to Rear,Motor Vehicle in Transport,On Roadway,Non-Junction,N,Not at Intersection,Turnpike/Toll,Paved,Wet,None, , ,None, , ,N,N, , , , ,0,0,2,0,0,0,0,0,0,0,0,0,0.000000000000000,0.000000000000000,0,1,0,18000,"Mapped, On Network",-81.300587745499996,28.539504717800000,663622.454722000053152,506596.675191999995150,12/24/2019 10:48:50 AM,6235_6881