FID,OBJECTID_1,Join_Count,TARGET_FID,OBJECTID,HSMV_Repor,Agency_Rep,Reporting_,Form_Type,Crash_Date,Crash_Time,City,County,Crash_Stre,Intersecti,Offset_Dis,Offset_Dir,Crash_Type,Vehicles,Non_Motori,Fatalities,Injuries,Alcohol_Re,Distractio,Drug_Relat,Estimated_,Weather_Co,Light_Cond,Street_Num,Crash_Ty_1,Crash_Ty_2,Crash_Seve,Within_Cit,Manner_of_,First_Harm,First_HE_L,First_HE_R,First_HE_W,Type_of_In,Road_Sys_I,Type_of_Sh,Road_Surf_,Contrib_Ci,Contrib__1,Contrib__2,Contrib__3,Contrib__4,Contrib__5,School_Bus,Work_Zone_,Type_of_Wo,Loc_in_Wor,Workers_in,Law_Enforc,Mopeds,Motorcycle,Passengers,Bicyclists,Pedestrian,Fataliti_1,Injuries_U,Possible_I,Non_Incapa,Incapacita,Fataliti_2,Non_Traffi,Transporte,Transpor_1,Transpor_2,Citations,Property_D,Vehicle_Dm,S4_Mapping,S4_Decimal,S4_Decim_1,S4_Albers_,S4_Albers1,S4_Mappi_1,zone_id_st
4786,4787,1,4786,65614,88242359,FHPD19OFF115777,FHP,Long,12/20/2019 0:00:00,03:39 PM,Orlando Expwy Auth,Orange,STATE ROAD 429 NB MM25,WEST RD,5280,South,Rear End,2,0,0,1,N,N,N,3000.000000000000000,Cloudy,Daylight,0,Rear End,N,Injury,N,Front to Rear,Motor Vehicle in Transport,On Roadway,Non-Junction,N,Not at Intersection,Turnpike/Toll,Paved,Dry,None, , ,None, , ,N,N, , , , ,0,0,0,0,0,0,0,0,1,0,0,0,1.000000000000000,0.000000000000000,0,2,0,3000,"Mapped, On Network",-81.556689866900001,28.594335072900002,638494.527912999968976,512163.169906000024639,12/24/2019 10:54:44 AM,6089_6220
4787,4788,1,4787,65663,89222208,2019-00456962,Orlando PD,Long,12/14/2019 0:00:00,12:47 PM,Orlando,Orange,SR 408 EBO,CRYSTAL LAKE DRIVE,0, ,Sideswipe,2,0,0,0,N,N,N,750.000000000000000,Clear,Daylight,0,Same Direction Sideswipe, ,Property Damage Only,Y,"Sideswipe, Same Direction",Motor Vehicle in Transport,On Roadway,Non-Junction,N,Not at Intersection,State,Unpaved,Dry,None, , ,None, , ,N,N, , , , ,0,0,0,0,0,0,0,0,0,0,0,0,0.000000000000000,0.000000000000000,0,0,0,750,"Mapped, On Network",-81.343289871400003,28.538445828299999,659455.382790999952704,506388.539634999993723,12/27/2019 10:53:14 AM,8353_6185
4788,4789,1,4788,65664,88242342,FHPD19OFF110167,FHP,Short,12/4/2019 0:00:00,06:06 PM,Orlando Expwy Auth,Orange,STATE ROAD 408 EB MM19,STATE ROAD 417,0, ,Rear End,2,0,0,0,N,N,N,2000.000000000000000,Clear,Dark - Lighted,0,Rear End,E,Property Damage Only,N,Front to Rear,Motor Vehicle in Transport,On Roadway,Non-Junction,N,Not at Intersection,Turnpike/Toll,Paved,Dry,None, , ,None, , ,N,Y,Work on Shoulder or Median,Activity Area,N,N,0,0,1,0,0,0,0,0,0,0,0,0,0.000000000000000,0.000000000000000,0,1,0,2000,"Mapped, On Network",-81.253101571200006,28.547301379800000,668239.870298999943770,507564.734180000028573,1/14/2020 2:26:38 PM,8027_6269
4789,4790,1,4789,65697,88203844,FHPD19OFF105771,FHP,Short,11/21/2019 0:00:00,07:00 AM,Orlando Expwy Auth,Orange,EB SR-408,DEAN RD,0,East,Sideswipe,2,0,0,0,N,N,N,210.000000000000000,Cloudy,Daylight,0,Same Direction Sideswipe,E,Property Damage Only,Y,"Sideswipe, Same Direction",Motor Vehicle in Transport,On Roadway,Non-Junction,N,Not at Intersection,Turnpike/Toll,Paved,Dry,None, , ,None, , ,N,N, , , , ,0,0,0,0,0,0,0,0,0,0,0,0,0.000000000000000,0.000000000000000,0,1,0,210,"Mapped, On Network",-81.250567839400006,28.547290210900002,668487.280706000048667,507569.008166000014171,1/28/2020 8:27:27 PM,8027_6269
4790,4791,1,4790,65700,88221987,FHPD19OFF106882,FHP,Long,11/24/2019 0:00:00,06:15 AM,Orlando Expwy Auth,Orange,SR-528,MM25,300,West,Off Road,1,0,0,0,N,Y,N,5750.000000000000000,Rain,Dark - Lighted,0,Off Road,E,Property Damage Only,N,Other,Cable Barrier,Off Roadway,Non-Junction,N,Not at Intersection,Turnpike/Toll,Paved,Wet,None, , ,None, , ,N,N, , , , ,0,0,0,0,0,0,0,0,0,0,0,0,0.000000000000000,0.000000000000000,0,1,1250,4500,"Mapped, On Network",-81.075708232500006,28.451772188200000,685811.081164999981411,497356.945040000020526,2/5/2020 12:23:50 PM,8109_6321
4791,4792,1,4791,65701,88221986,FHPD19OFF106602,FHP,Long,11/23/2019 0:00:00,01:05 PM,Orlando Expwy Auth,Orange,SR 408 (EAST-WEST EXPY),MM 7,300,West,Rear End,2,0,0,1,N,Y,N,8900.000000000000000,Clear,Daylight,0,Rear End,E,Injury,N,Front to Rear,Motor Vehicle in Transport,On Roadway,Non-Junction,N,Not at Intersection,Turnpike/Toll,Paved,Dry,None, , ,None, , ,N,N, , , , ,0,0,1,0,0,0,0,1,0,0,0,0,1.000000000000000,0.000000000000000,0,1,0,8900,"Mapped, On Network",-81.426177460999995,28.545789017699999,651344.721816999954171,507032.189529999974184,2/6/2020 8:54:52 PM,8237_6011
4792,4793,1,4792,65745,88221992,FHPD19OFF109814,FHP,Short,12/3/2019 0:00:00,06:00 PM,Orlando Expwy Auth,Orange,SR 408 EAST-WEST EXPY RAMP,MM17,100,West,Rear End,2,0,0,0,N,Y,N,1700.000000000000000,Clear,Dark - Lighted,0,Rear End,E,Property Damage Only,N,Front to Rear,Motor Vehicle in Transport,On Roadway,Non-Junction,N,Not at Intersection,Turnpike/Toll,Paved,Dry,None, , ,None, , ,N,N, , , , ,0,0,0,0,0,0,0,0,0,0,0,0,0.000000000000000,0.000000000000000,0,1,0,1700,"Mapped, On Network",-81.288921767500000,28.539944635700000,664760.487684999941848,506670.512334000028204,1/6/2020 3:56:23 PM,8427_6883
4793,4794,1,4793,65746,88217767,FHPD19OFF110024,FHP,Long,12/4/2019 0:00:00,10:37 AM,Orlando Expwy Auth,Orange,SR-417 (MM36),UNIVERSITY BLVD,0,South,Head On,3,0,0,0,N,N,N,4700.000000000000000,Clear,Daylight,0,Head On,S,Property Damage Only,N,Angle,Motor Vehicle in Transport,On Roadway,Non-Junction,N,Not at Intersection,Turnpike/Toll,Paved,Dry,None, , ,None, , ,N,Y,Work on Shoulder or Median,Advance Warning Area,Y,N,0,0,0,0,0,0,0,0,0,0,0,0,0.000000000000000,0.000000000000000,0,1,0,4700,"Mapped, On Network",-81.249788878800004,28.597121388700000,668439.923026000033133,513103.358117999974638,1/6/2020 3:56:53 PM,8120_8585
4794,4795,1,4794,65766,88252569,FHPD19OFF107397,FHP,Short,11/25/2019 0:00:00,06:47 PM,Orlando Expwy Auth,Orange,STATE RD 417,UNIVERSITY BLVD,100,South,Rear End,2,0,0,0,N,N,N,5000.000000000000000,Clear,Dusk,0,Rear End,S,Property Damage Only,N,Front to Rear,Motor Vehicle in Transport,On Roadway,Non-Junction,N,Not at Intersection,Turnpike/Toll,Paved,Dry,None, , ,None, , ,N,Y,Work on Shoulder or Median,Activity Area,N,N,0,0,0,0,0,0,0,0,0,0,0,0,0.000000000000000,0.000000000000000,0,1,0,5000,"Mapped, On Network",-81.250121317899996,28.597068518099999,668407.610938000027090,513096.764379000000190,2/7/2020 2:13:18 PM,8588_8118
4795,4796,1,4795,65767,88252562,FHPD19OFF105593,FHP,Long,11/20/2019 0:00:00,04:04 PM,Orlando Expwy Auth,Orange,STATE RD 417,LEE VISTA  BLVD,0,South,Other,1,0,0,0,N,N,N,7500.000000000000000,Clear,Daylight,0,Single Vehicle,S,Property Damage Only,N,Other,Other Non-Collision,On Roadway,Non-Junction,N,Not at Intersection,Turnpike/Toll,Paved,Dry,Obstruction in Roadway, , ,Physical Obstruction(s), , ,N,N, , , , ,0,0,0,0,0,0,0,0,0,0,0,0,0.000000000000000,0.000000000000000,0,0,1500,6000,"Mapped, On Network",-81.243406083699995,28.493123663700000,669320.984293999965303,501570.603600999980699,12/6/2019 4:31:59 PM,6030_6316
4796,4797,1,4796,65807,88267859,FHPD19OFF115526,FHP,Short,12/19/2019 0:00:00,09:30 PM,Unincorporated,Orange,MILE 7.5 SR-528-TOLL,WB SR 528,0, ,Rear End,2,0,0,0,N,N,N,1000.000000000000000,Clear,Dark - Lighted,0,Rear End,W,Property Damage Only,N,Front to Rear,Motor Vehicle in Transport,On Roadway,Non-Junction,N,Not at Intersection,State,Unpaved,Dry,None, , ,None, , ,N,Y,Lane Closure,Transition Area,Y,Y,0,0,0,0,0,0,0,0,0,0,0,0,0.000000000000000,0.000000000000000,0,1,0,1000,"Mapped, On Network",-81.338437793099999,28.450941785900000,660138.894836000050418,496683.155679000017699,2/13/2020 2:59:03 PM,8336_11452
4797,4798,1,4797,65830,88252574,FHPD19OFF109670,FHP,Long,12/3/2019 0:00:00,09:58 AM,Orlando Expwy Auth,Orange,STATE RD 528,NARCOOSSEE RD,100,East,Rear End,2,0,0,1,N,N,N,6500.000000000000000,Clear,Daylight,0,Rear End,W,Injury,N,Front to Rear,Motor Vehicle in Transport,On Roadway,Non-Junction,N,Not at Intersection,Turnpike/Toll,Paved,Dry,None, , ,None, , ,N,N, , , , ,0,0,4,0,0,0,1,1,0,0,0,0,1.000000000000000,0.000000000000000,0,1,0,6500,"Mapped, On Network",-81.258664005100002,28.448694098200001,667940.202029000036418,496604.406064999988303,1/6/2020 3:15:23 PM,6663_8065
4798,4799,1,4798,65847,88249942,FHPD19OFF102887,FHP,Long,11/12/2019 0:00:00,03:55 AM,Unincorporated,Orange,STATE ROAD 417 EXIT RAMP MM26,STATE ROAD 528,0,North,Off Road,1,0,0,0,N,N,N,10000.000000000000000,Clear,Dark - Lighted,0,Off Road,S,Property Damage Only,N,Other,Guardrail Face,On Roadway,Entrance/Exit Ramp,Y,Not at Intersection,State,Paved,Dry,None, , ,None, , ,N,N, , , , ,0,0,0,0,0,0,0,0,0,0,0,0,0.000000000000000,0.000000000000000,0,0,0,10000,"Mapped, On Network",-81.232467822100006,28.460478616900001,670470.838828000007197,497970.014750999980606,1/30/2020 4:54:56 PM,8546_7092
4799,4800,1,4799,65855,88242334,FHPD19OFF106212,FHP,Long,11/22/2019 0:00:00,12:33 PM,Orlando Expwy Auth,Orange,STATE ROAD 417 NB MM17,BOGGY CREEK RD,0,South,Head On,2,0,0,0,N,N,N,5000.000000000000000,Clear,Daylight,0,Head On,N,Property Damage Only,Y,Front to Front,Motor Vehicle in Transport,On Roadway,Non-Junction,N,Not at Intersection,Turnpike/Toll,Paved,Dry,None, , ,None, , ,N,N, , , , ,0,0,0,0,0,0,0,0,0,0,0,0,0.000000000000000,0.000000000000000,0,0,0,5000,"Mapped, On Network",-81.321535429799994,28.367065651299999,661992.970485000056215,487406.120544000004884,2/4/2020 4:27:58 PM,6854_11007
4800,4801,1,4800,65857,88252565,FHPD19OFF106011,FHP,Long,11/21/2019 0:00:00,06:36 PM,Orlando Expwy Auth,Orange,STATE RD 417,BOGGY CREEK RD,5280,South,Rear End,2,0,0,0,N,N,N,9500.000000000000000,Clear,Dark - Lighted,0,Rear End,S,Property Damage Only,N,Front to Rear,Motor Vehicle in Transport,On Roadway,Non-Junction,N,Not at Intersection,Turnpike/Toll,Paved,Dry,None, , ,None, , ,N,N, , , , ,0,0,1,0,0,0,0,0,0,0,0,0,0.000000000000000,0.000000000000000,0,1,0,9500,"Mapped, On Network",-81.286953793199999,28.375558077299999,665354.269085000036284,488422.979853000026196,1/31/2020 4:33:24 PM,8478_6486
4801,4802,1,4801,65865,89219391,2019-00430063,Orlando PD,Long,11/21/2019 0:00:00,05:59 PM,Orlando,Orange,SR 528 EBO,GOLDENROD RD,100,West,Rear End,3,0,0,0,N,N,N,4000.000000000000000,Clear,Dark - Lighted,0,Rear End,E,Property Damage Only,Y,Front to Rear,Motor Vehicle in Transport,On Roadway,Non-Junction,N,Not at Intersection,State,Paved,Dry,None, , ,None, , ,N,N, , , , ,0,0,0,0,0,0,0,0,0,0,0,0,0.000000000000000,0.000000000000000,0,0,0,4000,"Mapped, On Network",-81.287355816200005,28.449272052200001,665134.886183999944478,496606.560101000010036,2/4/2020 5:23:23 PM,8186_8176
4802,4803,1,4802,65891,88221989,FHPD19OFF107472,FHP,Long,11/26/2019 0:00:00,06:30 AM,Orlando Expwy Auth,Orange,SR 417 (CENTRAL FLORIDA GREENEWAY),MM8,300,North,Sideswipe,2,0,0,0,N,N,N,6000.000000000000000,Clear,Daylight,0,Same Direction Sideswipe,S,Property Damage Only,N,"Sideswipe, Same Direction",Motor Vehicle in Transport,On Roadway,Non-Junction,N,Not at Intersection,Turnpike/Toll,Paved,Dry,None, , ,None, , ,N,N, , , , ,0,0,0,0,0,0,0,0,0,0,0,0,0.000000000000000,0.000000000000000,0,0,0,6000,"Mapped, On Network",-81.441496028700001,28.360107117399998,650276.826968000037596,486384.333527999988291,2/7/2020 2:19:58 PM,8292_6975
4803,4804,1,4803,65900,88242336,FHPD19OFF107597,FHP,Short,11/26/2019 0:00:00,01:02 PM,Orlando Expwy Auth,Orange,STATE ROAD 408 EB MM16,STATE ROAD 551,5280,West,Rear End,2,0,0,0,N,N,N,2500.000000000000000,Clear,Daylight,0,Rear End,E,Property Damage Only,Y,Front to Rear,Motor Vehicle in Transport,On Roadway,Non-Junction,N,Not at Intersection,Turnpike/Toll,Paved,Dry,None, , ,None, , ,N,N, , , , ,0,0,2,0,0,0,0,0,0,0,0,0,0.000000000000000,0.000000000000000,0,1,0,2500,"Mapped, Not On Network",-81.301737729999999,28.539505689399999,663510.163718999945559,506594.325147999974433,2/6/2020 9:14:02 PM,6235_6881
4804,4805,1,4804,65912,88252564,FHPD19OFF105652,FHP,Short,11/20/2019 0:00:00,05:53 PM,Orlando Expwy Auth,Orange,STATE RD 417,STATE RD 528,0,North,Rear End,2,0,0,0,N,N,N,5500.000000000000000,Clear,Dusk,0,Rear End,S,Property Damage Only,N,Front to Rear,Motor Vehicle in Transport,On Roadway,Non-Junction,N,Not at Intersection,Turnpike/Toll,Paved,Dry,None, , ,None, , ,N,N, , , , ,0,0,0,0,0,0,0,0,0,0,0,0,0.000000000000000,0.000000000000000,0,1,0,5500,"Mapped, On Network",-81.230663217800000,28.455015279700000,670660.797813000041060,497367.388443999981973,2/4/2020 4:16:18 PM,7991_7999
4805,4806,1,4805,65950,88217783,FHPD19OFF115667,FHP,Long,12/20/2019 0:00:00,10:30 AM,Orlando Expwy Auth,Orange,SR-417 (MM12),LANDSTAR BLVD,5280,South,Rear End,2,0,0,1,N,N,N,4000.000000000000000,Clear,Daylight,0,Rear End,N,Injury,N,Front to Rear,Motor Vehicle in Transport,On Roadway,Non-Junction,N,Not at Intersection,Turnpike/Toll,Paved,Dry,None, , ,None, , ,N,N, , , , ,0,0,0,0,0,0,0,1,0,0,0,0,0.000000000000000,0.000000000000000,0,1,0,4000,"Mapped, On Network",-81.380963870200006,28.368039193800001,656178.588553000008687,487389.353929999982938,12/27/2019 10:54:11 AM,6167_9178
4806,4807,1,4806,65980,88221994,FHPD19OFF110169,FHP,Long,12/4/2019 0:00:00,06:00 PM,Orlando Expwy Auth,Orange,SR 408,MM 23,300,West,Rear End,2,0,0,0,N,Y,N,5000.000000000000000,Clear,Dark - Lighted,0,Rear End,E,Property Damage Only,N,Front to Rear,Motor Vehicle in Transport,On Roadway,Non-Junction,N,Not at Intersection,Turnpike/Toll,Paved,Dry,None, , ,None, , ,N,N, , , , ,0,0,0,0,0,0,0,0,0,0,0,0,0.000000000000000,0.000000000000000,0,1,0,5000,"Mapped, On Network",-81.191556724199998,28.553627617899998,674232.814948000013828,508402.492230999981984,1/6/2020 3:58:11 PM,6970_8174
4807,4808,1,4807,66012,89218601,2019-00429155,Orlando PD,Long,11/21/2019 0:00:00,05:00 AM,Orlando,Orange,SR 408 WBO,SR 400 WBO,0, ,Rear End,2,0,0,0,N,N,N,1500.000000000000000,Clear,Dark - Lighted,0,Rear End,W,Property Damage Only,Y,Front to Front,Motor Vehicle in Transport,On Roadway,Entrance/Exit Ramp,Y,Not at Intersection,Interstate,Paved,Dry,Work Zone, , ,None, , ,N,Y,Other,Activity Area,N,N,0,0,1,0,0,0,0,0,0,0,0,0,0.000000000000000,0.000000000000000,0,0,0,1500,"Mapped, On Network",-81.383946223500004,28.535284367199999,655492.915167000028305,505952.632656999980099,2/4/2020 5:29:47 PM,8274_8272
4808,4809,1,4808,66020,89220799,2019-00426723,Orlando PD,Long,11/19/2019 0:00:00,09:05 AM,Orlando,Orange,SR408,S CRYSTAL LAKE DR,300,West,Rear End,3,0,0,1,N,N,N,9000.000000000000000,Clear,Daylight,0,Rear End,W,Injury,Y,Front to Rear,Motor Vehicle in Transport,On Roadway,Non-Junction,N,Not at Intersection,State,Paved,Dry,None, , ,None, , ,N,N, , , , ,0,0,0,0,0,0,0,0,1,0,0,0,1.000000000000000,0.000000000000000,0,0,0,9000,"Mapped, On Network",-81.344490235400002,28.538467686200001,659338.120606999960728,506388.441503999987617,1/31/2020 4:20:58 PM,8353_6185
4809,4810,1,4809,66021,89221264,2019-00426717,Orlando PD,Long,11/19/2019 0:00:00,08:59 AM,Orlando,Orange,SR 408 WEST,INTERSTATE 4 (SR 400) EAST EXIT RAMP,1000,East,Rear End,2,0,0,0,N,N,N,5000.000000000000000,Clear,Daylight,0,Rear End,W,Property Damage Only,Y,Front to Rear,Motor Vehicle in Transport,On Roadway,Non-Junction,N,Not at Intersection,State,Paved,Dry,None, , ,None, , ,N,N, , , , ,0,0,0,0,0,0,0,0,0,0,0,0,0.000000000000000,0.000000000000000,0,0,0,5000,"Mapped, On Network",-81.372036241800004,28.537220615599999,656651.327516000019386,506192.347851999977138,2/7/2020 4:20:49 PM,8313_6737
4810,4811,1,4810,66036,88196314,FHPD19OFF091570,FHP,Long,10/8/2019 0:00:00,02:57 PM,Orlando Expwy Auth,Orange,STATE ROAD 528 WB MM30,STATE ROAD 520,2640,West,Rollover,1,0,0,1,N,N,N,6000.000000000000000,Rain,Daylight,0,Rollover,W,Injury,N,Other,Overturn/Rollover,Shoulder,Non-Junction,N,Not at Intersection,Turnpike/Toll,Paved,Wet,"Worn, Travel-Polished Surface",Road Surface Condition, ,Weather Conditions, , ,N,N, , , , ,0,0,0,0,0,0,0,0,1,0,0,0,1.000000000000000,0.000000000000000,0,0,0,6000,"Mapped, On Network",-81.002916675899996,28.452581454400001,692921.930994000053033,497617.604173999978229,1/28/2020 10:49:27 AM,8091_5943
4811,4812,1,4811,66059,88124035,FHPD19OFF051504,FHP,Long,6/6/2019 0:00:00,08:17 PM,Orlando Expwy Auth,Orange,STATE ROAD 429 NORTHBOUND,MILE MARKER 24,528,North,Off Road,2,0,1,3,N,Y,N,15000.000000000000000,Cloudy,Dark - Lighted,0,Off Road,N,Fatality,N,Other,Ditch,Off Roadway,Non-Junction,N,Not at Intersection,Turnpike/Toll,Paved,Dry,None, , ,None, , ,N,N, , , , ,0,0,4,0,0,0,1,0,2,1,1,0,3.000000000000000,0.000000000000000,0,1,0,15000,"Mapped, On Network",-81.558904147600003,28.562500915600001,638348.397816000040621,508624.223279999976512,2/10/2020 2:56:35 PM,8500_8421
4812,4813,1,4812,66137,88149650,FHPD19OFF058409,FHP,Long,6/28/2019 0:00:00,04:43 AM,Orlando,Orange,STATE ROAD 417 (CENTRAL FLORIDA GREENEWAY),STATE ROAD 552 (CURRY FORD ROAD),2640,South,Rear End,2,0,1,0,N,N,N,19000.000000000000000,Cloudy,Dark - Lighted,0,Rear End,S,Fatality,N,Front to Rear,Motor Vehicle in Transport,On Roadway,Non-Junction,N,Not at Intersection,State,Paved,Dry,None, , ,None, , ,N,N, , , , ,0,0,4,0,0,0,0,0,0,0,1,0,0.000000000000000,0.000000000000000,1,2,0,19000,"Mapped, On Network",-81.244868824700006,28.503189157600001,669153.124387999996543,502684.966078000026755,1/27/2020 4:44:39 PM,8559_6030
4813,4814,1,4813,66171,89223081,2019-00475744,Orlando PD,Long,12/31/2019 0:00:00,09:07 AM,Orlando,Orange,SR 408 EBO,S WESTMORELAND DR,400,East,Sideswipe,2,0,0,0,N,N,N,20000.000000000000000,Clear,Daylight,0,Same Direction Sideswipe,E,Property Damage Only,Y,"Sideswipe, Same Direction",Motor Vehicle in Transport,On Roadway,Entrance/Exit Ramp,N,Not at Intersection,State,Paved,Dry,None, , ,None, , ,N,N, , , , ,0,0,0,0,0,0,0,0,0,0,0,0,0.000000000000000,0.000000000000000,0,1,10000,10000,"Mapped, On Network",-81.391864268899994,28.535019026400001,654720.349990000016987,505906.791158000007272,2/14/2020 1:24:13 PM,8267_6679
4814,4815,1,4814,66172,89819448,2019-00469765,Orlando PD,Long,12/25/2019 0:00:00,08:46 PM,Orlando,Orange,SR 408 W,INTERSTATE 4,1000,East,Other,1,0,0,0,N,Y,N,10000.000000000000000,Cloudy,Dark - Lighted,0,Single Vehicle,W,Property Damage Only,Y,Other,Motor Vehicle in Transport,On Roadway,Entrance/Exit Ramp,N,Not at Intersection,State,Paved,Dry,None, , ,None, , ,N,N, , , , ,0,0,0,0,0,0,0,0,0,0,0,0,0.000000000000000,0.000000000000000,0,0,0,10000,"Mapped, On Network",-81.375740420699998,28.536743748599999,656290.752807999961078,506131.696975000028033,1/29/2020 12:53:01 PM,6737_6230
4815,4816,1,4815,66187,89221520,2019-00447788,Orlando PD,Short,12/6/2019 0:00:00,03:30 PM,Orlando,Orange,STATE ROAD 408,S MILLS AVE,0, ,Rear End,2,0,0,0,N,N,N,500.000000000000000,Clear,Daylight,0,Rear End,E,Property Damage Only,Y,Front to Rear,Motor Vehicle in Transport,On Roadway,Non-Junction,N,Not at Intersection,State,Paved,Dry,None,None,None,None,None,None,N,N, , , , ,0,0,1,0,0,0,0,0,0,0,0,0,0.000000000000000,0.000000000000000,0,0,0,500,"Mapped, On Network",-81.367997455400001,28.537056425599999,657046.091447000042535,506182.530029000015929,2/10/2020 4:27:57 PM,8305_8315
4816,4817,1,4816,66198,88266471,FHPD19OFF117397,FHP,Long,12/25/2019 0:00:00,12:36 AM,Unincorporated,Orange,STATE ROAD 417 (CENTRAL FLORIDA GREENEWAY),UNIVERSITY BOUEVARD,2640,South,Sideswipe,2,0,0,0,N,N,N,12000.000000000000000,Cloudy,Dark - Lighted,0,Same Direction Sideswipe,S,Property Damage Only,N,"Sideswipe, Same Direction",Motor Vehicle in Transport,On Roadway,Non-Junction,N,Not at Intersection,Turnpike/Toll,Paved,Wet,None, , ,None, , ,N,N, , , , ,0,0,1,0,0,0,0,0,0,0,0,0,0.000000000000000,0.000000000000000,0,1,0,12000,"Mapped, On Network",-81.254760313999995,28.588563178899999,667975.913215999957174,512142.346031000022776,1/21/2020 10:13:37 AM,8456_6789
4817,4818,1,4817,66200,88137158,FHPD19OFF117500,FHP,Long,12/25/2019 0:00:00,03:45 PM,Orlando,Orange,SR-408 / MILE 18  EB,DEAN RD,1320,West,Off Road,1,0,0,2,N,N,N,16500.000000000000000,Clear,Daylight,0,Off Road,E,Injury,N,Other,Guardrail Face,Off Roadway,Non-Junction,N,Not at Intersection,State,Paved,Dry,None, , ,None, , ,N,N, , , , ,0,0,1,0,0,0,0,2,0,0,0,0,0.000000000000000,0.000000000000000,0,0,1500,15000,"Mapped, On Network",-81.252317239700005,28.547560524400001,668315.807876999955624,507595.212908999994397,2/13/2020 1:55:29 PM,8013_8024
4818,4819,1,4818,66232,87214533,FHPD19OFF078791,FHP,Long,8/30/2019 0:00:00,12:35 AM,Orlando,Orange,SR-408 EAST-WEST EXPY WB,KIRKMAN RD,5280,East,Rear End,2,0,0,0,N,N,N,1500.000000000000000,Clear,Dark - Lighted,0,Rear End,W,Property Damage Only,N,Front to Rear,Motor Vehicle in Transport,On Roadway,Non-Junction,N,Not at Intersection,State,Paved,Dry,None, , ,None, , ,N,N, , , , ,0,0,0,0,0,0,0,0,0,0,0,0,0.000000000000000,0.000000000000000,0,0,0,1500,"Mapped, Not On Network",-81.456990000000005,28.548830049399999,648329.211315999971703,507307.414382999995723,7/8/2020 4:21:41 PM,8208_8205
4819,4820,1,4819,66247,87214521,FHPD19OFF065550,FHP,Long,7/20/2019 0:00:00,04:15 PM,Orlando,Orange,SR-408 MILE 7 EAST-WEST EXPY,JOHN YOUNG PARKWAY,5280,West,Rear End,2,0,0,0,N,N,N,1520.000000000000000,Clear,Daylight,0,Rear End,E,Property Damage Only,N,Front to Rear,Motor Vehicle in Transport,On Roadway,Non-Junction,N,Not at Intersection,State,Paved,Dry,None, , ,None, , ,N,N, , , , ,0,0,0,0,0,0,0,0,0,0,0,0,0.000000000000000,0.000000000000000,0,0,0,1520,"Mapped, Not On Network",-81.427040000000005,28.545770049400002,651260.547385000041686,507028.325683999981266,7/7/2020 4:03:46 PM,6014_8237
4820,4821,1,4820,66282,88910633,2019-00068460,Orlando PD,Long,2/20/2019 0:00:00,08:05 AM,Orlando,Orange,EW EBO,S JOHN YOUNG PK,0,West,Rear End,2,0,0,1,N,N,N,6000.000000000000000,Clear,Daylight,0,Rear End,E,Injury,Y,Front to Rear,Motor Vehicle in Transport,On Roadway,Non-Junction,N,Not at Intersection,Local,Paved,Dry,None,None,None,None,None,None,N,N, , , , ,0,0,0,0,0,0,0,1,0,0,0,0,0.000000000000000,0.000000000000000,0,0,0,6000,"Mapped, On Network",-81.413696695300004,28.542446117499999,652571.129117000033148,506686.523135000024922,5/5/2020 3:50:41 PM,8219_8213
4821,4822,1,4821,66288,88192411,FHPD19OFF108152,FHP,Long,11/28/2019 0:00:00,12:25 AM,Orlando,Orange,STATE ROAD 417 NORTHBOUND,MM 22 (NARCOOSEE ROAD),0, ,Rear End,2,0,0,1,N,Y,N,15000.000000000000000,Clear,Dark - Lighted,0,Rear End,N,Injury,N,Front to Rear,Motor Vehicle in Transport,On Roadway,Non-Junction,N,Not at Intersection,Turnpike/Toll,Paved,Dry,None, , ,None, , ,N,N, , , , ,0,0,4,0,0,0,0,1,0,0,0,0,0.000000000000000,0.000000000000000,0,3,0,15000,"Mapped, Not On Network",-81.233599999999996,28.406330049000001,670495.104643000056967,491955.492205000016838,5/22/2020 2:26:20 PM,8598_8531
4822,4823,1,4822,66316,87250680,FHPD19OFF055406,FHP,Short,6/19/2019 0:00:00,08:30 AM,Unincorporated,Orange,SR408,MM20,0, ,Angle,2,0,0,0,N,N,N,2500.000000000000000,Clear,Daylight,0,Right Angle,NW,Property Damage Only,N,Front to Rear,Motor Vehicle in Transport,On Roadway,Non-Junction,N,Not at Intersection,State,Curb,Dry,None, , ,None, , ,N,N, , , , ,0,0,0,0,0,0,0,0,0,0,0,0,0.000000000000000,0.000000000000000,0,1,0,2500,"Mapped, Not On Network",-81.218850000000003,28.547620049399999,671583.239821000024676,507675.085490000026766,5/6/2020 3:14:10 PM,8077_8070
4823,4824,1,4823,66357,85579109,FHPD19OFF099204,FHP,Long,10/31/2019 0:00:00,09:44 AM,Orlando,Orange,STATE ROAD 528 WEST BOUND,INNOVATION WAY EXIT RAMP,7920,East,Off Road,1,0,0,0,N,N,N,16000.000000000000000,Clear,Daylight,0,Off Road,W,Property Damage Only,N,Other,Cable Barrier,Median,Non-Junction,N,Not at Intersection,State,Unpaved,Dry,None, , ,None, , ,N,N, , , , ,0,0,0,0,0,0,0,0,0,0,0,0,0.000000000000000,0.000000000000000,0,0,1000,15000,"Mapped, Not On Network",-81.159509999999997,28.451490049099998,677622.751657000044361,497134.171647000010125,5/5/2020 4:56:45 PM,8095_8101